"nusselt","time","episode"
"3.903240309704904","1.5","0"
"3.899815256558578","3","0"
"3.8973074780878036","4.5","0"
"3.899831775606422","6","0"
"3.9030878981125343","7.5","0"
"3.90176045236222","9","0"
"3.8982662062230387","10.5","0"
"3.898465369837608","12","0"
"3.901916292436218","13.5","0"
"3.902874085531009","15","0"
"3.8999193577280087","16.5","0"
"3.898099769024009","18","0"
"3.9003856312294105","19.5","0"
"3.902898396582553","21","0"
"3.9015531850638028","22.5","0"
"3.898756167415688","24","0"
"3.8991859743397743","25.5","0"
"3.9020359776130484","27","0"
"3.902573625868341","28.5","0"
"3.900051198430611","30","0"
"3.898764582779684","31.5","0"
"3.9007995424659487","33","0"
"3.902715440335679","34.5","0"
"3.9014126173170567","36","0"
"3.8991925196228823","37.5","0"
"3.8997594658120867","39","0"
"3.9020958202014637","40.5","0"
"3.9023292686323123","42","0"
"3.900197376420021","43.5","0"
"3.899318438402673","45","0"
"3.901104989010985","46.5","0"
"3.9025455746550217","48","0"
"3.90132191839399","49.5","0"
"3.899577444605657","51","0"
"3.9002145188281605","52.5","0"
"3.9021132742897513","54","0"
"3.902135403580259","55.5","0"
"3.900347917931503","57","0"
"3.8997778549408184","58.5","0"
"3.9013281519969496","60","0"
"3.9023925397023556","61.5","0"
"3.9012704911695706","63","0"
"3.8999131241250486","64.5","0"
"3.900572639318208","66","0"
"3.9021033005250154","67.5","0"
"3.9019820569474453","69","0"
"3.900497212722393","70.5","0"
"3.9001559229603373","72","0"
"3.9014864855121316","73.5","0"
"3.902257893878421","75","0"
"3.901248050198915","76.5","0"
"3.9002042333832767","78","0"
"3.900852839771256","79.5","0"
"3.9020768077124357","81","0"
"3.9018639301713547","82.5","0"
"3.900639650550027","84","0"
"3.900466668067889","85.5","0"
"3.9015980670051142","87","0"
"3.902141637183219","88.5","0"
"3.901246491798175","90","0"
"3.9004538891818217","91.5","0"
"3.901070080834409","93","0"
"3.902040029454972","94.5","0"
"3.901773231248288","96","0"
"3.9007733613335174","97.5","0"
"3.900719752348062","99","0"
"3.901673493600929","100.5","0"
"3.90204189953586","102","0"
"3.9012589590040947","103.5","0"
"3.9006670784030506","105","0"
"3.901238076434179","106.5","0"
"3.901998887675437","108","0"
"3.9017068433767648","109.5","0"
"3.9008955399515317","111","0"
"3.900924837885443","112.5","0"
"3.9017218040238686","114","0"
"3.9019586809363456","115.5","0"
"3.9012817116548986","117","0"
"3.9008469178484444","118.5","0"
"3.9013655536147094","120","0"
"3.9019571225356056","121.5","0"
"3.9016585329538254","123","0"
"3.90100618640407","124.5","0"
"3.901090651724177","126","0"
"3.901750790277632","127.5","0"
"3.9018901113037865","129","0"
"3.901310386228514","130.5","0"
"3.900999641120962","132","0"
"3.901462174460588","133.5","0"
"3.90191598075607","135","0"
"3.9016254948581377","136.5","0"
"3.901104989010985","138","0"
"3.9012231157870754","139.5","0"
"3.901766374285032","141","0"
"3.901834008877147","142.5","0"
"3.9013418659234618","144","0"
"3.9011261832610487","145.5","0"
"3.901533860894627","147","0"
"3.9018776440978664","148.5","0"
"3.901603677247778","150","0"
"3.9011922594524235","151.5","0"
"3.901328775357246","153","0"
"3.901771984527696","154.5","0"
"3.9017891269358356","156","0"
"3.9013752156992973","157.5","0"
"3.901232154511367","159","0"
"3.901587158199934","160.5","0"
"3.9018430476014387","162","0"
"3.9015908983617105","163.5","0"
"3.9012689327688306","165","0"
"3.9014126173170567","166.5","0"
"3.9017713611674","168","0"
"3.9017532837188162","169.5","0"
"3.901408565475133","171","0"
"3.901319424952806","172.5","0"
"3.9016254948581377","174","0"
"3.9018125029469353","175.5","0"
"3.9015843530786025","177","0"
"3.901335320640354","178.5","0"
"3.9014783818282837","180","0"
"3.901765750924736","181.5","0"
"3.9017252325054965","183","0"
"3.90144004517008","184.5","0"
"3.9013917347471407","186","0"
"3.9016519876707174","187.5","0"
"3.9017863218145035","189","0"
"3.9015824829977146","190.5","0"
"3.901392669787585","192","0"
"3.901529809052703","193.5","0"
"3.901759205641628","195","0"
"3.9017040382554327","196.5","0"
"3.901469966464288","198","0"
"3.9014503306149644","199.5","0"
"3.9016710001597454","201","0"
"3.901763257483552","202.5","0"
"3.9015843530786025","204","0"
"3.90144160357082","205.5","0"
"3.9015693924314987","207","0"
"3.90174954355704","208.5","0"
"3.901687830887737","210","0"
"3.9014973943173117","211.5","0"
"3.9014983293577554","213","0"
"3.901683155685517","214.5","0"
"3.901744244994524","216","0"
"3.901588716600674","217.5","0"
"3.9014827453503558","219","0"
"3.9015996254058543","220.5","0"
"3.901740816512896","222","0"
"3.901675987042113","223.5","0"
"3.9015223287291514","225","0"
"3.901536977696107","226.5","0"
"3.9016909476892168","228","0"
"3.9017280376268286","229.5","0"
"3.9015946385234863","231","0"
"3.901518276887227","232.5","0"
"3.901623001416954","234","0"
"3.9017317777886045","235.5","0"
"3.9016678833582654","237","0"
"3.901544769699807","238.5","0"
"3.9015681457109066","240","0"
"3.901695311211289","241.5","0"
"3.9017152587407606","243","0"
"3.9016011838065943","244.5","0"
"3.901547263140991","246","0"
"3.9016404555052415","247.5","0"
"3.9017233624246086","249","0"
"3.901662273115601","250.5","0"
"3.9015647172292787","252","0"
"3.901593391802894","253.5","0"
"3.901697181292177","255","0"
"3.9017043499355806","256.5","0"
"3.901608664130146","258","0"
"3.9015721975528304","259.5","0"
"3.9016532343913095","261","0"
"3.9017152587407606","262.5","0"
"3.9016585329538254","264","0"
"3.9015821713175662","265.5","0"
"3.901613027652218","267","0"
"3.901697804652473","268.5","0"
"3.9016959345715847","270","0"
"3.90161583277355","271.5","0"
"3.901592145082302","273","0"
"3.9016628964758975","274.5","0"
"3.9017084017775048","276","0"
"3.9016566628729374","277.5","0"
"3.90159713196467","279","0"
"3.9016286116596177","280.5","0"
"3.901696557931881","282","0"
"3.901689389288477","283.5","0"
"3.901623001416954","285","0"
"3.9016092874904422","286.5","0"
"3.9016694417590054","288","0"
"3.9017021681745447","289.5","0"
"3.9016560395126416","291","0"
"3.901610534211034","292.5","0"
"3.9016407671853894","294","0"
"3.901695311211289","295.5","0"
"3.901684090725961","297","0"
"3.901629546700062","298.5","0"
"3.902669623353924","1.5","1"
"3.900018783695219","3","1"
"3.898551705238603","4.5","1"
"3.900653676156687","6","1"
"3.902766244199803","7.5","1"
"3.901464044541476","9","1"
"3.899058808839392","10.5","1"
"3.8995677825210695","12","1"
"3.902064963866812","13.5","1"
"3.9024078120296073","15","1"
"3.9001574813610773","16.5","1"
"3.8991395339977233","18","1"
"3.90099527759889","19.5","1"
"3.9025935733978128","21","1"
"3.9013562032102693","22.5","1"
"3.899457759428827","24","1"
"3.900061172195347","25.5","1"
"3.9020973786022033","27","1"
"3.902197116249562","28.5","1"
"3.9003045943909314","30","1"
"3.8996282484697806","31.5","1"
"3.901245556757731","33","1"
"3.902435863242927","34.5","1"
"3.901291373739486","36","1"
"3.8998071528747302","37.5","1"
"3.9004501490200454","39","1"
"3.9020973786022033","40.5","1"
"3.9020309907306805","42","1"
"3.9004526424612296","43.5","1"
"3.9000312509011392","45","1"
"3.9014260195634205","46.5","1"
"3.9022962305366247","48","1"
"3.901258023963651","49.5","1"
"3.900111352699174","51","1"
"3.9007552838849335","52.5","1"
"3.902077431072732","54","1"
"3.901901331789114","55.5","1"
"3.9005957036491594","57","1"
"3.9003628785786066","58.5","1"
"3.9015534967439507","60","1"
"3.9021743635987587","61.5","1"
"3.901248050198915","63","1"
"3.9003728523433425","64.5","1"
"3.900993407518002","66","1"
"3.902044704657192","67.5","1"
"3.9018019058219036","69","1"
"3.9007309728333897","70.5","1"
"3.900633728627215","72","1"
"3.901641078865538","73.5","1"
"3.90206995074918","75","1"
"3.9012555305224668","76.5","1"
"3.9005963270094557","78","1"
"3.901176675445024","79.5","1"
"3.902005744638693","81","1"
"3.9017271025863844","82.5","1"
"3.900855644892588","84","1"
"3.900854086491848","85.5","1"
"3.901698428012769","87","1"
"3.9019820569474453","88.5","1"
"3.9012739196511985","90","1"
"3.900786763579881","91.5","1"
"3.901317866552066","93","1"
"3.9019646028591572","94.5","1"
"3.901672246880337","96","1"
"3.9009690964664587","97.5","1"
"3.9010320558563536","99","1"
"3.9017345829099366","100.5","1"
"3.9019085004325182","102","1"
"3.9013001007836303","103.5","1"
"3.900947278856099","105","1"
"3.9014241494825326","106.5","1"
"3.90192377275977","108","1"
"3.901634221902282","109.5","1"
"3.9010710158748534","111","1"
"3.901175428724432","112.5","1"
"3.901755153799704","114","1"
"3.9018480344838067","115.5","1"
"3.901330333757986","117","1"
"3.901081924680033","118.5","1"
"3.9015048746408634","120","1"
"3.90188481274127","121.5","1"
"3.90160804076985","123","1"
"3.90116171479792","124.5","1"
"3.901289503658598","126","1"
"3.901764192523996","127.5","1"
"3.9018000357410156","129","1"
"3.9013618134529335","130.5","1"
"3.9011941295333115","132","1"
"3.9015637821888345","133.5","1"
"3.901849281204399","135","1"
"3.901592145082302","136.5","1"
"3.901241504915807","138","1"
"3.9013802025816653","139.5","1"
"3.901765750924736","141","1"
"3.901760764042368","142.5","1"
"3.901395163228769","144","1"
"3.9012870102174144","145.5","1"
"3.901607105729406","147","1"
"3.901817489829303","148.5","1"
"3.9015831063580104","150","1"
"3.901310386228514","151.5","1"
"3.901451577335556","153","1"
"3.90176201076296","154.5","1"
"3.9017302193878645","156","1"
"3.9014266429237163","157.5","1"
"3.9013636835338215","159","1"
"3.9016379620640578","160.5","1"
"3.9017900619762798","162","1"
"3.9015796778763825","163.5","1"
"3.9013702288169294","165","1"
"3.9015083031224913","166.5","1"
"3.90175577716","168","1"
"3.9017068433767648","169.5","1"
"3.9014571875782202","171","1"
"3.9014266429237163","172.5","1"
"3.9016594679942695","174","1"
"3.901765750924736","175.5","1"
"3.9015799895565304","177","1"
"3.9014213443612005","178.5","1"
"3.901551314982915","180","1"
"3.901747673476152","181.5","1"
"3.901688454248033","183","1"
"3.9014849271113916","184.5","1"
"3.9014783818282837","186","1"
"3.901673493600929","187.5","1"
"3.901745491715116","189","1"
"3.9015834180381583","190.5","1"
"3.90146497958192","192","1"
"3.9015846647587504","193.5","1"
"3.9017383230717124","195","1"
"3.901675675361965","196.5","1"
"3.9015101732033792","198","1"
"3.901519835287967","199.5","1"
"3.901683155685517","201","1"
"3.9017283493069765","202.5","1"
"3.901588716600674","204","1"
"3.9015023811996796","205.5","1"
"3.901610534211034","207","1"
"3.9017295960275686","208.5","1"
"3.9016660132773775","210","1"
"3.901533237534331","211.5","1"
"3.9015531850638028","213","1"
"3.901688454248033","214.5","1"
"3.901714635380465","216","1"
"3.9015949502036342","217.5","1"
"3.901533237534331","219","1"
"3.901629546700062","220.5","1"
"3.9017208689834244","222","1"
"3.9016594679942695","223.5","1"
"3.9015538084240986","225","1"
"3.9015799895565304","226.5","1"
"3.9016909476892168","228","1"
"3.901703414895137","229.5","1"
"3.901602118847038","231","1"
"3.9015597303469107","232.5","1"
"3.9016435723067215","234","1"
"3.901713076979725","235.5","1"
"3.9016554161523453","237","1"
"3.9015721975528304","238.5","1"
"3.90160180716689","240","1"
"3.901691882729661","241.5","1"
"3.9016943761708447","243","1"
"3.9016092874904422","244.5","1"
"3.9015809245969746","246","1"
"3.9016544811119016","247.5","1"
"3.9017059083363206","249","1"
"3.9016529227111616","250.5","1"
"3.9015880932403784","252","1"
"3.901618326214734","253.5","1"
"3.901691882729661","255","1"
"3.901686895847293","256.5","1"
"3.90161583277355","258","1"
"3.9015993137257063","259.5","1"
"3.9016619614354533","261","1"
"3.9016993630532126","262.5","1"
"3.9016519876707174","264","1"
"3.90160180716689","265.5","1"
"3.9016320401412456","267","1"
"3.901690636009069","268.5","1"
"3.901680973924481","270","1"
"3.9016223780566577","271.5","1"
"3.90161427437281","273","1"
"3.9016678833582654","274.5","1"
"3.901694064490697","276","1"
"3.9016519876707174","277.5","1"
"3.901613339332366","279","1"
"3.9016420139059815","280.5","1"
"3.901689389288477","282","1"
"3.901676922082557","283.5","1"
"3.901629235019914","285","1"
"3.9016258065382856","286.5","1"
"3.9016710001597454","288","1"
"3.901689389288477","289.5","1"
"3.9016519876707174","291","1"
"3.901623313097102","292.5","1"
"3.9016504292699774","294","1"
"3.901686895847293","295.5","1"
"3.901673493600929","297","1"
"3.90163453358243","298.5","1"
"3.90012444326539","1.5","2"
"3.9030205752005673","3","2"
"3.9016205079757698","4.5","2"
"3.8984444872676924","6","2"
"3.8988103997614396","7.5","2"
"3.9020069913592845","9","2"
"3.902720115537899","10.5","2"
"3.8999274614118566","12","2"
"3.8983902549219414","13.5","2"
"3.9006075474947837","15","2"
"3.9028260867882176","16.5","2"
"3.901448460534076","18","2"
"3.898920111173534","19.5","2"
"3.8994636813516386","21","2"
"3.9020905216389474","22.5","2"
"3.9024449019672187","24","2"
"3.9000748861218586","25.5","2"
"3.899009251695861","27","2"
"3.9009666030252745","28.5","2"
"3.902643442221492","30","2"
"3.9013362556807976","31.5","2"
"3.8993405676931805","33","2"
"3.89998138207746","34.5","2"
"3.9021241830949314","36","2"
"3.902223297381994","37.5","2"
"3.9002307261958564","39","2"
"3.899523523940054","40.5","2"
"3.901229037709887","42","2"
"3.9024773167026106","43.5","2"
"3.9012679977283864","45","2"
"3.8997092853082593","46.5","2"
"3.9003912414720743","48","2"
"3.902123248054487","49.5","2"
"3.90204813313882","51","2"
"3.9003868779500026","52.5","2"
"3.89994865566192","54","2"
"3.901418539239869","55.5","2"
"3.9023292686323123","57","2"
"3.901234024592255","58.5","2"
"3.900030004180547","60","2"
"3.900711960344362","61.5","2"
"3.9021017421242754","63","2"
"3.90191130555385","64.5","2"
"3.9005383545019283","66","2"
"3.9002971140673797","67.5","2"
"3.901551314982915","69","2"
"3.9022014797716342","70.5","2"
"3.901224362507667","72","2"
"3.9003055294313755","73.5","2"
"3.900962239503203","75","2"
"3.9020668339477","76.5","2"
"3.9018075160645673","78","2"
"3.9006811040097107","79.5","2"
"3.9005823014027956","81","2"
"3.9016432606265736","82.5","2"
"3.902090833319096","84","2"
"3.901232154511367","85.5","2"
"3.9005414713034083","87","2"
"3.9011545461545163","88.5","2"
"3.9020247571277205","90","2"
"3.9017292843474203","91.5","2"
"3.9008126330321646","93","2"
"3.9008141914329046","94.5","2"
"3.901703414895137","96","2"
"3.9019982643151407","97.5","2"
"3.901252102040839","99","2"
"3.9007418816385697","100.5","2"
"3.9013019708645182","102","2"
"3.901981433587149","103.5","2"
"3.901672246880337","105","2"
"3.900932941569291","106.5","2"
"3.901001199521702","108","2"
"3.901740816512896","109.5","2"
"3.901921279318586","111","2"
"3.9012795298938623","112.5","2"
"3.9009105005986355","114","2"
"3.9014147990780925","115.5","2"
"3.9019377983664296","117","2"
"3.9016320401412456","118.5","2"
"3.9010401595402016","120","2"
"3.901151741033184","121.5","2"
"3.901761699082812","123","2"
"3.9018580082485426","124.5","2"
"3.901311944629254","126","2"
"3.9010520033858254","127.5","2"
"3.9014983293577554","129","2"
"3.9018972799471903","130.5","2"
"3.901604612288222","132","2"
"3.901135845345636","133.5","2"
"3.9012720495703106","135","2"
"3.901770737807104","136.5","2"
"3.9018065810241236","138","2"
"3.9013462294455334","139.5","2"
"3.901170441842064","141","2"
"3.901560665387355","142.5","2"
"3.9018598783294305","144","2"
"3.9015880932403784","145.5","2"
"3.901219375625299","147","2"
"3.9013674236955973","148.5","2"
"3.9017726078879917","150","2"
"3.901765750924736","151.5","2"
"3.901381137622109","153","2"
"3.9012683094085348","154.5","2"
"3.9016058590088143","156","2"
"3.9018265285535954","157.5","2"
"3.9015784311557904","159","2"
"3.901292620460078","160.5","2"
"3.9014422269311164","162","2"
"3.90176824436592","163.5","2"
"3.9017339595496403","165","2"
"3.9014141757177967","166.5","2"
"3.9013493462470135","168","2"
"3.9016379620640578","169.5","2"
"3.9017969189395356","171","2"
"3.9015756260344583","172.5","2"
"3.9013552681698256","174","2"
"3.9015008227989396","175.5","2"
"3.901761699082812","177","2"
"3.9017093368179485","178.5","2"
"3.90144627877304","180","2"
"3.901415422438389","181.5","2"
"3.901660714714861","183","2"
"3.901771672847548","184.5","2"
"3.9015756260344583","186","2"
"3.9014098121957246","187.5","2"
"3.9015469514608427","189","2"
"3.9017532837188162","190.5","2"
"3.901690636009069","192","2"
"3.9014758883871","193.5","2"
"3.90146965478414","195","2"
"3.901675675361965","196.5","2"
"3.901750478597484","198","2"
"3.9015796778763825","199.5","2"
"3.901455940857628","201","2"
"3.9015821713175662","202.5","2"
"3.9017433099540804","204","2"
"3.901676922082557","205.5","2"
"3.9015033162401234","207","2"
"3.9015132900048592","208.5","2"
"3.901685337446553","210","2"
"3.901732712829048","211.5","2"
"3.901585599799194","213","2"
"3.9014949008761275","214.5","2"
"3.901608664130146","216","2"
"3.901734271229788","217.5","2"
"3.9016669483178212","219","2"
"3.9015273156115193","220.5","2"
"3.9015488215417307","222","2"
"3.9016909476892168","223.5","2"
"3.9017177521819444","225","2"
"3.901592145082302","226.5","2"
"3.9015276272916672","228","2"
"3.901629235019914","229.5","2"
"3.9017246091452007","231","2"
"3.9016597796744175","232.5","2"
"3.9015488215417307","234","2"
"3.9015768727550504","235.5","2"
"3.901693441130401","237","2"
"3.9017059083363206","238.5","2"
"3.9015993137257063","240","2"
"3.9015550551446907","241.5","2"
"3.9016441956670174","243","2"
"3.9017165054613527","244.5","2"
"3.9016557278324933","246","2"
"3.9015681457109066","247.5","2"
"3.9015996254058543","249","2"
"3.9016943761708447","250.5","2"
"3.9016959345715847","252","2"
"3.901607105729406","253.5","2"
"3.9015781194756425","255","2"
"3.9016554161523453","256.5","2"
"3.9017090251378006","258","2"
"3.9016529227111616","259.5","2"
"3.9015846647587504","261","2"
"3.901617079494142","262.5","2"
"3.9016943761708447","264","2"
"3.901688454248033","265.5","2"
"3.90161427437281","267","2"
"3.9015961969242263","268.5","2"
"3.9016628964758975","270","2"
"3.901701856494397","271.5","2"
"3.9016519876707174","273","2"
"3.9015996254058543","274.5","2"
"3.901631105100802","276","2"
"3.901692817770105","277.5","2"
"3.9016828440053692","279","2"
"3.901621131336066","280.5","2"
"3.901612092611774","282","2"
"3.9016685067185612","283.5","2"
"3.901696557931881","285","2"
"3.9016516759905695","286.5","2"
"3.90161115757133","288","2"
"3.9016420139059815","289.5","2"
"3.9016909476892168","291","2"
"3.901678480483297","292.5","2"
"3.901627988299322","294","2"
"3.901624559817694","295.5","2"
"3.901672246880337","297","2"
"3.901691571049513","298.5","2"
"3.90012444326539","1.5","3"
"3.9030205752005673","3","3"
"3.9016205079757698","4.5","3"
"3.8984444872676924","6","3"
"3.8988103997614396","7.5","3"
"3.9020069913592845","9","3"
"3.902720115537899","10.5","3"
"3.8999274614118566","12","3"
"3.8983902549219414","13.5","3"
"3.9006075474947837","15","3"
"3.9028260867882176","16.5","3"
"3.901448460534076","18","3"
"3.898920111173534","19.5","3"
"3.8994636813516386","21","3"
"3.9020905216389474","22.5","3"
"3.9024449019672187","24","3"
"3.9000748861218586","25.5","3"
"3.899009251695861","27","3"
"3.9009666030252745","28.5","3"
"3.902643442221492","30","3"
"3.9013362556807976","31.5","3"
"3.8993405676931805","33","3"
"3.89998138207746","34.5","3"
"3.9021241830949314","36","3"
"3.902223297381994","37.5","3"
"3.9002307261958564","39","3"
"3.899523523940054","40.5","3"
"3.901229037709887","42","3"
"3.9024773167026106","43.5","3"
"3.9012679977283864","45","3"
"3.8997092853082593","46.5","3"
"3.9003912414720743","48","3"
"3.902123248054487","49.5","3"
"3.90204813313882","51","3"
"3.9003868779500026","52.5","3"
"3.89994865566192","54","3"
"3.901418539239869","55.5","3"
"3.9023292686323123","57","3"
"3.901234024592255","58.5","3"
"3.900030004180547","60","3"
"3.900711960344362","61.5","3"
"3.9021017421242754","63","3"
"3.90191130555385","64.5","3"
"3.9005383545019283","66","3"
"3.9002971140673797","67.5","3"
"3.901551314982915","69","3"
"3.9022014797716342","70.5","3"
"3.901224362507667","72","3"
"3.9003055294313755","73.5","3"
"3.900962239503203","75","3"
"3.9020668339477","76.5","3"
"3.9018075160645673","78","3"
"3.9006811040097107","79.5","3"
"3.9005823014027956","81","3"
"3.9016432606265736","82.5","3"
"3.902090833319096","84","3"
"3.901232154511367","85.5","3"
"3.9005414713034083","87","3"
"3.9011545461545163","88.5","3"
"3.9020247571277205","90","3"
"3.9017292843474203","91.5","3"
"3.9008126330321646","93","3"
"3.9008141914329046","94.5","3"
"3.901703414895137","96","3"
"3.9019982643151407","97.5","3"
"3.901252102040839","99","3"
"3.9007418816385697","100.5","3"
"3.9013019708645182","102","3"
"3.901981433587149","103.5","3"
"3.901672246880337","105","3"
"3.900932941569291","106.5","3"
"3.901001199521702","108","3"
"3.901740816512896","109.5","3"
"3.901921279318586","111","3"
"3.9012795298938623","112.5","3"
"3.9009105005986355","114","3"
"3.9014147990780925","115.5","3"
"3.9019377983664296","117","3"
"3.9016320401412456","118.5","3"
"3.9010401595402016","120","3"
"3.901151741033184","121.5","3"
"3.901761699082812","123","3"
"3.9018580082485426","124.5","3"
"3.901311944629254","126","3"
"3.9010520033858254","127.5","3"
"3.9014983293577554","129","3"
"3.9018972799471903","130.5","3"
"3.901604612288222","132","3"
"3.901135845345636","133.5","3"
"3.9012720495703106","135","3"
"3.901770737807104","136.5","3"
"3.9018065810241236","138","3"
"3.9013462294455334","139.5","3"
"3.901170441842064","141","3"
"3.901560665387355","142.5","3"
"3.9018598783294305","144","3"
"3.9015880932403784","145.5","3"
"3.901219375625299","147","3"
"3.9013674236955973","148.5","3"
"3.9017726078879917","150","3"
"3.901765750924736","151.5","3"
"3.901381137622109","153","3"
"3.9012683094085348","154.5","3"
"3.9016058590088143","156","3"
"3.9018265285535954","157.5","3"
"3.9015784311557904","159","3"
"3.901292620460078","160.5","3"
"3.9014422269311164","162","3"
"3.90176824436592","163.5","3"
"3.9017339595496403","165","3"
"3.9014141757177967","166.5","3"
"3.9013493462470135","168","3"
"3.9016379620640578","169.5","3"
"3.9017969189395356","171","3"
"3.9015756260344583","172.5","3"
"3.9013552681698256","174","3"
"3.9015008227989396","175.5","3"
"3.901761699082812","177","3"
"3.9017093368179485","178.5","3"
"3.90144627877304","180","3"
"3.901415422438389","181.5","3"
"3.901660714714861","183","3"
"3.901771672847548","184.5","3"
"3.9015756260344583","186","3"
"3.9014098121957246","187.5","3"
"3.9015469514608427","189","3"
"3.9017532837188162","190.5","3"
"3.901690636009069","192","3"
"3.9014758883871","193.5","3"
"3.90146965478414","195","3"
"3.901675675361965","196.5","3"
"3.901750478597484","198","3"
"3.9015796778763825","199.5","3"
"3.901455940857628","201","3"
"3.9015821713175662","202.5","3"
"3.9017433099540804","204","3"
"3.901676922082557","205.5","3"
"3.9015033162401234","207","3"
"3.9015132900048592","208.5","3"
"3.901685337446553","210","3"
"3.901732712829048","211.5","3"
"3.901585599799194","213","3"
"3.9014949008761275","214.5","3"
"3.901608664130146","216","3"
"3.901734271229788","217.5","3"
"3.9016669483178212","219","3"
"3.9015273156115193","220.5","3"
"3.9015488215417307","222","3"
"3.9016909476892168","223.5","3"
"3.9017177521819444","225","3"
"3.901592145082302","226.5","3"
"3.9015276272916672","228","3"
"3.901629235019914","229.5","3"
"3.9017246091452007","231","3"
"3.9016597796744175","232.5","3"
"3.9015488215417307","234","3"
"3.9015768727550504","235.5","3"
"3.901693441130401","237","3"
"3.9017059083363206","238.5","3"
"3.9015993137257063","240","3"
"3.9015550551446907","241.5","3"
"3.9016441956670174","243","3"
"3.9017165054613527","244.5","3"
"3.9016557278324933","246","3"
"3.9015681457109066","247.5","3"
"3.9015996254058543","249","3"
"3.9016943761708447","250.5","3"
"3.9016959345715847","252","3"
"3.901607105729406","253.5","3"
"3.9015781194756425","255","3"
"3.9016554161523453","256.5","3"
"3.9017090251378006","258","3"
"3.9016529227111616","259.5","3"
"3.9015846647587504","261","3"
"3.901617079494142","262.5","3"
"3.9016943761708447","264","3"
"3.901688454248033","265.5","3"
"3.90161427437281","267","3"
"3.9015961969242263","268.5","3"
"3.9016628964758975","270","3"
"3.901701856494397","271.5","3"
"3.9016519876707174","273","3"
"3.9015996254058543","274.5","3"
"3.901631105100802","276","3"
"3.901692817770105","277.5","3"
"3.9016828440053692","279","3"
"3.901621131336066","280.5","3"
"3.901612092611774","282","3"
"3.9016685067185612","283.5","3"
"3.901696557931881","285","3"
"3.9016516759905695","286.5","3"
"3.90161115757133","288","3"
"3.9016420139059815","289.5","3"
"3.9016909476892168","291","3"
"3.901678480483297","292.5","3"
"3.901627988299322","294","3"
"3.901624559817694","295.5","3"
"3.901672246880337","297","3"
"3.901691571049513","298.5","3"
"3.90012444326539","1.5","4"
"3.9030205752005673","3","4"
"3.9016205079757698","4.5","4"
"3.8984444872676924","6","4"
"3.8988103997614396","7.5","4"
"3.9020069913592845","9","4"
"3.902720115537899","10.5","4"
"3.8999274614118566","12","4"
"3.8983902549219414","13.5","4"
"3.9006075474947837","15","4"
"3.9028260867882176","16.5","4"
"3.901448460534076","18","4"
"3.898920111173534","19.5","4"
"3.8994636813516386","21","4"
"3.9020905216389474","22.5","4"
"3.9024449019672187","24","4"
"3.9000748861218586","25.5","4"
"3.899009251695861","27","4"
"3.9009666030252745","28.5","4"
"3.902643442221492","30","4"
"3.9013362556807976","31.5","4"
"3.8993405676931805","33","4"
"3.89998138207746","34.5","4"
"3.9021241830949314","36","4"
"3.902223297381994","37.5","4"
"3.9002307261958564","39","4"
"3.899523523940054","40.5","4"
"3.901229037709887","42","4"
"3.9024773167026106","43.5","4"
"3.9012679977283864","45","4"
"3.8997092853082593","46.5","4"
"3.9003912414720743","48","4"
"3.902123248054487","49.5","4"
"3.90204813313882","51","4"
"3.9003868779500026","52.5","4"
"3.89994865566192","54","4"
"3.901418539239869","55.5","4"
"3.9023292686323123","57","4"
"3.901234024592255","58.5","4"
"3.900030004180547","60","4"
"3.900711960344362","61.5","4"
"3.9021017421242754","63","4"
"3.90191130555385","64.5","4"
"3.9005383545019283","66","4"
"3.9002971140673797","67.5","4"
"3.901551314982915","69","4"
"3.9022014797716342","70.5","4"
"3.901224362507667","72","4"
"3.9003055294313755","73.5","4"
"3.900962239503203","75","4"
"3.9020668339477","76.5","4"
"3.9018075160645673","78","4"
"3.9006811040097107","79.5","4"
"3.9005823014027956","81","4"
"3.9016432606265736","82.5","4"
"3.902090833319096","84","4"
"3.901232154511367","85.5","4"
"3.9005414713034083","87","4"
"3.9011545461545163","88.5","4"
"3.9020247571277205","90","4"
"3.9017292843474203","91.5","4"
"3.9008126330321646","93","4"
"3.9008141914329046","94.5","4"
"3.901703414895137","96","4"
"3.9019982643151407","97.5","4"
"3.901252102040839","99","4"
"3.9007418816385697","100.5","4"
"3.9013019708645182","102","4"
"3.901981433587149","103.5","4"
"3.901672246880337","105","4"
"3.900932941569291","106.5","4"
"3.901001199521702","108","4"
"3.901740816512896","109.5","4"
"3.901921279318586","111","4"
"3.9012795298938623","112.5","4"
"3.9009105005986355","114","4"
"3.9014147990780925","115.5","4"
"3.9019377983664296","117","4"
"3.9016320401412456","118.5","4"
"3.9010401595402016","120","4"
"3.901151741033184","121.5","4"
"3.901761699082812","123","4"
"3.9018580082485426","124.5","4"
"3.901311944629254","126","4"
"3.9010520033858254","127.5","4"
"3.9014983293577554","129","4"
"3.9018972799471903","130.5","4"
"3.901604612288222","132","4"
"3.901135845345636","133.5","4"
"3.9012720495703106","135","4"
"3.901770737807104","136.5","4"
"3.9018065810241236","138","4"
"3.9013462294455334","139.5","4"
"3.901170441842064","141","4"
"3.901560665387355","142.5","4"
"3.9018598783294305","144","4"
"3.9015880932403784","145.5","4"
"3.901219375625299","147","4"
"3.9013674236955973","148.5","4"
"3.9017726078879917","150","4"
"3.901765750924736","151.5","4"
"3.901381137622109","153","4"
"3.9012683094085348","154.5","4"
"3.9016058590088143","156","4"
"3.9018265285535954","157.5","4"
"3.9015784311557904","159","4"
"3.901292620460078","160.5","4"
"3.9014422269311164","162","4"
"3.90176824436592","163.5","4"
"3.9017339595496403","165","4"
"3.9014141757177967","166.5","4"
"3.9013493462470135","168","4"
"3.9016379620640578","169.5","4"
"3.9017969189395356","171","4"
"3.9015756260344583","172.5","4"
"3.9013552681698256","174","4"
"3.9015008227989396","175.5","4"
"3.901761699082812","177","4"
"3.9017093368179485","178.5","4"
"3.90144627877304","180","4"
"3.901415422438389","181.5","4"
"3.901660714714861","183","4"
"3.901771672847548","184.5","4"
"3.9015756260344583","186","4"
"3.9014098121957246","187.5","4"
"3.9015469514608427","189","4"
"3.9017532837188162","190.5","4"
"3.901690636009069","192","4"
"3.9014758883871","193.5","4"
"3.90146965478414","195","4"
"3.901675675361965","196.5","4"
"3.901750478597484","198","4"
"3.9015796778763825","199.5","4"
"3.901455940857628","201","4"
"3.9015821713175662","202.5","4"
"3.9017433099540804","204","4"
"3.901676922082557","205.5","4"
"3.9015033162401234","207","4"
"3.9015132900048592","208.5","4"
"3.901685337446553","210","4"
"3.901732712829048","211.5","4"
"3.901585599799194","213","4"
"3.9014949008761275","214.5","4"
"3.901608664130146","216","4"
"3.901734271229788","217.5","4"
"3.9016669483178212","219","4"
"3.9015273156115193","220.5","4"
"3.9015488215417307","222","4"
"3.9016909476892168","223.5","4"
"3.9017177521819444","225","4"
"3.901592145082302","226.5","4"
"3.9015276272916672","228","4"
"3.901629235019914","229.5","4"
"3.9017246091452007","231","4"
"3.9016597796744175","232.5","4"
"3.9015488215417307","234","4"
"3.9015768727550504","235.5","4"
"3.901693441130401","237","4"
"3.9017059083363206","238.5","4"
"3.9015993137257063","240","4"
"3.9015550551446907","241.5","4"
"3.9016441956670174","243","4"
"3.9017165054613527","244.5","4"
"3.9016557278324933","246","4"
"3.9015681457109066","247.5","4"
"3.9015996254058543","249","4"
"3.9016943761708447","250.5","4"
"3.9016959345715847","252","4"
"3.901607105729406","253.5","4"
"3.9015781194756425","255","4"
"3.9016554161523453","256.5","4"
"3.9017090251378006","258","4"
"3.9016529227111616","259.5","4"
"3.9015846647587504","261","4"
"3.901617079494142","262.5","4"
"3.9016943761708447","264","4"
"3.901688454248033","265.5","4"
"3.90161427437281","267","4"
"3.9015961969242263","268.5","4"
"3.9016628964758975","270","4"
"3.901701856494397","271.5","4"
"3.9016519876707174","273","4"
"3.9015996254058543","274.5","4"
"3.901631105100802","276","4"
"3.901692817770105","277.5","4"
"3.9016828440053692","279","4"
"3.901621131336066","280.5","4"
"3.901612092611774","282","4"
"3.9016685067185612","283.5","4"
"3.901696557931881","285","4"
"3.9016516759905695","286.5","4"
"3.90161115757133","288","4"
"3.9016420139059815","289.5","4"
"3.9016909476892168","291","4"
"3.901678480483297","292.5","4"
"3.901627988299322","294","4"
"3.901624559817694","295.5","4"
"3.901672246880337","297","4"
"3.901691571049513","298.5","4"
"3.9018729688956464","1.5","5"
"3.9006708185648264","3","5"
"3.900574821079244","4.5","5"
"3.9017093368179485","6","5"
"3.9021796621612745","7.5","5"
"3.901258023963651","9","5"
"3.9005265106563045","10.5","5"
"3.901187895930352","12","5"
"3.9021142093301955","13.5","5"
"3.9017900619762798","15","5"
"3.900813256392461","16.5","5"
"3.9008219834366047","18","5"
"3.9017726078879917","19.5","5"
"3.90208085955436","21","5"
"3.9012807766144544","22.5","5"
"3.9007409465981255","24","5"
"3.901344982724942","25.5","5"
"3.9020668339477","27","5"
"3.9017302193878645","28.5","5"
"3.900942291973731","30","5"
"3.9010220820916177","31.5","5"
"3.9018115679064915","33","5"
"3.9019985759952887","34.5","5"
"3.901311632949106","36","5"
"3.9009226561244073","37.5","5"
"3.901463732861328","39","5"
"3.9020200819255004","40.5","5"
"3.901687830887737","42","5"
"3.9010585486689333","43.5","5"
"3.9011822856876877","45","5"
"3.901833073836703","46.5","5"
"3.9019315647634696","48","5"
"3.9013474761661255","49.5","5"
"3.901073820996185","51","5"
"3.9015531850638028","52.5","5"
"3.901976135024633","54","5"
"3.9016604030347133","55.5","5"
"3.901160779757476","57","5"
"3.901310386228514","58.5","5"
"3.9018430476014387","60","5"
"3.9018773324177185","61.5","5"
"3.9013851894640332","63","5"
"3.9012006748164194","64.5","5"
"3.901619261255178","66","5"
"3.9019359282855417","67.5","5"
"3.9016420139059815","69","5"
"3.901251478680543","70.5","5"
"3.9014116822766125","72","5"
"3.901843982641883","73.5","5"
"3.901834008877147","75","5"
"3.9014222794016447","76.5","5"
"3.901305399346146","78","5"
"3.9016669483178212","79.5","5"
"3.901899773388374","81","5"
"3.9016332868618377","82.5","5"
"3.9013293987175417","84","5"
"3.9014914723944996","85.5","5"
"3.901839930799959","87","5"
"3.9018000357410156","88.5","5"
"3.901459057659108","90","5"
"3.901391423066993","91.5","5"
"3.9017009214539526","93","5"
"3.9018686053735747","94.5","5"
"3.90162985838021","96","5"
"3.9013967216295087","97.5","5"
"3.901554743464543","99","5"
"3.9018315154359633","100.5","5"
"3.901773231248288","102","5"
"3.9014933424753875","103.5","5"
"3.901462486140736","105","5"
"3.9017242974650523","106.5","5"
"3.9018414892006987","108","5"
"3.901631105100802","109.5","5"
"3.901455005817184","111","5"
"3.901603053887482","112.5","5"
"3.901822476711671","114","5"
"3.90175421875926","115.5","5"
"3.9015257572107793","117","5"
"3.901520146968115","118.5","5"
"3.9017405048327483","120","5"
"3.9018187365498953","121.5","5"
"3.9016354686228736","123","5"
"3.9015048746408634","124.5","5"
"3.9016407671853894","126","5"
"3.9018125029469353","127.5","5"
"3.901739258112156","129","5"
"3.901554431784395","130.5","5"
"3.9015672106704624","132","5"
"3.9017501669173362","133.5","5"
"3.9018000357410156","135","5"
"3.9016420139059815","136.5","5"
"3.901546328100547","138","5"
"3.9016694417590054","139.5","5"
"3.9018015941417556","141","5"
"3.9017292843474203","142.5","5"
"3.9015806129168262","144","5"
"3.901604612288222","145.5","5"
"3.901756712200444","147","5"
"3.9017841400534676","148.5","5"
"3.9016494942295337","150","5"
"3.9015812362771225","151.5","5"
"3.901690324328921","153","5"
"3.9017925554174635","154.5","5"
"3.9017218040238686","156","5"
"3.901603677247778","157.5","5"
"3.90163453358243","159","5"
"3.901759205641628","160.5","5"
"3.901771672847548","162","5"
"3.9016569745530854","163.5","5"
"3.901610534211034","165","5"
"3.901706531696617","166.5","5"
"3.901783205013024","168","5"
"3.9017171288216486","169.5","5"
"3.901624559817694","171","5"
"3.9016585329538254","172.5","5"
"3.901760140682072","174","5"
"3.901761387402664","175.5","5"
"3.9016653899170812","177","5"
"3.9016354686228736","178.5","5"
"3.9017177521819444","180","5"
"3.901775101329176","181.5","5"
"3.9017152587407606","183","5"
"3.9016423255861294","184.5","5"
"3.901677233762705","186","5"
"3.901760140682072","187.5","5"
"3.9017532837188162","189","5"
"3.901673493600929","190.5","5"
"3.9016554161523453","192","5"
"3.9017267909062365","193.5","5"
"3.9017679326857717","195","5"
"3.9017133886598727","196.5","5"
"3.9016579095935295","198","5"
"3.901692817770105","199.5","5"
"3.9017579589210363","201","5"
"3.9017467384357083","202.5","5"
"3.901681597284777","204","5"
"3.9016716235200413","205.5","5"
"3.901732712829048","207","5"
"3.901761699082812","208.5","5"
"3.9017133886598727","210","5"
"3.9016710001597454","211.5","5"
"3.9017043499355806","213","5"
"3.9017564005202963","214.5","5"
"3.9017420632334883","216","5"
"3.901688454248033","217.5","5"
"3.901685337446553","219","5"
"3.9017367646709724","220.5","5"
"3.901756712200444","222","5"
"3.9017143237003165","223.5","5"
"3.9016828440053692","225","5"
"3.9017127652995764","226.5","5"
"3.90175421875926","228","5"
"3.9017383230717124","229.5","5"
"3.901694687850993","231","5"
"3.9016959345715847","232.5","5"
"3.901739258112156","234","5"
"3.9017517253180762","235.5","5"
"3.9017155704209086","237","5"
"3.901692194409809","238.5","5"
"3.9017202456231286","240","5"
"3.9017517253180762","241.5","5"
"3.9017358296305282","243","5"
"3.9017009214539526","244.5","5"
"3.9017052849760248","246","5"
"3.901740816512896","247.5","5"
"3.9017482968364483","249","5"
"3.9017168171415006","250.5","5"
"3.901700298093657","252","5"
"3.9017252325054965","253.5","5"
"3.901749231876892","255","5"
"3.901734271229788","256.5","5"
"3.9017059083363206","258","5"
"3.9017121419392806","259.5","5"
"3.9017417515533404","261","5"
"3.9017451800349683","262.5","5"
"3.9017193105826844","264","5"
"3.9017071550569127","265.5","5"
"3.9017289726672724","267","5"
"3.901747673476152","268.5","5"
"3.9017330245091966","270","5"
"3.9017108952186885","271.5","5"
"3.9017180638620927","273","5"
"3.9017417515533404","274.5","5"
"3.9017429982739325","276","5"
"3.9017208689834244","277.5","5"
"3.9017127652995764","279","5"
"3.9017317777886045","280.5","5"
"3.901745803395264","282","5"
"3.9017320894687524","283.5","5"
"3.9017152587407606","285","5"
"3.9017227390643123","286.5","5"
"3.9017417515533404","288","5"
"3.901740816512896","289.5","5"
"3.9017227390643123","291","5"
"3.9017177521819444","292.5","5"
"3.9017333361893445","294","5"
"3.901744244994524","295.5","5"
"3.9017317777886045","297","5"
"3.9017183755422407","298.5","5"
"3.89758175661804","1.5","6"
"3.9008487879293323","3","6"
"3.9032278424989846","4.5","6"
"3.9009073837971555","6","6"
"3.8979342668654233","7.5","6"
"3.899248310369374","9","6"
"3.902557106820497","10.5","6"
"3.9024009550663514","12","6"
"3.899224934358274","13.5","6"
"3.898400540366825","15","6"
"3.9012140770627832","16.5","6"
"3.9029435902040124","18","6"
"3.90084130760578","19.5","6"
"3.898551081878307","21","6"
"3.8998657487425534","22.5","6"
"3.902515030000518","24","6"
"3.902138208701591","25.5","6"
"3.89951635529665","27","6"
"3.89907158772546","28.5","6"
"3.9014702781444357","30","6"
"3.9026964278466516","31.5","6"
"3.900823230157197","33","6"
"3.899081249810048","34.5","6"
"3.900345424490319","36","6"
"3.902447083728255","37.5","6"
"3.901938733406874","39","6"
"3.8997909455070343","40.5","6"
"3.8996182747050447","42","6"
"3.9016445073471657","43.5","6"
"3.9024857320666064","45","6"
"3.9008400608851885","46.5","6"
"3.8995334977047897","48","6"
"3.900713518745102","49.5","6"
"3.902366670250072","51","6"
"3.9017891269358356","52.5","6"
"3.900044964827651","54","6"
"3.900061483875495","55.5","6"
"3.901758270601184","57","6"
"3.9023077627021006","58.5","6"
"3.900879332583836","60","6"
"3.8999174876471208","61.5","6"
"3.9009959009591864","63","6"
"3.902281893249817","64.5","6"
"3.901680973924481","66","6"
"3.900275608137168","67.5","6"
"3.900418981005246","69","6"
"3.901828086954335","70.5","6"
"3.902159714631803","72","6"
"3.900934811650179","73.5","6"
"3.90024101164074","75","6"
"3.9012084668201195","76.5","6"
"3.902198362970154","78","6"
"3.90160492396837","79.5","6"
"3.9004825637554372","81","6"
"3.900705726741402","82.5","6"
"3.9018664236125384","84","6"
"3.9020394060946764","85.5","6"
"3.9009971476797785","87","6"
"3.900512485049645","88.5","6"
"3.901367735375745","90","6"
"3.9021198195728592","91.5","6"
"3.901554431784395","93","6"
"3.9006658316824585","94.5","6"
"3.900934811650179","96","6"
"3.9018829426603823","97.5","6"
"3.9019421618885017","99","6"
"3.901063847231449","100.5","6"
"3.9007378297966455","102","6"
"3.9014849271113916","103.5","6"
"3.9020475097785243","105","6"
"3.901523575449743","106.5","6"
"3.9008266586388247","108","6"
"3.901115897816165","109.5","6"
"3.9018851244214185","111","6"
"3.9018648652117984","112.5","6"
"3.9011311701434166","114","6"
"3.900924837885443","115.5","6"
"3.9015697041116466","117","6"
"3.901983615348185","118.5","6"
"3.9015064330416034","120","6"
"3.900967226385571","121.5","6"
"3.901258023963651","123","6"
"3.9018767090574227","124.5","6"
"3.9018040875829394","126","6"
"3.9011959996141994","127.5","6"
"3.901078807878553","129","6"
"3.9016304817405056","130.5","6"
"3.901927201241398","132","6"
"3.9015011344790875","133.5","6"
"3.901087534922697","135","6"
"3.9013692937764852","136.5","6"
"3.9018629951309105","138","6"
"3.901757647240888","139.5","6"
"3.901258023963651","141","6"
"3.9012047266583436","142.5","6"
"3.901671935200189","144","6"
"3.9018788908184585","145.5","6"
"3.9015036279202713","147","6"
"3.9011907010516835","148.5","6"
"3.901455940857628","150","6"
"3.901845541042623","151.5","6"
"3.9017221157040165","153","6"
"3.901315061430734","154.5","6"
"3.901307581107182","156","6"
"3.901700298093657","157.5","6"
"3.901838060719071","159","6"
"3.9015111082438234","160.5","6"
"3.9012789065335665","162","6"
"3.9015223287291514","163.5","6"
"3.901827463594039","165","6"
"3.901696557931881","166.5","6"
"3.9013668003353015","168","6"
"3.901391111386845","169.5","6"
"3.9017177521819444","171","6"
"3.9018040875829394","172.5","6"
"3.9015226404092993","174","6"
"3.9013537097690856","175.5","6"
"3.9015725092329787","177","6"
"3.9018087627851594","178.5","6"
"3.9016778571230013","180","6"
"3.9014141757177967","181.5","6"
"3.901457499258368","183","6"
"3.9017283493069765","184.5","6"
"3.901776348049768","186","6"
"3.901536042655663","187.5","6"
"3.9014160457986846","189","6"
"3.9016108458911822","190.5","6"
"3.9017913086968714","192","6"
"3.9016653899170812","193.5","6"
"3.901455940857628","195","6"
"3.9015114199239713","196.5","6"
"3.9017333361893445","198","6"
"3.9017532837188162","199.5","6"
"3.9015500682623228","201","6"
"3.9014684080635478","202.5","6"
"3.9016385854243536","204","6"
"3.901775101329176","205.5","6"
"3.9016572862332333","207","6"
"3.9014924074349437","208.5","6"
"3.901554431784395","210","6"
"3.901734271229788","211.5","6"
"3.9017352062702324","213","6"
"3.901565652269723","214.5","6"
"3.9015114199239713","216","6"
"3.9016594679942695","217.5","6"
"3.901760140682072","219","6"
"3.9016529227111616","220.5","6"
"3.9015238871298914","222","6"
"3.9015874698800825","223.5","6"
"3.9017333361893445","225","6"
"3.9017208689834244","226.5","6"
"3.9015796778763825","228","6"
"3.901547263140991","229.5","6"
"3.9016747403215213","231","6"
"3.901747673476152","232.5","6"
"3.9016510526302737","234","6"
"3.901551314982915","235.5","6"
"3.901613651012514","237","6"
"3.9017305310680124","238.5","6"
"3.9017102718583927","240","6"
"3.9015930801227463","241.5","6"
"3.9015771844351983","243","6"
"3.901685337446553","244.5","6"
"3.9017367646709724","246","6"
"3.9016510526302737","247.5","6"
"3.9015756260344583","249","6"
"3.90163453358243","250.5","6"
"3.9017267909062365","252","6"
"3.9017009214539526","253.5","6"
"3.9016058590088143","255","6"
"3.9016008721264464","256.5","6"
"3.901691882729661","258","6"
"3.9017267909062365","259.5","6"
"3.9016519876707174","261","6"
"3.9015958852440784","262.5","6"
"3.9016504292699774","264","6"
"3.9017227390643123","265.5","6"
"3.901695311211289","267","6"
"3.9016173911742897","268.5","6"
"3.9016205079757698","270","6"
"3.901696557931881","271.5","6"
"3.9017193105826844","273","6"
"3.9016544811119016","274.5","6"
"3.901613027652218","276","6"
"3.9016628964758975","277.5","6"
"3.9017189989025365","279","6"
"3.901690324328921","280.5","6"
"3.901627988299322","282","6"
"3.90163609198317","283.5","6"
"3.9016993630532126","285","6"
"3.9017127652995764","286.5","6"
"3.9016572862332333","288","6"
"3.9016270532588777","289.5","6"
"3.9016716235200413","291","6"
"3.9017152587407606","292.5","6"
"3.901687830887737","294","6"
"3.9016379620640578","295.5","6"
"3.9016491825493853","297","6"
"3.9017009214539526","298.5","6"
"3.902517211761554","1.5","7"
"3.9020755609918436","3","7"
"3.8996223265469685","4.5","7"
"3.8992916339099453","6","7"
"3.9015631588285387","7.5","7"
"3.902637208618532","9","7"
"3.9008353856829685","10.5","7"
"3.8992592191745534","12","7"
"3.900506251446685","13.5","7"
"3.902442408526035","15","7"
"3.9018950981861544","16.5","7"
"3.8998919298749852","18","7"
"3.8998006075916223","19.5","7"
"3.9017133886598727","21","7"
"3.902437421643667","22.5","7"
"3.900862501855844","24","7"
"3.899688402738344","25.5","7"
"3.9008425543263723","27","7"
"3.902358878246372","28.5","7"
"3.901761699082812","30","7"
"3.9001400272727897","31.5","7"
"3.900213272107569","33","7"
"3.9018090744653073","34.5","7"
"3.902270361084341","36","7"
"3.9009098772383393","37.5","7"
"3.9000521334710547","39","7"
"3.901098132047729","40.5","7"
"3.9022731662056733","42","7"
"3.9016653899170812","43.5","7"
"3.900363813619051","45","7"
"3.900545211465184","46.5","7"
"3.9018664236125384","48","7"
"3.902132910139075","49.5","7"
"3.900968784786311","51","7"
"3.900356956655795","52.5","7"
"3.9012904386990424","54","7"
"3.902190570966454","55.5","7"
"3.901599937086002","57","7"
"3.900563912274064","58.5","7"
"3.9008107629512767","60","7"
"3.901896033226598","61.5","7"
"3.9020207052857967","63","7"
"3.9010348609776857","64.5","7"
"3.9006122226970033","66","7"
"3.901433499886972","67.5","7"
"3.9021132742897513","69","7"
"3.9015572369057265","70.5","7"
"3.9007403232378297","72","7"
"3.9010220820916177","73.5","7"
"3.901906006991334","75","7"
"3.901930318042878","76.5","7"
"3.901102495569801","78","7"
"3.9008251002380847","79.5","7"
"3.901538224416699","81","7"
"3.902043769616748","82.5","7"
"3.9015323024938873","84","7"
"3.9008939815507917","85.5","7"
"3.9011885192906477","87","7"
"3.9019035135501503","88.5","7"
"3.9018598783294305","90","7"
"3.901170441842064","91.5","7"
"3.90099995280111","93","7"
"3.90161427437281","94.5","7"
"3.9019820569474453","96","7"
"3.901520146968115","97.5","7"
"3.901027692334282","99","7"
"3.901319424952806","100.5","7"
"3.9018926047449702","102","7"
"3.9018040875829394","103.5","7"
"3.901234336272403","105","7"
"3.9011442607096325","106.5","7"
"3.901667259997969","108","7"
"3.901928759642138","109.5","7"
"3.901518276887227","111","7"
"3.9011430139890404","112.5","7"
"3.9014216560413484","114","7"
"3.9018767090574227","115.5","7"
"3.901761699082812","117","7"
"3.9012954255814103","118.5","7"
"3.901261764125427","120","7"
"3.901703414895137","121.5","7"
"3.9018829426603823","123","7"
"3.901523263769595","124.5","7"
"3.901241504915807","126","7"
"3.9015008227989396","127.5","7"
"3.9018589432889867","129","7"
"3.9017305310680124","130.5","7"
"3.9013512163279014","132","7"
"3.9013568265705656","133.5","7"
"3.9017277259466803","135","7"
"3.901844294322031","136.5","7"
"3.9015323024938873","138","7"
"3.9013244118351738","139.5","7"
"3.901560977067503","141","7"
"3.901839930799959","142.5","7"
"3.901707778417209","144","7"
"3.9014013968317287","145.5","7"
"3.9014347466075643","147","7"
"3.9017417515533404","148.5","7"
"3.9018125029469353","150","7"
"3.901544769699807","151.5","7"
"3.9013948515486208","153","7"
"3.901607105729406","154.5","7"
"3.9018215416712274","156","7"
"3.9016909476892168","157.5","7"
"3.901446590453188","159","7"
"3.9014964592768675","160.5","7"
"3.9017501669173362","162","7"
"3.901786633494652","163.5","7"
"3.9015587953064665","165","7"
"3.9014540707767402","166.5","7"
"3.901641078865538","168","7"
"3.9018043992630873","169.5","7"
"3.901680350564185","171","7"
"3.9014864855121316","172.5","7"
"3.901546328100547","174","7"
"3.9017532837188162","175.5","7"
"3.901765439244588","177","7"
"3.9015737559535704","178.5","7"
"3.9015033162401234","180","7"
"3.9016660132773775","181.5","7"
"3.901788191895392","183","7"
"3.901674116961225","184.5","7"
"3.9015223287291514","186","7"
"3.901585599799194","187.5","7"
"3.9017532837188162","189","7"
"3.9017482968364483","190.5","7"
"3.901588716600674","192","7"
"3.9015438346593627","193.5","7"
"3.901685337446553","195","7"
"3.901775101329176","196.5","7"
"3.901670376799449","198","7"
"3.9015522500233586","199.5","7"
"3.901616144453698","201","7"
"3.9017517253180762","202.5","7"
"3.9017358296305282","204","7"
"3.9016024305271864","205.5","7"
"3.9015771844351983","207","7"
"3.901697804652473","208.5","7"
"3.901762634123256","210","7"
"3.9016694417590054","211.5","7"
"3.9015787428359383","213","7"
"3.9016407671853894","214.5","7"
"3.9017482968364483","216","7"
"3.9017252325054965","217.5","7"
"3.901616144453698","219","7"
"3.901604612288222","220.5","7"
"3.9017068433767648","222","7"
"3.9017517253180762","223.5","7"
"3.9016697534391533","225","7"
"3.90160180716689","226.5","7"
"3.9016597796744175","228","7"
"3.9017451800349683","229.5","7"
"3.9017177521819444","231","7"
"3.9016286116596177","232.5","7"
"3.9016270532588777","234","7"
"3.901713076979725","235.5","7"
"3.9017429982739325","237","7"
"3.901671935200189","238.5","7"
"3.9016208196559177","240","7"
"3.901674116961225","241.5","7"
"3.901740816512896","243","7"
"3.9017121419392806","244.5","7"
"3.9016404555052415","246","7"
"3.9016454423876095","247.5","7"
"3.9017168171415006","249","7"
"3.9017358296305282","250.5","7"
"3.901674116961225","252","7"
"3.9016370270236136","253.5","7"
"3.901685337446553","255","7"
"3.9017367646709724","256.5","7"
"3.901707778417209","258","7"
"3.9016504292699774","259.5","7"
"3.9016594679942695","261","7"
"3.9017193105826844","262.5","7"
"3.9017292843474203","264","7"
"3.901676922082557","265.5","7"
"3.9016507409501253","267","7"
"3.901693129450253","268.5","7"
"3.901732712829048","270","7"
"3.9017052849760248","271.5","7"
"3.9016594679942695","273","7"
"3.901671935200189","274.5","7"
"3.9017202456231286","276","7"
"3.9017242974650523","277.5","7"
"3.901680350564185","279","7"
"3.901662273115601","280.5","7"
"3.9016993630532126","282","7"
"3.9017292843474203","283.5","7"
"3.901703414895137","285","7"
"3.9016678833582654","286.5","7"
"3.901680973924481","288","7"
"3.9017202456231286","289.5","7"
"3.9017208689834244","291","7"
"3.901683467365665","292.5","7"
"3.901671935200189","294","7"
"3.9017043499355806","295.5","7"
"3.9017258558657923","297","7"
"3.901702791534841","298.5","7"
"3.89758175661804","1.5","8"
"3.9008487879293323","3","8"
"3.9032278424989846","4.5","8"
"3.9009073837971555","6","8"
"3.8979342668654233","7.5","8"
"3.899248310369374","9","8"
"3.902557106820497","10.5","8"
"3.9024009550663514","12","8"
"3.899224934358274","13.5","8"
"3.898400540366825","15","8"
"3.9012140770627832","16.5","8"
"3.9029435902040124","18","8"
"3.90084130760578","19.5","8"
"3.898551081878307","21","8"
"3.8998657487425534","22.5","8"
"3.902515030000518","24","8"
"3.902138208701591","25.5","8"
"3.89951635529665","27","8"
"3.89907158772546","28.5","8"
"3.9014702781444357","30","8"
"3.9026964278466516","31.5","8"
"3.900823230157197","33","8"
"3.899081249810048","34.5","8"
"3.900345424490319","36","8"
"3.902447083728255","37.5","8"
"3.901938733406874","39","8"
"3.8997909455070343","40.5","8"
"3.8996182747050447","42","8"
"3.9016445073471657","43.5","8"
"3.9024857320666064","45","8"
"3.9008400608851885","46.5","8"
"3.8995334977047897","48","8"
"3.900713518745102","49.5","8"
"3.902366670250072","51","8"
"3.9017891269358356","52.5","8"
"3.900044964827651","54","8"
"3.900061483875495","55.5","8"
"3.901758270601184","57","8"
"3.9023077627021006","58.5","8"
"3.900879332583836","60","8"
"3.8999174876471208","61.5","8"
"3.9009959009591864","63","8"
"3.902281893249817","64.5","8"
"3.901680973924481","66","8"
"3.900275608137168","67.5","8"
"3.900418981005246","69","8"
"3.901828086954335","70.5","8"
"3.902159714631803","72","8"
"3.900934811650179","73.5","8"
"3.90024101164074","75","8"
"3.9012084668201195","76.5","8"
"3.902198362970154","78","8"
"3.90160492396837","79.5","8"
"3.9004825637554372","81","8"
"3.900705726741402","82.5","8"
"3.9018664236125384","84","8"
"3.9020394060946764","85.5","8"
"3.9009971476797785","87","8"
"3.900512485049645","88.5","8"
"3.901367735375745","90","8"
"3.9021198195728592","91.5","8"
"3.901554431784395","93","8"
"3.9006658316824585","94.5","8"
"3.900934811650179","96","8"
"3.9018829426603823","97.5","8"
"3.9019421618885017","99","8"
"3.901063847231449","100.5","8"
"3.9007378297966455","102","8"
"3.9014849271113916","103.5","8"
"3.9020475097785243","105","8"
"3.901523575449743","106.5","8"
"3.9008266586388247","108","8"
"3.901115897816165","109.5","8"
"3.9018851244214185","111","8"
"3.9018648652117984","112.5","8"
"3.9011311701434166","114","8"
"3.900924837885443","115.5","8"
"3.9015697041116466","117","8"
"3.901983615348185","118.5","8"
"3.9015064330416034","120","8"
"3.900967226385571","121.5","8"
"3.901258023963651","123","8"
"3.9018767090574227","124.5","8"
"3.9018040875829394","126","8"
"3.9011959996141994","127.5","8"
"3.901078807878553","129","8"
"3.9016304817405056","130.5","8"
"3.901927201241398","132","8"
"3.9015011344790875","133.5","8"
"3.901087534922697","135","8"
"3.9013692937764852","136.5","8"
"3.9018629951309105","138","8"
"3.901757647240888","139.5","8"
"3.901258023963651","141","8"
"3.9012047266583436","142.5","8"
"3.901671935200189","144","8"
"3.9018788908184585","145.5","8"
"3.9015036279202713","147","8"
"3.9011907010516835","148.5","8"
"3.901455940857628","150","8"
"3.901845541042623","151.5","8"
"3.9017221157040165","153","8"
"3.901315061430734","154.5","8"
"3.901307581107182","156","8"
"3.901700298093657","157.5","8"
"3.901838060719071","159","8"
"3.9015111082438234","160.5","8"
"3.9012789065335665","162","8"
"3.9015223287291514","163.5","8"
"3.901827463594039","165","8"
"3.901696557931881","166.5","8"
"3.9013668003353015","168","8"
"3.901391111386845","169.5","8"
"3.9017177521819444","171","8"
"3.9018040875829394","172.5","8"
"3.9015226404092993","174","8"
"3.9013537097690856","175.5","8"
"3.9015725092329787","177","8"
"3.9018087627851594","178.5","8"
"3.9016778571230013","180","8"
"3.9014141757177967","181.5","8"
"3.901457499258368","183","8"
"3.9017283493069765","184.5","8"
"3.901776348049768","186","8"
"3.901536042655663","187.5","8"
"3.9014160457986846","189","8"
"3.9016108458911822","190.5","8"
"3.9017913086968714","192","8"
"3.9016653899170812","193.5","8"
"3.901455940857628","195","8"
"3.9015114199239713","196.5","8"
"3.9017333361893445","198","8"
"3.9017532837188162","199.5","8"
"3.9015500682623228","201","8"
"3.9014684080635478","202.5","8"
"3.9016385854243536","204","8"
"3.901775101329176","205.5","8"
"3.9016572862332333","207","8"
"3.9014924074349437","208.5","8"
"3.901554431784395","210","8"
"3.901734271229788","211.5","8"
"3.9017352062702324","213","8"
"3.901565652269723","214.5","8"
"3.9015114199239713","216","8"
"3.9016594679942695","217.5","8"
"3.901760140682072","219","8"
"3.9016529227111616","220.5","8"
"3.9015238871298914","222","8"
"3.9015874698800825","223.5","8"
"3.9017333361893445","225","8"
"3.9017208689834244","226.5","8"
"3.9015796778763825","228","8"
"3.901547263140991","229.5","8"
"3.9016747403215213","231","8"
"3.901747673476152","232.5","8"
"3.9016510526302737","234","8"
"3.901551314982915","235.5","8"
"3.901613651012514","237","8"
"3.9017305310680124","238.5","8"
"3.9017102718583927","240","8"
"3.9015930801227463","241.5","8"
"3.9015771844351983","243","8"
"3.901685337446553","244.5","8"
"3.9017367646709724","246","8"
"3.9016510526302737","247.5","8"
"3.9015756260344583","249","8"
"3.90163453358243","250.5","8"
"3.9017267909062365","252","8"
"3.9017009214539526","253.5","8"
"3.9016058590088143","255","8"
"3.9016008721264464","256.5","8"
"3.901691882729661","258","8"
"3.9017267909062365","259.5","8"
"3.9016519876707174","261","8"
"3.9015958852440784","262.5","8"
"3.9016504292699774","264","8"
"3.9017227390643123","265.5","8"
"3.901695311211289","267","8"
"3.9016173911742897","268.5","8"
"3.9016205079757698","270","8"
"3.901696557931881","271.5","8"
"3.9017193105826844","273","8"
"3.9016544811119016","274.5","8"
"3.901613027652218","276","8"
"3.9016628964758975","277.5","8"
"3.9017189989025365","279","8"
"3.901690324328921","280.5","8"
"3.901627988299322","282","8"
"3.90163609198317","283.5","8"
"3.9016993630532126","285","8"
"3.9017127652995764","286.5","8"
"3.9016572862332333","288","8"
"3.9016270532588777","289.5","8"
"3.9016716235200413","291","8"
"3.9017152587407606","292.5","8"
"3.901687830887737","294","8"
"3.9016379620640578","295.5","8"
"3.9016491825493853","297","8"
"3.9017009214539526","298.5","8"
"3.903240309704904","1.5","9"
"3.899815256558578","3","9"
"3.8973074780878036","4.5","9"
"3.899831775606422","6","9"
"3.9030878981125343","7.5","9"
"3.90176045236222","9","9"
"3.8982662062230387","10.5","9"
"3.898465369837608","12","9"
"3.901916292436218","13.5","9"
"3.902874085531009","15","9"
"3.8999193577280087","16.5","9"
"3.898099769024009","18","9"
"3.9003856312294105","19.5","9"
"3.902898396582553","21","9"
"3.9015531850638028","22.5","9"
"3.898756167415688","24","9"
"3.8991859743397743","25.5","9"
"3.9020359776130484","27","9"
"3.902573625868341","28.5","9"
"3.900051198430611","30","9"
"3.898764582779684","31.5","9"
"3.9007995424659487","33","9"
"3.902715440335679","34.5","9"
"3.9014126173170567","36","9"
"3.8991925196228823","37.5","9"
"3.8997594658120867","39","9"
"3.9020958202014637","40.5","9"
"3.9023292686323123","42","9"
"3.900197376420021","43.5","9"
"3.899318438402673","45","9"
"3.901104989010985","46.5","9"
"3.9025455746550217","48","9"
"3.90132191839399","49.5","9"
"3.899577444605657","51","9"
"3.9002145188281605","52.5","9"
"3.9021132742897513","54","9"
"3.902135403580259","55.5","9"
"3.900347917931503","57","9"
"3.8997778549408184","58.5","9"
"3.9013281519969496","60","9"
"3.9023925397023556","61.5","9"
"3.9012704911695706","63","9"
"3.8999131241250486","64.5","9"
"3.900572639318208","66","9"
"3.9021033005250154","67.5","9"
"3.9019820569474453","69","9"
"3.900497212722393","70.5","9"
"3.9001559229603373","72","9"
"3.9014864855121316","73.5","9"
"3.902257893878421","75","9"
"3.901248050198915","76.5","9"
"3.9002042333832767","78","9"
"3.900852839771256","79.5","9"
"3.9020768077124357","81","9"
"3.9018639301713547","82.5","9"
"3.900639650550027","84","9"
"3.900466668067889","85.5","9"
"3.9015980670051142","87","9"
"3.902141637183219","88.5","9"
"3.901246491798175","90","9"
"3.9004538891818217","91.5","9"
"3.901070080834409","93","9"
"3.902040029454972","94.5","9"
"3.901773231248288","96","9"
"3.9007733613335174","97.5","9"
"3.900719752348062","99","9"
"3.901673493600929","100.5","9"
"3.90204189953586","102","9"
"3.9012589590040947","103.5","9"
"3.9006670784030506","105","9"
"3.901238076434179","106.5","9"
"3.901998887675437","108","9"
"3.9017068433767648","109.5","9"
"3.9008955399515317","111","9"
"3.900924837885443","112.5","9"
"3.9017218040238686","114","9"
"3.9019586809363456","115.5","9"
"3.9012817116548986","117","9"
"3.9008469178484444","118.5","9"
"3.9013655536147094","120","9"
"3.9019571225356056","121.5","9"
"3.9016585329538254","123","9"
"3.90100618640407","124.5","9"
"3.901090651724177","126","9"
"3.901750790277632","127.5","9"
"3.9018901113037865","129","9"
"3.901310386228514","130.5","9"
"3.900999641120962","132","9"
"3.901462174460588","133.5","9"
"3.90191598075607","135","9"
"3.9016254948581377","136.5","9"
"3.901104989010985","138","9"
"3.9012231157870754","139.5","9"
"3.901766374285032","141","9"
"3.901834008877147","142.5","9"
"3.9013418659234618","144","9"
"3.9011261832610487","145.5","9"
"3.901533860894627","147","9"
"3.9018776440978664","148.5","9"
"3.901603677247778","150","9"
"3.9011922594524235","151.5","9"
"3.901328775357246","153","9"
"3.901771984527696","154.5","9"
"3.9017891269358356","156","9"
"3.9013752156992973","157.5","9"
"3.901232154511367","159","9"
"3.901587158199934","160.5","9"
"3.9018430476014387","162","9"
"3.9015908983617105","163.5","9"
"3.9012689327688306","165","9"
"3.9014126173170567","166.5","9"
"3.9017713611674","168","9"
"3.9017532837188162","169.5","9"
"3.901408565475133","171","9"
"3.901319424952806","172.5","9"
"3.9016254948581377","174","9"
"3.9018125029469353","175.5","9"
"3.9015843530786025","177","9"
"3.901335320640354","178.5","9"
"3.9014783818282837","180","9"
"3.901765750924736","181.5","9"
"3.9017252325054965","183","9"
"3.90144004517008","184.5","9"
"3.9013917347471407","186","9"
"3.9016519876707174","187.5","9"
"3.9017863218145035","189","9"
"3.9015824829977146","190.5","9"
"3.901392669787585","192","9"
"3.901529809052703","193.5","9"
"3.901759205641628","195","9"
"3.9017040382554327","196.5","9"
"3.901469966464288","198","9"
"3.9014503306149644","199.5","9"
"3.9016710001597454","201","9"
"3.901763257483552","202.5","9"
"3.9015843530786025","204","9"
"3.90144160357082","205.5","9"
"3.9015693924314987","207","9"
"3.90174954355704","208.5","9"
"3.901687830887737","210","9"
"3.9014973943173117","211.5","9"
"3.9014983293577554","213","9"
"3.901683155685517","214.5","9"
"3.901744244994524","216","9"
"3.901588716600674","217.5","9"
"3.9014827453503558","219","9"
"3.9015996254058543","220.5","9"
"3.901740816512896","222","9"
"3.901675987042113","223.5","9"
"3.9015223287291514","225","9"
"3.901536977696107","226.5","9"
"3.9016909476892168","228","9"
"3.9017280376268286","229.5","9"
"3.9015946385234863","231","9"
"3.901518276887227","232.5","9"
"3.901623001416954","234","9"
"3.9017317777886045","235.5","9"
"3.9016678833582654","237","9"
"3.901544769699807","238.5","9"
"3.9015681457109066","240","9"
"3.901695311211289","241.5","9"
"3.9017152587407606","243","9"
"3.9016011838065943","244.5","9"
"3.901547263140991","246","9"
"3.9016404555052415","247.5","9"
"3.9017233624246086","249","9"
"3.901662273115601","250.5","9"
"3.9015647172292787","252","9"
"3.901593391802894","253.5","9"
"3.901697181292177","255","9"
"3.9017043499355806","256.5","9"
"3.901608664130146","258","9"
"3.9015721975528304","259.5","9"
"3.9016532343913095","261","9"
"3.9017152587407606","262.5","9"
"3.9016585329538254","264","9"
"3.9015821713175662","265.5","9"
"3.901613027652218","267","9"
"3.901697804652473","268.5","9"
"3.9016959345715847","270","9"
"3.90161583277355","271.5","9"
"3.901592145082302","273","9"
"3.9016628964758975","274.5","9"
"3.9017084017775048","276","9"
"3.9016566628729374","277.5","9"
"3.90159713196467","279","9"
"3.9016286116596177","280.5","9"
"3.901696557931881","282","9"
"3.901689389288477","283.5","9"
"3.901623001416954","285","9"
"3.9016092874904422","286.5","9"
"3.9016694417590054","288","9"
"3.9017021681745447","289.5","9"
"3.9016560395126416","291","9"
"3.901610534211034","292.5","9"
"3.9016407671853894","294","9"
"3.901695311211289","295.5","9"
"3.901684090725961","297","9"
"3.901629546700062","298.5","9"
"3.897666221938147","1.5","10"
"3.9029520055680083","3","10"
"3.9029760049394038","4.5","10"
"3.8979906809722107","6","10"
"3.8964428773572632","7.5","10"
"3.9007783482158853","9","10"
"3.90370907664749","10.5","10"
"3.900554873549772","12","10"
"3.8968038029686425","13.5","10"
"3.8986798057794294","15","10"
"3.9029252010752806","16.5","10"
"3.9025430812138375","18","10"
"3.8984114491720048","19.5","10"
"3.897511316904593","21","10"
"3.9012265442687033","22.5","10"
"3.903328515186787","24","10"
"3.900492537520173","25.5","10"
"3.8976241451181672","27","10"
"3.8994667981531186","28.5","10"
"3.9028475927184294","30","10"
"3.902210518495926","31.5","10"
"3.8988153866438076","33","10"
"3.898383086278537","34.5","10"
"3.901535107615219","36","10"
"3.9030000043107993","37.5","10"
"3.900490979119433","39","10"
"3.898326983851898","40.5","10"
"3.9000736394012665","42","10"
"3.902741621468111","43.5","10"
"3.9019608626973814","45","10"
"3.8991931429831785","46.5","10"
"3.8990902885343397","48","10"
"3.901740816512896","49.5","10"
"3.9027216739386392","51","10"
"3.9005314975386725","52.5","10"
"3.898924474695606","54","10"
"3.9005383545019283","55.5","10"
"3.9026234946920204","57","10"
"3.901776971410064","58.5","10"
"3.89953973130775","60","10"
"3.89966253328606","61.5","10"
"3.9018723455353506","63","10"
"3.9024894722283823","64.5","10"
"3.9005988204506394","66","10"
"3.8994293965353592","67.5","10"
"3.9008899297088675","69","10"
"3.902503186154894","70.5","10"
"3.9016460657479057","72","10"
"3.8998526581763375","73.5","10"
"3.900121949824206","75","10"
"3.9019487071716097","76.5","10"
"3.902298100617513","78","10"
"3.9006842208111903","79.5","10"
"3.8998539048969296","81","10"
"3.9011545461545163","82.5","10"
"3.9023863060993955","84","10"
"3.9015569252255786","85.5","10"
"3.900130988548498","87","10"
"3.900488485678249","88.5","10"
"3.901987043829813","90","10"
"3.902143195583959","91.5","10"
"3.900777724855589","93","10"
"3.9002073501847567","94.5","10"
"3.9013502812874576","96","10"
"3.902278776448337","97.5","10"
"3.9014989527180517","99","10"
"3.9003769041852667","100.5","10"
"3.900779594936477","102","10"
"3.9019985759952887","103.5","10"
"3.9020194585652046","105","10"
"3.9008730989808758","106.5","10"
"3.900501576244465","108","10"
"3.9014936541555354","109.5","10"
"3.9021818439223104","111","10"
"3.901466226302512","112.5","10"
"3.9005913401270877","114","10"
"3.901009614885698","115.5","10"
"3.9019935891129207","117","10"
"3.901921279318586","118.5","10"
"3.9009684731061625","120","10"
"3.9007443750797535","121.5","10"
"3.9015961969242263","123","10"
"3.9020958202014637","124.5","10"
"3.901451265655408","126","10"
"3.900777724855589","127.5","10"
"3.9011891426509435","129","10"
"3.9019770700650773","130.5","10"
"3.901845541042623","132","10"
"3.9010594837093775","133.5","10"
"3.9009435386943228","135","10"
"3.9016678833582654","136.5","10"
"3.9020213286460925","138","10"
"3.901450018934816","139.5","10"
"3.900937305091363","141","10"
"3.9013293987175417","142.5","10"
"3.9019546290944214","144","10"
"3.9017878802152435","145.5","10"
"3.9011442607096325","147","10"
"3.9011056123712806","148.5","10"
"3.9017171288216486","150","10"
"3.9019577458959014","151.5","10"
"3.901457499258368","153","10"
"3.901073820996185","154.5","10"
"3.9014375517288964","156","10"
"3.901928759642138","157.5","10"
"3.901744556674672","159","10"
"3.901222180746631","160.5","10"
"3.901237141393735","162","10"
"3.901748920196744","163.5","10"
"3.90190507195089","165","10"
"3.901471524865028","166.5","10"
"3.901189454331092","168","10"
"3.901519835287967","169.5","10"
"3.901901331789114","171","10"
"3.9017140120201685","172.5","10"
"3.901292932140226","174","10"
"3.9013440476844976","175.5","10"
"3.90176824436592","177","10"
"3.9018605016897268","178.5","10"
"3.901488978953316","180","10"
"3.9012870102174144","181.5","10"
"3.9015824829977146","183","10"
"3.9018760856971264","184.5","10"
"3.901691882729661","186","10"
"3.9013562032102693","187.5","10"
"3.9014291363649005","189","10"
"3.9017791531710997","190.5","10"
"3.9018249701528553","192","10"
"3.9015098615232313","193.5","10"
"3.9013686704161894","195","10"
"3.901629235019914","196.5","10"
"3.901851774645583","198","10"
"3.9016778571230013","199.5","10"
"3.9014123056369088","201","10"
"3.9014977059974596","202.5","10"
"3.9017828933328755","204","10"
"3.9017956722189435","205.5","10"
"3.9015307440931473","207","10"
"3.9014363050083043","208.5","10"
"3.9016632081560454","210","10"
"3.9018299570352233","211.5","10"
"3.9016685067185612","213","10"
"3.901460927739996","214.5","10"
"3.901551314982915","216","10"
"3.9017825816527276","217.5","10"
"3.9017726078879917","219","10"
"3.901551314982915","220.5","10"
"3.9014924074349437","222","10"
"3.901688454248033","223.5","10"
"3.9018106328660473","225","10"
"3.9016644548766375","226.5","10"
"3.9015039396004196","228","10"
"3.9015943268433384","229.5","10"
"3.901780088211544","231","10"
"3.901755153799704","232.5","10"
"3.9015721975528304","234","10"
"3.901538847776995","235.5","10"
"3.901706531696617","237","10"
"3.9017931787777598","238.5","10"
"3.9016635198361933","240","10"
"3.901540094497587","241.5","10"
"3.901627988299322","243","10"
"3.901775413009324","244.5","10"
"3.901740816512896","246","10"
"3.901590586681562","247.5","10"
"3.9015771844351983","249","10"
"3.9017183755422407","250.5","10"
"3.9017791531710997","252","10"
"3.9016644548766375","253.5","10"
"3.9015712625123866","255","10"
"3.9016532343913095","256.5","10"
"3.9017694910865117","258","10"
"3.9017305310680124","259.5","10"
"3.901608352449998","261","10"
"3.90160804076985","262.5","10"
"3.9017264792260886","264","10"
"3.901766374285032","265.5","10"
"3.9016669483178212","267","10"
"3.9015980670051142","268.5","10"
"3.9016728702406334","270","10"
"3.901764192523996","271.5","10"
"3.9017230507444607","273","10"
"3.901624559817694","274.5","10"
"3.90163297518169","276","10"
"3.9017317777886045","277.5","10"
"3.9017564005202963","279","10"
"3.901670688479597","280.5","10"
"3.9016208196559177","282","10"
"3.901687830887737","283.5","10"
"3.901758270601184","285","10"
"3.9017177521819444","286.5","10"
"3.9016382737442057","288","10"
"3.9016529227111616","289.5","10"
"3.901734271229788","291","10"
"3.9017479851563004","292.5","10"
"3.901675363681817","294","10"
"3.901639520464798","295.5","10"
"3.9016990513730647","297","10"
"3.9017532837188162","298.5","10"
"3.897666221938147","1.5","11"
"3.9029520055680083","3","11"
"3.9029760049394038","4.5","11"
"3.8979906809722107","6","11"
"3.8964428773572632","7.5","11"
"3.9007783482158853","9","11"
"3.90370907664749","10.5","11"
"3.900554873549772","12","11"
"3.8968038029686425","13.5","11"
"3.8986798057794294","15","11"
"3.9029252010752806","16.5","11"
"3.9025430812138375","18","11"
"3.8984114491720048","19.5","11"
"3.897511316904593","21","11"
"3.9012265442687033","22.5","11"
"3.903328515186787","24","11"
"3.900492537520173","25.5","11"
"3.8976241451181672","27","11"
"3.8994667981531186","28.5","11"
"3.9028475927184294","30","11"
"3.902210518495926","31.5","11"
"3.8988153866438076","33","11"
"3.898383086278537","34.5","11"
"3.901535107615219","36","11"
"3.9030000043107993","37.5","11"
"3.900490979119433","39","11"
"3.898326983851898","40.5","11"
"3.9000736394012665","42","11"
"3.902741621468111","43.5","11"
"3.9019608626973814","45","11"
"3.8991931429831785","46.5","11"
"3.8990902885343397","48","11"
"3.901740816512896","49.5","11"
"3.9027216739386392","51","11"
"3.9005314975386725","52.5","11"
"3.898924474695606","54","11"
"3.9005383545019283","55.5","11"
"3.9026234946920204","57","11"
"3.901776971410064","58.5","11"
"3.89953973130775","60","11"
"3.89966253328606","61.5","11"
"3.9018723455353506","63","11"
"3.9024894722283823","64.5","11"
"3.9005988204506394","66","11"
"3.8994293965353592","67.5","11"
"3.9008899297088675","69","11"
"3.902503186154894","70.5","11"
"3.9016460657479057","72","11"
"3.8998526581763375","73.5","11"
"3.900121949824206","75","11"
"3.9019487071716097","76.5","11"
"3.902298100617513","78","11"
"3.9006842208111903","79.5","11"
"3.8998539048969296","81","11"
"3.9011545461545163","82.5","11"
"3.9023863060993955","84","11"
"3.9015569252255786","85.5","11"
"3.900130988548498","87","11"
"3.900488485678249","88.5","11"
"3.901987043829813","90","11"
"3.902143195583959","91.5","11"
"3.900777724855589","93","11"
"3.9002073501847567","94.5","11"
"3.9013502812874576","96","11"
"3.902278776448337","97.5","11"
"3.9014989527180517","99","11"
"3.9003769041852667","100.5","11"
"3.900779594936477","102","11"
"3.9019985759952887","103.5","11"
"3.9020194585652046","105","11"
"3.9008730989808758","106.5","11"
"3.900501576244465","108","11"
"3.9014936541555354","109.5","11"
"3.9021818439223104","111","11"
"3.901466226302512","112.5","11"
"3.9005913401270877","114","11"
"3.901009614885698","115.5","11"
"3.9019935891129207","117","11"
"3.901921279318586","118.5","11"
"3.9009684731061625","120","11"
"3.9007443750797535","121.5","11"
"3.9015961969242263","123","11"
"3.9020958202014637","124.5","11"
"3.901451265655408","126","11"
"3.900777724855589","127.5","11"
"3.9011891426509435","129","11"
"3.9019770700650773","130.5","11"
"3.901845541042623","132","11"
"3.9010594837093775","133.5","11"
"3.9009435386943228","135","11"
"3.9016678833582654","136.5","11"
"3.9020213286460925","138","11"
"3.901450018934816","139.5","11"
"3.900937305091363","141","11"
"3.9013293987175417","142.5","11"
"3.9019546290944214","144","11"
"3.9017878802152435","145.5","11"
"3.9011442607096325","147","11"
"3.9011056123712806","148.5","11"
"3.9017171288216486","150","11"
"3.9019577458959014","151.5","11"
"3.901457499258368","153","11"
"3.901073820996185","154.5","11"
"3.9014375517288964","156","11"
"3.901928759642138","157.5","11"
"3.901744556674672","159","11"
"3.901222180746631","160.5","11"
"3.901237141393735","162","11"
"3.901748920196744","163.5","11"
"3.90190507195089","165","11"
"3.901471524865028","166.5","11"
"3.901189454331092","168","11"
"3.901519835287967","169.5","11"
"3.901901331789114","171","11"
"3.9017140120201685","172.5","11"
"3.901292932140226","174","11"
"3.9013440476844976","175.5","11"
"3.90176824436592","177","11"
"3.9018605016897268","178.5","11"
"3.901488978953316","180","11"
"3.9012870102174144","181.5","11"
"3.9015824829977146","183","11"
"3.9018760856971264","184.5","11"
"3.901691882729661","186","11"
"3.9013562032102693","187.5","11"
"3.9014291363649005","189","11"
"3.9017791531710997","190.5","11"
"3.9018249701528553","192","11"
"3.9015098615232313","193.5","11"
"3.9013686704161894","195","11"
"3.901629235019914","196.5","11"
"3.901851774645583","198","11"
"3.9016778571230013","199.5","11"
"3.9014123056369088","201","11"
"3.9014977059974596","202.5","11"
"3.9017828933328755","204","11"
"3.9017956722189435","205.5","11"
"3.9015307440931473","207","11"
"3.9014363050083043","208.5","11"
"3.9016632081560454","210","11"
"3.9018299570352233","211.5","11"
"3.9016685067185612","213","11"
"3.901460927739996","214.5","11"
"3.901551314982915","216","11"
"3.9017825816527276","217.5","11"
"3.9017726078879917","219","11"
"3.901551314982915","220.5","11"
"3.9014924074349437","222","11"
"3.901688454248033","223.5","11"
"3.9018106328660473","225","11"
"3.9016644548766375","226.5","11"
"3.9015039396004196","228","11"
"3.9015943268433384","229.5","11"
"3.901780088211544","231","11"
"3.901755153799704","232.5","11"
"3.9015721975528304","234","11"
"3.901538847776995","235.5","11"
"3.901706531696617","237","11"
"3.9017931787777598","238.5","11"
"3.9016635198361933","240","11"
"3.901540094497587","241.5","11"
"3.901627988299322","243","11"
"3.901775413009324","244.5","11"
"3.901740816512896","246","11"
"3.901590586681562","247.5","11"
"3.9015771844351983","249","11"
"3.9017183755422407","250.5","11"
"3.9017791531710997","252","11"
"3.9016644548766375","253.5","11"
"3.9015712625123866","255","11"
"3.9016532343913095","256.5","11"
"3.9017694910865117","258","11"
"3.9017305310680124","259.5","11"
"3.901608352449998","261","11"
"3.90160804076985","262.5","11"
"3.9017264792260886","264","11"
"3.901766374285032","265.5","11"
"3.9016669483178212","267","11"
"3.9015980670051142","268.5","11"
"3.9016728702406334","270","11"
"3.901764192523996","271.5","11"
"3.9017230507444607","273","11"
"3.901624559817694","274.5","11"
"3.90163297518169","276","11"
"3.9017317777886045","277.5","11"
"3.9017564005202963","279","11"
"3.901670688479597","280.5","11"
"3.9016208196559177","282","11"
"3.901687830887737","283.5","11"
"3.901758270601184","285","11"
"3.9017177521819444","286.5","11"
"3.9016382737442057","288","11"
"3.9016529227111616","289.5","11"
"3.901734271229788","291","11"
"3.9017479851563004","292.5","11"
"3.901675363681817","294","11"
"3.901639520464798","295.5","11"
"3.9016990513730647","297","11"
"3.9017532837188162","298.5","11"
"3.9002706212548","1.5","12"
"3.899396981799968","3","12"
"3.9011230664595686","4.5","12"
"3.902537159291026","6","12"
"3.9013639952139694","7.5","12"
"3.899658793124284","9","12"
"3.900260647490064","10.5","12"
"3.9021092224478275","12","12"
"3.902148182466327","13.5","12"
"3.900414305803026","15","12"
"3.8998433077718975","16.5","12"
"3.9013418659234618","18","12"
"3.902390046261172","19.5","12"
"3.901311632949106","21","12"
"3.8999835638384956","22.5","12"
"3.9006106642962632","24","12"
"3.9021023654845712","25.5","12"
"3.901998887675437","27","12"
"3.900556431950512","28.5","12"
"3.9002110903465326","30","12"
"3.9014998877584954","31.5","12"
"3.9022603873196053","33","12"
"3.9012876335777102","34.5","12"
"3.900264699331988","36","12"
"3.900884007786056","37.5","12"
"3.902078054433028","39","12"
"3.9018829426603823","40.5","12"
"3.9006929478553345","42","12"
"3.9005137317702365","43.5","12"
"3.90160959917059","45","12"
"3.9021472474258827","46.5","12"
"3.9012845167762302","48","12"
"3.9005065631268327","49.5","12"
"3.9010971970072847","51","12"
"3.9020443929770443","52.5","12"
"3.9017953605387956","54","12"
"3.9008213600763084","55.5","12"
"3.900759647407005","57","12"
"3.9016844024061093","58.5","12"
"3.902051873300596","60","12"
"3.9012954255814103","61.5","12"
"3.9007128953848063","63","12"
"3.901261452445279","64.5","12"
"3.9020051212783966","66","12"
"3.9017292843474203","67.5","12"
"3.900938863492103","69","12"
"3.9009597460620187","70.5","12"
"3.901732712829048","72","12"
"3.901971148142265","73.5","12"
"3.90131568479103","75","12"
"3.9008877479478317","76.5","12"
"3.9013867478647732","78","12"
"3.901964914539305","79.5","12"
"3.901681908964925","81","12"
"3.9010451464225695","82.5","12"
"3.901120884698533","84","12"
"3.901762634123256","85.5","12"
"3.901903825230298","87","12"
"3.9013428009639055","88.5","12"
"3.9010351726578336","90","12"
"3.9014811869496158","91.5","12"
"3.9019262662009537","93","12"
"3.9016485591890895","94.5","12"
"3.901140832228004","96","12"
"3.901250231959951","97.5","12"
"3.901778218130656","99","12"
"3.901849281204399","100.5","12"
"3.901373033938261","102","12"
"3.90115859799644","103.5","12"
"3.9015522500233586","105","12"
"3.901889799623638","106.5","12"
"3.9016270532588777","108","12"
"3.9012246741878154","109.5","12"
"3.9013537097690856","111","12"
"3.901785075093912","112.5","12"
"3.9018053343035315","114","12"
"3.901404201953061","115.5","12"
"3.901261452445279","117","12"
"3.9016043006080743","118.5","12"
"3.9018564498478026","120","12"
"3.901613651012514","121.5","12"
"3.901299165743186","123","12"
"3.901435058287712","124.5","12"
"3.9017844517336155","126","12"
"3.901770114446808","127.5","12"
"3.9014359933281564","129","12"
"3.9013462294455334","130.5","12"
"3.9016420139059815","132","12"
"3.9018265285535954","133.5","12"
"3.901606794049258","135","12"
"3.901363060173525","136.5","12"
"3.9014995760783475","138","12"
"3.901780088211544","139.5","12"
"3.9017433099540804","141","12"
"3.901466226302512","142.5","12"
"3.9014160457986846","144","12"
"3.901669130078857","145.5","12"
"3.9018012824616073","147","12"
"3.901605547328666","148.5","12"
"3.901418539239869","150","12"
"3.901549756582175","151.5","12"
"3.901773231248288","153","12"
"3.9017227390643123","154.5","12"
"3.9014949008761275","156","12"
"3.901473706626064","157.5","12"
"3.901687207527441","159","12"
"3.9017791531710997","160.5","12"
"3.901606170688962","162","12"
"3.901465914622364","163.5","12"
"3.901588716600674","165","12"
"3.90176512756444","166.5","12"
"3.9017059083363206","168","12"
"3.9015210820085593","169.5","12"
"3.901519835287967","171","12"
"3.9016993630532126","172.5","12"
"3.901760140682072","174","12"
"3.901610534211034","175.5","12"
"3.9015058096813076","177","12"
"3.901618637894882","178.5","12"
"3.901756712200444","180","12"
"3.901695311211289","181.5","12"
"3.901545081379955","183","12"
"3.9015581719461707","184.5","12"
"3.901707778417209","186","12"
"3.9017451800349683","187.5","12"
"3.90161583277355","189","12"
"3.901539782817439","190.5","12"
"3.901641078865538","192","12"
"3.901747673476152","193.5","12"
"3.901686895847293","195","12"
"3.9015668989903145","196.5","12"
"3.9015880932403784","198","12"
"3.9017118302591327","199.5","12"
"3.9017320894687524","201","12"
"3.9016220663765098","202.5","12"
"3.9015687690712024","204","12"
"3.9016582212736775","205.5","12"
"3.9017401931526003","207","12"
"3.901680973924481","208.5","12"
"3.9015862231594904","210","12"
"3.901613027652218","211.5","12"
"3.9017140120201685","213","12"
"3.9017218040238686","214.5","12"
"3.901629235019914","216","12"
"3.9015924567624505","217.5","12"
"3.9016710001597454","219","12"
"3.9017320894687524","220.5","12"
"3.9016778571230013","222","12"
"3.901603053887482","223.5","12"
"3.9016320401412456","225","12"
"3.9017143237003165","226.5","12"
"3.9017133886598727","228","12"
"3.9016357803030215","229.5","12"
"3.901612092611774","231","12"
"3.901680350564185","232.5","12"
"3.9017255441856444","234","12"
"3.901675675361965","235.5","12"
"3.9016173911742897","237","12"
"3.9016470007883495","238.5","12"
"3.9017133886598727","240","12"
"3.9017068433767648","241.5","12"
"3.9016420139059815","243","12"
"3.9016286116596177","244.5","12"
"3.901686895847293","246","12"
"3.9017193105826844","247.5","12"
"3.901675363681817","249","12"
"3.90162985838021","250.5","12"
"3.9016594679942695","252","12"
"3.9017121419392806","253.5","12"
"3.901701856494397","255","12"
"3.9016491825493853","256.5","12"
"3.9016420139059815","258","12"
"3.901691882729661","259.5","12"
"3.901714635380465","261","12"
"3.901675363681817","262.5","12"
"3.901641078865538","264","12"
"3.9016685067185612","265.5","12"
"3.9017105835385406","267","12"
"3.901698116332621","268.5","12"
"3.9016544811119016","270","12"
"3.9016529227111616","271.5","12"
"3.9016943761708447","273","12"
"3.9017102718583927","274.5","12"
"3.901675363681817","276","12"
"3.9016504292699774","277.5","12"
"3.901675987042113","279","12"
"3.9017084017775048","280.5","12"
"3.901695311211289","282","12"
"3.9016604030347133","283.5","12"
"3.9016619614354533","285","12"
"3.901696869612029","286.5","12"
"3.9017068433767648","288","12"
"3.901676922082557","289.5","12"
"3.9016579095935295","291","12"
"3.901680973924481","292.5","12"
"3.9017068433767648","294","12"
"3.901693441130401","295.5","12"
"3.9016647665567854","297","12"
"3.901669130078857","298.5","12"
"3.9018729688956464","1.5","13"
"3.9006708185648264","3","13"
"3.900574821079244","4.5","13"
"3.9017093368179485","6","13"
"3.9021796621612745","7.5","13"
"3.901258023963651","9","13"
"3.9005265106563045","10.5","13"
"3.901187895930352","12","13"
"3.9021142093301955","13.5","13"
"3.9017900619762798","15","13"
"3.900813256392461","16.5","13"
"3.9008219834366047","18","13"
"3.9017726078879917","19.5","13"
"3.90208085955436","21","13"
"3.9012807766144544","22.5","13"
"3.9007409465981255","24","13"
"3.901344982724942","25.5","13"
"3.9020668339477","27","13"
"3.9017302193878645","28.5","13"
"3.900942291973731","30","13"
"3.9010220820916177","31.5","13"
"3.9018115679064915","33","13"
"3.9019985759952887","34.5","13"
"3.901311632949106","36","13"
"3.9009226561244073","37.5","13"
"3.901463732861328","39","13"
"3.9020200819255004","40.5","13"
"3.901687830887737","42","13"
"3.9010585486689333","43.5","13"
"3.9011822856876877","45","13"
"3.901833073836703","46.5","13"
"3.9019315647634696","48","13"
"3.9013474761661255","49.5","13"
"3.901073820996185","51","13"
"3.9015531850638028","52.5","13"
"3.901976135024633","54","13"
"3.9016604030347133","55.5","13"
"3.901160779757476","57","13"
"3.901310386228514","58.5","13"
"3.9018430476014387","60","13"
"3.9018773324177185","61.5","13"
"3.9013851894640332","63","13"
"3.9012006748164194","64.5","13"
"3.901619261255178","66","13"
"3.9019359282855417","67.5","13"
"3.9016420139059815","69","13"
"3.901251478680543","70.5","13"
"3.9014116822766125","72","13"
"3.901843982641883","73.5","13"
"3.901834008877147","75","13"
"3.9014222794016447","76.5","13"
"3.901305399346146","78","13"
"3.9016669483178212","79.5","13"
"3.901899773388374","81","13"
"3.9016332868618377","82.5","13"
"3.9013293987175417","84","13"
"3.9014914723944996","85.5","13"
"3.901839930799959","87","13"
"3.9018000357410156","88.5","13"
"3.901459057659108","90","13"
"3.901391423066993","91.5","13"
"3.9017009214539526","93","13"
"3.9018686053735747","94.5","13"
"3.90162985838021","96","13"
"3.9013967216295087","97.5","13"
"3.901554743464543","99","13"
"3.9018315154359633","100.5","13"
"3.901773231248288","102","13"
"3.9014933424753875","103.5","13"
"3.901462486140736","105","13"
"3.9017242974650523","106.5","13"
"3.9018414892006987","108","13"
"3.901631105100802","109.5","13"
"3.901455005817184","111","13"
"3.901603053887482","112.5","13"
"3.901822476711671","114","13"
"3.90175421875926","115.5","13"
"3.9015257572107793","117","13"
"3.901520146968115","118.5","13"
"3.9017405048327483","120","13"
"3.9018187365498953","121.5","13"
"3.9016354686228736","123","13"
"3.9015048746408634","124.5","13"
"3.9016407671853894","126","13"
"3.9018125029469353","127.5","13"
"3.901739258112156","129","13"
"3.901554431784395","130.5","13"
"3.9015672106704624","132","13"
"3.9017501669173362","133.5","13"
"3.9018000357410156","135","13"
"3.9016420139059815","136.5","13"
"3.901546328100547","138","13"
"3.9016694417590054","139.5","13"
"3.9018015941417556","141","13"
"3.9017292843474203","142.5","13"
"3.9015806129168262","144","13"
"3.901604612288222","145.5","13"
"3.901756712200444","147","13"
"3.9017841400534676","148.5","13"
"3.9016494942295337","150","13"
"3.9015812362771225","151.5","13"
"3.901690324328921","153","13"
"3.9017925554174635","154.5","13"
"3.9017218040238686","156","13"
"3.901603677247778","157.5","13"
"3.90163453358243","159","13"
"3.901759205641628","160.5","13"
"3.901771672847548","162","13"
"3.9016569745530854","163.5","13"
"3.901610534211034","165","13"
"3.901706531696617","166.5","13"
"3.901783205013024","168","13"
"3.9017171288216486","169.5","13"
"3.901624559817694","171","13"
"3.9016585329538254","172.5","13"
"3.901760140682072","174","13"
"3.901761387402664","175.5","13"
"3.9016653899170812","177","13"
"3.9016354686228736","178.5","13"
"3.9017177521819444","180","13"
"3.901775101329176","181.5","13"
"3.9017152587407606","183","13"
"3.9016423255861294","184.5","13"
"3.901677233762705","186","13"
"3.901760140682072","187.5","13"
"3.9017532837188162","189","13"
"3.901673493600929","190.5","13"
"3.9016554161523453","192","13"
"3.9017267909062365","193.5","13"
"3.9017679326857717","195","13"
"3.9017133886598727","196.5","13"
"3.9016579095935295","198","13"
"3.901692817770105","199.5","13"
"3.9017579589210363","201","13"
"3.9017467384357083","202.5","13"
"3.901681597284777","204","13"
"3.9016716235200413","205.5","13"
"3.901732712829048","207","13"
"3.901761699082812","208.5","13"
"3.9017133886598727","210","13"
"3.9016710001597454","211.5","13"
"3.9017043499355806","213","13"
"3.9017564005202963","214.5","13"
"3.9017420632334883","216","13"
"3.901688454248033","217.5","13"
"3.901685337446553","219","13"
"3.9017367646709724","220.5","13"
"3.901756712200444","222","13"
"3.9017143237003165","223.5","13"
"3.9016828440053692","225","13"
"3.9017127652995764","226.5","13"
"3.90175421875926","228","13"
"3.9017383230717124","229.5","13"
"3.901694687850993","231","13"
"3.9016959345715847","232.5","13"
"3.901739258112156","234","13"
"3.9017517253180762","235.5","13"
"3.9017155704209086","237","13"
"3.901692194409809","238.5","13"
"3.9017202456231286","240","13"
"3.9017517253180762","241.5","13"
"3.9017358296305282","243","13"
"3.9017009214539526","244.5","13"
"3.9017052849760248","246","13"
"3.901740816512896","247.5","13"
"3.9017482968364483","249","13"
"3.9017168171415006","250.5","13"
"3.901700298093657","252","13"
"3.9017252325054965","253.5","13"
"3.901749231876892","255","13"
"3.901734271229788","256.5","13"
"3.9017059083363206","258","13"
"3.9017121419392806","259.5","13"
"3.9017417515533404","261","13"
"3.9017451800349683","262.5","13"
"3.9017193105826844","264","13"
"3.9017071550569127","265.5","13"
"3.9017289726672724","267","13"
"3.901747673476152","268.5","13"
"3.9017330245091966","270","13"
"3.9017108952186885","271.5","13"
"3.9017180638620927","273","13"
"3.9017417515533404","274.5","13"
"3.9017429982739325","276","13"
"3.9017208689834244","277.5","13"
"3.9017127652995764","279","13"
"3.9017317777886045","280.5","13"
"3.901745803395264","282","13"
"3.9017320894687524","283.5","13"
"3.9017152587407606","285","13"
"3.9017227390643123","286.5","13"
"3.9017417515533404","288","13"
"3.901740816512896","289.5","13"
"3.9017227390643123","291","13"
"3.9017177521819444","292.5","13"
"3.9017333361893445","294","13"
"3.901744244994524","295.5","13"
"3.9017317777886045","297","13"
"3.9017183755422407","298.5","13"
"3.90012444326539","1.5","14"
"3.9030205752005673","3","14"
"3.9016205079757698","4.5","14"
"3.8984444872676924","6","14"
"3.8988103997614396","7.5","14"
"3.9020069913592845","9","14"
"3.902720115537899","10.5","14"
"3.8999274614118566","12","14"
"3.8983902549219414","13.5","14"
"3.9006075474947837","15","14"
"3.9028260867882176","16.5","14"
"3.901448460534076","18","14"
"3.898920111173534","19.5","14"
"3.8994636813516386","21","14"
"3.9020905216389474","22.5","14"
"3.9024449019672187","24","14"
"3.9000748861218586","25.5","14"
"3.899009251695861","27","14"
"3.9009666030252745","28.5","14"
"3.902643442221492","30","14"
"3.9013362556807976","31.5","14"
"3.8993405676931805","33","14"
"3.89998138207746","34.5","14"
"3.9021241830949314","36","14"
"3.902223297381994","37.5","14"
"3.9002307261958564","39","14"
"3.899523523940054","40.5","14"
"3.901229037709887","42","14"
"3.9024773167026106","43.5","14"
"3.9012679977283864","45","14"
"3.8997092853082593","46.5","14"
"3.9003912414720743","48","14"
"3.902123248054487","49.5","14"
"3.90204813313882","51","14"
"3.9003868779500026","52.5","14"
"3.89994865566192","54","14"
"3.901418539239869","55.5","14"
"3.9023292686323123","57","14"
"3.901234024592255","58.5","14"
"3.900030004180547","60","14"
"3.900711960344362","61.5","14"
"3.9021017421242754","63","14"
"3.90191130555385","64.5","14"
"3.9005383545019283","66","14"
"3.9002971140673797","67.5","14"
"3.901551314982915","69","14"
"3.9022014797716342","70.5","14"
"3.901224362507667","72","14"
"3.9003055294313755","73.5","14"
"3.900962239503203","75","14"
"3.9020668339477","76.5","14"
"3.9018075160645673","78","14"
"3.9006811040097107","79.5","14"
"3.9005823014027956","81","14"
"3.9016432606265736","82.5","14"
"3.902090833319096","84","14"
"3.901232154511367","85.5","14"
"3.9005414713034083","87","14"
"3.9011545461545163","88.5","14"
"3.9020247571277205","90","14"
"3.9017292843474203","91.5","14"
"3.9008126330321646","93","14"
"3.9008141914329046","94.5","14"
"3.901703414895137","96","14"
"3.9019982643151407","97.5","14"
"3.901252102040839","99","14"
"3.9007418816385697","100.5","14"
"3.9013019708645182","102","14"
"3.901981433587149","103.5","14"
"3.901672246880337","105","14"
"3.900932941569291","106.5","14"
"3.901001199521702","108","14"
"3.901740816512896","109.5","14"
"3.901921279318586","111","14"
"3.9012795298938623","112.5","14"
"3.9009105005986355","114","14"
"3.9014147990780925","115.5","14"
"3.9019377983664296","117","14"
"3.9016320401412456","118.5","14"
"3.9010401595402016","120","14"
"3.901151741033184","121.5","14"
"3.901761699082812","123","14"
"3.9018580082485426","124.5","14"
"3.901311944629254","126","14"
"3.9010520033858254","127.5","14"
"3.9014983293577554","129","14"
"3.9018972799471903","130.5","14"
"3.901604612288222","132","14"
"3.901135845345636","133.5","14"
"3.9012720495703106","135","14"
"3.901770737807104","136.5","14"
"3.9018065810241236","138","14"
"3.9013462294455334","139.5","14"
"3.901170441842064","141","14"
"3.901560665387355","142.5","14"
"3.9018598783294305","144","14"
"3.9015880932403784","145.5","14"
"3.901219375625299","147","14"
"3.9013674236955973","148.5","14"
"3.9017726078879917","150","14"
"3.901765750924736","151.5","14"
"3.901381137622109","153","14"
"3.9012683094085348","154.5","14"
"3.9016058590088143","156","14"
"3.9018265285535954","157.5","14"
"3.9015784311557904","159","14"
"3.901292620460078","160.5","14"
"3.9014422269311164","162","14"
"3.90176824436592","163.5","14"
"3.9017339595496403","165","14"
"3.9014141757177967","166.5","14"
"3.9013493462470135","168","14"
"3.9016379620640578","169.5","14"
"3.9017969189395356","171","14"
"3.9015756260344583","172.5","14"
"3.9013552681698256","174","14"
"3.9015008227989396","175.5","14"
"3.901761699082812","177","14"
"3.9017093368179485","178.5","14"
"3.90144627877304","180","14"
"3.901415422438389","181.5","14"
"3.901660714714861","183","14"
"3.901771672847548","184.5","14"
"3.9015756260344583","186","14"
"3.9014098121957246","187.5","14"
"3.9015469514608427","189","14"
"3.9017532837188162","190.5","14"
"3.901690636009069","192","14"
"3.9014758883871","193.5","14"
"3.90146965478414","195","14"
"3.901675675361965","196.5","14"
"3.901750478597484","198","14"
"3.9015796778763825","199.5","14"
"3.901455940857628","201","14"
"3.9015821713175662","202.5","14"
"3.9017433099540804","204","14"
"3.901676922082557","205.5","14"
"3.9015033162401234","207","14"
"3.9015132900048592","208.5","14"
"3.901685337446553","210","14"
"3.901732712829048","211.5","14"
"3.901585599799194","213","14"
"3.9014949008761275","214.5","14"
"3.901608664130146","216","14"
"3.901734271229788","217.5","14"
"3.9016669483178212","219","14"
"3.9015273156115193","220.5","14"
"3.9015488215417307","222","14"
"3.9016909476892168","223.5","14"
"3.9017177521819444","225","14"
"3.901592145082302","226.5","14"
"3.9015276272916672","228","14"
"3.901629235019914","229.5","14"
"3.9017246091452007","231","14"
"3.9016597796744175","232.5","14"
"3.9015488215417307","234","14"
"3.9015768727550504","235.5","14"
"3.901693441130401","237","14"
"3.9017059083363206","238.5","14"
"3.9015993137257063","240","14"
"3.9015550551446907","241.5","14"
"3.9016441956670174","243","14"
"3.9017165054613527","244.5","14"
"3.9016557278324933","246","14"
"3.9015681457109066","247.5","14"
"3.9015996254058543","249","14"
"3.9016943761708447","250.5","14"
"3.9016959345715847","252","14"
"3.901607105729406","253.5","14"
"3.9015781194756425","255","14"
"3.9016554161523453","256.5","14"
"3.9017090251378006","258","14"
"3.9016529227111616","259.5","14"
"3.9015846647587504","261","14"
"3.901617079494142","262.5","14"
"3.9016943761708447","264","14"
"3.901688454248033","265.5","14"
"3.90161427437281","267","14"
"3.9015961969242263","268.5","14"
"3.9016628964758975","270","14"
"3.901701856494397","271.5","14"
"3.9016519876707174","273","14"
"3.9015996254058543","274.5","14"
"3.901631105100802","276","14"
"3.901692817770105","277.5","14"
"3.9016828440053692","279","14"
"3.901621131336066","280.5","14"
"3.901612092611774","282","14"
"3.9016685067185612","283.5","14"
"3.901696557931881","285","14"
"3.9016516759905695","286.5","14"
"3.90161115757133","288","14"
"3.9016420139059815","289.5","14"
"3.9016909476892168","291","14"
"3.901678480483297","292.5","14"
"3.901627988299322","294","14"
"3.901624559817694","295.5","14"
"3.901672246880337","297","14"
"3.901691571049513","298.5","14"
"3.89758175661804","1.5","15"
"3.9008487879293323","3","15"
"3.9032278424989846","4.5","15"
"3.9009073837971555","6","15"
"3.8979342668654233","7.5","15"
"3.899248310369374","9","15"
"3.902557106820497","10.5","15"
"3.9024009550663514","12","15"
"3.899224934358274","13.5","15"
"3.898400540366825","15","15"
"3.9012140770627832","16.5","15"
"3.9029435902040124","18","15"
"3.90084130760578","19.5","15"
"3.898551081878307","21","15"
"3.8998657487425534","22.5","15"
"3.902515030000518","24","15"
"3.902138208701591","25.5","15"
"3.89951635529665","27","15"
"3.89907158772546","28.5","15"
"3.9014702781444357","30","15"
"3.9026964278466516","31.5","15"
"3.900823230157197","33","15"
"3.899081249810048","34.5","15"
"3.900345424490319","36","15"
"3.902447083728255","37.5","15"
"3.901938733406874","39","15"
"3.8997909455070343","40.5","15"
"3.8996182747050447","42","15"
"3.9016445073471657","43.5","15"
"3.9024857320666064","45","15"
"3.9008400608851885","46.5","15"
"3.8995334977047897","48","15"
"3.900713518745102","49.5","15"
"3.902366670250072","51","15"
"3.9017891269358356","52.5","15"
"3.900044964827651","54","15"
"3.900061483875495","55.5","15"
"3.901758270601184","57","15"
"3.9023077627021006","58.5","15"
"3.900879332583836","60","15"
"3.8999174876471208","61.5","15"
"3.9009959009591864","63","15"
"3.902281893249817","64.5","15"
"3.901680973924481","66","15"
"3.900275608137168","67.5","15"
"3.900418981005246","69","15"
"3.901828086954335","70.5","15"
"3.902159714631803","72","15"
"3.900934811650179","73.5","15"
"3.90024101164074","75","15"
"3.9012084668201195","76.5","15"
"3.902198362970154","78","15"
"3.90160492396837","79.5","15"
"3.9004825637554372","81","15"
"3.900705726741402","82.5","15"
"3.9018664236125384","84","15"
"3.9020394060946764","85.5","15"
"3.9009971476797785","87","15"
"3.900512485049645","88.5","15"
"3.901367735375745","90","15"
"3.9021198195728592","91.5","15"
"3.901554431784395","93","15"
"3.9006658316824585","94.5","15"
"3.900934811650179","96","15"
"3.9018829426603823","97.5","15"
"3.9019421618885017","99","15"
"3.901063847231449","100.5","15"
"3.9007378297966455","102","15"
"3.9014849271113916","103.5","15"
"3.9020475097785243","105","15"
"3.901523575449743","106.5","15"
"3.9008266586388247","108","15"
"3.901115897816165","109.5","15"
"3.9018851244214185","111","15"
"3.9018648652117984","112.5","15"
"3.9011311701434166","114","15"
"3.900924837885443","115.5","15"
"3.9015697041116466","117","15"
"3.901983615348185","118.5","15"
"3.9015064330416034","120","15"
"3.900967226385571","121.5","15"
"3.901258023963651","123","15"
"3.9018767090574227","124.5","15"
"3.9018040875829394","126","15"
"3.9011959996141994","127.5","15"
"3.901078807878553","129","15"
"3.9016304817405056","130.5","15"
"3.901927201241398","132","15"
"3.9015011344790875","133.5","15"
"3.901087534922697","135","15"
"3.9013692937764852","136.5","15"
"3.9018629951309105","138","15"
"3.901757647240888","139.5","15"
"3.901258023963651","141","15"
"3.9012047266583436","142.5","15"
"3.901671935200189","144","15"
"3.9018788908184585","145.5","15"
"3.9015036279202713","147","15"
"3.9011907010516835","148.5","15"
"3.901455940857628","150","15"
"3.901845541042623","151.5","15"
"3.9017221157040165","153","15"
"3.901315061430734","154.5","15"
"3.901307581107182","156","15"
"3.901700298093657","157.5","15"
"3.901838060719071","159","15"
"3.9015111082438234","160.5","15"
"3.9012789065335665","162","15"
"3.9015223287291514","163.5","15"
"3.901827463594039","165","15"
"3.901696557931881","166.5","15"
"3.9013668003353015","168","15"
"3.901391111386845","169.5","15"
"3.9017177521819444","171","15"
"3.9018040875829394","172.5","15"
"3.9015226404092993","174","15"
"3.9013537097690856","175.5","15"
"3.9015725092329787","177","15"
"3.9018087627851594","178.5","15"
"3.9016778571230013","180","15"
"3.9014141757177967","181.5","15"
"3.901457499258368","183","15"
"3.9017283493069765","184.5","15"
"3.901776348049768","186","15"
"3.901536042655663","187.5","15"
"3.9014160457986846","189","15"
"3.9016108458911822","190.5","15"
"3.9017913086968714","192","15"
"3.9016653899170812","193.5","15"
"3.901455940857628","195","15"
"3.9015114199239713","196.5","15"
"3.9017333361893445","198","15"
"3.9017532837188162","199.5","15"
"3.9015500682623228","201","15"
"3.9014684080635478","202.5","15"
"3.9016385854243536","204","15"
"3.901775101329176","205.5","15"
"3.9016572862332333","207","15"
"3.9014924074349437","208.5","15"
"3.901554431784395","210","15"
"3.901734271229788","211.5","15"
"3.9017352062702324","213","15"
"3.901565652269723","214.5","15"
"3.9015114199239713","216","15"
"3.9016594679942695","217.5","15"
"3.901760140682072","219","15"
"3.9016529227111616","220.5","15"
"3.9015238871298914","222","15"
"3.9015874698800825","223.5","15"
"3.9017333361893445","225","15"
"3.9017208689834244","226.5","15"
"3.9015796778763825","228","15"
"3.901547263140991","229.5","15"
"3.9016747403215213","231","15"
"3.901747673476152","232.5","15"
"3.9016510526302737","234","15"
"3.901551314982915","235.5","15"
"3.901613651012514","237","15"
"3.9017305310680124","238.5","15"
"3.9017102718583927","240","15"
"3.9015930801227463","241.5","15"
"3.9015771844351983","243","15"
"3.901685337446553","244.5","15"
"3.9017367646709724","246","15"
"3.9016510526302737","247.5","15"
"3.9015756260344583","249","15"
"3.90163453358243","250.5","15"
"3.9017267909062365","252","15"
"3.9017009214539526","253.5","15"
"3.9016058590088143","255","15"
"3.9016008721264464","256.5","15"
"3.901691882729661","258","15"
"3.9017267909062365","259.5","15"
"3.9016519876707174","261","15"
"3.9015958852440784","262.5","15"
"3.9016504292699774","264","15"
"3.9017227390643123","265.5","15"
"3.901695311211289","267","15"
"3.9016173911742897","268.5","15"
"3.9016205079757698","270","15"
"3.901696557931881","271.5","15"
"3.9017193105826844","273","15"
"3.9016544811119016","274.5","15"
"3.901613027652218","276","15"
"3.9016628964758975","277.5","15"
"3.9017189989025365","279","15"
"3.901690324328921","280.5","15"
"3.901627988299322","282","15"
"3.90163609198317","283.5","15"
"3.9016993630532126","285","15"
"3.9017127652995764","286.5","15"
"3.9016572862332333","288","15"
"3.9016270532588777","289.5","15"
"3.9016716235200413","291","15"
"3.9017152587407606","292.5","15"
"3.901687830887737","294","15"
"3.9016379620640578","295.5","15"
"3.9016491825493853","297","15"
"3.9017009214539526","298.5","15"
"3.902517211761554","1.5","16"
"3.9020755609918436","3","16"
"3.8996223265469685","4.5","16"
"3.8992916339099453","6","16"
"3.9015631588285387","7.5","16"
"3.902637208618532","9","16"
"3.9008353856829685","10.5","16"
"3.8992592191745534","12","16"
"3.900506251446685","13.5","16"
"3.902442408526035","15","16"
"3.9018950981861544","16.5","16"
"3.8998919298749852","18","16"
"3.8998006075916223","19.5","16"
"3.9017133886598727","21","16"
"3.902437421643667","22.5","16"
"3.900862501855844","24","16"
"3.899688402738344","25.5","16"
"3.9008425543263723","27","16"
"3.902358878246372","28.5","16"
"3.901761699082812","30","16"
"3.9001400272727897","31.5","16"
"3.900213272107569","33","16"
"3.9018090744653073","34.5","16"
"3.902270361084341","36","16"
"3.9009098772383393","37.5","16"
"3.9000521334710547","39","16"
"3.901098132047729","40.5","16"
"3.9022731662056733","42","16"
"3.9016653899170812","43.5","16"
"3.900363813619051","45","16"
"3.900545211465184","46.5","16"
"3.9018664236125384","48","16"
"3.902132910139075","49.5","16"
"3.900968784786311","51","16"
"3.900356956655795","52.5","16"
"3.9012904386990424","54","16"
"3.902190570966454","55.5","16"
"3.901599937086002","57","16"
"3.900563912274064","58.5","16"
"3.9008107629512767","60","16"
"3.901896033226598","61.5","16"
"3.9020207052857967","63","16"
"3.9010348609776857","64.5","16"
"3.9006122226970033","66","16"
"3.901433499886972","67.5","16"
"3.9021132742897513","69","16"
"3.9015572369057265","70.5","16"
"3.9007403232378297","72","16"
"3.9010220820916177","73.5","16"
"3.901906006991334","75","16"
"3.901930318042878","76.5","16"
"3.901102495569801","78","16"
"3.9008251002380847","79.5","16"
"3.901538224416699","81","16"
"3.902043769616748","82.5","16"
"3.9015323024938873","84","16"
"3.9008939815507917","85.5","16"
"3.9011885192906477","87","16"
"3.9019035135501503","88.5","16"
"3.9018598783294305","90","16"
"3.901170441842064","91.5","16"
"3.90099995280111","93","16"
"3.90161427437281","94.5","16"
"3.9019820569474453","96","16"
"3.901520146968115","97.5","16"
"3.901027692334282","99","16"
"3.901319424952806","100.5","16"
"3.9018926047449702","102","16"
"3.9018040875829394","103.5","16"
"3.901234336272403","105","16"
"3.9011442607096325","106.5","16"
"3.901667259997969","108","16"
"3.901928759642138","109.5","16"
"3.901518276887227","111","16"
"3.9011430139890404","112.5","16"
"3.9014216560413484","114","16"
"3.9018767090574227","115.5","16"
"3.901761699082812","117","16"
"3.9012954255814103","118.5","16"
"3.901261764125427","120","16"
"3.901703414895137","121.5","16"
"3.9018829426603823","123","16"
"3.901523263769595","124.5","16"
"3.901241504915807","126","16"
"3.9015008227989396","127.5","16"
"3.9018589432889867","129","16"
"3.9017305310680124","130.5","16"
"3.9013512163279014","132","16"
"3.9013568265705656","133.5","16"
"3.9017277259466803","135","16"
"3.901844294322031","136.5","16"
"3.9015323024938873","138","16"
"3.9013244118351738","139.5","16"
"3.901560977067503","141","16"
"3.901839930799959","142.5","16"
"3.901707778417209","144","16"
"3.9014013968317287","145.5","16"
"3.9014347466075643","147","16"
"3.9017417515533404","148.5","16"
"3.9018125029469353","150","16"
"3.901544769699807","151.5","16"
"3.9013948515486208","153","16"
"3.901607105729406","154.5","16"
"3.9018215416712274","156","16"
"3.9016909476892168","157.5","16"
"3.901446590453188","159","16"
"3.9014964592768675","160.5","16"
"3.9017501669173362","162","16"
"3.901786633494652","163.5","16"
"3.9015587953064665","165","16"
"3.9014540707767402","166.5","16"
"3.901641078865538","168","16"
"3.9018043992630873","169.5","16"
"3.901680350564185","171","16"
"3.9014864855121316","172.5","16"
"3.901546328100547","174","16"
"3.9017532837188162","175.5","16"
"3.901765439244588","177","16"
"3.9015737559535704","178.5","16"
"3.9015033162401234","180","16"
"3.9016660132773775","181.5","16"
"3.901788191895392","183","16"
"3.901674116961225","184.5","16"
"3.9015223287291514","186","16"
"3.901585599799194","187.5","16"
"3.9017532837188162","189","16"
"3.9017482968364483","190.5","16"
"3.901588716600674","192","16"
"3.9015438346593627","193.5","16"
"3.901685337446553","195","16"
"3.901775101329176","196.5","16"
"3.901670376799449","198","16"
"3.9015522500233586","199.5","16"
"3.901616144453698","201","16"
"3.9017517253180762","202.5","16"
"3.9017358296305282","204","16"
"3.9016024305271864","205.5","16"
"3.9015771844351983","207","16"
"3.901697804652473","208.5","16"
"3.901762634123256","210","16"
"3.9016694417590054","211.5","16"
"3.9015787428359383","213","16"
"3.9016407671853894","214.5","16"
"3.9017482968364483","216","16"
"3.9017252325054965","217.5","16"
"3.901616144453698","219","16"
"3.901604612288222","220.5","16"
"3.9017068433767648","222","16"
"3.9017517253180762","223.5","16"
"3.9016697534391533","225","16"
"3.90160180716689","226.5","16"
"3.9016597796744175","228","16"
"3.9017451800349683","229.5","16"
"3.9017177521819444","231","16"
"3.9016286116596177","232.5","16"
"3.9016270532588777","234","16"
"3.901713076979725","235.5","16"
"3.9017429982739325","237","16"
"3.901671935200189","238.5","16"
"3.9016208196559177","240","16"
"3.901674116961225","241.5","16"
"3.901740816512896","243","16"
"3.9017121419392806","244.5","16"
"3.9016404555052415","246","16"
"3.9016454423876095","247.5","16"
"3.9017168171415006","249","16"
"3.9017358296305282","250.5","16"
"3.901674116961225","252","16"
"3.9016370270236136","253.5","16"
"3.901685337446553","255","16"
"3.9017367646709724","256.5","16"
"3.901707778417209","258","16"
"3.9016504292699774","259.5","16"
"3.9016594679942695","261","16"
"3.9017193105826844","262.5","16"
"3.9017292843474203","264","16"
"3.901676922082557","265.5","16"
"3.9016507409501253","267","16"
"3.901693129450253","268.5","16"
"3.901732712829048","270","16"
"3.9017052849760248","271.5","16"
"3.9016594679942695","273","16"
"3.901671935200189","274.5","16"
"3.9017202456231286","276","16"
"3.9017242974650523","277.5","16"
"3.901680350564185","279","16"
"3.901662273115601","280.5","16"
"3.9016993630532126","282","16"
"3.9017292843474203","283.5","16"
"3.901703414895137","285","16"
"3.9016678833582654","286.5","16"
"3.901680973924481","288","16"
"3.9017202456231286","289.5","16"
"3.9017208689834244","291","16"
"3.901683467365665","292.5","16"
"3.901671935200189","294","16"
"3.9017043499355806","295.5","16"
"3.9017258558657923","297","16"
"3.901702791534841","298.5","16"
"3.9013437360043497","1.5","17"
"3.9030074846343514","3","17"
"3.9007577773261173","4.5","17"
"3.8984837589663397","6","17"
"3.899946785581032","7.5","17"
"3.9026281698942404","9","17"
"3.902121689653747","10.5","17"
"3.8994278381346192","12","17"
"3.8990853016519718","13.5","17"
"3.9015868465197863","15","17"
"3.902748166751219","16.5","17"
"3.9007577773261173","18","17"
"3.8990404197106603","19.5","17"
"3.90042614964865","21","17"
"3.9025437045741334","22.5","17"
"3.9019247078002137","24","17"
"3.8997279861171394","25.5","17"
"3.899645702558068","27","17"
"3.901749231876892","28.5","17"
"3.9025284322468816","30","17"
"3.900790815421805","31.5","17"
"3.899513861855466","33","17"
"3.900793932223285","34.5","17"
"3.9024498888495867","36","17"
"3.901780088211544","37.5","17"
"3.9000025763275237","39","17"
"3.9000982621329583","40.5","17"
"3.9018527096860267","42","17"
"3.9023451643198603","43.5","17"
"3.9008450477675565","45","17"
"3.899914059165493","46.5","17"
"3.9010725742755934","48","17"
"3.902355138084596","49.5","17"
"3.901675987042113","51","17"
"3.900250673725328","52.5","17"
"3.9004623045458175","54","17"
"3.901913487314886","55.5","17"
"3.902193999448082","57","17"
"3.900911747319227","58.5","17"
"3.900250673725328","60","17"
"3.9012820233350465","61.5","17"
"3.902262880760789","63","17"
"3.901605547328666","64.5","17"
"3.9004713432701092","66","17"
"3.9007534138040456","67.5","17"
"3.9019437202892417","69","17"
"3.902070885789624","70.5","17"
"3.9009862388745984","72","17"
"3.9005311858585245","73.5","17"
"3.9014378634090443","75","17"
"3.9021771687200904","76.5","17"
"3.9015597303469107","78","17"
"3.9006667667229027","79.5","17"
"3.9009846804738584","81","17"
"3.9019536940539776","82.5","17"
"3.9019720831827094","84","17"
"3.9010619771505612","85.5","17"
"3.900764634289373","87","17"
"3.9015522500233586","88.5","17"
"3.9020998720433875","90","17"
"3.901533237534331","91.5","17"
"3.9008369440837085","93","17"
"3.901167013360436","94.5","17"
"3.9019496422120534","96","17"
"3.901894786506006","97.5","17"
"3.901137403746376","99","17"
"3.900957252620835","100.5","17"
"3.9016335985419857","102","17"
"3.9020319257711242","103.5","17"
"3.901521393688707","105","17"
"3.9009846804738584","106.5","17"
"3.901310386228514","108","17"
"3.9019365516458375","109.5","17"
"3.901834008877147","111","17"
"3.901209401860563","112.5","17"
"3.901115897816165","114","17"
"3.9016909476892168","115.5","17"
"3.901973329903301","117","17"
"3.901519835287967","118.5","17"
"3.9011118459742407","120","17"
"3.9014216560413484","121.5","17"
"3.90191909755755","123","17"
"3.901788191895392","124.5","17"
"3.9012764130923827","126","17"
"3.901244621717287","127.5","17"
"3.9017305310680124","129","17"
"3.901922837719326","130.5","17"
"3.9015257572107793","132","17"
"3.9012196873054474","133.5","17"
"3.9015073680820476","135","17"
"3.9018988383479303","136.5","17"
"3.90175421875926","138","17"
"3.9013387491219818","139.5","17"
"3.9013493462470135","141","17"
"3.901755465479852","142.5","17"
"3.9018810725794943","144","17"
"3.901536354335811","145.5","17"
"3.901311632949106","147","17"
"3.9015731325932745","148.5","17"
"3.9018779557780143","150","17"
"3.9017292843474203","151.5","17"
"3.901394228188325","153","17"
"3.9014341232472685","154.5","17"
"3.9017713611674","156","17"
"3.9018461644029188","157.5","17"
"3.901551003302767","159","17"
"3.901388929625809","160.5","17"
"3.9016236247772498","162","17"
"3.9018573848882467","163.5","17"
"3.9017118302591327","165","17"
"3.901445032052448","166.5","17"
"3.9015023811996796","168","17"
"3.9017794648512476","169.5","17"
"3.901817489829303","171","17"
"3.9015672106704624","172.5","17"
"3.9014537590965923","174","17"
"3.901660714714861","175.5","17"
"3.901838684079367","177","17"
"3.9017006097738047","178.5","17"
"3.901488978953316","180","17"
"3.901556301865283","181.5","17"
"3.901783205013024","183","17"
"3.9017950488586477","184.5","17"
"3.9015837297183062","186","17"
"3.9015083031224913","187.5","17"
"3.901688454248033","189","17"
"3.901821229991079","190.5","17"
"3.901693441130401","192","17"
"3.901528250651963","193.5","17"
"3.9015993137257063","195","17"
"3.901783205013024","196.5","17"
"3.9017757246894718","198","17"
"3.901599937086002","199.5","17"
"3.9015531850638028","201","17"
"3.901707778417209","202.5","17"
"3.9018053343035315","204","17"
"3.901689700968625","205.5","17"
"3.9015612887476507","207","17"
"3.90163297518169","208.5","17"
"3.9017807115718397","210","17"
"3.901761699082812","211.5","17"
"3.901616144453698","213","17"
"3.9015893399609705","214.5","17"
"3.9017227390643123","216","17"
"3.9017919320571677","217.5","17"
"3.901688454248033","219","17"
"3.901590586681562","220.5","17"
"3.9016594679942695","222","17"
"3.9017775947703597","223.5","17"
"3.901750790277632","225","17"
"3.901631105100802","226.5","17"
"3.901619572935326","228","17"
"3.9017317777886045","229.5","17"
"3.901780399891692","231","17"
"3.901689389288477","232.5","17"
"3.901615521093402","234","17"
"3.901680350564185","235.5","17"
"3.9017729195681397","237","17"
"3.901742686593784","238.5","17"
"3.9016448190273136","240","17"
"3.9016441956670174","241.5","17"
"3.9017383230717124","243","17"
"3.901770737807104","244.5","17"
"3.901691882729661","246","17"
"3.9016370270236136","247.5","17"
"3.9016959345715847","249","17"
"3.90176824436592","250.5","17"
"3.9017358296305282","252","17"
"3.9016569745530854","253.5","17"
"3.9016635198361933","255","17"
"3.901742686593784","256.5","17"
"3.901762634123256","258","17"
"3.9016943761708447","259.5","17"
"3.9016547927920495","261","17"
"3.901707778417209","262.5","17"
"3.901764192523996","264","17"
"3.9017317777886045","265.5","17"
"3.9016685067185612","267","17"
"3.9016797272038892","268.5","17"
"3.9017451800349683","270","17"
"3.90175577716","271.5","17"
"3.901698116332621","273","17"
"3.9016697534391533","274.5","17"
"3.9017168171415006","276","17"
"3.901760140682072","277.5","17"
"3.9017289726672724","279","17"
"3.901679103843593","280.5","17"
"3.901692817770105","282","17"
"3.901745803395264","283.5","17"
"3.901750478597484","285","17"
"3.901701544814249","286.5","17"
"3.901682220645073","288","17"
"3.9017233624246086","289.5","17"
"3.90175577716","291","17"
"3.9017271025863844","292.5","17"
"3.901687830887737","294","17"
"3.901703103214989","295.5","17"
"3.901745803395264","297","17"
"3.901745803395264","298.5","17"
"3.902517211761554","1.5","18"
"3.9020755609918436","3","18"
"3.8996223265469685","4.5","18"
"3.8992916339099453","6","18"
"3.9015631588285387","7.5","18"
"3.902637208618532","9","18"
"3.9008353856829685","10.5","18"
"3.8992592191745534","12","18"
"3.900506251446685","13.5","18"
"3.902442408526035","15","18"
"3.9018950981861544","16.5","18"
"3.8998919298749852","18","18"
"3.8998006075916223","19.5","18"
"3.9017133886598727","21","18"
"3.902437421643667","22.5","18"
"3.900862501855844","24","18"
"3.899688402738344","25.5","18"
"3.9008425543263723","27","18"
"3.902358878246372","28.5","18"
"3.901761699082812","30","18"
"3.9001400272727897","31.5","18"
"3.900213272107569","33","18"
"3.9018090744653073","34.5","18"
"3.902270361084341","36","18"
"3.9009098772383393","37.5","18"
"3.9000521334710547","39","18"
"3.901098132047729","40.5","18"
"3.9022731662056733","42","18"
"3.9016653899170812","43.5","18"
"3.900363813619051","45","18"
"3.900545211465184","46.5","18"
"3.9018664236125384","48","18"
"3.902132910139075","49.5","18"
"3.900968784786311","51","18"
"3.900356956655795","52.5","18"
"3.9012904386990424","54","18"
"3.902190570966454","55.5","18"
"3.901599937086002","57","18"
"3.900563912274064","58.5","18"
"3.9008107629512767","60","18"
"3.901896033226598","61.5","18"
"3.9020207052857967","63","18"
"3.9010348609776857","64.5","18"
"3.9006122226970033","66","18"
"3.901433499886972","67.5","18"
"3.9021132742897513","69","18"
"3.9015572369057265","70.5","18"
"3.9007403232378297","72","18"
"3.9010220820916177","73.5","18"
"3.901906006991334","75","18"
"3.901930318042878","76.5","18"
"3.901102495569801","78","18"
"3.9008251002380847","79.5","18"
"3.901538224416699","81","18"
"3.902043769616748","82.5","18"
"3.9015323024938873","84","18"
"3.9008939815507917","85.5","18"
"3.9011885192906477","87","18"
"3.9019035135501503","88.5","18"
"3.9018598783294305","90","18"
"3.901170441842064","91.5","18"
"3.90099995280111","93","18"
"3.90161427437281","94.5","18"
"3.9019820569474453","96","18"
"3.901520146968115","97.5","18"
"3.901027692334282","99","18"
"3.901319424952806","100.5","18"
"3.9018926047449702","102","18"
"3.9018040875829394","103.5","18"
"3.901234336272403","105","18"
"3.9011442607096325","106.5","18"
"3.901667259997969","108","18"
"3.901928759642138","109.5","18"
"3.901518276887227","111","18"
"3.9011430139890404","112.5","18"
"3.9014216560413484","114","18"
"3.9018767090574227","115.5","18"
"3.901761699082812","117","18"
"3.9012954255814103","118.5","18"
"3.901261764125427","120","18"
"3.901703414895137","121.5","18"
"3.9018829426603823","123","18"
"3.901523263769595","124.5","18"
"3.901241504915807","126","18"
"3.9015008227989396","127.5","18"
"3.9018589432889867","129","18"
"3.9017305310680124","130.5","18"
"3.9013512163279014","132","18"
"3.9013568265705656","133.5","18"
"3.9017277259466803","135","18"
"3.901844294322031","136.5","18"
"3.9015323024938873","138","18"
"3.9013244118351738","139.5","18"
"3.901560977067503","141","18"
"3.901839930799959","142.5","18"
"3.901707778417209","144","18"
"3.9014013968317287","145.5","18"
"3.9014347466075643","147","18"
"3.9017417515533404","148.5","18"
"3.9018125029469353","150","18"
"3.901544769699807","151.5","18"
"3.9013948515486208","153","18"
"3.901607105729406","154.5","18"
"3.9018215416712274","156","18"
"3.9016909476892168","157.5","18"
"3.901446590453188","159","18"
"3.9014964592768675","160.5","18"
"3.9017501669173362","162","18"
"3.901786633494652","163.5","18"
"3.9015587953064665","165","18"
"3.9014540707767402","166.5","18"
"3.901641078865538","168","18"
"3.9018043992630873","169.5","18"
"3.901680350564185","171","18"
"3.9014864855121316","172.5","18"
"3.901546328100547","174","18"
"3.9017532837188162","175.5","18"
"3.901765439244588","177","18"
"3.9015737559535704","178.5","18"
"3.9015033162401234","180","18"
"3.9016660132773775","181.5","18"
"3.901788191895392","183","18"
"3.901674116961225","184.5","18"
"3.9015223287291514","186","18"
"3.901585599799194","187.5","18"
"3.9017532837188162","189","18"
"3.9017482968364483","190.5","18"
"3.901588716600674","192","18"
"3.9015438346593627","193.5","18"
"3.901685337446553","195","18"
"3.901775101329176","196.5","18"
"3.901670376799449","198","18"
"3.9015522500233586","199.5","18"
"3.901616144453698","201","18"
"3.9017517253180762","202.5","18"
"3.9017358296305282","204","18"
"3.9016024305271864","205.5","18"
"3.9015771844351983","207","18"
"3.901697804652473","208.5","18"
"3.901762634123256","210","18"
"3.9016694417590054","211.5","18"
"3.9015787428359383","213","18"
"3.9016407671853894","214.5","18"
"3.9017482968364483","216","18"
"3.9017252325054965","217.5","18"
"3.901616144453698","219","18"
"3.901604612288222","220.5","18"
"3.9017068433767648","222","18"
"3.9017517253180762","223.5","18"
"3.9016697534391533","225","18"
"3.90160180716689","226.5","18"
"3.9016597796744175","228","18"
"3.9017451800349683","229.5","18"
"3.9017177521819444","231","18"
"3.9016286116596177","232.5","18"
"3.9016270532588777","234","18"
"3.901713076979725","235.5","18"
"3.9017429982739325","237","18"
"3.901671935200189","238.5","18"
"3.9016208196559177","240","18"
"3.901674116961225","241.5","18"
"3.901740816512896","243","18"
"3.9017121419392806","244.5","18"
"3.9016404555052415","246","18"
"3.9016454423876095","247.5","18"
"3.9017168171415006","249","18"
"3.9017358296305282","250.5","18"
"3.901674116961225","252","18"
"3.9016370270236136","253.5","18"
"3.901685337446553","255","18"
"3.9017367646709724","256.5","18"
"3.901707778417209","258","18"
"3.9016504292699774","259.5","18"
"3.9016594679942695","261","18"
"3.9017193105826844","262.5","18"
"3.9017292843474203","264","18"
"3.901676922082557","265.5","18"
"3.9016507409501253","267","18"
"3.901693129450253","268.5","18"
"3.901732712829048","270","18"
"3.9017052849760248","271.5","18"
"3.9016594679942695","273","18"
"3.901671935200189","274.5","18"
"3.9017202456231286","276","18"
"3.9017242974650523","277.5","18"
"3.901680350564185","279","18"
"3.901662273115601","280.5","18"
"3.9016993630532126","282","18"
"3.9017292843474203","283.5","18"
"3.901703414895137","285","18"
"3.9016678833582654","286.5","18"
"3.901680973924481","288","18"
"3.9017202456231286","289.5","18"
"3.9017208689834244","291","18"
"3.901683467365665","292.5","18"
"3.901671935200189","294","18"
"3.9017043499355806","295.5","18"
"3.9017258558657923","297","18"
"3.901702791534841","298.5","18"
"3.9002706212548","1.5","19"
"3.899396981799968","3","19"
"3.9011230664595686","4.5","19"
"3.902537159291026","6","19"
"3.9013639952139694","7.5","19"
"3.899658793124284","9","19"
"3.900260647490064","10.5","19"
"3.9021092224478275","12","19"
"3.902148182466327","13.5","19"
"3.900414305803026","15","19"
"3.8998433077718975","16.5","19"
"3.9013418659234618","18","19"
"3.902390046261172","19.5","19"
"3.901311632949106","21","19"
"3.8999835638384956","22.5","19"
"3.9006106642962632","24","19"
"3.9021023654845712","25.5","19"
"3.901998887675437","27","19"
"3.900556431950512","28.5","19"
"3.9002110903465326","30","19"
"3.9014998877584954","31.5","19"
"3.9022603873196053","33","19"
"3.9012876335777102","34.5","19"
"3.900264699331988","36","19"
"3.900884007786056","37.5","19"
"3.902078054433028","39","19"
"3.9018829426603823","40.5","19"
"3.9006929478553345","42","19"
"3.9005137317702365","43.5","19"
"3.90160959917059","45","19"
"3.9021472474258827","46.5","19"
"3.9012845167762302","48","19"
"3.9005065631268327","49.5","19"
"3.9010971970072847","51","19"
"3.9020443929770443","52.5","19"
"3.9017953605387956","54","19"
"3.9008213600763084","55.5","19"
"3.900759647407005","57","19"
"3.9016844024061093","58.5","19"
"3.902051873300596","60","19"
"3.9012954255814103","61.5","19"
"3.9007128953848063","63","19"
"3.901261452445279","64.5","19"
"3.9020051212783966","66","19"
"3.9017292843474203","67.5","19"
"3.900938863492103","69","19"
"3.9009597460620187","70.5","19"
"3.901732712829048","72","19"
"3.901971148142265","73.5","19"
"3.90131568479103","75","19"
"3.9008877479478317","76.5","19"
"3.9013867478647732","78","19"
"3.901964914539305","79.5","19"
"3.901681908964925","81","19"
"3.9010451464225695","82.5","19"
"3.901120884698533","84","19"
"3.901762634123256","85.5","19"
"3.901903825230298","87","19"
"3.9013428009639055","88.5","19"
"3.9010351726578336","90","19"
"3.9014811869496158","91.5","19"
"3.9019262662009537","93","19"
"3.9016485591890895","94.5","19"
"3.901140832228004","96","19"
"3.901250231959951","97.5","19"
"3.901778218130656","99","19"
"3.901849281204399","100.5","19"
"3.901373033938261","102","19"
"3.90115859799644","103.5","19"
"3.9015522500233586","105","19"
"3.901889799623638","106.5","19"
"3.9016270532588777","108","19"
"3.9012246741878154","109.5","19"
"3.9013537097690856","111","19"
"3.901785075093912","112.5","19"
"3.9018053343035315","114","19"
"3.901404201953061","115.5","19"
"3.901261452445279","117","19"
"3.9016043006080743","118.5","19"
"3.9018564498478026","120","19"
"3.901613651012514","121.5","19"
"3.901299165743186","123","19"
"3.901435058287712","124.5","19"
"3.9017844517336155","126","19"
"3.901770114446808","127.5","19"
"3.9014359933281564","129","19"
"3.9013462294455334","130.5","19"
"3.9016420139059815","132","19"
"3.9018265285535954","133.5","19"
"3.901606794049258","135","19"
"3.901363060173525","136.5","19"
"3.9014995760783475","138","19"
"3.901780088211544","139.5","19"
"3.9017433099540804","141","19"
"3.901466226302512","142.5","19"
"3.9014160457986846","144","19"
"3.901669130078857","145.5","19"
"3.9018012824616073","147","19"
"3.901605547328666","148.5","19"
"3.901418539239869","150","19"
"3.901549756582175","151.5","19"
"3.901773231248288","153","19"
"3.9017227390643123","154.5","19"
"3.9014949008761275","156","19"
"3.901473706626064","157.5","19"
"3.901687207527441","159","19"
"3.9017791531710997","160.5","19"
"3.901606170688962","162","19"
"3.901465914622364","163.5","19"
"3.901588716600674","165","19"
"3.90176512756444","166.5","19"
"3.9017059083363206","168","19"
"3.9015210820085593","169.5","19"
"3.901519835287967","171","19"
"3.9016993630532126","172.5","19"
"3.901760140682072","174","19"
"3.901610534211034","175.5","19"
"3.9015058096813076","177","19"
"3.901618637894882","178.5","19"
"3.901756712200444","180","19"
"3.901695311211289","181.5","19"
"3.901545081379955","183","19"
"3.9015581719461707","184.5","19"
"3.901707778417209","186","19"
"3.9017451800349683","187.5","19"
"3.90161583277355","189","19"
"3.901539782817439","190.5","19"
"3.901641078865538","192","19"
"3.901747673476152","193.5","19"
"3.901686895847293","195","19"
"3.9015668989903145","196.5","19"
"3.9015880932403784","198","19"
"3.9017118302591327","199.5","19"
"3.9017320894687524","201","19"
"3.9016220663765098","202.5","19"
"3.9015687690712024","204","19"
"3.9016582212736775","205.5","19"
"3.9017401931526003","207","19"
"3.901680973924481","208.5","19"
"3.9015862231594904","210","19"
"3.901613027652218","211.5","19"
"3.9017140120201685","213","19"
"3.9017218040238686","214.5","19"
"3.901629235019914","216","19"
"3.9015924567624505","217.5","19"
"3.9016710001597454","219","19"
"3.9017320894687524","220.5","19"
"3.9016778571230013","222","19"
"3.901603053887482","223.5","19"
"3.9016320401412456","225","19"
"3.9017143237003165","226.5","19"
"3.9017133886598727","228","19"
"3.9016357803030215","229.5","19"
"3.901612092611774","231","19"
"3.901680350564185","232.5","19"
"3.9017255441856444","234","19"
"3.901675675361965","235.5","19"
"3.9016173911742897","237","19"
"3.9016470007883495","238.5","19"
"3.9017133886598727","240","19"
"3.9017068433767648","241.5","19"
"3.9016420139059815","243","19"
"3.9016286116596177","244.5","19"
"3.901686895847293","246","19"
"3.9017193105826844","247.5","19"
"3.901675363681817","249","19"
"3.90162985838021","250.5","19"
"3.9016594679942695","252","19"
"3.9017121419392806","253.5","19"
"3.901701856494397","255","19"
"3.9016491825493853","256.5","19"
"3.9016420139059815","258","19"
"3.901691882729661","259.5","19"
"3.901714635380465","261","19"
"3.901675363681817","262.5","19"
"3.901641078865538","264","19"
"3.9016685067185612","265.5","19"
"3.9017105835385406","267","19"
"3.901698116332621","268.5","19"
"3.9016544811119016","270","19"
"3.9016529227111616","271.5","19"
"3.9016943761708447","273","19"
"3.9017102718583927","274.5","19"
"3.901675363681817","276","19"
"3.9016504292699774","277.5","19"
"3.901675987042113","279","19"
"3.9017084017775048","280.5","19"
"3.901695311211289","282","19"
"3.9016604030347133","283.5","19"
"3.9016619614354533","285","19"
"3.901696869612029","286.5","19"
"3.9017068433767648","288","19"
"3.901676922082557","289.5","19"
"3.9016579095935295","291","19"
"3.901680973924481","292.5","19"
"3.9017068433767648","294","19"
"3.901693441130401","295.5","19"
"3.9016647665567854","297","19"
"3.901669130078857","298.5","19"