"nusselt","time","episode"
"10.10669370241916","1.5","0"
"8.66973388965316","3","0"
"3.4800061747973525","4.5","0"
"5.428912107508884","6","0"
"10.12616165224772","7.5","0"
"8.62654997137711","9","0"
"3.461904785946784","10.5","0"
"5.469175636186817","12","0"
"10.146673372776384","13.5","0"
"8.582725400641127","15","0"
"3.4426748631475674","16.5","0"
"5.509284915464781","18","0"
"10.167927264539399","19.5","0"
"8.539941643747742","21","0"
"3.423787935819206","22.5","0"
"5.548582044547387","24","0"
"10.18823890437673","25.5","0"
"8.497889216277846","27","0"
"3.406622392369722","28.5","0"
"5.587768291473466","30","0"
"10.206996222784353","31.5","0"
"8.455126157387012","33","0"
"3.3907704328678894","34.5","0"
"5.62769276715722","36","0"
"10.225171040263021","37.5","0"
"8.411191197304088","39","0"
"3.3749847562551802","40.5","0"
"5.66824656068046","42","0"
"10.243701666261742","43.5","0"
"8.366935910991199","45","0"
"3.358967459137727","46.5","0"
"5.708723475908508","48","0"
"10.262318041128179","49.5","0"
"8.323173434262872","51","0"
"3.343507283255622","52.5","0"
"5.748840147330242","54","0"
"10.280164647423529","55.5","0"
"8.279657362326827","57","0"
"3.3292315752100126","58.5","0"
"5.788990822613309","60","0"
"10.297010850262216","61.5","0"
"8.235665729141678","63","0"
"3.3158554910610225","64.5","0"
"5.829582069664976","66","0"
"10.313391840853077","67.5","0"
"8.191019644828229","69","0"
"3.3027723822100548","70.5","0"
"5.87051532656833","72","0"
"10.329742277249695","73.5","0"
"8.146193685016415","75","0"
"3.2898952677654343","76.5","0"
"5.911425914230793","78","0"
"10.345863064379907","79.5","0"
"8.101569284324688","81","0"
"3.277643035874039","82.5","0"
"5.952196051161656","84","0"
"10.36132644352431","85.5","0"
"8.056979873113466","87","0"
"3.266290920688848","88.5","0"
"5.9930430663877114","90","0"
"10.376055536387717","91.5","0"
"8.012062743528508","93","0"
"3.255662989188171","94.5","0"
"6.034157677218183","96","0"
"10.390342086244187","97.5","0"
"7.966767628992192","99","0"
"3.2454657732644017","100.5","0"
"6.075464483786635","102","0"
"10.40437631759336","103.5","0"
"7.921348326440564","105","0"
"3.2356881847018877","106.5","0"
"6.116778189689271","108","0"
"10.418033056800759","109.5","0"
"7.875981754514487","111","0"
"3.226546566908252","112.5","0"
"6.158051485205973","114","0"
"10.431094482030007","115.5","0"
"7.8305668872491205","117","0"
"3.2181596869933733","118.5","0"
"6.199398702160358","120","0"
"10.443548765851073","121.5","0"
"7.784924341955687","123","0"
"3.2104225765157404","124.5","0"
"6.24090854627765","126","0"
"10.455545722377664","127.5","0"
"7.739047712109587","129","0"
"3.203196509577299","130.5","0"
"6.282530258170637","132","0"
"10.467169129239156","133.5","0"
"7.693074491584912","135","0"
"3.1964918351793252","136.5","0"
"6.32416773997033","138","0"
"10.47834210814036","139.5","0"
"7.647083529915193","141","0"
"3.1904157394064607","142.5","0"
"6.365801279293347","144","0"
"10.48895624097267","145.5","0"
"7.601021603665297","147","0"
"3.1850184888363313","148.5","0"
"6.407491984528173","150","0"
"10.4990174414511","151.5","0"
"7.554797050252494","153","0"
"3.180240453509205","154.5","0"
"6.449275337964897","156","0"
"10.508600616632503","157.5","0"
"7.5084251467739085","159","0"
"3.1760170753695034","160.5","0"
"6.4911222638380295","162","0"
"10.517744205664478","163.5","0"
"7.461973408142623","165","0"
"3.1723584570137104","166.5","0"
"6.532977074664514","168","0"
"10.526400898826903","169.5","0"
"7.415484708792496","171","0"
"3.1693195467105055","172.5","0"
"6.574835335158092","174","0"
"10.534518458303818","175.5","0"
"7.368925044862191","177","0"
"3.1669168535809704","178.5","0"
"6.616725628274666","180","0"
"10.542104769048576","181.5","0"
"7.322256962823283","183","0"
"3.1651200698356554","184.5","0"
"6.658659781444266","186","0"
"10.549200241447108","187.5","0"
"7.275493768534554","189","0"
"3.16389790206594","190.5","0"
"6.700621531950602","192","0"
"10.555816702929445","193.5","0"
"7.228675379572355","195","0"
"3.1632562639868396","196.5","0"
"6.742577368741922","198","0"
"10.56192951301636","199.5","0"
"7.181820029891313","201","0"
"3.163223245744674","202.5","0"
"6.78452532057989","204","0"
"10.567516002466961","205.5","0"
"7.1349183561093215","207","0"
"3.1638027898161196","208.5","0"
"6.8264786933232875","210","0"
"10.572578142519587","211.5","0"
"7.087947688985492","213","0"
"3.1649769086513397","214.5","0"
"6.868439458210454","216","0"
"10.57713860241513","217.5","0"
"7.040926755284037","219","0"
"3.1667293395340446","220.5","0"
"6.910394309382606","222","0"
"10.581200339011096","223.5","0"
"6.993880195484185","225","0"
"3.1690674746080014","226.5","0"
"6.952326491313867","228","0"
"10.584750539258284","229.5","0"
"6.94681392330095","231","0"
"3.1719991988265646","232.5","0"
"6.994231075908393","234","0"
"10.587778361345837","235.5","0"
"6.899728431543918","237","0"
"3.1755257442136946","238.5","0"
"7.036113976881198","240","0"
"10.590285776512092","241.5","0"
"6.852622241784333","243","0"
"3.179635776148946","244.5","0"
"7.077973222993945","246","0"
"10.592282640948739","247.5","0"
"6.805501760546797","249","0"
"3.1843223952981368","250.5","0"
"7.119796001197434","252","0"
"10.593772897132455","253.5","0"
"6.758384728976352","255","0"
"3.1895841232325113","256.5","0"
"7.161577383395819","258","0"
"10.594743732014043","259.5","0"
"6.711283467312613","261","0"
"3.1954293377150083","262.5","0"
"7.203307020587826","264","0"
"10.595190217497658","265.5","0"
"6.664195511507657","267","0"
"3.2018521250306127","268.5","0"
"7.244988362440545","270","0"
"10.595117281679142","271.5","0"
"6.617125296847746","273","0"
"3.208846078654725","274.5","0"
"7.286615988048547","276","0"
"10.594527881416006","277.5","0"
"6.5700836651437395","279","0"
"3.216407502515461","280.5","0"
"7.328182998077648","282","0"
"10.593423002327416","283.5","0"
"6.523081951016082","285","0"
"3.224533932564898","286.5","0"
"7.3696795363361565","288","0"
"10.591794759460022","289.5","0"
"6.476127053798959","291","0"
"3.233224383183867","292.5","0"
"7.411103631585735","294","0"
"10.589639210337145","295.5","0"
"6.429225380016968","297","0"
"3.24247688313403","298.5","0"
"8.270709911509508","1.5","1"
"3.3218697392310244","3","1"
"5.784445639814889","4.5","1"
"10.294342779171394","6","1"
"8.22751662985135","7.5","1"
"3.309897423183661","9","1"
"5.825890925876602","10.5","1"
"10.310652805182078","12","1"
"8.182955801596032","13.5","1"
"3.2966405989541347","15","1"
"5.867591980112704","16.5","1"
"10.328196826392507","18","1"
"8.139284001831264","19.5","1"
"3.283242091969047","21","1"
"5.908345361517692","22.5","1"
"10.345147504863121","24","1"
"8.096820571167843","25.5","1"
"3.2715309650015016","27","1"
"5.948590163431412","28.5","1"
"10.360284644062546","30","1"
"8.053998867936446","31.5","1"
"3.261555020581201","33","1"
"5.9894539341833415","34.5","1"
"10.37438392627688","36","1"
"8.009768222102785","37.5","1"
"3.251947204920569","39","1"
"6.0311678014686425","40.5","1"
"10.388754253762727","42","1"
"7.96478653446225","43.5","1"
"3.24198333433509","45","1"
"6.072971360098333","46.5","1"
"10.403453778051059","48","1"
"7.9201818461539055","49.5","1"
"3.23232820895434","51","1"
"6.114300835907675","52.5","1"
"10.4175146211178","54","1"
"7.876020193662082","55.5","1"
"3.2238481880279792","57","1"
"6.1554361447406984","58.5","1"
"10.43040454861162","60","1"
"7.831477106551808","61.5","1"
"3.2164772350716766","63","1"
"6.196942539190898","64.5","1"
"10.44259172963785","66","1"
"7.78609328629027","67.5","1"
"3.209514821260976","69","1"
"6.238881127646759","70.5","1"
"10.454711888560585","72","1"
"7.740268894260133","73.5","1"
"3.2026650144403486","75","1"
"6.2808438637722634","76.5","1"
"10.466722643755544","78","1"
"7.694568690245306","79.5","1"
"3.1963001322509306","81","1"
"6.322565616010917","82.5","1"
"10.478118372588968","84","1"
"7.648976411529498","85.5","1"
"3.1908269890047785","87","1"
"6.364219360526901","88.5","1"
"10.488675339509468","90","1"
"7.603070213108323","91.5","1"
"3.1861645175252318","93","1"
"6.406081563497155","94.5","1"
"10.498664589788552","96","1"
"7.556660856101311","97.5","1"
"3.181961837388082","99","1"
"6.448158631446278","100.5","1"
"10.508386737272803","102","1"
"7.509986860347388","103.5","1"
"3.178105355984087","105","1"
"6.490225350394126","106.5","1"
"10.51778658728875","108","1"
"7.463327156071417","109.5","1"
"3.1747976180525033","111","1"
"6.532163446040402","112.5","1"
"10.526600979518236","114","1"
"7.416656609984585","115.5","1"
"3.1722241664019175","117","1"
"6.574072465921189","118.5","1"
"10.53474219385521","120","1"
"7.369764299584701","121.5","1"
"3.170323646239052","123","1"
"6.616087439862658","124.5","1"
"10.542362015651717","126","1"
"7.322577289053249","127.5","1"
"3.1689225885901404","129","1"
"6.658194076386854","130.5","1"
"10.549599417210603","132","1"
"7.275238000360166","133.5","1"
"3.1679803366644568","135","1"
"6.700271144335978","136.5","1"
"10.556407088811751","138","1"
"7.227888362665809","139.5","1"
"3.1676055549753968","141","1"
"6.742267884322817","142.5","1"
"10.562650986248158","144","1"
"7.1805052139197","145.5","1"
"3.1678788178900366","147","1"
"6.7842360413537515","148.5","1"
"10.568298584087247","150","1"
"7.132987528157005","151.5","1"
"3.1687624254751574","153","1"
"6.826243130341867","154.5","1"
"10.573433659958388","156","1"
"7.085316578613512","157.5","1"
"3.1701674256007455","159","1"
"6.86826943890378","160.5","1"
"10.578112394154227","162","1"
"7.037572693251504","163.5","1"
"3.172084454884694","165","1"
"6.910250901793498","166.5","1"
"10.582308174957191","168","1"
"6.989831271937419","169.5","1"
"3.1745677223813047","171","1"
"6.952163371341377","172.5","1"
"10.58594905216794","174","1"
"6.942079994431642","175.5","1"
"3.177654928023797","177","1"
"6.9940364161224915","178.5","1"
"10.589026155213949","180","1"
"6.894268101346964","181.5","1"
"3.1813142855939667","183","1"
"7.03589911190233","184.5","1"
"10.591579894481152","186","1"
"6.846401999207984","187.5","1"
"3.1855120376352706","189","1"
"7.077733224726264","190.5","1"
"10.593637867306285","192","1"
"6.798528504925236","193.5","1"
"3.1902395599799798","195","1"
"7.119508200400049","196.5","1"
"10.595179375686797","198","1"
"6.75068556483673","199.5","1"
"3.195525435583998","201","1"
"7.161210733064905","202.5","1"
"10.59616795171343","204","1"
"6.70287022208496","205.5","1"
"3.2013869127827856","207","1"
"7.202853635770029","208.5","1"
"10.596600638528676","210","1"
"6.655064242715297","211.5","1"
"3.2078067432408823","213","1"
"7.244450707183788","214.5","1"
"10.596499119754256","216","1"
"6.6072730476331705","217.5","1"
"3.214761518503022","219","1"
"7.285988641447399","220.5","1"
"10.59587423720103","222","1"
"6.55952669822324","223.5","1"
"3.2222524705931654","225","1"
"7.327446247748727","226.5","1"
"10.594712192200632","228","1"
"6.511852299012655","229.5","1"
"3.230291919750927","231","1"
"7.368821554849434","232.5","1"
"10.592996229227186","234","1"
"6.46424492190557","235.5","1"
"3.238884547667361","237","1"
"7.4101150555591015","238.5","1"
"10.590723391423182","240","1"
"6.416702595663648","241.5","1"
"3.2480232086034895","243","1"
"7.451333649211917","244.5","1"
"10.587907477456993","246","1"
"6.369232712430656","247.5","1"
"3.257691886247815","249","1"
"7.492466493997018","250.5","1"
"10.584549472947783","252","1"
"6.321856463018732","253.5","1"
"3.2678935374578453","255","1"
"7.533501269674791","256.5","1"
"10.58064247856137","258","1"
"6.2745871532866575","259.5","1"
"3.278629887067126","261","1"
"7.574436005006898","262.5","1"
"10.576177623725233","264","1"
"6.2274282329015245","265.5","1"
"3.2899043847427487","267","1"
"7.61526971437417","268.5","1"
"10.571154908439372","270","1"
"6.180382658720841","271.5","1"
"3.301708159912192","273","1"
"7.656001904967022","274.5","1"
"10.565581232037967","276","1"
"6.13345930131713","277.5","1"
"3.3140360380748173","279","1"
"7.69662567745127","280.5","1"
"10.559455608901855","282","1"
"6.086669988120419","283.5","1"
"3.326883337539572","285","1"
"7.737133639683146","286.5","1"
"10.552773110935187","288","1"
"6.040026546560739","289.5","1"
"3.3402544935927163","291","1"
"7.777520863566804","292.5","1"
"10.545531766899623","294","1"
"5.9935348903531045","295.5","1"
"3.354146056567159","297","1"
"7.817787349102244","298.5","1"
"7.883188601879129","1.5","2"
"3.24206538713092","3","2"
"6.165536769985893","4.5","2"
"10.433676804253114","6","2"
"7.8364712388817654","7.5","2"
"3.2347934889011145","9","2"
"6.20750295577849","10.5","2"
"10.446211908846049","12","2"
"7.789195029815507","13.5","2"
"3.2275321860773767","15","2"
"6.249510044766605","16.5","2"
"10.458723358578924","18","2"
"7.742017382666161","19.5","2"
"3.2206513322529218","21","2"
"6.29123623229152","22.5","2"
"10.470665120432043","24","2"
"7.694989056820938","25.5","2"
"3.2146356056541663","27","2"
"6.332833303705279","28.5","2"
"10.481737566177996","30","2"
"7.647658145890793","31.5","2"
"3.209455930515621","33","2"
"6.374623556476187","34.5","2"
"10.49221075546912","36","2"
"7.599782680369706","37.5","2"
"3.2047261905277815","39","2"
"6.416640501655993","40.5","2"
"10.502434583110457","42","2"
"7.551604629763698","43.5","2"
"3.2002825265037806","45","2"
"6.458650054692031","46.5","2"
"10.51237849490776","48","2"
"7.5034581189711025","49.5","2"
"3.196327729587666","51","2"
"6.500502894280178","52.5","2"
"10.521759618159493","54","2"
"7.455344133611087","55.5","2"
"3.193094652308143","57","2"
"6.542291668622332","58.5","2"
"10.530448836754502","60","2"
"7.407034995655586","61.5","2"
"3.1905379561834324","63","2"
"6.584176540833476","64.5","2"
"10.538594979187321","66","2"
"7.3584316503781","67.5","2"
"3.188465938285139","69","2"
"6.626157510913609","70.5","2"
"10.546368557574212","72","2"
"7.309682926273169","73.5","2"
"3.186815026176854","75","2"
"6.668103984322824","76.5","2"
"10.553729161529239","78","2"
"7.260956378599542","79.5","2"
"3.18569881246782","81","2"
"6.7099518958151245","82.5","2"
"10.560525991319524","84","2"
"7.212240672736777","85.5","2"
"3.18522029436121","87","2"
"6.751752990396893","88.5","2"
"10.566709765986616","90","2"
"7.163428869005021","91.5","2"
"3.1853464536148577","93","2"
"6.793585131982488","94.5","2"
"10.572359335064043","96","2"
"7.11448252825668","97.5","2"
"3.185981685169359","99","2"
"6.835436493141882","100.5","2"
"10.577549605608656","102","2"
"7.065491341836144","103.5","2"
"3.187104798212577","105","2"
"6.877240051771572","106.5","2"
"10.582251009045383","108","2"
"7.016540072991957","109.5","2"
"3.1887729586563216","111","2"
"6.918963775248565","112.5","2"
"10.586386667079031","114","2"
"6.967623793628275","115.5","2"
"3.1910339690302947","117","2"
"6.960635753719177","118.5","2"
"10.589930953611205","120","2"
"6.918686323452456","121.5","2"
"3.19386663852236","123","2"
"7.002294426331007","124.5","2"
"10.592930192742854","126","2"
"6.869723719987824","127.5","2"
"3.1972216861740623","129","2"
"7.043925994415685","130.5","2"
"10.595416909906557","132","2"
"6.820788221050344","133.5","2"
"3.2010899950080867","135","2"
"7.0854954684927085","136.5","2"
"10.597365479003917","138","2"
"6.7719236866930395","139.5","2"
"3.205508772148067","141","2"
"7.126986093036202","142.5","2"
"10.598737460887339","144","2"
"6.723126667248821","145.5","2"
"3.2104908306432023","147","2"
"7.168413637952872","148.5","2"
"10.59952497060347","150","2"
"6.674374000667213","151.5","2"
"3.2160263143018017","153","2"
"7.209793873149423","154.5","2"
"10.599749691774031","156","2"
"6.625671107853646","157.5","2"
"3.222088857811091","159","2"
"7.251114971195828","160.5","2"
"10.599424437448219","162","2"
"6.577049035811947","163.5","2"
"3.2286777219566924","165","2"
"7.292360176566209","166.5","2"
"10.59853540895767","168","2"
"6.528532425021345","169.5","2"
"3.235808183835729","171","2"
"7.3335156905922005","172.5","2"
"10.597060922680658","174","2"
"6.480120289862669","175.5","2"
"3.243485417948837","177","2"
"7.374595311942168","178.5","2"
"10.594999007378847","180","2"
"6.43180918066883","181.5","2"
"3.2517042497953796","183","2"
"7.415600026235284","184.5","2"
"10.592363461720607","186","2"
"6.383601068678163","187.5","2"
"3.2604486630638583","189","2"
"7.4565244125661145","190.5","2"
"10.589157242563443","192","2"
"6.335519115941145","193.5","2"
"3.269719643373442","195","2"
"7.497354672266295","196.5","2"
"10.58537443619234","198","2"
"6.287578599554896","199.5","2"
"3.2795223652247687","201","2"
"7.5380863700495615","202.5","2"
"10.581005186415608","204","2"
"6.239781490757755","205.5","2"
"3.289860771094515","207","2"
"7.578721477154255","208.5","2"
"10.576049493233247","210","2"
"6.192128775168891","211.5","2"
"3.300728947267666","213","2"
"7.619261964818712","214.5","2"
"10.570515241598608","216","2"
"6.144625380884149","217.5","2"
"3.3121170375525306","219","2"
"7.659703890566256","220.5","2"
"10.56440735960754","222","2"
"6.097290034667743","223.5","2"
"3.3240255347586936","225","2"
"7.700032962918936","226.5","2"
"10.557720919164195","228","2"
"6.050132592711364","229.5","2"
"3.3364576421484538","231","2"
"7.74025016749592","232.5","2"
"10.550454934649403","234","2"
"6.003154533443766","235.5","2"
"3.3494101564595127","237","2"
"7.780355504297208","238.5","2"
"10.542611377301506","240","2"
"5.956362263389548","241.5","2"
"3.3628806136439464","243","2"
"7.820345523655708","244.5","2"
"10.534196160835515","246","2"
"5.90976218907331","247.5","2"
"3.3768643320107024","249","2"
"7.86021579028516","250.5","2"
"10.525213227728107","252","2"
"5.863368109163418","253.5","2"
"3.391358601107065","255","2"
"7.899962361708886","256.5","2"
"10.515664549217624","258","2"
"5.817187908613227","259.5","2"
"3.4063616960994882","261","2"
"7.939578831402288","262.5","2"
"10.505549139684891","264","2"
"5.771226022708997","265.5","2"
"3.421874849011934","267","2"
"7.979068156222874","268.5","2"
"10.49487192722576","270","2"
"5.72548688673699","271.5","2"
"3.4378931317485564","273","2"
"8.018422451217289","274.5","2"
"10.483639811174408","276","2"
"5.6799818353176486","277.5","2"
"3.454409891379964","279","2"
"8.057641716385533","280.5","2"
"10.471858705245856","282","2"
"5.634718260594744","283.5","2"
"3.471426359930118","285","2"
"8.096719545203008","286.5","2"
"10.459528609440099","288","2"
"5.589705033140797","289.5","2"
"3.4889388413271343","291","2"
"8.135653966431375","292.5","2"
"10.446652480614647","294","2"
"5.544948066670822","295.5","2"
"3.5069446251182974","297","2"
"8.174437587926867","298.5","2"
"10.443410779167394","1.5","3"
"5.554581508429852","3","3"
"3.529372142906949","4.5","3"
"8.238374210618433","6","3"
"10.431057028501579","7.5","3"
"5.509548075782938","9","3"
"3.548457672497889","10.5","3"
"8.27804094688946","12","3"
"10.419255224570474","13.5","3"
"5.466340009837244","15","3"
"3.5680774076784947","16.5","3"
"8.315887737364699","18","3"
"10.405693104803312","19.5","3"
"5.42421858902551","21","3"
"3.5894212371906926","22.5","3"
"8.353265373115432","24","3"
"10.389991205819978","25.5","3"
"5.381085430136669","27","3"
"3.611832245858261","28.5","3"
"8.391509368115829","30","3"
"10.373711734003539","31.5","3"
"5.336523123452597","33","3"
"3.6340646110514254","34.5","3"
"8.430249129558293","36","3"
"10.357920143675814","37.5","3"
"5.291994327820275","39","3"
"3.655967040227725","40.5","3"
"8.468281216437326","42","3"
"10.341974796757707","43.5","3"
"5.248606386376215","45","3"
"3.67838199137197","46.5","3"
"8.505279388807947","48","3"
"10.324747159300568","49.5","3"
"5.205871417631701","51","3"
"3.7018377563588114","52.5","3"
"8.542006515907058","54","3"
"10.306165281105052","55.5","3"
"5.162748114934552","57","3"
"3.7259506829266664","58.5","3"
"8.579090437145394","60","3"
"10.287067924084083","61.5","3"
"5.119150729417053","63","3"
"3.750124471478215","64.5","3"
"8.616260107251442","66","3"
"10.267930156677178","67.5","3"
"5.0758623355090755","69","3"
"3.7743349743438137","70.5","3"
"8.652906413578686","72","3"
"10.248376457980903","73.5","3"
"5.033388555844379","75","3"
"3.7990175887914237","76.5","3"
"8.688925866114365","78","3"
"10.227866708690579","79.5","3"
"4.991417441955937","81","3"
"3.8244002392539045","82.5","3"
"8.724735381767022","84","3"
"10.206428506142936","85.5","3"
"4.949446820877079","87","3"
"3.850267814347595","88.5","3"
"8.760619804476532","90","3"
"10.184501436487409","91.5","3"
"4.907488520037836","93","3"
"3.8763337452990716","94.5","3"
"8.796402708411621","96","3"
"10.162297407845356","97.5","3"
"4.865956992298823","99","3"
"3.902612077181495","100.5","3"
"8.831777566010693","102","3"
"10.13960155523791","103.5","3"
"4.825071537925173","105","3"
"3.9293233422839564","106.5","3"
"8.866723679271196","108","3"
"10.116163531396113","109.5","3"
"4.7846508029897645","111","3"
"3.9565624064514844","112.5","3"
"8.90146478374452","114","3"
"10.092025717944239","115.5","3"
"4.744448875509902","117","3"
"3.9842117345981607","118.5","3"
"8.936124081826806","120","3"
"10.06741776414869","121.5","3"
"4.704504194633182","123","3"
"4.012130383182801","124.5","3"
"8.970592169790283","126","3"
"10.042433303830535","127.5","3"
"4.665028668480964","129","3"
"4.040338557398371","130.5","3"
"9.004715291044567","132","3"
"10.016952091451142","133.5","3"
"4.6261179021126555","135","3"
"4.068945414567852","136.5","3"
"9.038497388066332","138","3"
"9.990859795186891","139.5","3"
"4.587664955848406","141","3"
"4.0979864369813335","142.5","3"
"9.072056735155876","144","3"
"9.96419485418538","145.5","3"
"4.549556483483765","147","3"
"4.127395834559276","148.5","3"
"9.105441627652484","150","3"
"9.937072585889393","151.5","3"
"4.511823039212977","153","3"
"4.157108556436516","154.5","3"
"9.138587014690994","156","3"
"9.90953832878071","157.5","3"
"4.474578462050075","159","3"
"4.18713495161433","160.5","3"
"9.171415032357046","162","3"
"9.881523089517497","163.5","3"
"4.437858234285147","165","3"
"4.217527997123058","166.5","3"
"9.203935536842332","168","3"
"9.85298152961797","169.5","3"
"4.401603711577631","171","3"
"4.248299520392731","172.5","3"
"9.236208650916167","174","3"
"9.82393730394219","175.5","3"
"4.365764134540316","177","3"
"4.279412067894921","178.5","3"
"9.26824620200858","180","3"
"9.79445152087864","181.5","3"
"4.330363650842847","183","3"
"4.310830650149124","184.5","3"
"9.300013693448655","186","3"
"9.764543892810705","187.5","3"
"4.295456469539525","189","3"
"4.342563152108694","190.5","3"
"9.331470714850454","192","3"
"9.734177951829128","193.5","3"
"4.261060331775394","195","3"
"4.374632735824105","196.5","3"
"9.362623179928994","198","3"
"9.703336942408031","199.5","3"
"4.227141726498705","201","3"
"4.407040386914526","202.5","3"
"9.393498686021008","204","3"
"9.672037620073292","205.5","3"
"4.1936809413260745","207","3"
"4.439763436139065","208.5","3"
"9.424104132460684","210","3"
"9.64031349587666","211.5","3"
"4.160693746164208","213","3"
"4.472783156733513","214.5","3"
"9.454410936292113","216","3"
"9.60817048353315","217.5","3"
"4.128208477564219","219","3"
"4.506101519936205","220.5","3"
"9.484400370751086","222","3"
"9.575596755612732","223.5","3"
"4.096230063621952","225","3"
"4.539727889129249","226.5","3"
"9.514077363933445","228","3"
"9.542582455923714","229.5","3"
"4.064745937693003","231","3"
"4.573659307455137","232.5","3"
"9.543450786411714","234","3"
"9.509140397515297","235.5","3"
"4.033746243585678","237","3"
"4.607879512197579","238.5","3"
"9.572521623805061","240","3"
"9.475290292770863","241.5","3"
"4.003242808730007","243","3"
"4.6423811112128055","244.5","3"
"9.601272134968443","246","3"
"9.441035098547916","247.5","3"
"3.9732496781991506","249","3"
"4.677157697976218","250.5","3"
"9.629693449329336","252","3"
"9.406371857988953","253.5","3"
"3.943770548064993","255","3"
"4.712213707774079","256.5","3"
"9.657781624411065","258","3"
"9.371298599855633","259.5","3"
"3.9147997510173123","261","3"
"4.747543719700955","262.5","3"
"9.685545530786152","264","3"
"9.33582320910131","265.5","3"
"3.8863330981746387","267","3"
"4.783137384755573","268.5","3"
"9.712978269120415","270","3"
"9.29996244125186","271.5","3"
"3.8583806921334562","273","3"
"4.8189868179845785","274.5","3"
"9.74006899760299","276","3"
"9.263715310688113","277.5","3"
"3.8309509106567026","279","3"
"4.855089062530465","280.5","3"
"9.766812788138031","282","3"
"9.227083788648406","283.5","3"
"3.8040444929587545","285","3"
"4.891440175916555","286.5","3"
"9.793205698248865","288","3"
"9.19006984637108","289.5","3"
"3.777660453420442","291","3"
"4.928036708475758","292.5","3"
"9.81924969917383","294","3"
"9.152680383190315","295.5","3"
"3.751800024065728","297","3"
"4.964871268064304","298.5","3"
"7.883188601879129","1.5","4"
"3.24206538713092","3","4"
"6.165536769985893","4.5","4"
"10.433676804253114","6","4"
"7.8364712388817654","7.5","4"
"3.2347934889011145","9","4"
"6.20750295577849","10.5","4"
"10.446211908846049","12","4"
"7.789195029815507","13.5","4"
"3.2275321860773767","15","4"
"6.249510044766605","16.5","4"
"10.458723358578924","18","4"
"7.742017382666161","19.5","4"
"3.2206513322529218","21","4"
"6.29123623229152","22.5","4"
"10.470665120432043","24","4"
"7.694989056820938","25.5","4"
"3.2146356056541663","27","4"
"6.332833303705279","28.5","4"
"10.481737566177996","30","4"
"7.647658145890793","31.5","4"
"3.209455930515621","33","4"
"6.374623556476187","34.5","4"
"10.49221075546912","36","4"
"7.599782680369706","37.5","4"
"3.2047261905277815","39","4"
"6.416640501655993","40.5","4"
"10.502434583110457","42","4"
"7.551604629763698","43.5","4"
"3.2002825265037806","45","4"
"6.458650054692031","46.5","4"
"10.51237849490776","48","4"
"7.5034581189711025","49.5","4"
"3.196327729587666","51","4"
"6.500502894280178","52.5","4"
"10.521759618159493","54","4"
"7.455344133611087","55.5","4"
"3.193094652308143","57","4"
"6.542291668622332","58.5","4"
"10.530448836754502","60","4"
"7.407034995655586","61.5","4"
"3.1905379561834324","63","4"
"6.584176540833476","64.5","4"
"10.538594979187321","66","4"
"7.3584316503781","67.5","4"
"3.188465938285139","69","4"
"6.626157510913609","70.5","4"
"10.546368557574212","72","4"
"7.309682926273169","73.5","4"
"3.186815026176854","75","4"
"6.668103984322824","76.5","4"
"10.553729161529239","78","4"
"7.260956378599542","79.5","4"
"3.18569881246782","81","4"
"6.7099518958151245","82.5","4"
"10.560525991319524","84","4"
"7.212240672736777","85.5","4"
"3.18522029436121","87","4"
"6.751752990396893","88.5","4"
"10.566709765986616","90","4"
"7.163428869005021","91.5","4"
"3.1853464536148577","93","4"
"6.793585131982488","94.5","4"
"10.572359335064043","96","4"
"7.11448252825668","97.5","4"
"3.185981685169359","99","4"
"6.835436493141882","100.5","4"
"10.577549605608656","102","4"
"7.065491341836144","103.5","4"
"3.187104798212577","105","4"
"6.877240051771572","106.5","4"
"10.582251009045383","108","4"
"7.016540072991957","109.5","4"
"3.1887729586563216","111","4"
"6.918963775248565","112.5","4"
"10.586386667079031","114","4"
"6.967623793628275","115.5","4"
"3.1910339690302947","117","4"
"6.960635753719177","118.5","4"
"10.589930953611205","120","4"
"6.918686323452456","121.5","4"
"3.19386663852236","123","4"
"7.002294426331007","124.5","4"
"10.592930192742854","126","4"
"6.869723719987824","127.5","4"
"3.1972216861740623","129","4"
"7.043925994415685","130.5","4"
"10.595416909906557","132","4"
"6.820788221050344","133.5","4"
"3.2010899950080867","135","4"
"7.0854954684927085","136.5","4"
"10.597365479003917","138","4"
"6.7719236866930395","139.5","4"
"3.205508772148067","141","4"
"7.126986093036202","142.5","4"
"10.598737460887339","144","4"
"6.723126667248821","145.5","4"
"3.2104908306432023","147","4"
"7.168413637952872","148.5","4"
"10.59952497060347","150","4"
"6.674374000667213","151.5","4"
"3.2160263143018017","153","4"
"7.209793873149423","154.5","4"
"10.599749691774031","156","4"
"6.625671107853646","157.5","4"
"3.222088857811091","159","4"
"7.251114971195828","160.5","4"
"10.599424437448219","162","4"
"6.577049035811947","163.5","4"
"3.2286777219566924","165","4"
"7.292360176566209","166.5","4"
"10.59853540895767","168","4"
"6.528532425021345","169.5","4"
"3.235808183835729","171","4"
"7.3335156905922005","172.5","4"
"10.597060922680658","174","4"
"6.480120289862669","175.5","4"
"3.243485417948837","177","4"
"7.374595311942168","178.5","4"
"10.594999007378847","180","4"
"6.43180918066883","181.5","4"
"3.2517042497953796","183","4"
"7.415600026235284","184.5","4"
"10.592363461720607","186","4"
"6.383601068678163","187.5","4"
"3.2604486630638583","189","4"
"7.4565244125661145","190.5","4"
"10.589157242563443","192","4"
"6.335519115941145","193.5","4"
"3.269719643373442","195","4"
"7.497354672266295","196.5","4"
"10.58537443619234","198","4"
"6.287578599554896","199.5","4"
"3.2795223652247687","201","4"
"7.5380863700495615","202.5","4"
"10.581005186415608","204","4"
"6.239781490757755","205.5","4"
"3.289860771094515","207","4"
"7.578721477154255","208.5","4"
"10.576049493233247","210","4"
"6.192128775168891","211.5","4"
"3.300728947267666","213","4"
"7.619261964818712","214.5","4"
"10.570515241598608","216","4"
"6.144625380884149","217.5","4"
"3.3121170375525306","219","4"
"7.659703890566256","220.5","4"
"10.56440735960754","222","4"
"6.097290034667743","223.5","4"
"3.3240255347586936","225","4"
"7.700032962918936","226.5","4"
"10.557720919164195","228","4"
"6.050132592711364","229.5","4"
"3.3364576421484538","231","4"
"7.74025016749592","232.5","4"
"10.550454934649403","234","4"
"6.003154533443766","235.5","4"
"3.3494101564595127","237","4"
"7.780355504297208","238.5","4"
"10.542611377301506","240","4"
"5.956362263389548","241.5","4"
"3.3628806136439464","243","4"
"7.820345523655708","244.5","4"
"10.534196160835515","246","4"
"5.90976218907331","247.5","4"
"3.3768643320107024","249","4"
"7.86021579028516","250.5","4"
"10.525213227728107","252","4"
"5.863368109163418","253.5","4"
"3.391358601107065","255","4"
"7.899962361708886","256.5","4"
"10.515664549217624","258","4"
"5.817187908613227","259.5","4"
"3.4063616960994882","261","4"
"7.939578831402288","262.5","4"
"10.505549139684891","264","4"
"5.771226022708997","265.5","4"
"3.421874849011934","267","4"
"7.979068156222874","268.5","4"
"10.49487192722576","270","4"
"5.72548688673699","271.5","4"
"3.4378931317485564","273","4"
"8.018422451217289","274.5","4"
"10.483639811174408","276","4"
"5.6799818353176486","277.5","4"
"3.454409891379964","279","4"
"8.057641716385533","280.5","4"
"10.471858705245856","282","4"
"5.634718260594744","283.5","4"
"3.471426359930118","285","4"
"8.096719545203008","286.5","4"
"10.459528609440099","288","4"
"5.589705033140797","289.5","4"
"3.4889388413271343","291","4"
"8.135653966431375","292.5","4"
"10.446652480614647","294","4"
"5.544948066670822","295.5","4"
"3.5069446251182974","297","4"
"8.174437587926867","298.5","4"
"3.9157178552733525","1.5","5"
"8.84495135182522","3","5"
"10.13133122478978","4.5","5"
"4.8170239574092655","6","5"
"3.941856475638552","7.5","5"
"8.883047503950246","9","5"
"10.110600696805571","10.5","5"
"4.774652682138159","12","5"
"3.966630259859306","13.5","5"
"8.917129229199427","15","5"
"10.088664756577522","16.5","5"
"4.736707822555593","18","5"
"3.9936413995939737","19.5","5"
"8.948810971771787","21","5"
"10.06248276896888","22.5","5"
"4.6986619370081915","24","5"
"4.0232291942415275","25.5","5"
"8.982012539102938","27","5"
"10.03432855740282","28.5","5"
"4.657555703940657","30","5"
"4.052838179701217","31.5","5"
"9.017469203093047","33","5"
"10.00769515621472","34.5","5"
"4.615419498841386","36","5"
"4.080928326021285","37.5","5"
"9.052566116086425","39","5"
"9.982657472461431","40.5","5"
"4.575580772025346","42","5"
"4.108650097176891","43.5","5"
"9.085440457853426","45","5"
"9.956642054492372","46.5","5"
"4.53821693494298","48","5"
"4.1377480390973895","49.5","5"
"9.11716359643089","51","5"
"9.92833310071676","52.5","5"
"4.500936875489989","54","5"
"4.16824605304763","55.5","5"
"9.149694942727034","57","5"
"9.899042470248697","58.5","5"
"4.462442533220636","60","5"
"4.198829815865585","61.5","5"
"9.183194167047262","63","5"
"9.870462471201574","64.5","5"
"4.423929956996655","66","5"
"4.22882614965874","67.5","5"
"9.216247891503043","69","5"
"9.842463001845065","70.5","5"
"4.386998806729534","72","5"
"4.25888556307872","73.5","5"
"9.248026224753978","75","5"
"9.813712490681684","76.5","5"
"4.351560376694053","78","5"
"4.289842382752188","79.5","5"
"9.279189531643377","81","5"
"9.783653077261704","82.5","5"
"4.316365887402932","84","5"
"4.321634021861906","85.5","5"
"9.310697805241972","87","5"
"9.75302496158114","88.5","5"
"4.280863884931042","90","5"
"4.353588780944113","91.5","5"
"9.342521476974685","93","5"
"9.722629452024488","94.5","5"
"4.245735924933836","96","5"
"4.385418366391842","97.5","5"
"9.373906548177139","99","5"
"9.692315748858874","100.5","5"
"4.21173551326611","102","5"
"4.417476615486807","103.5","5"
"9.40449425347177","105","5"
"9.6614037748576","106.5","5"
"4.178727127292107","108","5"
"4.450161718373336","109.5","5"
"9.434674898049552","111","5"
"9.629662895135093","112.5","5"
"4.146068636123144","114","5"
"4.483400246423329","115.5","5"
"9.464907780443298","117","5"
"9.597499184789031","118.5","5"
"4.113542710732429","120","5"
"4.516852161023438","121.5","5"
"9.495118979215322","123","5"
"9.565287179103683","124.5","5"
"4.081520190332344","126","5"
"4.550393274158353","127.5","5"
"9.524913261078808","129","5"
"9.53290860377875","130.5","5"
"4.050352694561475","132","5"
"4.584213317518129","133.5","5"
"9.554142783158383","135","5"
"9.500016520866705","136.5","5"
"4.019927370024957","138","5"
"4.618496601887395","139.5","5"
"9.583025367290428","141","5"
"9.466524195880663","142.5","5"
"3.989922412064072","144","5"
"4.653188425402264","145.5","5"
"9.611777849692148","147","5"
"9.43264747941866","148.5","5"
"3.9602540430494426","150","5"
"4.688109405373953","151.5","5"
"9.640330251402535","153","5"
"9.398557869216129","154.5","5"
"3.931128257387417","156","5"
"4.723211246463177","157.5","5"
"9.668478549253582","159","5"
"9.364178486977874","160.5","5"
"3.9027010293115083","162","5"
"4.758590539348511","163.5","5"
"9.696166562952646","165","5"
"9.329330935634284","166.5","5"
"3.874897451764864","168","5"
"4.794331061659328","169.5","5"
"9.723509609942516","171","5"
"9.293987617848623","172.5","5"
"3.8475556367989543","174","5"
"4.8303919102001105","175.5","5"
"9.750607237759276","177","5"
"9.258262865444513","178.5","5"
"3.820654393601644","180","5"
"4.866684379245638","181.5","5"
"9.777407208586958","183","5"
"9.222236513574648","184.5","5"
"3.794298444209652","186","5"
"4.903180871459174","187.5","5"
"9.803807018031977","189","5"
"9.185858295661408","190.5","5"
"3.768558999607948","192","5"
"4.939932639037514","193.5","5"
"9.829780054376762","195","5"
"9.149040491598736","196.5","5"
"3.743392446148298","198","5"
"4.976975164270746","199.5","5"
"9.855395310963157","201","5"
"9.111778173290789","202.5","5"
"3.718717470249249","204","5"
"5.014281342631718","205.5","5"
"9.880690241319586","207","5"
"9.074134420364391","208.5","5"
"3.694532100672463","210","5"
"5.051800907542806","211.5","5"
"9.90563034877513","213","5"
"9.036141758252123","214.5","5"
"3.670895228163295","216","5"
"5.089522524383566","217.5","5"
"9.930164381132993","219","5"
"8.997775546474756","220.5","5"
"3.6478364212968195","222","5"
"5.1274683695853005","223.5","5"
"9.954284453439826","225","5"
"8.958994389027188","226.5","5"
"3.6253280827362997","228","5"
"5.165653720245133","229.5","5"
"9.978019148651528","231","5"
"8.919800257147756","232.5","5"
"3.6033381798587403","234","5"
"5.2040539358838345","235.5","5"
"10.001390150389824","237","5"
"8.88022666188821","238.5","5"
"3.581866959068933","240","5"
"5.2426468400701","241.5","5"
"10.024370846937147","243","5"
"8.840295286870273","244.5","5"
"3.5609434961323667","246","5"
"5.281423069421823","247.5","5"
"10.046936597814268","249","5"
"8.799991347806406","250.5","5"
"3.5405857785988784","252","5"
"5.320390508892356","253.5","5"
"10.069081489306173","255","5"
"8.759300060409073","256.5","5"
"3.5207775437521773","258","5"
"5.359552608148792","259.5","5"
"10.090825233796243","261","5"
"8.71822536715495","262.5","5"
"3.5015047465191036","264","5"
"5.398894090094007","265.5","5"
"10.112169802522818","267","5"
"8.676790922904097","268.5","5"
"3.4827698509475797","270","5"
"5.438400663250052","271.5","5"
"10.133104353675037","273","5"
"8.635006583848204","274.5","5"
"3.4645901053730657","276","5"
"5.478062471425234","277.5","5"
"10.153611146107856","279","5"
"8.592869393129764","280.5","5"
"3.446971177105784","282","5"
"5.517885921144153","283.5","5"
"10.173691165440443","285","5"
"8.550379350748777","286.5","5"
"3.429910109288227","288","5"
"5.55786263464387","289.5","5"
"10.193351311006984","291","5"
"8.50754138480109","292.5","5"
"3.413396306514327","294","5"
"5.597986205399787","295.5","5"
"10.212591582807477","297","5"
"8.464374222050914","298.5","5"
"7.883188601879129","1.5","6"
"3.24206538713092","3","6"
"6.165536769985893","4.5","6"
"10.433676804253114","6","6"
"7.8364712388817654","7.5","6"
"3.2347934889011145","9","6"
"6.20750295577849","10.5","6"
"10.446211908846049","12","6"
"7.789195029815507","13.5","6"
"3.2275321860773767","15","6"
"6.249510044766605","16.5","6"
"10.458723358578924","18","6"
"7.742017382666161","19.5","6"
"3.2206513322529218","21","6"
"6.29123623229152","22.5","6"
"10.470665120432043","24","6"
"7.694989056820938","25.5","6"
"3.2146356056541663","27","6"
"6.332833303705279","28.5","6"
"10.481737566177996","30","6"
"7.647658145890793","31.5","6"
"3.209455930515621","33","6"
"6.374623556476187","34.5","6"
"10.49221075546912","36","6"
"7.599782680369706","37.5","6"
"3.2047261905277815","39","6"
"6.416640501655993","40.5","6"
"10.502434583110457","42","6"
"7.551604629763698","43.5","6"
"3.2002825265037806","45","6"
"6.458650054692031","46.5","6"
"10.51237849490776","48","6"
"7.5034581189711025","49.5","6"
"3.196327729587666","51","6"
"6.500502894280178","52.5","6"
"10.521759618159493","54","6"
"7.455344133611087","55.5","6"
"3.193094652308143","57","6"
"6.542291668622332","58.5","6"
"10.530448836754502","60","6"
"7.407034995655586","61.5","6"
"3.1905379561834324","63","6"
"6.584176540833476","64.5","6"
"10.538594979187321","66","6"
"7.3584316503781","67.5","6"
"3.188465938285139","69","6"
"6.626157510913609","70.5","6"
"10.546368557574212","72","6"
"7.309682926273169","73.5","6"
"3.186815026176854","75","6"
"6.668103984322824","76.5","6"
"10.553729161529239","78","6"
"7.260956378599542","79.5","6"
"3.18569881246782","81","6"
"6.7099518958151245","82.5","6"
"10.560525991319524","84","6"
"7.212240672736777","85.5","6"
"3.18522029436121","87","6"
"6.751752990396893","88.5","6"
"10.566709765986616","90","6"
"7.163428869005021","91.5","6"
"3.1853464536148577","93","6"
"6.793585131982488","94.5","6"
"10.572359335064043","96","6"
"7.11448252825668","97.5","6"
"3.185981685169359","99","6"
"6.835436493141882","100.5","6"
"10.577549605608656","102","6"
"7.065491341836144","103.5","6"
"3.187104798212577","105","6"
"6.877240051771572","106.5","6"
"10.582251009045383","108","6"
"7.016540072991957","109.5","6"
"3.1887729586563216","111","6"
"6.918963775248565","112.5","6"
"10.586386667079031","114","6"
"6.967623793628275","115.5","6"
"3.1910339690302947","117","6"
"6.960635753719177","118.5","6"
"10.589930953611205","120","6"
"6.918686323452456","121.5","6"
"3.19386663852236","123","6"
"7.002294426331007","124.5","6"
"10.592930192742854","126","6"
"6.869723719987824","127.5","6"
"3.1972216861740623","129","6"
"7.043925994415685","130.5","6"
"10.595416909906557","132","6"
"6.820788221050344","133.5","6"
"3.2010899950080867","135","6"
"7.0854954684927085","136.5","6"
"10.597365479003917","138","6"
"6.7719236866930395","139.5","6"
"3.205508772148067","141","6"
"7.126986093036202","142.5","6"
"10.598737460887339","144","6"
"6.723126667248821","145.5","6"
"3.2104908306432023","147","6"
"7.168413637952872","148.5","6"
"10.59952497060347","150","6"
"6.674374000667213","151.5","6"
"3.2160263143018017","153","6"
"7.209793873149423","154.5","6"
"10.599749691774031","156","6"
"6.625671107853646","157.5","6"
"3.222088857811091","159","6"
"7.251114971195828","160.5","6"
"10.599424437448219","162","6"
"6.577049035811947","163.5","6"
"3.2286777219566924","165","6"
"7.292360176566209","166.5","6"
"10.59853540895767","168","6"
"6.528532425021345","169.5","6"
"3.235808183835729","171","6"
"7.3335156905922005","172.5","6"
"10.597060922680658","174","6"
"6.480120289862669","175.5","6"
"3.243485417948837","177","6"
"7.374595311942168","178.5","6"
"10.594999007378847","180","6"
"6.43180918066883","181.5","6"
"3.2517042497953796","183","6"
"7.415600026235284","184.5","6"
"10.592363461720607","186","6"
"6.383601068678163","187.5","6"
"3.2604486630638583","189","6"
"7.4565244125661145","190.5","6"
"10.589157242563443","192","6"
"6.335519115941145","193.5","6"
"3.269719643373442","195","6"
"7.497354672266295","196.5","6"
"10.58537443619234","198","6"
"6.287578599554896","199.5","6"
"3.2795223652247687","201","6"
"7.5380863700495615","202.5","6"
"10.581005186415608","204","6"
"6.239781490757755","205.5","6"
"3.289860771094515","207","6"
"7.578721477154255","208.5","6"
"10.576049493233247","210","6"
"6.192128775168891","211.5","6"
"3.300728947267666","213","6"
"7.619261964818712","214.5","6"
"10.570515241598608","216","6"
"6.144625380884149","217.5","6"
"3.3121170375525306","219","6"
"7.659703890566256","220.5","6"
"10.56440735960754","222","6"
"6.097290034667743","223.5","6"
"3.3240255347586936","225","6"
"7.700032962918936","226.5","6"
"10.557720919164195","228","6"
"6.050132592711364","229.5","6"
"3.3364576421484538","231","6"
"7.74025016749592","232.5","6"
"10.550454934649403","234","6"
"6.003154533443766","235.5","6"
"3.3494101564595127","237","6"
"7.780355504297208","238.5","6"
"10.542611377301506","240","6"
"5.956362263389548","241.5","6"
"3.3628806136439464","243","6"
"7.820345523655708","244.5","6"
"10.534196160835515","246","6"
"5.90976218907331","247.5","6"
"3.3768643320107024","249","6"
"7.86021579028516","250.5","6"
"10.525213227728107","252","6"
"5.863368109163418","253.5","6"
"3.391358601107065","255","6"
"7.899962361708886","256.5","6"
"10.515664549217624","258","6"
"5.817187908613227","259.5","6"
"3.4063616960994882","261","6"
"7.939578831402288","262.5","6"
"10.505549139684891","264","6"
"5.771226022708997","265.5","6"
"3.421874849011934","267","6"
"7.979068156222874","268.5","6"
"10.49487192722576","270","6"
"5.72548688673699","271.5","6"
"3.4378931317485564","273","6"
"8.018422451217289","274.5","6"
"10.483639811174408","276","6"
"5.6799818353176486","277.5","6"
"3.454409891379964","279","6"
"8.057641716385533","280.5","6"
"10.471858705245856","282","6"
"5.634718260594744","283.5","6"
"3.471426359930118","285","6"
"8.096719545203008","286.5","6"
"10.459528609440099","288","6"
"5.589705033140797","289.5","6"
"3.4889388413271343","291","6"
"8.135653966431375","292.5","6"
"10.446652480614647","294","6"
"5.544948066670822","295.5","6"
"3.5069446251182974","297","6"
"8.174437587926867","298.5","6"
"7.19289740373311","1.5","7"
"10.59080519781422","3","7"
"6.6842439910268325","4.5","7"
"3.19563040402551","6","7"
"7.2371773305252285","7.5","7"
"10.59305733761567","9","7"
"6.63594766612053","10.5","7"
"3.2001194065312903","12","7"
"7.279101134693552","13.5","7"
"10.59509756929576","15","7"
"6.591242937466519","16.5","7"
"3.2068085574273506","18","7"
"7.318996534611817","19.5","7"
"10.593774868370794","21","7"
"6.547039888969593","22.5","7"
"3.2164055312771227","24","7"
"7.359606508427698","25.5","7"
"10.590305488895474","27","7"
"6.5003698356923465","28.5","7"
"3.226528825763207","30","7"
"7.402047269850228","31.5","7"
"10.587679799428924","33","7"
"6.452107514647378","34.5","7"
"3.235450896886921","36","7"
"7.4447782961180655","37.5","7"
"10.586473401565915","39","7"
"6.404956972025183","40.5","7"
"3.244097733857656","42","7"
"7.4861624737912935","43.5","7"
"10.584700272680658","45","7"
"6.35962341834127","46.5","7"
"3.254216839462272","48","7"
"7.52655068329412","49.5","7"
"10.580928308120416","51","7"
"6.314407153338483","52.5","7"
"3.2659890748183034","54","7"
"7.567359259372579","55.5","7"
"10.575949945697165","57","7"
"6.267931267037555","58.5","7"
"3.278179459106836","60","7"
"7.6090297594144385","61.5","7"
"10.571239671687916","63","7"
"6.220805857704173","64.5","7"
"3.290034240068281","66","7"
"7.650687446407098","67.5","7"
"10.566933501538008","69","7"
"6.174399457554667","70.5","7"
"3.302091072959397","72","7"
"7.691551709968613","73.5","7"
"10.56197386587897","75","7"
"6.12894122304586","76.5","7"
"3.31519093733624","78","7"
"7.73189458098966","79.5","7"
"10.5557319396809","81","7"
"6.0835115714929575","82.5","7"
"3.3293318619604713","84","7"
"7.772435561463702","85.5","7"
"10.548680820144979","87","7"
"6.03749054843858","88.5","7"
"3.3438874858501118","90","7"
"7.813327915171537","91.5","7"
"10.541540009264667","93","7"
"5.991270923121624","94.5","7"
"3.3585300906314277","96","7"
"7.854087703101124","97.5","7"
"10.534297679609935","99","7"
"5.945537208055047","100.5","7"
"3.37356546465164","102","7"
"7.894345810873626","103.5","7"
"10.526400898826903","105","7"
"5.9003381913877195","106.5","7"
"3.38938686995923","108","7"
"7.934287042083255","109.5","7"
"10.517578621644065","111","7"
"5.855187470059679","112.5","7"
"3.4059521713347167","114","7"
"7.9742726261554955","115.5","7"
"10.508103864571265","117","7"
"5.809814984418586","118.5","7"
"3.4229430137864734","120","7"
"8.014340016618771","121.5","7"
"10.49831765184102","123","7"
"5.764466153637552","124.5","7"
"3.440221903440407","126","7"
"8.054222110678253","127.5","7"
"10.48817760182906","129","7"
"5.719473131376572","130.5","7"
"3.4579541779121383","132","7"
"8.093753324313527","133.5","7"
"10.47739492811883","135","7"
"5.6748309895398","136.5","7"
"3.47631946629524","138","7"
"8.133044046871532","139.5","7"
"10.465855298886714","141","7"
"5.630288395239111","142.5","7"
"3.4952778510133626","144","7"
"8.17227563227939","145.5","7"
"10.453711485103922","147","7"
"5.585736930365899","148.5","7"
"3.5146664584988088","150","7"
"8.211439702774165","151.5","7"
"10.441122171456685","153","7"
"5.541318031270935","154.5","7"
"3.5344296012685223","156","7"
"8.250395807624253","157.5","7"
"10.428049904416579","159","7"
"5.497196296355461","160.5","7"
"3.55465007133271","162","7"
"8.289068054153633","163.5","7"
"10.414342898631554","165","7"
"5.453355462903189","166.5","7"
"3.5754123855351243","168","7"
"8.327519029179545","169.5","7"
"10.399952858762328","171","7"
"5.409669864470053","172.5","7"
"3.596685250467145","174","7"
"8.365836945617625","175.5","7"
"10.38496553367661","177","7"
"5.366097612241367","178.5","7"
"3.6183821780466823","180","7"
"8.404008004799504","181.5","7"
"10.369454844812086","183","7"
"5.322725440704014","184.5","7"
"3.6404782813897154","186","7"
"8.441952371572485","187.5","7"
"10.353387281117008","189","7"
"5.279631706581938","190.5","7"
"3.6630213630259463","192","7"
"8.479636534884818","193.5","7"
"10.336691878011196","195","7"
"5.236807539302618","196.5","7"
"3.686042223554411","198","7"
"8.517096962645759","199.5","7"
"10.319345966253762","201","7"
"5.194185423952969","202.5","7"
"3.709517947329427","204","7"
"8.554373079622072","205.5","7"
"10.301396855564823","207","7"
"5.15175993962756","208.5","7"
"3.7334051671075525","210","7"
"8.591450101526224","211.5","7"
"10.282881013853638","213","7"
"5.109581845713602","214.5","7"
"3.7576920554587585","216","7"
"8.628286632353108","217.5","7"
"10.26377182940264","219","7"
"5.067689581358689","220.5","7"
"3.7824012816239345","222","7"
"8.664864930957682","223.5","7"
"10.244041704875091","225","7"
"5.026078711276562","226.5","7"
"3.8075414697708103","228","7"
"8.701208652200004","229.5","7"
"10.223677827221795","231","7"
"4.98472213094007","232.5","7"
"3.833098328421434","234","7"
"8.737327652271766","235.5","7"
"10.202708779398657","237","7"
"4.943621318777965","238.5","7"
"3.859046970691785","240","7"
"8.773216017457951","241.5","7"
"10.18115328816989","243","7"
"4.902805350555738","244.5","7"
"3.8853814828668485","246","7"
"8.808845164802657","247.5","7"
"10.158998540486294","249","7"
"4.862302316419707","250.5","7"
"3.9121085178760158","252","7"
"8.844212137448377","253.5","7"
"10.136228766441164","255","7"
"4.822107781083614","256.5","7"
"3.939230046957626","258","7"
"8.87932580596763","259.5","7"
"10.112845937272839","261","7"
"4.782212873974934","262.5","7"
"3.9667359675151945","264","7"
"8.914189127217925","265.5","7"
"10.088867794126362","267","7"
"4.74262548004702","268.5","7"
"3.9946107560468085","270","7"
"8.94879618748425","271.5","7"
"10.064300250716746","273","7"
"4.7033648188736725","274.5","7"
"4.0228499772662065","276","7"
"8.983131216859894","277.5","7"
"10.039145278282334","279","7"
"4.664447153171181","280.5","7"
"4.051454370387765","282","7"
"9.017192244106521","283.5","7"
"10.013393020631431","285","7"
"4.625874946987467","286.5","7"
"4.080419253720431","288","7"
"9.05098222608164","289.5","7"
"9.987055305194069","291","7"
"4.587647214703361","292.5","7"
"4.109738959953982","294","7"
"9.084503134023588","295.5","7"
"9.960141988161936","297","7"
"4.549772334081804","298.5","7"
"6.286829528986361","1.5","8"
"10.468806242679074","3","8"
"7.690370938204001","4.5","8"
"3.1973005357075923","6","8"
"6.327259627303876","7.5","8"
"10.480130021313153","9","8"
"7.645190155491303","10.5","8"
"3.190207527356983","12","8"
"6.367646358377949","13.5","8"
"10.489566339238358","15","8"
"7.599281493022206","16.5","8"
"3.1844766446981048","18","8"
"6.409038421004531","19.5","8"
"10.498636992451816","21","8"
"7.5522847069903944","22.5","8"
"3.1786435040504295","24","8"
"6.451088384426503","25.5","8"
"10.50834435564853","27","8"
"7.5054648395994406","28.5","8"
"3.1726588244555014","30","8"
"6.49281703599934","31.5","8"
"10.518030035223523","33","8"
"7.459699584719451","34.5","8"
"3.1675966844028745","36","8"
"6.533990291170375","37.5","8"
"10.526600979518236","39","8"
"7.414430589091117","40.5","8"
"3.164019872438119","42","8"
"6.575231061254496","43.5","8"
"10.53401086443172","45","8"
"7.368675683212403","46.5","8"
"3.1613961542099083","48","8"
"6.6170287061691715","49.5","8"
"10.54106395520598","51","8"
"7.322334333928059","52.5","8"
"3.1590286969656693","54","8"
"6.6591392851700455","55.5","8"
"10.548198852371277","57","8"
"7.276077255082677","58.5","8"
"3.156959143115299","60","8"
"6.701063089338369","61.5","8"
"10.555017365783284","63","8"
"7.230295737486396","64.5","8"
"3.1557266263443076","66","8"
"6.74272077633103","67.5","8"
"10.560995146044029","69","8"
"7.184659105907977","70.5","8"
"3.1555484756794883","72","8"
"6.784442528569683","73.5","8"
"10.56616570420526","75","8"
"7.138687363812056","76.5","8"
"3.1561240772742574","78","8"
"6.826452081605721","79.5","8"
"10.570950885271362","81","8"
"7.092379032769879","82.5","8"
"3.1571237415165427","84","8"
"6.868592229181669","85.5","8"
"10.575531057550286","87","8"
"7.046090906920669","88.5","8"
"3.1586011846510615","90","8"
"6.910607695932721","91.5","8"
"10.579678543013966","93","8"
"6.999999412095699","94.5","8"
"3.1608175957576314","96","8"
"6.952476798237159","97.5","8"
"10.583142994393441","99","8"
"6.953919251891174","100.5","8"
"3.163856013251252","102","8"
"6.994375961926255","103.5","8"
"10.58597073578966","105","8"
"6.907623733898195","106.5","8"
"3.167546171420457","108","8"
"7.036398328011492","109.5","8"
"10.588376632181495","111","8"
"6.861140948263082","112.5","8"
"3.1717362849132003","114","8"
"7.078450262671802","115.5","8"
"10.59043361938746","117","8"
"6.814664076342984","118.5","8"
"3.176465532091455","120","8"
"7.12039821450977","121.5","8"
"10.59200962443889","123","8"
"6.768274924528939","124.5","8"
"3.1818598258040773","126","8"
"7.162242183525395","127.5","8"
"10.592992286750508","129","8"
"6.72187148123694","130.5","8"
"3.187946763387802","132","8"
"7.20407432511099","133.5","8"
"10.593414131754894","135","8"
"6.675352720502154","136.5","8"
"3.1946314789976014","138","8"
"7.245929135937476","139.5","8"
"10.593382591941483","141","8"
"6.6287541246146695","142.5","8"
"3.201843993672467","144","8"
"7.287750928521795","145.5","8"
"10.59292329340867","147","8"
"6.582176226729737","148.5","8"
"3.2096094407012123","150","8"
"7.329468245474188","151.5","8"
"10.59196527157628","153","8"
"6.535661901281212","154.5","8"
"3.2179881892579454","156","8"
"7.37109045017676","157.5","8"
"10.590453331770842","159","8"
"6.489157432024379","160.5","8"
"3.2269819641762125","162","8"
"7.412657953015445","163.5","8"
"10.588409157614077","165","8"
"6.442621915763717","166.5","8"
"3.236541484497558","168","8"
"7.454184059849027","169.5","8"
"10.585885972541115","171","8"
"6.3960834426455495","172.5","8"
"3.246634471194192","174","8"
"7.495631317149079","175.5","8"
"10.582887719028637","177","8"
"6.349601642629605","178.5","8"
"3.2572734909105217","180","8"
"7.5369681851021895","181.5","8"
"10.579374972309875","183","8"
"6.303194256860931","184.5","8"
"3.268484416149736","186","8"
"7.5781946637083575","187.5","8"
"10.575321120667263","189","8"
"6.2568391089082205","190.5","8"
"3.280264782863912","192","8"
"7.619334407827642","193.5","8"
"10.570737991530832","195","8"
"6.210520428864767","196.5","8"
"3.292585022477977","198","8"
"7.660383474983368","199.5","8"
"10.565649239760639","201","8"
"6.16426187159063","202.5","8"
"3.3054323219427313","204","8"
"7.70132313841132","205.5","8"
"10.560052894118344","207","8"
"6.11809694813756","208.5","8"
"3.318808159686929","210","8"
"7.742132700108948","211.5","8"
"10.553927270982232","213","8"
"6.0720369931260025","214.5","8"
"3.332725102354977","216","8"
"7.78281511693376","217.5","8"
"10.547255614826424","219","8"
"6.026069193506758","220.5","8"
"3.347177729041444","222","8"
"7.823376302600768","223.5","8"
"10.540042853746765","225","8"
"5.9801994629948405","226.5","8"
"3.362148791410871","228","8"
"7.863813300252467","229.5","8"
"10.532299829554118","231","8"
"5.934437164972358","232.5","8"
"3.377627940461982","234","8"
"7.904114282458827","235.5","8"
"10.524020628533467","237","8"
"5.888806447108955","238.5","8"
"3.393618872266661","240","8"
"7.944263972122725","241.5","8"
"10.515192437635612","243","8"
"5.8433122375004745","244.5","8"
"3.410122079634493","246","8"
"7.984263847672917","247.5","8"
"10.505804415049695","249","8"
"5.7979584786235945","250.5","8"
"3.4271318952552554","252","8"
"8.024113416299818","253.5","8"
"10.495858532014052","255","8"
"5.752743692049561","256.5","8"
"3.4446392021516337","258","8"
"8.063809721145919","259.5","8"
"10.485356759767024","261","8"
"5.707681183637159","262.5","8"
"3.4626346369415213","264","8"
"8.10334290601953","265.5","8"
"10.474296141451102","267","8"
"5.6627857376739215","268.5","8"
"3.481118938839295","270","8"
"8.142704100348128","271.5","8"
"10.462662878397916","273","8"
"5.6180632678748665","274.5","8"
"3.5000886581778627","276","8"
"8.181891332893375","277.5","8"
"10.45045697060747","279","8"
"5.573515252668747","280.5","8"
"3.519540345290133","282","8"
"8.220905096464858","283.5","8"
"10.437672504364748","285","8"
"5.5291515482472535","286.5","8"
"3.5394638975796213","288","8"
"8.259735534870883","289.5","8"
"10.424310465288917","291","8"
"5.484976589896648","292.5","8"
"3.5598546333552754","294","8"
"8.298381169682697","295.5","8"
"10.410365925284134","297","8"
"5.441003683475712","298.5","8"
"3.5433198861740314","1.5","9"
"5.312265064462088","3","9"
"10.065753053372037","4.5","9"
"8.770065978593427","6","9"
"3.5250918452602304","7.5","9"
"5.3507988314982065","9","9"
"10.086437257255298","10.5","9"
"8.730666837926817","12","9"
"3.507643921918792","13.5","9"
"5.390692260178133","15","9"
"10.107386592695054","16.5","9"
"8.689643396869489","18","9"
"3.48931534784974","19.5","9"
"5.431028231864996","21","9"
"10.129255510819604","22.5","9"
"8.648738230112455","24","9"
"3.4706489528104707","25.5","9"
"5.47080585029255","27","9"
"10.150827757574246","28.5","9"
"8.608441190382774","30","9"
"3.4531707216795815","31.5","9"
"5.51019858443456","33","9"
"10.170994511393717","34.5","9"
"8.5676809096436","36","9"
"3.437212068902691","37.5","9"
"5.55004273215603","39","9"
"10.190127350704774","40.5","9"
"8.525553575116852","42","9"
"3.4217858968819206","43.5","9"
"5.590611309966808","45","9"
"10.209251319443311","46.5","9"
"8.482432736467626","48","9"
"3.406136974928928","49.5","9"
"5.631396723994793","51","9"
"10.228598038114068","52.5","9"
"8.439212350282318","54","9"
"3.390639345518396","55.5","9"
"5.671918484895036","57","9"
"10.247498271301213","58.5","9"
"8.396083626679738","60","9"
"3.3760393687661443","61.5","9"
"5.712305708778694","63","9"
"10.265446396370983","64.5","9"
"8.352478849018471","66","9"
"3.3624338817555404","67.5","9"
"5.752982704698074","69","9"
"10.282693746211505","70.5","9"
"8.307995884677513","72","9"
"3.3493032167796626","73.5","9"
"5.7940495129988445","75","9"
"10.299754814029061","76.5","9"
"8.262889516212084","78","9"
"3.336319162655192","79.5","9"
"5.835230160313648","81","9"
"10.316693665069646","82.5","9"
"8.217619042154995","84","9"
"3.3237128470772883","85.5","9"
"5.876290562089818","87","9"
"10.333146605859854","88.5","9"
"8.172249513371408","90","9"
"3.3118496883529054","91.5","9"
"5.9173218881005","93","9"
"10.348887929609951","94.5","9"
"8.126493129063942","96","9"
"3.300738803459357","97.5","9"
"5.9585345680383","99","9"
"10.36407632100617","100.5","9"
"8.080178391497165","102","9"
"3.2901143216257727","103.5","9"
"5.999958663287877","105","9"
"10.378965084174975","106.5","9"
"8.033467927833984","108","9"
"3.27983899538285","109.5","9"
"6.041443374116357","111","9"
"10.393553233497197","112.5","9"
"7.986596808246237","114","9"
"3.270047854556761","115.5","9"
"6.082877325557626","117","9"
"10.407649558854025","118.5","9"
"7.939589673213149","120","9"
"3.260915107335647","121.5","9"
"6.1243157122851555","123","9"
"10.421155498328549","124.5","9"
"7.892300651097692","126","9"
"3.2524308975278173","127.5","9"
"6.165863502740459","129","9"
"10.434162714503493","130.5","9"
"7.844664691034703","132","9"
"3.2444574848543866","133.5","9"
"6.207524146590626","135","9"
"10.446791452917495","136.5","9"
"7.796783804608186","138","9"
"3.2369391818323","139.5","9"
"6.249213373396699","141","9"
"10.459024958044676","142.5","9"
"7.748776266118437","144","9"
"3.2299548379950864","145.5","9"
"6.290881409390635","147","9"
"10.470763682348956","148.5","9"
"7.700656859852992","150","9"
"3.2235857669241996","151.5","9"
"6.332554373480416","153","9"
"10.481962287348557","154.5","9"
"7.65235314280292","156","9"
"3.217815213093764","157.5","9"
"6.3742869675299305","159","9"
"10.492670054001932","160.5","9"
"7.603844909775256","162","9"
"3.2125776328290327","163.5","9"
"6.416072785014577","165","9"
"10.502943162601724","166.5","9"
"7.555194254777652","168","9"
"3.207851342508285","169.5","9"
"6.457864023404654","171","9"
"10.512762886383719","172.5","9"
"7.506470171151949","174","9"
"3.2036784773510014","175.5","9"
"6.499636535030517","177","9"
"10.522076001912783","178.5","9"
"7.45767315170773","180","9"
"3.200096244480816","181.5","9"
"6.541408061037211","183","9"
"10.530861811186364","184.5","9"
"7.40877658472743","186","9"
"3.1970923236581146","187.5","9"
"6.58319732818895","189","9"
"10.539143969064524","190.5","9"
"7.359776034924787","192","9"
"3.194632218211978","193.5","9"
"6.625000886818641","195","9"
"10.546948101645656","196.5","9"
"7.310714376733658","198","9"
"3.1927102608321842","199.5","9"
"6.666789661160795","201","9"
"10.554255482165551","202.5","9"
"7.261624628396209","204","9"
"3.191347149521284","205.5","9"
"6.708553795023721","207","9"
"10.561038513287471","208.5","9"
"7.212514674865794","210","9"
"3.1905584077811917","211.5","9"
"6.750298216503264","213","9"
"10.567285367581386","214.5","9"
"7.1633712102836276","216","9"
"3.1903368898729307","217.5","9"
"6.792032288981532","219","9"
"10.573007872477326","220.5","9"
"7.11420064117431","222","9"
"3.190665347461042","223.5","9"
"6.833751084362678","225","9"
"10.578213912928646","226.5","9"
"7.065028100826655","228","9"
"3.191540577283225","229.5","9"
"6.8754353830729045","231","9"
"10.582889690266976","232.5","9"
"7.015875765671967","234","9"
"3.1929744067695096","235.5","9"
"6.917077792968444","237","9"
"10.587021405823949","238.5","9"
"6.966750535044429","240","9"
"3.1949712712061573","241.5","9"
"6.958686691812232","243","9"
"10.590597232169534","244.5","9"
"6.917646988038613","246","9"
"3.197526981711699","247.5","9"
"7.0002561658892555","249","9"
"10.593628011114594","250.5","9"
"6.868574980846208","252","9"
"3.2006336533327815","253.5","9"
"7.041789172057022","255","9"
"10.59611078580162","256.5","9"
"6.819550776183506","258","9"
"3.2042866043783516","259.5","9"
"7.0832684619800705","261","9"
"10.59803865689643","262.5","9"
"6.770590636766798","264","9"
"3.2084927341825935","265.5","9"
"7.124690093181726","267","9"
"10.599399796968992","268.5","9"
"6.721698012263174","270","9"
"3.2132535211742606","271.5","9"
"7.166056036900325","273","9"
"10.600194206019307","274.5","9"
"6.6728758595301425","276","9"
"3.218565022876676","277.5","9"
"7.2073653075166995","279","9"
"10.600419912809036","280.5","9"
"6.624133541949811","282","9"
"3.2244223111939947","283.5","9"
"7.248610020077496","285","9"
"10.60007691733818","286.5","9"
"6.575483379761792","288","9"
"3.2308234148878783","289.5","9"
"7.289787217725208","291","9"
"10.599160291510895","292.5","9"
"6.526935721967362","294","9"
"3.237768826767911","295.5","9"
"7.330889508316066","297","9"
"10.597664121612162","298.5","9"
"7.19289740373311","1.5","10"
"10.59080519781422","3","10"
"6.6842439910268325","4.5","10"
"3.19563040402551","6","10"
"7.2371773305252285","7.5","10"
"10.59305733761567","9","10"
"6.63594766612053","10.5","10"
"3.2001194065312903","12","10"
"7.279101134693552","13.5","10"
"10.59509756929576","15","10"
"6.591242937466519","16.5","10"
"3.2068085574273506","18","10"
"7.318996534611817","19.5","10"
"10.593774868370794","21","10"
"6.547039888969593","22.5","10"
"3.2164055312771227","24","10"
"7.359606508427698","25.5","10"
"10.590305488895474","27","10"
"6.5003698356923465","28.5","10"
"3.226528825763207","30","10"
"7.402047269850228","31.5","10"
"10.587679799428924","33","10"
"6.452107514647378","34.5","10"
"3.235450896886921","36","10"
"7.4447782961180655","37.5","10"
"10.586473401565915","39","10"
"6.404956972025183","40.5","10"
"3.244097733857656","42","10"
"7.4861624737912935","43.5","10"
"10.584700272680658","45","10"
"6.35962341834127","46.5","10"
"3.254216839462272","48","10"
"7.52655068329412","49.5","10"
"10.580928308120416","51","10"
"6.314407153338483","52.5","10"
"3.2659890748183034","54","10"
"7.567359259372579","55.5","10"
"10.575949945697165","57","10"
"6.267931267037555","58.5","10"
"3.278179459106836","60","10"
"7.6090297594144385","61.5","10"
"10.571239671687916","63","10"
"6.220805857704173","64.5","10"
"3.290034240068281","66","10"
"7.650687446407098","67.5","10"
"10.566933501538008","69","10"
"6.174399457554667","70.5","10"
"3.302091072959397","72","10"
"7.691551709968613","73.5","10"
"10.56197386587897","75","10"
"6.12894122304586","76.5","10"
"3.31519093733624","78","10"
"7.73189458098966","79.5","10"
"10.5557319396809","81","10"
"6.0835115714929575","82.5","10"
"3.3293318619604713","84","10"
"7.772435561463702","85.5","10"
"10.548680820144979","87","10"
"6.03749054843858","88.5","10"
"3.3438874858501118","90","10"
"7.813327915171537","91.5","10"
"10.541540009264667","93","10"
"5.991270923121624","94.5","10"
"3.3585300906314277","96","10"
"7.854087703101124","97.5","10"
"10.534297679609935","99","10"
"5.945537208055047","100.5","10"
"3.37356546465164","102","10"
"7.894345810873626","103.5","10"
"10.526400898826903","105","10"
"5.9003381913877195","106.5","10"
"3.38938686995923","108","10"
"7.934287042083255","109.5","10"
"10.517578621644065","111","10"
"5.855187470059679","112.5","10"
"3.4059521713347167","114","10"
"7.9742726261554955","115.5","10"
"10.508103864571265","117","10"
"5.809814984418586","118.5","10"
"3.4229430137864734","120","10"
"8.014340016618771","121.5","10"
"10.49831765184102","123","10"
"5.764466153637552","124.5","10"
"3.440221903440407","126","10"
"8.054222110678253","127.5","10"
"10.48817760182906","129","10"
"5.719473131376572","130.5","10"
"3.4579541779121383","132","10"
"8.093753324313527","133.5","10"
"10.47739492811883","135","10"
"5.6748309895398","136.5","10"
"3.47631946629524","138","10"
"8.133044046871532","139.5","10"
"10.465855298886714","141","10"
"5.630288395239111","142.5","10"
"3.4952778510133626","144","10"
"8.17227563227939","145.5","10"
"10.453711485103922","147","10"
"5.585736930365899","148.5","10"
"3.5146664584988088","150","10"
"8.211439702774165","151.5","10"
"10.441122171456685","153","10"
"5.541318031270935","154.5","10"
"3.5344296012685223","156","10"
"8.250395807624253","157.5","10"
"10.428049904416579","159","10"
"5.497196296355461","160.5","10"
"3.55465007133271","162","10"
"8.289068054153633","163.5","10"
"10.414342898631554","165","10"
"5.453355462903189","166.5","10"
"3.5754123855351243","168","10"
"8.327519029179545","169.5","10"
"10.399952858762328","171","10"
"5.409669864470053","172.5","10"
"3.596685250467145","174","10"
"8.365836945617625","175.5","10"
"10.38496553367661","177","10"
"5.366097612241367","178.5","10"
"3.6183821780466823","180","10"
"8.404008004799504","181.5","10"
"10.369454844812086","183","10"
"5.322725440704014","184.5","10"
"3.6404782813897154","186","10"
"8.441952371572485","187.5","10"
"10.353387281117008","189","10"
"5.279631706581938","190.5","10"
"3.6630213630259463","192","10"
"8.479636534884818","193.5","10"
"10.336691878011196","195","10"
"5.236807539302618","196.5","10"
"3.686042223554411","198","10"
"8.517096962645759","199.5","10"
"10.319345966253762","201","10"
"5.194185423952969","202.5","10"
"3.709517947329427","204","10"
"8.554373079622072","205.5","10"
"10.301396855564823","207","10"
"5.15175993962756","208.5","10"
"3.7334051671075525","210","10"
"8.591450101526224","211.5","10"
"10.282881013853638","213","10"
"5.109581845713602","214.5","10"
"3.7576920554587585","216","10"
"8.628286632353108","217.5","10"
"10.26377182940264","219","10"
"5.067689581358689","220.5","10"
"3.7824012816239345","222","10"
"8.664864930957682","223.5","10"
"10.244041704875091","225","10"
"5.026078711276562","226.5","10"
"3.8075414697708103","228","10"
"8.701208652200004","229.5","10"
"10.223677827221795","231","10"
"4.98472213094007","232.5","10"
"3.833098328421434","234","10"
"8.737327652271766","235.5","10"
"10.202708779398657","237","10"
"4.943621318777965","238.5","10"
"3.859046970691785","240","10"
"8.773216017457951","241.5","10"
"10.18115328816989","243","10"
"4.902805350555738","244.5","10"
"3.8853814828668485","246","10"
"8.808845164802657","247.5","10"
"10.158998540486294","249","10"
"4.862302316419707","250.5","10"
"3.9121085178760158","252","10"
"8.844212137448377","253.5","10"
"10.136228766441164","255","10"
"4.822107781083614","256.5","10"
"3.939230046957626","258","10"
"8.87932580596763","259.5","10"
"10.112845937272839","261","10"
"4.782212873974934","262.5","10"
"3.9667359675151945","264","10"
"8.914189127217925","265.5","10"
"10.088867794126362","267","10"
"4.74262548004702","268.5","10"
"3.9946107560468085","270","10"
"8.94879618748425","271.5","10"
"10.064300250716746","273","10"
"4.7033648188736725","274.5","10"
"4.0228499772662065","276","10"
"8.983131216859894","277.5","10"
"10.039145278282334","279","10"
"4.664447153171181","280.5","10"
"4.051454370387765","282","10"
"9.017192244106521","283.5","10"
"10.013393020631431","285","10"
"4.625874946987467","286.5","10"
"4.080419253720431","288","10"
"9.05098222608164","289.5","10"
"9.987055305194069","291","10"
"4.587647214703361","292.5","10"
"4.109738959953982","294","10"
"9.084503134023588","295.5","10"
"9.960141988161936","297","10"
"4.549772334081804","298.5","10"
"3.9157178552733525","1.5","11"
"8.84495135182522","3","11"
"10.13133122478978","4.5","11"
"4.8170239574092655","6","11"
"3.941856475638552","7.5","11"
"8.883047503950246","9","11"
"10.110600696805571","10.5","11"
"4.774652682138159","12","11"
"3.966630259859306","13.5","11"
"8.917129229199427","15","11"
"10.088664756577522","16.5","11"
"4.736707822555593","18","11"
"3.9936413995939737","19.5","11"
"8.948810971771787","21","11"
"10.06248276896888","22.5","11"
"4.6986619370081915","24","11"
"4.0232291942415275","25.5","11"
"8.982012539102938","27","11"
"10.03432855740282","28.5","11"
"4.657555703940657","30","11"
"4.052838179701217","31.5","11"
"9.017469203093047","33","11"
"10.00769515621472","34.5","11"
"4.615419498841386","36","11"
"4.080928326021285","37.5","11"
"9.052566116086425","39","11"
"9.982657472461431","40.5","11"
"4.575580772025346","42","11"
"4.108650097176891","43.5","11"
"9.085440457853426","45","11"
"9.956642054492372","46.5","11"
"4.53821693494298","48","11"
"4.1377480390973895","49.5","11"
"9.11716359643089","51","11"
"9.92833310071676","52.5","11"
"4.500936875489989","54","11"
"4.16824605304763","55.5","11"
"9.149694942727034","57","11"
"9.899042470248697","58.5","11"
"4.462442533220636","60","11"
"4.198829815865585","61.5","11"
"9.183194167047262","63","11"
"9.870462471201574","64.5","11"
"4.423929956996655","66","11"
"4.22882614965874","67.5","11"
"9.216247891503043","69","11"
"9.842463001845065","70.5","11"
"4.386998806729534","72","11"
"4.25888556307872","73.5","11"
"9.248026224753978","75","11"
"9.813712490681684","76.5","11"
"4.351560376694053","78","11"
"4.289842382752188","79.5","11"
"9.279189531643377","81","11"
"9.783653077261704","82.5","11"
"4.316365887402932","84","11"
"4.321634021861906","85.5","11"
"9.310697805241972","87","11"
"9.75302496158114","88.5","11"
"4.280863884931042","90","11"
"4.353588780944113","91.5","11"
"9.342521476974685","93","11"
"9.722629452024488","94.5","11"
"4.245735924933836","96","11"
"4.385418366391842","97.5","11"
"9.373906548177139","99","11"
"9.692315748858874","100.5","11"
"4.21173551326611","102","11"
"4.417476615486807","103.5","11"
"9.40449425347177","105","11"
"9.6614037748576","106.5","11"
"4.178727127292107","108","11"
"4.450161718373336","109.5","11"
"9.434674898049552","111","11"
"9.629662895135093","112.5","11"
"4.146068636123144","114","11"
"4.483400246423329","115.5","11"
"9.464907780443298","117","11"
"9.597499184789031","118.5","11"
"4.113542710732429","120","11"
"4.516852161023438","121.5","11"
"9.495118979215322","123","11"
"9.565287179103683","124.5","11"
"4.081520190332344","126","11"
"4.550393274158353","127.5","11"
"9.524913261078808","129","11"
"9.53290860377875","130.5","11"
"4.050352694561475","132","11"
"4.584213317518129","133.5","11"
"9.554142783158383","135","11"
"9.500016520866705","136.5","11"
"4.019927370024957","138","11"
"4.618496601887395","139.5","11"
"9.583025367290428","141","11"
"9.466524195880663","142.5","11"
"3.989922412064072","144","11"
"4.653188425402264","145.5","11"
"9.611777849692148","147","11"
"9.43264747941866","148.5","11"
"3.9602540430494426","150","11"
"4.688109405373953","151.5","11"
"9.640330251402535","153","11"
"9.398557869216129","154.5","11"
"3.931128257387417","156","11"
"4.723211246463177","157.5","11"
"9.668478549253582","159","11"
"9.364178486977874","160.5","11"
"3.9027010293115083","162","11"
"4.758590539348511","163.5","11"
"9.696166562952646","165","11"
"9.329330935634284","166.5","11"
"3.874897451764864","168","11"
"4.794331061659328","169.5","11"
"9.723509609942516","171","11"
"9.293987617848623","172.5","11"
"3.8475556367989543","174","11"
"4.8303919102001105","175.5","11"
"9.750607237759276","177","11"
"9.258262865444513","178.5","11"
"3.820654393601644","180","11"
"4.866684379245638","181.5","11"
"9.777407208586958","183","11"
"9.222236513574648","184.5","11"
"3.794298444209652","186","11"
"4.903180871459174","187.5","11"
"9.803807018031977","189","11"
"9.185858295661408","190.5","11"
"3.768558999607948","192","11"
"4.939932639037514","193.5","11"
"9.829780054376762","195","11"
"9.149040491598736","196.5","11"
"3.743392446148298","198","11"
"4.976975164270746","199.5","11"
"9.855395310963157","201","11"
"9.111778173290789","202.5","11"
"3.718717470249249","204","11"
"5.014281342631718","205.5","11"
"9.880690241319586","207","11"
"9.074134420364391","208.5","11"
"3.694532100672463","210","11"
"5.051800907542806","211.5","11"
"9.90563034877513","213","11"
"9.036141758252123","214.5","11"
"3.670895228163295","216","11"
"5.089522524383566","217.5","11"
"9.930164381132993","219","11"
"8.997775546474756","220.5","11"
"3.6478364212968195","222","11"
"5.1274683695853005","223.5","11"
"9.954284453439826","225","11"
"8.958994389027188","226.5","11"
"3.6253280827362997","228","11"
"5.165653720245133","229.5","11"
"9.978019148651528","231","11"
"8.919800257147756","232.5","11"
"3.6033381798587403","234","11"
"5.2040539358838345","235.5","11"
"10.001390150389824","237","11"
"8.88022666188821","238.5","11"
"3.581866959068933","240","11"
"5.2426468400701","241.5","11"
"10.024370846937147","243","11"
"8.840295286870273","244.5","11"
"3.5609434961323667","246","11"
"5.281423069421823","247.5","11"
"10.046936597814268","249","11"
"8.799991347806406","250.5","11"
"3.5405857785988784","252","11"
"5.320390508892356","253.5","11"
"10.069081489306173","255","11"
"8.759300060409073","256.5","11"
"3.5207775437521773","258","11"
"5.359552608148792","259.5","11"
"10.090825233796243","261","11"
"8.71822536715495","262.5","11"
"3.5015047465191036","264","11"
"5.398894090094007","265.5","11"
"10.112169802522818","267","11"
"8.676790922904097","268.5","11"
"3.4827698509475797","270","11"
"5.438400663250052","271.5","11"
"10.133104353675037","273","11"
"8.635006583848204","274.5","11"
"3.4645901053730657","276","11"
"5.478062471425234","277.5","11"
"10.153611146107856","279","11"
"8.592869393129764","280.5","11"
"3.446971177105784","282","11"
"5.517885921144153","283.5","11"
"10.173691165440443","285","11"
"8.550379350748777","286.5","11"
"3.429910109288227","288","11"
"5.55786263464387","289.5","11"
"10.193351311006984","291","11"
"8.50754138480109","292.5","11"
"3.413396306514327","294","11"
"5.597986205399787","295.5","11"
"10.212591582807477","297","11"
"8.464374222050914","298.5","11"
"9.945734207147664","1.5","12"
"4.51593750643449","3","12"
"4.1301060408695776","4.5","12"
"9.109320039082991","6","12"
"9.920555579853191","7.5","12"
"4.477118402648911","9","12"
"4.15841055935893","10.5","12"
"9.14466434248782","12","12"
"9.897538415396612","13.5","12"
"4.4427774595582505","15","12"
"4.186796391429735","16.5","12"
"9.176150932464694","18","12"
"9.871915273856864","19.5","12"
"4.411426885026717","21","12"
"4.217819740397119","22.5","12"
"9.206803688624486","24","12"
"9.842646327010524","25.5","12"
"4.378548600783039","27","12"
"4.250564966052965","28.5","12"
"9.23960805143048","30","12"
"9.812829375906148","31.5","12"
"4.343032799642782","33","12"
"4.282628143243777","34.5","12"
"9.27374497135313","36","12"
"9.784810194166257","37.5","12"
"4.307758475198961","39","12"
"4.313475066379887","40.5","12"
"9.30651877996488","42","12"
"9.757421808694607","43.5","12"
"4.275010292685608","45","12"
"4.344641822936379","46.5","12"
"9.337208989653101","48","12"
"9.728301690342803","49.5","12"
"4.243757294451817","51","12"
"4.377300314105342","52.5","12"
"9.36750495167367","54","12"
"9.697148239645095","55.5","12"
"4.211761139364507","57","12"
"4.410874445482422","58.5","12"
"9.398790475340043","60","12"
"9.665613354328935","61.5","12"
"4.178708400527894","63","12"
"4.444177038778409","64.5","12"
"9.43047517476991","66","12"
"9.634761503096978","67.5","12"
"4.146145021608752","69","12"
"4.4770346250195345","70.5","12"
"9.461191996175696","72","12"
"9.603885011385794","73.5","12"
"4.115092350471086","75","12"
"4.510247034161546","76.5","12"
"9.490713261529333","78","12"
"9.571828733529166","79.5","12"
"4.0849018497016125","81","12"
"4.544346993365354","82.5","12"
"9.519962495992292","84","12"
"9.538551273521993","85.5","12"
"4.054484410118448","87","12"
"4.578989043112181","88.5","12"
"9.549569510213644","90","12"
"9.504931803663133","91.5","12"
"4.0238079990985955","93","12"
"4.613582304710137","94.5","12"
"9.579139070906567","96","12"
"9.47143947867709","97.5","12"
"3.9936887093140916","99","12"
"4.648094745536224","100.5","12"
"9.607997014559384","102","12"
"9.437667237847016","103.5","12"
"3.964571055010211","105","12"
"4.682934411926461","106.5","12"
"9.636094060213635","108","12"
"9.403059191961523","109.5","12"
"3.936068180663072","111","12"
"4.718337359671853","112.5","12"
"9.663929916788069","114","12"
"9.367654765787378","115.5","12"
"3.9076646074472228","117","12"
"4.75410153684273","118.5","12"
"9.691775629554193","120","12"
"9.331910300999883","121.5","12"
"3.879402716986935","123","12"
"4.78993963545129","124.5","12"
"9.719390707434743","126","12"
"9.296038691339573","127.5","12"
"3.851710760811194","129","12"
"4.825853626735873","130.5","12"
"9.746440039912214","132","12"
"9.259810287540038","133.5","12"
"3.8247742817285872","135","12"
"4.862051476341165","136.5","12"
"9.772938411274145","138","12"
"9.222959958044786","139.5","12"
"3.798370529806893","141","12"
"4.89863963113743","142.5","12"
"9.799144053742845","144","12"
"9.185545854384795","145.5","12"
"3.772266898922197","147","12"
"4.935496859966866","148.5","12"
"9.825170313522765","150","12"
"9.147801568303146","151.5","12"
"3.746511930818579","153","12"
"4.972483697717042","154.5","12"
"9.850875261453549","156","12"
"9.109822704859244","157.5","12"
"3.7213254185707543","159","12"
"5.009608522150896","160.5","12"
"9.87609824161063","162","12"
"9.071486061656952","163.5","12"
"3.696782269235576","165","12"
"5.046978765757862","166.5","12"
"9.900858966377395","168","12"
"9.032672378776802","169.5","12"
"3.672765933346295","171","12"
"5.084634838923874","172.5","12"
"9.925292465580007","174","12"
"8.993421080985561","175.5","12"
"3.649162325484085","177","12"
"5.122510705164601","178.5","12"
"9.949440135223576","180","12"
"8.95386621249023","181.5","12"
"3.6260182625594797","183","12"
"5.160532443042358","184.5","12"
"9.973221154536228","186","12"
"8.914045226819233","187.5","12"
"3.6034441339194214","189","12"
"5.198711387177592","190.5","12"
"9.996555688365266","192","12"
"8.873893073107412","193.5","12"
"3.5814692617341906","195","12"
"5.237099282576679","196.5","12"
"10.019463449094074","198","12"
"8.83335849915797","199.5","12"
"3.5600288415434185","201","12"
"5.275710420717574","202.5","12"
"10.042008501968642","204","12"
"8.792476987260995","205.5","12"
"3.539077288460532","207","12"
"5.31450537683351","208.5","12"
"10.064205631276511","210","12"
"8.75131555951999","211.5","12"
"3.5186454030845673","213","12"
"5.353446204586477","214.5","12"
"10.086009498535898","216","12"
"8.709892942699167","217.5","12"
"3.498787148065033","219","12"
"5.392539310501073","220.5","12"
"10.107375750884193","222","12"
"8.66818055384262","223.5","12"
"3.47951336521279","225","12"
"5.4318088422469435","226.5","12"
"10.128321143847273","228","12"
"8.62615375247112","229.5","12"
"3.4607925147144263","231","12"
"5.471257263872009","232.5","12"
"10.14887426038104","234","12"
"8.583840135921408","235.5","12"
"3.4426038985673904","237","12"
"5.510861413325797","238.5","12"
"10.169037071723833","240","12"
"8.541277157721906","241.5","12"
"3.424969446798195","243","12"
"5.55060108541534","244.5","12"
"10.188782966158088","246","12"
"8.49847270282597","247.5","12"
"3.407914292695653","249","12"
"5.590477758569391","250.5","12"
"10.208089274442912","252","12"
"8.455416915041905","253.5","12"
"3.391443610760402","255","12"
"5.6305007961700575","256.5","12"
"10.226964867150828","258","12"
"8.412103880654698","259.5","12"
"3.3755413846809437","261","12"
"5.6706692125981695","262.5","12"
"10.245421571711866","264","12"
"8.368546412713549","265.5","12"
"3.3601994830991337","267","12"
"5.710965759518268","268.5","12"
"10.263457416887688","270","12"
"8.324771122936024","271.5","12"
"3.3454307190641694","273","12"
"5.751381073548246","274.5","12"
"10.281055647152419","276","12"
"8.280785896275473","277.5","12"
"3.3312488912444196","279","12"
"5.79191367625935","280.5","12"
"10.298203449456858","282","12"
"8.236582354968963","283.5","12"
"3.3176564636878068","285","12"
"5.83256356765158","286.5","12"
"10.314905751896854","288","12"
"8.192164934302752","289.5","12"
"3.3046423481786777","291","12"
"5.8733307477249355","292.5","12"
"10.331164525710742","294","12"
"8.147544476087702","295.5","12"
"3.2922087623601635","297","12"
"5.9142024034302185","298.5","12"
"9.705440253714945","1.5","13"
"4.21057445388488","3","13"
"4.3990731343609015","4.5","13"
"9.390112098555894","6","13"
"9.674180356146971","7.5","13"
"4.1780534565900105","9","13"
"4.432723651223589","10.5","13"
"9.421950554576146","12","13"
"9.643536470559699","13.5","13"
"4.144866180736812","15","13"
"4.465662551046168","16.5","13"
"9.45367172191527","18","13"
"9.613931427576686","19.5","13"
"4.113117169656159","21","13"
"4.498317099738455","22.5","13"
"9.48388883440231","24","13"
"9.583883841586736","25.5","13"
"4.083249459164574","27","13"
"4.531789712341115","28.5","13"
"9.513065133046753","30","13"
"9.55231051712298","31.5","13"
"4.053877022305475","33","13"
"4.566307081263048","34.5","13"
"9.542476994672619","36","13"
"9.51978508454185","37.5","13"
"4.023970872666294","39","13"
"4.601142312367024","40.5","13"
"9.572404335123935","42","13"
"9.487411437312764","43.5","13"
"3.994055359645006","45","13"
"4.635743951727917","46.5","13"
"9.601999521915257","48","13"
"9.455298979163496","49.5","13"
"3.965171297084208","51","13"
"4.670378116521391","52.5","13"
"9.630619931348313","54","13"
"9.422661185997084","55.5","13"
"3.9374335096171027","57","13"
"4.705584926052127","58.5","13"
"9.658583918414735","60","13"
"9.389011161943982","61.5","13"
"3.91010968220103","63","13"
"4.741428445566118","64.5","13"
"9.686528193097772","66","13"
"9.35469584495172","67.5","13"
"3.8827459372086075","69","13"
"4.777524283587405","70.5","13"
"9.714525691215941","72","13"
"9.32025239746747","73.5","13"
"3.8556670361560625","75","13"
"4.813617164751185","76.5","13"
"9.742113171759755","78","13"
"9.285690675682927","79.5","13"
"3.8293820513442474","81","13"
"4.8498638025053475","82.5","13"
"9.769005790789334","84","13"
"9.250597705166225","85.5","13"
"3.8038939396306706","87","13"
"4.886524893120128","88.5","13"
"9.795398700900169","90","13"
"9.214758620938495","91.5","13"
"3.7788244696591793","93","13"
"4.923607828739294","94.5","13"
"9.821605328988039","96","13"
"9.178377446167747","97.5","13"
"3.753980213667833","99","13"
"4.960906614956498","100.5","13"
"9.847626660672113","102","13"
"9.141717341172136","103.5","13"
"3.729557309871288","105","13"
"4.998305441519368","106.5","13"
"9.87321629116011","108","13"
"9.10475957918745","109.5","13"
"3.7057957565372255","111","13"
"5.03588907167645","112.5","13"
"9.898245104340875","114","13"
"9.067291266473156","115.5","13"
"3.682675594877472","117","13"
"5.073784157490975","118.5","13"
"9.922836302610548","120","13"
"9.029220740446526","121.5","13"
"3.6600053683684233","123","13"
"5.111977885913745","124.5","13"
"9.947136743225329","126","13"
"8.990670217884533","127.5","13"
"3.6377052418573816","129","13"
"5.150360853216987","130.5","13"
"9.971127699421006","132","13"
"8.951766843659993","133.5","13"
"3.6158905327871342","135","13"
"5.188879835965568","136.5","13"
"9.994682026324758","138","13"
"8.912491891008692","139.5","13"
"3.5946740945525453","141","13"
"5.227576230164591","142.5","13"
"10.017741572405612","144","13"
"8.872738913060367","145.5","13"
"3.5740357219606484","147","13"
"5.266513608250467","148.5","13"
"10.04037927348208","150","13"
"8.832476370001602","151.5","13"
"3.5538778387137007","153","13"
"5.3056722578398094","154.5","13"
"10.06266313727683","156","13"
"8.791772269555072","157.5","13"
"3.5341748187133035","159","13"
"5.344993534592059","160.5","13"
"10.084574437025651","162","13"
"8.750694619443442","163.5","13"
"3.5149902343958663","165","13"
"5.3844503339800625","166.5","13"
"10.106046150625044","168","13"
"8.709231592236684","169.5","13"
"3.496378294815691","171","13"
"5.4240668036734645","172.5","13"
"10.127054623214947","174","13"
"8.667332921357172","175.5","13"
"3.478321751637318","177","13"
"5.4638665985323245","178.5","13"
"10.147642236419633","180","13"
"8.624991707470723","181.5","13"
"3.4607762519981358","183","13"
"5.503835919888273","184.5","13"
"10.167835601956671","186","13"
"8.582254274678286","187.5","13"
"3.443732678920831","189","13"
"5.543940271070392","190.5","13"
"10.187626834872704","192","13"
"8.539153148412442","193.5","13"
"3.4272277467194527","195","13"
"5.584165853410314","196.5","13"
"10.206974539162632","198","13"
"8.49568931429236","199.5","13"
"3.4112870814923992","201","13"
"5.624522523099729","202.5","13"
"10.225874772349776","204","13"
"8.451841088696318","205.5","13"
"3.3959003342383935","207","13"
"5.665018165091991","208.5","13"
"10.244344289960013","210","13"
"8.407614385339333","211.5","13"
"3.3810455749309236","213","13"
"5.705640951957069","214.5","13"
"10.262399847519218","216","13"
"8.363041729653984","217.5","13"
"3.3667232963795732","219","13"
"5.746372649740336","220.5","13"
"10.28002764635902","222","13"
"8.318141848404487","223.5","13"
"3.352951486134179","225","13"
"5.787201431011763","226.5","13"
"10.297214873430226","228","13"
"8.272923612163362","229.5","13"
"3.3397439428631097","231","13"
"5.828133209486362","232.5","13"
"10.31395364377948","234","13"
"8.22738258564435","235.5","13"
"3.327094260041765","237","13"
"5.869166999544967","238.5","13"
"10.33025479921764","240","13"
"8.181528132229554","241.5","13"
"3.3149908566449073","243","13"
"5.910292944995883","244.5","13"
"10.346125239078894","246","13"
"8.135384892398205","247.5","13"
"3.3034379215540066","249","13"
"5.951498232789915","250.5","13"
"10.361555107171549","252","13"
"8.088973071343268","253.5","13"
"3.292444818151169","255","13"
"5.992778920450386","256.5","13"
"10.376531590446406","258","13"
"8.042297597160593","259.5","13"
"3.2820152425082787","261","13"
"6.034129587071863","262.5","13"
"10.391058631380142","264","13"
"7.995366847613112","265.5","13"
"3.2721491946253356","267","13"
"6.075549739844765","268.5","13"
"10.405135244353588","270","13"
"7.948193142940442","271.5","13"
"3.2628402679777406","273","13"
"6.117033957863659","274.5","13"
"10.418762414985911","276","13"
"7.900794717097213","277.5","13"
"3.2540874769463244","279","13"
"6.158568935269763","280.5","13"
"10.43193521518127","282","13"
"7.85319078965722","283.5","13"
"3.2459021561515318","285","13"
"6.200153193634324","286.5","13"
"10.444646745605478","288","13"
"7.805388259954649","289.5","13"
"3.23827962390231","291","13"
"6.241780326432741","292.5","13"
"10.45689010692435","294","13"
"7.757400433848282","295.5","13"
"3.2312243154849196","297","13"
"6.283449840855431","298.5","13"
"9.705440253714945","1.5","14"
"4.21057445388488","3","14"
"4.3990731343609015","4.5","14"
"9.390112098555894","6","14"
"9.674180356146971","7.5","14"
"4.1780534565900105","9","14"
"4.432723651223589","10.5","14"
"9.421950554576146","12","14"
"9.643536470559699","13.5","14"
"4.144866180736812","15","14"
"4.465662551046168","16.5","14"
"9.45367172191527","18","14"
"9.613931427576686","19.5","14"
"4.113117169656159","21","14"
"4.498317099738455","22.5","14"
"9.48388883440231","24","14"
"9.583883841586736","25.5","14"
"4.083249459164574","27","14"
"4.531789712341115","28.5","14"
"9.513065133046753","30","14"
"9.55231051712298","31.5","14"
"4.053877022305475","33","14"
"4.566307081263048","34.5","14"
"9.542476994672619","36","14"
"9.51978508454185","37.5","14"
"4.023970872666294","39","14"
"4.601142312367024","40.5","14"
"9.572404335123935","42","14"
"9.487411437312764","43.5","14"
"3.994055359645006","45","14"
"4.635743951727917","46.5","14"
"9.601999521915257","48","14"
"9.455298979163496","49.5","14"
"3.965171297084208","51","14"
"4.670378116521391","52.5","14"
"9.630619931348313","54","14"
"9.422661185997084","55.5","14"
"3.9374335096171027","57","14"
"4.705584926052127","58.5","14"
"9.658583918414735","60","14"
"9.389011161943982","61.5","14"
"3.91010968220103","63","14"
"4.741428445566118","64.5","14"
"9.686528193097772","66","14"
"9.35469584495172","67.5","14"
"3.8827459372086075","69","14"
"4.777524283587405","70.5","14"
"9.714525691215941","72","14"
"9.32025239746747","73.5","14"
"3.8556670361560625","75","14"
"4.813617164751185","76.5","14"
"9.742113171759755","78","14"
"9.285690675682927","79.5","14"
"3.8293820513442474","81","14"
"4.8498638025053475","82.5","14"
"9.769005790789334","84","14"
"9.250597705166225","85.5","14"
"3.8038939396306706","87","14"
"4.886524893120128","88.5","14"
"9.795398700900169","90","14"
"9.214758620938495","91.5","14"
"3.7788244696591793","93","14"
"4.923607828739294","94.5","14"
"9.821605328988039","96","14"
"9.178377446167747","97.5","14"
"3.753980213667833","99","14"
"4.960906614956498","100.5","14"
"9.847626660672113","102","14"
"9.141717341172136","103.5","14"
"3.729557309871288","105","14"
"4.998305441519368","106.5","14"
"9.87321629116011","108","14"
"9.10475957918745","109.5","14"
"3.7057957565372255","111","14"
"5.03588907167645","112.5","14"
"9.898245104340875","114","14"
"9.067291266473156","115.5","14"
"3.682675594877472","117","14"
"5.073784157490975","118.5","14"
"9.922836302610548","120","14"
"9.029220740446526","121.5","14"
"3.6600053683684233","123","14"
"5.111977885913745","124.5","14"
"9.947136743225329","126","14"
"8.990670217884533","127.5","14"
"3.6377052418573816","129","14"
"5.150360853216987","130.5","14"
"9.971127699421006","132","14"
"8.951766843659993","133.5","14"
"3.6158905327871342","135","14"
"5.188879835965568","136.5","14"
"9.994682026324758","138","14"
"8.912491891008692","139.5","14"
"3.5946740945525453","141","14"
"5.227576230164591","142.5","14"
"10.017741572405612","144","14"
"8.872738913060367","145.5","14"
"3.5740357219606484","147","14"
"5.266513608250467","148.5","14"
"10.04037927348208","150","14"
"8.832476370001602","151.5","14"
"3.5538778387137007","153","14"
"5.3056722578398094","154.5","14"
"10.06266313727683","156","14"
"8.791772269555072","157.5","14"
"3.5341748187133035","159","14"
"5.344993534592059","160.5","14"
"10.084574437025651","162","14"
"8.750694619443442","163.5","14"
"3.5149902343958663","165","14"
"5.3844503339800625","166.5","14"
"10.106046150625044","168","14"
"8.709231592236684","169.5","14"
"3.496378294815691","171","14"
"5.4240668036734645","172.5","14"
"10.127054623214947","174","14"
"8.667332921357172","175.5","14"
"3.478321751637318","177","14"
"5.4638665985323245","178.5","14"
"10.147642236419633","180","14"
"8.624991707470723","181.5","14"
"3.4607762519981358","183","14"
"5.503835919888273","184.5","14"
"10.167835601956671","186","14"
"8.582254274678286","187.5","14"
"3.443732678920831","189","14"
"5.543940271070392","190.5","14"
"10.187626834872704","192","14"
"8.539153148412442","193.5","14"
"3.4272277467194527","195","14"
"5.584165853410314","196.5","14"
"10.206974539162632","198","14"
"8.49568931429236","199.5","14"
"3.4112870814923992","201","14"
"5.624522523099729","202.5","14"
"10.225874772349776","204","14"
"8.451841088696318","205.5","14"
"3.3959003342383935","207","14"
"5.665018165091991","208.5","14"
"10.244344289960013","210","14"
"8.407614385339333","211.5","14"
"3.3810455749309236","213","14"
"5.705640951957069","214.5","14"
"10.262399847519218","216","14"
"8.363041729653984","217.5","14"
"3.3667232963795732","219","14"
"5.746372649740336","220.5","14"
"10.28002764635902","222","14"
"8.318141848404487","223.5","14"
"3.352951486134179","225","14"
"5.787201431011763","226.5","14"
"10.297214873430226","228","14"
"8.272923612163362","229.5","14"
"3.3397439428631097","231","14"
"5.828133209486362","232.5","14"
"10.31395364377948","234","14"
"8.22738258564435","235.5","14"
"3.327094260041765","237","14"
"5.869166999544967","238.5","14"
"10.33025479921764","240","14"
"8.181528132229554","241.5","14"
"3.3149908566449073","243","14"
"5.910292944995883","244.5","14"
"10.346125239078894","246","14"
"8.135384892398205","247.5","14"
"3.3034379215540066","249","14"
"5.951498232789915","250.5","14"
"10.361555107171549","252","14"
"8.088973071343268","253.5","14"
"3.292444818151169","255","14"
"5.992778920450386","256.5","14"
"10.376531590446406","258","14"
"8.042297597160593","259.5","14"
"3.2820152425082787","261","14"
"6.034129587071863","262.5","14"
"10.391058631380142","264","14"
"7.995366847613112","265.5","14"
"3.2721491946253356","267","14"
"6.075549739844765","268.5","14"
"10.405135244353588","270","14"
"7.948193142940442","271.5","14"
"3.2628402679777406","273","14"
"6.117033957863659","274.5","14"
"10.418762414985911","276","14"
"7.900794717097213","277.5","14"
"3.2540874769463244","279","14"
"6.158568935269763","280.5","14"
"10.43193521518127","282","14"
"7.85319078965722","283.5","14"
"3.2459021561515318","285","14"
"6.200153193634324","286.5","14"
"10.444646745605478","288","14"
"7.805388259954649","289.5","14"
"3.23827962390231","291","14"
"6.241780326432741","292.5","14"
"10.45689010692435","294","14"
"7.757400433848282","295.5","14"
"3.2312243154849196","297","14"
"6.283449840855431","298.5","14"
"3.5433198861740314","1.5","15"
"5.312265064462088","3","15"
"10.065753053372037","4.5","15"
"8.770065978593427","6","15"
"3.5250918452602304","7.5","15"
"5.3507988314982065","9","15"
"10.086437257255298","10.5","15"
"8.730666837926817","12","15"
"3.507643921918792","13.5","15"
"5.390692260178133","15","15"
"10.107386592695054","16.5","15"
"8.689643396869489","18","15"
"3.48931534784974","19.5","15"
"5.431028231864996","21","15"
"10.129255510819604","22.5","15"
"8.648738230112455","24","15"
"3.4706489528104707","25.5","15"
"5.47080585029255","27","15"
"10.150827757574246","28.5","15"
"8.608441190382774","30","15"
"3.4531707216795815","31.5","15"
"5.51019858443456","33","15"
"10.170994511393717","34.5","15"
"8.5676809096436","36","15"
"3.437212068902691","37.5","15"
"5.55004273215603","39","15"
"10.190127350704774","40.5","15"
"8.525553575116852","42","15"
"3.4217858968819206","43.5","15"
"5.590611309966808","45","15"
"10.209251319443311","46.5","15"
"8.482432736467626","48","15"
"3.406136974928928","49.5","15"
"5.631396723994793","51","15"
"10.228598038114068","52.5","15"
"8.439212350282318","54","15"
"3.390639345518396","55.5","15"
"5.671918484895036","57","15"
"10.247498271301213","58.5","15"
"8.396083626679738","60","15"
"3.3760393687661443","61.5","15"
"5.712305708778694","63","15"
"10.265446396370983","64.5","15"
"8.352478849018471","66","15"
"3.3624338817555404","67.5","15"
"5.752982704698074","69","15"
"10.282693746211505","70.5","15"
"8.307995884677513","72","15"
"3.3493032167796626","73.5","15"
"5.7940495129988445","75","15"
"10.299754814029061","76.5","15"
"8.262889516212084","78","15"
"3.336319162655192","79.5","15"
"5.835230160313648","81","15"
"10.316693665069646","82.5","15"
"8.217619042154995","84","15"
"3.3237128470772883","85.5","15"
"5.876290562089818","87","15"
"10.333146605859854","88.5","15"
"8.172249513371408","90","15"
"3.3118496883529054","91.5","15"
"5.9173218881005","93","15"
"10.348887929609951","94.5","15"
"8.126493129063942","96","15"
"3.300738803459357","97.5","15"
"5.9585345680383","99","15"
"10.36407632100617","100.5","15"
"8.080178391497165","102","15"
"3.2901143216257727","103.5","15"
"5.999958663287877","105","15"
"10.378965084174975","106.5","15"
"8.033467927833984","108","15"
"3.27983899538285","109.5","15"
"6.041443374116357","111","15"
"10.393553233497197","112.5","15"
"7.986596808246237","114","15"
"3.270047854556761","115.5","15"
"6.082877325557626","117","15"
"10.407649558854025","118.5","15"
"7.939589673213149","120","15"
"3.260915107335647","121.5","15"
"6.1243157122851555","123","15"
"10.421155498328549","124.5","15"
"7.892300651097692","126","15"
"3.2524308975278173","127.5","15"
"6.165863502740459","129","15"
"10.434162714503493","130.5","15"
"7.844664691034703","132","15"
"3.2444574848543866","133.5","15"
"6.207524146590626","135","15"
"10.446791452917495","136.5","15"
"7.796783804608186","138","15"
"3.2369391818323","139.5","15"
"6.249213373396699","141","15"
"10.459024958044676","142.5","15"
"7.748776266118437","144","15"
"3.2299548379950864","145.5","15"
"6.290881409390635","147","15"
"10.470763682348956","148.5","15"
"7.700656859852992","150","15"
"3.2235857669241996","151.5","15"
"6.332554373480416","153","15"
"10.481962287348557","154.5","15"
"7.65235314280292","156","15"
"3.217815213093764","157.5","15"
"6.3742869675299305","159","15"
"10.492670054001932","160.5","15"
"7.603844909775256","162","15"
"3.2125776328290327","163.5","15"
"6.416072785014577","165","15"
"10.502943162601724","166.5","15"
"7.555194254777652","168","15"
"3.207851342508285","169.5","15"
"6.457864023404654","171","15"
"10.512762886383719","172.5","15"
"7.506470171151949","174","15"
"3.2036784773510014","175.5","15"
"6.499636535030517","177","15"
"10.522076001912783","178.5","15"
"7.45767315170773","180","15"
"3.200096244480816","181.5","15"
"6.541408061037211","183","15"
"10.530861811186364","184.5","15"
"7.40877658472743","186","15"
"3.1970923236581146","187.5","15"
"6.58319732818895","189","15"
"10.539143969064524","190.5","15"
"7.359776034924787","192","15"
"3.194632218211978","193.5","15"
"6.625000886818641","195","15"
"10.546948101645656","196.5","15"
"7.310714376733658","198","15"
"3.1927102608321842","199.5","15"
"6.666789661160795","201","15"
"10.554255482165551","202.5","15"
"7.261624628396209","204","15"
"3.191347149521284","205.5","15"
"6.708553795023721","207","15"
"10.561038513287471","208.5","15"
"7.212514674865794","210","15"
"3.1905584077811917","211.5","15"
"6.750298216503264","213","15"
"10.567285367581386","214.5","15"
"7.1633712102836276","216","15"
"3.1903368898729307","217.5","15"
"6.792032288981532","219","15"
"10.573007872477326","220.5","15"
"7.11420064117431","222","15"
"3.190665347461042","223.5","15"
"6.833751084362678","225","15"
"10.578213912928646","226.5","15"
"7.065028100826655","228","15"
"3.191540577283225","229.5","15"
"6.8754353830729045","231","15"
"10.582889690266976","232.5","15"
"7.015875765671967","234","15"
"3.1929744067695096","235.5","15"
"6.917077792968444","237","15"
"10.587021405823949","238.5","15"
"6.966750535044429","240","15"
"3.1949712712061573","241.5","15"
"6.958686691812232","243","15"
"10.590597232169534","244.5","15"
"6.917646988038613","246","15"
"3.197526981711699","247.5","15"
"7.0002561658892555","249","15"
"10.593628011114594","250.5","15"
"6.868574980846208","252","15"
"3.2006336533327815","253.5","15"
"7.041789172057022","255","15"
"10.59611078580162","256.5","15"
"6.819550776183506","258","15"
"3.2042866043783516","259.5","15"
"7.0832684619800705","261","15"
"10.59803865689643","262.5","15"
"6.770590636766798","264","15"
"3.2084927341825935","265.5","15"
"7.124690093181726","267","15"
"10.599399796968992","268.5","15"
"6.721698012263174","270","15"
"3.2132535211742606","271.5","15"
"7.166056036900325","273","15"
"10.600194206019307","274.5","15"
"6.6728758595301425","276","15"
"3.218565022876676","277.5","15"
"7.2073653075166995","279","15"
"10.600419912809036","280.5","15"
"6.624133541949811","282","15"
"3.2244223111939947","283.5","15"
"7.248610020077496","285","15"
"10.60007691733818","286.5","15"
"6.575483379761792","288","15"
"3.2308234148878783","289.5","15"
"7.289787217725208","291","15"
"10.599160291510895","292.5","15"
"6.526935721967362","294","15"
"3.237768826767911","295.5","15"
"7.330889508316066","297","15"
"10.597664121612162","298.5","15"
"9.782608320942431","1.5","16"
"9.233226167310393","3","16"
"3.7920002267120445","4.5","16"
"4.905579868516825","6","16"
"9.807850027863728","7.5","16"
"9.19553313342554","9","16"
"3.766910551547586","10.5","16"
"4.943896306526151","12","16"
"9.83498806606642","13.5","16"
"9.158311225503528","15","16"
"3.7406423222616465","16.5","16"
"4.981227125366352","18","16"
"9.862112305600746","19.5","16"
"9.122436658985709","21","16"
"3.7158658275881775","22.5","16"
"5.017864068311488","24","16"
"9.887281076703527","25.5","16"
"9.086148132416858","27","16"
"3.69333605181073","28.5","16"
"5.0552096714392265","30","16"
"9.910979304005972","31.5","16"
"9.047893295605602","33","16"
"3.6713907482005728","34.5","16"
"5.093734567902822","36","16"
"9.93492196486236","37.5","16"
"9.008246764527541","39","16"
"3.6486281198944193","40.5","16"
"5.1325999957893504","42","16"
"9.959588070188888","43.5","16"
"8.968697809747225","45","16"
"3.6256033168892783","46.5","16"
"5.171002182666391","48","16"
"9.983920050617082","49.5","16"
"8.929579570543815","51","16"
"3.6036501283257683","52.5","16"
"5.209160428799072","54","16"
"10.007008179653837","55.5","16"
"8.889952751849139","57","16"
"3.583016437424925","58.5","16"
"5.247781915941243","60","16"
"10.029218122010905","61.5","16"
"8.849114607195606","63","16"
"3.56282110064955","64.5","16"
"5.2870519404966965","66","16"
"10.051414265699604","67.5","16"
"8.807450513678345","69","16"
"3.542443424327887","70.5","16"
"5.3265107111230385","72","16"
"10.073753324167827","73.5","16"
"8.765719398057586","75","16"
"3.5222520300291884","76.5","16"
"5.365777778820986","78","16"
"10.095652796486618","79.5","16"
"8.724033620918604","81","16"
"3.502902354500923","82.5","16"
"5.405000986465907","84","16"
"10.116702665081625","85.5","16"
"8.68190234391518","87","16"
"3.48445378129803","88.5","16"
"5.444535156958687","90","16"
"10.137141449791773","91.5","16"
"8.639016082628205","93","16"
"3.466445533458944","94.5","16"
"5.484443862735735","96","16"
"10.157396909336466","97.5","16"
"8.595617299373284","99","16"
"3.4486174075230154","100.5","16"
"5.524478234956846","102","16"
"10.17750255476745","103.5","16"
"8.552090385626379","105","16"
"3.4311914142080897","106.5","16"
"5.5644593837428244","108","16"
"10.197143973569776","109.5","16"
"8.50846392434339","111","16"
"3.4144881261489255","112.5","16"
"5.604478971676399","114","16"
"10.216140797435497","115.5","16"
"8.464486582636194","117","16"
"3.3985016296305073","118.5","16"
"5.644713424588843","120","16"
"10.23463495552496","121.5","16"
"8.420026287536126","123","16"
"3.383001043362468","124.5","16"
"5.685176048338938","126","16"
"10.252836384721196","127.5","16"
"8.375232853156895","129","16"
"3.3678784420457877","130.5","16"
"5.725736248386778","132","16"
"10.270736214451677","133.5","16"
"8.33029650399814","135","16"
"3.3532644202203765","136.5","16"
"5.766307290245478","138","16"
"10.288167875076825","139.5","16"
"8.285225125013215","141","16"
"3.339310024023902","142.5","16"
"5.806944861398094","144","16"
"10.305050545824772","145.5","16"
"8.239884179185532","147","16"
"3.3259975123113206","148.5","16"
"5.847733232283586","150","16"
"10.321469975563227","151.5","16"
"8.194230299271654","153","16"
"3.313210335615883","154.5","16"
"5.888669938854031","156","16"
"10.3375217693516","157.5","16"
"8.148344798853032","159","16"
"3.300909315575616","160.5","16"
"5.929682045290914","162","16"
"10.353189171664013","163.5","16"
"8.10232771827533","165","16"
"3.289165170365905","166.5","16"
"5.970729634017886","168","16"
"10.368383476775248","169.5","16"
"8.056176593490628","171","16"
"3.27805034299568","172.5","16"
"6.011845723277112","174","16"
"10.38307215925272","175.5","16"
"8.009829823300855","177","16"
"3.2675485707486516","178.5","16"
"6.053065302549096","180","16"
"10.397295629482366","181.5","16"
"7.963268680941797","183","16"
"3.257600716474671","184.5","16"
"6.094381472499655","186","16"
"10.41110415404181","187.5","16"
"7.916546389848587","189","16"
"3.24819396712454","190.5","16"
"6.135757272409945","192","16"
"10.42447604930933","193.5","16"
"7.869712230979681","195","16"
"3.2393667618458553","196.5","16"
"6.177169540229493","198","16"
"10.437368933660657","199.5","16"
"7.822766697144664","201","16"
"3.2311516260711968","202.5","16"
"6.218636509912928","204","16"
"10.449762109093237","205.5","16"
"7.775677262910955","207","16"
"3.223537717989705","208.5","16"
"6.260173458557371","210","16"
"10.461684158562976","211.5","16"
"7.728446392326476","213","16"
"3.2164959618358897","214.5","16"
"6.3017705299711295","216","16"
"10.473149866357408","217.5","16"
"7.6811031611567175","219","16"
"3.210019951085153","220.5","16"
"6.343405054913315","222","16"
"10.484146419427338","223.5","16"
"7.633674181119244","225","16"
"3.204133833407137","226.5","16"
"6.38506964124016","228","16"
"10.494651148531874","229.5","16"
"7.586160930642811","231","16"
"3.198850668255834","232.5","16"
"6.426765767380416","234","16"
"10.504653211860157","235.5","16"
"7.538554046345311","237","16"
"3.194159860225175","238.5","16"
"6.4685047679545296","240","16"
"10.514167393699722","241.5","16"
"7.49085402103633","243","16"
"3.1900478570515847","244.5","16"
"6.510272351484547","246","16"
"10.523196650908078","247.5","16"
"7.443082538337586","249","16"
"3.1865166299734016","250.5","16"
"6.552057676159609","252","16"
"10.531732112912701","253.5","16"
"7.395258325013294","255","16"
"3.183570860681679","256.5","16"
"6.593855321074285","258","16"
"10.539760966664396","259.5","16"
"7.347380888253869","261","16"
"3.1812228694160303","262.5","16"
"6.6356633149902375","264","16"
"10.547277298448144","265.5","16"
"7.299449735249726","267","16"
"3.1794595967224653","268.5","16"
"6.677484614764972","270","16"
"10.554287021978963","271.5","16"
"7.251468315667959","273","16"
"3.178280056981815","274.5","16"
"6.719310842635553","276","16"
"10.560792108495189","277.5","16"
"7.203454370653611","279","16"
"3.177678829288648","280.5","16"
"6.761132142410288","282","16"
"10.566782701805131","283.5","16"
"7.155419234827126","285","16"
"3.1776620737627734","286.5","16"
"6.802944571612501","288","16"
"10.572252888193777","289.5","16"
"7.107364879426843","291","16"
"3.1782307760233586","292.5","16"
"6.844745173384685","294","16"
"10.577198725184447","295.5","16"
"7.059293768500685","297","16"
"3.179381979212897","298.5","16"
"9.705440253714945","1.5","17"
"4.21057445388488","3","17"
"4.3990731343609015","4.5","17"
"9.390112098555894","6","17"
"9.674180356146971","7.5","17"
"4.1780534565900105","9","17"
"4.432723651223589","10.5","17"
"9.421950554576146","12","17"
"9.643536470559699","13.5","17"
"4.144866180736812","15","17"
"4.465662551046168","16.5","17"
"9.45367172191527","18","17"
"9.613931427576686","19.5","17"
"4.113117169656159","21","17"
"4.498317099738455","22.5","17"
"9.48388883440231","24","17"
"9.583883841586736","25.5","17"
"4.083249459164574","27","17"
"4.531789712341115","28.5","17"
"9.513065133046753","30","17"
"9.55231051712298","31.5","17"
"4.053877022305475","33","17"
"4.566307081263048","34.5","17"
"9.542476994672619","36","17"
"9.51978508454185","37.5","17"
"4.023970872666294","39","17"
"4.601142312367024","40.5","17"
"9.572404335123935","42","17"
"9.487411437312764","43.5","17"
"3.994055359645006","45","17"
"4.635743951727917","46.5","17"
"9.601999521915257","48","17"
"9.455298979163496","49.5","17"
"3.965171297084208","51","17"
"4.670378116521391","52.5","17"
"9.630619931348313","54","17"
"9.422661185997084","55.5","17"
"3.9374335096171027","57","17"
"4.705584926052127","58.5","17"
"9.658583918414735","60","17"
"9.389011161943982","61.5","17"
"3.91010968220103","63","17"
"4.741428445566118","64.5","17"
"9.686528193097772","66","17"
"9.35469584495172","67.5","17"
"3.8827459372086075","69","17"
"4.777524283587405","70.5","17"
"9.714525691215941","72","17"
"9.32025239746747","73.5","17"
"3.8556670361560625","75","17"
"4.813617164751185","76.5","17"
"9.742113171759755","78","17"
"9.285690675682927","79.5","17"
"3.8293820513442474","81","17"
"4.8498638025053475","82.5","17"
"9.769005790789334","84","17"
"9.250597705166225","85.5","17"
"3.8038939396306706","87","17"
"4.886524893120128","88.5","17"
"9.795398700900169","90","17"
"9.214758620938495","91.5","17"
"3.7788244696591793","93","17"
"4.923607828739294","94.5","17"
"9.821605328988039","96","17"
"9.178377446167747","97.5","17"
"3.753980213667833","99","17"
"4.960906614956498","100.5","17"
"9.847626660672113","102","17"
"9.141717341172136","103.5","17"
"3.729557309871288","105","17"
"4.998305441519368","106.5","17"
"9.87321629116011","108","17"
"9.10475957918745","109.5","17"
"3.7057957565372255","111","17"
"5.03588907167645","112.5","17"
"9.898245104340875","114","17"
"9.067291266473156","115.5","17"
"3.682675594877472","117","17"
"5.073784157490975","118.5","17"
"9.922836302610548","120","17"
"9.029220740446526","121.5","17"
"3.6600053683684233","123","17"
"5.111977885913745","124.5","17"
"9.947136743225329","126","17"
"8.990670217884533","127.5","17"
"3.6377052418573816","129","17"
"5.150360853216987","130.5","17"
"9.971127699421006","132","17"
"8.951766843659993","133.5","17"
"3.6158905327871342","135","17"
"5.188879835965568","136.5","17"
"9.994682026324758","138","17"
"8.912491891008692","139.5","17"
"3.5946740945525453","141","17"
"5.227576230164591","142.5","17"
"10.017741572405612","144","17"
"8.872738913060367","145.5","17"
"3.5740357219606484","147","17"
"5.266513608250467","148.5","17"
"10.04037927348208","150","17"
"8.832476370001602","151.5","17"
"3.5538778387137007","153","17"
"5.3056722578398094","154.5","17"
"10.06266313727683","156","17"
"8.791772269555072","157.5","17"
"3.5341748187133035","159","17"
"5.344993534592059","160.5","17"
"10.084574437025651","162","17"
"8.750694619443442","163.5","17"
"3.5149902343958663","165","17"
"5.3844503339800625","166.5","17"
"10.106046150625044","168","17"
"8.709231592236684","169.5","17"
"3.496378294815691","171","17"
"5.4240668036734645","172.5","17"
"10.127054623214947","174","17"
"8.667332921357172","175.5","17"
"3.478321751637318","177","17"
"5.4638665985323245","178.5","17"
"10.147642236419633","180","17"
"8.624991707470723","181.5","17"
"3.4607762519981358","183","17"
"5.503835919888273","184.5","17"
"10.167835601956671","186","17"
"8.582254274678286","187.5","17"
"3.443732678920831","189","17"
"5.543940271070392","190.5","17"
"10.187626834872704","192","17"
"8.539153148412442","193.5","17"
"3.4272277467194527","195","17"
"5.584165853410314","196.5","17"
"10.206974539162632","198","17"
"8.49568931429236","199.5","17"
"3.4112870814923992","201","17"
"5.624522523099729","202.5","17"
"10.225874772349776","204","17"
"8.451841088696318","205.5","17"
"3.3959003342383935","207","17"
"5.665018165091991","208.5","17"
"10.244344289960013","210","17"
"8.407614385339333","211.5","17"
"3.3810455749309236","213","17"
"5.705640951957069","214.5","17"
"10.262399847519218","216","17"
"8.363041729653984","217.5","17"
"3.3667232963795732","219","17"
"5.746372649740336","220.5","17"
"10.28002764635902","222","17"
"8.318141848404487","223.5","17"
"3.352951486134179","225","17"
"5.787201431011763","226.5","17"
"10.297214873430226","228","17"
"8.272923612163362","229.5","17"
"3.3397439428631097","231","17"
"5.828133209486362","232.5","17"
"10.31395364377948","234","17"
"8.22738258564435","235.5","17"
"3.327094260041765","237","17"
"5.869166999544967","238.5","17"
"10.33025479921764","240","17"
"8.181528132229554","241.5","17"
"3.3149908566449073","243","17"
"5.910292944995883","244.5","17"
"10.346125239078894","246","17"
"8.135384892398205","247.5","17"
"3.3034379215540066","249","17"
"5.951498232789915","250.5","17"
"10.361555107171549","252","17"
"8.088973071343268","253.5","17"
"3.292444818151169","255","17"
"5.992778920450386","256.5","17"
"10.376531590446406","258","17"
"8.042297597160593","259.5","17"
"3.2820152425082787","261","17"
"6.034129587071863","262.5","17"
"10.391058631380142","264","17"
"7.995366847613112","265.5","17"
"3.2721491946253356","267","17"
"6.075549739844765","268.5","17"
"10.405135244353588","270","17"
"7.948193142940442","271.5","17"
"3.2628402679777406","273","17"
"6.117033957863659","274.5","17"
"10.418762414985911","276","17"
"7.900794717097213","277.5","17"
"3.2540874769463244","279","17"
"6.158568935269763","280.5","17"
"10.43193521518127","282","17"
"7.85319078965722","283.5","17"
"3.2459021561515318","285","17"
"6.200153193634324","286.5","17"
"10.444646745605478","288","17"
"7.805388259954649","289.5","17"
"3.23827962390231","291","17"
"6.241780326432741","292.5","17"
"10.45689010692435","294","17"
"7.757400433848282","295.5","17"
"3.2312243154849196","297","17"
"6.283449840855431","298.5","17"
"3.5433198861740314","1.5","18"
"5.312265064462088","3","18"
"10.065753053372037","4.5","18"
"8.770065978593427","6","18"
"3.5250918452602304","7.5","18"
"5.3507988314982065","9","18"
"10.086437257255298","10.5","18"
"8.730666837926817","12","18"
"3.507643921918792","13.5","18"
"5.390692260178133","15","18"
"10.107386592695054","16.5","18"
"8.689643396869489","18","18"
"3.48931534784974","19.5","18"
"5.431028231864996","21","18"
"10.129255510819604","22.5","18"
"8.648738230112455","24","18"
"3.4706489528104707","25.5","18"
"5.47080585029255","27","18"
"10.150827757574246","28.5","18"
"8.608441190382774","30","18"
"3.4531707216795815","31.5","18"
"5.51019858443456","33","18"
"10.170994511393717","34.5","18"
"8.5676809096436","36","18"
"3.437212068902691","37.5","18"
"5.55004273215603","39","18"
"10.190127350704774","40.5","18"
"8.525553575116852","42","18"
"3.4217858968819206","43.5","18"
"5.590611309966808","45","18"
"10.209251319443311","46.5","18"
"8.482432736467626","48","18"
"3.406136974928928","49.5","18"
"5.631396723994793","51","18"
"10.228598038114068","52.5","18"
"8.439212350282318","54","18"
"3.390639345518396","55.5","18"
"5.671918484895036","57","18"
"10.247498271301213","58.5","18"
"8.396083626679738","60","18"
"3.3760393687661443","61.5","18"
"5.712305708778694","63","18"
"10.265446396370983","64.5","18"
"8.352478849018471","66","18"
"3.3624338817555404","67.5","18"
"5.752982704698074","69","18"
"10.282693746211505","70.5","18"
"8.307995884677513","72","18"
"3.3493032167796626","73.5","18"
"5.7940495129988445","75","18"
"10.299754814029061","76.5","18"
"8.262889516212084","78","18"
"3.336319162655192","79.5","18"
"5.835230160313648","81","18"
"10.316693665069646","82.5","18"
"8.217619042154995","84","18"
"3.3237128470772883","85.5","18"
"5.876290562089818","87","18"
"10.333146605859854","88.5","18"
"8.172249513371408","90","18"
"3.3118496883529054","91.5","18"
"5.9173218881005","93","18"
"10.348887929609951","94.5","18"
"8.126493129063942","96","18"
"3.300738803459357","97.5","18"
"5.9585345680383","99","18"
"10.36407632100617","100.5","18"
"8.080178391497165","102","18"
"3.2901143216257727","103.5","18"
"5.999958663287877","105","18"
"10.378965084174975","106.5","18"
"8.033467927833984","108","18"
"3.27983899538285","109.5","18"
"6.041443374116357","111","18"
"10.393553233497197","112.5","18"
"7.986596808246237","114","18"
"3.270047854556761","115.5","18"
"6.082877325557626","117","18"
"10.407649558854025","118.5","18"
"7.939589673213149","120","18"
"3.260915107335647","121.5","18"
"6.1243157122851555","123","18"
"10.421155498328549","124.5","18"
"7.892300651097692","126","18"
"3.2524308975278173","127.5","18"
"6.165863502740459","129","18"
"10.434162714503493","130.5","18"
"7.844664691034703","132","18"
"3.2444574848543866","133.5","18"
"6.207524146590626","135","18"
"10.446791452917495","136.5","18"
"7.796783804608186","138","18"
"3.2369391818323","139.5","18"
"6.249213373396699","141","18"
"10.459024958044676","142.5","18"
"7.748776266118437","144","18"
"3.2299548379950864","145.5","18"
"6.290881409390635","147","18"
"10.470763682348956","148.5","18"
"7.700656859852992","150","18"
"3.2235857669241996","151.5","18"
"6.332554373480416","153","18"
"10.481962287348557","154.5","18"
"7.65235314280292","156","18"
"3.217815213093764","157.5","18"
"6.3742869675299305","159","18"
"10.492670054001932","160.5","18"
"7.603844909775256","162","18"
"3.2125776328290327","163.5","18"
"6.416072785014577","165","18"
"10.502943162601724","166.5","18"
"7.555194254777652","168","18"
"3.207851342508285","169.5","18"
"6.457864023404654","171","18"
"10.512762886383719","172.5","18"
"7.506470171151949","174","18"
"3.2036784773510014","175.5","18"
"6.499636535030517","177","18"
"10.522076001912783","178.5","18"
"7.45767315170773","180","18"
"3.200096244480816","181.5","18"
"6.541408061037211","183","18"
"10.530861811186364","184.5","18"
"7.40877658472743","186","18"
"3.1970923236581146","187.5","18"
"6.58319732818895","189","18"
"10.539143969064524","190.5","18"
"7.359776034924787","192","18"
"3.194632218211978","193.5","18"
"6.625000886818641","195","18"
"10.546948101645656","196.5","18"
"7.310714376733658","198","18"
"3.1927102608321842","199.5","18"
"6.666789661160795","201","18"
"10.554255482165551","202.5","18"
"7.261624628396209","204","18"
"3.191347149521284","205.5","18"
"6.708553795023721","207","18"
"10.561038513287471","208.5","18"
"7.212514674865794","210","18"
"3.1905584077811917","211.5","18"
"6.750298216503264","213","18"
"10.567285367581386","214.5","18"
"7.1633712102836276","216","18"
"3.1903368898729307","217.5","18"
"6.792032288981532","219","18"
"10.573007872477326","220.5","18"
"7.11420064117431","222","18"
"3.190665347461042","223.5","18"
"6.833751084362678","225","18"
"10.578213912928646","226.5","18"
"7.065028100826655","228","18"
"3.191540577283225","229.5","18"
"6.8754353830729045","231","18"
"10.582889690266976","232.5","18"
"7.015875765671967","234","18"
"3.1929744067695096","235.5","18"
"6.917077792968444","237","18"
"10.587021405823949","238.5","18"
"6.966750535044429","240","18"
"3.1949712712061573","241.5","18"
"6.958686691812232","243","18"
"10.590597232169534","244.5","18"
"6.917646988038613","246","18"
"3.197526981711699","247.5","18"
"7.0002561658892555","249","18"
"10.593628011114594","250.5","18"
"6.868574980846208","252","18"
"3.2006336533327815","253.5","18"
"7.041789172057022","255","18"
"10.59611078580162","256.5","18"
"6.819550776183506","258","18"
"3.2042866043783516","259.5","18"
"7.0832684619800705","261","18"
"10.59803865689643","262.5","18"
"6.770590636766798","264","18"
"3.2084927341825935","265.5","18"
"7.124690093181726","267","18"
"10.599399796968992","268.5","18"
"6.721698012263174","270","18"
"3.2132535211742606","271.5","18"
"7.166056036900325","273","18"
"10.600194206019307","274.5","18"
"6.6728758595301425","276","18"
"3.218565022876676","277.5","18"
"7.2073653075166995","279","18"
"10.600419912809036","280.5","18"
"6.624133541949811","282","18"
"3.2244223111939947","283.5","18"
"7.248610020077496","285","18"
"10.60007691733818","286.5","18"
"6.575483379761792","288","18"
"3.2308234148878783","289.5","18"
"7.289787217725208","291","18"
"10.599160291510895","292.5","18"
"6.526935721967362","294","18"
"3.237768826767911","295.5","18"
"7.330889508316066","297","18"
"10.597664121612162","298.5","18"
"3.9157178552733525","1.5","19"
"8.84495135182522","3","19"
"10.13133122478978","4.5","19"
"4.8170239574092655","6","19"
"3.941856475638552","7.5","19"
"8.883047503950246","9","19"
"10.110600696805571","10.5","19"
"4.774652682138159","12","19"
"3.966630259859306","13.5","19"
"8.917129229199427","15","19"
"10.088664756577522","16.5","19"
"4.736707822555593","18","19"
"3.9936413995939737","19.5","19"
"8.948810971771787","21","19"
"10.06248276896888","22.5","19"
"4.6986619370081915","24","19"
"4.0232291942415275","25.5","19"
"8.982012539102938","27","19"
"10.03432855740282","28.5","19"
"4.657555703940657","30","19"
"4.052838179701217","31.5","19"
"9.017469203093047","33","19"
"10.00769515621472","34.5","19"
"4.615419498841386","36","19"
"4.080928326021285","37.5","19"
"9.052566116086425","39","19"
"9.982657472461431","40.5","19"
"4.575580772025346","42","19"
"4.108650097176891","43.5","19"
"9.085440457853426","45","19"
"9.956642054492372","46.5","19"
"4.53821693494298","48","19"
"4.1377480390973895","49.5","19"
"9.11716359643089","51","19"
"9.92833310071676","52.5","19"
"4.500936875489989","54","19"
"4.16824605304763","55.5","19"
"9.149694942727034","57","19"
"9.899042470248697","58.5","19"
"4.462442533220636","60","19"
"4.198829815865585","61.5","19"
"9.183194167047262","63","19"
"9.870462471201574","64.5","19"
"4.423929956996655","66","19"
"4.22882614965874","67.5","19"
"9.216247891503043","69","19"
"9.842463001845065","70.5","19"
"4.386998806729534","72","19"
"4.25888556307872","73.5","19"
"9.248026224753978","75","19"
"9.813712490681684","76.5","19"
"4.351560376694053","78","19"
"4.289842382752188","79.5","19"
"9.279189531643377","81","19"
"9.783653077261704","82.5","19"
"4.316365887402932","84","19"
"4.321634021861906","85.5","19"
"9.310697805241972","87","19"
"9.75302496158114","88.5","19"
"4.280863884931042","90","19"
"4.353588780944113","91.5","19"
"9.342521476974685","93","19"
"9.722629452024488","94.5","19"
"4.245735924933836","96","19"
"4.385418366391842","97.5","19"
"9.373906548177139","99","19"
"9.692315748858874","100.5","19"
"4.21173551326611","102","19"
"4.417476615486807","103.5","19"
"9.40449425347177","105","19"
"9.6614037748576","106.5","19"
"4.178727127292107","108","19"
"4.450161718373336","109.5","19"
"9.434674898049552","111","19"
"9.629662895135093","112.5","19"
"4.146068636123144","114","19"
"4.483400246423329","115.5","19"
"9.464907780443298","117","19"
"9.597499184789031","118.5","19"
"4.113542710732429","120","19"
"4.516852161023438","121.5","19"
"9.495118979215322","123","19"
"9.565287179103683","124.5","19"
"4.081520190332344","126","19"
"4.550393274158353","127.5","19"
"9.524913261078808","129","19"
"9.53290860377875","130.5","19"
"4.050352694561475","132","19"
"4.584213317518129","133.5","19"
"9.554142783158383","135","19"
"9.500016520866705","136.5","19"
"4.019927370024957","138","19"
"4.618496601887395","139.5","19"
"9.583025367290428","141","19"
"9.466524195880663","142.5","19"
"3.989922412064072","144","19"
"4.653188425402264","145.5","19"
"9.611777849692148","147","19"
"9.43264747941866","148.5","19"
"3.9602540430494426","150","19"
"4.688109405373953","151.5","19"
"9.640330251402535","153","19"
"9.398557869216129","154.5","19"
"3.931128257387417","156","19"
"4.723211246463177","157.5","19"
"9.668478549253582","159","19"
"9.364178486977874","160.5","19"
"3.9027010293115083","162","19"
"4.758590539348511","163.5","19"
"9.696166562952646","165","19"
"9.329330935634284","166.5","19"
"3.874897451764864","168","19"
"4.794331061659328","169.5","19"
"9.723509609942516","171","19"
"9.293987617848623","172.5","19"
"3.8475556367989543","174","19"
"4.8303919102001105","175.5","19"
"9.750607237759276","177","19"
"9.258262865444513","178.5","19"
"3.820654393601644","180","19"
"4.866684379245638","181.5","19"
"9.777407208586958","183","19"
"9.222236513574648","184.5","19"
"3.794298444209652","186","19"
"4.903180871459174","187.5","19"
"9.803807018031977","189","19"
"9.185858295661408","190.5","19"
"3.768558999607948","192","19"
"4.939932639037514","193.5","19"
"9.829780054376762","195","19"
"9.149040491598736","196.5","19"
"3.743392446148298","198","19"
"4.976975164270746","199.5","19"
"9.855395310963157","201","19"
"9.111778173290789","202.5","19"
"3.718717470249249","204","19"
"5.014281342631718","205.5","19"
"9.880690241319586","207","19"
"9.074134420364391","208.5","19"
"3.694532100672463","210","19"
"5.051800907542806","211.5","19"
"9.90563034877513","213","19"
"9.036141758252123","214.5","19"
"3.670895228163295","216","19"
"5.089522524383566","217.5","19"
"9.930164381132993","219","19"
"8.997775546474756","220.5","19"
"3.6478364212968195","222","19"
"5.1274683695853005","223.5","19"
"9.954284453439826","225","19"
"8.958994389027188","226.5","19"
"3.6253280827362997","228","19"
"5.165653720245133","229.5","19"
"9.978019148651528","231","19"
"8.919800257147756","232.5","19"
"3.6033381798587403","234","19"
"5.2040539358838345","235.5","19"
"10.001390150389824","237","19"
"8.88022666188821","238.5","19"
"3.581866959068933","240","19"
"5.2426468400701","241.5","19"
"10.024370846937147","243","19"
"8.840295286870273","244.5","19"
"3.5609434961323667","246","19"
"5.281423069421823","247.5","19"
"10.046936597814268","249","19"
"8.799991347806406","250.5","19"
"3.5405857785988784","252","19"
"5.320390508892356","253.5","19"
"10.069081489306173","255","19"
"8.759300060409073","256.5","19"
"3.5207775437521773","258","19"
"5.359552608148792","259.5","19"
"10.090825233796243","261","19"
"8.71822536715495","262.5","19"
"3.5015047465191036","264","19"
"5.398894090094007","265.5","19"
"10.112169802522818","267","19"
"8.676790922904097","268.5","19"
"3.4827698509475797","270","19"
"5.438400663250052","271.5","19"
"10.133104353675037","273","19"
"8.635006583848204","274.5","19"
"3.4645901053730657","276","19"
"5.478062471425234","277.5","19"
"10.153611146107856","279","19"
"8.592869393129764","280.5","19"
"3.446971177105784","282","19"
"5.517885921144153","283.5","19"
"10.173691165440443","285","19"
"8.550379350748777","286.5","19"
"3.429910109288227","288","19"
"5.55786263464387","289.5","19"
"10.193351311006984","291","19"
"8.50754138480109","292.5","19"
"3.413396306514327","294","19"
"5.597986205399787","295.5","19"
"10.212591582807477","297","19"
"8.464374222050914","298.5","19"