"nusselt","time","episode"
"3.566853588057595","1.5","0"
"3.351990956113859","3","0"
"3.489528236781014","4.5","0"
"3.3757590608397248","6","0"
"3.0018778407488136","7.5","0"
"2.81880377877932","9","0"
"2.8000478025133755","10.5","0"
"3.0851163877931715","12","0"
"3.613264008814766","13.5","0"
"3.607184999208255","15","0"
"3.063767544376049","16.5","0"
"3.174486930069199","18","0"
"3.4475262200370964","19.5","0"
"3.452476947507862","21","0"
"3.3030369136688944","22.5","0"
"3.4633564547538045","24","0"
"3.4692528197935895","25.5","0"
"3.3392379394983136","27","0"
"3.208019973831774","28.5","0"
"3.529579135798478","30","0"
"3.2898138833901713","31.5","0"
"2.826610119766024","33","0"
"3.0935529460391225","34.5","0"
"3.464580734375132","36","0"
"3.5854409453634744","37.5","0"
"3.417374905880276","39","0"
"3.185248622219199","40.5","0"
"3.209758837377443","42","0"
"2.614138853757786","43.5","0"
"2.6949570486128818","45","0"
"3.3601903257671855","46.5","0"
"3.729918407886052","48","0"
"3.7326605698281194","49.5","0"
"3.159393195542205","51","0"
"3.1890405228997163","52.5","0"
"3.24569275332003","54","0"
"2.765576913185481","55.5","0"
"2.887101937929498","57","0"
"3.4085880191479774","58.5","0"
"3.641724146488561","60","0"
"3.6513304403299403","61.5","0"
"3.231279104875963","63","0"
"3.3386516691399337","64.5","0"
"3.2388385951854537","66","0"
"2.696588382507492","67.5","0"
"2.880885477377721","69","0"
"3.4388945500185","70.5","0"
"3.645967048343228","72","0"
"3.627748408652428","73.5","0"
"3.3976670584423516","75","0"
"3.514356677370362","76.5","0"
"3.152742252864122","78","0"
"2.5931651173987764","79.5","0"
"2.7826289340823323","81","0"
"3.5233386758753054","82.5","0"
"3.8925450054264275","84","0"
"3.748318757103134","85.5","0"
"3.1591329426186285","87","0"
"3.192348695990544","88.5","0"
"3.1921423637325708","90","0"
"2.746049216873098","91.5","0"
"2.9935709414444287","93","0"
"3.4969692886342663","94.5","0"
"3.566167268371708","96","0"
"3.5315445908117398","97.5","0"
"3.3641941689483397","99","0"
"3.472187600067118","100.5","0"
"3.0518616744027565","102","0"
"2.5368382810529706","103.5","0"
"2.8261089380880464","105","0"
"3.5380493555004127","106.5","0"
"3.7322747098049005","108","0"
"3.2353443490462723","109.5","0"
"3.063461474470717","111","0"
"3.2189618171073158","112.5","0"
"3.054734742006982","114","0"
"2.7585756420210505","115.5","0"
"2.9534561479966257","117","0"
"3.396848586373715","118.5","0"
"3.335394923273525","120","0"
"3.0310772837336546","121.5","0"
"3.0816779324004813","123","0"
"3.3195961682517647","124.5","0"
"3.172268390775765","126","0"
"2.8443758882017858","127.5","0"
"2.976445987392946","129","0"
"3.3900536474672576","130.5","0"
"3.5051970211810604","132","0"
"3.38405505133893","133.5","0"
"3.3714694069628584","135","0"
"3.1368110337794635","136.5","0"
"2.7165864041632006","138","0"
"2.553919599883734","139.5","0"
"2.9291429146919152","141","0"
"3.4532767187676194","142.5","0"
"3.571871638440328","144","0"
"3.241956955066152","145.5","0"
"3.2898983487102784","147","0"
"3.3698916820537033","148.5","0"
"3.0500081125626255","150","0"
"2.553977572391261","151.5","0"
"2.6714601056157723","153","0"
"3.2913024677769993","154.5","0"
"3.712896931643704","156","0"
"3.4424941440477035","157.5","0"
"3.1483712504686285","159","0"
"3.2548951096896066","160.5","0"
"3.1503794056621657","162","0"
"2.8017523812427645","163.5","0"
"2.6710935697617293","165","0"
"3.029741734299493","166.5","0"
"3.5177907692409796","168","0"
"3.475564031110357","169.5","0"
"3.1456231666037495","171","0"
"3.1887045317001768","172.5","0"
"3.281302833588849","174","0"
"3.0083663980697906","175.5","0"
"2.716241685919517","177","0"
"2.8408230461947817","178.5","0"
"3.3082394786992406","180","0"
"3.47610167936565","181.5","0"
"3.135068430072019","183","0"
"2.9684214703026455","184.5","0"
"3.1982170098170095","186","0"
"3.247571561252149","187.5","0"
"2.9953225838761655","189","0"
"2.8720505919026316","190.5","0"
"3.1254602661497515","192","0"
"3.374486470795458","193.5","0"
"3.1879000852381996","195","0"
"2.8461013495010907","196.5","0"
"2.905912146541194","198","0"
"3.2676272437352365","199.5","0"
"3.426848735658757","201","0"
"3.1308024638864","202.5","0"
"2.766980720572054","204","0"
"3.032633814392746","205.5","0"
"3.482446240458253","207","0"
"3.5299755929467285","208.5","0"
"3.248734751564469","210","0"
"3.2836089550038703","211.5","0"
"3.440006624786549","213","0"
"3.385391224133388","214.5","0"
"3.090832601707415","216","0"
"2.9155365178311574","217.5","0"
"3.1421688155235117","219","0"
"3.4611787455597574","220.5","0"
"3.2724551692276918","222","0"
"3.2270991624111907","223.5","0"
"3.38090583512358","225","0"
"3.476324218991319","226.5","0"
"3.1956076236179882","228","0"
"2.944922033864352","229.5","0"
"3.0207323079415254","231","0"
"3.43363338912033","232.5","0"
"3.2631493350489804","234","0"
"2.8972115952098907","235.5","0"
"3.2639802743235373","237","0"
"3.589630238232686","238.5","0"
"3.4037120949127306","240","0"
"3.009295828271114","241.5","0"
"3.2993569061615076","243","0"
"3.4234598374095984","244.5","0"
"3.2202658868465304","246","0"
"2.6287443413329443","247.5","0"
"2.502135190014819","249","0"
"3.2434411759309083","250.5","0"
"3.7375801292840856","252","0"
"3.2984212423572243","253.5","0"
"3.19295117371662","255","0"
"3.2435804969570623","256.5","0"
"3.2390972897082904","258","0"
"3.3459515298861437","259.5","0"
"3.1604379473982873","261","0"
"3.2782782894326976","262.5","0"
"3.0130939625545916","264","0"
"2.42676672254743","265.5","0"
"2.595953252162673","267","0"
"3.238310920694897","268.5","0"
"3.4770242526037176","270","0"
"3.105245315111038","271.5","0"
"2.935293922412613","273","0"
"3.2366976642488705","274.5","0"
"3.346042228809211","276","0"
"2.952688168111964","277.5","0"
"2.5960579766924","279","0"
"2.907699943870098","280.5","0"
"3.1649114925624713","282","0"
"3.1675090349158683","283.5","0"
"3.038530802792827","285","0"
"3.244342554918912","286.5","0"
"3.394588593620597","288","0"
"2.9858852206749997","289.5","0"
"2.6930601632321793","291","0"
"3.020768774518841","292.5","0"
"3.3271653206458436","294","0"
"3.2351931841744945","295.5","0"
"3.110385232431637","297","0"
"3.233962359270059","298.5","0"
"3.589874595468715","1.5","1"
"3.2236859531104884","3","1"
"3.2440414718959483","4.5","1"
"3.379431276343412","6","1"
"3.4536301640554465","7.5","1"
"3.3434443747756655","9","1"
"3.183753180869115","10.5","1"
"3.174874348493158","12","1"
"3.2871309406762235","13.5","1"
"3.383945963287131","15","1"
"3.395768614660909","16.5","1"
"3.351107342894291","18","1"
"3.305294724660976","19.5","1"
"3.2897824036952237","21","1"
"3.3031983639855564","22.5","1"
"3.326890107075163","24","1"
"3.359235961154022","25.5","1"
"3.403543475952665","27","1"
"3.449134489600755","28.5","1"
"3.475280402175681","30","1"
"3.3936423326912815","31.5","1"
"3.0967040323353605","33","1"
"2.8330475615427297","34.5","1"
"2.8393266698042536","36","1"
"3.0003153881669107","37.5","1"
"3.3055783535956524","39","1"
"3.5689137938358475","40.5","1"
"3.6071426107081277","42","1"
"3.590161029524723","43.5","1"
"3.456066879452478","45","1"
"3.054271273626912","46.5","1"
"2.6567544128730334","48","1"
"2.7752059596776637","49.5","1"
"3.2778600146740873","51","1"
"3.5620468568152033","52.5","1"
"3.4967233729974976","54","1"
"3.404673939849446","55.5","1"
"3.5035329608709107","57","1"
"3.312925589724358","58.5","1"
"2.624785380093101","60","1"
"2.5506552178536994","61.5","1"
"3.143126296938155","63","1"
"3.679967612327797","64.5","1"
"3.553905771349552","66","1"
"3.168621109683918","67.5","1"
"3.207743513540502","69","1"
"3.136787346088216","70.5","1"
"2.809655966435643","72","1"
"2.6859993611594817","73.5","1"
"3.0210935452330525","75","1"
"3.497700490261465","76.5","1"
"3.3913882618609756","78","1"
"2.975189916396523","79.5","1"
"3.0536485366912167","81","1"
"3.306803568257424","82.5","1"
"3.1122176000217046","84","1"
"2.774451070359218","85.5","1"
"2.8668742080047167","87","1"
"3.319857667895933","88.5","1"
"3.3494972032497445","90","1"
"2.87352359228206","91.5","1"
"2.7631271072222336","93","1"
"3.1809477478570045","94.5","1"
"3.3734903410424635","96","1"
"3.1075695139746426","97.5","1"
"3.0000336293131222","99","1"
"3.292992085859285","100.5","1"
"3.271987960685846","102","1"
"2.7413830533774526","103.5","1"
"2.4771970380133768","105","1"
"2.9213708585214913","106.5","1"
"3.5382818688908175","108","1"
"3.628808121155614","109.5","1"
"3.3436834334491783","111","1"
"3.2555942082615617","112.5","1"
"3.331916572821892","114","1"
"3.135866642931036","115.5","1"
"2.835906291860147","117","1"
"2.884617535469823","118.5","1"
"3.3612335192225276","120","1"
"3.3571274449528303","121.5","1"
"3.1860063166589767","123","1"
"3.045947855274684","124.5","1"
"3.187506433211281","126","1"
"3.260263176878539","127.5","1"
"3.1816820662856826","129","1"
"3.3154043819413688","130.5","1"
"3.468460528857384","132","1"
"2.9678348882641172","133.5","1"
"2.582231533647157","135","1"
"2.565042061805039","136.5","1"
"3.0662653490820877","138","1"
"3.346692081917782","139.5","1"
"2.946246051133038","141","1"
"2.893052223634886","142.5","1"
"3.2973060507876952","144","1"
"3.2867410288110803","145.5","1"
"2.8456643739336007","147","1"
"2.63456901993869","148.5","1"
"3.125483953840999","150","1"
"3.524438283437435","151.5","1"
"3.177706585997996","153","1"
"3.0447014463628483","154.5","1"
"3.1719305294953375","156","1"
"3.1834037874232117","157.5","1"
"2.9144945710964074","159","1"
"2.820154912220882","160.5","1"
"3.3145831047514","162","1"
"3.5347904278729683","163.5","1"
"3.107763379026696","165","1"
"3.149845497568649","166.5","1"
"3.370249802543751","168","1"
"3.1989613020104235","169.5","1"
"2.794365561735263","171","1"
"2.853990597407161","172.5","1"
"3.3029646038745595","174","1"
"3.3785754026570154","175.5","1"
"3.1863232953694887","177","1"
"3.17067196505773","178.5","1"
"3.31813189491648","180","1"
"3.1261344303098664","181.5","1"
"2.7283903547280985","183","1"
"2.846915769727804","184.5","1"
"3.2135404526130764","186","1"
"3.303138521397141","187.5","1"
"3.0863123045210314","189","1"
"3.053898504169909","190.5","1"
"3.2225963193130953","192","1"
"3.1687610540703677","193.5","1"
"2.8258078550650825","195","1"
"2.958800215814162","196.5","1"
"3.4169681632871414","198","1"
"3.606514263529768","199.5","1"
"3.487515406385257","201","1"
"3.3063145421052185","202.5","1"
"2.977963869713686","204","1"
"2.7934470403391196","205.5","1"
"2.6450857314923657","207","1"
"2.939862218341788","208.5","1"
"3.530007072641676","210","1"
"3.6832016055434016","211.5","1"
"3.296914268841664","213","1"
"3.1008786762376164","214.5","1"
"3.3121304936668206","216","1"
"3.0848184215716876","217.5","1"
"2.6724487550452154","219","1"
"2.808000944849785","220.5","1"
"3.3159788084541253","222","1"
"3.389664982322707","223.5","1"
"3.0585316295698672","225","1"
"3.0979719471774074","226.5","1"
"3.204097790849395","228","1"
"3.151786018170071","229.5","1"
"2.869560890880441","231","1"
"2.949268101848006","232.5","1"
"3.2958240116839748","234","1"
"3.4842773613277283","235.5","1"
"3.4345890004540856","237","1"
"3.4047194451510534","238.5","1"
"3.3888767432284252","240","1"
"3.035393742103249","241.5","1"
"2.6354336206692306","243","1"
"2.6743886522863414","244.5","1"
"3.1890776128373277","246","1"
"3.65582486806404","247.5","1"
"3.532106550118576","249","1"
"3.2644989100898023","250.5","1"
"3.327115451822164","252","1"
"3.217438947904208","253.5","1"
"2.8352754512406038","255","1"
"2.60201106751912","256.5","1"
"2.8585255435605004","258","1"
"3.406449581652578","259.5","1"
"3.583580214879939","261","1"
"3.2515062114404483","262.5","1"
"3.178687443423739","264","1"
"3.328398327311315","265.5","1"
"3.0639595393472145","267","1"
"2.6736493469752953","268.5","1"
"2.6907381461296103","270","1"
"3.1914993675872556","271.5","1"
"3.5725710486924305","273","1"
"3.290828713952046","274.5","1"
"2.9708756397879648","276","1"
"3.1459339117113014","277.5","1"
"3.256741814566482","279","1"
"2.9971125629661053","280.5","1"
"2.7868166685508045","282","1"
"3.009714414709873","283.5","1"
"3.378435769950713","285","1"
"3.258618129057417","286.5","1"
"2.8504452357237087","288","1"
"2.8776284198311646","289.5","1"
"3.257247671446679","291","1"
"3.3502661181748503","292.5","1"
"3.11851821421344","294","1"
"3.0856312833976607","295.5","1"
"3.3512719100124326","297","1"
"3.4670760456399865","298.5","1"
"3.577409571309918","1.5","2"
"3.222607228118275","3","2"
"3.107504372823712","4.5","2"
"3.093962493753589","6","2"
"3.0046586510292324","7.5","2"
"3.042395636627975","9","2"
"3.1468945099274244","10.5","2"
"3.165693186373645","12","2"
"3.335648319233846","13.5","2"
"3.300278544359131","15","2"
"3.133252269849647","16.5","2"
"2.958162829911511","18","2"
"2.827867437483039","19.5","2"
"3.014784827357469","21","2"
"3.2554963406950908","22.5","2"
"3.4377282429046994","24","2"
"3.449060933085828","25.5","2"
"3.258678595006128","27","2"
"2.8553118095545154","28.5","2"
"2.7670380697192853","30","2"
"2.876488293849796","31.5","2"
"3.2233942204919646","33","2"
"3.3004462282787532","34.5","2"
"3.244351905323352","36","2"
"3.2759793366610808","37.5","2"
"3.430507237235932","39","2"
"3.3626488587745764","40.5","2"
"3.25183098215466","42","2"
"3.3703270992204537","43.5","2"
"3.3068462684376994","45","2"
"2.9217205636475425","46.5","2"
"2.8808592962452897","48","2"
"3.2995464076914893","49.5","2"
"3.3164672112460347","51","2"
"2.904366836367431","52.5","2"
"2.752412790454729","54","2"
"3.3606961826473825","55.5","2"
"3.6329135720650148","57","2"
"3.217075528851645","58.5","2"
"2.949639936264565","60","2"
"3.2627597348639856","61.5","2"
"3.412907594319052","63","2"
"3.1981877118830977","64.5","2"
"3.136978717699085","66","2"
"3.430899019181963","67.5","2"
"3.4077090811306294","69","2"
"3.10059504730294","70.5","2"
"3.0884201973619274","72","2"
"3.327054050833009","73.5","2"
"3.125651014400325","75","2"
"3.0150946374245766","76.5","2"
"3.206008390156609","78","2"
"3.4334541730352326","79.5","2"
"3.169432101429003","81","2"
"2.9935834086503488","82.5","2"
"3.2658678092998","84","2"
"3.381956820582622","85.5","2"
"3.127128066621677","87","2"
"3.015007366983138","88.5","2"
"3.347162718941256","90","2"
"3.3928145102182046","91.5","2"
"3.069764270423489","93","2"
"3.0045801076319374","94.5","2"
"3.2748650801319954","96","2"
"3.1961991925388844","97.5","2"
"2.8866269373839524","99","2"
"2.87845967078587","100.5","2"
"3.3662300636750486","102","2"
"3.3887040724264357","103.5","2"
"3.29527732470439","105","2"
"3.1621830445469157","106.5","2"
"3.303081483930058","108","2"
"3.396021075580786","109.5","2"
"3.263861835867299","111","2"
"3.2698697824000664","112.5","2"
"3.305440590970238","114","2"
"3.0502306521882945","115.5","2"
"2.8875111739638166","117","2"
"3.071230413839661","118.5","2"
"3.329937403882118","120","2"
"3.1984364326411985","121.5","2"
"2.9888221827095642","123","2"
"3.0500773055554804","124.5","2"
"3.505585374645463","126","2"
"3.4618351439514368","127.5","2"
"3.103393311671647","129","2"
"3.0388643005511824","130.5","2"
"3.376053598579581","132","2"
"3.427996965323974","133.5","2"
"3.194516743100003","135","2"
"3.270282758596161","136.5","2"
"3.2541916475955803","138","2"
"3.0429529207325916","139.5","2"
"3.0010487715551446","141","2"
"3.441790681953677","142.5","2"
"3.5065459728615864","144","2"
"3.022747943458614","145.5","2"
"2.839946289938469","147","2"
"3.3411996543497997","148.5","2"
"3.5622444620290326","150","2"
"3.225129343875857","151.5","2"
"2.9980762779837087","153","2"
"3.2761358000953744","154.5","2"
"3.378370628799782","156","2"
"3.257273852579111","157.5","2"
"3.168360856760341","159","2"
"3.4573625338276965","160.5","2"
"3.3902899010194383","162","2"
"3.043683498999494","163.5","2"
"3.050329454795209","165","2"
"3.335719382307589","166.5","2"
"3.1426743607235608","168","2"
"3.0185508585857024","169.5","2"
"3.1751969374463336","171","2"
"3.405212523145183","172.5","2"
"3.1461645550208184","174","2"
"2.9678065253706496","175.5","2"
"3.25734086381093","177","2"
"3.4020991501468525","178.5","2"
"3.1189511379390065","180","2"
"2.954118156630969","181.5","2"
"3.2973531144900425","183","2"
"3.400191044280822","184.5","2"
"3.102628448588465","186","2"
"3.0045339789700343","187.5","2"
"3.2466910648340606","189","2"
"3.1916393119737054","190.5","2"
"2.901976872992599","192","2"
"2.879859426330519","193.5","2"
"3.34967673101499","195","2"
"3.384427197435637","196.5","2"
"3.2938364273802057","198","2"
"3.160146214779763","199.5","2"
"3.3080256661177154","201","2"
"3.410034215034678","202.5","2"
"3.2794985172121014","204","2"
"3.2699994413416325","205.5","2"
"3.2943161031279713","207","2"
"3.051391349059431","208.5","2"
"2.9000668970456807","210","2"
"3.0876338283485336","211.5","2"
"3.335271809615067","213","2"
"3.2038387846464103","214.5","2"
"3.000343127700082","216","2"
"3.0557467674475247","217.5","2"
"3.5379726821840056","219","2"
"3.539431345276626","220.5","2"
"3.1072918069627784","222","2"
"3.0339357023709246","223.5","2"
"3.2429212934440512","225","2"
"3.1099061800441676","226.5","2"
"3.0903451339559496","228","2"
"3.3948603787096494","229.5","2"
"3.3940444000821963","231","2"
"3.0397080187118073","232.5","2"
"2.947094444495883","234","2"
"3.2508149048721933","235.5","2"
"3.2410194211809804","237","2"
"2.9257032125786333","238.5","2"
"2.843416536706255","240","2"
"3.307176026034279","241.5","2"
"3.398977673464674","243","2"
"3.345003710556089","244.5","2"
"3.1864922260097024","246","2"
"3.284107643240664","247.5","2"
"3.378357538233566","249","2"
"3.221131734297663","250.5","2"
"3.292159899864136","252","2"
"3.231265079269303","253.5","2"
"2.9727669149260034","255","2"
"2.955457446226907","256.5","2"
"3.297220338746996","258","2"
"3.320797695222289","259.5","2"
"2.9644575221804343","261","2"
"2.677018297694982","262.5","2"
"2.765470630255014","264","2"
"3.208411444097657","265.5","2"
"3.3243140706519774","267","2"
"3.132453121950186","268.5","2"
"3.1036270717826437","270","2"
"3.394006063423993","271.5","2"
"3.21028962866948","273","2"
"2.801123410704109","274.5","2"
"2.952543236843146","276","2"
"3.2739163257614963","277.5","2"
"3.0969823627075206","279","2"
"2.690849727622593","280.5","2"
"2.665285721883975","282","2"
"3.181946371051183","283.5","2"
"3.4022390945333023","285","2"
"3.209310641324625","286.5","2"
"2.9918688561562234","288","2"
"3.138704490678538","289.5","2"
"3.2479773688048392","291","2"
"3.100143111088346","292.5","2"
"3.182802868097876","294","2"
"3.2874074009674956","295.5","2"
"3.0448317286647106","297","2"
"2.6258220282653353","298.5","2"
"3.5490444960812613","1.5","3"
"3.277603813592435","3","3"
"3.4252273755288827","4.5","3"
"3.5479040584197445","6","3"
"3.5592735268583366","7.5","3"
"3.1933124110081472","9","3"
"2.7271442574964113","10.5","3"
"2.72710405075732","12","3"
"2.9234379212629995","13.5","3"
"3.2433888136660447","15","3"
"3.5908679201003775","16.5","3"
"3.672687699111058","18","3"
"3.6270867116982326","19.5","3"
"3.3469619969259465","21","3"
"3.138632180884203","22.5","3"
"2.5722745996392824","24","3"
"2.7148466055770877","25.5","3"
"3.376194478006475","27","3"
"3.7355105731013936","28.5","3"
"3.617637504651443","30","3"
"3.1616061245929754","31.5","3"
"3.3099487326308497","33","3"
"3.2482560108571477","34.5","3"
"2.6332400157876363","36","3"
"2.8048140153365275","37.5","3"
"3.421396826510014","39","3"
"3.6404755558156894","40.5","3"
"3.560722527866369","42","3"
"3.378205126641196","43.5","3"
"3.577847793598","45","3"
"3.183847619953958","46.5","3"
"2.5566307496510756","48","3"
"2.704563342454261","49.5","3"
"3.486033678961685","51","3"
"3.978363952416043","52.5","3"
"3.8047235134859387","54","3"
"3.1201626386742665","55.5","3"
"3.1679619061709063","57","3"
"3.1947006343873205","58.5","3"
"2.867983789331582","60","3"
"3.112718158339386","61.5","3"
"3.5018748224835727","63","3"
"3.515004037037749","64.5","3"
"3.5321000048354683","66","3"
"3.515095982681408","67.5","3"
"3.6351813568218323","69","3"
"3.1127505730747775","70.5","3"
"2.5910862108116444","72","3"
"2.911294239336786","73.5","3"
"3.615039650617898","75","3"
"3.898184857704412","76.5","3"
"3.7501177749173658","78","3"
"3.362446266678379","79.5","3"
"3.305544380459521","81","3"
"3.117928203693284","82.5","3"
"2.791698203028715","84","3"
"3.0985379583261676","85.5","3"
"3.562827303905785","87","3"
"3.579930440346908","88.5","3"
"3.3692645815959357","90","3"
"3.2080876084238894","91.5","3"
"3.3432523798045","93","3"
"2.980038101098598","94.5","3"
"2.550978586007245","96","3"
"2.8741369788133153","97.5","3"
"3.4116512116424804","99","3"
"3.301070211935041","100.5","3"
"2.8216135753135028","102","3"
"2.7762497764933016","103.5","3"
"2.935858686840781","105","3"
"3.001319309923605","106.5","3"
"3.0065770423401466","108","3"
"3.2032166710710106","109.5","3"
"3.418465163037965","111","3"
"3.2925052414681155","112.5","3"
"3.139534494912651","114","3"
"3.2761189693673827","115.5","3"
"3.3559972927361974","117","3"
"3.03801247870671","118.5","3"
"2.6972993249250705","120","3"
"2.836822631495255","121.5","3"
"3.3254043278096668","123","3"
"3.5286222777441307","124.5","3"
"3.2670908422005356","126","3"
"3.132813424201269","127.5","3"
"3.2552722426686818","129","3"
"3.141627427106443","130.5","3"
"2.844311370411151","132","3"
"2.8018396516842032","133.5","3"
"3.157298393267525","135","3"
"3.461223004140773","136.5","3"
"3.2865814485753067","138","3"
"3.0268540177283114","139.5","3"
"3.1483899512775086","141","3"
"3.2862348602507354","142.5","3"
"3.088875562058149","144","3"
"2.856119996178269","145.5","3"
"2.9633544861366774","147","3"
"3.2899719052252054","148.5","3"
"3.3634586037990695","150","3"
"3.103216900707881","151.5","3"
"2.947230337040409","153","3"
"3.1426871396096288","154.5","3"
"3.3326823709455176","156","3"
"3.273836847323757","157.5","3"
"2.973751200833374","159","3"
"2.7730597301785647","160.5","3"
"3.1259069038018295","162","3"
"3.541535809635894","163.5","3"
"3.468589564438654","165","3"
"2.9860575797968414","166.5","3"
"2.6005511577059077","168","3"
"2.7746913757533225","169.5","3"
"3.1421348423873803","171","3"
"3.2084999612596876","172.5","3"
"3.1412188144324205","174","3"
"3.2534573291669022","175.5","3"
"3.354337907628268","177","3"
"3.2709965061350714","178.5","3"
"3.338453752245956","180","3"
"3.4227171036169244","181.5","3"
"3.297234052673508","183","3"
"2.9050023521891943","184.5","3"
"2.6836343321964895","186","3"
"2.909207852426102","187.5","3"
"3.2353159861528047","189","3"
"3.2065862451509934","190.5","3"
"3.108520450106178","192","3"
"3.098814106937292","193.5","3"
"3.2932239758893935","195","3"
"3.3781153627585736","196.5","3"
"3.138808903528117","198","3"
"2.871940257130241","199.5","3"
"3.073041275499517","201","3"
"3.500143127581308","202.5","3"
"3.4029400631861453","204","3"
"2.9193330937138944","205.5","3"
"3.1496316849871238","207","3"
"3.5207838337021835","208.5","3"
"3.473668080770098","210","3"
"3.01857610467769","211.5","3"
"3.2074851306978136","213","3"
"3.5936431201381325","214.5","3"
"3.5607920325393723","216","3"
"2.8045808785858264","217.5","3"
"2.360479212031973","219","3"
"2.824269713534723","220.5","3"
"3.519179615980449","222","3"
"3.4671919906550412","223.5","3"
"3.0869596641884187","225","3"
"3.178612951868368","226.5","3"
"3.06281723160481","228","3"
"2.8303025944793303","229.5","3"
"2.7794585236169187","231","3"
"2.9438199328610386","232.5","3"
"3.420723909070491","234","3"
"3.193482588368953","235.5","3"
"2.7820445338048403","237","3"
"2.894437018532432","238.5","3"
"3.299205429609582","240","3"
"3.3406062153480156","241.5","3"
"3.017450627663277","243","3"
"3.0401213065880497","244.5","3"
"3.277958505600854","246","3"
"3.050025878331061","247.5","3"
"2.5502062426005114","249","3"
"2.489529442269202","250.5","3"
"3.086851199496916","252","3"
"3.490873448299764","253.5","3"
"3.0549476195480634","255","3"
"2.8154890604053846","256.5","3"
"3.1297147001698944","258","3"
"3.4363263055990143","259.5","3"
"3.204953352855643","261","3"
"3.2665877904416702","262.5","3"
"3.397802327626582","264","3"
"3.0959556883000223","265.5","3"
"2.7864507560570573","267","3"
"2.747638473947729","268.5","3"
"3.1276947011307334","270","3"
"3.4320382101228875","271.5","3"
"3.0768051249667145","273","3"
"2.836645908851341","274.5","3"
"3.0686780651077235","276","3"
"3.4096496017320512","277.5","3"
"3.184947539196235","279","3"
"3.175851777437273","280.5","3"
"3.274392884707782","282","3"
"3.2198021067863127","283.5","3"
"2.8180426558579144","285","3"
"2.519115991997854","286.5","3"
"2.947397397599735","288","3"
"3.394652176370788","289.5","3"
"3.2100337392679754","291","3"
"3.0708894357577536","292.5","3"
"3.220273367170082","294","3"
"3.335769251131268","295.5","3"
"3.1177586496927745","297","3"
"3.064514330010647","298.5","3"
"3.64135885735511","1.5","4"
"3.3983050677052993","3","4"
"3.2731511509981663","4.5","4"
"3.4941189736808447","6","4"
"3.5309072049090884","7.5","4"
"3.4780456284486996","9","4"
"3.351170302284186","10.5","4"
"3.1232108705216657","12","4"
"2.9570625989890855","13.5","4"
"2.860434584466975","15","4"
"2.9687156963623536","16.5","4"
"3.027075622313536","18","4"
"3.114671146146728","19.5","4"
"3.5317088462497335","21","4"
"3.505223202313492","22.5","4"
"3.1273303470377263","24","4"
"3.1169311388998455","25.5","4"
"2.7250987006851144","27","4"
"2.788778071722142","28.5","4"
"3.3597486749974754","30","4"
"3.674663127889056","31.5","4"
"3.59530125852547","33","4"
"3.3415552813986626","34.5","4"
"3.2048096683074174","36","4"
"3.2660738298776253","37.5","4"
"2.648858931364003","39","4"
"2.787687502884305","40.5","4"
"3.3833328884360236","42","4"
"3.593613198843925","43.5","4"
"3.5199971530086422","45","4"
"3.5649738450850323","46.5","4"
"3.506423794243572","48","4"
"3.203317967119109","49.5","4"
"2.5119630884414237","51","4"
"2.4629518526893017","52.5","4"
"3.2131555276303017","54","4"
"3.8815037361836753","55.5","4"
"3.778663312951712","57","4"
"3.4655893313340465","58.5","4"
"3.3299913245477217","60","4"
"3.3142187506583927","61.5","4"
"3.051684951758843","63","4"
"2.6160165708093865","64.5","4"
"2.9695089223390028","66","4"
"3.6258415495069896","67.5","4"
"3.608371877211823","69","4"
"3.4637289125306596","70.5","4"
"3.4135106954054235","72","4"
"3.346176251272849","73.5","4"
"2.7791842450866824","75","4"
"2.4101228468043785","76.5","4"
"2.9244982571264813","78","4"
"3.6834634168677183","79.5","4"
"3.8857937017406896","81","4"
"3.56227126652176","82.5","4"
"3.291708587009838","84","4"
"3.3818976013545026","85.5","4"
"3.0962368237935145","87","4"
"2.7566154855703044","88.5","4"
"3.003930877883662","90","4"
"3.553773618966802","91.5","4"
"3.7631986790486027","93","4"
"3.564994727654948","94.5","4"
"3.5290137480100134","96","4"
"3.2604445747246724","97.5","4"
"2.9866376165522617","99","4"
"2.644019162025924","100.5","4"
"2.906007520666481","102","4"
"3.4787469087816905","103.5","4"
"3.7645529292916446","105","4"
"3.5701851371595223","106.5","4"
"3.4484949219370673","108","4"
"3.299912320185236","109.5","4"
"3.062421709497003","111","4"
"2.7040222657173407","112.5","4"
"2.764213935898295","114","4"
"3.2491695453709233","115.5","4"
"3.6447237562328727","117","4"
"3.507393119503839","118.5","4"
"3.271679085659182","120","4"
"3.333168903656539","121.5","4"
"3.1783424134999074","123","4"
"2.825095354246764","124.5","4"
"2.6999065293630555","126","4"
"3.0170460668311785","127.5","4"
"3.4903688381401587","129","4"
"3.4652340159653314","130.5","4"
"3.1175448371112493","132","4"
"3.1356977122908223","133.5","4"
"3.284915829864417","135","4"
"3.085908990409525","136.5","4"
"2.803674824395603","138","4"
"2.9003704735098284","139.5","4"
"3.318694789263761","141","4"
"3.369577508464524","142.5","4"
"2.938878244114565","144","4"
"2.811638563857044","145.5","4"
"3.1750548112988475","147","4"
"3.359607483890433","148.5","4"
"3.1407656314972345","150","4"
"3.0511781598382015","151.5","4"
"3.3176631279738946","153","4"
"3.2900520070232404","154.5","4"
"2.748888934701488","156","4"
"2.4565170601938537","157.5","4"
"2.8806517172667245","159","4"
"3.520360883741353","160.5","4"
"3.7123698805134433","162","4"
"3.4099977484573625","163.5","4"
"3.145197723201735","165","4"
"3.3703405014668175","166.5","4"
"3.300247376344332","168","4"
"3.0306322044823166","169.5","4"
"3.265804849909905","171","4"
"3.4838731121757776","172.5","4"
"3.2411927153432663","174","4"
"2.6830963722610486","175.5","4"
"2.553096764293025","177","4"
"3.38136774510291","178.5","4"
"3.882886349320185","180","4"
"3.646035306295639","181.5","4"
"3.0443258717845136","183","4"
"3.173977333027226","184.5","4"
"3.2058157718251477","186","4"
"2.7858554469743853","187.5","4"
"2.9875436707424856","189","4"
"3.4433169796384124","190.5","4"
"3.529964684141549","192","4"
"3.4637326526924355","193.5","4"
"3.3595071228827784","195","4"
"3.3564875656089947","196.5","4"
"3.1770994330697","198","4"
"2.760456008353909","199.5","4"
"2.6997693900979374","201","4"
"3.328543570260281","202.5","4"
"3.586264404314479","204","4"
"3.0703146975648496","205.5","4"
"2.8761585362532163","207","4"
"3.1401871531425543","208.5","4"
"3.213562270223436","210","4"
"2.8040142440767704","211.5","4"
"2.808889233271573","213","4"
"3.297769207487617","214.5","4"
"3.487286944836776","216","4"
"3.17203120218314","217.5","4"
"3.183436202158603","219","4"
"3.2061237118113675","220.5","4"
"3.1905858330734795","222","4"
"2.71137355368797","223.5","4"
"2.7329477418520933","225","4"
"3.2174143251725167","226.5","4"
"3.5640300775969007","228","4"
"3.3843012786558466","229.5","4"
"3.262498546899965","231","4"
"3.350081915207385","232.5","4"
"2.98675761340924","234","4"
"2.499234538717496","235.5","4"
"2.4654418653916403","237","4"
"3.0284685208949296","238.5","4"
"3.62742457297866","240","4"
"3.560569181233555","241.5","4"
"3.1867175707567035","243","4"
"3.2373194661441222","244.5","4"
"3.3899118329999194","246","4"
"2.8743077795344174","247.5","4"
"2.5104684262917094","249","4"
"2.8471498415189487","250.5","4"
"3.504637866995556","252","4"
"3.727785892313465","253.5","4"
"3.3224277823963067","255","4"
"3.1596562535871136","256.5","4"
"3.261017442836689","258","4"
"3.049975074466938","259.5","4"
"2.6961726011900655","261","4"
"2.6754374559843472","262.5","4"
"3.123536576276321","264","4"
"3.5676296716261047","265.5","4"
"3.4153312191498673","267","4"
"3.116051889202349","268.5","4"
"3.226417829607672","270","4"
"3.2319922290545775","271.5","4"
"2.8953031776637124","273","4"
"2.6361193169948214","274.5","4"
"2.8473792381078735","276","4"
"3.3191532707614626","277.5","4"
"3.4575342695892424","279","4"
"3.0814884308705","280.5","4"
"2.9308381430168646","282","4"
"3.1954742245146464","283.5","4"
"3.231218015566956","285","4"
"2.9651394783442493","286.5","4"
"2.847579648443035","288","4"
"3.102473855235059","289.5","4"
"3.3759999895941255","291","4"
"3.2428090885907728","292.5","4"
"2.8564235726424165","294","4"
"2.834205141612386","295.5","4"
"3.1353053069844954","297","4"
"3.3354416752957246","298.5","4"
"3.596072978571908","1.5","5"
"3.33072875977788","3","5"
"3.2037745785359233","4.5","5"
"3.083801720928925","6","5"
"3.084472144927264","7.5","5"
"3.052965957167106","9","5"
"2.9851596292904654","10.5","5"
"2.9858313000093966","12","5"
"3.00765888413384","13.5","5"
"3.0348517303258844","15","5"
"3.060424774788794","16.5","5"
"3.038633968921814","18","5"
"3.0005516417190914","19.5","5"
"2.9959263083228334","21","5"
"3.0277385659883236","22.5","5"
"3.0515422022510608","24","5"
"3.0251712566092817","25.5","5"
"2.991488294695521","27","5"
"3.0044379814844513","28.5","5"
"3.0378613138349317","30","5"
"3.0340921658052182","31.5","5"
"3.000038927875638","33","5"
"2.9964966829936657","34.5","5"
"3.0289884033817867","36","5"
"3.036518284077218","37.5","5"
"3.0024064502798145","39","5"
"2.9870406189836203","40.5","5"
"3.055409529527393","42","5"
"3.1241406124031372","43.5","5"
"3.1191035495313764","45","5"
"3.143871212491865","46.5","5"
"3.04370282316867","48","5"
"3.147091491780958","49.5","5"
"3.1275977686047067","51","5"
"2.926825884471714","52.5","5"
"3.161569034655364","54","5"
"3.394360132072116","55.5","5"
"3.348014852465876","57","5"
"3.4141839245250947","58.5","5"
"3.302844607017581","60","5"
"3.1224793572143192","61.5","5"
"2.993502995172166","63","5"
"3.0031033670907332","64.5","5"
"3.1670814097528184","66","5"
"3.3143839411368305","67.5","5"
"3.078342954816926","69","5"
"2.95884104591355","70.5","5"
"3.1883990851551407","72","5"
"3.404750301485705","73.5","5"
"3.325539596993897","75","5"
"3.318990573724209","76.5","5"
"3.2869616983558614","78","5"
"3.127141468868041","79.5","5"
"2.9747504473878488","81","5"
"2.9722358119538184","82.5","5"
"3.172932581171144","84","5"
"3.431155531943763","85.5","5"
"3.0649687596664252","87","5"
"2.7106482739835838","88.5","5"
"3.055124965552273","90","5"
"3.519710718952634","91.5","5"
"3.684720111224437","93","5"
"3.5107726673485575","94.5","5"
"3.366883656945396","96","5"
"3.2528115279002545","97.5","5"
"3.0587516757543525","99","5"
"3.1430648959489997","100.5","5"
"3.410351817105486","102","5"
"3.6499786835280825","103.5","5"
"3.2567835797063136","105","5"
"2.871029839417945","106.5","5"
"3.2564108102493106","108","5"
"3.447760603508389","109.5","5"
"3.1370207945190645","111","5"
"3.027326524832673","112.5","5"
"3.2544721597287767","114","5"
"3.2529898089449083","115.5","5"
"3.2546024420306385","117","5"
"3.098581281866739","118.5","5"
"3.3190161314963444","120","5"
"3.2664263401250087","121.5","5"
"2.821484228052084","123","5"
"2.9702158129146574","124.5","5"
"3.469200769208874","126","5"
"3.6471302386555484","127.5","5"
"3.568038284300127","129","5"
"3.2357140017017954","130.5","5"
"3.23567753512448","132","5"
"2.884610990186715","133.5","5"
"2.5899942394131408","135","5"
"3.049749418039789","136.5","5"
"3.6377813926164135","138","5"
"3.559960469904519","139.5","5"
"3.1424100559580603","141","5"
"3.068101145153783","142.5","5"
"3.2715939969787793","144","5"
"3.053241482417934","145.5","5"
"2.7164311874494986","147","5"
"3.1056264999320367","148.5","5"
"3.5612835521327617","150","5"
"3.6497845067958807","151.5","5"
"3.2991290679733227","153","5"
"3.012078196952273","154.5","5"
"3.304877696622958","156","5"
"3.0036749884821576","157.5","5"
"2.801568178275299","159","5"
"3.2241992903142376","160.5","5"
"3.538591990638073","162","5"
"3.4982272297115777","163.5","5"
"3.274524413730236","165","5"
"3.1746948207279124","166.5","5"
"3.211417910805225","168","5"
"2.9271073316453546","169.5","5"
"2.699965125230879","171","5"
"3.197876031735102","172.5","5"
"3.6383000283826785","174","5"
"3.6345636067685048","175.5","5"
"3.456645669487306","177","5"
"3.180557835991862","178.5","5"
"3.178607964986","180","5"
"2.694491398471776","181.5","5"
"2.6373171038035697","183","5"
"3.225594994016963","184.5","5"
"3.5880453446801273","186","5"
"3.3751294669407734","187.5","5"
"3.333688786143396","189","5"
"3.2365368372925047","190.5","5"
"3.282748094435106","192","5"
"2.8858739181463946","193.5","5"
"2.644365750350495","195","5"
"2.9234983872117106","196.5","5"
"3.4234589023691546","198","5"
"3.366026848218555","199.5","5"
"3.154641008325713","201","5"
"3.235298532064517","202.5","5"
"3.309264594705999","204","5"
"2.9499366557654567","205.5","5"
"2.583930190453734","207","5"
"2.82586271077113","208.5","5"
"3.4942171529274635","210","5"
"3.7014934900689807","211.5","5"
"3.4266710779743996","213","5"
"3.0813600186495256","214.5","5"
"3.263555765961967","216","5"
"3.065794400378466","217.5","5"
"2.663726386103552","219","5"
"2.861006829218695","220.5","5"
"3.3346824224552067","222","5"
"3.3296063995649465","223.5","5"
"2.981901013343169","225","5"
"3.0141443246533375","226.5","5"
"3.2222007972052884","228","5"
"2.9207799129608913","229.5","5"
"2.78596671678722","231","5"
"3.0439630760922465","232.5","5"
"3.4591434741933447","234","5"
"3.4802367398891105","235.5","5"
"3.2633818484393853","237","5"
"3.293267299429965","238.5","5"
"3.2280335794948822","240","5"
"2.8762511052571713","241.5","5"
"2.6425087600287362","243","5"
"2.8911930515520914","244.5","5"
"3.4430959984134835","246","5"
"3.6236716323166425","247.5","5"
"3.3448628311291944","249","5"
"3.265103257896766","250.5","5"
"3.3288801848201164","252","5"
"3.0614929026559756","253.5","5"
"2.67716946256676","255","5"
"2.665151699420337","256.5","5"
"3.150211410062396","258","5"
"3.612060300083206","259.5","5"
"3.476989967787438","261","5"
"3.216630449600307","262.5","5"
"3.3140074315180517","264","5"
"3.2068611470415256","265.5","5"
"2.7941015686499107","267","5"
"2.5900422381559323","268.5","5"
"2.9158912098395766","270","5"
"3.5004535610087117","271.5","5"
"3.5644000419325716","273","5"
"3.1738149476701203","274.5","5"
"3.1443228370263108","276","5"
"3.2842011472850623","277.5","5"
"3.049168446243925","279","5"
"2.711616664203407","280.5","5"
"2.7742836981197443","282","5"
"3.265856588814472","283.5","5"
"3.500442652203532","285","5"
"3.1447217876157456","286.5","5"
"2.9448338283824693","288","5"
"3.1959959770823914","289.5","5"
"3.238151340459123","291","5"
"2.927754379632594","292.5","5"
"2.8054146229817154","294","5"
"3.149783473219198","295.5","5"
"3.4075417088911557","297","5"
"3.0467747427073166","298.5","5"
"3.718459798925134","1.5","6"
"3.5451809089667052","3","6"
"3.144657581505258","4.5","6"
"3.2957834932647354","6","6"
"3.3840011306733264","7.5","6"
"3.343876675140936","9","6"
"3.2661919566537154","10.5","6"
"3.188545263144551","12","6"
"3.166370779015388","13.5","6"
"3.1959158752843564","15","6"
"3.256071078887995","16.5","6"
"3.3127354648340805","18","6"
"3.309418876379257","19.5","6"
"3.3157291526555803","21","6"
"3.363140690048114","22.5","6"
"3.3530908753561364","24","6"
"3.1932242055262643","25.5","6"
"3.040696979821398","27","6"
"3.110857116175703","28.5","6"
"3.341930232616702","30","6"
"3.4879336811438675","31.5","6"
"3.4796411191262906","33","6"
"3.4594099607198814","34.5","6"
"3.39181058846151","36","6"
"3.1698329220993253","37.5","6"
"2.9743970021000217","39","6"
"3.039652851325612","40.5","6"
"3.348852025343393","42","6"
"3.6119340696232674","43.5","6"
"3.639743419148047","45","6"
"3.5860396829277743","46.5","6"
"3.385531791880134","48","6"
"3.100988387649711","49.5","6"
"2.8114428287241027","51","6"
"2.8092610676881318","52.5","6"
"3.280068580202786","54","6"
"3.5448617484951574","55.5","6"
"3.4098515704679526","57","6"
"3.424620222600587","58.5","6"
"3.457125968595368","60","6"
"3.0668855925765994","61.5","6"
"2.548897809339225","63","6"
"2.5174837230627998","64.5","6"
"3.1132099896129235","66","6"
"3.723091365924352","67.5","6"
"3.5859608278503314","69","6"
"3.1984245887955747","70.5","6"
"3.2404209952968284","72","6"
"3.2163611579524387","73.5","6"
"2.8814595922103297","75","6"
"2.650361229677343","76.5","6"
"2.904569428463628","78","6"
"3.4433802507084557","79.5","6"
"3.5265608252452862","81","6"
"3.160278678842661","82.5","6"
"3.125471174954931","84","6"
"3.290661965072868","85.5","6"
"3.075948627920022","87","6"
"2.7374805062443968","88.5","6"
"2.794615529213956","90","6"
"3.272955415865225","91.5","6"
"3.4634272061473994","93","6"
"3.0521132002821894","94.5","6"
"2.840044469185088","96","6"
"3.1534503901603688","97.5","6"
"3.3002910115650512","99","6"
"3.027592699679061","100.5","6"
"2.888582418632478","102","6"
"3.201325084252824","103.5","6"
"3.362441903156307","105","6"
"2.9103909902678944","106.5","6"
"2.564770276715987","108","6"
"2.9085860505308503","109.5","6"
"3.4817243892354943","111","6"
"3.510052062846391","112.5","6"
"3.217149708726868","114","6"
"3.297302933986215","115.5","6"
"3.3950826066551705","117","6"
"2.919301925699095","118.5","6"
"2.4413000561683273","120","6"
"2.5241290554982188","121.5","6"
"3.179064576402814","123","6"
"3.787630974169848","124.5","6"
"3.6203023699168075","126","6"
"2.945461240520385","127.5","6"
"2.9869517901414415","129","6"
"3.3017808426724713","130.5","6"
"3.1388924338077797","132","6"
"3.024061363602269","133.5","6"
"3.2253509484610823","135","6"
"3.25823507415553","136.5","6"
"2.8940907418880086","138","6"
"2.7138909942433327","139.5","6"
"3.29111265456687","141","6"
"3.7485412967288028","142.5","6"
"3.6561627293444676","144","6"
"3.092721071724122","145.5","6"
"3.174200184333043","147","6"
"3.2196668376020825","148.5","6"
"2.869454296269826","150","6"
"3.0338758597825093","151.5","6"
"3.4738871919141396","153","6"
"3.6278487696600825","154.5","6"
"3.530635419820036","156","6"
"3.180794712904339","157.5","6"
"3.2644827027221064","159","6"
"3.0378413663054604","160.5","6"
"2.7369042096507523","162","6"
"3.0305795305373056","163.5","6"
"3.5384458126486633","165","6"
"3.674560273440217","166.5","6"
"3.5022052034404485","168","6"
"3.166565890788033","169.5","6"
"3.354745273581698","171","6"
"3.1462312545724895","172.5","6"
"2.700416749765325","174","6"
"3.0595505119736655","175.5","6"
"3.499315616788379","177","6"
"3.579481620933794","178.5","6"
"3.58860792734726","180","6"
"3.2995697837025886","181.5","6"
"3.302178546541314","183","6"
"2.957773229726516","184.5","6"
"2.5171988474075313","186","6"
"2.945591834502395","187.5","6"
"3.5816546549256207","189","6"
"3.697091319658688","190.5","6"
"3.5676405804312843","192","6"
"3.3023711648727754","193.5","6"
"3.4007358611795184","195","6"
"3.085525312147342","196.5","6"
"2.5795560712567607","198","6"
"2.8148320386534094","199.5","6"
"3.545400331790894","201","6"
"3.7670850188139626","202.5","6"
"3.5852617292783764","204","6"
"3.2554230958603116","205.5","6"
"3.2664581315001042","207","6"
"2.9976938464421177","208.5","6"
"2.5570060125492624","210","6"
"2.772099443642589","211.5","6"
"3.417059173890356","213","6"
"3.4580264125429276","214.5","6"
"3.1084923988928583","216","6"
"2.9768838980008803","217.5","6"
"3.221183784882378","219","6"
"3.0398978319219365","220.5","6"
"2.7821589204191546","222","6"
"2.8971405321361474","223.5","6"
"3.228459022896897","225","6"
"3.330691669840268","226.5","6"
"3.1563328081690343","228","6"
"3.24149379836623","229.5","6"
"3.352881737976831","231","6"
"3.0559979816468092","232.5","6"
"2.7984728827255525","234","6"
"2.9318969204796064","235.5","6"
"3.38792736549763","237","6"
"3.6789836381005743","238.5","6"
"3.5780407236096092","240","6"
"3.4605862415984174","241.5","6"
"3.3442852878149583","243","6"
"2.9877484445997187","244.5","6"
"2.6086227384985556","246","6"
"2.646922462604505","247.5","6"
"3.037245122182344","249","6"
"3.503124348196888","250.5","6"
"3.5863080395351985","252","6"
"3.3464876197406968","253.5","6"
"3.3540511618921114","255","6"
"3.4074818663027404","256.5","6"
"2.8555433879044765","258","6"
"2.4669154891313645","259.5","6"
"2.8255610043878696","261","6"
"3.4915843907173425","262.5","6"
"3.755709940132707","264","6"
"3.3643007635589544","265.5","6"
"3.259370524934679","267","6"
"3.288326234043787","268.5","6"
"3.071682038374107","270","6"
"2.668965417711214","271.5","6"
"2.7620437070278","273","6"
"3.286406907692429","274.5","6"
"3.6478125064995113","276","6"
"3.418939228543067","277.5","6"
"3.16901569675128","279","6"
"3.2747999389810643","280.5","6"
"3.172379660588599","282","6"
"2.8314639147107625","283.5","6"
"2.708775699654425","285","6"
"3.054806740121169","286.5","6"
"3.4920977279210916","288","6"
"3.385014402834461","289.5","6"
"3.046288209996295","291","6"
"3.1275687823509433","292.5","6"
"3.2790487627585434","294","6"
"3.048259275252221","295.5","6"
"2.78444260086352","297","6"
"2.9461500536474556","298.5","6"
"3.64135885735511","1.5","7"
"3.3983050677052993","3","7"
"3.2731511509981663","4.5","7"
"3.4941189736808447","6","7"
"3.5309072049090884","7.5","7"
"3.4780456284486996","9","7"
"3.351170302284186","10.5","7"
"3.1232108705216657","12","7"
"2.9570625989890855","13.5","7"
"2.860434584466975","15","7"
"2.9687156963623536","16.5","7"
"3.027075622313536","18","7"
"3.114671146146728","19.5","7"
"3.5317088462497335","21","7"
"3.505223202313492","22.5","7"
"3.1273303470377263","24","7"
"3.1169311388998455","25.5","7"
"2.7250987006851144","27","7"
"2.788778071722142","28.5","7"
"3.3597486749974754","30","7"
"3.674663127889056","31.5","7"
"3.59530125852547","33","7"
"3.3415552813986626","34.5","7"
"3.2048096683074174","36","7"
"3.2660738298776253","37.5","7"
"2.648858931364003","39","7"
"2.787687502884305","40.5","7"
"3.3833328884360236","42","7"
"3.593613198843925","43.5","7"
"3.5199971530086422","45","7"
"3.5649738450850323","46.5","7"
"3.506423794243572","48","7"
"3.203317967119109","49.5","7"
"2.5119630884414237","51","7"
"2.4629518526893017","52.5","7"
"3.2131555276303017","54","7"
"3.8815037361836753","55.5","7"
"3.778663312951712","57","7"
"3.4655893313340465","58.5","7"
"3.3299913245477217","60","7"
"3.3142187506583927","61.5","7"
"3.051684951758843","63","7"
"2.6160165708093865","64.5","7"
"2.9695089223390028","66","7"
"3.6258415495069896","67.5","7"
"3.608371877211823","69","7"
"3.4637289125306596","70.5","7"
"3.4135106954054235","72","7"
"3.346176251272849","73.5","7"
"2.7791842450866824","75","7"
"2.4101228468043785","76.5","7"
"2.9244982571264813","78","7"
"3.6834634168677183","79.5","7"
"3.8857937017406896","81","7"
"3.56227126652176","82.5","7"
"3.291708587009838","84","7"
"3.3818976013545026","85.5","7"
"3.0962368237935145","87","7"
"2.7566154855703044","88.5","7"
"3.003930877883662","90","7"
"3.553773618966802","91.5","7"
"3.7631986790486027","93","7"
"3.564994727654948","94.5","7"
"3.5290137480100134","96","7"
"3.2604445747246724","97.5","7"
"2.9866376165522617","99","7"
"2.644019162025924","100.5","7"
"2.906007520666481","102","7"
"3.4787469087816905","103.5","7"
"3.7645529292916446","105","7"
"3.5701851371595223","106.5","7"
"3.4484949219370673","108","7"
"3.299912320185236","109.5","7"
"3.062421709497003","111","7"
"2.7040222657173407","112.5","7"
"2.764213935898295","114","7"
"3.2491695453709233","115.5","7"
"3.6447237562328727","117","7"
"3.507393119503839","118.5","7"
"3.271679085659182","120","7"
"3.333168903656539","121.5","7"
"3.1783424134999074","123","7"
"2.825095354246764","124.5","7"
"2.6999065293630555","126","7"
"3.0170460668311785","127.5","7"
"3.4903688381401587","129","7"
"3.4652340159653314","130.5","7"
"3.1175448371112493","132","7"
"3.1356977122908223","133.5","7"
"3.284915829864417","135","7"
"3.085908990409525","136.5","7"
"2.803674824395603","138","7"
"2.9003704735098284","139.5","7"
"3.318694789263761","141","7"
"3.369577508464524","142.5","7"
"2.938878244114565","144","7"
"2.811638563857044","145.5","7"
"3.1750548112988475","147","7"
"3.359607483890433","148.5","7"
"3.1407656314972345","150","7"
"3.0511781598382015","151.5","7"
"3.3176631279738946","153","7"
"3.2900520070232404","154.5","7"
"2.748888934701488","156","7"
"2.4565170601938537","157.5","7"
"2.8806517172667245","159","7"
"3.520360883741353","160.5","7"
"3.7123698805134433","162","7"
"3.4099977484573625","163.5","7"
"3.145197723201735","165","7"
"3.3703405014668175","166.5","7"
"3.300247376344332","168","7"
"3.0306322044823166","169.5","7"
"3.265804849909905","171","7"
"3.4838731121757776","172.5","7"
"3.2411927153432663","174","7"
"2.6830963722610486","175.5","7"
"2.553096764293025","177","7"
"3.38136774510291","178.5","7"
"3.882886349320185","180","7"
"3.646035306295639","181.5","7"
"3.0443258717845136","183","7"
"3.173977333027226","184.5","7"
"3.2058157718251477","186","7"
"2.7858554469743853","187.5","7"
"2.9875436707424856","189","7"
"3.4433169796384124","190.5","7"
"3.529964684141549","192","7"
"3.4637326526924355","193.5","7"
"3.3595071228827784","195","7"
"3.3564875656089947","196.5","7"
"3.1770994330697","198","7"
"2.760456008353909","199.5","7"
"2.6997693900979374","201","7"
"3.328543570260281","202.5","7"
"3.586264404314479","204","7"
"3.0703146975648496","205.5","7"
"2.8761585362532163","207","7"
"3.1401871531425543","208.5","7"
"3.213562270223436","210","7"
"2.8040142440767704","211.5","7"
"2.808889233271573","213","7"
"3.297769207487617","214.5","7"
"3.487286944836776","216","7"
"3.17203120218314","217.5","7"
"3.183436202158603","219","7"
"3.2061237118113675","220.5","7"
"3.1905858330734795","222","7"
"2.71137355368797","223.5","7"
"2.7329477418520933","225","7"
"3.2174143251725167","226.5","7"
"3.5640300775969007","228","7"
"3.3843012786558466","229.5","7"
"3.262498546899965","231","7"
"3.350081915207385","232.5","7"
"2.98675761340924","234","7"
"2.499234538717496","235.5","7"
"2.4654418653916403","237","7"
"3.0284685208949296","238.5","7"
"3.62742457297866","240","7"
"3.560569181233555","241.5","7"
"3.1867175707567035","243","7"
"3.2373194661441222","244.5","7"
"3.3899118329999194","246","7"
"2.8743077795344174","247.5","7"
"2.5104684262917094","249","7"
"2.8471498415189487","250.5","7"
"3.504637866995556","252","7"
"3.727785892313465","253.5","7"
"3.3224277823963067","255","7"
"3.1596562535871136","256.5","7"
"3.261017442836689","258","7"
"3.049975074466938","259.5","7"
"2.6961726011900655","261","7"
"2.6754374559843472","262.5","7"
"3.123536576276321","264","7"
"3.5676296716261047","265.5","7"
"3.4153312191498673","267","7"
"3.116051889202349","268.5","7"
"3.226417829607672","270","7"
"3.2319922290545775","271.5","7"
"2.8953031776637124","273","7"
"2.6361193169948214","274.5","7"
"2.8473792381078735","276","7"
"3.3191532707614626","277.5","7"
"3.4575342695892424","279","7"
"3.0814884308705","280.5","7"
"2.9308381430168646","282","7"
"3.1954742245146464","283.5","7"
"3.231218015566956","285","7"
"2.9651394783442493","286.5","7"
"2.847579648443035","288","7"
"3.102473855235059","289.5","7"
"3.3759999895941255","291","7"
"3.2428090885907728","292.5","7"
"2.8564235726424165","294","7"
"2.834205141612386","295.5","7"
"3.1353053069844954","297","7"
"3.3354416752957246","298.5","7"
"3.5773385082361746","1.5","8"
"3.3013918658477723","3","8"
"3.3216847369234848","4.5","8"
"3.2195739569179795","6","8"
"3.1349824063511718","7.5","8"
"2.979287263622076","9","8"
"2.964495858838638","10.5","8"
"3.1262796732588325","12","8"
"3.228753560636753","13.5","8"
"3.314353396482327","15","8"
"3.344436141006588","16.5","8"
"3.157010400810777","18","8"
"3.0222766830748444","19.5","8"
"2.960695542794125","21","8"
"2.9165554002349556","22.5","8"
"3.1548426653814663","24","8"
"3.3397101349225276","25.5","8"
"3.4655251252235595","27","8"
"3.3895362584215847","28.5","8"
"3.0419976210789845","30","8"
"2.867295287884659","31.5","8"
"2.880211624897754","33","8"
"2.9492674784877098","34.5","8"
"3.2029766773570536","36","8"
"3.3629393446725087","37.5","8"
"3.3726569083267224","39","8"
"3.3026734946163314","40.5","8"
"3.0713716049467035","42","8"
"3.017988587598718","43.5","8"
"3.103896363430512","45","8"
"3.1975743253518423","46.5","8"
"3.2292887154508616","48","8"
"3.387260058300771","49.5","8"
"3.2899669183428375","51","8"
"2.8198273363853383","52.5","8"
"2.5638958580607842","54","8"
"2.8220614596861724","55.5","8"
"3.191222907295983","57","8"
"3.193721647042466","58.5","8"
"2.970860679140861","60","8"
"3.1760350453642943","61.5","8"
"3.3748869797856327","63","8"
"2.9824121687858822","64.5","8"
"2.557929209147626","66","8"
"2.8793993864320773","67.5","8"
"3.3170715590529984","69","8"
"3.2409436829050176","70.5","8"
"2.971884860107175","72","8"
"3.120181027802998","73.5","8"
"3.3819331328913744","75","8"
"3.0720467041472626","76.5","8"
"2.8072049137518036","78","8"
"2.9504119679911507","79.5","8"
"3.3921094897234383","81","8"
"3.227097604010451","82.5","8"
"2.9152270194441976","84","8"
"3.095464480386781","85.5","8"
"3.358350789533714","87","8"
"3.103455647701246","88.5","8"
"2.7410224394462213","90","8"
"2.9497845558532347","91.5","8"
"3.3579412418192476","93","8"
"3.2045559606669487","94.5","8"
"2.943128626292784","96","8"
"3.119375646300577","97.5","8"
"3.3670332634164337","99","8"
"3.1135026572718916","100.5","8"
"2.758820934297523","102","8"
"2.985166797933869","103.5","8"
"3.455001556706628","105","8"
"3.5133823652277267","106.5","8"
"3.3950059333387634","108","8"
"3.3375423994932163","109.5","8"
"3.1735677853127595","111","8"
"2.7931391003529","112.5","8"
"2.625842287474955","114","8"
"2.897566598898458","115.5","8"
"3.4081466800584153","117","8"
"3.529074525638873","118.5","8"
"3.3036415731560065","120","8"
"3.323915431742691","121.5","8"
"3.5470388343289083","123","8"
"3.0050254985634233","124.5","8"
"2.41735803391988","126","8"
"2.6780340632973005","127.5","8"
"3.3553112847304587","129","8"
"3.7294646015905704","130.5","8"
"3.3772654109949887","132","8"
"3.2129364164862606","133.5","8"
"3.3931872796752076","135","8"
"3.2822868078160723","136.5","8"
"2.793318939798293","138","8"
"2.559441325385628","139.5","8"
"3.001019785301381","141","8"
"3.4406620881377843","142.5","8"
"3.411702015506604","144","8"
"3.1701352518428814","145.5","8"
"3.314957744289291","147","8"
"3.527798818793126","148.5","8"
"2.898450523798174","150","8"
"2.3808256920931408","151.5","8"
"2.782198815478098","153","8"
"3.5147257066655886","154.5","8"
"3.6656431044060565","156","8"
"3.1785593428829126","157.5","8"
"3.081691022966697","159","8"
"3.1955209765368457","160.5","8"
"2.9137206692889337","162","8"
"2.6089169645582637","163.5","8"
"2.7476490710727606","165","8"
"3.3253111354454163","166.5","8"
"3.5795826053017445","168","8"
"3.178825517729301","169.5","8"
"3.0093525540580495","171","8"
"3.2660435969032697","172.5","8"
"3.1846801176292545","174","8"
"2.7623737763045275","175.5","8"
"2.622262952655371","177","8"
"3.057331661000083","178.5","8"
"3.5154403892449433","180","8"
"3.302440669545778","181.5","8"
"2.93521195053369","183","8"
"3.097385988499175","184.5","8"
"3.268856510238932","186","8"
"2.990127187489223","187.5","8"
"2.718195920447451","189","8"
"2.944469474289462","190.5","8"
"3.3889661954309003","192","8"
"3.278422285661072","193.5","8"
"2.822884295276882","195","8"
"2.867104227953938","196.5","8"
"3.271921261134175","198","8"
"3.269445897398792","199.5","8"
"2.9321995619033103","201","8"
"2.934564902546451","202.5","8"
"3.297324439916427","204","8"
"3.237868334884743","205.5","8"
"2.7363525357887997","207","8"
"2.627176590188525","208.5","8"
"3.1335835858469667","210","8"
"3.534647678365186","211.5","8"
"3.321453470253672","213","8"
"3.1032655228109687","214.5","8"
"3.3008760352028395","216","8"
"3.235609277172069","217.5","8"
"2.7280091699070996","219","8"
"2.44587333897987","220.5","8"
"2.8154120754088297","222","8"
"3.4375642991468536","223.5","8"
"3.717852957676986","225","8"
"3.3911270738969552","226.5","8"
"3.2220795536277183","228","8"
"3.4380648574645347","229.5","8"
"3.2185697234811372","231","8"
"2.5867374935467327","232.5","8"
"2.622490790843556","234","8"
"3.4421522309253523","235.5","8"
"3.85739964025827","237","8"
"3.6746238561904083","238.5","8"
"3.070589599455382","240","8"
"3.1267739979735536","241.5","8"
"3.201405186050859","243","8"
"2.70228838905404","244.5","8"
"2.859067243657717","246","8"
"3.4696230958094083","247.5","8"
"3.714474344872711","249","8"
"3.3220836875129196","250.5","8"
"2.822030291671373","252","8"
"3.2675312462496535","253.5","8"
"3.3525610191045434","255","8"
"2.8925747296481568","256.5","8"
"2.9741245936506733","258","8"
"3.3727890607094726","259.5","8"
"3.5858841545339244","261","8"
"3.542257037498356","262.5","8"
"3.201244359094493","264","8"
"3.2481774674598527","265.5","8"
"2.9516374943330703","267","8"
"2.597984939207384","268.5","8"
"2.9755159338313266","270","8"
"3.5878807775619856","271.5","8"
"3.752591580252009","273","8"
"3.488495328770556","274.5","8"
"3.059462618171931","276","8"
"3.3082114274859213","277.5","8"
"3.242868307818892","279","8"
"2.715490536762847","280.5","8"
"2.944551757848533","282","8"
"3.4582501988891887","283.5","8"
"3.596439514425951","285","8"
"3.592555044741479","286.5","8"
"3.249426058132724","288","8"
"3.3533844780555486","289.5","8"
"3.133403746401573","291","8"
"2.525653483102066","292.5","8"
"2.8099526859365347","294","8"
"3.50777555104543","295.5","8"
"3.7226593772392294","297","8"
"3.6049907709663644","298.5","8"
"3.5261494074499318","1.5","9"
"3.1647949241871207","3","9"
"3.2851832514313974","4.5","9"
"3.421605963889319","6","9"
"3.438741203385686","7.5","9"
"3.2929472039179735","9","9"
"3.183903410700449","10.5","9"
"3.207908392338792","12","9"
"3.2954705663961477","13.5","9"
"3.3562653376634737","15","9"
"3.3500233193395617","16.5","9"
"3.316600610349377","18","9"
"3.3113039179143358","19.5","9"
"3.333015245343577","21","9"
"3.3459047778639444","22.5","9"
"3.3322351099331438","24","9"
"3.3176833871835143","25.5","9"
"3.3373401190771674","27","9"
"3.390324185835718","28.5","9"
"3.444393211189442","30","9"
"3.4691936005654704","31.5","9"
"3.4547310183381676","33","9"
"3.220742757472964","34.5","9"
"2.859670344744089","36","9"
"2.8301997400304915","37.5","9"
"2.926349637205577","39","9"
"3.158215667943077","40.5","9"
"3.500434860199832","42","9"
"3.6451881596533866","43.5","9"
"3.59249426711262","45","9"
"3.4751541717157424","46.5","9"
"3.0952095260257204","48","9"
"2.655654805310904","49.5","9"
"2.583483552801656","51","9"
"3.0178639155395195","52.5","9"
"3.551568170239584","54","9"
"3.632898923098059","55.5","9"
"3.340344404023699","57","9"
"3.4884423431453966","58.5","9"
"3.3182534501741987","60","9"
"2.9594946391838968","61.5","9"
"2.5990142628961403","63","9"
"2.88993355207404","64.5","9"
"3.493214166211213","66","9"
"3.6647728934328523","67.5","9"
"3.3540751612635074","69","9"
"3.215464454166655","70.5","9"
"3.2842762622007293","72","9"
"3.0344870645527293","73.5","9"
"2.721795202796507","75","9"
"2.78623725515568","76.5","9"
"3.262593921025252","78","9"
"3.550933589458264","79.5","9"
"3.2483887866001937","81","9"
"3.0176638168845065","82.5","9"
"3.2157795627962784","84","9"
"3.237099731639785","85.5","9"
"2.9264602836581153","87","9"
"2.787508910159503","88.5","9"
"3.1154587618807135","90","9"
"3.429829021233893","91.5","9"
"3.130201232880916","93","9"
"2.746869559022623","94.5","9"
"2.9543232421683503","96","9"
"3.3503032081124617","97.5","9"
"3.2841995888843227","99","9"
"3.0270849727179763","100.5","9"
"3.1606286956488607","102","9"
"3.3787942021209085","103.5","9"
"3.0083707615918627","105","9"
"2.5220535773927146","106.5","9"
"2.6363602457492226","108","9"
"3.250998796159511","109.5","9"
"3.7294808089582663","111","9"
"3.4899452648190326","112.5","9"
"3.393894793611158","114","9"
"3.272871885585562","115.5","9"
"3.411923308411681","117","9"
"3.120991396187787","118.5","9"
"2.503806418968373","120","9"
"2.9896350445355373","121.5","9"
"3.4720351884747482","123","9"
"2.878415412204854","124.5","9"
"2.614804758393979","126","9"
"3.1271021971693935","127.5","9"
"3.639272158764278","129","9"
"3.7963611351152107","130.5","9"
"3.3686162868881047","132","9"
"2.988408583153174","133.5","9"
"3.1356384930627033","135","9"
"2.696513579271973","136.5","9"
"2.7806329344145673","138","9"
"3.353625095129801","139.5","9"
"3.651615627665356","141","9"
"3.608032145850508","142.5","9"
"3.4138940619874583","144","9"
"3.2392204033667484","145.5","9"
"3.3155720658609904","147","9"
"2.9375576553275065","148.5","9"
"2.657880513247742","150","9"
"3.124790777191856","151.5","9"
"3.584493749393715","153","9"
"3.607332112238109","154.5","9"
"3.569552114778943","156","9"
"3.4263363334954517","157.5","9"
"3.2992811678855447","159","9"
"2.7761247927539556","160.5","9"
"2.4808111251694624","162","9"
"2.9099954681600875","163.5","9"
"3.451072516760993","165","9"
"3.4215186934478803","166.5","9"
"2.984669356417668","168","9"
"2.9865939813315423","169.5","9"
"3.2831747845577124","171","9"
"3.0236028821045666","172.5","9"
"2.6827641212232853","174","9"
"2.9283711946454773","175.5","9"
"3.435419316368346","177","9"
"3.43572507459353","178.5","9"
"3.3281249838215228","180","9"
"3.1946520122842332","181.5","9"
"3.2100234538230916","183","9"
"2.998694028037036","184.5","9"
"2.679114346690254","186","9"
"2.8698248839657934","187.5","9"
"3.4361040776534932","189","9"
"3.6049000720432978","190.5","9"
"3.386153282095238","192","9"
"3.34044538839165","193.5","9"
"3.2990000323920525","195","9"
"2.913165878625501","196.5","9"
"2.5452849689037316","198","9"
"2.6516690395783336","199.5","9"
"3.251657687992374","201","9"
"3.705896907199866","202.5","9"
"3.4660387741074565","204","9"
"3.2638082268818436","205.5","9"
"3.289309273230566","207","9"
"3.224923011617884","208.5","9"
"2.740390975466382","210","9"
"2.602932394036596","211.5","9"
"3.030588880941745","213","9"
"3.6049066173264057","214.5","9"
"3.6079891339900843","216","9"
"3.2348307001623753","217.5","9"
"3.229785533606767","219","9"
"3.249854930016366","220.5","9"
"2.951285607445983","222","9"
"2.6875923583958885","223.5","9"
"2.8494350803640542","225","9"
"3.36057213394848","226.5","9"
"3.545784633413373","228","9"
"3.224040956799056","229.5","9"
"3.1137548065116203","231","9"
"3.2809687124701976","232.5","9"
"3.1382700085522317","234","9"
"2.7942648890474606","235.5","9"
"2.7629737605894196","237","9"
"3.187801282631285","238.5","9"
"3.4720267731107524","240","9"
"3.147019181986623","241.5","9"
"2.859402611496961","243","9"
"3.101359287025826","244.5","9"
"3.303650923560446","246","9"
"3.076542066921806","247.5","9"
"2.8828718149608985","249","9"
"3.135977601063723","250.5","9"
"3.3806409069977836","252","9"
"3.016886174915257","253.5","9"
"2.598516509699791","255","9"
"2.8251237171402317","256.5","9"
"3.4032782361467206","258","9"
"3.5321654576665473","259.5","9"
"3.2429708505875823","261","9"
"3.261541065485322","262.5","9"
"3.439531000880707","264","9"
"3.052046500730518","265.5","9"
"2.5120180999875448","267","9"
"2.472098574152461","268.5","9"
"3.1077527819016644","270","9"
"3.761238834278005","271.5","9"
"3.5441582864011307","273","9"
"2.99931863505362","274.5","9"
"3.095083918926078","276","9"
"3.2697974726057315","277.5","9"
"3.151188527326363","279","9"
"3.0513364933533835","280.5","9"
"3.2476198716750884","282","9"
"3.5269217508566655","283.5","9"
"3.0290326619628023","285","9"
"2.6897616522259393","286.5","9"
"3.168279819921862","288","9"
"3.6071052090903684","289.5","9"
"3.6971573958500628","291","9"
"3.2518624618496075","292.5","9"
"3.267206163855294","294","9"
"3.2986091854864656","295.5","9"
"3.012614598486974","297","9"
"3.0013825809936483","298.5","9"
"3.641247899222423","1.5","10"
"3.4006666681866635","3","10"
"3.2483264505705947","4.5","10"
"3.4434902738006983","6","10"
"3.492312787223209","7.5","10"
"3.4318181639384027","9","10"
"3.3455288916054617","10.5","10"
"3.214748524866708","12","10"
"3.211099373693973","13.5","10"
"3.1565865158095026","15","10"
"2.9645859344014087","16.5","10"
"2.935881127811437","18","10"
"2.938282623351745","19.5","10"
"3.1018336642110755","21","10"
"3.561034519694513","22.5","10"
"3.803590867828122","24","10"
"3.5595833369254444","25.5","10"
"3.094356457460656","27","10"
"2.6692696175356576","28.5","10"
"2.6958041952551346","30","10"
"3.303166572610461","31.5","10"
"3.7397743575259765","33","10"
"3.6657303748474956","34.5","10"
"3.3557255076471453","36","10"
"3.163004945097181","37.5","10"
"3.2563191762857997","39","10"
"2.729043947998446","40.5","10"
"2.8860948993713236","42","10"
"3.4099874630124787","43.5","10"
"3.552578948959534","45","10"
"3.5029953126156177","46.5","10"
"3.5970123825379674","48","10"
"3.543981252077069","49.5","10"
"3.2112966672276544","51","10"
"2.539121493977114","52.5","10"
"2.5726931860780407","54","10"
"3.3613145560610063","55.5","10"
"3.928749771417623","57","10"
"3.8293384531739094","58.5","10"
"3.3054786159482936","60","10"
"3.0214451204399917","61.5","10"
"3.1571902402561705","63","10"
"2.7806634790690707","64.5","10"
"2.9557348415586233","66","10"
"3.447316770977643","67.5","10"
"3.530566538507329","69","10"
"3.4203729572238477","70.5","10"
"3.491189180289684","72","10"
"3.402050216363617","73.5","10"
"3.063026992344411","75","10"
"2.4772112194601106","76.5","10"
"2.5222566370091335","78","10"
"3.1950758972855073","79.5","10"
"3.812416402898772","81","10"
"3.680693203712331","82.5","10"
"3.340214745082133","84","10"
"3.182800062976544","85.5","10"
"3.227631512103968","87","10"
"3.0507361973883436","88.5","10"
"2.6752884728736053","90","10"
"2.924523191538321","91.5","10"
"3.4634957757799585","93","10"
"3.5217528472823028","94.5","10"
"3.1912035831268075","96","10"
"3.2289779703433097","97.5","10"
"3.186062730765764","99","10"
"2.778392889190921","100.5","10"
"2.530377307425091","102","10"
"2.8082353283210777","103.5","10"
"3.394229849770254","105","10"
"3.5583584339438206","106.5","10"
"3.108888544360961","108","10"
"2.968595699505375","109.5","10"
"3.2479811089666155","111","10"
"3.141090090531298","112.5","10"
"2.7445914888209217","114","10"
"2.676302680075184","115.5","10"
"3.1284991475927106","117","10"
"3.5176632920604494","118.5","10"
"3.2371530289450923","120","10"
"2.8497130990560664","121.5","10"
"3.0174372254169133","123","10"
"3.280967465749606","124.5","10"
"3.1335215614975156","126","10"
"2.8709746720317497","127.5","10"
"2.9704202750917426","129","10"
"3.301568276811538","130.5","10"
"3.2943656602715023","132","10"
"2.934664951873957","133.5","10"
"2.802152890232939","135","10"
"3.123611067831692","136.5","10"
"3.403539424110741","138","10"
"3.32697457239527","139.5","10"
"2.9894711007776915","141","10"
"2.8097338864726416","142.5","10"
"3.238426242349655","144","10"
"3.633503270905023","145.5","10"
"3.459296197465863","147","10"
"3.2339296328545193","148.5","10"
"3.2471604551369424","150","10"
"3.4041699530501366","151.5","10"
"3.2549936006163733","153","10"
"3.0918452505082534","154.5","10"
"3.0520592796165857","156","10"
"3.263404912770337","157.5","10"
"3.5270161899415085","159","10"
"3.2700349728785043","160.5","10"
"3.218959323666132","162","10"
"3.357230611081817","163.5","10"
"3.3780508449679383","165","10"
"3.0922769275132276","166.5","10"
"3.0830892201106064","168","10"
"3.224263496424725","169.5","10"
"3.385326394662605","171","10"
"3.328617438455356","172.5","10"
"2.9856255911117193","174","10"
"3.2399712408432704","175.5","10"
"3.5251972245978047","177","10"
"3.3594316962869635","178.5","10"
"2.937979981928041","180","10"
"3.1707237039622975","181.5","10"
"3.3931411510133045","183","10"
"3.145130711969916","184.5","10"
"2.825694403491212","186","10"
"2.9498122953864065","187.5","10"
"3.5397798036820856","189","10"
"3.63566383769093","190.5","10"
"3.1256120543818255","192","10"
"2.9185115048437775","193.5","10"
"3.1887219857884648","195","10"
"3.6773959394266833","196.5","10"
"3.0688494891891214","198","10"
"2.525300349494387","199.5","10"
"2.5426754268646365","201","10"
"3.1594302854798166","202.5","10"
"3.3511952366960256","204","10"
"2.978605619138409","205.5","10"
"2.988484944789433","207","10"
"3.3925171673570165","208.5","10"
"3.1539353644706503","210","10"
"2.7121237678041963","211.5","10"
"2.887336944761087","213","10"
"3.215651462255452","214.5","10"
"3.240762596739032","216","10"
"2.872774313206278","217.5","10"
"2.844969950563866","219","10"
"3.162830092534155","220.5","10"
"3.4280892226477806","222","10"
"3.1457132421665204","223.5","10"
"3.098662942065514","225","10"
"3.3558364657798316","226.5","10"
"3.13780841025305","228","10"
"2.7867839421352647","229.5","10"
"2.7041734305891185","231","10"
"3.220152123592512","232.5","10"
"3.4263366451756","234","10"
"3.025682723732143","235.5","10"
"2.7441570066946155","237","10"
"3.0558864001538266","238.5","10"
"3.2539457319588116","240","10"
"3.2084014703329213","241.5","10"
"3.25167545376081","243","10"
"3.400109695762195","244.5","10"
"3.1422479822811025","246","10"
"2.7403202240727866","247.5","10"
"2.4916279847056577","249","10"
"2.834644298940912","250.5","10"
"3.306789542650764","252","10"
"3.3104084608491435","253.5","10"
"3.079671335607684","255","10"
"3.1232096238010736","256.5","10"
"3.379125518118228","258","10"
"3.3902549928428627","259.5","10"
"3.182992681308005","261","10"
"3.280190447140652","262.5","10"
"3.269156346541304","264","10"
"2.8544232094525794","265.5","10"
"2.679541348493008","267","10"
"2.8407423210364504","268.5","10"
"3.3511313422656865","270","10"
"3.266985494310513","271.5","10"
"3.0306409315264604","273","10"
"3.1329137852089235","274.5","10"
"3.421087328123054","276","10"
"3.346092409313038","277.5","10"
"3.1567379923614287","279","10"
"3.2897951825812917","280.5","10"
"3.351496631399138","282","10"
"2.969209086036631","283.5","10"
"2.6753492505024643","285","10"
"2.7701305601476998","286.5","10"
"3.3137132054583436","288","10"
"3.411467320355163","289.5","10"
"3.121144742820601","291","10"
"3.045835650421405","292.5","10"
"3.314115272849258","294","10"
"3.382473586267999","295.5","10"
"3.1926285847634444","297","10"
"3.206784785405267","298.5","10"
"3.64135885735511","1.5","11"
"3.3983050677052993","3","11"
"3.2731511509981663","4.5","11"
"3.4941189736808447","6","11"
"3.5309072049090884","7.5","11"
"3.4780456284486996","9","11"
"3.351170302284186","10.5","11"
"3.1232108705216657","12","11"
"2.9570625989890855","13.5","11"
"2.860434584466975","15","11"
"2.9687156963623536","16.5","11"
"3.027075622313536","18","11"
"3.114671146146728","19.5","11"
"3.5317088462497335","21","11"
"3.505223202313492","22.5","11"
"3.1273303470377263","24","11"
"3.1169311388998455","25.5","11"
"2.7250987006851144","27","11"
"2.788778071722142","28.5","11"
"3.3597486749974754","30","11"
"3.674663127889056","31.5","11"
"3.59530125852547","33","11"
"3.3415552813986626","34.5","11"
"3.2048096683074174","36","11"
"3.2660738298776253","37.5","11"
"2.648858931364003","39","11"
"2.787687502884305","40.5","11"
"3.3833328884360236","42","11"
"3.593613198843925","43.5","11"
"3.5199971530086422","45","11"
"3.5649738450850323","46.5","11"
"3.506423794243572","48","11"
"3.203317967119109","49.5","11"
"2.5119630884414237","51","11"
"2.4629518526893017","52.5","11"
"3.2131555276303017","54","11"
"3.8815037361836753","55.5","11"
"3.778663312951712","57","11"
"3.4655893313340465","58.5","11"
"3.3299913245477217","60","11"
"3.3142187506583927","61.5","11"
"3.051684951758843","63","11"
"2.6160165708093865","64.5","11"
"2.9695089223390028","66","11"
"3.6258415495069896","67.5","11"
"3.608371877211823","69","11"
"3.4637289125306596","70.5","11"
"3.4135106954054235","72","11"
"3.346176251272849","73.5","11"
"2.7791842450866824","75","11"
"2.4101228468043785","76.5","11"
"2.9244982571264813","78","11"
"3.6834634168677183","79.5","11"
"3.8857937017406896","81","11"
"3.56227126652176","82.5","11"
"3.291708587009838","84","11"
"3.3818976013545026","85.5","11"
"3.0962368237935145","87","11"
"2.7566154855703044","88.5","11"
"3.003930877883662","90","11"
"3.553773618966802","91.5","11"
"3.7631986790486027","93","11"
"3.564994727654948","94.5","11"
"3.5290137480100134","96","11"
"3.2604445747246724","97.5","11"
"2.9866376165522617","99","11"
"2.644019162025924","100.5","11"
"2.906007520666481","102","11"
"3.4787469087816905","103.5","11"
"3.7645529292916446","105","11"
"3.5701851371595223","106.5","11"
"3.4484949219370673","108","11"
"3.299912320185236","109.5","11"
"3.062421709497003","111","11"
"2.7040222657173407","112.5","11"
"2.764213935898295","114","11"
"3.2491695453709233","115.5","11"
"3.6447237562328727","117","11"
"3.507393119503839","118.5","11"
"3.271679085659182","120","11"
"3.333168903656539","121.5","11"
"3.1783424134999074","123","11"
"2.825095354246764","124.5","11"
"2.6999065293630555","126","11"
"3.0170460668311785","127.5","11"
"3.4903688381401587","129","11"
"3.4652340159653314","130.5","11"
"3.1175448371112493","132","11"
"3.1356977122908223","133.5","11"
"3.284915829864417","135","11"
"3.085908990409525","136.5","11"
"2.803674824395603","138","11"
"2.9003704735098284","139.5","11"
"3.318694789263761","141","11"
"3.369577508464524","142.5","11"
"2.938878244114565","144","11"
"2.811638563857044","145.5","11"
"3.1750548112988475","147","11"
"3.359607483890433","148.5","11"
"3.1407656314972345","150","11"
"3.0511781598382015","151.5","11"
"3.3176631279738946","153","11"
"3.2900520070232404","154.5","11"
"2.748888934701488","156","11"
"2.4565170601938537","157.5","11"
"2.8806517172667245","159","11"
"3.520360883741353","160.5","11"
"3.7123698805134433","162","11"
"3.4099977484573625","163.5","11"
"3.145197723201735","165","11"
"3.3703405014668175","166.5","11"
"3.300247376344332","168","11"
"3.0306322044823166","169.5","11"
"3.265804849909905","171","11"
"3.4838731121757776","172.5","11"
"3.2411927153432663","174","11"
"2.6830963722610486","175.5","11"
"2.553096764293025","177","11"
"3.38136774510291","178.5","11"
"3.882886349320185","180","11"
"3.646035306295639","181.5","11"
"3.0443258717845136","183","11"
"3.173977333027226","184.5","11"
"3.2058157718251477","186","11"
"2.7858554469743853","187.5","11"
"2.9875436707424856","189","11"
"3.4433169796384124","190.5","11"
"3.529964684141549","192","11"
"3.4637326526924355","193.5","11"
"3.3595071228827784","195","11"
"3.3564875656089947","196.5","11"
"3.1770994330697","198","11"
"2.760456008353909","199.5","11"
"2.6997693900979374","201","11"
"3.328543570260281","202.5","11"
"3.586264404314479","204","11"
"3.0703146975648496","205.5","11"
"2.8761585362532163","207","11"
"3.1401871531425543","208.5","11"
"3.213562270223436","210","11"
"2.8040142440767704","211.5","11"
"2.808889233271573","213","11"
"3.297769207487617","214.5","11"
"3.487286944836776","216","11"
"3.17203120218314","217.5","11"
"3.183436202158603","219","11"
"3.2061237118113675","220.5","11"
"3.1905858330734795","222","11"
"2.71137355368797","223.5","11"
"2.7329477418520933","225","11"
"3.2174143251725167","226.5","11"
"3.5640300775969007","228","11"
"3.3843012786558466","229.5","11"
"3.262498546899965","231","11"
"3.350081915207385","232.5","11"
"2.98675761340924","234","11"
"2.499234538717496","235.5","11"
"2.4654418653916403","237","11"
"3.0284685208949296","238.5","11"
"3.62742457297866","240","11"
"3.560569181233555","241.5","11"
"3.1867175707567035","243","11"
"3.2373194661441222","244.5","11"
"3.3899118329999194","246","11"
"2.8743077795344174","247.5","11"
"2.5104684262917094","249","11"
"2.8471498415189487","250.5","11"
"3.504637866995556","252","11"
"3.727785892313465","253.5","11"
"3.3224277823963067","255","11"
"3.1596562535871136","256.5","11"
"3.261017442836689","258","11"
"3.049975074466938","259.5","11"
"2.6961726011900655","261","11"
"2.6754374559843472","262.5","11"
"3.123536576276321","264","11"
"3.5676296716261047","265.5","11"
"3.4153312191498673","267","11"
"3.116051889202349","268.5","11"
"3.226417829607672","270","11"
"3.2319922290545775","271.5","11"
"2.8953031776637124","273","11"
"2.6361193169948214","274.5","11"
"2.8473792381078735","276","11"
"3.3191532707614626","277.5","11"
"3.4575342695892424","279","11"
"3.0814884308705","280.5","11"
"2.9308381430168646","282","11"
"3.1954742245146464","283.5","11"
"3.231218015566956","285","11"
"2.9651394783442493","286.5","11"
"2.847579648443035","288","11"
"3.102473855235059","289.5","11"
"3.3759999895941255","291","11"
"3.2428090885907728","292.5","11"
"2.8564235726424165","294","11"
"2.834205141612386","295.5","11"
"3.1353053069844954","297","11"
"3.3354416752957246","298.5","11"
"3.581210822394875","1.5","12"
"3.2848952589746494","3","12"
"3.3335033364553386","4.5","12"
"3.4051726280862393","6","12"
"3.4318362413869865","7.5","12"
"3.401697706116234","9","12"
"3.2399023595305634","10.5","12"
"3.0299720659288614","12","12"
"3.041152656197768","13.5","12"
"3.074613390166008","15","12"
"3.0848140580496155","16.5","12"
"3.2274388937725065","18","12"
"3.2644085228468835","19.5","12"
"3.303909306403135","21","12"
"3.353428113276268","22.5","12"
"3.099189058155331","24","12"
"2.66924281304293","25.5","12"
"2.822854685662822","27","12"
"3.2602856178491946","28.5","12"
"3.458083138329863","30","12"
"3.3519018155915323","31.5","12"
"3.2864249851410126","33","12"
"3.2743414574833625","34.5","12"
"3.1516597877101327","36","12"
"3.081858395206171","37.5","12"
"3.0763257608990973","39","12"
"3.1593735596928814","40.5","12"
"3.062439475265439","42","12"
"3.000289207034479","43.5","12"
"3.144104660922714","45","12"
"3.2942942855176116","46.5","12"
"3.0989387789964904","48","12"
"2.7983846772436696","49.5","12"
"3.052287117804771","51","12"
"3.4758439198832574","52.5","12"
"3.5484875236567928","54","12"
"3.505373120464678","55.5","12"
"3.352607147766447","57","12"
"3.2352243521892943","58.5","12"
"2.9335765647971557","60","12"
"2.631909453235842","61.5","12"
"2.975925481545793","63","12"
"3.436127453664593","64.5","12"
"3.210066777363663","66","12"
"2.8370065227825725","67.5","12"
"3.0505996814835212","69","12"
"3.283192550326148","70.5","12"
"2.938935281581648","72","12"
"2.8182496114761837","73.5","12"
"3.1787974665159813","75","12"
"3.5113321332142102","76.5","12"
"3.4029952305723405","78","12"
"3.2568671099859765","79.5","12"
"3.321132751381384","81","12"
"3.1785350318313688","82.5","12"
"2.787157646632712","84","12"
"2.647071134035099","85.5","12"
"3.0402475370479882","87","12"
"3.57543414253192","88.5","12"
"3.6094194341892374","90","12"
"3.338176045234092","91.5","12"
"3.333164228454319","93","12"
"3.28287806505682","94.5","12"
"2.918410832155975","96","12"
"2.608054545588759","97.5","12"
"2.768857970103433","99","12"
"3.336613592652189","100.5","12"
"3.6728329420600243","102","12"
"3.42262609301371","103.5","12"
"3.33591355903979","105","12"
"3.348552812401317","106.5","12"
"3.1582465242777285","108","12"
"2.682905624010475","109.5","12"
"2.6659418085955062","111","12"
"3.1671580830692254","112.5","12"
"3.6564444881982556","114","12"
"3.5331154587576385","115.5","12"
"3.198196438927242","117","12"
"3.245776283599693","118.5","12"
"3.2159628307233","120","12"
"2.91219873512627","121.5","12"
"2.720957718238842","123","12"
"2.962018936702515","124.5","12"
"3.425075898976957","126","12"
"3.460391129825772","127.5","12"
"3.125645715837809","129","12"
"3.108853947864534","130.5","12"
"3.2845739167420653","132","12"
"3.1192995963444656","133.5","12"
"2.8179756446260953","135","12"
"2.8634020911560434","136.5","12"
"3.271521063824148","138","12"
"3.4039446083031355","139.5","12"
"3.0142425038999563","141","12"
"2.809268859691832","142.5","12"
"3.118817738835664","144","12"
"3.3564794619251472","145.5","12"
"3.1821153016913972","147","12"
"3.020683997518586","148.5","12"
"3.22389259704861","150","12"
"3.4590166203731103","151.5","12"
"3.103812833150849","153","12"
"2.592962057782357","154.5","12"
"2.666035624320053","156","12"
"3.1814130863179626","157.5","12"
"3.406092396202975","159","12"
"3.1183539587754465","160.5","12"
"2.8801916773682823","162","12"
"3.165551060226159","163.5","12"
"3.3178931479231157","165","12"
"2.9566144029362675","166.5","12"
"2.948944577854386","168","12"
"3.502352004790154","169.5","12"
"3.645165095322435","171","12"
"3.242082873845942","172.5","12"
"3.0234358215452413","174","12"
"3.0293032003312623","175.5","12"
"3.332793329078204","177","12"
"2.9650715320719865","178.5","12"
"2.692412803564792","180","12"
"2.9798591966936483","181.5","12"
"3.6024963947419537","183","12"
"3.3599575006966327","184.5","12"
"3.151930637758741","186","12"
"3.1512200070213106","187.5","12"
"3.1019334018584344","189","12"
"3.1271720135225443","190.5","12"
"3.164783080341497","192","12"
"3.4146227701734726","193.5","12"
"3.4839619410179568","195","12"
"2.7137376476105186","196.5","12"
"2.2678159248324437","198","12"
"2.686670720198265","199.5","12"
"3.3837109564555425","201","12"
"3.384567453502235","202.5","12"
"2.859827119858531","204","12"
"2.8726998216509068","205.5","12"
"3.2988435689577584","207","12"
"3.1932762561109795","208.5","12"
"2.5876957541617456","210","12"
"2.6858030026662445","211.5","12"
"3.195990366839727","213","12"
"3.4974053291613125","214.5","12"
"3.340272094229364","216","12"
"3.222479439257597","217.5","12"
"3.22895615273295","219","12"
"2.9724873378332513","220.5","12"
"2.5183925823743554","222","12"
"2.6507745175535855","223.5","12"
"3.267121075174891","225","12"
"3.7499775188507676","226.5","12"
"3.476609094646587","228","12"
"3.21940440291747","229.5","12"
"3.1088863625999252","231","12"
"3.256830643408661","232.5","12"
"2.9250686317973136","234","12"
"2.5336946750802847","235.5","12"
"3.0553783615125933","237","12"
"3.5804119861755614","238.5","12"
"3.279394104362523","240","12"
"3.0004687347997243","241.5","12"
"3.0971933701677137","243","12"
"3.2605979213574865","244.5","12"
"2.943647262059049","246","12"
"2.812234184619864","247.5","12"
"3.1196019260880217","249","12"
"3.3143895513794943","250.5","12"
"3.203939457334213","252","12"
"3.1283177497465773","253.5","12"
"3.2880048918112035","255","12"
"3.1903548780838147","256.5","12"
"2.77563576660175","258","12"
"2.786745605477061","259.5","12"
"3.1462100603224257","261","12"
"3.406007930882868","262.5","12"
"3.4312122577306985","264","12"
"3.4175366678770858","265.5","12"
"3.393821548776379","267","12"
"3.064609080775638","268.5","12"
"2.62831110592723","270","12"
"2.595163454667652","271.5","12"
"3.01095271993786","273","12"
"3.4938979924559157","274.5","12"
"3.562529961044597","276","12"
"3.3399167788606485","277.5","12"
"3.361135028295761","279","12"
"3.5324790078954313","280.5","12"
"3.0277423061500994","282","12"
"2.5035235692340665","283.5","12"
"2.754488580240381","285","12"
"3.418618821350927","286.5","12"
"3.7226640524414494","288","12"
"3.398465271301369","289.5","12"
"3.2917366382231577","291","12"
"3.342571670361277","292.5","12"
"3.141027442821551","294","12"
"2.6581635188221227","295.5","12"
"2.6629565361380023","297","12"
"3.189427317963379","298.5","12"
"3.575733043793848","1.5","13"
"3.4014228042257013","3","13"
"3.3293938337040134","4.5","13"
"3.004191130807239","6","13"
"2.9470514326354595","7.5","13"
"2.888360814047253","9","13"
"3.043760172315901","10.5","13"
"3.3130218988900886","12","13"
"3.3494118028891937","13.5","13"
"3.467494943758893","15","13"
"3.347736833773864","16.5","13"
"3.470951164920019","18","13"
"3.568951195453607","19.5","13"
"3.474356270536873","21","13"
"3.2764234808719745","22.5","13"
"3.442189009182816","24","13"
"3.4866461304524967","25.5","13"
"3.4470499727709587","27","13"
"3.3142075301730647","28.5","13"
"3.4452001510926036","30","13"
"3.068320567977972","31.5","13"
"2.8461752176961657","33","13"
"3.411092680817272","34.5","13"
"3.6003866318201703","36","13"
"3.2874952947692306","37.5","13"
"2.8866743127664476","39","13"
"3.305369839576643","40.5","13"
"3.3222217618184815","42","13"
"2.8142959487988564","43.5","13"
"2.9328606354972093","45","13"
"3.407426698916545","46.5","13"
"3.655616354045031","48","13"
"3.3789952358163657","49.5","13"
"2.9687761623110647","51","13"
"3.336916545756041","52.5","13"
"3.278767627265051","54","13"
"2.810372207415737","55.5","13"
"2.994427438491121","57","13"
"3.4350172489774318","58.5","13"
"3.6057250893950425","60","13"
"3.33861177408099","61.5","13"
"3.0202563723555356","63","13"
"3.3610804842698614","64.5","13"
"3.1711606795297875","66","13"
"2.765866152362821","67.5","13"
"3.001938930057821","69","13"
"3.442079609450869","70.5","13"
"3.5741394231971455","72","13"
"3.594700650880282","73.5","13"
"3.2922914288865903","75","13"
"3.382630984742737","76.5","13"
"3.145784305240263","78","13"
"2.477867929531938","79.5","13"
"2.8024923099141064","81","13"
"3.518740146971775","82.5","13"
"3.71275137701459","84","13"
"3.5912238588293888","85.5","13"
"3.140702672107339","87","13"
"3.2727880436257513","88.5","13"
"3.2011122067117426","90","13"
"2.528740830808039","91.5","13"
"2.7478971684705655","93","13"
"3.4460591415804798","94.5","13"
"3.69961811061849","96","13"
"3.585018307082792","97.5","13"
"3.1046200847341585","99","13"
"3.287605629541621","100.5","13"
"3.2064908710257067","102","13"
"2.6297124198726194","103.5","13"
"2.759930827304536","105","13"
"3.409225716730777","106.5","13"
"3.624969468452897","108","13"
"3.3901649172800923","109.5","13"
"3.2310238388347545","111","13"
"3.3662537513662962","112.5","13"
"3.172103511977475","114","13"
"2.6723836138942842","115.5","13"
"2.672236812544578","117","13"
"3.204837096160441","118.5","13"
"3.403242081249553","120","13"
"3.091263967032241","121.5","13"
"2.9841775251441307","123","13"
"3.316804137486018","124.5","13"
"3.245022017641543","126","13"
"2.6311698362446476","127.5","13"
"2.5419986134232633","129","13"
"2.945666949418062","130.5","13"
"3.3549534759205595","132","13"
"3.2054065357908295","133.5","13"
"2.946926760576261","135","13"
"3.1148603359965614","136.5","13"
"3.360358321366955","138","13"
"3.088004416044501","139.5","13"
"2.720210620924096","141","13"
"2.9766975132723785","142.5","13"
"3.3808241749248054","144","13"
"3.345651381903624","145.5","13"
"3.29738303578425","147","13"
"3.262626959120939","148.5","13"
"3.310610117904897","150","13"
"2.968308018728775","151.5","13"
"2.661311799997028","153","13"
"2.9801319168231446","154.5","13"
"3.3770544035347956","156","13"
"3.1744588788558796","157.5","13"
"2.916981155317118","159","13"
"3.0854112372131755","160.5","13"
"3.3186396218775656","162","13"
"3.0831612182247934","163.5","13"
"2.783799604718205","165","13"
"3.0384927778147715","166.5","13"
"3.449936754301696","168","13"
"3.420284128381669","169.5","13"
"3.2774894269781205","171","13"
"3.3710068736232324","172.5","13"
"3.125033887707293","174","13"
"2.6381443029163503","175.5","13"
"2.4760326009804645","177","13"
"2.926397012588072","178.5","13"
"3.5725479843614787","180","13"
"3.663967200250283","181.5","13"
"3.297023980253759","183","13"
"3.2878630773438653","184.5","13"
"3.391815575343878","186","13"
"3.0676950259209446","187.5","13"
"2.621836262532765","189","13"
"2.843256956470481","190.5","13"
"3.452235707073313","192","13"
"3.7754589293501666","193.5","13"
"3.537100601129913","195","13"
"3.3858534457928657","196.5","13"
"3.277817937854108","198","13"
"3.0831013756363785","199.5","13"
"2.714904578084615","201","13"
"2.7647827521683874","202.5","13"
"3.245154170024293","204","13"
"3.6666875445819906","205.5","13"
"3.5558525255539344","207","13"
"3.396520075497727","208.5","13"
"3.3507912992242233","210","13"
"3.2421371061916937","211.5","13"
"2.8092725998536077","213","13"
"2.6968015717287215","214.5","13"
"3.0672571153130104","216","13"
"3.5760824372397515","217.5","13"
"3.613469094352147","219","13"
"3.311658609922755","220.5","13"
"3.282520567927069","222","13"
"3.2767198886927185","223.5","13"
"3.0121838565224435","225","13"
"2.7696374821535703","226.5","13"
"2.890387981729818","228","13"
"3.329868834249559","229.5","13"
"3.515005595438489","231","13"
"3.2575559231130473","232.5","13"
"3.1454040554597085","234","13"
"3.2822724705292643","235.5","13"
"3.166588643438837","237","13"
"2.8621266959904443","238.5","13"
"2.831881254428929","240","13"
"3.2069035355416533","241.5","13"
"3.435591987170336","243","13"
"3.1032745615352604","244.5","13"
"2.824732870234645","246","13"
"3.0748078785783575","247.5","13"
"3.342061761639156","249","13"
"3.186744063569283","250.5","13"
"3.008956096909799","252","13"
"3.2227225497730334","253.5","13"
"3.3671376762660126","255","13"
"2.9292323668943903","256.5","13"
"2.511787456678028","258","13"
"2.7647185460579","259.5","13"
"3.4117942728304107","261","13"
"3.710515695313016","262.5","13"
"3.478033472922928","264","13"
"3.3784017968145816","265.5","13"
"3.3999918806662524","267","13"
"3.3926617869456868","268.5","13"
"3.0793503050552484","270","13"
"2.627348637630219","271.5","13"
"3.2094306381816033","273","13"
"3.4941716476258557","274.5","13"
"2.7336103738467328","276","13"
"2.665390446413702","277.5","13"
"3.2582587618467778","279","13"
"3.653824816554351","280.5","13"
"3.7411940606000975","282","13"
"3.3700948975101968","283.5","13"
"3.3932814070799022","285","13"
"3.1058256635466064","286.5","13"
"2.5708221701496217","288","13"
"2.7408454051221596","289.5","13"
"3.457585696813662","291","13"
"3.839847061043737","292.5","13"
"3.6571351714062144","294","13"
"3.381117777624217","295.5","13"
"3.1612953794854235","297","13"
"3.216340898742819","298.5","13"
"3.597408839686218","1.5","14"
"3.3293015763802067","3","14"
"3.208135918846829","4.5","14"
"3.1981976856478336","6","14"
"3.495800488079282","7.5","14"
"3.3904407542110686","9","14"
"3.081495911194052","10.5","14"
"3.1785577844821726","12","14"
"2.932085798649292","13.5","14"
"3.0557533127306327","15","14"
"3.472799116517486","16.5","14"
"3.6816216988732107","18","14"
"3.49505744260646","19.5","14"
"3.2366128872486155","21","14"
"3.429461550339406","22.5","14"
"3.1713455058575493","24","14"
"2.8802533900375855","25.5","14"
"3.2330354225099196","27","14"
"3.5520325736600973","28.5","14"
"3.294922009335675","30","14"
"2.9649929886746915","31.5","14"
"3.3642914131545143","33","14"
"3.3323454447055343","34.5","14"
"2.8479870143964656","36","14"
"2.9476283525894","37.5","14"
"3.4067924298153733","39","14"
"3.643966373473243","40.5","14"
"3.393448779319376","42","14"
"3.0381873312697354","43.5","14"
"3.388975234155192","45","14"
"3.3017792842717313","46.5","14"
"2.8418035919403764","48","14"
"3.0293627312395297","49.5","14"
"3.4201519759989187","51","14"
"3.555722866612368","52.5","14"
"3.6444984114858716","54","14"
"3.3533377260333492","55.5","14"
"3.388520492819266","57","14"
"3.1238080496852256","58.5","14"
"2.4853697590140493","60","14"
"2.856373703818737","61.5","14"
"3.562191164723725","63","14"
"3.7171214443696394","64.5","14"
"3.325384068600047","66","14"
"2.892925058134504","67.5","14"
"3.2169692459211783","69","14"
"3.0484403614182063","70.5","14"
"2.7101598711916743","72","14"
"2.9903344547876403","73.5","14"
"3.4604338300060475","75","14"
"3.6000138623631672","76.5","14"
"3.4038919343581244","78","14"
"3.2165235433095445","79.5","14"
"3.390173332644088","81","14"
"3.0362449405874257","82.5","14"
"2.535161909376975","84","14"
"2.7563140908671926","85.5","14"
"3.4031544991279663","87","14"
"3.4795485501223355","88.5","14"
"3.169880609161969","90","14"
"3.0069579154809976","91.5","14"
"3.2649343272565523","93","14"
"3.1961879720535564","94.5","14"
"2.789698151519026","96","14"
"2.8704943729236883","97.5","14"
"3.313372227376436","99","14"
"3.384189073802568","100.5","14"
"3.1817715184881576","102","14"
"3.1662193024634617","103.5","14"
"3.2630555193244337","105","14"
"3.0480451509905477","106.5","14"
"2.72646323637304","108","14"
"2.8567427331139643","109.5","14"
"3.10686387011958","111","14"
"3.2077774866766333","112.5","14"
"3.0471649662526072","114","14"
"3.155897079322136","115.5","14"
"3.420042264586824","117","14"
"3.1415192740950886","118.5","14"
"2.6616920497775833","120","14"
"2.80703442471085","121.5","14"
"3.1985863507923846","123","14"
"3.362524810075674","124.5","14"
"3.236810492462445","126","14"
"3.0797586060491233","127.5","14"
"3.224842598139701","129","14"
"3.12766883167845","130.5","14"
"2.6676432705234157","132","14"
"2.8409576920187156","133.5","14"
"3.427988861640126","135","14"
"3.6411537718177285","136.5","14"
"3.398901623508563","138","14"
"3.3201998926984326","139.5","14"
"3.2433355163607374","141","14"
"2.8203612444788555","142.5","14"
"2.4772205698645506","144","14"
"2.6183653924046832","145.5","14"
"3.151613659048229","147","14"
"3.5952750773930386","148.5","14"
"3.407588772593503","150","14"
"3.16576549616798","151.5","14"
"3.365838905089314","153","14"
"3.489386422313676","154.5","14"
"2.8491084395689548","156","14"
"2.366158024328457","157.5","14"
"2.8094468290563372","159","14"
"3.554987924823394","160.5","14"
"3.735907030249644","162","14"
"3.3024222804170464","163.5","14"
"3.087526922057771","165","14"
"3.2234705821282232","166.5","14"
"3.1661918746104383","168","14"
"2.6507034544798422","169.5","14"
"2.750094513513936","171","14"
"3.347809766928495","172.5","14"
"3.6175346502026047","174","14"
"3.3341173463468903","175.5","14"
"3.183004525153629","177","14"
"3.2551986861537547","178.5","14"
"2.9592050883264087","180","14"
"2.5880976657125863","181.5","14"
"2.655518289406082","183","14"
"3.2318170648114037","184.5","14"
"3.6435346964682687","186","14"
"3.3306841895167163","187.5","14"
"3.0240021443741494","189","14"
"3.2124414684112432","190.5","14"
"3.229318948425217","192","14"
"2.862678993212693","193.5","14"
"2.640952852729941","195","14"
"2.955085611810348","196.5","14"
"3.453893845460651","198","14"
"3.389117360302678","199.5","14"
"2.9898338964699587","201","14"
"3.042113254413891","202.5","14"
"3.2734971159624418","204","14"
"3.090678631714305","205.5","14"
"2.780592415995328","207","14"
"2.8809627740544244","208.5","14"
"3.3161574011789265","210","14"
"3.3427898464648744","211.5","14"
"2.887373411338402","213","14"
"2.776191492305627","214.5","14"
"3.1750644733834354","216","14"
"3.36759522272327","217.5","14"
"3.107113837598273","219","14"
"2.9664750277784115","220.5","14"
"3.2366948591275384","222","14"
"3.301807335485051","223.5","14"
"2.84988358809702","225","14"
"2.5380418339444564","226.5","14"
"2.858779874561265","228","14"
"3.3851942422798547","229.5","14"
"3.55704439043987","231","14"
"3.282451686614362","232.5","14"
"3.004298972138445","234","14"
"3.1577799390961787","235.5","14"
"3.269720175929028","237","14"
"3.0165847802121446","238.5","14"
"3.022831162058129","240","14"
"3.281620123979509","241.5","14"
"3.464857506346552","243","14"
"2.9257593150052723","244.5","14"
"2.849964313255351","246","14"
"3.16814486241778","247.5","14"
"3.4506729428112624","249","14"
"3.4351699722499496","250.5","14"
"3.2807817043814005","252","14"
"3.3511671854827063","253.5","14"
"3.1399446659874135","255","14"
"2.686426986322532","256.5","14"
"2.739866417777305","258","14"
"3.2420660431179504","259.5","14"
"3.538159690272803","261","14"
"3.228380167819454","262.5","14"
"2.6485198233629834","264","14"
"2.6650613121774183","265.5","14"
"3.1567629267732684","267","14"
"3.185110236233489","268.5","14"
"3.036344678234784","270","14"
"3.015178791064536","271.5","14"
"3.0595012665102823","273","14"
"3.057709417339454","274.5","14"
"2.850575206345423","276","14"
"3.1294856152611175","277.5","14"
"3.630714980301052","279","14"
"3.325776473906374","280.5","14"
"2.514084851048905","282","14"
"2.2610953216412835","283.5","14"
"2.8309761352791494","285","14"
"3.49309790951601","286.5","14"
"3.346914621543451","288","14"
"2.9986023940735254","289.5","14"
"3.2852571196264724","291","14"
"3.21642006550041","292.5","14"
"3.0151878297888275","294","14"
"2.8495585057026607","295.5","14"
"3.0602371433397004","297","14"
"3.2664207298823444","298.5","14"
"3.738521091650885","1.5","15"
"3.4616771221164027","3","15"
"3.210427702975042","4.5","15"
"3.303639703075118","6","15"
"3.376056715381061","7.5","15"
"3.324677489704541","9","15"
"3.2338501544167806","10.5","15"
"3.198029378367916","12","15"
"3.224918336415664","13.5","15"
"3.2550646636901166","15","15"
"3.263087622379677","16.5","15"
"3.2654981566442767","18","15"
"3.2560293137481637","19.5","15"
"3.259220295103345","21","15"
"3.290742378551051","22.5","15"
"3.313812319745406","24","15"
"3.2585785456786214","25.5","15"
"3.1628503517437747","27","15"
"3.158597476124372","28.5","15"
"3.2585838442411372","30","15"
"3.3369433502487684","31.5","15"
"3.3285747382750803","33","15"
"3.3180605201625895","34.5","15"
"3.3279276902878414","36","15"
"3.2495395097065947","37.5","15"
"3.108206588197146","39","15"
"3.086847771015288","40.5","15"
"3.2404677473190278","42","15"
"3.386884795402584","43.5","15"
"3.3848442254736555","45","15"
"3.3591424571096233","46.5","15"
"3.3816943858980095","48","15"
"3.2733372240465197","49.5","15"
"3.0378189253348045","51","15"
"2.959795410526713","52.5","15"
"3.1724429316586424","54","15"
"3.441588401537628","55.5","15"
"3.471203314159747","57","15"
"3.386504857302177","58.5","15"
"3.400129019931371","60","15"
"3.307852060275282","61.5","15"
"3.019411095794171","63","15"
"2.8554078070400983","64.5","15"
"3.0515646432217167","66","15"
"3.424451915320669","67.5","15"
"3.535180028057963","69","15"
"3.388396132440216","70.5","15"
"3.362739869377791","72","15"
"3.3466649657449064","73.5","15"
"3.079486197599775","75","15"
"2.819361374564085","76.5","15"
"2.9075599994836483","78","15"
"3.3064647719365525","79.5","15"
"3.5332884412397765","81","15"
"3.360714571776114","82.5","15"
"3.239803245243501","84","15"
"3.3213107207458896","85.5","15"
"3.1957534899272506","87","15"
"2.8958149564667215","88.5","15"
"2.827411761106669","90","15"
"3.144706826968642","91.5","15"
"3.4509469096613503","93","15"
"3.3019856165297043","94.5","15"
"3.0360167907190925","96","15"
"3.1375010936271264","97.5","15"
"3.2955067212933153","99","15"
"3.1361396747406802","100.5","15"
"2.934586408476662","102","15"
"3.0574656834637217","103.5","15"
"3.343319391036319","105","15"
"3.2781068653513","106.5","15"
"2.869153836607158","108","15"
"2.7871358290223522","109.5","15"
"3.1084135438154155","111","15"
"3.455887975047528","112.5","15"
"3.273468753068974","114","15"
"2.8196889503996285","115.5","15"
"2.9365964337510873","117","15"
"3.341843585535559","118.5","15"
"3.444933352885919","120","15"
"3.222170564230933","121.5","15"
"3.294558590283112","123","15"
"3.502915834177879","124.5","15"
"3.4547014087241084","126","15"
"3.07864715464137","127.5","15"
"2.896733166182717","129","15"
"3.177577550416726","130.5","15"
"3.419801647512571","132","15"
"3.112192353929717","133.5","15"
"3.043903856864127","135","15"
"3.4631376552899114","136.5","15"
"3.5106526704915795","138","15"
"3.1610288929588872","139.5","15"
"3.08284610959517","141","15"
"3.4575342695892424","142.5","15"
"3.5509859517231273","144","15"
"3.125492680885143","145.5","15"
"3.024854901259066","147","15"
"3.323296746648919","148.5","15"
"3.7141367952724313","150","15"
"3.313452640854619","151.5","15"
"2.7032851421673305","153","15"
"2.5546833720863975","154.5","15"
"3.303562718078563","156","15"
"3.8087878226158045","157.5","15"
"3.544908188837209","159","15"
"3.0575585641478242","160.5","15"
"3.1418113183937604","162","15"
"3.1072977288855905","163.5","15"
"2.9948684659005353","165","15"
"2.956193946416621","166.5","15"
"3.402218211963387","168","15"
"3.4740502006315412","169.5","15"
"3.1859573828757415","171","15"
"3.200573311735858","172.5","15"
"3.4725123707813297","174","15"
"3.4062538465196366","175.5","15"
"2.9187976272196376","177","15"
"2.8428093837779587","178.5","15"
"3.183000784991853","180","15"
"3.3547970124862654","181.5","15"
"3.3423965061181033","183","15"
"3.313137532224995","184.5","15"
"3.556113401837807","186","15"
"3.2724028069628286","187.5","15"
"2.761535045026271","189","15"
"2.633932569076483","190.5","15"
"3.161211849205761","192","15"
"3.4460787774298036","193.5","15"
"3.127649507509274","195","15"
"2.97225887628477","196.5","15"
"3.200054052609297","198","15"
"3.3378447292367723","199.5","15"
"3.0129459144842934","201","15"
"2.7331989560513783","202.5","15"
"3.0553596607037137","204","15"
"3.3776634265439793","205.5","15"
"3.2076225816430797","207","15"
"3.1736859120888496","208.5","15"
"3.2234175965030643","210","15"
"3.3318941318512363","211.5","15"
"2.9724938831163588","213","15"
"2.671124114416233","214.5","15"
"3.0262412545573514","216","15"
"3.4614645562554696","217.5","15"
"3.39196611685536","219","15"
"3.2841197987664357","220.5","15"
"3.3236411532124546","222","15"
"3.145136010532432","223.5","15"
"2.5840316423419067","225","15"
"2.4935795699523338","226.5","15"
"3.0139152397445605","228","15"
"3.643130447316318","229.5","15"
"3.593366348166712","231","15"
"3.185645702727746","232.5","15"
"3.1154247887445816","234","15"
"3.2703865480854435","235.5","15"
"2.9016464920357232","237","15"
"2.6174982982329587","238.5","15"
"2.81270139316171","240","15"
"3.3828806405412815","241.5","15"
"3.6340658535721553","243","15"
"3.285944374352803","244.5","15"
"3.1568950791560186","246","15"
"3.3102205177199022","247.5","15"
"3.107412738860201","249","15"
"2.694722041781293","250.5","15"
"2.6180499720949113","252","15"
"3.0566191601817647","253.5","15"
"3.55419999740926","255","15"
"3.435059014117263","256.5","15"
"3.086625854749915","258","15"
"3.1812030138982132","259.5","15"
"3.2474939528952977","261","15"
"2.9348725308525228","262.5","15"
"2.6445695891672845","264","15"
"2.815897673079407","265.5","15"
"3.287960009869892","267","15"
"3.4580625674400953","268.5","15"
"3.088903924951617","270","15"
"2.9180876198425034","271.5","15"
"3.1894195259596794","273","15"
"3.243892800465354","274.5","15"
"2.9626217261087393","276","15"
"2.814914633892628","277.5","15"
"3.0669709929371503","279","15"
"3.3742178025078857","280.5","15"
"3.2600602731021935","282","15"
"2.9091043746169674","283.5","15"
"2.8740550069343924","285","15"
"3.194642661879793","286.5","15"
"3.400880169088041","288","15"
"3.20040812125742","289.5","15"
"2.7507515352659113","291","15"
"2.7318736920621","292.5","15"
"3.2056312571775343","294","15"
"3.706749352404634","295.5","15"
"3.584996489472432","297","15"
"3.0635699391622198","298.5","15"
"3.611137726845138","1.5","16"
"3.3515003715609137","3","16"
"3.353395698540876","4.5","16"
"3.573275445826901","6","16"
"3.5910365390604433","7.5","16"
"3.309724946284589","9","16"
"2.9674992087447256","10.5","16"
"3.0803377077640994","12","16"
"2.9228575728274313","13.5","16"
"3.101591177055935","15","16"
"3.507336705397052","16.5","16"
"3.607954537493657","18","16"
"3.368424915277235","19.5","16"
"3.2034454442996396","21","16"
"3.5033207066901255","22.5","16"
"3.236793038374157","24","16"
"2.9243112490376837","25.5","16"
"3.3145067431151407","27","16"
"3.5221985498939365","28.5","16"
"3.3379388566414674","30","16"
"3.016433303660219","31.5","16"
"3.3958019644367448","33","16"
"3.3706609086589574","34.5","16"
"2.8843451270204747","36","16"
"2.9941388226740773","37.5","16"
"3.390036816739266","39","16"
"3.5945734853799","40.5","16"
"3.710725144372469","42","16"
"3.37672869778014","43.5","16"
"3.3807967470717815","45","16"
"3.1422620078877626","46.5","16"
"2.5662136674813554","48","16"
"2.9232895615125534","49.5","16"
"3.5601811394493","51","16"
"3.688013947028457","52.5","16"
"3.6248591336805065","54","16"
"3.2189262855704444","55.5","16"
"3.308055587411923","57","16"
"3.1638280923680377","58.5","16"
"2.5304932524401456","60","16"
"2.832423266206294","61.5","16"
"3.5131885001756733","63","16"
"3.686853250157321","64.5","16"
"3.586740028220321","66","16"
"3.1538465356284715","67.5","16"
"3.2863626491114135","69","16"
"3.207502896466249","70.5","16"
"2.52580994653636","72","16"
"2.7406256706178227","73.5","16"
"3.440448587236407","75","16"
"3.699308300551382","76.5","16"
"3.588657484490791","78","16"
"3.1113162210337006","79.5","16"
"3.306936655680618","81","16"
"3.181462020101198","82.5","16"
"2.6435404213186025","84","16"
"2.7939940389988522","85.5","16"
"3.424037380723835","87","16"
"3.734519118550619","88.5","16"
"3.6590675883237886","90","16"
"3.2786965641913084","91.5","16"
"3.4020720339739765","93","16"
"3.195213348230774","94.5","16"
"2.5998794869869766","96","16"
"2.7124111369006485","97.5","16"
"3.3549276064682756","99","16"
"3.5971968971855808","100.5","16"
"3.4158470497948","102","16"
"3.106053813414939","103.5","16"
"3.3744032521959433","105","16"
"3.1771430682904196","106.5","16"
"2.6672016197537056","108","16"
"2.70898951223595","109.5","16"
"3.2299940476257762","111","16"
"3.385228215415986","112.5","16"
"3.108320974811461","114","16"
"3.0429921924312393","115.5","16"
"3.3084713687293497","117","16"
"3.244650494905132","118.5","16"
"2.742232693460889","120","16"
"2.7339251707962084","121.5","16"
"3.1146945221578273","123","16"
"3.3246263741602693","124.5","16"
"3.1440694410659904","126","16"
"3.0471609144106835","127.5","16"
"3.238743844420463","129","16"
"3.2686891379994583","130.5","16"
"2.8824398262757764","132","16"
"2.9898058452566394","133.5","16"
"3.3839534436106833","135","16"
"3.561778811887927","136.5","16"
"3.4819590843869355","138","16"
"3.409237248896253","139.5","16"
"3.3135448981784257","141","16"
"2.9758756127221138","142.5","16"
"2.6524105266504154","144","16"
"2.7559646974212892","145.5","16"
"3.1947255687991603","147","16"
"3.5551755562724874","148.5","16"
"3.555194880441663","150","16"
"3.453066334667722","151.5","16"
"3.5114072481298773","153","16"
"3.4268661897470447","154.5","16"
"2.848261292926702","156","16"
"2.5188985950946265","157.5","16"
"2.913970636767626","159","16"
"3.4729004125655845","160.5","16"
"3.595551226004163","162","16"
"3.067145845500176","163.5","16"
"2.864163214077449","165","16"
"3.169023800435128","166.5","16"
"3.170750820135173","168","16"
"2.7385031288099713","169.5","16"
"2.8993232282125625","171","16"
"3.4201600796827667","172.5","16"
"3.460913505753813","174","16"
"3.0738772016564417","175.5","16"
"3.07178582786339","177","16"
"3.256607792102844","178.5","16"
"3.0183164751144096","180","16"
"2.66165527152012","181.5","16"
"2.7653406596332997","183","16"
"3.2944996827351405","184.5","16"
"3.4683776219380174","186","16"
"3.04326584760118","187.5","16"
"2.870422686489649","189","16"
"3.1947894632294993","190.5","16"
"3.270794225719022","192","16"
"2.9222628871050556","193.5","16"
"2.766283803761135","195","16"
"3.11751055229497","196.5","16"
"3.394038789839532","198","16"
"3.0623755808351","199.5","16"
"2.717505237239492","201","16"
"2.968452014957149","202.5","16"
"3.363367904876003","204","16"
"3.266817498710743","205.5","16"
"2.97375805779663","207","16"
"3.0872891101048503","208.5","16"
"3.3342311096009087","210","16"
"3.071226985358033","211.5","16"
"2.609578193992237","213","16"
"2.67254132404917","214.5","16"
"3.2033852900310764","216","16"
"3.604955239429493","217.5","16"
"3.408917153384261","219","16"
"3.039693993105147","220.5","16"
"2.9660745187882367","222","16"
"3.30158822434101","223.5","16"
"3.202791227668996","225","16"
"3.1389130046975473","226.5","16"
"3.237177028316488","228","16"
"3.4394988978254637","229.5","16"
"3.382755345121787","231","16"
"3.2552214388045586","232.5","16"
"3.343620162379135","234","16"
"3.613852460934182","235.5","16"
"3.0958294578400842","237","16"
"2.756058513145836","238.5","16"
"3.204661931917267","240","16"
"3.750210343921321","241.5","16"
"3.41186284246297","243","16"
"2.934169068758496","244.5","16"
"2.8857239999952085","246","16"
"3.4042126532304122","247.5","16"
"3.3767604891552354","249","16"
"2.6263381705904165","250.5","16"
"2.6607189843555403","252","16"
"3.0357936277331277","253.5","16"
"3.4076959905644135","255","16"
"3.044965127768053","256.5","16"
"2.946956058510173","258","16"
"3.3623365552662845","259.5","16"
"3.427207167828952","261","16"
"3.1238653988324567","262.5","16"
"3.0005301357888796","264","16"
"3.043779184804929","265.5","16"
"3.119504681881847","267","16"
"3.043229692704012","268.5","16"
"3.260639063137022","270","16"
"3.6107755545131672","271.5","16"
"3.5371386261079687","273","16"
"2.999542109719733","274.5","16"
"2.6159654552651155","276","16"
"2.866624552206172","277.5","16"
"3.55151269117324","279","16"
"3.4818147764784135","280.5","16"
"3.274775316249373","282","16"
"3.2416714560505877","283.5","16"
"3.251514626804444","285","16"
"3.031358730907295","286.5","16"
"2.7796436616248283","288","16"
"2.9834282460683488","289.5","16"
"3.3097342966890286","291","16"
"3.0875836478447063","292.5","16"
"2.9729723121435327","294","16"
"3.295645107279025","295.5","16"
"3.425351424227785","297","16"
"2.9547287380408926","298.5","16"
"3.5918378687209405","1.5","17"
"3.2435733283136585","3","17"
"2.972325887516589","4.5","17"
"2.9823205348223714","6","17"
"3.0703380735759493","7.5","17"
"3.1296585977432554","9","17"
"3.0699431748284387","10.5","17"
"3.002627743184892","12","17"
"2.961365343432168","13.5","17"
"2.982375078848271","15","17"
"3.1733327784811705","16.5","17"
"3.3548693222806008","18","17"
"3.1788881654390484","19.5","17"
"3.2073311607047037","21","17"
"3.259365849732459","22.5","17"
"3.334297497472432","24","17"
"3.3347843418636014","25.5","17"
"3.1949281608953575","27","17"
"3.4198546331377306","28.5","17"
"3.41378809073714","30","17"
"3.1411614652851894","31.5","17"
"3.2215057504752576","33","17"
"3.515364027608684","34.5","17"
"3.4495194145835297","36","17"
"3.2320006444185734","37.5","17"
"3.3087861656788253","39","17"
"3.250161311601846","40.5","17"
"2.99004209880882","42","17"
"3.083425211310146","43.5","17"
"3.399215797097743","45","17"
"3.2082412667368514","46.5","17"
"2.8255014734796027","48","17"
"2.8586954092411583","49.5","17"
"3.5006044142003416","51","17"
"3.628272031301061","52.5","17"
"3.140858512181337","54","17"
"2.9295088271856624","55.5","17"
"3.2943559981869144","57","17"
"3.424764842189257","58.5","17"
"3.1762223651332397","60","17"
"3.1220838351065128","61.5","17"
"3.4227772578854876","63","17"
"3.3789369516286905","64.5","17"
"3.058620770092194","66","17"
"3.0660284721696107","67.5","17"
"3.329290044214731","69","17"
"3.1071387720101127","70.5","17"
"2.9673792118877476","72","17"
"3.1603456900744806","73.5","17"
"3.450664215767118","75","17"
"3.2186937721800395","76.5","17"
"2.9769883108504587","78","17"
"3.200134777767628","79.5","17"
"3.357749870208378","81","17"
"3.1350319634947033","82.5","17"
"2.993572188165021","84","17"
"3.312119584861641","85.5","17"
"3.396305327875758","87","17"
"3.09342889734022","88.5","17"
"2.985251574934124","90","17"
"3.239613432033371","91.5","17"
"3.2063574719223644","93","17"
"2.8953739290573073","94.5","17"
"2.815215716915592","96","17"
"3.2802456145268475","97.5","17"
"3.3896696575249265","99","17"
"3.3121323637477085","100.5","17"
"3.1615889821848357","102","17"
"3.290910062470673","103.5","17"
"3.3988692087731716","105","17"
"3.287441374103627","106.5","17"
"3.266757967802476","108","17"
"3.3746603883180395","109.5","17"
"3.2763334053092037","111","17"
"3.1362677752815067","112.5","17"
"3.1874796287185534","114","17"
"3.1623613255915695","115.5","17"
"2.924850144013569","117","17"
"2.7548304933627326","118.5","17"
"2.9590102882339115","120","17"
"3.4625211519571755","121.5","17"
"3.308379423085691","123","17"
"3.085759072258339","124.5","17"
"3.1375288331602977","126","17"
"3.3234245355095973","127.5","17"
"3.0812300480278116","129","17"
"2.719453861524762","130.5","17"
"2.669334135326293","132","17"
"3.178669677655303","133.5","17"
"3.3924436108420895","135","17"
"3.140894355398357","136.5","17"
"3.00872109007821","138","17"
"3.321221580223563","139.5","17"
"3.447371938363838","141","17"
"3.2224108696250378","142.5","17"
"3.1537159416464613","144","17"
"3.259895394303904","145.5","17"
"3.106356454838643","147","17"
"3.056545915346986","148.5","17"
"3.2590364038160273","150","17"
"3.417008058346085","151.5","17"
"3.174195820810971","153","17"
"2.8365514697664986","154.5","17"
"2.9784831288402467","156","17"
"3.3927767969202973","157.5","17"
"3.38701601274489","159","17"
"3.33964748721278","160.5","17"
"3.1430814149968436","162","17"
"3.4451169324930886","163.5","17"
"3.290416361116247","165","17"
"2.696727703533646","166.5","17"
"2.940519551773911","168","17"
"3.469279312606169","169.5","17"
"3.653883412422174","171","17"
"3.360078744274203","172.5","17"
"3.0088139707623127","174","17"
"3.2617349305373753","175.5","17"
"2.95016324723305","177","17"
"2.718257321436606","178.5","17"
"3.126368813781159","180","17"
"3.5338285829362532","181.5","17"
"3.491642051544722","183","17"
"3.1703004423213192","184.5","17"
"3.0689676159652115","186","17"
"3.1430733113129956","187.5","17"
"2.935204470210138","189","17"
"2.6795332448091607","190.5","17"
"3.1327286472010143","192","17"
"3.542717077396798","193.5","17"
"3.427524146539464","195","17"
"3.2947499618939813","196.5","17"
"3.2680573623394706","198","17"
"3.442169996693788","199.5","17"
"3.1674323615994617","201","17"
"2.772372475452234","202.5","17"
"2.930456646515718","204","17"
"3.29142838655679","205.5","17"
"3.262635374484935","207","17"
"3.139927211899126","208.5","17"
"3.2276539530746233","210","17"
"3.3536222900084693","211.5","17"
"3.0473142610434976","213","17"
"2.6060055602958347","214.5","17"
"2.7548301816825846","216","17"
"3.0846569712550256","217.5","17"
"3.305678402923159","219","17"
"3.1808190239558822","220.5","17"
"3.1831017693598036","222","17"
"3.298649703905705","223.5","17"
"2.973915767951516","225","17"
"2.61593522229076","226.5","17"
"2.8924999264126376","228","17"
"3.3345075698921813","229.5","17"
"3.3091798177057443","231","17"
"3.046737964449853","232.5","17"
"3.1393621357908095","234","17"
"3.39271103240907","235.5","17"
"3.0710222115008","237","17"
"2.6707052162973266","238.5","17"
"2.8223644127900247","240","17"
"3.2312466901405714","241.5","17"
"3.2887862739422293","243","17"
"3.014016224112511","244.5","17"
"3.0553814783140734","246","17"
"3.236052486342519","247.5","17"
"2.9867202117914804","249","17"
"2.8406123504147365","250.5","17"
"3.0576707690011027","252","17"
"3.4488408869013427","253.5","17"
"3.523309689621542","255","17"
"3.403089357977035","256.5","17"
"3.403251431653993","258","17"
"3.193480094927769","259.5","17"
"2.76472010445864","261","17"
"2.5532091249863775","262.5","17"
"2.887839061479508","264","17"
"3.435223581235405","265.5","17"
"3.6576612874960315","267","17"
"3.3857452927815115","268.5","17"
"3.3790955968240204","270","17"
"3.4689498666897376","271.5","17"
"3.1767911814033325","273","17"
"2.5789175944735914","274.5","17"
"2.5786744839581544","276","17"
"3.2127076432576316","277.5","17"
"3.741977001131863","279","17"
"3.604811866561415","280.5","17"
"3.3424064798828392","282","17"
"3.374863915454681","283.5","17"
"3.3199368346535243","285","17"
"2.9194010399861576","286.5","17"
"2.6014109273941544","288","17"
"2.92504743754725","289.5","17"
"3.3995477364553586","291","17"
"3.481688546018475","292.5","17"
"3.1386153501562113","294","17"
"3.2504440054960786","295.5","17"
"3.3198894592710286","297","17"
"2.863406454678115","298.5","17"
"3.54379611406916","1.5","18"
"3.2646214003879646","3","18"
"3.3905055836818514","4.5","18"
"3.488800151955296","6","18"
"3.4797364932515773","7.5","18"
"3.3146161428470875","9","18"
"3.2015585326836726","10.5","18"
"3.117419853371903","12","18"
"2.9593045142936196","13.5","18"
"2.9734965581524615","15","18"
"2.9894720358181357","16.5","18"
"3.127425721163013","18","18"
"3.5461910643263597","19.5","18"
"3.7738946066873758","21","18"
"3.5588321877687745","22.5","18"
"3.125714597150516","24","18"
"2.7446934082293164","25.5","18"
"2.7489656080178952","27","18"
"3.291831077308","28.5","18"
"3.7319405886862493","30","18"
"3.7497855238796025","31.5","18"
"3.43022298494096","33","18"
"3.152780901202474","34.5","18"
"3.200869096196306","36","18"
"2.7674457473528635","37.5","18"
"2.993242742248589","39","18"
"3.482005524728987","40.5","18"
"3.5814093626491483","42","18"
"3.5798101318097815","43.5","18"
"3.2812370690776222","45","18"
"3.4345808967702376","46.5","18"
"3.2418989825586246","48","18"
"2.7227240096375342","49.5","18"
"2.9174910640392393","51","18"
"3.435021612499504","52.5","18"
"3.651783934945274","54","18"
"3.6030259393133988","55.5","18"
"3.617062143098243","57","18"
"3.373645246076017","58.5","18"
"2.950168234115418","60","18"
"2.4463614300916317","61.5","18"
"2.6971356928473726","63","18"
"3.511728902042609","64.5","18"
"3.9115992595940043","66","18"
"3.662773153603311","67.5","18"
"3.328913534595952","69","18"
"3.419968708071897","70.5","18"
"3.1879010202786437","72","18"
"2.711452720445561","73.5","18"
"2.783490418011393","75","18"
"3.422320023108378","76.5","18"
"3.797544272957003","78","18"
"3.6000004601168034","79.5","18"
"3.382462054102523","81","18"
"3.1705067745792923","82.5","18"
"3.1154986569396566","84","18"
"2.760080122095426","85.5","18"
"2.790568050812082","87","18"
"3.3469669838083145","88.5","18"
"3.5858891414162923","90","18"
"3.179883360151599","91.5","18"
"2.989664342469449","93","18"
"3.0847716695494882","94.5","18"
"3.0310267915496794","96","18"
"2.849990182707635","97.5","18"
"3.0381324755636885","99","18"
"3.4209847853543636","100.5","18"
"3.540359840437506","102","18"
"3.371571014691105","103.5","18"
"3.310899357082237","105","18"
"3.3210866227194806","106.5","18"
"3.0762927228034096","108","18"
"2.776906174884981","109.5","18"
"2.8407747357718423","111","18"
"3.271161384933361","112.5","18"
"3.5812332633655304","114","18"
"3.4366788158463977","115.5","18"
"3.2634360807851364","117","18"
"3.311566975959244","118.5","18"
"3.189068885793184","120","18"
"2.8812570001141324","121.5","18"
"2.776899317921725","123","18"
"3.086257137134836","124.5","18"
"3.4721816781443064","126","18"
"3.410815908845852","127.5","18"
"3.143933548521464","129","18"
"3.192076287541196","130.5","18"
"3.278872351794778","132","18"
"3.0493168059943705","133.5","18"
"2.815835337049808","135","18"
"2.9665719603044383","136.5","18"
"3.350265183134406","138","18"
"3.347434815710456","139.5","18"
"2.9670937128721833","141","18"
"2.9060586362107523","142.5","18"
"3.225279573707191","144","18"
"3.3164151606613195","145.5","18"
"3.088682943726688","147","18"
"3.0349988433557384","148.5","18"
"3.2973715036187743","150","18"
"3.301280907715086","151.5","18"
"2.829652118010463","153","18"
"2.5469907943537127","154.5","18"
"2.892129650396819","156","18"
"3.3291236070157013","157.5","18"
"3.408784065961067","159","18"
"3.0147496075007454","160.5","18"
"2.939949177103079","162","18"
"3.2522888402920658","163.5","18"
"3.277063671895958","165","18"
"3.0555189292593394","166.5","18"
"3.232830648652686","168","18"
"3.530458697176122","169.5","18"
"3.4903286314010673","171","18"
"3.2482092588349483","172.5","18"
"3.0929613771182263","174","18"
"3.138932952227019","175.5","18"
"3.4117060673485278","177","18"
"2.9383879712417675","178.5","18"
"2.7568536092033735","180","18"
"3.1911515325420923","181.5","18"
"3.4822383497995397","183","18"
"3.0727037258992373","184.5","18"
"3.046437504787185","186","18"
"3.263827239370871","187.5","18"
"3.1521491255424863","189","18"
"2.844062961333198","190.5","18"
"2.7292658642638186","192","18"
"3.044039437728505","193.5","18"
"3.5125052972912667","195","18"
"3.287168030613835","196.5","18"
"2.8661373961348544","198","18"
"2.9947746501759887","199.5","18"
"3.39211385324551","201","18"
"3.436274566694447","202.5","18"
"3.1767961682857","204","18"
"3.242771686973013","205.5","18"
"3.216855794347308","207","18"
"2.768264219421501","208.5","18"
"2.5552166568196184","210","18"
"2.9582541521948738","211.5","18"
"3.3828245381146425","213","18"
"3.230401725259355","214.5","18"
"2.894426109727252","216","18"
"3.0637588173319052","217.5","18"
"3.372016717302739","219","18"
"3.1425746230762024","220.5","18"
"2.703102185920457","222","18"
"2.887986797869658","223.5","18"
"3.3348345223674287","225","18"
"3.2781289946418077","226.5","18"
"3.0685287703168336","228","18"
"3.1640998774570903","229.5","18"
"3.2870788900915078","231","18"
"3.0163039563988003","232.5","18"
"2.7437817437964283","234","18"
"3.03038441876466","235.5","18"
"3.4215723024333355","237","18"
"3.2026971002643014","238.5","18"
"2.9541493246457686","240","18"
"3.1421245569424965","241.5","18"
"3.360893476181064","243","18"
"3.101143604363413","244.5","18"
"2.7619109312847536","246","18"
"2.9874657507054865","247.5","18"
"3.3494404774628093","249","18"
"3.2706614499759756","250.5","18"
"3.2019690154385834","252","18"
"3.2197484978008575","253.5","18"
"3.3329999730163253","255","18"
"3.0124154348724046","256.5","18"
"2.6924037648405004","258","18"
"2.9956953533331685","259.5","18"
"3.459628448503626","261","18"
"3.4297068426158788","262.5","18"
"3.2662471240399107","264","18"
"3.2125427644593416","265.5","18"
"3.056089927290468","267","18"
"2.839577884003538","268.5","18"
"2.680221434575935","270","18"
"2.972042570262061","271.5","18"
"3.5013533815959756","273","18"
"3.4437184236690315","274.5","18"
"3.2363691533728827","276","18"
"3.2806364614324344","277.5","18"
"3.3141523627868694","279","18"
"2.782973652326016","280.5","18"
"2.4661487559672945","282","18"
"2.7811889717985916","283.5","18"
"3.449738525727571","285","18"
"3.700099344766995","286.5","18"
"3.2981694047976435","288","18"
"3.244474395621514","289.5","18"
"3.42199774583535","291","18"
"3.224690498227479","292.5","18"
"2.6089316135252196","294","18"
"2.5902540248164954","295.5","18"
"3.1958208128392176","297","18"
"3.6946636429859483","298.5","18"
"3.756672408429718","1.5","19"
"3.6251926314388623","3","19"
"3.129588158029808","4.5","19"
"3.2492303229997828","6","19"
"3.3435360087391763","7.5","19"
"3.3118587085777684","9","19"
"3.2284188161578053","10.5","19"
"3.184106626156942","12","19"
"3.201013404104828","13.5","19"
"3.2400451090383457","15","19"
"3.281769418770399","16.5","19"
"3.289395296951413","18","19"
"3.212664008036912","19.5","19"
"3.1712585470962584","21","19"
"3.2376535872627734","22.5","19"
"3.311805722952609","24","19"
"3.2490751062860808","25.5","19"
"3.1309851084531255","27","19"
"3.1586816297643305","28.5","19"
"3.2790172830635957","30","19"
"3.28215496711347","31.5","19"
"3.1886771038471533","33","19"
"3.2064360153196594","34.5","19"
"3.2952576888550666","36","19"
"3.214098983438285","37.5","19"
"3.0451477723347784","39","19"
"3.083038727926631","40.5","19"
"3.292477190254796","42","19"
"3.317183763906277","43.5","19"
"3.1435202606452215","45","19"
"3.1438475248006172","46.5","19"
"3.314418537633258","48","19"
"3.229638108896765","49.5","19"
"2.9376212380776976","51","19"
"2.9239827381616963","52.5","19"
"3.25166454495563","54","19"
"3.394360132072116","55.5","19"
"3.1536146455983625","57","19"
"3.057494981397633","58.5","19"
"3.280594384612455","60","19"
"3.256964354192151","61.5","19"
"2.8911740390630634","63","19"
"2.779964380497116","64.5","19"
"3.155668929453803","66","19"
"3.4535690747464396","67.5","19"
"3.2095528167996177","69","19"
"2.9741669821508006","70.5","19"
"3.1953610846209237","72","19"
"3.301254726582654","73.5","19"
"2.94237186689345","75","19"
"2.699512877336137","76.5","19"
"3.0108436318860616","78","19"
"3.4429457685821494","79.5","19"
"3.2956126925436338","81","19"
"2.932673315728264","82.5","19"
"3.066860346484612","84","19"
"3.3189964956470206","85.5","19"
"3.0659820318275597","87","19"
"2.712965304203785","88.5","19"
"2.8736195897676424","90","19"
"3.358055628433562","91.5","19"
"3.3615891462713905","93","19"
"2.933320363715503","94.5","19"
"2.916445065462565","96","19"
"3.273042062946368","97.5","19"
"3.2185550745141813","99","19"
"2.822870893030518","100.5","19"
"2.7940675955137793","102","19"
"3.2363205312697954","103.5","19"
"3.3801864773420056","105","19"
"2.9585505600156177","106.5","19"
"2.772504004474688","108","19"
"3.146247773620333","109.5","19"
"3.348863245828721","111","19"
"3.019387408102923","112.5","19"
"2.80599403637684","114","19"
"3.1262307394755973","115.5","19"
"3.3594332546877035","117","19"
"2.991767560108125","118.5","19"
"2.6629986129579817","120","19"
"2.957325657033994","121.5","19"
"3.4022939502393497","123","19"
"3.2762723160001967","124.5","19"
"2.9304719188429695","126","19"
"3.067210363290811","127.5","19"
"3.328080413560359","129","19"
"3.034411014596618","130.5","19"
"2.6108174342606683","132","19"
"2.753804130635382","133.5","19"
"3.3375187118019687","135","19"
"3.531345115517022","136.5","19"
"3.1754132434690425","138","19"
"3.091364951400192","139.5","19"
"3.313997457753316","141","19"
"3.1038505464487565","142.5","19"
"2.6351549786169226","144","19"
"2.5900952237810917","145.5","19"
"3.1516700731550165","147","19"
"3.67808537591405","148.5","19"
"3.511489531688948","150","19"
"3.2406753262975934","151.5","19"
"3.287047098716412","153","19"
"3.221104306444639","154.5","19"
"2.75320570475123","156","19"
"2.4859940543504853","157.5","19"
"2.8198055187749786","159","19"
"3.412364959181391","160.5","19"
"3.705979190758937","162","19"
"3.3265737517249474","163.5","19"
"3.3509926445998284","165","19"
"3.4134252950448727","166.5","19"
"3.1554560519127217","168","19"
"2.5106738235092387","169.5","19"
"2.557266265472839","171","19"
"3.2455761849446794","172.5","19"
"3.783258101693466","174","19"
"3.614670933002819","175.5","19"
"3.3590863546829843","177","19"
"3.2913766476522226","178.5","19"
"3.220147448390292","180","19"
"2.6904323879044267","181.5","19"
"2.576929854329748","183","19"
"3.131550184561442","184.5","19"
"3.6931379686615085","186","19"
"3.6628947088610295","187.5","19"
"3.354845322909205","189","19"
"3.3357720562526003","190.5","19"
"3.3140311192092993","192","19"
"2.825640171145461","193.5","19"
"2.5900620298453303","195","19"
"2.984609202149105","196.5","19"
"3.5842939624188497","198","19"
"3.697834053451362","199.5","19"
"3.3421586941651826","201","19"
"3.2584850416342226","202.5","19"
"3.267459871495763","204","19"
"2.981151422587239","205.5","19"
"2.7104307212402827","207","19"
"2.824999356761181","208.5","19"
"3.319565935277409","210","19"
"3.603396527009366","211.5","19"
"3.362899137933417","213","19"
"3.2029321070958905","214.5","19"
"3.3072823089647456","216","19"
"3.160757419549983","217.5","19"
"2.8126764587498703","219","19"
"2.724547650183458","220.5","19"
"3.103355598373739","222","19"
"3.499029806092667","223.5","19"
"3.332947610751462","225","19"
"3.0100373153431965","226.5","19"
"3.1225198756335586","228","19"
"3.2721852542195276","229.5","19"
"3.0547076258341064","231","19"
"2.8329079288364274","232.5","19"
"3.0237175803990293","234","19"
"3.380993105565019","235.5","19"
"3.2280192422080747","237","19"
"2.775862981429639","238.5","19"
"2.8046132933212182","240","19"
"3.260549299254399","241.5","19"
"3.431574118382522","243","19"
"3.198343551957096","244.5","19"
"3.2071198415643623","246","19"
"3.4608779742169418","247.5","19"
"3.4274830047599285","249","19"
"3.027424080718996","250.5","19"
"2.8474883261596724","252","19"
"2.966642711698033","253.5","19"
"3.289300546186422","255","19"
"3.3043628010184687","256.5","19"
"3.1926254679619643","258","19"
"3.26509795933425","259.5","19"
"3.5073407572389756","261","19"
"3.255546832879066","262.5","19"
"2.7320572716692695","264","19"
"2.959561338735568","265.5","19"
"3.5261596928948156","267","19"
"3.1956559340409276","268.5","19"
"2.508640422223714","270","19"
"2.7545555914722004","271.5","19"
"3.4539991933506737","273","19"
"3.778596613400041","274.5","19"
"3.577746497549901","276","19"
"3.0930330635522654","277.5","19"
"3.1708680118708195","279","19"
"2.9488311262805156","280.5","19"
"2.669991468758416","282","19"
"2.9658731734126316","283.5","19"
"3.4208295686406616","285","19"
"3.2957803764632554","286.5","19"
"2.9575943253215664","288","19"
"3.0511108369262345","289.5","19"
"3.386956170156475","291","19"
"3.157389715550888","292.5","19"
"2.6371914967039274","294","19"
"2.7651321456142908","295.5","19"
"3.288512618772289","297","19"
"3.35518349586978","298.5","19"