"nusselt","time","episode"
"9.77512255743202","1.5","0"
"9.044525938655216","3","0"
"42.83732541886022","4.5","0"
"26.944607433628175","6","0"
"10.443344967718868","7.5","0"
"24.290575192365882","9","0"
"35.911559817226156","10.5","0"
"23.380604156313712","12","0"
"15.177537634974449","13.5","0"
"27.598807451392126","15","0"
"27.599446892005435","16.5","0"
"16.672121172019704","18","0"
"28.072253114644365","19.5","0"
"20.183291322038965","21","0"
"12.447127958494255","22.5","0"
"28.02689638972438","24","0"
"35.01890420573817","25.5","0"
"19.354652950371587","27","0"
"4.397602540769966","28.5","0"
"27.842988390771012","30","0"
"38.623181787621064","31.5","0"
"15.830633006011325","33","0"
"15.63930435972259","34.5","0"
"26.622088920911576","36","0"
"27.32664619373228","37.5","0"
"24.027848732856068","39","0"
"26.801135777327808","40.5","0"
"22.34799468307105","42","0"
"23.446917806838243","43.5","0"
"33.36595893206194","45","0"
"26.575021213206117","46.5","0"
"13.327075776758369","48","0"
"14.462028852685224","49.5","0"
"37.569390626269445","51","0"
"24.106397129938227","52.5","0"
"11.548541404641961","54","0"
"22.48643444702473","55.5","0"
"33.465122755129556","57","0"
"15.714720020503037","58.5","0"
"15.471695998201092","60","0"
"31.054034388299417","61.5","0"
"19.046907780870896","63","0"
"7.02464716481242","64.5","0"
"28.077117741871493","66","0"
"25.521358985384165","67.5","0"
"20.56807079082082","69","0"
"26.879109200561487","70.5","0"
"28.7909338359977","72","0"
"20.279585502899167","73.5","0"
"20.5902247074372","75","0"
"36.25391667006026","76.5","0"
"21.789022531030117","78","0"
"5.069084442956941","79.5","0"
"26.001176404284543","81","0"
"37.26362998771851","82.5","0"
"16.032975015015918","84","0"
"14.917212126868284","85.5","0"
"36.81778132684825","87","0"
"19.011221070675326","88.5","0"
"22.024091006083115","90","0"
"36.90942867360574","91.5","0"
"20.14025888534283","93","0"
"17.350001400615998","94.5","0"
"29.704790301389586","96","0"
"33.021399755153666","97.5","0"
"11.07662726264067","99","0"
"21.630711322404018","100.5","0"
"29.390335361311653","102","0"
"9.893756214650608","103.5","0"
"16.18847059412947","105","0"
"34.23352129092633","106.5","0"
"20.498568648954727","108","0"
"10.869316956881725","109.5","0"
"34.80121213732419","111","0"
"28.194719059680313","112.5","0"
"5.97510601849081","114","0"
"22.35220418857991","115.5","0"
"38.04944848877919","117","0"
"15.594376251671473","118.5","0"
"10.993534829810537","120","0"
"44.5469003895766","121.5","0"
"24.602714555944942","123","0"
"11.422987153101685","124.5","0"
"22.422654166123497","126","0"
"25.99497888313594","127.5","0"
"29.045021749020368","129","0"
"24.50271789196954","130.5","0"
"21.249345107468134","132","0"
"8.571498438201871","133.5","0"
"27.076300837759707","135","0"
"32.34028921893592","136.5","0"
"11.906911279156196","138","0"
"18.719650089766837","139.5","0"
"41.46085893374242","141","0"
"22.456016588095217","142.5","0"
"15.464453070055256","144","0"
"28.851987346981147","145.5","0"
"21.80834513702899","147","0"
"15.189761927462104","148.5","0"
"31.934671304009207","150","0"
"24.673403234752897","151.5","0"
"12.153913075082617","153","0"
"19.88591833229583","154.5","0"
"28.80303790668067","156","0"
"18.83085177440759","157.5","0"
"31.943818615235003","159","0"
"23.345058576062765","160.5","0"
"17.311413686003103","162","0"
"25.33972648899477","163.5","0"
"26.99613031748684","165","0"
"13.75034277531588","166.5","0"
"26.279850547537155","168","0"
"37.34500795307318","169.5","0"
"16.986318245038323","171","0"
"16.052182626245095","172.5","0"
"29.48762790585421","174","0"
"24.669617119077916","175.5","0"
"14.877523250218303","177","0"
"30.432857035233084","178.5","0"
"21.83825423121985","180","0"
"20.219523386218096","181.5","0"
"28.176891385687487","183","0"
"21.2290258801319","184.5","0"
"14.445842467678053","186","0"
"31.1704404574414","187.5","0"
"31.725798985961895","189","0"
"8.631495216945616","190.5","0"
"20.83547718898825","192","0"
"35.92198600967856","193.5","0"
"15.653776277254298","195","0"
"24.361389320013505","196.5","0"
"31.397485433790628","198","0"
"14.266847010439184","199.5","0"
"19.348537319437767","201","0"
"30.305460253860183","202.5","0"
"25.921150498646295","204","0"
"22.653326704753123","205.5","0"
"18.85319037959348","207","0"
"18.460528542052487","208.5","0"
"26.3046632826165","210","0"
"32.267699641738","211.5","0"
"15.556321694627167","213","0"
"16.109484868453467","214.5","0"
"32.40694436907955","216","0"
"28.413993177350104","217.5","0"
"13.625608297095935","219","0"
"23.156972433810452","220.5","0"
"26.437604205764732","222","0"
"23.773804378458284","223.5","0"
"22.92372470927764","225","0"
"23.81586458664699","226.5","0"
"18.58452252364939","228","0"
"28.832260516943347","229.5","0"
"30.26363003521087","231","0"
"17.51490041566967","232.5","0"
"16.30437835260277","234","0"
"28.388920832866447","235.5","0"
"20.59981980132681","237","0"
"16.668681782998807","238.5","0"
"28.916213668201202","240","0"
"26.923760275758337","241.5","0"
"15.011861534052837","243","0"
"23.429410724324566","244.5","0"
"36.77006198211451","246","0"
"22.295079665561065","247.5","0"
"20.043098759019923","249","0"
"25.922492104292743","250.5","0"
"32.12454509222679","252","0"
"18.79843370342337","253.5","0"
"24.35869565465063","255","0"
"15.809757970621563","256.5","0"
"21.89598857498708","258","0"
"34.859977949328695","259.5","0"
"25.31359479875392","261","0"
"7.418340470590687","262.5","0"
"23.435273715234054","264","0"
"39.20849471130229","265.5","0"
"20.694981457940006","267","0"
"14.173956500527478","268.5","0"
"33.0785312475525","270","0"
"27.69724297425166","271.5","0"
"19.123908975597146","273","0"
"23.3216902449846","274.5","0"
"26.80593071075512","276","0"
"19.57855473634913","277.5","0"
"28.18737681786974","279","0"
"28.34301004223793","280.5","0"
"16.71582963857405","282","0"
"19.877116005379122","283.5","0"
"26.000699001755805","285","0"
"14.335834289359141","286.5","0"
"22.40010996422815","288","0"
"36.21661306370897","289.5","0"
"18.99384989107129","291","0"
"14.514318368341863","292.5","0"
"34.98681369561308","294","0"
"24.691014857966298","295.5","0"
"17.8072484824461","297","0"
"25.413682064669082","298.5","0"
"21.86955371671703","1.5","1"
"35.843364434106604","3","1"
"10.441464977468844","4.5","1"
"16.844512270553547","6","1"
"39.00387023035374","7.5","1"
"25.41247636193227","9","1"
"14.658444275187998","10.5","1"
"24.036610985837882","12","1"
"24.748120215190195","13.5","1"
"19.335987208435977","15","1"
"28.476167016165586","16.5","1"
"24.351067668260814","18","1"
"11.000546897244483","19.5","1"
"14.412433873563954","21","1"
"39.61682719973182","22.5","1"
"23.656617738758364","24","1"
"14.391515279549306","25.5","1"
"24.570516020430144","27","1"
"22.54469497898057","28.5","1"
"16.96389426494766","30","1"
"28.646024745076136","31.5","1"
"28.467873453987533","33","1"
"19.89246432244351","34.5","1"
"19.8995730900247","36","1"
"29.57382868215612","37.5","1"
"21.372351179452654","39","1"
"24.577609106906372","40.5","1"
"24.27074207928336","42","1"
"22.326854811241986","43.5","1"
"16.866089470976455","45","1"
"32.6195034891371","46.5","1"
"25.441155360556387","48","1"
"13.506945020012424","49.5","1"
"27.346292875900293","51","1"
"36.81188174669386","52.5","1"
"9.891282955929654","54","1"
"10.910079989221364","55.5","1"
"46.93648821916362","57","1"
"29.068782107722498","58.5","1"
"8.802956774424421","60","1"
"22.78966868533236","61.5","1"
"34.95667112719284","63","1"
"20.66538075881333","64.5","1"
"17.11452173214409","66","1"
"23.853398182537674","67.5","1"
"16.247689415832774","69","1"
"26.572648139322396","70.5","1"
"33.58799989358442","72","1"
"14.733546313869274","73.5","1"
"16.47690012701127","75","1"
"35.95074864086246","76.5","1"
"23.72127441919228","78","1"
"18.06206121098685","79.5","1"
"30.53926204410153","81","1"
"32.67724828697431","82.5","1"
"14.562184070055208","84","1"
"23.403848780897206","85.5","1"
"27.238316271846006","87","1"
"11.232195149071531","88.5","1"
"25.839631403347","90","1"
"36.95534294892425","91.5","1"
"18.659560095565837","93","1"
"8.047626697265564","94.5","1"
"37.00204127949068","96","1"
"27.400554726091713","97.5","1"
"11.601337071519762","99","1"
"25.560884081604577","100.5","1"
"31.381776451312195","102","1"
"11.016445795327414","103.5","1"
"23.35750588870983","105","1"
"32.17617425913018","106.5","1"
"21.86674505658446","108","1"
"21.59345824405759","109.5","1"
"24.015986848127454","111","1"
"20.40490715138256","112.5","1"
"20.206950624731363","114","1"
"36.474469668956665","115.5","1"
"27.981842832833596","117","1"
"15.802569055170585","118.5","1"
"30.801777679866902","120","1"
"32.46418388686809","121.5","1"
"12.466178758673847","123","1"
"21.42099396703394","124.5","1"
"24.566834445454884","126","1"
"20.904869563119632","127.5","1"
"27.485100274648","129","1"
"23.829383441466216","130.5","1"
"18.099519886042735","132","1"
"26.352988963408627","133.5","1"
"32.18203202300468","135","1"
"13.69512873358448","136.5","1"
"15.253599705748186","138","1"
"35.335178153991286","139.5","1"
"25.751296254425736","141","1"
"18.917334810598753","142.5","1"
"26.150808992488606","144","1"
"26.83195437560626","145.5","1"
"11.758528823486325","147","1"
"30.5318675319411","148.5","1"
"26.50592503772395","150","1"
"11.16930172177295","151.5","1"
"22.90187570303545","153","1"
"38.4048798984587","154.5","1"
"9.210451194911169","156","1"
"12.731823646050936","157.5","1"
"31.281574190627335","159","1"
"22.20932841426797","160.5","1"
"14.992455295494187","162","1"
"24.7855701785211","163.5","1"
"23.423068588541348","165","1"
"18.531903704788622","166.5","1"
"22.90932074320075","168","1"
"25.613265941545972","169.5","1"
"20.50613042623472","171","1"
"30.5898771662176","172.5","1"
"25.56906613370293","174","1"
"13.102835975851718","175.5","1"
"19.007285113330738","177","1"
"29.888203474364268","178.5","1"
"20.834761085195144","180","1"
"20.636529268034675","181.5","1"
"22.461853443829774","183","1"
"11.871217599580644","184.5","1"
"26.05632336573362","186","1"
"37.633589069969574","187.5","1"
"15.195921117020806","189","1"
"14.31085777385023","190.5","1"
"37.885005968114314","192","1"
"25.81780853227974","193.5","1"
"11.002344126107229","195","1"
"30.224395910604684","196.5","1"
"22.98688297301552","198","1"
"24.307028156157344","199.5","1"
"28.6550710002922","201","1"
"19.170410421179103","202.5","1"
"13.221446111412869","204","1"
"29.447689873869887","205.5","1"
"27.895283133462637","207","1"
"17.108174369325884","208.5","1"
"19.33068351027001","210","1"
"19.557468877214927","211.5","1"
"25.219100460273953","213","1"
"34.385046065795386","214.5","1"
"26.09978441929862","216","1"
"9.488358706365812","217.5","1"
"23.70207551968808","219","1"
"38.52708100705535","220.5","1"
"22.96532493838756","222","1"
"17.00391941418175","223.5","1"
"26.887552604409144","225","1"
"23.456270714773492","226.5","1"
"24.65081373188767","228","1"
"29.66670960917035","229.5","1"
"14.052461041653961","231","1"
"13.345783334973866","232.5","1"
"32.054440098992295","234","1"
"16.013396284302726","235.5","1"
"15.520375375027283","237","1"
"31.519602909827498","238.5","1"
"15.327461194792745","240","1"
"22.803373971066094","241.5","1"
"27.864642254373713","243","1"
"22.17763167411184","244.5","1"
"16.988151191973472","246","1"
"36.15719561467619","247.5","1"
"26.743783007114565","249","1"
"12.474650911213928","250.5","1"
"33.11908955435518","252","1"
"25.950226751929357","253.5","1"
"5.498934892079534","255","1"
"27.775955151763384","256.5","1"
"38.1529577202653","258","1"
"17.91653532993692","259.5","1"
"20.398169503285388","261","1"
"25.29806179312002","262.5","1"
"16.510786994826603","264","1"
"30.66710138110326","265.5","1"
"30.787124558455673","267","1"
"13.91738051885139","268.5","1"
"22.267257900674682","270","1"
"30.305522978280017","271.5","1"
"21.405731024874328","273","1"
"27.226839445361374","274.5","1"
"37.18044346825862","276","1"
"13.814251989746774","277.5","1"
"16.476959366741113","279","1"
"27.763450341731474","280.5","1"
"21.25607404384033","282","1"
"21.96624515223618","283.5","1"
"30.986577759457912","285","1"
"11.596181472678404","286.5","1"
"10.628070997647574","288","1"
"32.30210050132697","289.5","1"
"22.80941468116511","291","1"
"21.22523453742193","292.5","1"
"30.32748000991192","294","1"
"18.17404346618554","295.5","1"
"12.591253865340391","297","1"
"34.26166364729186","298.5","1"
"9.119814408250999","1.5","2"
"13.407758546459878","3","2"
"40.382591309895574","4.5","2"
"27.161492796309282","6","2"
"13.695440613338656","7.5","2"
"21.568405065368882","9","2"
"31.662029159130633","10.5","2"
"15.643071309602623","12","2"
"13.774739089941328","13.5","2"
"36.379139004878915","15","2"
"22.850114117912415","16.5","2"
"13.49217341914151","18","2"
"22.16052184625711","19.5","2"
"30.994000149138273","21","2"
"20.590317051721954","22.5","2"
"19.816938893928356","24","2"
"30.15877919807831","25.5","2"
"13.561078807846684","27","2"
"20.328913032063642","28.5","2"
"30.738554949364193","30","2"
"21.913314453621236","31.5","2"
"20.203805692014683","33","2"
"32.96616741879981","34.5","2"
"29.30461198753848","36","2"
"15.728740670680939","37.5","2"
"15.91916329757207","39","2"
"27.952536590011142","40.5","2"
"22.29407955953371","42","2"
"17.908199951478977","43.5","2"
"29.341842415399967","45","2"
"24.99141604331142","46.5","2"
"14.43082519616279","48","2"
"22.88403409028266","49.5","2"
"28.79348462907095","51","2"
"20.398511002904485","52.5","2"
"22.607428110539576","54","2"
"30.495459490917437","55.5","2"
"15.90851756965024","57","2"
"18.876712037031243","58.5","2"
"34.75691127347142","60","2"
"21.21150834354825","61.5","2"
"17.041850264731384","63","2"
"26.336882726271245","64.5","2"
"30.86312216246458","66","2"
"21.416495232255844","67.5","2"
"27.645375106083907","69","2"
"24.161098051068485","70.5","2"
"15.790041594653733","72","2"
"20.78559907880523","73.5","2"
"30.00520194080468","75","2"
"21.001102761904995","76.5","2"
"16.584686815461062","78","2"
"23.097342418688235","79.5","2"
"27.327893712748978","81","2"
"24.580050132244914","82.5","2"
"22.182574706863758","84","2"
"18.934909844567247","85.5","2"
"19.034591144098485","87","2"
"34.587579732749475","88.5","2"
"28.443928406715894","90","2"
"7.28059067525518","91.5","2"
"24.894759454692178","93","2"
"29.76361535312393","94.5","2"
"24.653427249380755","96","2"
"18.83926381604533","97.5","2"
"21.591813470381943","99","2"
"24.302905767898253","100.5","2"
"23.82874051616292","102","2"
"30.92293338146632","103.5","2"
"26.662155886425555","105","2"
"18.476092909896302","106.5","2"
"30.98183161169047","108","2"
"27.8838463809129","109.5","2"
"14.60257511173833","111","2"
"23.01009797773409","112.5","2"
"23.721527059216612","114","2"
"17.290085640914537","115.5","2"
"26.4902230246255","117","2"
"28.61881628562813","118.5","2"
"19.5933054290801","120","2"
"20.120807345814303","121.5","2"
"26.39237118733942","123","2"
"16.355679958647023","124.5","2"
"22.08660111748271","126","2"
"38.693802514974195","127.5","2"
"30.394549838164448","129","2"
"17.896900844183875","130.5","2"
"25.299488773671243","132","2"
"25.177136081059995","133.5","2"
"26.576202523112993","135","2"
"25.500025713260612","136.5","2"
"25.21797664775193","138","2"
"15.165543332026187","139.5","2"
"33.96942360590515","141","2"
"31.364812980437083","142.5","2"
"14.965272971221113","144","2"
"21.564943025863045","145.5","2"
"36.56410983427947","147","2"
"28.422511502032563","148.5","2"
"17.760013509621086","150","2"
"19.091422953158105","151.5","2"
"26.559493434607205","153","2"
"24.67469953942947","154.5","2"
"21.84256653508344","156","2"
"22.697941190705073","157.5","2"
"17.755039114659247","159","2"
"26.871225089457347","160.5","2"
"30.162392821598747","162","2"
"13.76315859392947","163.5","2"
"20.58789693452336","165","2"
"37.76148764670115","166.5","2"
"27.68186677966735","168","2"
"18.961736730461265","169.5","2"
"20.204122798803844","171","2"
"24.96601962265862","172.5","2"
"24.887288279351946","174","2"
"25.74472238675813","175.5","2"
"23.93600624345909","177","2"
"19.17649120521301","178.5","2"
"28.495158576615335","180","2"
"29.019578285052695","181.5","2"
"14.231321467155686","183","2"
"26.332431034808025","184.5","2"
"34.80822333358564","186","2"
"22.445919698846936","187.5","2"
"26.76483924638385","189","2"
"32.35955955458493","190.5","2"
"22.997094857033495","192","2"
"10.299026531750743","193.5","2"
"29.98859042361864","195","2"
"28.35706031228075","196.5","2"
"11.699054748241196","198","2"
"24.29065882492566","199.5","2"
"24.683174305487043","201","2"
"20.09763415737562","202.5","2"
"19.739221595409","204","2"
"22.95539357191384","205.5","2"
"18.62032771330465","207","2"
"20.115799846297552","208.5","2"
"27.713340499664067","210","2"
"15.212137121892898","211.5","2"
"15.831131316680008","213","2"
"28.536528816185868","214.5","2"
"23.27811245430491","216","2"
"14.299216295763534","217.5","2"
"27.180275275359584","219","2"
"33.09622301863568","220.5","2"
"12.842344073798493","222","2"
"15.550159020378475","223.5","2"
"30.204139407688285","225","2"
"19.909887772397408","226.5","2"
"17.54147814622934","228","2"
"31.613982253537767","229.5","2"
"16.161880667154826","231","2"
"14.881523674327719","232.5","2"
"34.28518530472962","234","2"
"27.927906801156315","235.5","2"
"15.200193346949503","237","2"
"26.286384341269866","238.5","2"
"36.66490100757277","240","2"
"17.285106018917716","241.5","2"
"14.335022356591288","243","2"
"29.735239522529017","244.5","2"
"29.988036357910104","246","2"
"15.7672273292841","247.5","2"
"17.14206472183121","249","2"
"25.70888409254796","250.5","2"
"22.631007265362182","252","2"
"21.270685348971664","253.5","2"
"24.555249593580537","255","2"
"19.134967639282884","256.5","2"
"26.242048630517182","258","2"
"31.18845978938372","259.5","2"
"20.54224052626417","261","2"
"14.381403580368561","262.5","2"
"32.07195415088595","264","2"
"28.842883594380236","265.5","2"
"19.05641924220073","267","2"
"21.24937646967805","268.5","2"
"28.345088659817428","270","2"
"22.321103330412207","271.5","2"
"24.870112242387396","273","2"
"24.730905846635743","274.5","2"
"24.413088180716706","276","2"
"20.143382909919566","277.5","2"
"27.486783379913547","279","2"
"18.83026983117913","280.5","2"
"18.888798684264263","282","2"
"27.256344315513303","283.5","2"
"23.577712160952153","285","2"
"16.543858445184096","286.5","2"
"28.579197102777965","288","2"
"25.758303965997193","289.5","2"
"12.057777447616997","291","2"
"25.941194435473257","292.5","2"
"30.49310384048367","294","2"
"21.230186281898828","295.5","2"
"19.638764952354812","297","2"
"23.652850788878332","298.5","2"
"21.86955371671703","1.5","3"
"35.843364434106604","3","3"
"10.441464977468844","4.5","3"
"16.844512270553547","6","3"
"39.00387023035374","7.5","3"
"25.41247636193227","9","3"
"14.658444275187998","10.5","3"
"24.036610985837882","12","3"
"24.748120215190195","13.5","3"
"19.335987208435977","15","3"
"28.476167016165586","16.5","3"
"24.351067668260814","18","3"
"11.000546897244483","19.5","3"
"14.412433873563954","21","3"
"39.61682719973182","22.5","3"
"23.656617738758364","24","3"
"14.391515279549306","25.5","3"
"24.570516020430144","27","3"
"22.54469497898057","28.5","3"
"16.96389426494766","30","3"
"28.646024745076136","31.5","3"
"28.467873453987533","33","3"
"19.89246432244351","34.5","3"
"19.8995730900247","36","3"
"29.57382868215612","37.5","3"
"21.372351179452654","39","3"
"24.577609106906372","40.5","3"
"24.27074207928336","42","3"
"22.326854811241986","43.5","3"
"16.866089470976455","45","3"
"32.6195034891371","46.5","3"
"25.441155360556387","48","3"
"13.506945020012424","49.5","3"
"27.346292875900293","51","3"
"36.81188174669386","52.5","3"
"9.891282955929654","54","3"
"10.910079989221364","55.5","3"
"46.93648821916362","57","3"
"29.068782107722498","58.5","3"
"8.802956774424421","60","3"
"22.78966868533236","61.5","3"
"34.95667112719284","63","3"
"20.66538075881333","64.5","3"
"17.11452173214409","66","3"
"23.853398182537674","67.5","3"
"16.247689415832774","69","3"
"26.572648139322396","70.5","3"
"33.58799989358442","72","3"
"14.733546313869274","73.5","3"
"16.47690012701127","75","3"
"35.95074864086246","76.5","3"
"23.72127441919228","78","3"
"18.06206121098685","79.5","3"
"30.53926204410153","81","3"
"32.67724828697431","82.5","3"
"14.562184070055208","84","3"
"23.403848780897206","85.5","3"
"27.238316271846006","87","3"
"11.232195149071531","88.5","3"
"25.839631403347","90","3"
"36.95534294892425","91.5","3"
"18.659560095565837","93","3"
"8.047626697265564","94.5","3"
"37.00204127949068","96","3"
"27.400554726091713","97.5","3"
"11.601337071519762","99","3"
"25.560884081604577","100.5","3"
"31.381776451312195","102","3"
"11.016445795327414","103.5","3"
"23.35750588870983","105","3"
"32.17617425913018","106.5","3"
"21.86674505658446","108","3"
"21.59345824405759","109.5","3"
"24.015986848127454","111","3"
"20.40490715138256","112.5","3"
"20.206950624731363","114","3"
"36.474469668956665","115.5","3"
"27.981842832833596","117","3"
"15.802569055170585","118.5","3"
"30.801777679866902","120","3"
"32.46418388686809","121.5","3"
"12.466178758673847","123","3"
"21.42099396703394","124.5","3"
"24.566834445454884","126","3"
"20.904869563119632","127.5","3"
"27.485100274648","129","3"
"23.829383441466216","130.5","3"
"18.099519886042735","132","3"
"26.352988963408627","133.5","3"
"32.18203202300468","135","3"
"13.69512873358448","136.5","3"
"15.253599705748186","138","3"
"35.335178153991286","139.5","3"
"25.751296254425736","141","3"
"18.917334810598753","142.5","3"
"26.150808992488606","144","3"
"26.83195437560626","145.5","3"
"11.758528823486325","147","3"
"30.5318675319411","148.5","3"
"26.50592503772395","150","3"
"11.16930172177295","151.5","3"
"22.90187570303545","153","3"
"38.4048798984587","154.5","3"
"9.210451194911169","156","3"
"12.731823646050936","157.5","3"
"31.281574190627335","159","3"
"22.20932841426797","160.5","3"
"14.992455295494187","162","3"
"24.7855701785211","163.5","3"
"23.423068588541348","165","3"
"18.531903704788622","166.5","3"
"22.90932074320075","168","3"
"25.613265941545972","169.5","3"
"20.50613042623472","171","3"
"30.5898771662176","172.5","3"
"25.56906613370293","174","3"
"13.102835975851718","175.5","3"
"19.007285113330738","177","3"
"29.888203474364268","178.5","3"
"20.834761085195144","180","3"
"20.636529268034675","181.5","3"
"22.461853443829774","183","3"
"11.871217599580644","184.5","3"
"26.05632336573362","186","3"
"37.633589069969574","187.5","3"
"15.195921117020806","189","3"
"14.31085777385023","190.5","3"
"37.885005968114314","192","3"
"25.81780853227974","193.5","3"
"11.002344126107229","195","3"
"30.224395910604684","196.5","3"
"22.98688297301552","198","3"
"24.307028156157344","199.5","3"
"28.6550710002922","201","3"
"19.170410421179103","202.5","3"
"13.221446111412869","204","3"
"29.447689873869887","205.5","3"
"27.895283133462637","207","3"
"17.108174369325884","208.5","3"
"19.33068351027001","210","3"
"19.557468877214927","211.5","3"
"25.219100460273953","213","3"
"34.385046065795386","214.5","3"
"26.09978441929862","216","3"
"9.488358706365812","217.5","3"
"23.70207551968808","219","3"
"38.52708100705535","220.5","3"
"22.96532493838756","222","3"
"17.00391941418175","223.5","3"
"26.887552604409144","225","3"
"23.456270714773492","226.5","3"
"24.65081373188767","228","3"
"29.66670960917035","229.5","3"
"14.052461041653961","231","3"
"13.345783334973866","232.5","3"
"32.054440098992295","234","3"
"16.013396284302726","235.5","3"
"15.520375375027283","237","3"
"31.519602909827498","238.5","3"
"15.327461194792745","240","3"
"22.803373971066094","241.5","3"
"27.864642254373713","243","3"
"22.17763167411184","244.5","3"
"16.988151191973472","246","3"
"36.15719561467619","247.5","3"
"26.743783007114565","249","3"
"12.474650911213928","250.5","3"
"33.11908955435518","252","3"
"25.950226751929357","253.5","3"
"5.498934892079534","255","3"
"27.775955151763384","256.5","3"
"38.1529577202653","258","3"
"17.91653532993692","259.5","3"
"20.398169503285388","261","3"
"25.29806179312002","262.5","3"
"16.510786994826603","264","3"
"30.66710138110326","265.5","3"
"30.787124558455673","267","3"
"13.91738051885139","268.5","3"
"22.267257900674682","270","3"
"30.305522978280017","271.5","3"
"21.405731024874328","273","3"
"27.226839445361374","274.5","3"
"37.18044346825862","276","3"
"13.814251989746774","277.5","3"
"16.476959366741113","279","3"
"27.763450341731474","280.5","3"
"21.25607404384033","282","3"
"21.96624515223618","283.5","3"
"30.986577759457912","285","3"
"11.596181472678404","286.5","3"
"10.628070997647574","288","3"
"32.30210050132697","289.5","3"
"22.80941468116511","291","3"
"21.22523453742193","292.5","3"
"30.32748000991192","294","3"
"18.17404346618554","295.5","3"
"12.591253865340391","297","3"
"34.26166364729186","298.5","3"
"23.345485450586636","1.5","4"
"31.286003231605616","3","4"
"17.078767070493697","4.5","4"
"20.17968118320852","6","4"
"32.604871275865825","7.5","4"
"20.805249245663234","9","4"
"10.007563576231968","10.5","4"
"32.317851300085294","12","4"
"29.75421017483882","13.5","4"
"8.556489007239087","15","4"
"17.799299904577133","16.5","4"
"34.54677401295745","18","4"
"14.196522481735267","19.5","4"
"13.81003987072042","21","4"
"42.531226765380175","22.5","4"
"29.292547990790403","24","4"
"7.566823982270292","25.5","4"
"16.317418062548267","27","4"
"38.39995603150173","28.5","4"
"21.895993802022065","30","4"
"16.32254229917971","31.5","4"
"25.510960670451677","33","4"
"23.877243916144575","34.5","4"
"15.849664640395966","36","4"
"28.795777555084882","37.5","4"
"26.77814205042365","39","4"
"10.289170086111824","40.5","4"
"16.518625804960863","42","4"
"43.20884215753717","43.5","4"
"22.12533518907522","45","4"
"8.486562604366616","46.5","4"
"30.25209571134139","48","4"
"34.13639252681334","49.5","4"
"12.924195956991909","51","4"
"18.828051826","52.5","4"
"37.95316998902395","54","4"
"14.544800694036205","55.5","4"
"16.519512658563514","57","4"
"33.18906212937002","58.5","4"
"23.037294240767128","60","4"
"8.063655400050651","61.5","4"
"35.16204133179942","63","4"
"34.86823317991685","64.5","4"
"17.99598626172669","66","4"
"17.195803868524013","67.5","4"
"24.360361336466223","69","4"
"25.810288571279642","70.5","4"
"27.98207630706298","72","4"
"31.229422320225332","73.5","4"
"9.2502724897808","75","4"
"12.835601198666335","76.5","4"
"35.095410574485726","78","4"
"22.864263701619976","79.5","4"
"17.48864153424415","81","4"
"35.19044155522427","82.5","4"
"23.486850611787577","84","4"
"15.191852741456572","85.5","4"
"23.291756757963807","87","4"
"26.5249531874186","88.5","4"
"15.724233224177866","90","4"
"26.74751859478468","91.5","4"
"31.280915584219077","93","4"
"15.948797101253657","94.5","4"
"17.985175011030297","96","4"
"32.22660817736673","97.5","4"
"26.737045359017394","99","4"
"11.493065139988754","100.5","4"
"26.783680965163995","102","4"
"22.163163241270123","103.5","4"
"17.215281543227473","105","4"
"28.413463504471505","106.5","4"
"22.575062309905217","108","4"
"21.693263250083504","109.5","4"
"26.904022991650564","111","4"
"28.82990486650958","112.5","4"
"17.39190479775512","114","4"
"20.54369886902531","115.5","4"
"36.40382106408361","117","4"
"20.174537780782128","118.5","4"
"10.657013961538489","120","4"
"31.55144600696324","121.5","4"
"27.341987541416685","123","4"
"9.504508502128079","124.5","4"
"22.772680821627308","126","4"
"31.067976632952526","127.5","4"
"23.44643866196451","129","4"
"25.40635027692848","130.5","4"
"21.31160432118839","132","4"
"16.344985445065323","133.5","4"
"28.279954576854777","135","4"
"32.02408496448261","136.5","4"
"10.385563580636761","138","4"
"11.481751222761192","139.5","4"
"40.47647582762715","141","4"
"21.25990546048519","142.5","4"
"9.619214042554562","144","4"
"25.47541683254573","145.5","4"
"26.726603485460025","147","4"
"22.591069233377862","148.5","4"
"28.305985211085897","150","4"
"25.7223227994974","151.5","4"
"15.584096416198674","153","4"
"30.07226131498724","154.5","4"
"28.842073403957382","156","4"
"14.891604882471043","157.5","4"
"19.15251653807645","159","4"
"36.680191827252315","160.5","4"
"18.539129209484503","162","4"
"17.90865121883278","163.5","4"
"35.81488057812197","165","4"
"20.547537255050152","166.5","4"
"18.249128081416863","168","4"
"30.78411030161365","169.5","4"
"28.40349903344287","171","4"
"16.442689183026793","172.5","4"
"26.913632024300135","174","4"
"26.968122121685955","175.5","4"
"16.95787272064359","177","4"
"22.64006745933821","178.5","4"
"28.31658912272784","180","4"
"21.807383362591533","181.5","4"
"18.57654955295049","183","4"
"30.400337908239134","184.5","4"
"24.954422574369307","186","4"
"22.858972199868976","187.5","4"
"22.350571611319232","189","4"
"23.81465888391018","190.5","4"
"24.291197209529233","192","4"
"28.36186395743304","193.5","4"
"27.307527442097868","195","4"
"21.678193708218377","196.5","4"
"25.033707983384513","198","4"
"24.301525830661905","199.5","4"
"16.841501498401517","201","4"
"30.884316046988502","202.5","4"
"26.265802019839327","204","4"
"13.27399959233631","205.5","4"
"18.79614426209943","207","4"
"34.22327630235344","208.5","4"
"23.59634828302284","210","4"
"19.004222070828845","211.5","4"
"28.622602401303112","213","4"
"24.26374307943688","214.5","4"
"19.372738491423732","216","4"
"28.75975108761521","217.5","4"
"16.976846857643384","219","4"
"25.558077163817003","220.5","4"
"32.32629818862294","222","4"
"24.139250787171292","223.5","4"
"14.503980164311718","225","4"
"30.42080349255498","226.5","4"
"31.826081394516542","228","4"
"20.712169691319527","229.5","4"
"20.444179607578643","231","4"
"36.03047834785149","232.5","4"
"20.931905530413093","234","4"
"14.107095753674395","235.5","4"
"30.44678882581622","237","4"
"28.537459228413407","238.5","4"
"20.3188387933003","240","4"
"20.334364829554218","241.5","4"
"23.970548232992687","243","4"
"15.744360793564606","244.5","4"
"30.083360052607873","246","4"
"19.7358571272229","247.5","4"
"15.909787739151879","249","4"
"33.03866987874797","250.5","4"
"34.75362521081011","252","4"
"9.328167507489686","253.5","4"
"12.05797259025648","255","4"
"34.754677587187324","256.5","4"
"27.655726377701516","258","4"
"15.927341864980429","259.5","4"
"27.34378389910693","261","4"
"20.126009987970537","262.5","4"
"22.514113339621492","264","4"
"29.971445748864003","265.5","4"
"21.114456242615056","267","4"
"16.626551881010283","268.5","4"
"26.140225988986607","270","4"
"32.658315966254406","271.5","4"
"17.47485784298562","273","4"
"21.98716548859582","274.5","4"
"29.039517681179934","276","4"
"14.192062949719567","277.5","4"
"16.770668204958945","279","4"
"28.380611589583435","280.5","4"
"21.271648865754116","282","4"
"25.532825357798824","283.5","4"
"31.989523809154065","285","4"
"18.150323181418305","286.5","4"
"18.853594603632413","288","4"
"31.212758532689424","289.5","4"
"21.427175807077585","291","4"
"19.249556442594677","292.5","4"
"35.71493618449643","294","4"
"32.63016664050889","295.5","4"
"20.474276875029005","297","4"
"26.775586030315413","298.5","4"
"6.878923963191761","1.5","5"
"29.12204210954157","3","5"
"32.64041162908178","4.5","5"
"12.651326436091436","6","5"
"19.819020996197846","7.5","5"
"43.29009815874216","9","5"
"13.100078714896513","10.5","5"
"10.471464673599462","12","5"
"27.99046569821578","13.5","5"
"30.329197962077373","15","5"
"14.536384296535974","16.5","5"
"15.636363281370373","18","5"
"32.44557564231733","19.5","5"
"16.85512489392047","21","5"
"14.726702382727384","22.5","5"
"34.138410162318","24","5"
"25.85508426111111","25.5","5"
"13.313223262872523","27","5"
"26.65746026666298","28.5","5"
"29.11408307760263","30","5"
"18.807140201365332","31.5","5"
"19.162029741751276","33","5"
"24.31854157188688","34.5","5"
"12.180158017748171","36","5"
"20.43150404773718","37.5","5"
"37.43197536117306","39","5"
"26.62460835177491","40.5","5"
"13.503835805368151","42","5"
"25.252884529734562","43.5","5"
"27.873157094366185","45","5"
"14.936759495371561","46.5","5"
"23.5027146629706","48","5"
"27.179515612941596","49.5","5"
"12.620054828114181","51","5"
"14.472022072406281","52.5","5"
"31.184835711793312","54","5"
"29.472246484234912","55.5","5"
"8.204016099361748","57","5"
"22.696421865869095","58.5","5"
"34.02884453962792","60","5"
"28.43728658759347","61.5","5"
"17.412075925766747","63","5"
"20.713769164025294","64.5","5"
"23.884742969004733","66","5"
"28.475511894447322","67.5","5"
"33.60403643692198","69","5"
"12.796557860837146","70.5","5"
"14.247123665091374","72","5"
"36.24677305557916","73.5","5"
"24.660788656986277","75","5"
"10.811115664655729","76.5","5"
"23.56534151148489","78","5"
"33.48330238281145","79.5","5"
"14.842739074730344","81","5"
"20.87486638229902","82.5","5"
"29.444264423608953","84","5"
"18.2754932458871","85.5","5"
"17.53374213444981","87","5"
"36.14289444695403","88.5","5"
"28.965177047261644","90","5"
"17.28485512123838","91.5","5"
"28.90186023012918","93","5"
"25.055529112106772","94.5","5"
"19.25427645518719","96","5"
"31.92189643050301","97.5","5"
"21.00849030468545","99","5"
"8.723982373990891","100.5","5"
"23.279136953162197","102","5"
"32.08612290038846","103.5","5"
"21.24067694111607","105","5"
"19.827361601690775","106.5","5"
"25.190461535584735","108","5"
"16.5772644257807","109.5","5"
"24.80122689064967","111","5"
"33.6542159727892","112.5","5"
"23.941924989408427","114","5"
"12.359755455182947","115.5","5"
"25.620578563491623","117","5"
"29.358147279866824","118.5","5"
"18.627237853556366","120","5"
"25.77952921273103","121.5","5"
"22.427428191410865","123","5"
"21.855196793955017","124.5","5"
"30.56817451695503","126","5"
"32.43733086579914","127.5","5"
"11.550255872117425","129","5"
"16.91969097241462","130.5","5"
"32.25048178849356","132","5"
"21.038221679686778","133.5","5"
"10.585914089311624","135","5"
"23.797479362255636","136.5","5"
"26.368393035512867","138","5"
"19.29615197480638","139.5","5"
"21.025871938359455","141","5"
"28.072294930924254","142.5","5"
"21.3119405937725","144","5"
"25.046942835969492","145.5","5"
"21.00330857066916","147","5"
"17.023970320388692","148.5","5"
"26.06301222817092","150","5"
"30.76362032446787","151.5","5"
"17.373272160374423","153","5"
"12.974815434970466","154.5","5"
"32.46873837668604","156","5"
"34.55145743630506","157.5","5"
"11.203500469342458","159","5"
"21.254268974425106","160.5","5"
"28.78456556503955","162","5"
"21.900483825075185","163.5","5"
"26.84637228044311","165","5"
"25.53069795455945","166.5","5"
"12.638765871019672","168","5"
"25.294882013503432","169.5","5"
"35.20472181480648","171","5"
"19.794223942223457","172.5","5"
"18.893520439201765","174","5"
"33.90746581786909","175.5","5"
"18.447082865723065","177","5"
"16.892747349405916","178.5","5"
"31.969671530276596","180","5"
"24.391274021374425","181.5","5"
"13.118059715248934","183","5"
"25.898740457315593","184.5","5"
"25.929043321475408","186","5"
"17.47670995571572","187.5","5"
"27.28344997660658","189","5"
"27.440220952256755","190.5","5"
"21.658609750470198","192","5"
"23.776736745085525","193.5","5"
"30.804237871000392","195","5"
"16.992850296426038","196.5","5"
"17.585489780812885","198","5"
"34.062032727100096","199.5","5"
"18.243510761151725","201","5"
"10.91279804741417","202.5","5"
"28.70860629262054","204","5"
"29.731033501710147","205.5","5"
"24.065053025542625","207","5"
"26.804366084949258","208.5","5"
"23.372869886879176","210","5"
"15.871649549547794","211.5","5"
"31.20013001616284","213","5"
"24.651979360689587","214.5","5"
"12.00577019184961","216","5"
"30.881929034344818","217.5","5"
"26.56371339418604","219","5"
"16.501038574577397","220.5","5"
"24.01464350013601","222","5"
"32.28693861517709","223.5","5"
"12.925674336720496","225","5"
"14.981253759518827","226.5","5"
"28.47406400575615","228","5"
"18.76422798647388","229.5","5"
"13.759400355774414","231","5"
"31.337060909350516","232.5","5"
"29.388157430067416","234","5"
"17.39942127406523","235.5","5"
"22.538983572085684","237","5"
"27.424797714357567","238.5","5"
"19.759396208110616","240","5"
"27.859903075986253","241.5","5"
"28.13981951122058","243","5"
"17.93561400763644","244.5","5"
"17.120302832838792","246","5"
"36.46142995901117","247.5","5"
"23.611492745722767","249","5"
"21.27243814803703","250.5","5"
"31.95476054180605","252","5"
"26.323599088026395","253.5","5"
"20.996482062977222","255","5"
"27.669307956940578","256.5","5"
"29.968218925932543","258","5"
"23.220836347271465","259.5","5"
"31.50132919551585","261","5"
"19.073790421804762","262.5","5"
"17.54376932989828","264","5"
"30.276655806396402","265.5","5"
"28.824977514862617","267","5"
"8.814555565058729","268.5","5"
"22.24028640014605","270","5"
"31.78479827219578","271.5","5"
"22.595212529776898","273","5"
"17.61431165172662","274.5","5"
"26.319718885721663","276","5"
"26.458336368864874","277.5","5"
"25.761077779229854","279","5"
"26.13950465815852","280.5","5"
"24.950700925459152","282","5"
"23.00024153209517","283.5","5"
"32.24441145852962","285","5"
"23.334053925071885","286.5","5"
"15.55926103063439","288","5"
"30.429452493112095","289.5","5"
"31.264656020722104","291","5"
"14.946621168045466","292.5","5"
"21.700981838413078","294","5"
"26.138915745550076","295.5","5"
"23.105196909927454","297","5"
"23.24560726607092","298.5","5"
"16.060455280283204","1.5","6"
"13.538187879297254","3","6"
"27.631361425285988","4.5","6"
"31.717494969713865","6","6"
"22.17519413346329","7.5","6"
"22.421234154952256","9","6"
"25.434084924565095","10.5","6"
"21.687360185239122","12","6"
"19.832388267002475","13.5","6"
"27.110015213420496","15","6"
"17.276474441810553","16.5","6"
"20.829004377330378","18","6"
"36.19784103872864","19.5","6"
"29.293781571047138","21","6"
"9.055798910775387","22.5","6"
"20.214082042797493","24","6"
"35.39124333125294","25.5","6"
"27.670315032347915","27","6"
"5.441139566237463","28.5","6"
"19.837252894229604","30","6"
"25.5223277292016","31.5","6"
"16.30321098145586","33","6"
"26.57656667321703","34.5","6"
"24.554791356846753","36","6"
"14.539150269216156","37.5","6"
"27.67773567968328","39","6"
"36.460304404144146","40.5","6"
"15.570788385123889","42","6"
"11.336375183380865","43.5","6"
"31.410978153434925","45","6"
"32.41178111878675","46.5","6"
"20.229106283692737","48","6"
"22.435897730433453","49.5","6"
"30.06366458477999","51","6"
"21.140936401854987","52.5","6"
"20.323766144947264","54","6"
"24.281171756425763","55.5","6"
"24.48809613276823","57","6"
"22.665045717192115","58.5","6"
"26.36658622375265","60","6"
"21.04842833666977","61.5","6"
"18.561791890839537","63","6"
"27.37439341598594","64.5","6"
"29.625869042478417","66","6"
"14.06517144839533","67.5","6"
"16.611930121808975","69","6"
"33.19519866844379","70.5","6"
"32.32406450233885","72","6"
"13.746198607744347","73.5","6"
"14.167366080582417","75","6"
"24.831238783195257","76.5","6"
"21.970268226830534","78","6"
"27.206889595164164","79.5","6"
"24.237036415347546","81","6"
"15.269615340945807","82.5","6"
"21.75984173704733","84","6"
"35.30110833995144","85.5","6"
"20.244879732936","87","6"
"15.378475313912759","88.5","6"
"31.858833995739875","90","6"
"29.560161728012282","91.5","6"
"22.543151261314655","93","6"
"21.8463979517283","94.5","6"
"26.476306915147322","96","6"
"25.94165789924203","97.5","6"
"26.723381889563548","99","6"
"22.931551322996928","100.5","6"
"18.41559694931138","102","6"
"21.4129600142602","103.5","6"
"29.962521457797617","105","6"
"16.755161334499977","106.5","6"
"16.71984225909843","108","6"
"30.263821693160363","109.5","6"
"24.80574304887772","111","6"
"11.992650334034327","112.5","6"
"19.619738545005156","114","6"
"29.89130484845606","115.5","6"
"20.657000079385508","117","6"
"19.22056556421639","118.5","6"
"24.49792295854223","120","6"
"19.699064027955256","121.5","6"
"23.976979228370674","123","6"
"34.411045337816596","124.5","6"
"18.759133369707364","126","6"
"12.588331952783122","127.5","6"
"32.132239287726435","129","6"
"37.47992121075619","130.5","6"
"16.57224995688397","132","6"
"14.598924898972989","133.5","6"
"29.51835241750291","135","6"
"37.33074860163091","136.5","6"
"22.424649151143218","138","6"
"20.74382287285077","139.5","6"
"19.154379104876522","141","6"
"20.692352259341966","142.5","6"
"32.41479189093878","144","6"
"24.550900700472045","145.5","6"
"15.102965269171772","147","6"
"27.58594894532615","148.5","6"
"32.974851266256834","150","6"
"14.721325506071611","151.5","6"
"20.534994113428343","153","6"
"33.33830443229512","154.5","6"
"23.745560966083016","156","6"
"22.475813111932837","157.5","6"
"31.969608805856762","159","6"
"17.082453872503944","160.5","6"
"9.2596828951009","162","6"
"25.725103582110044","163.5","6"
"33.61646981080908","165","6"
"13.433468589211847","166.5","6"
"19.843892971007033","168","6"
"32.03585276258148","169.5","6"
"23.894099361629976","171","6"
"22.375199657829064","172.5","6"
"21.916670210082355","174","6"
"22.026850880555813","175.5","6"
"18.263004116960147","177","6"
"28.34892007646229","178.5","6"
"30.02692201351721","180","6"
"13.02278741972853","181.5","6"
"29.137988050939377","183","6"
"35.73634611979978","184.5","6"
"16.992958321815752","186","6"
"15.423086315174716","187.5","6"
"31.381692818752416","189","6"
"29.656175391328226","190.5","6"
"18.61769677236161","192","6"
"25.424665807520018","193.5","6"
"20.322671952290158","195","6"
"16.36272948649837","196.5","6"
"32.35844793847787","198","6"
"25.34687358816586","199.5","6"
"17.606746389756637","201","6"
"26.67771328488939","202.5","6"
"29.84769743791145","204","6"
"13.413915993673584","205.5","6"
"23.288575236002224","207","6"
"32.607080569319976","208.5","6"
"22.68253886094583","210","6"
"19.858056493474553","211.5","6"
"30.763334579888625","213","6"
"23.665284162765435","214.5","6"
"18.498827027396146","216","6"
"24.90702207876973","217.5","6"
"29.149809861733093","219","6"
"17.283358446887338","220.5","6"
"24.320771773480978","222","6"
"29.45284721505624","223.5","6"
"15.038657057736936","225","6"
"17.201520502453885","226.5","6"
"31.574375267102567","228","6"
"21.975723509011097","229.5","6"
"11.22277777437145","231","6"
"31.682303085496986","232.5","6"
"25.939215131558495","234","6"
"17.913132530160926","235.5","6"
"23.21523296576629","237","6"
"18.595725801969746","238.5","6"
"20.090849465963572","240","6"
"33.14396327150936","241.5","6"
"26.732199897585215","243","6"
"17.36729417469524","244.5","6"
"31.68691681504478","246","6"
"29.20067936621849","247.5","6"
"19.79174806998501","249","6"
"20.15114505687403","250.5","6"
"25.864618372925882","252","6"
"20.783030862282025","253.5","6"
"24.67544700543249","255","6"
"32.37387117637706","256.5","6"
"20.021319446577554","258","6"
"18.6905651247588","259.5","6"
"30.856257323182746","261","6"
"30.21982051264679","262.5","6"
"13.226879614280993","264","6"
"24.164378886694802","265.5","6"
"34.285279391359374","267","6"
"20.81488789817773","268.5","6"
"22.52094333200342","270","6"
"25.83715204641856","271.5","6"
"35.2671465513013","273","6"
"29.580693521437954","274.5","6"
"15.25167789921827","276","6"
"19.906955405770166","277.5","6"
"25.418771454400616","279","6"
"29.809205552273298","280.5","6"
"21.10096700766075","282","6"
"12.729886158416063","283.5","6"
"25.48290543133591","285","6"
"30.30616416123832","286.5","6"
"18.0278781445223","288","6"
"29.8384943716458","289.5","6"
"29.23643402786888","291","6"
"16.13857680284149","292.5","6"
"19.181977849603495","294","6"
"30.868188901711175","295.5","6"
"26.475531571624373","297","6"
"26.613739603693666","298.5","6"
"23.345485450586636","1.5","7"
"31.286003231605616","3","7"
"17.078767070493697","4.5","7"
"20.17968118320852","6","7"
"32.604871275865825","7.5","7"
"20.805249245663234","9","7"
"10.007563576231968","10.5","7"
"32.317851300085294","12","7"
"29.75421017483882","13.5","7"
"8.556489007239087","15","7"
"17.799299904577133","16.5","7"
"34.54677401295745","18","7"
"14.196522481735267","19.5","7"
"13.81003987072042","21","7"
"42.531226765380175","22.5","7"
"29.292547990790403","24","7"
"7.566823982270292","25.5","7"
"16.317418062548267","27","7"
"38.39995603150173","28.5","7"
"21.895993802022065","30","7"
"16.32254229917971","31.5","7"
"25.510960670451677","33","7"
"23.877243916144575","34.5","7"
"15.849664640395966","36","7"
"28.795777555084882","37.5","7"
"26.77814205042365","39","7"
"10.289170086111824","40.5","7"
"16.518625804960863","42","7"
"43.20884215753717","43.5","7"
"22.12533518907522","45","7"
"8.486562604366616","46.5","7"
"30.25209571134139","48","7"
"34.13639252681334","49.5","7"
"12.924195956991909","51","7"
"18.828051826","52.5","7"
"37.95316998902395","54","7"
"14.544800694036205","55.5","7"
"16.519512658563514","57","7"
"33.18906212937002","58.5","7"
"23.037294240767128","60","7"
"8.063655400050651","61.5","7"
"35.16204133179942","63","7"
"34.86823317991685","64.5","7"
"17.99598626172669","66","7"
"17.195803868524013","67.5","7"
"24.360361336466223","69","7"
"25.810288571279642","70.5","7"
"27.98207630706298","72","7"
"31.229422320225332","73.5","7"
"9.2502724897808","75","7"
"12.835601198666335","76.5","7"
"35.095410574485726","78","7"
"22.864263701619976","79.5","7"
"17.48864153424415","81","7"
"35.19044155522427","82.5","7"
"23.486850611787577","84","7"
"15.191852741456572","85.5","7"
"23.291756757963807","87","7"
"26.5249531874186","88.5","7"
"15.724233224177866","90","7"
"26.74751859478468","91.5","7"
"31.280915584219077","93","7"
"15.948797101253657","94.5","7"
"17.985175011030297","96","7"
"32.22660817736673","97.5","7"
"26.737045359017394","99","7"
"11.493065139988754","100.5","7"
"26.783680965163995","102","7"
"22.163163241270123","103.5","7"
"17.215281543227473","105","7"
"28.413463504471505","106.5","7"
"22.575062309905217","108","7"
"21.693263250083504","109.5","7"
"26.904022991650564","111","7"
"28.82990486650958","112.5","7"
"17.39190479775512","114","7"
"20.54369886902531","115.5","7"
"36.40382106408361","117","7"
"20.174537780782128","118.5","7"
"10.657013961538489","120","7"
"31.55144600696324","121.5","7"
"27.341987541416685","123","7"
"9.504508502128079","124.5","7"
"22.772680821627308","126","7"
"31.067976632952526","127.5","7"
"23.44643866196451","129","7"
"25.40635027692848","130.5","7"
"21.31160432118839","132","7"
"16.344985445065323","133.5","7"
"28.279954576854777","135","7"
"32.02408496448261","136.5","7"
"10.385563580636761","138","7"
"11.481751222761192","139.5","7"
"40.47647582762715","141","7"
"21.25990546048519","142.5","7"
"9.619214042554562","144","7"
"25.47541683254573","145.5","7"
"26.726603485460025","147","7"
"22.591069233377862","148.5","7"
"28.305985211085897","150","7"
"25.7223227994974","151.5","7"
"15.584096416198674","153","7"
"30.07226131498724","154.5","7"
"28.842073403957382","156","7"
"14.891604882471043","157.5","7"
"19.15251653807645","159","7"
"36.680191827252315","160.5","7"
"18.539129209484503","162","7"
"17.90865121883278","163.5","7"
"35.81488057812197","165","7"
"20.547537255050152","166.5","7"
"18.249128081416863","168","7"
"30.78411030161365","169.5","7"
"28.40349903344287","171","7"
"16.442689183026793","172.5","7"
"26.913632024300135","174","7"
"26.968122121685955","175.5","7"
"16.95787272064359","177","7"
"22.64006745933821","178.5","7"
"28.31658912272784","180","7"
"21.807383362591533","181.5","7"
"18.57654955295049","183","7"
"30.400337908239134","184.5","7"
"24.954422574369307","186","7"
"22.858972199868976","187.5","7"
"22.350571611319232","189","7"
"23.81465888391018","190.5","7"
"24.291197209529233","192","7"
"28.36186395743304","193.5","7"
"27.307527442097868","195","7"
"21.678193708218377","196.5","7"
"25.033707983384513","198","7"
"24.301525830661905","199.5","7"
"16.841501498401517","201","7"
"30.884316046988502","202.5","7"
"26.265802019839327","204","7"
"13.27399959233631","205.5","7"
"18.79614426209943","207","7"
"34.22327630235344","208.5","7"
"23.59634828302284","210","7"
"19.004222070828845","211.5","7"
"28.622602401303112","213","7"
"24.26374307943688","214.5","7"
"19.372738491423732","216","7"
"28.75975108761521","217.5","7"
"16.976846857643384","219","7"
"25.558077163817003","220.5","7"
"32.32629818862294","222","7"
"24.139250787171292","223.5","7"
"14.503980164311718","225","7"
"30.42080349255498","226.5","7"
"31.826081394516542","228","7"
"20.712169691319527","229.5","7"
"20.444179607578643","231","7"
"36.03047834785149","232.5","7"
"20.931905530413093","234","7"
"14.107095753674395","235.5","7"
"30.44678882581622","237","7"
"28.537459228413407","238.5","7"
"20.3188387933003","240","7"
"20.334364829554218","241.5","7"
"23.970548232992687","243","7"
"15.744360793564606","244.5","7"
"30.083360052607873","246","7"
"19.7358571272229","247.5","7"
"15.909787739151879","249","7"
"33.03866987874797","250.5","7"
"34.75362521081011","252","7"
"9.328167507489686","253.5","7"
"12.05797259025648","255","7"
"34.754677587187324","256.5","7"
"27.655726377701516","258","7"
"15.927341864980429","259.5","7"
"27.34378389910693","261","7"
"20.126009987970537","262.5","7"
"22.514113339621492","264","7"
"29.971445748864003","265.5","7"
"21.114456242615056","267","7"
"16.626551881010283","268.5","7"
"26.140225988986607","270","7"
"32.658315966254406","271.5","7"
"17.47485784298562","273","7"
"21.98716548859582","274.5","7"
"29.039517681179934","276","7"
"14.192062949719567","277.5","7"
"16.770668204958945","279","7"
"28.380611589583435","280.5","7"
"21.271648865754116","282","7"
"25.532825357798824","283.5","7"
"31.989523809154065","285","7"
"18.150323181418305","286.5","7"
"18.853594603632413","288","7"
"31.212758532689424","289.5","7"
"21.427175807077585","291","7"
"19.249556442594677","292.5","7"
"35.71493618449643","294","7"
"32.63016664050889","295.5","7"
"20.474276875029005","297","7"
"26.775586030315413","298.5","7"
"15.466641455369466","1.5","8"
"15.66956540760252","3","8"
"32.21488568023774","4.5","8"
"29.390579289611004","6","8"
"12.71983369896516","7.5","8"
"20.133697214090194","9","8"
"34.930292023962636","10.5","8"
"15.26698440000277","12","8"
"12.103271817791617","13.5","8"
"30.69915007494846","15","8"
"26.276973935949766","16.5","8"
"18.067830115266588","18","8"
"20.212897248200626","19.5","8"
"27.178623532303956","21","8"
"26.588371060560792","22.5","8"
"18.941868770478834","24","8"
"24.883873283160984","25.5","8"
"23.6693786735046","27","8"
"11.199243049346224","28.5","8"
"23.466186400142256","30","8"
"32.16670984111522","31.5","8"
"21.330665575437955","33","8"
"16.16223784787888","34.5","8"
"34.357537923008174","36","8"
"25.42419188968127","37.5","8"
"11.57741119004307","39","8"
"27.780436463091526","40.5","8"
"32.66691966584164","42","8"
"20.46240453623042","43.5","8"
"19.139347894601293","45","8"
"28.13247378472002","46.5","8"
"23.79195787096525","48","8"
"22.778245871542584","49.5","8"
"22.08628052600356","51","8"
"16.70438243195434","52.5","8"
"19.529661051088507","54","8"
"39.39657039948464","55.5","8"
"30.346210218612356","57","8"
"11.576607097827699","58.5","8"
"14.282138701291222","60","8"
"24.04425813802265","61.5","8"
"26.251485171012213","63","8"
"21.800283306735324","64.5","8"
"17.34615778755617","66","8"
"13.892236738222923","67.5","8"
"17.464706941042483","69","8"
"37.993449520627365","70.5","8"
"27.34924266597749","72","8"
"-0.6937405228479204","73.5","8"
"11.897891159115064","75","8"
"38.716257857274776","76.5","8"
"23.830155300299175","78","8"
"7.106774338515107","79.5","8"
"25.035607139429487","81","8"
"30.566195213040267","82.5","8"
"17.660480309414456","84","8"
"19.614534160503926","85.5","8"
"25.663339194368476","87","8"
"18.092808373120494","88.5","8"
"18.18312108361152","90","8"
"24.782507136019202","91.5","8"
"22.78149708730398","93","8"
"25.169698010274676","94.5","8"
"25.69519274557419","96","8"
"23.715317341653044","97.5","8"
"10.142429790600106","99","8"
"18.36193446579837","100.5","8"
"33.70215485299235","102","8"
"16.421094559153932","103.5","8"
"15.804107545801513","105","8"
"22.47363692303359","106.5","8"
"28.121160738664955","108","8"
"27.74046706889729","109.5","8"
"22.33198253256342","111","8"
"13.72355596335676","112.5","8"
"16.26801561254899","114","8"
"34.64417806757971","115.5","8"
"21.639097228866827","117","8"
"20.369985330639963","118.5","8"
"20.73453443168035","120","8"
"28.416489957728498","121.5","8"
"21.57997423613827","123","8"
"21.92531224125949","124.5","8"
"25.391725033037183","126","8"
"24.08179173391333","127.5","8"
"10.752544995290709","129","8"
"23.18411119945864","130.5","8"
"25.939535723037647","132","8"
"21.593444305297627","133.5","8"
"27.558543600893668","135","8"
"29.410783522177546","136.5","8"
"24.49991445887196","138","8"
"20.329876548846094","139.5","8"
"26.832363826680176","141","8"
"23.21850334732264","142.5","8"
"27.037626005897042","144","8"
"27.677303578124423","145.5","8"
"20.508027839934698","147","8"
"18.415285069557203","148.5","8"
"27.850874244220144","150","8"
"28.287500673029808","151.5","8"
"20.3592385467084","153","8"
"21.214425029070533","154.5","8"
"30.446402025227243","156","8"
"15.935586641498613","157.5","8"
"18.95243435053088","159","8"
"31.62231763199571","160.5","8"
"14.979854656487529","162","8"
"13.45254116870388","163.5","8"
"37.19902731997945","165","8"
"28.35952050341424","166.5","8"
"13.471936953192557","168","8"
"29.838124994506778","169.5","8"
"28.930328405008854","171","8"
"20.102361139348112","172.5","8"
"23.204392095204977","174","8"
"30.12487664915802","175.5","8"
"20.205673485849744","177","8"
"21.067263086069932","178.5","8"
"29.46608555233121","180","8"
"21.908629287928633","181.5","8"
"18.492127710888873","183","8"
"26.17481676418008","184.5","8"
"29.00451222787756","186","8"
"14.37359961713421","187.5","8"
"18.509971065986658","189","8"
"34.41424428322813","190.5","8"
"23.772589963996495","192","8"
"14.718408820549328","193.5","8"
"26.64576738939892","195","8"
"29.151799619717828","196.5","8"
"23.658457655073498","198","8"
"24.44552367515088","199.5","8"
"28.96694726977696","201","8"
"16.42205981828138","202.5","8"
"25.052079269015902","204","8"
"31.269604280509007","205.5","8"
"18.078381756558667","207","8"
"20.12270475951428","208.5","8"
"31.769524875966194","210","8"
"25.534060680400554","211.5","8"
"19.03308227333248","213","8"
"25.716853578556876","214.5","8"
"21.322720482258976","216","8"
"17.05579250938449","217.5","8"
"22.481810263406967","219","8"
"28.189155752110036","220.5","8"
"16.25894844919298","222","8"
"23.58352985089176","223.5","8"
"30.394176976335434","225","8"
"19.97162428261905","226.5","8"
"23.85362294504208","228","8"
"27.270096644561914","229.5","8"
"23.008319043493795","231","8"
"19.27289689615292","232.5","8"
"25.17095598336135","234","8"
"15.403284564302112","235.5","8"
"22.996068615831213","237","8"
"36.05241795603344","238.5","8"
"32.00492613891331","240","8"
"14.807068045639731","241.5","8"
"22.52218562398513","243","8"
"32.29483840738619","244.5","8"
"31.136914255040114","246","8"
"19.291827474527825","247.5","8"
"19.10381799545531","249","8"
"27.305731084407622","250.5","8"
"19.606613460154886","252","8"
"25.61533758974549","253.5","8"
"28.68789678000534","255","8"
"15.113579634883687","256.5","8"
"20.90898149730875","258","8"
"26.43150425593587","259.5","8"
"29.295130146073568","261","8"
"23.511835839021465","262.5","8"
"22.56685760732193","264","8"
"19.99493685865736","265.5","8"
"22.512709009555206","267","8"
"29.08430291694143","268.5","8"
"18.61620706739055","270","8"
"20.96454139452174","271.5","8"
"30.195824937370283","273","8"
"29.500009009391448","274.5","8"
"15.141171410230676","276","8"
"30.260852737288218","277.5","8"
"31.225066457736858","279","8"
"27.62032889677518","280.5","8"
"19.33502891868851","282","8"
"25.321625266837668","283.5","8"
"29.66965068752257","285","8"
"26.115606654201752","286.5","8"
"25.523820918862647","288","8"
"20.085779242026987","289.5","8"
"13.143833353593237","291","8"
"28.590137287004016","292.5","8"
"30.691201497079494","294","8"
"15.669488744422722","295.5","8"
"28.192591656440943","297","8"
"30.433564427301214","298.5","8"
"16.060455280283204","1.5","9"
"13.538187879297254","3","9"
"27.631361425285988","4.5","9"
"31.717494969713865","6","9"
"22.17519413346329","7.5","9"
"22.421234154952256","9","9"
"25.434084924565095","10.5","9"
"21.687360185239122","12","9"
"19.832388267002475","13.5","9"
"27.110015213420496","15","9"
"17.276474441810553","16.5","9"
"20.829004377330378","18","9"
"36.19784103872864","19.5","9"
"29.293781571047138","21","9"
"9.055798910775387","22.5","9"
"20.214082042797493","24","9"
"35.39124333125294","25.5","9"
"27.670315032347915","27","9"
"5.441139566237463","28.5","9"
"19.837252894229604","30","9"
"25.5223277292016","31.5","9"
"16.30321098145586","33","9"
"26.57656667321703","34.5","9"
"24.554791356846753","36","9"
"14.539150269216156","37.5","9"
"27.67773567968328","39","9"
"36.460304404144146","40.5","9"
"15.570788385123889","42","9"
"11.336375183380865","43.5","9"
"31.410978153434925","45","9"
"32.41178111878675","46.5","9"
"20.229106283692737","48","9"
"22.435897730433453","49.5","9"
"30.06366458477999","51","9"
"21.140936401854987","52.5","9"
"20.323766144947264","54","9"
"24.281171756425763","55.5","9"
"24.48809613276823","57","9"
"22.665045717192115","58.5","9"
"26.36658622375265","60","9"
"21.04842833666977","61.5","9"
"18.561791890839537","63","9"
"27.37439341598594","64.5","9"
"29.625869042478417","66","9"
"14.06517144839533","67.5","9"
"16.611930121808975","69","9"
"33.19519866844379","70.5","9"
"32.32406450233885","72","9"
"13.746198607744347","73.5","9"
"14.167366080582417","75","9"
"24.831238783195257","76.5","9"
"21.970268226830534","78","9"
"27.206889595164164","79.5","9"
"24.237036415347546","81","9"
"15.269615340945807","82.5","9"
"21.75984173704733","84","9"
"35.30110833995144","85.5","9"
"20.244879732936","87","9"
"15.378475313912759","88.5","9"
"31.858833995739875","90","9"
"29.560161728012282","91.5","9"
"22.543151261314655","93","9"
"21.8463979517283","94.5","9"
"26.476306915147322","96","9"
"25.94165789924203","97.5","9"
"26.723381889563548","99","9"
"22.931551322996928","100.5","9"
"18.41559694931138","102","9"
"21.4129600142602","103.5","9"
"29.962521457797617","105","9"
"16.755161334499977","106.5","9"
"16.71984225909843","108","9"
"30.263821693160363","109.5","9"
"24.80574304887772","111","9"
"11.992650334034327","112.5","9"
"19.619738545005156","114","9"
"29.89130484845606","115.5","9"
"20.657000079385508","117","9"
"19.22056556421639","118.5","9"
"24.49792295854223","120","9"
"19.699064027955256","121.5","9"
"23.976979228370674","123","9"
"34.411045337816596","124.5","9"
"18.759133369707364","126","9"
"12.588331952783122","127.5","9"
"32.132239287726435","129","9"
"37.47992121075619","130.5","9"
"16.57224995688397","132","9"
"14.598924898972989","133.5","9"
"29.51835241750291","135","9"
"37.33074860163091","136.5","9"
"22.424649151143218","138","9"
"20.74382287285077","139.5","9"
"19.154379104876522","141","9"
"20.692352259341966","142.5","9"
"32.41479189093878","144","9"
"24.550900700472045","145.5","9"
"15.102965269171772","147","9"
"27.58594894532615","148.5","9"
"32.974851266256834","150","9"
"14.721325506071611","151.5","9"
"20.534994113428343","153","9"
"33.33830443229512","154.5","9"
"23.745560966083016","156","9"
"22.475813111932837","157.5","9"
"31.969608805856762","159","9"
"17.082453872503944","160.5","9"
"9.2596828951009","162","9"
"25.725103582110044","163.5","9"
"33.61646981080908","165","9"
"13.433468589211847","166.5","9"
"19.843892971007033","168","9"
"32.03585276258148","169.5","9"
"23.894099361629976","171","9"
"22.375199657829064","172.5","9"
"21.916670210082355","174","9"
"22.026850880555813","175.5","9"
"18.263004116960147","177","9"
"28.34892007646229","178.5","9"
"30.02692201351721","180","9"
"13.02278741972853","181.5","9"
"29.137988050939377","183","9"
"35.73634611979978","184.5","9"
"16.992958321815752","186","9"
"15.423086315174716","187.5","9"
"31.381692818752416","189","9"
"29.656175391328226","190.5","9"
"18.61769677236161","192","9"
"25.424665807520018","193.5","9"
"20.322671952290158","195","9"
"16.36272948649837","196.5","9"
"32.35844793847787","198","9"
"25.34687358816586","199.5","9"
"17.606746389756637","201","9"
"26.67771328488939","202.5","9"
"29.84769743791145","204","9"
"13.413915993673584","205.5","9"
"23.288575236002224","207","9"
"32.607080569319976","208.5","9"
"22.68253886094583","210","9"
"19.858056493474553","211.5","9"
"30.763334579888625","213","9"
"23.665284162765435","214.5","9"
"18.498827027396146","216","9"
"24.90702207876973","217.5","9"
"29.149809861733093","219","9"
"17.283358446887338","220.5","9"
"24.320771773480978","222","9"
"29.45284721505624","223.5","9"
"15.038657057736936","225","9"
"17.201520502453885","226.5","9"
"31.574375267102567","228","9"
"21.975723509011097","229.5","9"
"11.22277777437145","231","9"
"31.682303085496986","232.5","9"
"25.939215131558495","234","9"
"17.913132530160926","235.5","9"
"23.21523296576629","237","9"
"18.595725801969746","238.5","9"
"20.090849465963572","240","9"
"33.14396327150936","241.5","9"
"26.732199897585215","243","9"
"17.36729417469524","244.5","9"
"31.68691681504478","246","9"
"29.20067936621849","247.5","9"
"19.79174806998501","249","9"
"20.15114505687403","250.5","9"
"25.864618372925882","252","9"
"20.783030862282025","253.5","9"
"24.67544700543249","255","9"
"32.37387117637706","256.5","9"
"20.021319446577554","258","9"
"18.6905651247588","259.5","9"
"30.856257323182746","261","9"
"30.21982051264679","262.5","9"
"13.226879614280993","264","9"
"24.164378886694802","265.5","9"
"34.285279391359374","267","9"
"20.81488789817773","268.5","9"
"22.52094333200342","270","9"
"25.83715204641856","271.5","9"
"35.2671465513013","273","9"
"29.580693521437954","274.5","9"
"15.25167789921827","276","9"
"19.906955405770166","277.5","9"
"25.418771454400616","279","9"
"29.809205552273298","280.5","9"
"21.10096700766075","282","9"
"12.729886158416063","283.5","9"
"25.48290543133591","285","9"
"30.30616416123832","286.5","9"
"18.0278781445223","288","9"
"29.8384943716458","289.5","9"
"29.23643402786888","291","9"
"16.13857680284149","292.5","9"
"19.181977849603495","294","9"
"30.868188901711175","295.5","9"
"26.475531571624373","297","9"
"26.613739603693666","298.5","9"
"21.826857552605006","1.5","10"
"31.978571428513046","3","10"
"18.828799292003023","4.5","10"
"22.665510923305884","6","10"
"35.02329143043656","7.5","10"
"21.884252139098137","9","10"
"17.422928992743028","10.5","10"
"30.25549676877239","12","10"
"22.933697892031248","13.5","10"
"21.335058027171332","15","10"
"19.144608034142376","16.5","10"
"33.7009665737055","18","10"
"21.473166745575888","19.5","10"
"17.375894389592485","21","10"
"31.9712570642224","22.5","10"
"22.130945539960372","24","10"
"19.033787923055613","25.5","10"
"33.234415369600015","27","10"
"34.56282797974497","28.5","10"
"14.690864088517213","30","10"
"12.98872544624116","31.5","10"
"30.892264624857468","33","10"
"29.584010946309174","34.5","10"
"7.33153074471289","36","10"
"24.76254683175202","37.5","10"
"28.500065020122353","39","10"
"17.554847159378966","40.5","10"
"19.23737396638691","42","10"
"27.0487142894477","43.5","10"
"17.89344403171302","45","10"
"28.731171402655832","46.5","10"
"25.515624928004335","48","10"
"18.81646871647065","49.5","10"
"18.37695347965863","51","10"
"30.93494162317454","52.5","10"
"28.896601832933097","54","10"
"11.429525302696884","55.5","10"
"21.251766967011726","57","10"
"30.94525630554725","58.5","10"
"16.22851142446852","60","10"
"20.813448721211536","61.5","10"
"33.73156215182454","63","10"
"23.962117025559998","64.5","10"
"16.904487269984852","66","10"
"30.317461526188428","67.5","10"
"23.518744236928185","69","10"
"15.712017643415187","70.5","10"
"27.619638928157006","72","10"
"24.788404973828598","73.5","10"
"13.909234184825447","75","10"
"19.408205666149883","76.5","10"
"24.84473324518455","78","10"
"12.608430773477439","79.5","10"
"23.574011420181947","81","10"
"33.35221531473831","82.5","10"
"23.02409946211704","84","10"
"13.16888478993695","85.5","10"
"23.8004030171579","87","10"
"23.72218566562487","88.5","10"
"24.130981617823174","90","10"
"25.43772991029545","91.5","10"
"17.832346962104687","93","10"
"18.29485069878588","94.5","10"
"25.37381198413958","96","10"
"27.774665816466797","97.5","10"
"27.094923021070432","99","10"
"23.94396876008802","100.5","10"
"28.309621485091277","102","10"
"19.406212423475157","103.5","10"
"22.14892828265779","105","10"
"33.69428642299317","106.5","10"
"27.3664709732919","108","10"
"7.7443218939856235","109.5","10"
"25.540594474133265","111","10"
"37.69658878031287","112.5","10"
"22.384723315573865","114","10"
"21.30013794877373","115.5","10"
"29.832176628692515","117","10"
"23.5205144594435","118.5","10"
"22.93111922143807","120","10"
"31.646170334982596","121.5","10"
"18.21937928296558","123","10"
"15.807674126007075","124.5","10"
"27.693212930277326","126","10"
"26.511660837448773","127.5","10"
"13.439782847475138","129","10"
"28.155059802895256","130.5","10"
"31.252564146454098","132","10"
"21.22920011463144","133.5","10"
"18.508204328161334","135","10"
"37.23427147454619","136.5","10"
"24.73913319970397","138","10"
"15.601772506176902","139.5","10"
"31.626443504944792","141","10"
"21.747718500569412","142.5","10"
"14.025918157994195","144","10"
"29.854426374283644","145.5","10"
"23.452585655108244","147","10"
"20.42999343462618","148.5","10"
"30.252945975699138","150","10"
"25.46733583645711","151.5","10"
"18.388836272527186","153","10"
"30.066745050731836","154.5","10"
"32.668059159468626","156","10"
"16.74386745423986","157.5","10"
"14.223310164866884","159","10"
"34.68803986049365","160.5","10"
"33.593467372179944","162","10"
"19.78202752725573","163.5","10"
"18.635209081910272","165","10"
"24.738218468581394","166.5","10"
"21.447151792449727","168","10"
"23.639887742112634","169.5","10"
"23.263461075238677","171","10"
"19.601571113738228","172.5","10"
"27.291659906224854","174","10"
"30.196013110629785","175.5","10"
"17.331192786390766","177","10"
"22.586748217789296","178.5","10"
"21.209651003783165","180","10"
"15.377217340826087","181.5","10"
"31.36212628445419","183","10"
"30.688009521047938","184.5","10"
"15.99041301146854","186","10"
"21.87850936999333","187.5","10"
"35.333359145816104","189","10"
"21.133088879995753","190.5","10"
"16.98042737660891","192","10"
"28.86532674026585","193.5","10"
"23.141434201141568","195","10"
"16.981059847842236","196.5","10"
"20.91823334923427","198","10"
"25.544107041643972","199.5","10"
"19.925148972212025","201","10"
"26.74690006231132","202.5","10"
"18.834852198517005","204","10"
"19.715121479432767","205.5","10"
"23.924329047299988","207","10"
"31.509560033274074","208.5","10"
"22.349221293947803","210","10"
"21.24492826290482","211.5","10"
"26.83665173771383","213","10"
"14.225475899696155","214.5","10"
"19.586905795912035","216","10"
"33.97091853791119","217.5","10"
"24.40770433468095","219","10"
"8.299446948276733","220.5","10"
"27.75531881763799","222","10"
"32.338790802239885","223.5","10"
"17.62976799418072","225","10"
"21.843826250515104","226.5","10"
"27.51369564071234","228","10"
"24.907597052618208","229.5","10"
"26.717318528979593","231","10"
"21.85088797478142","232.5","10"
"13.008616927881027","234","10"
"19.710319576625473","235.5","10"
"33.40468080723949","237","10"
"21.361541671101254","238.5","10"
"15.771490847487819","240","10"
"29.061673340141308","241.5","10"
"25.841040960448268","243","10"
"19.319074265565728","244.5","10"
"24.617055797601996","246","10"
"26.056008001289456","247.5","10"
"19.60605590975636","249","10"
"25.037112525505503","250.5","10"
"31.532642619772997","252","10"
"22.427325393056137","253.5","10"
"24.66972862915762","255","10"
"30.587040628565106","256.5","10"
"19.83627892337718","258","10"
"18.66152023368565","259.5","10"
"26.91598419004391","261","10"
"25.663914168216955","262.5","10"
"19.126458026325402","264","10"
"23.339636398437115","265.5","10"
"25.294488243534474","267","10"
"27.232678043440924","268.5","10"
"24.750183151664736","270","10"
"29.2094433615453","271.5","10"
"12.98837784841458","273","10"
"16.831293099073527","274.5","10"
"35.384949981129594","276","10"
"27.88743212691341","277.5","10"
"11.188373430092485","279","10"
"21.76043936138075","280.5","10"
"32.59026345542448","282","10"
"20.801363816323516","283.5","10"
"24.588242638413238","285","10"
"27.48843512296918","286.5","10"
"23.18287587685691","288","10"
"28.14652405476284","289.5","10"
"27.210137326235568","291","10"
"14.855541825756468","292.5","10"
"21.059767517899765","294","10"
"34.16722854854174","295.5","10"
"18.90819795344293","297","10"
"9.548615965686368","298.5","10"
"9.77512255743202","1.5","11"
"9.044525938655216","3","11"
"42.83732541886022","4.5","11"
"26.944607433628175","6","11"
"10.443344967718868","7.5","11"
"24.290575192365882","9","11"
"35.911559817226156","10.5","11"
"23.380604156313712","12","11"
"15.177537634974449","13.5","11"
"27.598807451392126","15","11"
"27.599446892005435","16.5","11"
"16.672121172019704","18","11"
"28.072253114644365","19.5","11"
"20.183291322038965","21","11"
"12.447127958494255","22.5","11"
"28.02689638972438","24","11"
"35.01890420573817","25.5","11"
"19.354652950371587","27","11"
"4.397602540769966","28.5","11"
"27.842988390771012","30","11"
"38.623181787621064","31.5","11"
"15.830633006011325","33","11"
"15.63930435972259","34.5","11"
"26.622088920911576","36","11"
"27.32664619373228","37.5","11"
"24.027848732856068","39","11"
"26.801135777327808","40.5","11"
"22.34799468307105","42","11"
"23.446917806838243","43.5","11"
"33.36595893206194","45","11"
"26.575021213206117","46.5","11"
"13.327075776758369","48","11"
"14.462028852685224","49.5","11"
"37.569390626269445","51","11"
"24.106397129938227","52.5","11"
"11.548541404641961","54","11"
"22.48643444702473","55.5","11"
"33.465122755129556","57","11"
"15.714720020503037","58.5","11"
"15.471695998201092","60","11"
"31.054034388299417","61.5","11"
"19.046907780870896","63","11"
"7.02464716481242","64.5","11"
"28.077117741871493","66","11"
"25.521358985384165","67.5","11"
"20.56807079082082","69","11"
"26.879109200561487","70.5","11"
"28.7909338359977","72","11"
"20.279585502899167","73.5","11"
"20.5902247074372","75","11"
"36.25391667006026","76.5","11"
"21.789022531030117","78","11"
"5.069084442956941","79.5","11"
"26.001176404284543","81","11"
"37.26362998771851","82.5","11"
"16.032975015015918","84","11"
"14.917212126868284","85.5","11"
"36.81778132684825","87","11"
"19.011221070675326","88.5","11"
"22.024091006083115","90","11"
"36.90942867360574","91.5","11"
"20.14025888534283","93","11"
"17.350001400615998","94.5","11"
"29.704790301389586","96","11"
"33.021399755153666","97.5","11"
"11.07662726264067","99","11"
"21.630711322404018","100.5","11"
"29.390335361311653","102","11"
"9.893756214650608","103.5","11"
"16.18847059412947","105","11"
"34.23352129092633","106.5","11"
"20.498568648954727","108","11"
"10.869316956881725","109.5","11"
"34.80121213732419","111","11"
"28.194719059680313","112.5","11"
"5.97510601849081","114","11"
"22.35220418857991","115.5","11"
"38.04944848877919","117","11"
"15.594376251671473","118.5","11"
"10.993534829810537","120","11"
"44.5469003895766","121.5","11"
"24.602714555944942","123","11"
"11.422987153101685","124.5","11"
"22.422654166123497","126","11"
"25.99497888313594","127.5","11"
"29.045021749020368","129","11"
"24.50271789196954","130.5","11"
"21.249345107468134","132","11"
"8.571498438201871","133.5","11"
"27.076300837759707","135","11"
"32.34028921893592","136.5","11"
"11.906911279156196","138","11"
"18.719650089766837","139.5","11"
"41.46085893374242","141","11"
"22.456016588095217","142.5","11"
"15.464453070055256","144","11"
"28.851987346981147","145.5","11"
"21.80834513702899","147","11"
"15.189761927462104","148.5","11"
"31.934671304009207","150","11"
"24.673403234752897","151.5","11"
"12.153913075082617","153","11"
"19.88591833229583","154.5","11"
"28.80303790668067","156","11"
"18.83085177440759","157.5","11"
"31.943818615235003","159","11"
"23.345058576062765","160.5","11"
"17.311413686003103","162","11"
"25.33972648899477","163.5","11"
"26.99613031748684","165","11"
"13.75034277531588","166.5","11"
"26.279850547537155","168","11"
"37.34500795307318","169.5","11"
"16.986318245038323","171","11"
"16.052182626245095","172.5","11"
"29.48762790585421","174","11"
"24.669617119077916","175.5","11"
"14.877523250218303","177","11"
"30.432857035233084","178.5","11"
"21.83825423121985","180","11"
"20.219523386218096","181.5","11"
"28.176891385687487","183","11"
"21.2290258801319","184.5","11"
"14.445842467678053","186","11"
"31.1704404574414","187.5","11"
"31.725798985961895","189","11"
"8.631495216945616","190.5","11"
"20.83547718898825","192","11"
"35.92198600967856","193.5","11"
"15.653776277254298","195","11"
"24.361389320013505","196.5","11"
"31.397485433790628","198","11"
"14.266847010439184","199.5","11"
"19.348537319437767","201","11"
"30.305460253860183","202.5","11"
"25.921150498646295","204","11"
"22.653326704753123","205.5","11"
"18.85319037959348","207","11"
"18.460528542052487","208.5","11"
"26.3046632826165","210","11"
"32.267699641738","211.5","11"
"15.556321694627167","213","11"
"16.109484868453467","214.5","11"
"32.40694436907955","216","11"
"28.413993177350104","217.5","11"
"13.625608297095935","219","11"
"23.156972433810452","220.5","11"
"26.437604205764732","222","11"
"23.773804378458284","223.5","11"
"22.92372470927764","225","11"
"23.81586458664699","226.5","11"
"18.58452252364939","228","11"
"28.832260516943347","229.5","11"
"30.26363003521087","231","11"
"17.51490041566967","232.5","11"
"16.30437835260277","234","11"
"28.388920832866447","235.5","11"
"20.59981980132681","237","11"
"16.668681782998807","238.5","11"
"28.916213668201202","240","11"
"26.923760275758337","241.5","11"
"15.011861534052837","243","11"
"23.429410724324566","244.5","11"
"36.77006198211451","246","11"
"22.295079665561065","247.5","11"
"20.043098759019923","249","11"
"25.922492104292743","250.5","11"
"32.12454509222679","252","11"
"18.79843370342337","253.5","11"
"24.35869565465063","255","11"
"15.809757970621563","256.5","11"
"21.89598857498708","258","11"
"34.859977949328695","259.5","11"
"25.31359479875392","261","11"
"7.418340470590687","262.5","11"
"23.435273715234054","264","11"
"39.20849471130229","265.5","11"
"20.694981457940006","267","11"
"14.173956500527478","268.5","11"
"33.0785312475525","270","11"
"27.69724297425166","271.5","11"
"19.123908975597146","273","11"
"23.3216902449846","274.5","11"
"26.80593071075512","276","11"
"19.57855473634913","277.5","11"
"28.18737681786974","279","11"
"28.34301004223793","280.5","11"
"16.71582963857405","282","11"
"19.877116005379122","283.5","11"
"26.000699001755805","285","11"
"14.335834289359141","286.5","11"
"22.40010996422815","288","11"
"36.21661306370897","289.5","11"
"18.99384989107129","291","11"
"14.514318368341863","292.5","11"
"34.98681369561308","294","11"
"24.691014857966298","295.5","11"
"17.8072484824461","297","11"
"25.413682064669082","298.5","11"
"9.77512255743202","1.5","12"
"9.044525938655216","3","12"
"42.83732541886022","4.5","12"
"26.944607433628175","6","12"
"10.443344967718868","7.5","12"
"24.290575192365882","9","12"
"35.911559817226156","10.5","12"
"23.380604156313712","12","12"
"15.177537634974449","13.5","12"
"27.598807451392126","15","12"
"27.599446892005435","16.5","12"
"16.672121172019704","18","12"
"28.072253114644365","19.5","12"
"20.183291322038965","21","12"
"12.447127958494255","22.5","12"
"28.02689638972438","24","12"
"35.01890420573817","25.5","12"
"19.354652950371587","27","12"
"4.397602540769966","28.5","12"
"27.842988390771012","30","12"
"38.623181787621064","31.5","12"
"15.830633006011325","33","12"
"15.63930435972259","34.5","12"
"26.622088920911576","36","12"
"27.32664619373228","37.5","12"
"24.027848732856068","39","12"
"26.801135777327808","40.5","12"
"22.34799468307105","42","12"
"23.446917806838243","43.5","12"
"33.36595893206194","45","12"
"26.575021213206117","46.5","12"
"13.327075776758369","48","12"
"14.462028852685224","49.5","12"
"37.569390626269445","51","12"
"24.106397129938227","52.5","12"
"11.548541404641961","54","12"
"22.48643444702473","55.5","12"
"33.465122755129556","57","12"
"15.714720020503037","58.5","12"
"15.471695998201092","60","12"
"31.054034388299417","61.5","12"
"19.046907780870896","63","12"
"7.02464716481242","64.5","12"
"28.077117741871493","66","12"
"25.521358985384165","67.5","12"
"20.56807079082082","69","12"
"26.879109200561487","70.5","12"
"28.7909338359977","72","12"
"20.279585502899167","73.5","12"
"20.5902247074372","75","12"
"36.25391667006026","76.5","12"
"21.789022531030117","78","12"
"5.069084442956941","79.5","12"
"26.001176404284543","81","12"
"37.26362998771851","82.5","12"
"16.032975015015918","84","12"
"14.917212126868284","85.5","12"
"36.81778132684825","87","12"
"19.011221070675326","88.5","12"
"22.024091006083115","90","12"
"36.90942867360574","91.5","12"
"20.14025888534283","93","12"
"17.350001400615998","94.5","12"
"29.704790301389586","96","12"
"33.021399755153666","97.5","12"
"11.07662726264067","99","12"
"21.630711322404018","100.5","12"
"29.390335361311653","102","12"
"9.893756214650608","103.5","12"
"16.18847059412947","105","12"
"34.23352129092633","106.5","12"
"20.498568648954727","108","12"
"10.869316956881725","109.5","12"
"34.80121213732419","111","12"
"28.194719059680313","112.5","12"
"5.97510601849081","114","12"
"22.35220418857991","115.5","12"
"38.04944848877919","117","12"
"15.594376251671473","118.5","12"
"10.993534829810537","120","12"
"44.5469003895766","121.5","12"
"24.602714555944942","123","12"
"11.422987153101685","124.5","12"
"22.422654166123497","126","12"
"25.99497888313594","127.5","12"
"29.045021749020368","129","12"
"24.50271789196954","130.5","12"
"21.249345107468134","132","12"
"8.571498438201871","133.5","12"
"27.076300837759707","135","12"
"32.34028921893592","136.5","12"
"11.906911279156196","138","12"
"18.719650089766837","139.5","12"
"41.46085893374242","141","12"
"22.456016588095217","142.5","12"
"15.464453070055256","144","12"
"28.851987346981147","145.5","12"
"21.80834513702899","147","12"
"15.189761927462104","148.5","12"
"31.934671304009207","150","12"
"24.673403234752897","151.5","12"
"12.153913075082617","153","12"
"19.88591833229583","154.5","12"
"28.80303790668067","156","12"
"18.83085177440759","157.5","12"
"31.943818615235003","159","12"
"23.345058576062765","160.5","12"
"17.311413686003103","162","12"
"25.33972648899477","163.5","12"
"26.99613031748684","165","12"
"13.75034277531588","166.5","12"
"26.279850547537155","168","12"
"37.34500795307318","169.5","12"
"16.986318245038323","171","12"
"16.052182626245095","172.5","12"
"29.48762790585421","174","12"
"24.669617119077916","175.5","12"
"14.877523250218303","177","12"
"30.432857035233084","178.5","12"
"21.83825423121985","180","12"
"20.219523386218096","181.5","12"
"28.176891385687487","183","12"
"21.2290258801319","184.5","12"
"14.445842467678053","186","12"
"31.1704404574414","187.5","12"
"31.725798985961895","189","12"
"8.631495216945616","190.5","12"
"20.83547718898825","192","12"
"35.92198600967856","193.5","12"
"15.653776277254298","195","12"
"24.361389320013505","196.5","12"
"31.397485433790628","198","12"
"14.266847010439184","199.5","12"
"19.348537319437767","201","12"
"30.305460253860183","202.5","12"
"25.921150498646295","204","12"
"22.653326704753123","205.5","12"
"18.85319037959348","207","12"
"18.460528542052487","208.5","12"
"26.3046632826165","210","12"
"32.267699641738","211.5","12"
"15.556321694627167","213","12"
"16.109484868453467","214.5","12"
"32.40694436907955","216","12"
"28.413993177350104","217.5","12"
"13.625608297095935","219","12"
"23.156972433810452","220.5","12"
"26.437604205764732","222","12"
"23.773804378458284","223.5","12"
"22.92372470927764","225","12"
"23.81586458664699","226.5","12"
"18.58452252364939","228","12"
"28.832260516943347","229.5","12"
"30.26363003521087","231","12"
"17.51490041566967","232.5","12"
"16.30437835260277","234","12"
"28.388920832866447","235.5","12"
"20.59981980132681","237","12"
"16.668681782998807","238.5","12"
"28.916213668201202","240","12"
"26.923760275758337","241.5","12"
"15.011861534052837","243","12"
"23.429410724324566","244.5","12"
"36.77006198211451","246","12"
"22.295079665561065","247.5","12"
"20.043098759019923","249","12"
"25.922492104292743","250.5","12"
"32.12454509222679","252","12"
"18.79843370342337","253.5","12"
"24.35869565465063","255","12"
"15.809757970621563","256.5","12"
"21.89598857498708","258","12"
"34.859977949328695","259.5","12"
"25.31359479875392","261","12"
"7.418340470590687","262.5","12"
"23.435273715234054","264","12"
"39.20849471130229","265.5","12"
"20.694981457940006","267","12"
"14.173956500527478","268.5","12"
"33.0785312475525","270","12"
"27.69724297425166","271.5","12"
"19.123908975597146","273","12"
"23.3216902449846","274.5","12"
"26.80593071075512","276","12"
"19.57855473634913","277.5","12"
"28.18737681786974","279","12"
"28.34301004223793","280.5","12"
"16.71582963857405","282","12"
"19.877116005379122","283.5","12"
"26.000699001755805","285","12"
"14.335834289359141","286.5","12"
"22.40010996422815","288","12"
"36.21661306370897","289.5","12"
"18.99384989107129","291","12"
"14.514318368341863","292.5","12"
"34.98681369561308","294","12"
"24.691014857966298","295.5","12"
"17.8072484824461","297","12"
"25.413682064669082","298.5","12"
"6.878923963191761","1.5","13"
"29.12204210954157","3","13"
"32.64041162908178","4.5","13"
"12.651326436091436","6","13"
"19.819020996197846","7.5","13"
"43.29009815874216","9","13"
"13.100078714896513","10.5","13"
"10.471464673599462","12","13"
"27.99046569821578","13.5","13"
"30.329197962077373","15","13"
"14.536384296535974","16.5","13"
"15.636363281370373","18","13"
"32.44557564231733","19.5","13"
"16.85512489392047","21","13"
"14.726702382727384","22.5","13"
"34.138410162318","24","13"
"25.85508426111111","25.5","13"
"13.313223262872523","27","13"
"26.65746026666298","28.5","13"
"29.11408307760263","30","13"
"18.807140201365332","31.5","13"
"19.162029741751276","33","13"
"24.31854157188688","34.5","13"
"12.180158017748171","36","13"
"20.43150404773718","37.5","13"
"37.43197536117306","39","13"
"26.62460835177491","40.5","13"
"13.503835805368151","42","13"
"25.252884529734562","43.5","13"
"27.873157094366185","45","13"
"14.936759495371561","46.5","13"
"23.5027146629706","48","13"
"27.179515612941596","49.5","13"
"12.620054828114181","51","13"
"14.472022072406281","52.5","13"
"31.184835711793312","54","13"
"29.472246484234912","55.5","13"
"8.204016099361748","57","13"
"22.696421865869095","58.5","13"
"34.02884453962792","60","13"
"28.43728658759347","61.5","13"
"17.412075925766747","63","13"
"20.713769164025294","64.5","13"
"23.884742969004733","66","13"
"28.475511894447322","67.5","13"
"33.60403643692198","69","13"
"12.796557860837146","70.5","13"
"14.247123665091374","72","13"
"36.24677305557916","73.5","13"
"24.660788656986277","75","13"
"10.811115664655729","76.5","13"
"23.56534151148489","78","13"
"33.48330238281145","79.5","13"
"14.842739074730344","81","13"
"20.87486638229902","82.5","13"
"29.444264423608953","84","13"
"18.2754932458871","85.5","13"
"17.53374213444981","87","13"
"36.14289444695403","88.5","13"
"28.965177047261644","90","13"
"17.28485512123838","91.5","13"
"28.90186023012918","93","13"
"25.055529112106772","94.5","13"
"19.25427645518719","96","13"
"31.92189643050301","97.5","13"
"21.00849030468545","99","13"
"8.723982373990891","100.5","13"
"23.279136953162197","102","13"
"32.08612290038846","103.5","13"
"21.24067694111607","105","13"
"19.827361601690775","106.5","13"
"25.190461535584735","108","13"
"16.5772644257807","109.5","13"
"24.80122689064967","111","13"
"33.6542159727892","112.5","13"
"23.941924989408427","114","13"
"12.359755455182947","115.5","13"
"25.620578563491623","117","13"
"29.358147279866824","118.5","13"
"18.627237853556366","120","13"
"25.77952921273103","121.5","13"
"22.427428191410865","123","13"
"21.855196793955017","124.5","13"
"30.56817451695503","126","13"
"32.43733086579914","127.5","13"
"11.550255872117425","129","13"
"16.91969097241462","130.5","13"
"32.25048178849356","132","13"
"21.038221679686778","133.5","13"
"10.585914089311624","135","13"
"23.797479362255636","136.5","13"
"26.368393035512867","138","13"
"19.29615197480638","139.5","13"
"21.025871938359455","141","13"
"28.072294930924254","142.5","13"
"21.3119405937725","144","13"
"25.046942835969492","145.5","13"
"21.00330857066916","147","13"
"17.023970320388692","148.5","13"
"26.06301222817092","150","13"
"30.76362032446787","151.5","13"
"17.373272160374423","153","13"
"12.974815434970466","154.5","13"
"32.46873837668604","156","13"
"34.55145743630506","157.5","13"
"11.203500469342458","159","13"
"21.254268974425106","160.5","13"
"28.78456556503955","162","13"
"21.900483825075185","163.5","13"
"26.84637228044311","165","13"
"25.53069795455945","166.5","13"
"12.638765871019672","168","13"
"25.294882013503432","169.5","13"
"35.20472181480648","171","13"
"19.794223942223457","172.5","13"
"18.893520439201765","174","13"
"33.90746581786909","175.5","13"
"18.447082865723065","177","13"
"16.892747349405916","178.5","13"
"31.969671530276596","180","13"
"24.391274021374425","181.5","13"
"13.118059715248934","183","13"
"25.898740457315593","184.5","13"
"25.929043321475408","186","13"
"17.47670995571572","187.5","13"
"27.28344997660658","189","13"
"27.440220952256755","190.5","13"
"21.658609750470198","192","13"
"23.776736745085525","193.5","13"
"30.804237871000392","195","13"
"16.992850296426038","196.5","13"
"17.585489780812885","198","13"
"34.062032727100096","199.5","13"
"18.243510761151725","201","13"
"10.91279804741417","202.5","13"
"28.70860629262054","204","13"
"29.731033501710147","205.5","13"
"24.065053025542625","207","13"
"26.804366084949258","208.5","13"
"23.372869886879176","210","13"
"15.871649549547794","211.5","13"
"31.20013001616284","213","13"
"24.651979360689587","214.5","13"
"12.00577019184961","216","13"
"30.881929034344818","217.5","13"
"26.56371339418604","219","13"
"16.501038574577397","220.5","13"
"24.01464350013601","222","13"
"32.28693861517709","223.5","13"
"12.925674336720496","225","13"
"14.981253759518827","226.5","13"
"28.47406400575615","228","13"
"18.76422798647388","229.5","13"
"13.759400355774414","231","13"
"31.337060909350516","232.5","13"
"29.388157430067416","234","13"
"17.39942127406523","235.5","13"
"22.538983572085684","237","13"
"27.424797714357567","238.5","13"
"19.759396208110616","240","13"
"27.859903075986253","241.5","13"
"28.13981951122058","243","13"
"17.93561400763644","244.5","13"
"17.120302832838792","246","13"
"36.46142995901117","247.5","13"
"23.611492745722767","249","13"
"21.27243814803703","250.5","13"
"31.95476054180605","252","13"
"26.323599088026395","253.5","13"
"20.996482062977222","255","13"
"27.669307956940578","256.5","13"
"29.968218925932543","258","13"
"23.220836347271465","259.5","13"
"31.50132919551585","261","13"
"19.073790421804762","262.5","13"
"17.54376932989828","264","13"
"30.276655806396402","265.5","13"
"28.824977514862617","267","13"
"8.814555565058729","268.5","13"
"22.24028640014605","270","13"
"31.78479827219578","271.5","13"
"22.595212529776898","273","13"
"17.61431165172662","274.5","13"
"26.319718885721663","276","13"
"26.458336368864874","277.5","13"
"25.761077779229854","279","13"
"26.13950465815852","280.5","13"
"24.950700925459152","282","13"
"23.00024153209517","283.5","13"
"32.24441145852962","285","13"
"23.334053925071885","286.5","13"
"15.55926103063439","288","13"
"30.429452493112095","289.5","13"
"31.264656020722104","291","13"
"14.946621168045466","292.5","13"
"21.700981838413078","294","13"
"26.138915745550076","295.5","13"
"23.105196909927454","297","13"
"23.24560726607092","298.5","13"
"23.797664050825148","1.5","14"
"9.525047264933733","3","14"
"33.24717630434625","4.5","14"
"29.906975499344593","6","14"
"16.13761328605904","7.5","14"
"15.087151745993616","9","14"
"28.175678713570697","10.5","14"
"14.435252494796075","12","14"
"19.94188245354775","13.5","14"
"32.64428660435153","15","14"
"25.637791189701076","16.5","14"
"13.369051481214798","18","14"
"29.508177122729837","19.5","14"
"36.9731601688471","21","14"
"10.68999480995622","22.5","14"
"9.57508915554632","24","14"
"32.94216835883332","25.5","14"
"30.449308256679554","27","14"
"13.18134081430899","28.5","14"
"24.947775528211896","30","14"
"23.414565944963847","31.5","14"
"13.319725694395316","33","14"
"30.2176251579526","34.5","14"
"32.04240746445413","36","14"
"16.032462765587272","37.5","14"
"23.81813486217598","39","14"
"32.45049253989432","40.5","14"
"18.25462343753232","42","14"
"13.030863188782162","43.5","14"
"33.51419067488972","45","14"
"21.090814363372612","46.5","14"
"17.04309778374808","48","14"
"32.26225307128241","49.5","14"
"19.53855223759998","51","14"
"17.704042418989186","52.5","14"
"29.49988356055178","54","14"
"23.068008298345855","55.5","14"
"14.093334712900807","57","14"
"27.166608321215747","58.5","14"
"33.34040221566957","60","14"
"14.099378907689813","61.5","14"
"19.220945395425385","63","14"
"27.776329755937393","64.5","14"
"23.82804532050976","66","14"
"17.67222022999339","67.5","14"
"27.27332520983837","69","14"
"15.14244332207731","70.5","14"
"15.557800945528253","72","14"
"26.198408115417656","73.5","14"
"30.116283403640754","75","14"
"17.149450522266665","76.5","14"
"21.871175839907735","78","14"
"25.69794390832191","79.5","14"
"20.287933077772077","81","14"
"30.42608279789101","82.5","14"
"20.682884356637018","84","14"
"18.893956025450613","85.5","14"
"21.523473472627774","87","14"
"31.795457938877572","88.5","14"
"19.99743189669076","90","14"
"17.807551650475297","91.5","14"
"23.895425286171466","93","14"
"25.5525992311515","94.5","14"
"22.395243594656026","96","14"
"26.864808032839328","97.5","14"
"24.315171876665797","99","14"
"13.832177235059342","100.5","14"
"23.43843781374568","102","14"
"28.068648202848905","103.5","14"
"27.510785924570037","105","14"
"24.99734524333073","106.5","14"
"19.619437119320953","108","14"
"21.974916803278234","109.5","14"
"19.578990322597978","111","14"
"25.48681873819556","112.5","14"
"18.623390755806543","114","14"
"21.787787208428387","115.5","14"
"32.31433873257459","117","14"
"28.88578709754671","118.5","14"
"21.14939025977262","120","14"
"22.725510315567124","121.5","14"
"27.876796853061553","123","14"
"25.50442513437397","124.5","14"
"23.985628228927787","126","14"
"28.400716508485235","127.5","14"
"16.969473253622894","129","14"
"21.58920692226884","130.5","14"
"33.14052039779847","132","14"
"15.744179589685086","133.5","14"
"16.920332155372925","135","14"
"34.47606268366455","136.5","14"
"31.08605520462469","138","14"
"9.518765240052854","139.5","14"
"24.147972966218212","141","14"
"30.652044035653105","142.5","14"
"21.64752146691954","144","14"
"21.85545291866934","145.5","14"
"23.48957912405036","147","14"
"26.679845915163746","148.5","14"
"26.066798343845903","150","14"
"26.893987084477118","151.5","14"
"24.15681362472482","153","14"
"13.400469446171664","154.5","14"
"21.549652206183506","156","14"
"27.46344989573529","157.5","14"
"25.311375051229792","159","14"
"21.421941802711434","160.5","14"
"27.59680723933742","162","14"
"15.857700335514703","163.5","14"
"17.618224958586264","165","14"
"33.36315027192938","166.5","14"
"18.92506908003329","168","14"
"20.097022594282237","169.5","14"
"33.80581044145808","171","14"
"22.20687519251446","172.5","14"
"16.3910635008134","174","14"
"28.307535898131796","175.5","14"
"29.217139299389938","177","14"
"19.25912888599935","178.5","14"
"22.944608456392377","180","14"
"25.239210606210744","181.5","14"
"26.882956298311306","183","14"
"21.516512804371192","184.5","14"
"32.07926154579661","186","14"
"22.544667101460643","187.5","14"
"15.860725046426701","189","14"
"26.107813145037376","190.5","14"
"26.400351127418304","192","14"
"24.002748510852484","193.5","14"
"25.538024515265064","195","14"
"20.642829587538003","196.5","14"
"15.692201953782622","198","14"
"31.15745998722575","199.5","14"
"31.582710645560514","201","14"
"9.579749928408987","202.5","14"
"23.649052476788384","204","14"
"25.66721416963822","205.5","14"
"15.295483937092358","207","14"
"24.57501475520824","208.5","14"
"31.2263732164834","210","14"
"21.750858206251102","211.5","14"
"17.538869855771242","213","14"
"28.840881639980534","214.5","14"
"23.288831360716546","216","14"
"14.593007895368645","217.5","14"
"29.51240405168865","219","14"
"22.54985406251192","220.5","14"
"15.676999993697846","222","14"
"21.850935018096294","223.5","14"
"34.12790033730581","225","14"
"21.479954921677926","226.5","14"
"23.49036317929828","228","14"
"32.012686543522776","229.5","14"
"26.420842846909082","231","14"
"21.715591401199422","232.5","14"
"24.7300904291779","234","14"
"28.342804445528472","235.5","14"
"19.809784825377285","237","14"
"27.073690804956613","238.5","14"
"24.8981152111533","240","14"
"21.85914146302458","241.5","14"
"23.600235454707555","243","14"
"24.760860241796482","244.5","14"
"19.88626680129491","246","14"
"29.06345924376158","247.5","14"
"32.755239133657945","249","14"
"11.48129124368241","250.5","14"
"15.809782363451498","252","14"
"38.69233197579808","253.5","14"
"23.996392436309304","255","14"
"8.48728306402221","256.5","14"
"29.90560950086821","258","14"
"35.515176330775006","259.5","14"
"15.897641852189016","261","14"
"24.503310289267972","262.5","14"
"24.717204045592","264","14"
"18.261882046783114","265.5","14"
"21.463920120685355","267","14"
"24.221750822702994","268.5","14"
"26.101897883778026","270","14"
"33.04819005180278","271.5","14"
"26.354537908109528","273","14"
"15.105707720194516","274.5","14"
"21.121702655450882","276","14"
"35.19337217950652","277.5","14"
"27.190542914417417","279","14"
"17.868847347413105","280.5","14"
"23.095237665933805","282","14"
"27.047405788356166","283.5","14"
"19.459651886828755","285","14"
"21.62735208125291","286.5","14"
"31.129450049079864","288","14"
"21.749791891113926","289.5","14"
"27.054352517852784","291","14"
"29.771661502312643","292.5","14"
"26.44088504139105","294","14"
"23.700838454741355","295.5","14"
"24.35997627822224","297","14"
"25.708871896132994","298.5","14"
"23.907788966258753","1.5","15"
"6.3623552613036285","3","15"
"36.33577552263366","4.5","15"
"34.101800009274875","6","15"
"12.201729119963593","7.5","15"
"12.135561826418675","9","15"
"33.020235868696744","10.5","15"
"16.735188833817823","12","15"
"15.314393607327322","13.5","15"
"29.308797100217404","15","15"
"27.332916893370687","16.5","15"
"9.52490439264411","18","15"
"26.794436460820535","19.5","15"
"37.784364636490615","21","15"
"11.211640705160919","22.5","15"
"17.19696427029094","24","15"
"33.36023010171711","25.5","15"
"17.267226074575024","27","15"
"16.72127969371963","28.5","15"
"33.029135766933194","30","15"
"19.18956750440341","31.5","15"
"19.325221258709465","33","15"
"36.43424240770311","34.5","15"
"20.94152850182263","36","15"
"11.72377252551829","37.5","15"
"28.088516162831333","39","15"
"32.40353982695856","40.5","15"
"11.41797007068746","42","15"
"14.367202597483638","43.5","15"
"28.515631130311164","45","15"
"28.461925088173274","46.5","15"
"14.685544709246289","48","15"
"29.034773275757487","49.5","15"
"24.960778648912488","51","15"
"14.60964641890212","52.5","15"
"25.3277356707365","54","15"
"38.72350252776561","55.5","15"
"17.47658450687605","57","15"
"14.79531941333582","58.5","15"
"27.28057336501919","60","15"
"27.2178350064252","61.5","15"
"26.801167139537725","63","15"
"23.140632722443687","64.5","15"
"14.208653558765667","66","15"
"20.665168192723897","67.5","15"
"35.11908904297307","69","15"
"23.232269615131212","70.5","15"
"18.05595080708802","72","15"
"32.65520065340265","73.5","15"
"18.816010479736864","75","15"
"15.309931461794129","76.5","15"
"33.45759930943946","78","15"
"23.37445890551497","79.5","15"
"15.661458276338971","81","15"
"28.369734129777214","82.5","15"
"30.658574344695825","84","15"
"17.373688580828322","85.5","15"
"25.93236074634663","87","15"
"24.293434380503314","88.5","15"
"23.831869767774638","90","15"
"19.83282908028631","91.5","15"
"17.792088338641214","93","15"
"20.686491010777473","94.5","15"
"32.35059693192865","96","15"
"33.197836578766804","97.5","15"
"8.859605637259525","99","15"
"11.764573889447828","100.5","15"
"35.18749350749207","102","15"
"34.51073534907281","103.5","15"
"9.588897239634782","105","15"
"15.896483192767082","106.5","15"
"31.34750452525288","108","15"
"27.518870405348643","109.5","15"
"18.091024211845212","111","15"
"20.5664538946651","112.5","15"
"19.06556481108153","114","15"
"24.94201707800213","115.5","15"
"28.727277261591137","117","15"
"11.949691947000497","118.5","15"
"25.431143846212876","120","15"
"37.94285530665124","121.5","15"
"16.82413031879748","123","15"
"8.910553547269714","124.5","15"
"33.55533092492086","126","15"
"34.889998553599256","127.5","15"
"9.937000346263682","129","15"
"20.66751338908769","130.5","15"
"37.11696635538659","132","15"
"25.705122369702917","133.5","15"
"12.655715403134822","135","15"
"25.441582235080258","136.5","15"
"24.671479685877987","138","15"
"18.580034242941267","139.5","15"
"27.49210798621946","141","15"
"24.269198361617445","142.5","15"
"11.362051250405424","144","15"
"23.24169221686628","145.5","15"
"27.234167748411984","147","15"
"16.631346814437595","148.5","15"
"24.732358962361896","150","15"
"29.102993051706974","151.5","15"
"22.43473210163154","153","15"
"22.857496433657882","154.5","15"
"31.228819468856926","156","15"
"18.27892915021801","157.5","15"
"22.03996551133611","159","15"
"31.447999499896966","160.5","15"
"20.71196060992008","162","15"
"11.655921255535329","163.5","15"
"21.914021845689366","165","15"
"27.10134007768845","166.5","15"
"17.62690009431831","168","15"
"20.396258150825446","169.5","15"
"31.1995411035544","171","15"
"19.81619665496032","172.5","15"
"15.141005887456116","174","15"
"34.175779977779115","175.5","15"
"22.556846092978418","177","15"
"18.5603701373233","178.5","15"
"25.65251748960211","180","15"
"27.045116347032224","181.5","15"
"13.10878347049348","183","15"
"28.78693515423328","184.5","15"
"26.244066266021843","186","15"
"16.965593051318162","187.5","15"
"28.33908628130831","189","15"
"27.504797484820884","190.5","15"
"14.324594421793881","192","15"
"19.966118472433617","193.5","15"
"32.93220214545969","195","15"
"16.72663043520047","196.5","15"
"16.60015186964014","198","15"
"32.415879114215905","199.5","15"
"32.39499536710117","201","15"
"16.637242909901993","202.5","15"
"27.974693991317512","204","15"
"24.720845546632365","205.5","15"
"23.036872593278243","207","15"
"24.213025158966083","208.5","15"
"27.368797003860745","210","15"
"18.581703409446853","211.5","15"
"26.814712129531884","213","15"
"23.207695581316237","214.5","15"
"21.40217141404875","216","15"
"23.925066059233036","217.5","15"
"27.768332392408556","219","15"
"19.56748910328341","220.5","15"
"27.856592620495015","222","15"
"29.018295919136087","223.5","15"
"23.24673456328294","225","15"
"22.501568455654684","226.5","15"
"24.67512641395334","228","15"
"27.86031949644015","229.5","15"
"25.86198046260286","231","15"
"29.64650189191382","232.5","15"
"23.47760921393203","234","15"
"12.851412108326999","235.5","15"
"24.380262401003563","237","15"
"29.12102458006426","238.5","15"
"21.829967638421774","240","15"
"23.213936661089722","241.5","15"
"28.379641103421","243","15"
"18.468161755477286","244.5","15"
"24.246110548083536","246","15"
"34.701508187308015","247.5","15"
"24.222344962346423","249","15"
"15.646472367033624","250.5","15"
"25.992539600142393","252","15"
"27.81824709183648","253.5","15"
"16.0448490961595","255","15"
"23.521775917220165","256.5","15"
"23.426422602657475","258","15"
"18.144216262209465","259.5","15"
"29.14745246895433","261","15"
"31.336517297711953","262.5","15"
"17.28864472160335","264","15"
"27.565857965184314","265.5","15"
"29.552847363721636","267","15"
"21.461475610656823","268.5","15"
"14.82530342836148","270","15"
"34.25248148916616","271.5","15"
"28.027589843032548","273","15"
"16.13317204866579","274.5","15"
"19.20590547342518","276","15"
"24.243125911106436","277.5","15"
"22.544599150005823","279","15"
"18.068934761993663","280.5","15"
"24.78593607097013","282","15"
"23.628433566112943","283.5","15"
"28.412282194564632","285","15"
"23.927026197352852","286.5","15"
"15.079537698363763","288","15"
"20.595981415301967","289.5","15"
"33.23724145318254","291","15"
"31.36744740607011","292.5","15"
"13.83892795074398","294","15"
"20.274358467912997","295.5","15"
"37.692745167253044","297","15"
"21.664120787690614","298.5","15"
"34.43378642469642","1.5","16"
"28.911589484583438","3","16"
"18.215235986566544","4.5","16"
"17.571408148560145","6","16"
"32.06110979563464","7.5","16"
"20.71611784507908","9","16"
"19.11907396823494","10.5","16"
"24.115370206664483","12","16"
"19.97503230943003","13.5","16"
"22.387277593337103","15","16"
"28.295520687043588","16.5","16"
"26.65596010762195","18","16"
"17.824508151970427","19.5","16"
"18.314169820094758","21","16"
"30.920825144021897","22.5","16"
"24.435620186197085","24","16"
"8.812641599081294","25.5","16"
"25.66203766265692","27","16"
"38.10554502825075","28.5","16"
"14.716807605498566","30","16"
"12.271632001178627","31.5","16"
"25.565381074037678","33","16"
"22.262787043416512","34.5","16"
"21.594242299305517","36","16"
"29.501019569488776","37.5","16"
"23.413520537966612","39","16"
"13.41641190287948","40.5","16"
"27.68216820535155","42","16"
"27.463300054065687","43.5","16"
"8.770314812108293","45","16"
"24.888183844679578","46.5","16"
"33.752515592739094","48","16"
"13.112382284081457","49.5","16"
"17.814737081236284","51","16"
"32.71686224278949","52.5","16"
"32.60856853194604","54","16"
"11.189413610054732","55.5","16"
"21.9153686783708","57","16"
"33.1800751138838","58.5","16"
"22.226354609562915","60","16"
"14.883006409918794","61.5","16"
"23.928627412403614","63","16"
"16.539504325040614","64.5","16"
"16.5828573532159","66","16"
"34.394074897561495","67.5","16"
"31.826046547616635","69","16"
"15.015865442852244","70.5","16"
"17.315062156423448","72","16"
"29.247598974599338","73.5","16"
"24.484179341218596","75","16"
"21.622694793080232","76.5","16"
"26.81872300771127","78","16"
"25.936218298166423","79.5","16"
"15.21550333242399","81","16"
"28.788599093703876","82.5","16"
"22.39769158937455","84","16"
"15.00825139522239","85.5","16"
"32.83845004594776","87","16"
"35.92028548096307","88.5","16"
"14.439979476768567","90","16"
"18.70452479286186","91.5","16"
"38.724750046782304","93","16"
"25.8726610374246","94.5","16"
"13.6917581671909","96","16"
"24.721538999940528","97.5","16"
"26.754925303360082","99","16"
"14.078737346529433","100.5","16"
"28.148358744042987","102","16"
"29.86898889375511","103.5","16"
"16.095253394531127","105","16"
"20.905378327858287","106.5","16"
"29.906836111744965","108","16"
"19.725134736121273","109.5","16"
"25.239851789169045","111","16"
"33.90830214346688","112.5","16"
"20.782682393282947","114","16"
"15.077185532619987","115.5","16"
"23.142235679839448","117","16"
"32.78994316127611","118.5","16"
"22.93955217121576","120","16"
"20.50673327760312","121.5","16"
"23.677139078114063","123","16"
"18.63422988402286","124.5","16"
"22.944012574403956","126","16"
"28.876232077591997","127.5","16"
"23.961026317592886","129","16"
"21.20341689338966","130.5","16"
"28.419444974840676","132","16"
"30.397971803735395","133.5","16"
"15.226668279154447","135","16"
"18.654631001573883","136.5","16"
"27.550962657818726","138","16"
"26.318720522039303","139.5","16"
"24.947907946431545","141","16"
"26.794493958205383","142.5","16"
"22.384050770405644","144","16"
"20.520196377382497","145.5","16"
"28.598301915652414","147","16"
"28.518307372224083","148.5","16"
"17.561211945647123","150","16"
"15.25507547195928","151.5","16"
"29.357094903489607","153","16"
"20.419622997213622","154.5","16"
"19.949033037408824","156","16"
"27.09112819367047","157.5","16"
"19.662753558251335","159","16"
"13.883562473663375","160.5","16"
"30.365633880620962","162","16"
"29.36349976369266","163.5","16"
"18.16369916394791","165","16"
"22.407295394989138","166.5","16"
"30.321907990616662","168","16"
"27.191386209395183","169.5","16"
"26.467842603159717","171","16"
"28.05465891488092","172.5","16"
"30.33119817413208","174","16"
"18.631335848985522","175.5","16"
"23.720262116749957","177","16"
"30.040317161841767","178.5","16"
"19.3056686631712","180","16"
"22.44111082665966","181.5","16"
"32.0994100233233","183","16"
"19.29524595540878","184.5","16"
"18.695389678051033","186","16"
"30.275617368779148","187.5","16"
"26.224116415824632","189","16"
"13.290436875022817","190.5","16"
"34.31352280373464","192","16"
"24.300191194395435","193.5","16"
"11.839912887048477","195","16"
"23.359150662385478","196.5","16"
"31.021835852784616","198","16"
"26.53478698257258","199.5","16"
"21.97498301238806","201","16"
"22.316911248353296","202.5","16"
"20.814187475489582","204","16"
"26.115843613121125","205.5","16"
"30.075505561368654","207","16"
"13.710261871041938","208.5","16"
"18.64535824150842","210","16"
"36.57236854955762","211.5","16"
"20.328292757245286","213","16"
"9.105710125513319","214.5","16"
"31.768848846107982","216","16"
"32.39575851420915","217.5","16"
"18.416746897008334","219","16"
"17.540443193302078","220.5","16"
"27.618501176875018","222","16"
"18.180183489949293","223.5","16"
"18.629035953591607","225","16"
"32.75179625994705","226.5","16"
"26.63220323360981","228","16"
"8.949472307431733","229.5","16"
"24.56952288378277","231","16"
"28.059204692973893","232.5","16"
"21.9360416017411","234","16"
"22.675956281553248","235.5","16"
"21.354821446454036","237","16"
"20.867724510162923","238.5","16"
"26.91027452549402","240","16"
"21.09543331995539","241.5","16"
"22.63591022417921","243","16"
"22.476224305351746","244.5","16"
"29.8106795761394","246","16"
"19.080660488121584","247.5","16"
"10.850059688820181","249","16"
"35.37555874160444","250.5","16"
"28.222321289097277","252","16"
"12.500802638422229","253.5","16"
"28.379306573181886","255","16"
"39.22750717989199","256.5","16"
"12.92027219606229","258","16"
"7.223752332401827","259.5","16"
"32.778126577517384","261","16"
"26.994178891092005","262.5","16"
"15.639828805566204","264","16"
"24.454719772036547","265.5","16"
"25.07487611093558","267","16"
"22.607888089618356","268.5","16"
"36.765824599085725","270","16"
"22.362217445268413","271.5","16"
"16.444083059023104","273","16"
"28.825481052566285","274.5","16"
"38.83546561716935","276","16"
"18.504088909282224","277.5","16"
"13.802675849597405","279","16"
"26.665874050645716","280.5","16"
"25.872810879094203","282","16"
"16.0933368150362","283.5","16"
"21.24795123147182","285","16"
"27.082120270044307","286.5","16"
"23.558293725978537","288","16"
"32.45982105499964","289.5","16"
"22.763983035410323","291","16"
"10.292426528908207","292.5","16"
"28.543925070691298","294","16"
"36.50082437935693","295.5","16"
"9.263906339369724","297","16"
"22.320770542518087","298.5","16"
"9.119814408250999","1.5","17"
"13.407758546459878","3","17"
"40.382591309895574","4.5","17"
"27.161492796309282","6","17"
"13.695440613338656","7.5","17"
"21.568405065368882","9","17"
"31.662029159130633","10.5","17"
"15.643071309602623","12","17"
"13.774739089941328","13.5","17"
"36.379139004878915","15","17"
"22.850114117912415","16.5","17"
"13.49217341914151","18","17"
"22.16052184625711","19.5","17"
"30.994000149138273","21","17"
"20.590317051721954","22.5","17"
"19.816938893928356","24","17"
"30.15877919807831","25.5","17"
"13.561078807846684","27","17"
"20.328913032063642","28.5","17"
"30.738554949364193","30","17"
"21.913314453621236","31.5","17"
"20.203805692014683","33","17"
"32.96616741879981","34.5","17"
"29.30461198753848","36","17"
"15.728740670680939","37.5","17"
"15.91916329757207","39","17"
"27.952536590011142","40.5","17"
"22.29407955953371","42","17"
"17.908199951478977","43.5","17"
"29.341842415399967","45","17"
"24.99141604331142","46.5","17"
"14.43082519616279","48","17"
"22.88403409028266","49.5","17"
"28.79348462907095","51","17"
"20.398511002904485","52.5","17"
"22.607428110539576","54","17"
"30.495459490917437","55.5","17"
"15.90851756965024","57","17"
"18.876712037031243","58.5","17"
"34.75691127347142","60","17"
"21.21150834354825","61.5","17"
"17.041850264731384","63","17"
"26.336882726271245","64.5","17"
"30.86312216246458","66","17"
"21.416495232255844","67.5","17"
"27.645375106083907","69","17"
"24.161098051068485","70.5","17"
"15.790041594653733","72","17"
"20.78559907880523","73.5","17"
"30.00520194080468","75","17"
"21.001102761904995","76.5","17"
"16.584686815461062","78","17"
"23.097342418688235","79.5","17"
"27.327893712748978","81","17"
"24.580050132244914","82.5","17"
"22.182574706863758","84","17"
"18.934909844567247","85.5","17"
"19.034591144098485","87","17"
"34.587579732749475","88.5","17"
"28.443928406715894","90","17"
"7.28059067525518","91.5","17"
"24.894759454692178","93","17"
"29.76361535312393","94.5","17"
"24.653427249380755","96","17"
"18.83926381604533","97.5","17"
"21.591813470381943","99","17"
"24.302905767898253","100.5","17"
"23.82874051616292","102","17"
"30.92293338146632","103.5","17"
"26.662155886425555","105","17"
"18.476092909896302","106.5","17"
"30.98183161169047","108","17"
"27.8838463809129","109.5","17"
"14.60257511173833","111","17"
"23.01009797773409","112.5","17"
"23.721527059216612","114","17"
"17.290085640914537","115.5","17"
"26.4902230246255","117","17"
"28.61881628562813","118.5","17"
"19.5933054290801","120","17"
"20.120807345814303","121.5","17"
"26.39237118733942","123","17"
"16.355679958647023","124.5","17"
"22.08660111748271","126","17"
"38.693802514974195","127.5","17"
"30.394549838164448","129","17"
"17.896900844183875","130.5","17"
"25.299488773671243","132","17"
"25.177136081059995","133.5","17"
"26.576202523112993","135","17"
"25.500025713260612","136.5","17"
"25.21797664775193","138","17"
"15.165543332026187","139.5","17"
"33.96942360590515","141","17"
"31.364812980437083","142.5","17"
"14.965272971221113","144","17"
"21.564943025863045","145.5","17"
"36.56410983427947","147","17"
"28.422511502032563","148.5","17"
"17.760013509621086","150","17"
"19.091422953158105","151.5","17"
"26.559493434607205","153","17"
"24.67469953942947","154.5","17"
"21.84256653508344","156","17"
"22.697941190705073","157.5","17"
"17.755039114659247","159","17"
"26.871225089457347","160.5","17"
"30.162392821598747","162","17"
"13.76315859392947","163.5","17"
"20.58789693452336","165","17"
"37.76148764670115","166.5","17"
"27.68186677966735","168","17"
"18.961736730461265","169.5","17"
"20.204122798803844","171","17"
"24.96601962265862","172.5","17"
"24.887288279351946","174","17"
"25.74472238675813","175.5","17"
"23.93600624345909","177","17"
"19.17649120521301","178.5","17"
"28.495158576615335","180","17"
"29.019578285052695","181.5","17"
"14.231321467155686","183","17"
"26.332431034808025","184.5","17"
"34.80822333358564","186","17"
"22.445919698846936","187.5","17"
"26.76483924638385","189","17"
"32.35955955458493","190.5","17"
"22.997094857033495","192","17"
"10.299026531750743","193.5","17"
"29.98859042361864","195","17"
"28.35706031228075","196.5","17"
"11.699054748241196","198","17"
"24.29065882492566","199.5","17"
"24.683174305487043","201","17"
"20.09763415737562","202.5","17"
"19.739221595409","204","17"
"22.95539357191384","205.5","17"
"18.62032771330465","207","17"
"20.115799846297552","208.5","17"
"27.713340499664067","210","17"
"15.212137121892898","211.5","17"
"15.831131316680008","213","17"
"28.536528816185868","214.5","17"
"23.27811245430491","216","17"
"14.299216295763534","217.5","17"
"27.180275275359584","219","17"
"33.09622301863568","220.5","17"
"12.842344073798493","222","17"
"15.550159020378475","223.5","17"
"30.204139407688285","225","17"
"19.909887772397408","226.5","17"
"17.54147814622934","228","17"
"31.613982253537767","229.5","17"
"16.161880667154826","231","17"
"14.881523674327719","232.5","17"
"34.28518530472962","234","17"
"27.927906801156315","235.5","17"
"15.200193346949503","237","17"
"26.286384341269866","238.5","17"
"36.66490100757277","240","17"
"17.285106018917716","241.5","17"
"14.335022356591288","243","17"
"29.735239522529017","244.5","17"
"29.988036357910104","246","17"
"15.7672273292841","247.5","17"
"17.14206472183121","249","17"
"25.70888409254796","250.5","17"
"22.631007265362182","252","17"
"21.270685348971664","253.5","17"
"24.555249593580537","255","17"
"19.134967639282884","256.5","17"
"26.242048630517182","258","17"
"31.18845978938372","259.5","17"
"20.54224052626417","261","17"
"14.381403580368561","262.5","17"
"32.07195415088595","264","17"
"28.842883594380236","265.5","17"
"19.05641924220073","267","17"
"21.24937646967805","268.5","17"
"28.345088659817428","270","17"
"22.321103330412207","271.5","17"
"24.870112242387396","273","17"
"24.730905846635743","274.5","17"
"24.413088180716706","276","17"
"20.143382909919566","277.5","17"
"27.486783379913547","279","17"
"18.83026983117913","280.5","17"
"18.888798684264263","282","17"
"27.256344315513303","283.5","17"
"23.577712160952153","285","17"
"16.543858445184096","286.5","17"
"28.579197102777965","288","17"
"25.758303965997193","289.5","17"
"12.057777447616997","291","17"
"25.941194435473257","292.5","17"
"30.49310384048367","294","17"
"21.230186281898828","295.5","17"
"19.638764952354812","297","17"
"23.652850788878332","298.5","17"
"6.878923963191761","1.5","18"
"29.12204210954157","3","18"
"32.64041162908178","4.5","18"
"12.651326436091436","6","18"
"19.819020996197846","7.5","18"
"43.29009815874216","9","18"
"13.100078714896513","10.5","18"
"10.471464673599462","12","18"
"27.99046569821578","13.5","18"
"30.329197962077373","15","18"
"14.536384296535974","16.5","18"
"15.636363281370373","18","18"
"32.44557564231733","19.5","18"
"16.85512489392047","21","18"
"14.726702382727384","22.5","18"
"34.138410162318","24","18"
"25.85508426111111","25.5","18"
"13.313223262872523","27","18"
"26.65746026666298","28.5","18"
"29.11408307760263","30","18"
"18.807140201365332","31.5","18"
"19.162029741751276","33","18"
"24.31854157188688","34.5","18"
"12.180158017748171","36","18"
"20.43150404773718","37.5","18"
"37.43197536117306","39","18"
"26.62460835177491","40.5","18"
"13.503835805368151","42","18"
"25.252884529734562","43.5","18"
"27.873157094366185","45","18"
"14.936759495371561","46.5","18"
"23.5027146629706","48","18"
"27.179515612941596","49.5","18"
"12.620054828114181","51","18"
"14.472022072406281","52.5","18"
"31.184835711793312","54","18"
"29.472246484234912","55.5","18"
"8.204016099361748","57","18"
"22.696421865869095","58.5","18"
"34.02884453962792","60","18"
"28.43728658759347","61.5","18"
"17.412075925766747","63","18"
"20.713769164025294","64.5","18"
"23.884742969004733","66","18"
"28.475511894447322","67.5","18"
"33.60403643692198","69","18"
"12.796557860837146","70.5","18"
"14.247123665091374","72","18"
"36.24677305557916","73.5","18"
"24.660788656986277","75","18"
"10.811115664655729","76.5","18"
"23.56534151148489","78","18"
"33.48330238281145","79.5","18"
"14.842739074730344","81","18"
"20.87486638229902","82.5","18"
"29.444264423608953","84","18"
"18.2754932458871","85.5","18"
"17.53374213444981","87","18"
"36.14289444695403","88.5","18"
"28.965177047261644","90","18"
"17.28485512123838","91.5","18"
"28.90186023012918","93","18"
"25.055529112106772","94.5","18"
"19.25427645518719","96","18"
"31.92189643050301","97.5","18"
"21.00849030468545","99","18"
"8.723982373990891","100.5","18"
"23.279136953162197","102","18"
"32.08612290038846","103.5","18"
"21.24067694111607","105","18"
"19.827361601690775","106.5","18"
"25.190461535584735","108","18"
"16.5772644257807","109.5","18"
"24.80122689064967","111","18"
"33.6542159727892","112.5","18"
"23.941924989408427","114","18"
"12.359755455182947","115.5","18"
"25.620578563491623","117","18"
"29.358147279866824","118.5","18"
"18.627237853556366","120","18"
"25.77952921273103","121.5","18"
"22.427428191410865","123","18"
"21.855196793955017","124.5","18"
"30.56817451695503","126","18"
"32.43733086579914","127.5","18"
"11.550255872117425","129","18"
"16.91969097241462","130.5","18"
"32.25048178849356","132","18"
"21.038221679686778","133.5","18"
"10.585914089311624","135","18"
"23.797479362255636","136.5","18"
"26.368393035512867","138","18"
"19.29615197480638","139.5","18"
"21.025871938359455","141","18"
"28.072294930924254","142.5","18"
"21.3119405937725","144","18"
"25.046942835969492","145.5","18"
"21.00330857066916","147","18"
"17.023970320388692","148.5","18"
"26.06301222817092","150","18"
"30.76362032446787","151.5","18"
"17.373272160374423","153","18"
"12.974815434970466","154.5","18"
"32.46873837668604","156","18"
"34.55145743630506","157.5","18"
"11.203500469342458","159","18"
"21.254268974425106","160.5","18"
"28.78456556503955","162","18"
"21.900483825075185","163.5","18"
"26.84637228044311","165","18"
"25.53069795455945","166.5","18"
"12.638765871019672","168","18"
"25.294882013503432","169.5","18"
"35.20472181480648","171","18"
"19.794223942223457","172.5","18"
"18.893520439201765","174","18"
"33.90746581786909","175.5","18"
"18.447082865723065","177","18"
"16.892747349405916","178.5","18"
"31.969671530276596","180","18"
"24.391274021374425","181.5","18"
"13.118059715248934","183","18"
"25.898740457315593","184.5","18"
"25.929043321475408","186","18"
"17.47670995571572","187.5","18"
"27.28344997660658","189","18"
"27.440220952256755","190.5","18"
"21.658609750470198","192","18"
"23.776736745085525","193.5","18"
"30.804237871000392","195","18"
"16.992850296426038","196.5","18"
"17.585489780812885","198","18"
"34.062032727100096","199.5","18"
"18.243510761151725","201","18"
"10.91279804741417","202.5","18"
"28.70860629262054","204","18"
"29.731033501710147","205.5","18"
"24.065053025542625","207","18"
"26.804366084949258","208.5","18"
"23.372869886879176","210","18"
"15.871649549547794","211.5","18"
"31.20013001616284","213","18"
"24.651979360689587","214.5","18"
"12.00577019184961","216","18"
"30.881929034344818","217.5","18"
"26.56371339418604","219","18"
"16.501038574577397","220.5","18"
"24.01464350013601","222","18"
"32.28693861517709","223.5","18"
"12.925674336720496","225","18"
"14.981253759518827","226.5","18"
"28.47406400575615","228","18"
"18.76422798647388","229.5","18"
"13.759400355774414","231","18"
"31.337060909350516","232.5","18"
"29.388157430067416","234","18"
"17.39942127406523","235.5","18"
"22.538983572085684","237","18"
"27.424797714357567","238.5","18"
"19.759396208110616","240","18"
"27.859903075986253","241.5","18"
"28.13981951122058","243","18"
"17.93561400763644","244.5","18"
"17.120302832838792","246","18"
"36.46142995901117","247.5","18"
"23.611492745722767","249","18"
"21.27243814803703","250.5","18"
"31.95476054180605","252","18"
"26.323599088026395","253.5","18"
"20.996482062977222","255","18"
"27.669307956940578","256.5","18"
"29.968218925932543","258","18"
"23.220836347271465","259.5","18"
"31.50132919551585","261","18"
"19.073790421804762","262.5","18"
"17.54376932989828","264","18"
"30.276655806396402","265.5","18"
"28.824977514862617","267","18"
"8.814555565058729","268.5","18"
"22.24028640014605","270","18"
"31.78479827219578","271.5","18"
"22.595212529776898","273","18"
"17.61431165172662","274.5","18"
"26.319718885721663","276","18"
"26.458336368864874","277.5","18"
"25.761077779229854","279","18"
"26.13950465815852","280.5","18"
"24.950700925459152","282","18"
"23.00024153209517","283.5","18"
"32.24441145852962","285","18"
"23.334053925071885","286.5","18"
"15.55926103063439","288","18"
"30.429452493112095","289.5","18"
"31.264656020722104","291","18"
"14.946621168045466","292.5","18"
"21.700981838413078","294","18"
"26.138915745550076","295.5","18"
"23.105196909927454","297","18"
"23.24560726607092","298.5","18"
"9.83209026940128","1.5","19"
"13.383808272153251","3","19"
"38.88683691701342","4.5","19"
"27.46723252672028","6","19"
"7.715978296773122","7.5","19"
"29.706724304334468","9","19"
"31.2938333300149","10.5","19"
"20.887845110169682","12","19"
"13.25621112110588","13.5","19"
"30.6897623201133","15","19"
"26.649102237720097","16.5","19"
"14.433161680801607","18","19"
"21.52681703267393","19.5","19"
"23.62335463045138","21","19"
"15.61380688306006","22.5","19"
"26.907918875060254","24","19"
"32.39026664278368","25.5","19"
"19.661702924219117","27","19"
"14.629059626840752","28.5","19"
"28.467380370353837","30","19"
"25.43465467137859","31.5","19"
"19.237100418222635","33","19"
"23.61770943266632","34.5","19"
"33.72557893911037","36","19"
"19.201688998536337","37.5","19"
"19.79991095628841","39","19"
"26.873307191726838","40.5","19"
"25.249110610474546","42","19"
"17.42386985904054","43.5","19"
"27.194722800061356","45","19"
"19.48076388113789","46.5","19"
"24.717594330870966","48","19"
"33.27685889368771","49.5","19"
"27.91296096578586","51","19"
"15.072911560346295","52.5","19"
"22.639199771530507","54","19"
"30.098804198647006","55.5","19"
"26.6487224065111","57","19"
"13.208128497440608","58.5","19"
"25.82030705500313","60","19"
"25.86314086436979","61.5","19"
"21.02638767247809","63","19"
"25.737026448913497","64.5","19"
"26.70827227376353","66","19"
"18.98890337362938","67.5","19"
"22.448688285044607","69","19"
"34.088864840029096","70.5","19"
"15.81149334623697","72","19"
"18.23842311376519","73.5","19"
"33.742033645246835","75","19"
"30.020457913584316","76.5","19"
"7.8499149700862185","78","19"
"23.360084559303008","79.5","19"
"36.39763922403996","81","19"
"20.652745272906767","82.5","19"
"14.428181187632285","84","19"
"28.694312094278366","85.5","19"
"32.00216626444061","87","19"
"16.03664090888622","88.5","19"
"14.357752118228644","90","19"
"21.8705851849543","91.5","19"
"22.03566540388749","93","19"
"32.81520019432928","94.5","19"
"21.255882385890835","96","19"
"12.206957026122259","97.5","19"
"18.322421565992926","99","19"
"32.8703314746734","100.5","19"
"23.951835447742205","102","19"
"17.9171486353753","103.5","19"
"31.975525809461104","105","19"
"21.969841352306663","106.5","19"
"13.005225453347501","108","19"
"26.23360174197953","109.5","19"
"23.379985623840348","111","19"
"20.914154519600064","112.5","19"
"25.307496591270056","114","19"
"30.518726765985868","115.5","19"
"13.24098825288116","117","19"
"26.366939919786713","118.5","19"
"32.79049025760467","120","19"
"27.539741956048417","121.5","19"
"17.623856217611365","123","19"
"31.919157464170258","124.5","19"
"33.141262636766506","126","19"
"17.56063522945365","127.5","19"
"19.832395236382457","129","19"
"22.140256631615735","130.5","19"
"29.08054642113137","132","19"
"33.95003479079645","133.5","19"
"23.725022203277362","135","19"
"2.00925395406091","136.5","19"
"25.964801467815793","138","19"
"37.17139372835257","139.5","19"
"28.817793826446625","141","19"
"6.681488833280435","142.5","19"
"15.89922390144483","144","19"
"34.52507833307486","145.5","19"
"24.972272898847073","147","19"
"17.387017520043052","148.5","19"
"22.675147833475386","150","19"
"17.891806227417355","151.5","19"
"25.33253931588879","153","19"
"33.99080566368857","154.5","19"
"22.44246288637608","156","19"
"12.572238783233205","157.5","19"
"29.017175591304053","159","19"
"27.838608135452603","160.5","19"
"26.211135945608977","162","19"
"30.19065714211396","163.5","19"
"25.903402972523256","165","19"
"15.415090693990873","166.5","19"
"19.200514658009446","168","19"
"31.187679218825785","169.5","19"
"22.484340148340273","171","19"
"18.592505948418268","172.5","19"
"27.66654808246788","174","19"
"22.59919030340137","175.5","19"
"20.098996671162016","177","19"
"29.11123260119017","178.5","19"
"29.95205693375531","180","19"
"10.91306288385347","181.5","19"
"17.462694532572808","183","19"
"23.295189177604723","184.5","19"
"21.25090276389401","186","19"
"21.88951053629422","187.5","19"
"22.408584730285725","189","19"
"22.698997051772277","190.5","19"
"21.454366843075636","192","19"
"35.04584434405688","193.5","19"
"17.580705301455545","195","19"
"14.181531345394934","196.5","19"
"28.219645047184358","198","19"
"28.34669335955818","199.5","19"
"14.013632012259205","201","19"
"24.388479300001823","202.5","19"
"20.81623298851417","204","19"
"21.935545033417412","205.5","19"
"21.137627688708744","207","19"
"32.56996165153819","208.5","19"
"19.754421813148777","210","19"
"19.324668935345926","211.5","19"
"34.47889922131705","213","19"
"29.40565754320111","214.5","19"
"16.656070689922174","216","19"
"26.300281284953094","217.5","19"
"23.378389635824572","219","19"
"23.89479804197313","220.5","19"
"27.723956607720975","222","19"
"24.977963397602014","223.5","19"
"21.632194057995093","225","19"
"24.29001589962236","226.5","19"
"25.212984829340137","228","19"
"21.510529591657026","229.5","19"
"25.21033820729214","231","19"
"29.277100360061276","232.5","19"
"24.211645221729732","234","19"
"21.788539901466397","235.5","19"
"24.37952364672552","237","19"
"19.020669807585325","238.5","19"
"26.820989798550272","240","19"
"30.52405834167176","241.5","19"
"24.842126697071446","243","19"
"19.761128099036032","244.5","19"
"29.352394056692045","246","19"
"28.72581020710502","247.5","19"
"20.830481885886467","249","19"
"20.814685786158265","250.5","19"
"27.15412093463379","252","19"
"20.359475505627774","253.5","19"
"19.24195459137979","255","19"
"26.194353678613385","256.5","19"
"29.289568580848286","258","19"
"20.952268316374212","259.5","19"
"23.7088706651701","261","19"
"29.13208672843999","262.5","19"
"15.330644459099322","264","19"
"18.448276372044905","265.5","19"
"33.779389521947984","267","19"
"27.131670819368196","268.5","19"
"18.035014789623418","270","19"
"27.41026481475102","271.5","19"
"20.98587466664529","273","19"
"23.014382404077754","274.5","19"
"31.606343813077977","276","19"
"24.288825877990508","277.5","19"
"16.498897232578063","279","19"
"25.612248412068666","280.5","19"
"35.333184911316565","282","19"
"14.779603461477404","283.5","19"
"19.02058791737054","285","19"
"27.496038716529057","286.5","19"
"23.704824940090806","288","19"
"17.755134943633994","289.5","19"
"25.24684556198054","291","19"
"23.795581948555657","292.5","19"
"18.9142926762368","294","19"
"26.085572111171228","295.5","19"
"21.25762647323122","297","19"
"14.103023893420168","298.5","19"