"nusselt","time","episode"
"9.875826210719953","1.5","0"
"7.829136261025136","3","0"
"3.395952079244773","4.5","0"
"6.169002699794122","6","0"
"10.109708711457513","7.5","0"
"9.704445763973297","9","0"
"4.3357569589363","10.5","0"
"5.692167537915128","12","0"
"9.234957900190548","13.5","0"
"6.221498747980068","15","0"
"3.5614636566488724","16.5","0"
"7.084863193795715","18","0"
"11.181986474789687","19.5","0"
"7.564690202662589","21","0"
"1.8392806870303755","22.5","0"
"5.706447188437414","24","0"
"10.421585228286286","25.5","0"
"7.479240470366527","27","0"
"3.183693816673027","28.5","0"
"6.579934928739146","30","0"
"10.825076032504414","31.5","0"
"8.604581505716478","33","0"
"4.140767976231589","34.5","0"
"6.346069183527461","36","0"
"8.846435694293923","37.5","0"
"6.0739924615575465","39","0"
"4.137537116595197","40.5","0"
"8.512425127784105","42","0"
"10.63774038264796","43.5","0"
"5.991975640827548","45","0"
"2.4061765540833906","46.5","0"
"6.6110154436183395","48","0"
"9.450489157618165","49.5","0"
"6.1178638492040625","51","0"
"4.02030239811881","52.5","0"
"8.720518902961505","54","0"
"10.289326963219716","55.5","0"
"6.794725986170751","57","0"
"4.1786729182378055","58.5","0"
"6.714798185269713","60","0"
"8.695701012282932","61.5","0"
"4.950779377993737","63","0"
"3.692315689565893","64.5","0"
"9.177544597969836","66","0"
"11.093320174335187","67.5","0"
"6.301278213196151","69","0"
"2.2275328332746596","70.5","0"
"6.120002642801063","72","0"
"9.372535551912886","73.5","0"
"6.315134047475714","75","0"
"3.978079212127864","76.5","0"
"8.48176448667096","78","0"
"10.584603682002085","79.5","0"
"6.669925408547367","81","0"
"2.9862277265915123","82.5","0"
"6.887916771421121","84","0"
"9.113183666225963","85.5","0"
"5.785527849662588","87","0"
"3.5054669355789865","88.5","0"
"8.159450755650735","90","0"
"10.804516016636464","91.5","0"
"4.767295527850224","93","0"
"2.2846398543385646","94.5","0"
"7.45702510710403","96","0"
"10.988141795940331","97.5","0"
"7.429317873831168","99","0"
"2.5246642409285283","100.5","0"
"7.293671050061145","102","0"
"10.676865521185555","103.5","0"
"5.882533966716642","105","0"
"2.2549148122217106","106.5","0"
"6.905769784241071","108","0"
"10.701142306940277","109.5","0"
"8.438374573988561","111","0"
"3.879449287492676","112.5","0"
"7.30528706477887","114","0"
"10.15113921323169","115.5","0"
"5.78379118868659","117","0"
"2.3403132923209773","118.5","0"
"7.11682090973543","120","0"
"11.664074494030535","121.5","0"
"7.557445408959934","123","0"
"3.293648259156671","124.5","0"
"7.557019621478871","126","0"
"11.01530644586059","127.5","0"
"5.944043995013822","129","0"
"1.601228154790643","130.5","0"
"7.003760042035496","132","0"
"11.328354863881453","133.5","0"
"6.631316734454395","135","0"
"4.440588892193208","136.5","0"
"8.75758015495895","138","0"
"10.458742085343136","139.5","0"
"5.169656812500535","141","0"
"2.2885286147703483","142.5","0"
"7.7422421038367215","144","0"
"10.133317247415569","145.5","0"
"5.500450318042328","147","0"
"5.240048747940286","148.5","0"
"9.98361549429382","150","0"
"9.760794597491353","151.5","0"
"3.688545942648781","153","0"
"3.3082258130728244","154.5","0"
"9.224400933270047","156","0"
"9.29935332860534","157.5","0"
"4.546793792952707","159","0"
"5.886077760439232","160.5","0"
"10.739573569582806","162","0"
"8.809228570659448","163.5","0"
"3.0054091076466496","165","0"
"4.642379139974468","166.5","0"
"10.13790234779034","168","0"
"8.272886158634936","169.5","0"
"3.977606361331476","171","0"
"7.051228446839733","172.5","0"
"10.924342667122858","174","0"
"7.555259798452399","175.5","0"
"2.1406712015188263","177","0"
"5.6611062426097325","178.5","0"
"10.37392561336324","180","0"
"7.524819443223552","181.5","0"
"3.900903259947024","183","0"
"7.7769782802142","184.5","0"
"10.633699344054548","186","0"
"5.396728191969855","187.5","0"
"2.4055139715969465","189","0"
"7.882806674451094","190.5","0"
"10.440152322194267","192","0"
"6.0663598267118415","193.5","0"
"4.414796716965956","195","0"
"9.073338040075738","196.5","0"
"10.153631844110407","198","0"
"3.941306992951765","199.5","0"
"3.1927450039078957","201","0"
"9.347396349385178","202.5","0"
"10.128343813088163","204","0"
"5.271317023271198","205.5","0"
"5.0264438831787235","207","0"
"9.974904592077094","208.5","0"
"9.28864950442864","210","0"
"3.0967013439724926","211.5","0"
"4.0333953631614685","213","0"
"10.400970017744864","214.5","0"
"9.557371671556439","216","0"
"4.590457707764122","217.5","0"
"5.824652002581012","219","0"
"10.738310005807987","220.5","0"
"8.373720913351457","222","0"
"2.466815541439856","223.5","0"
"4.868775863122521","225","0"
"11.231811495027303","226.5","0"
"8.845624529717734","228","0"
"3.1256053653214653","229.5","0"
"5.9389705203407495","231","0"
"9.823518415795311","232.5","0"
"7.313689961005247","234","0"
"3.5457972399556277","235.5","0"
"6.58386262112811","237","0"
"10.173970095665306","238.5","0"
"6.764584273550149","240","0"
"3.325746425827986","241.5","0"
"6.994954520378531","243","0"
"9.362499977532853","244.5","0"
"5.431866008158752","246","0"
"3.337067986818935","247.5","0"
"8.20834140891602","249","0"
"10.318202648017577","250.5","0"
"4.835703411902526","252","0"
"3.2051766184880717","253.5","0"
"8.1998409363919","255","0"
"9.40133731527306","256.5","0"
"6.163177197695008","258","0"
"4.4110838895558615","259.5","0"
"9.03029703657921","261","0"
"8.880898854161554","262.5","0"
"4.436515328167213","264","0"
"4.00719957688446","265.5","0"
"9.111017275292225","267","0"
"9.74340236163297","268.5","0"
"4.7697654894880515","270","0"
"5.321639781189222","271.5","0"
"9.977559850118716","273","0"
"9.02434882489354","274.5","0"
"3.6589773675750257","276","0"
"3.440960132198082","277.5","0"
"8.722316672325988","279","0"
"10.975314948073336","280.5","0"
"6.054866028771088","282","0"
"5.128501298474544","283.5","0"
"8.72994142221834","285","0"
"8.622311808949872","286.5","0"
"4.566297225071357","288","0"
"4.127101134427707","289.5","0"
"9.105342080116403","291","0"
"9.398766820479983","292.5","0"
"4.6076809099350005","294","0"
"5.899959713626775","295.5","0"
"10.475210796040049","297","0"
"9.213141219881962","298.5","0"
"10.363110414220428","1.5","1"
"5.9862038549731516","3","1"
"3.9815170517897727","4.5","1"
"8.629613275754751","6","1"
"10.042893587982517","7.5","1"
"4.960106785000753","9","1"
"4.344998124266018","10.5","1"
"9.367656737025715","12","1"
"9.94989549127971","13.5","1"
"4.2868475789068015","15","1"
"4.202606708521672","16.5","1"
"9.52687070074869","18","1"
"10.033298585371083","19.5","1"
"4.225324244750839","21","1"
"4.337545857728262","22.5","1"
"9.571568530068516","24","1"
"9.772387450158604","25.5","1"
"4.1734481510222725","27","1"
"4.7587802710385665","28.5","1"
"9.67377428104929","30","1"
"9.157593694748405","31.5","1"
"3.94689496083112","33","1"
"5.316630864571728","34.5","1"
"9.959704373250844","36","1"
"8.460114376001956","37.5","1"
"3.5778264132851043","39","1"
"5.867391406611787","40.5","1"
"10.297903821229443","42","1"
"7.860933321040283","43.5","1"
"3.405310040446032","45","1"
"6.445528013883883","46.5","1"
"10.452231085111896","48","1"
"7.201476232981176","49.5","1"
"3.332313606351867","51","1"
"7.010939292063403","52.5","1"
"10.467105063993165","54","1"
"6.535159235504958","55.5","1"
"3.5619540021855123","57","1"
"7.675302792346415","58.5","1"
"10.317452591829873","60","1"
"5.68513415952425","61.5","1"
"3.6835653625823994","63","1"
"8.31001541835505","64.5","1"
"10.156831163933388","66","1"
"5.092042259789434","67.5","1"
"4.108002298977984","69","1"
"8.90485629930548","70.5","1"
"9.831241727604576","72","1"
"4.376897688674754","73.5","1"
"4.404397449112516","75","1"
"9.394575967772862","76.5","1"
"9.459510529873167","78","1"
"4.122876770668837","79.5","1"
"5.02815984615217","81","1"
"9.81185755540539","82.5","1"
"8.79585273291525","84","1"
"3.5825554140585667","85.5","1"
"5.457525124798173","87","1"
"10.18118679922164","88.5","1"
"8.238576262548104","90","1"
"3.580207176388126","91.5","1"
"6.2000152069506465","93","1"
"10.352773240374644","94.5","1"
"7.435206948366691","96","1"
"3.2501964988714103","97.5","1"
"6.718040872336135","99","1"
"10.473737295382207","100.5","1"
"6.815134709496241","102","1"
"3.5736942049185467","103.5","1"
"7.470031337659806","105","1"
"10.381259605600698","106.5","1"
"5.891257189172984","108","1"
"3.479015627532382","109.5","1"
"8.043096441497168","111","1"
"10.28285637337441","112.5","1"
"5.412341878037552","114","1"
"4.050584561471012","115.5","1"
"8.708585026061737","117","1"
"9.94680951766118","118.5","1"
"4.490081265961244","120","1"
"4.138887414856899","121.5","1"
"9.185340845597617","123","1"
"9.666145588680262","124.5","1"
"4.387954364514001","126","1"
"4.894368943277611","127.5","1"
"9.660388587113403","129","1"
"9.006946732843465","130.5","1"
"3.600007526281474","132","1"
"5.113563254347283","133.5","1"
"10.065872313291502","135","1"
"8.59909259256362","136.5","1"
"3.797146883608424","138","1"
"6.007501113979608","139.5","1"
"10.269463780104337","141","1"
"7.711768237556124","142.5","1"
"3.1401097370143116","144","1"
"6.334046108092887","145.5","1"
"10.472723093257178","147","1"
"7.211468440117767","148.5","1"
"3.692632812533559","150","1"
"7.226961387837246","151.5","1"
"10.401937895768945","153","1"
"6.149923083918197","154.5","1"
"3.211428400877833","156","1"
"7.673295086098908","157.5","1"
"10.414039327927464","159","1"
"5.843930713529101","160.5","1"
"4.066308144076066","162","1"
"8.444462743596247","163.5","1"
"10.06376604512708","165","1"
"4.640840588451463","166.5","1"
"3.733075231090688","168","1"
"8.88516264268719","169.5","1"
"9.910321896020166","171","1"
"4.795134341282164","172.5","1"
"4.809250379022376","174","1"
"9.461335896574388","175.5","1"
"9.23625201815961","177","1"
"3.618062837435886","178.5","1"
"4.601150690129961","180","1"
"9.872660401948723","181.5","1"
"9.054095797036908","183","1"
"4.185462848693909","184.5","1"
"5.844153956270907","186","1"
"10.1170801572234","187.5","1"
"8.031920998548042","189","1"
"2.971389476405125","190.5","1"
"5.765832714615544","192","1"
"10.442230993021951","193.5","1"
"7.812583279889263","195","1"
"4.011896545034926","196.5","1"
"7.014058776733685","198","1"
"10.375452337456213","199.5","1"
"6.4449031313306575","201","1"
"2.7614459404520697","202.5","1"
"7.103073493564472","204","1"
"10.534781618621976","205.5","1"
"6.574036490821516","207","1"
"3.5943582036088406","208.5","1"
"8.067811827782151","210","1"
"10.272516242671118","211.5","1"
"4.867932173113751","213","1"
"3.510279467577033","214.5","1"
"8.826825815305009","216","1"
"10.069770437105392","217.5","1"
"5.180271930952013","219","1"
"4.409301890098083","220.5","1"
"9.50695232295984","222","1"
"9.512937002554768","223.5","1"
"3.749960365886556","225","1"
"4.339539765307403","226.5","1"
"10.03927340877432","228","1"
"9.452067133907935","229.5","1"
"4.389213985812143","231","1"
"5.26097196447206","232.5","1"
"10.41269297214244","234","1"
"8.697770812538096","235.5","1"
"3.1197507874568617","237","1"
"5.016547773911122","238.5","1"
"10.649496848097286","240","1"
"8.64804533983656","241.5","1"
"4.20828781741251","243","1"
"6.24659211921641","244.5","1"
"10.754769845932378","246","1"
"7.579105868630213","247.5","1"
"2.660253159572364","249","1"
"5.919209348809375","250.5","1"
"11.126634102251618","252","1"
"7.773335924574698","253.5","1"
"3.22005059736934","255","1"
"7.506022207239581","256.5","1"
"10.784390658822097","258","1"
"5.7827996558024495","259.5","1"
"2.17404697703812","261","1"
"7.536651308539315","262.5","1"
"10.99792110933639","264","1"
"5.999022325077209","265.5","1"
"4.359578388634887","267","1"
"9.482089093799488","268.5","1"
"10.428677743827311","270","1"
"3.533297617652782","271.5","1"
"2.1560776611562145","273","1"
"9.44817492380906","274.5","1"
"10.760372105289685","276","1"
"5.0992944456358575","277.5","1"
"5.064625784171463","279","1"
"8.577125112522157","280.5","1"
"8.909673020184995","282","1"
"4.316696562634173","283.5","1"
"4.020832168422214","285","1"
"9.027797506366309","286.5","1"
"8.37389733918273","288","1"
"4.5678835791240635","289.5","1"
"6.1865289798595064","291","1"
"9.914571885877432","292.5","1"
"6.8340906301664415","294","1"
"1.9853350332143789","295.5","1"
"5.976777393239638","297","1"
"11.577894910739735","298.5","1"
"9.505954876360684","1.5","2"
"9.05521940288971","3","2"
"4.749620419290302","4.5","2"
"5.730949188172281","6","2"
"10.081808789637087","7.5","2"
"7.953727887384665","9","2"
"2.8105140051677977","10.5","2"
"5.6694095913000275","12","2"
"11.160375788887448","13.5","2"
"8.94712654861175","15","2"
"3.431908944963213","16.5","2"
"5.6973888554635685","18","2"
"10.6682512096474","19.5","2"
"8.797923518789581","21","2"
"2.6768514791900166","22.5","2"
"5.029488460792151","24","2"
"10.45882980544919","25.5","2"
"8.799724245011573","27","2"
"4.514392055577302","28.5","2"
"6.382442473344857","30","2"
"9.947058879310969","31.5","2"
"7.187060074203966","33","2"
"2.7268849578819028","34.5","2"
"6.362079581310731","36","2"
"10.594361311776424","37.5","2"
"7.443843929145735","39","2"
"3.5255499117690814","40.5","2"
"7.419585870155226","42","2"
"10.536284687854891","43.5","2"
"5.654978155425697","45","2"
"2.8273365531464263","46.5","2"
"7.9243717132418565","48","2"
"10.428485548089332","49.5","2"
"6.086712862554276","51","2"
"4.176396137957126","52.5","2"
"8.78138581475083","54","2"
"9.936384623709342","55.5","2"
"4.205266894659141","57","2"
"3.6461808274974814","58.5","2"
"9.412542819606845","60","2"
"10.021076907673931","61.5","2"
"4.971803620490346","63","2"
"4.787095631338779","64.5","2"
"9.924515797674736","66","2"
"9.357402355190137","67.5","2"
"3.4196872672660605","69","2"
"4.331078717550048","70.5","2"
"10.233712415982659","72","2"
"9.338985075395865","73.5","2"
"4.487920295932938","75","2"
"5.654569616280094","76.5","2"
"10.576096802953364","78","2"
"8.342521138552799","79.5","2"
"2.8137315589454066","81","2"
"5.138254985772207","82.5","2"
"10.892178956776796","84","2"
"8.565356819642803","85.5","2"
"3.390863820284164","87","2"
"6.607592388243967","88.5","2"
"11.081366585052036","90","2"
"6.945249745679549","91.5","2"
"2.7726583441200376","93","2"
"6.691855435060402","94.5","2"
"11.292858775124579","96","2"
"7.07539336481876","97.5","2"
"3.1465024629452576","99","2"
"8.294458405389578","100.5","2"
"10.600869355150158","102","2"
"4.771983132618583","103.5","2"
"2.3021333625665754","105","2"
"7.959668706926568","106.5","2"
"11.205614723131125","108","2"
"5.432135082191923","109.5","2"
"4.4998216474001245","111","2"
"9.098756172828308","112.5","2"
"9.411090016951555","114","2"
"4.718762161533746","115.5","2"
"3.702144037515617","117","2"
"8.725095132763753","118.5","2"
"9.420091676823175","120","2"
"3.8037399366354947","121.5","2"
"4.545643082572754","123","2"
"9.049915786140648","124.5","2"
"7.6167116752186","126","2"
"3.78661110750006","127.5","2"
"6.56562718807054","129","2"
"10.461215003838472","130.5","2"
"7.542006670294757","132","2"
"3.438601299121573","133.5","2"
"6.290045604335217","135","2"
"9.564319301079601","136.5","2"
"6.016272138965653","138","2"
"3.0921758735574545","139.5","2"
"8.023637855050714","141","2"
"10.788871283564939","142.5","2"
"5.088737971524942","144","2"
"3.450886549255134","145.5","2"
"7.903242009494151","147","2"
"9.996701560002297","148.5","2"
"4.829283088634845","150","2"
"2.9714597017709248","151.5","2"
"9.339285689242448","153","2"
"10.131489909476011","154.5","2"
"3.358553745491487","156","2"
"2.3892805774766623","157.5","2"
"8.416368654799504","159","2"
"9.833440643970894","160.5","2"
"6.701329699323618","162","2"
"5.531799414145108","163.5","2"
"9.382396671699983","165","2"
"7.762099373237087","166.5","2"
"2.795590498923281","168","2"
"4.393943972204775","169.5","2"
"10.991517541594584","171","2"
"10.608596609436098","172.5","2"
"3.537778242395625","174","2"
"4.396220259675869","175.5","2"
"10.498461552239712","177","2"
"10.61645987916738","178.5","2"
"3.829097700213955","180","2"
"2.957012495989888","181.5","2"
"9.087400854380816","183","2"
"9.547321312888869","184.5","2"
"4.8271881550908695","186","2"
"6.201165424521015","187.5","2"
"9.698089505951609","189","2"
"8.303664088429208","190.5","2"
"3.4957199012107156","192","2"
"5.178518514450139","193.5","2"
"9.664247286160528","195","2"
"7.392587789874549","196.5","2"
"3.5511718212848673","198","2"
"7.022459208912139","199.5","2"
"11.14810483023184","201","2"
"7.465473341812187","202.5","2"
"2.7460217396696374","204","2"
"6.44613909776874","205.5","2"
"10.435287305975464","207","2"
"6.827634331799087","208.5","2"
"3.03580880608477","210","2"
"7.241208020117366","211.5","2"
"10.706665716764054","213","2"
"6.73874922388904","214.5","2"
"3.629511789704444","216","2"
"7.899345856918599","217.5","2"
"9.886731101207154","219","2"
"4.398493590289457","220.5","2"
"3.428546012358158","222","2"
"9.460519803902352","223.5","2"
"10.340650124594402","225","2"
"5.473074252810291","226.5","2"
"4.725840385596819","228","2"
"9.559330096845489","229.5","2"
"9.181987769184252","231","2"
"2.956103755115955","232.5","2"
"4.071438291851362","234","2"
"10.81860347142077","235.5","2"
"9.804753212434337","237","2"
"4.867324538895985","238.5","2"
"5.2197602701534285","240","2"
"9.19261471506576","241.5","2"
"8.666967256645426","243","2"
"3.5907091950399472","244.5","2"
"4.782928433491718","246","2"
"10.211579351920784","247.5","2"
"8.841378482337142","249","2"
"2.8698256099082435","250.5","2"
"5.034877333599343","252","2"
"8.773605337029755","253.5","2"
"6.982597320045624","255","2"
"3.950488035512166","256.5","2"
"6.631606506490118","258","2"
"9.725501546283319","259.5","2"
"4.788278867151314","261","2"
"2.942092193007671","262.5","2"
"8.46452600740296","264","2"
"10.64532472215438","265.5","2"
"7.551478963319634","267","2"
"3.2837144499558506","268.5","2"
"7.751557190604124","270","2"
"9.335965138261665","271.5","2"
"4.3310530914516505","273","2"
"3.2305669074991132","274.5","2"
"8.780762903435942","276","2"
"11.032232483851976","277.5","2"
"6.25438294593876","279","2"
"3.9335344001840435","280.5","2"
"9.085073807522512","282","2"
"10.147338665715543","283.5","2"
"4.675635901979089","285","2"
"2.4385521725508146","286.5","2"
"7.673620833234303","288","2"
"10.704060725300057","289.5","2"
"5.539326094930132","291","2"
"4.716682012277308","292.5","2"
"9.777086882356992","294","2"
"10.2886922244748","295.5","2"
"4.920614996132245","297","2"
"3.1795719573077457","298.5","2"
"7.981472574185955","1.5","3"
"3.0406447465380824","3","3"
"6.735268509793274","4.5","3"
"9.642997336874188","6","3"
"7.1470754757508965","7.5","3"
"3.1918389734866777","9","3"
"5.707496380042947","10.5","3"
"10.561023728999933","12","3"
"9.025325573490143","13.5","3"
"4.828666091034973","15","3"
"5.787077242996453","16.5","3"
"8.732846041909752","18","3"
"7.132340469172475","19.5","3"
"3.690130818272735","21","3"
"6.433210731127326","22.5","3"
"10.249559200983853","24","3"
"7.658476301891111","25.5","3"
"3.786413737261443","27","3"
"6.179917446473015","28.5","3"
"10.33297018002858","30","3"
"6.426715500802791","31.5","3"
"2.5953390490698185","33","3"
"7.2300409549311775","34.5","3"
"12.011322911600873","36","3"
"8.012807871620367","37.5","3"
"2.9688603776171494","39","3"
"6.212974127786304","40.5","3"
"9.735476012274866","42","3"
"6.6871461466703215","43.5","3"
"3.0877053514110946","45","3"
"7.004075440169616","46.5","3"
"10.64873693571789","48","3"
"7.621804862275055","49.5","3"
"3.7131573461114216","51","3"
"5.7583444729781155","52.5","3"
"9.090701692978216","54","3"
"6.111150304233566","55.5","3"
"3.316144031072784","57","3"
"8.05344839963049","58.5","3"
"10.598332371408828","60","3"
"7.323520526598101","61.5","3"
"3.9635088039506865","63","3"
"6.563573157722083","64.5","3"
"9.611096786846282","66","3"
"4.94021846859656","67.5","3"
"2.930475192670777","69","3"
"7.963132172686874","70.5","3"
"11.69086953676237","72","3"
"6.425281424911714","73.5","3"
"3.327537788667871","75","3"
"7.778737610431088","76.5","3"
"10.67066104851591","78","3"
"6.324008562474517","79.5","3"
"3.0605843151390695","81","3"
"7.180028174241843","82.5","3"
"9.776286559591663","84","3"
"4.431575897701143","85.5","3"
"2.904791928361713","87","3"
"7.83949068320638","88.5","3"
"9.094502240494363","90","3"
"5.017348096676451","91.5","3"
"4.4285303344685465","93","3"
"8.866037688329484","94.5","3"
"9.270874848332637","96","3"
"4.108657982130245","97.5","3"
"4.146166705230472","99","3"
"8.79231534571726","100.5","3"
"8.79658504795791","102","3"
"6.821106083232387","103.5","3"
"5.891706631514105","105","3"
"9.566943019307812","106.5","3"
"8.017665002885815","108","3"
"2.5547182334430776","109.5","3"
"4.8122841148249424","111","3"
"11.0297960332659","112.5","3"
"10.90402807042802","114","3"
"4.761588792860989","115.5","3"
"4.410931118584647","117","3"
"9.845855503025195","118.5","3"
"9.705920250250308","120","3"
"4.071044044183712","121.5","3"
"4.0012562932946345","123","3"
"9.443879595470012","124.5","3"
"10.223338774227617","126","3"
"5.015353696287726","127.5","3"
"5.113731795225203","129","3"
"9.763057579103664","130.5","3"
"8.432117863502954","132","3"
"3.9290237140565423","133.5","3"
"5.226789706067629","135","3"
"10.307746214252328","136.5","3"
"8.400156205086564","138","3"
"3.6246075951236696","139.5","3"
"6.311776535776088","141","3"
"11.050482208387498","142.5","3"
"8.244713713114246","144","3"
"2.4877330906614077","145.5","3"
"5.290089618775941","147","3"
"10.570194915368644","148.5","3"
"7.861582351263152","150","3"
"4.133038997112102","151.5","3"
"7.1179824619262435","153","3"
"10.58682625322846","154.5","3"
"7.161069296714135","156","3"
"2.642513985766449","157.5","3"
"6.417123947858449","159","3"
"10.225559374215656","160.5","3"
"6.866627397368017","162","3"
"4.050929035370621","163.5","3"
"7.780515667412191","165","3"
"10.362586064822453","166.5","3"
"5.736867338473293","168","3"
"3.2388798659763074","169.5","3"
"7.890839470679464","171","3"
"10.105653874195731","172.5","3"
"5.364951829957259","174","3"
"3.9829489100377193","175.5","3"
"8.786338551075684","177","3"
"10.195105713128026","178.5","3"
"4.794972206928843","180","3"
"4.125576874382655","181.5","3"
"8.972020331966347","183","3"
"9.55312069608","184.5","3"
"4.180816639930653","186","3"
"4.6215500500733455","187.5","3"
"9.720596119678582","189","3"
"9.346386089736825","190.5","3"
"4.1548465604433735","192","3"
"5.283715619609208","193.5","3"
"9.793716248978473","195","3"
"8.468427088074357","196.5","3"
"3.2906958369355563","198","3"
"5.5595505074709965","199.5","3"
"10.412923607028015","201","3"
"8.283022266170219","202.5","3"
"3.879252163658851","204","3"
"6.446526446102207","205.5","3"
"10.221640552399213","207","3"
"7.11650551160131","208.5","3"
"2.9028581435518896","210","3"
"6.694546175392114","211.5","3"
"10.622777698041471","213","3"
"7.117412281236905","214.5","3"
"4.050686573055017","216","3"
"7.5190343515103715","217.5","3"
"10.240997127261664","219","3"
"5.7796353254599735","220.5","3"
"2.923348180458833","222","3"
"7.77926590230574","223.5","3"
"10.530218201868927","225","3"
"6.250775086970178","226.5","3"
"3.815585107810041","228","3"
"8.319128453192782","229.5","3"
"10.073224046674007","231","3"
"4.723315722095105","232.5","3"
"3.677194073868382","234","3"
"9.030751407016178","235.5","3"
"10.155314296032104","237","3"
"5.35229845106403","238.5","3"
"4.389581128952642","240","3"
"9.267302964463727","241.5","3"
"9.786781432504508","243","3"
"4.16756991829761","244.5","3"
"4.01517077191476","246","3"
"9.587917980845965","247.5","3"
"10.154184776464287","249","3"
"5.168030540871478","250.5","3"
"4.56580835796347","252","3"
"8.845596932380998","253.5","3"
"9.865416101055652","255","3"
"4.759879729221726","256.5","3"
"3.9300354521336494","258","3"
"8.95922995200861","259.5","3"
"10.006328102427142","261","3"
"5.431550610024632","262.5","3"
"4.52062954648911","264","3"
"8.264596608613008","265.5","3"
"9.493074805058557","267","3"
"4.712743478077483","268.5","3"
"3.592624006680765","270","3"
"9.005158819670672","271.5","3"
"10.14077247081083","273","3"
"5.413967164047439","274.5","3"
"4.841898028380478","276","3"
"8.710516839633222","277.5","3"
"9.767613110903362","279","3"
"4.547450215319345","280.5","3"
"3.3551974658158232","282","3"
"9.029169488249732","283.5","3"
"10.461061247248088","285","3"
"5.09453686190649","286.5","3"
"4.75229785376323","288","3"
"9.023030066445251","289.5","3"
"10.079025401103477","291","3"
"4.39663619096524","292.5","3"
"3.0705913065631973","294","3"
"8.308758753914416","295.5","3"
"10.366406324721982","297","3"
"6.097373812297119","298.5","3"
"3.4315546148719123","1.5","4"
"5.58515048696027","3","4"
"10.081830473258806","4.5","4"
"8.445215756641458","6","4"
"3.5713982050640696","7.5","4"
"5.585719189220855","9","4"
"10.473828957964937","10.5","4"
"8.176841020270778","12","4"
"3.7104934639020684","13.5","4"
"6.46028421127444","15","4"
"10.87978085324837","16.5","4"
"8.106251960997202","18","4"
"2.260068368452274","19.5","4"
"5.449137505668918","21","4"
"10.89364950057713","22.5","4"
"8.78941959659837","24","4"
"4.085270471270865","25.5","4"
"6.183027074951604","27","4"
"10.137332659910584","28.5","4"
"7.519339893452801","30","4"
"3.0724684182707964","31.5","4"
"6.375910775111064","33","4"
"10.434928540597904","34.5","4"
"7.30454932883078","36","4"
"4.137436583439946","37.5","4"
"7.423005475862506","39","4"
"10.292542052949404","40.5","4"
"5.85699460280627","42","4"
"2.740617836170116","43.5","4"
"7.58573514316175","45","4"
"10.627000090562003","46.5","4"
"6.287323324190093","48","4"
"3.7221087394054164","49.5","4"
"8.339446006745128","51","4"
"10.113389999054196","52.5","4"
"4.650046271491092","54","4"
"3.6486860250206052","55.5","4"
"9.072629379893137","57","4"
"9.91794368905501","58.5","4"
"5.024544595039819","60","4"
"4.668195955680948","61.5","4"
"9.744949783728497","63","4"
"9.318983905596808","64.5","4"
"3.5472520138492563","66","4"
"4.474678995205325","67.5","4"
"10.207970014523449","69","4"
"9.267937703208645","70.5","4"
"4.329522917691583","72","4"
"5.519159833920247","73.5","4"
"10.53263494007162","75","4"
"8.447837503631332","76.5","4"
"2.986910021461339","78","4"
"5.199695527917963","79.5","4"
"10.7481770393101","81","4"
"8.416046357331199","82.5","4"
"4.132126560166284","84","4"
"6.945628223440493","85.5","4"
"10.666213934824817","87","4"
"7.272619210227801","88.5","4"
"1.9983392925318164","90","4"
"5.8564899657916785","91.5","4"
"10.95932130581594","93","4"
"7.644547531793034","94.5","4"
"4.051795641025074","96","4"
"7.919207561605225","97.5","4"
"10.482558586945878","99","4"
"5.00444387770468","100.5","4"
"1.8418015312578093","102","4"
"7.9301159017595175","103.5","4"
"10.91733195797287","105","4"
"5.939781192107356","106.5","4"
"4.972060867093488","108","4"
"9.717037048858872","109.5","4"
"9.954540714423798","111","4"
"3.5667054257950723","112.5","4"
"2.528475630255535","114","4"
"9.426257710345222","115.5","4"
"10.245885798340524","117","4"
"4.957847253055533","118.5","4"
"5.540325019958041","120","4"
"8.922417076041784","121.5","4"
"8.499919591766245","123","4"
"3.9019374208602287","124.5","4"
"4.312833428300787","126","4"
"9.282055712187194","127.5","4"
"8.072630519900004","129","4"
"4.4262890364779555","130.5","4"
"6.63522619288873","132","4"
"10.107090906944316","133.5","4"
"6.283647950308425","135","4"
"1.8802906990265245","136.5","4"
"6.928531673332847","138","4"
"11.67207969292217","139.5","4"
"8.068935433634953","141","4"
"3.1418372810129958","142.5","4"
"5.658483017191106","144","4"
"9.215380546634213","145.5","4"
"6.459234034049738","147","4"
"3.694238632564856","148.5","4"
"8.178746222124698","150","4"
"9.866285417162821","151.5","4"
"5.183731454235643","153","4"
"3.153385288008051","154.5","4"
"7.463223173249074","156","4"
"9.03385906425643","157.5","4"
"4.616949672601454","159","4"
"3.7289789978238037","160.5","4"
"9.148380126755422","162","4"
"10.222646869570891","163.5","4"
"4.381237369876413","165","4"
"3.737863369014298","166.5","4"
"9.518955193201446","168","4"
"10.98060476615403","169.5","4"
"6.600768453926529","171","4"
"4.416991198046013","172.5","4"
"8.637654942555644","174","4"
"8.599219737436437","175.5","4"
"3.426546437468795","177","4"
"3.9635984952950767","178.5","4"
"10.523732827736081","180","4"
"10.418792969180155","181.5","4"
"3.887015146639673","183","4"
"5.1369574181360536","184.5","4"
"10.258895971372977","186","4"
"10.27279517289598","187.5","4"
"3.687356053906855","189","4"
"2.926781092024896","190.5","4"
"8.972828539685029","192","4"
"9.68789229002784","193.5","4"
"5.059601097647263","195","4"
"5.68746169919214","196.5","4"
"9.551887686499425","198","4"
"8.973405126898967","199.5","4"
"3.798402069620305","201","4"
"4.865342951556459","202.5","4"
"9.547686977600614","204","4"
"8.29420805812062","205.5","4"
"3.259295735040774","207","4"
"5.70062612162456","208.5","4"
"10.784451767210582","210","4"
"8.634498004356935","211.5","4"
"3.9196425908048087","213","4"
"5.76810801646747","214.5","4"
"10.18384599973994","216","4"
"7.217026839422049","217.5","4"
"2.883019600915738","219","4"
"6.623810751671923","220.5","4"
"11.157114375056814","222","4"
"7.197758477475236","223.5","4"
"3.348852049604995","225","4"
"7.737630884553969","226.5","4"
"10.695295614029027","228","4"
"5.076864710204076","229.5","4"
"2.1411888979874094","231","4"
"8.322281448914813","232.5","4"
"11.211239651729322","234","4"
"6.228223627571008","235.5","4"
"4.186156724588973","237","4"
"7.375932797154672","238.5","4"
"9.217610017194774","240","4"
"5.1077505652973665","241.5","4"
"3.5663316297251817","243","4"
"8.763238594608897","244.5","4"
"9.708109310424936","246","4"
"4.802095769473696","247.5","4"
"3.9626791590150754","249","4"
"8.2841241884013","250.5","4"
"8.151380013084353","252","4"
"3.8120317043005523","253.5","4"
"5.219749428342569","255","4"
"10.718865710839486","256.5","4"
"8.432884675216533","258","4"
"2.739137189773298","259.5","4"
"4.939315641437641","261","4"
"9.618255338871638","262.5","4"
"8.128094267404185","264","4"
"4.612491224289916","265.5","4"
"7.1688995482032505","267","4"
"9.988659893201405","268.5","4"
"6.049584588453331","270","4"
"1.4708903686751138","271.5","4"
"5.7163294990366476","273","4"
"11.356853056537538","274.5","4"
"9.937485560321255","276","4"
"4.61871738058128","277.5","4"
"6.375869871915546","279","4"
"9.615440410524617","280.5","4"
"7.4503253608019016","282","4"
"3.1779449464643124","283.5","4"
"5.47365626092966","285","4"
"10.761636654683672","286.5","4"
"7.883113694822276","288","4"
"4.242488802581153","289.5","4"
"7.412179434908834","291","4"
"10.516600887428293","292.5","4"
"6.756583509944775","294","4"
"1.7792026401835386","295.5","4"
"6.093186902066675","297","4"
"10.580964776029674","298.5","4"
"9.711637827050405","1.5","5"
"5.538843141537261","3","5"
"4.603957240714045","4.5","5"
"9.600130787970595","6","5"
"10.00235211469889","7.5","5"
"5.649180250663318","9","5"
"5.3536108029877205","10.5","5"
"10.051301905114324","12","5"
"7.950398958640945","13.5","5"
"2.112945734291335","15","5"
"4.6870321236220995","16.5","5"
"12.064557188544493","18","5"
"9.919424089047036","19.5","5"
"2.7329681993937434","21","5"
"4.997951111428068","22.5","5"
"10.144997820188872","24","5"
"9.313181565548167","25.5","5"
"3.7062385459489553","27","5"
"4.747931068034421","28.5","5"
"9.742048120894593","30","5"
"8.783496025391926","31.5","5"
"4.669167283372121","33","5"
"6.816643199634587","34.5","5"
"10.011600179362793","36","5"
"4.810828848121729","37.5","5"
"2.304568334723899","39","5"
"7.678477964499752","40.5","5"
"12.409415479629702","42","5"
"6.445324976335043","43.5","5"
"2.5103663564516134","45","5"
"7.797577720848916","46.5","5"
"10.24688324493968","48","5"
"6.87035944435191","49.5","5"
"4.075744215596478","51","5"
"7.3075988345400535","52.5","5"
"8.282544240873193","54","5"
"3.3885481080463045","55.5","5"
"4.3286122055793115","57","5"
"9.159166742942329","58.5","5"
"7.7793644642226525","60","5"
"2.994701094588481","61.5","5"
"5.864206871076344","63","5"
"10.808180548707272","64.5","5"
"8.940420395785024","66","5"
"3.5419139004292743","67.5","5"
"5.110638429462903","69","5"
"8.897834748344632","70.5","5"
"7.202236145360572","72","5"
"3.8888345996258784","73.5","5"
"7.087745637055821","75","5"
"10.324209996853396","76.5","5"
"7.137801292179013","78","5"
"3.8183667715101044","79.5","5"
"6.767700801362923","81","5"
"9.46229096154927","82.5","5"
"5.453970489264723","84","5"
"2.712917995041022","85.5","5"
"8.156722068981011","87","5"
"11.205201748699261","88.5","5"
"4.7317545934211545","90","5"
"2.5616934603029766","91.5","5"
"8.014580014886453","93","5"
"10.205298000955949","94.5","5"
"5.710829251263344","96","5"
"3.717992300945565","97.5","5"
"8.994241116134273","99","5"
"9.629715132951057","100.5","5"
"3.61795959382792","102","5"
"2.5071005073347172","103.5","5"
"8.296296585139997","105","5"
"9.92682214653049","106.5","5"
"7.136040976342955","108","5"
"5.323243876386973","109.5","5"
"9.532803142527655","111","5"
"8.769894480858","112.5","5"
"3.180630265890594","114","5"
"3.677126558955297","115.5","5"
"10.297842712840959","117","5"
"11.051227336479357","118.5","5"
"4.933141722962241","120","5"
"4.155068324756426","121.5","5"
"9.998613661190399","123","5"
"10.551401129051765","124.5","5"
"3.80410560134724","126","5"
"2.726407918204046","127.5","5"
"9.377131494098515","129","5"
"10.658398960432825","130.5","5"
"5.042269477367782","132","5"
"5.089688108403979","133.5","5"
"9.883092195234743","135","5"
"9.42839059022721","136.5","5"
"3.933600190263583","138","5"
"4.068944182543891","139.5","5"
"9.514802779641922","141","5"
"8.813976298197122","142.5","5"
"4.068179834878235","144","5"
"6.4161467064522615","145.5","5"
"10.687728030048483","147","5"
"8.607607356565692","148.5","5"
"2.5870051461852803","150","5"
"4.674958288800316","151.5","5"
"10.000462682751678","153","5"
"8.165977032979097","154.5","5"
"4.2818179642867555","156","5"
"6.933113324040526","157.5","5"
"10.525767145701156","159","5"
"7.245762073488309","160.5","5"
"2.7362724876582356","162","5"
"6.374584624519006","163.5","5"
"10.183176764324104","165","5"
"6.824319201723735","166.5","5"
"3.71810515434043","168","5"
"7.697977946951309","169.5","5"
"10.62152793293502","171","5"
"6.035095986667191","172.5","5"
"3.4344119248432063","174","5"
"7.835694570976495","175.5","5"
"10.009025742093037","177","5"
"5.139783188293935","178.5","5"
"3.7781650904350346","180","5"
"8.804069839928246","181.5","5"
"10.178569980327612","183","5"
"5.053939701139808","184.5","5"
"3.9023208267170184","186","5"
"9.042715838110189","187.5","5"
"9.390766549684194","189","5"
"4.048380470604056","190.5","5"
"4.841075036374258","192","5"
"10.102315582069904","193.5","5"
"9.188009902307607","195","5"
"4.13269526242687","196.5","5"
"5.664723957770007","198","5"
"10.122360119112404","199.5","5"
"8.285095023282889","201","5"
"2.866657337089091","202.5","5"
"5.502123899391503","204","5"
"10.674866685510569","205.5","5"
"8.41312695335225","207","5"
"4.2172081637026775","208.5","5"
"6.668448458222432","210","5"
"10.186083355253855","211.5","5"
"6.830360554420887","213","5"
"2.4017765037076235","214.5","5"
"6.5996034520686235","216","5"
"10.783547954432494","217.5","5"
"7.306972966367659","219","5"
"3.8421773593978306","220.5","5"
"7.787633316242028","222","5"
"10.22618524238805","223.5","5"
"5.001326857082321","225","5"
"2.807047336145192","226.5","5"
"8.478023076304959","228","5"
"10.367697485833537","229.5","5"
"5.810028370968702","231","5"
"4.718050051684053","232.5","5"
"9.387847145705246","234","5"
"9.647387284653473","235.5","5"
"3.4207785940910744","237","5"
"3.519873977378882","238.5","5"
"9.932122806422045","240","5"
"9.921429824056206","241.5","5"
"4.959594755842392","243","5"
"5.447483143893541","244.5","5"
"10.357469715715524","246","5"
"8.822663545553793","247.5","5"
"2.7935041895470354","249","5"
"4.352440534612082","250.5","5"
"10.775980370451952","252","5"
"9.228433101290939","253.5","5"
"3.482399504544781","255","5"
"5.7878967853355805","256.5","5"
"9.983395701219106","258","5"
"7.868424026725634","259.5","5"
"3.2807721303312194","261","5"
"6.0907267966205385","262.5","5"
"10.312496898647511","264","5"
"7.90887580866487","265.5","5"
"3.701220019544562","267","5"
"5.958302947533555","268.5","5"
"8.909207807937168","270","5"
"5.825377418289488","271.5","5"
"3.69901962474949","273","5"
"8.631062135933364","274.5","5"
"10.239490115552071","276","5"
"5.853193562480539","277.5","5"
"2.9562989077114414","279","5"
"7.047885226618061","280.5","5"
"8.954790723270868","282","5"
"5.219642981472303","283.5","5"
"4.22164443558291","285","5"
"9.501506777050423","286.5","5"
"10.263888132464595","288","5"
"5.712404763505191","289.5","5"
"3.0474152110155956","291","5"
"7.214099057680162","292.5","5"
"9.020348196686061","294","5"
"5.307487768349338","295.5","5"
"4.082997633466863","297","5"
"9.246483730754298","298.5","5"
"7.981472574185955","1.5","6"
"3.0406447465380824","3","6"
"6.735268509793274","4.5","6"
"9.642997336874188","6","6"
"7.1470754757508965","7.5","6"
"3.1918389734866777","9","6"
"5.707496380042947","10.5","6"
"10.561023728999933","12","6"
"9.025325573490143","13.5","6"
"4.828666091034973","15","6"
"5.787077242996453","16.5","6"
"8.732846041909752","18","6"
"7.132340469172475","19.5","6"
"3.690130818272735","21","6"
"6.433210731127326","22.5","6"
"10.249559200983853","24","6"
"7.658476301891111","25.5","6"
"3.786413737261443","27","6"
"6.179917446473015","28.5","6"
"10.33297018002858","30","6"
"6.426715500802791","31.5","6"
"2.5953390490698185","33","6"
"7.2300409549311775","34.5","6"
"12.011322911600873","36","6"
"8.012807871620367","37.5","6"
"2.9688603776171494","39","6"
"6.212974127786304","40.5","6"
"9.735476012274866","42","6"
"6.6871461466703215","43.5","6"
"3.0877053514110946","45","6"
"7.004075440169616","46.5","6"
"10.64873693571789","48","6"
"7.621804862275055","49.5","6"
"3.7131573461114216","51","6"
"5.7583444729781155","52.5","6"
"9.090701692978216","54","6"
"6.111150304233566","55.5","6"
"3.316144031072784","57","6"
"8.05344839963049","58.5","6"
"10.598332371408828","60","6"
"7.323520526598101","61.5","6"
"3.9635088039506865","63","6"
"6.563573157722083","64.5","6"
"9.611096786846282","66","6"
"4.94021846859656","67.5","6"
"2.930475192670777","69","6"
"7.963132172686874","70.5","6"
"11.69086953676237","72","6"
"6.425281424911714","73.5","6"
"3.327537788667871","75","6"
"7.778737610431088","76.5","6"
"10.67066104851591","78","6"
"6.324008562474517","79.5","6"
"3.0605843151390695","81","6"
"7.180028174241843","82.5","6"
"9.776286559591663","84","6"
"4.431575897701143","85.5","6"
"2.904791928361713","87","6"
"7.83949068320638","88.5","6"
"9.094502240494363","90","6"
"5.017348096676451","91.5","6"
"4.4285303344685465","93","6"
"8.866037688329484","94.5","6"
"9.270874848332637","96","6"
"4.108657982130245","97.5","6"
"4.146166705230472","99","6"
"8.79231534571726","100.5","6"
"8.79658504795791","102","6"
"6.821106083232387","103.5","6"
"5.891706631514105","105","6"
"9.566943019307812","106.5","6"
"8.017665002885815","108","6"
"2.5547182334430776","109.5","6"
"4.8122841148249424","111","6"
"11.0297960332659","112.5","6"
"10.90402807042802","114","6"
"4.761588792860989","115.5","6"
"4.410931118584647","117","6"
"9.845855503025195","118.5","6"
"9.705920250250308","120","6"
"4.071044044183712","121.5","6"
"4.0012562932946345","123","6"
"9.443879595470012","124.5","6"
"10.223338774227617","126","6"
"5.015353696287726","127.5","6"
"5.113731795225203","129","6"
"9.763057579103664","130.5","6"
"8.432117863502954","132","6"
"3.9290237140565423","133.5","6"
"5.226789706067629","135","6"
"10.307746214252328","136.5","6"
"8.400156205086564","138","6"
"3.6246075951236696","139.5","6"
"6.311776535776088","141","6"
"11.050482208387498","142.5","6"
"8.244713713114246","144","6"
"2.4877330906614077","145.5","6"
"5.290089618775941","147","6"
"10.570194915368644","148.5","6"
"7.861582351263152","150","6"
"4.133038997112102","151.5","6"
"7.1179824619262435","153","6"
"10.58682625322846","154.5","6"
"7.161069296714135","156","6"
"2.642513985766449","157.5","6"
"6.417123947858449","159","6"
"10.225559374215656","160.5","6"
"6.866627397368017","162","6"
"4.050929035370621","163.5","6"
"7.780515667412191","165","6"
"10.362586064822453","166.5","6"
"5.736867338473293","168","6"
"3.2388798659763074","169.5","6"
"7.890839470679464","171","6"
"10.105653874195731","172.5","6"
"5.364951829957259","174","6"
"3.9829489100377193","175.5","6"
"8.786338551075684","177","6"
"10.195105713128026","178.5","6"
"4.794972206928843","180","6"
"4.125576874382655","181.5","6"
"8.972020331966347","183","6"
"9.55312069608","184.5","6"
"4.180816639930653","186","6"
"4.6215500500733455","187.5","6"
"9.720596119678582","189","6"
"9.346386089736825","190.5","6"
"4.1548465604433735","192","6"
"5.283715619609208","193.5","6"
"9.793716248978473","195","6"
"8.468427088074357","196.5","6"
"3.2906958369355563","198","6"
"5.5595505074709965","199.5","6"
"10.412923607028015","201","6"
"8.283022266170219","202.5","6"
"3.879252163658851","204","6"
"6.446526446102207","205.5","6"
"10.221640552399213","207","6"
"7.11650551160131","208.5","6"
"2.9028581435518896","210","6"
"6.694546175392114","211.5","6"
"10.622777698041471","213","6"
"7.117412281236905","214.5","6"
"4.050686573055017","216","6"
"7.5190343515103715","217.5","6"
"10.240997127261664","219","6"
"5.7796353254599735","220.5","6"
"2.923348180458833","222","6"
"7.77926590230574","223.5","6"
"10.530218201868927","225","6"
"6.250775086970178","226.5","6"
"3.815585107810041","228","6"
"8.319128453192782","229.5","6"
"10.073224046674007","231","6"
"4.723315722095105","232.5","6"
"3.677194073868382","234","6"
"9.030751407016178","235.5","6"
"10.155314296032104","237","6"
"5.35229845106403","238.5","6"
"4.389581128952642","240","6"
"9.267302964463727","241.5","6"
"9.786781432504508","243","6"
"4.16756991829761","244.5","6"
"4.01517077191476","246","6"
"9.587917980845965","247.5","6"
"10.154184776464287","249","6"
"5.168030540871478","250.5","6"
"4.56580835796347","252","6"
"8.845596932380998","253.5","6"
"9.865416101055652","255","6"
"4.759879729221726","256.5","6"
"3.9300354521336494","258","6"
"8.95922995200861","259.5","6"
"10.006328102427142","261","6"
"5.431550610024632","262.5","6"
"4.52062954648911","264","6"
"8.264596608613008","265.5","6"
"9.493074805058557","267","6"
"4.712743478077483","268.5","6"
"3.592624006680765","270","6"
"9.005158819670672","271.5","6"
"10.14077247081083","273","6"
"5.413967164047439","274.5","6"
"4.841898028380478","276","6"
"8.710516839633222","277.5","6"
"9.767613110903362","279","6"
"4.547450215319345","280.5","6"
"3.3551974658158232","282","6"
"9.029169488249732","283.5","6"
"10.461061247248088","285","6"
"5.09453686190649","286.5","6"
"4.75229785376323","288","6"
"9.023030066445251","289.5","6"
"10.079025401103477","291","6"
"4.39663619096524","292.5","6"
"3.0705913065631973","294","6"
"8.308758753914416","295.5","6"
"10.366406324721982","297","6"
"6.097373812297119","298.5","6"
"9.875826210719953","1.5","7"
"7.829136261025136","3","7"
"3.395952079244773","4.5","7"
"6.169002699794122","6","7"
"10.109708711457513","7.5","7"
"9.704445763973297","9","7"
"4.3357569589363","10.5","7"
"5.692167537915128","12","7"
"9.234957900190548","13.5","7"
"6.221498747980068","15","7"
"3.5614636566488724","16.5","7"
"7.084863193795715","18","7"
"11.181986474789687","19.5","7"
"7.564690202662589","21","7"
"1.8392806870303755","22.5","7"
"5.706447188437414","24","7"
"10.421585228286286","25.5","7"
"7.479240470366527","27","7"
"3.183693816673027","28.5","7"
"6.579934928739146","30","7"
"10.825076032504414","31.5","7"
"8.604581505716478","33","7"
"4.140767976231589","34.5","7"
"6.346069183527461","36","7"
"8.846435694293923","37.5","7"
"6.0739924615575465","39","7"
"4.137537116595197","40.5","7"
"8.512425127784105","42","7"
"10.63774038264796","43.5","7"
"5.991975640827548","45","7"
"2.4061765540833906","46.5","7"
"6.6110154436183395","48","7"
"9.450489157618165","49.5","7"
"6.1178638492040625","51","7"
"4.02030239811881","52.5","7"
"8.720518902961505","54","7"
"10.289326963219716","55.5","7"
"6.794725986170751","57","7"
"4.1786729182378055","58.5","7"
"6.714798185269713","60","7"
"8.695701012282932","61.5","7"
"4.950779377993737","63","7"
"3.692315689565893","64.5","7"
"9.177544597969836","66","7"
"11.093320174335187","67.5","7"
"6.301278213196151","69","7"
"2.2275328332746596","70.5","7"
"6.120002642801063","72","7"
"9.372535551912886","73.5","7"
"6.315134047475714","75","7"
"3.978079212127864","76.5","7"
"8.48176448667096","78","7"
"10.584603682002085","79.5","7"
"6.669925408547367","81","7"
"2.9862277265915123","82.5","7"
"6.887916771421121","84","7"
"9.113183666225963","85.5","7"
"5.785527849662588","87","7"
"3.5054669355789865","88.5","7"
"8.159450755650735","90","7"
"10.804516016636464","91.5","7"
"4.767295527850224","93","7"
"2.2846398543385646","94.5","7"
"7.45702510710403","96","7"
"10.988141795940331","97.5","7"
"7.429317873831168","99","7"
"2.5246642409285283","100.5","7"
"7.293671050061145","102","7"
"10.676865521185555","103.5","7"
"5.882533966716642","105","7"
"2.2549148122217106","106.5","7"
"6.905769784241071","108","7"
"10.701142306940277","109.5","7"
"8.438374573988561","111","7"
"3.879449287492676","112.5","7"
"7.30528706477887","114","7"
"10.15113921323169","115.5","7"
"5.78379118868659","117","7"
"2.3403132923209773","118.5","7"
"7.11682090973543","120","7"
"11.664074494030535","121.5","7"
"7.557445408959934","123","7"
"3.293648259156671","124.5","7"
"7.557019621478871","126","7"
"11.01530644586059","127.5","7"
"5.944043995013822","129","7"
"1.601228154790643","130.5","7"
"7.003760042035496","132","7"
"11.328354863881453","133.5","7"
"6.631316734454395","135","7"
"4.440588892193208","136.5","7"
"8.75758015495895","138","7"
"10.458742085343136","139.5","7"
"5.169656812500535","141","7"
"2.2885286147703483","142.5","7"
"7.7422421038367215","144","7"
"10.133317247415569","145.5","7"
"5.500450318042328","147","7"
"5.240048747940286","148.5","7"
"9.98361549429382","150","7"
"9.760794597491353","151.5","7"
"3.688545942648781","153","7"
"3.3082258130728244","154.5","7"
"9.224400933270047","156","7"
"9.29935332860534","157.5","7"
"4.546793792952707","159","7"
"5.886077760439232","160.5","7"
"10.739573569582806","162","7"
"8.809228570659448","163.5","7"
"3.0054091076466496","165","7"
"4.642379139974468","166.5","7"
"10.13790234779034","168","7"
"8.272886158634936","169.5","7"
"3.977606361331476","171","7"
"7.051228446839733","172.5","7"
"10.924342667122858","174","7"
"7.555259798452399","175.5","7"
"2.1406712015188263","177","7"
"5.6611062426097325","178.5","7"
"10.37392561336324","180","7"
"7.524819443223552","181.5","7"
"3.900903259947024","183","7"
"7.7769782802142","184.5","7"
"10.633699344054548","186","7"
"5.396728191969855","187.5","7"
"2.4055139715969465","189","7"
"7.882806674451094","190.5","7"
"10.440152322194267","192","7"
"6.0663598267118415","193.5","7"
"4.414796716965956","195","7"
"9.073338040075738","196.5","7"
"10.153631844110407","198","7"
"3.941306992951765","199.5","7"
"3.1927450039078957","201","7"
"9.347396349385178","202.5","7"
"10.128343813088163","204","7"
"5.271317023271198","205.5","7"
"5.0264438831787235","207","7"
"9.974904592077094","208.5","7"
"9.28864950442864","210","7"
"3.0967013439724926","211.5","7"
"4.0333953631614685","213","7"
"10.400970017744864","214.5","7"
"9.557371671556439","216","7"
"4.590457707764122","217.5","7"
"5.824652002581012","219","7"
"10.738310005807987","220.5","7"
"8.373720913351457","222","7"
"2.466815541439856","223.5","7"
"4.868775863122521","225","7"
"11.231811495027303","226.5","7"
"8.845624529717734","228","7"
"3.1256053653214653","229.5","7"
"5.9389705203407495","231","7"
"9.823518415795311","232.5","7"
"7.313689961005247","234","7"
"3.5457972399556277","235.5","7"
"6.58386262112811","237","7"
"10.173970095665306","238.5","7"
"6.764584273550149","240","7"
"3.325746425827986","241.5","7"
"6.994954520378531","243","7"
"9.362499977532853","244.5","7"
"5.431866008158752","246","7"
"3.337067986818935","247.5","7"
"8.20834140891602","249","7"
"10.318202648017577","250.5","7"
"4.835703411902526","252","7"
"3.2051766184880717","253.5","7"
"8.1998409363919","255","7"
"9.40133731527306","256.5","7"
"6.163177197695008","258","7"
"4.4110838895558615","259.5","7"
"9.03029703657921","261","7"
"8.880898854161554","262.5","7"
"4.436515328167213","264","7"
"4.00719957688446","265.5","7"
"9.111017275292225","267","7"
"9.74340236163297","268.5","7"
"4.7697654894880515","270","7"
"5.321639781189222","271.5","7"
"9.977559850118716","273","7"
"9.02434882489354","274.5","7"
"3.6589773675750257","276","7"
"3.440960132198082","277.5","7"
"8.722316672325988","279","7"
"10.975314948073336","280.5","7"
"6.054866028771088","282","7"
"5.128501298474544","283.5","7"
"8.72994142221834","285","7"
"8.622311808949872","286.5","7"
"4.566297225071357","288","7"
"4.127101134427707","289.5","7"
"9.105342080116403","291","7"
"9.398766820479983","292.5","7"
"4.6076809099350005","294","7"
"5.899959713626775","295.5","7"
"10.475210796040049","297","7"
"9.213141219881962","298.5","7"
"7.574486764394108","1.5","8"
"2.631333121911893","3","8"
"6.279897669369904","4.5","8"
"10.90021963795852","6","8"
"8.514463388225856","7.5","8"
"4.643519501353145","9","8"
"7.003309614075206","10.5","8"
"9.838762001865001","12","8"
"6.433785347102925","13.5","8"
"3.224775655666126","15","8"
"7.340634817850791","16.5","8"
"10.779910034079254","18","8"
"6.622954741423537","19.5","8"
"3.7813937324282962","21","8"
"7.757786303752995","22.5","8"
"10.977329553655027","24","8"
"6.140466067990441","25.5","8"
"2.1959131847099544","27","8"
"7.178096360670358","28.5","8"
"11.1037361977145","30","8"
"7.136357360096245","31.5","8"
"3.5111463196362784","33","8"
"7.5940636251408575","34.5","8"
"10.26991223682629","36","8"
"5.4871454448783075","37.5","8"
"3.5311696658666407","39","8"
"8.360131196247558","40.5","8"
"10.056936689904212","42","8"
"5.446261961742994","43.5","8"
"4.209882549228154","45","8"
"9.200728332066","46.5","8"
"9.817394763897536","48","8"
"3.9901215071362355","49.5","8"
"4.013936776715015","51","8"
"9.726329466385383","52.5","8"
"9.862930369511119","54","8"
"4.58087256134438","55.5","8"
"4.776296202102675","57","8"
"10.049900354655827","58.5","8"
"9.229131905281848","60","8"
"3.5846742488673935","61.5","8"
"4.719998620781414","63","8"
"10.220028079438526","64.5","8"
"8.967112934123271","66","8"
"4.199120573520476","67.5","8"
"5.779982263407505","69","8"
"10.576877413335312","70.5","8"
"8.103352269401636","72","8"
"2.962135744431001","73.5","8"
"5.553774779139923","75","8"
"10.810780612075423","76.5","8"
"8.041915176922972","78","8"
"4.012406356550156","79.5","8"
"7.1320255638479395","81","8"
"10.690252200740613","82.5","8"
"6.951941114218739","84","8"
"2.0354258010204704","85.5","8"
"6.28206504592281","87","8"
"10.887268602076213","88.5","8"
"7.326586295023666","90","8"
"4.067560619635231","91.5","8"
"8.062372688397334","93","8"
"10.333359499600384","94.5","8"
"4.716798315339265","96","8"
"2.2691929843152425","97.5","8"
"8.395658824817845","99","8"
"10.605389404659766","100.5","8"
"5.750047038002835","102","8"
"4.958463265036237","103.5","8"
"9.674128118331007","105","8"
"9.810355471791643","106.5","8"
"3.3329343000236236","108","8"
"2.9760600792428167","109.5","8"
"9.754553656912453","111","8"
"9.981685651960674","112.5","8"
"4.990477161268592","114","8"
"5.492286434464464","115.5","8"
"9.639927133162363","117","8"
"9.014485733868105","118.5","8"
"3.454954692375698","120","8"
"4.162470817526141","121.5","8"
"9.950812117106997","123","8"
"9.303518555214064","124.5","8"
"4.028047147145004","126","8"
"5.466734257504894","127.5","8"
"9.453022198882817","129","8"
"7.262222899231868","130.5","8"
"2.94378893640732","132","8"
"6.620369955152507","133.5","8"
"10.96622852495317","135","8"
"7.922865687151433","136.5","8"
"3.243768044245584","138","8"
"5.661926770568029","139.5","8"
"9.156677068921118","141","8"
"6.294848526546364","142.5","8"
"3.598330248860415","144","8"
"8.296934280742422","145.5","8"
"10.147755582624082","147","8"
"6.1584639668282515","148.5","8"
"3.034361917144494","150","8"
"6.768984077521124","151.5","8"
"8.796734862071617","153","8"
"5.187456109075766","154.5","8"
"4.183654730328149","156","8"
"9.56225738577779","157.5","8"
"10.5666624562665","159","8"
"5.139832962061976","160.5","8"
"3.260828619253556","162","8"
"8.433076870954514","163.5","8"
"9.264314567142941","165","8"
"4.798328733009299","166.5","8"
"4.0681399173018855","168","8"
"9.899374623908692","169.5","8"
"9.720933201434423","171","8"
"2.650755979663466","172.5","8"
"2.2905000995133906","174","8"
"9.097555688680313","175.5","8"
"12.392673752422942","177","8"
"6.165757548679777","178.5","8"
"3.8449506453349565","180","8"
"8.893909027194006","181.5","8"
"10.330026135570403","183","8"
"6.180491076829445","184.5","8"
"3.256922610486313","186","8"
"7.44173618255256","187.5","8"
"9.893340663355307","189","8"
"5.507562545966735","190.5","8"
"5.001096222196746","192","8"
"9.948319486228279","193.5","8"
"9.741113753922262","195","8"
"3.5684930925630733","196.5","8"
"3.2289290548448193","198","8"
"9.529527930028651","199.5","8"
"9.8826466953703","201","8"
"4.188282705136776","202.5","8"
"5.583445858607267","204","8"
"10.442130459866702","205.5","8"
"9.947444256406095","207","8"
"3.436631292807284","208.5","8"
"3.4621930795537534","210","8"
"9.1459259350243","211.5","8"
"9.059177649472916","213","8"
"4.733266533226592","214.5","8"
"6.139636176650037","216","8"
"10.089256128078997","217.5","8"
"8.287199320208972","219","8"
"3.0335012252050553","220.5","8"
"5.343283485333627","222","8"
"9.998942857992887","223.5","8"
"7.845104277184133","225","8"
"3.511965122761029","226.5","8"
"6.625318749000684","228","8"
"10.755649018231237","229.5","8"
"7.384660454897275","231","8"
"3.2029882975278214","232.5","8"
"6.697916992950522","234","8"
"10.20263781481848","235.5","8"
"6.508147849365498","237","8"
"3.341035350379456","238.5","8"
"7.6638908007966995","240","8"
"10.560985289852338","241.5","8"
"6.058037258447748","243","8"
"3.6503364443193056","244.5","8"
"8.051339667418146","246","8"
"10.014798513566603","247.5","8"
"4.680451637239435","249","8"
"3.8394984464961484","250.5","8"
"9.157431067585499","252","8"
"10.090517720615477","253.5","8"
"5.068869367504132","255","8"
"4.298218174451414","256.5","8"
"9.259157807650078","258","8"
"9.114787268614128","259.5","8"
"3.8005172083572476","261","8"
"4.95317541819388","262.5","8"
"10.298262586607006","264","8"
"9.015721700306187","265.5","8"
"4.083611427804436","267","8"
"5.952515391772453","268.5","8"
"10.31769209728797","270","8"
"8.122257430684627","271.5","8"
"2.5760931099591033","273","8"
"5.428622335473161","274.5","8"
"10.740986947471331","276","8"
"8.389452380909864","277.5","8"
"4.444334737845469","279","8"
"6.883790476769579","280.5","8"
"10.195275239625115","282","8"
"6.673999465382946","283.5","8"
"2.150470227298269","285","8"
"6.5612259056708115","286.5","8"
"10.867203367031163","288","8"
"7.291234106665484","289.5","8"
"4.077423957065459","291","8"
"8.02045972603987","292.5","8"
"10.208786107195484","294","8"
"4.780611242825105","295.5","8"
"2.5031427535610953","297","8"
"8.422641135191816","298.5","8"
"3.9447024509894013","1.5","9"
"8.93234620355155","3","9"
"10.121217786495388","4.5","9"
"5.2745449260500825","6","9"
"4.781496821648564","7.5","9"
"9.360572106438044","9","9"
"9.317149668323065","10.5","9"
"4.036065159085837","12","9"
"4.6899993301307505","13.5","9"
"9.939907226619797","15","9"
"9.54934774590059","16.5","9"
"3.827512085375625","18","9"
"4.763035681801265","19.5","9"
"10.13045303811009","21","9"
"9.655330389537452","22.5","9"
"3.610695334146675","24","9"
"4.623625764043522","25.5","9"
"9.971568271189604","27","9"
"9.38690785063707","28.5","9"
"4.143295596590811","30","9"
"5.406793334924961","31.5","9"
"9.889436625826402","33","9"
"8.405252841810109","34.5","9"
"3.50798938143757","36","9"
"5.786954533409896","37.5","9"
"10.24672456025345","39","9"
"7.86151730039799","40.5","9"
"3.6635878476434014","42","9"
"6.626343792936574","43.5","9"
"10.437032837523986","45","9"
"7.033392682355244","46.5","9"
"3.066374334948095","48","9"
"6.953020367208931","49.5","9"
"10.565295402478922","51","9"
"6.658521794760588","52.5","9"
"3.7720840665663244","54","9"
"7.707338865010076","55.5","9"
"10.287886973613626","57","9"
"5.550120103260807","58.5","9"
"3.4585948303720695","60","9"
"8.203542921991133","61.5","9"
"10.195590637759235","63","9"
"5.31382382117806","64.5","9"
"4.327177144069066","66","9"
"8.926776469626823","67.5","9"
"9.776944953196638","69","9"
"4.159440531390666","70.5","9"
"4.131302828945688","72","9"
"9.364559921596324","73.5","9"
"9.572212139385956","75","9"
"4.425742017839091","76.5","9"
"5.190672677234207","78","9"
"9.787931650074876","79.5","9"
"8.76494864386733","81","9"
"3.36074674814279","82.5","9"
"5.167507177092673","84","9"
"10.16352056123424","85.5","9"
"8.464867031635476","87","9"
"3.9564204772911302","88.5","9"
"6.342287362775528","90","9"
"10.306163309866713","91.5","9"
"7.360245189649291","93","9"
"2.9186615613096425","94.5","9"
"6.46506791391179","96","9"
"10.520292031216666","97.5","9"
"7.073493583870271","99","9"
"3.9739975167437245","100.5","9"
"7.538472732763859","102","9"
"10.333743891076344","103.5","9"
"5.7094390354252935","105","9"
"3.0126428131336516","106.5","9"
"7.820900427247926","108","9"
"10.38788296641722","109.5","9"
"5.8546384801824765","111","9"
"3.77651097506445","112.5","9"
"8.648724431444087","114","9"
"9.977122235207624","115.5","9"
"4.406756035784233","117","9"
"4.008993896581852","118.5","9"
"9.376465215540188","120","9"
"9.701077903272397","121.5","9"
"4.66316929791841","123","9"
"4.721288796273798","124.5","9"
"9.941250625547314","126","9"
"9.102067853236568","127.5","9"
"3.5552986087459946","129","9"
"4.873848844986009","130.5","9"
"10.321150634952431","132","9"
"8.89923531318396","133.5","9"
"3.9781548583990944","135","9"
"6.157584794529392","136.5","9"
"10.542361030032549","138","9"
"8.104630617463991","139.5","9"
"2.4774185860565123","141","9"
"5.343033630874253","142.5","9"
"10.656761846992907","144","9"
"8.277887190299078","145.5","9"
"4.54976543474762","147","9"
"7.078468496626431","148.5","9"
"10.267619686638904","150","9"
"6.531635154165751","151.5","9"
"2.00992438344811","153","9"
"6.584547133641067","154.5","9"
"10.897579164204432","156","9"
"7.236878687916984","157.5","9"
"4.150353615460916","159","9"
"8.126098881396292","160.5","9"
"10.234653682289174","162","9"
"4.73782650031255","163.5","9"
"2.449239980416016","165","9"
"8.390917996614352","166.5","9"
"10.410044613435","168","9"
"5.701418066626952","169.5","9"
"5.062912778055524","171","9"
"9.780420246386974","172.5","9"
"9.63427657846577","174","9"
"3.2201797134804955","175.5","9"
"3.153381099126582","177","9"
"9.888217414914195","178.5","9"
"9.909885266728242","180","9"
"4.831800359992791","181.5","9"
"5.8804301626001445","183","9"
"10.697031289385855","184.5","9"
"8.626910707993009","186","9"
"2.524965347584696","187.5","9"
"4.112371055945132","189","9"
"10.817739083409448","190.5","9"
"9.096361118247334","192","9"
"3.3217051408297804","193.5","9"
"5.986420691190359","195","9"
"9.861074448615657","196.5","9"
"7.530541948119493","198","9"
"3.0025298676488426","199.5","9"
"5.5411366773438155","201","9"
"10.195804517118935","202.5","9"
"7.337708514537659","204","9"
"3.6177191027506534","205.5","9"
"6.362416170256987","207","9"
"9.771841417138909","208.5","9"
"6.1430198072576445","210","9"
"2.715357402484607","211.5","9"
"7.710656951942936","213","9"
"10.619176245597489","214.5","9"
"7.443039663903728","216","9"
"3.946704982736271","217.5","9"
"6.050714600830733","219","9"
"8.768331288855768","220.5","9"
"5.306564243187868","222","9"
"3.5721137645808545","223.5","9"
"8.98808198194641","225","9"
"10.90574994711648","226.5","9"
"5.647241044948064","228","9"
"2.5672099707925704","229.5","9"
"6.670499531713382","231","9"
"9.28287180485923","232.5","9"
"5.499468641349879","234","9"
"3.6080553532021735","235.5","9"
"8.518658183409652","237","9"
"10.286682546988954","238.5","9"
"5.064608535836004","240","9"
"3.668418613596076","241.5","9"
"8.86390283720916","243","9"
"11.046814719459183","244.5","9"
"6.936433382211724","246","9"
"4.05192377151706","247.5","9"
"8.280822364184731","249","9"
"9.160317946131867","250.5","9"
"3.7931189044690017","252","9"
"3.238318802264283","253.5","9"
"9.782442736922018","255","9"
"11.212963499656123","256.5","9"
"4.574746938208267","258","9"
"3.893597850665468","259.5","9"
"9.690655966178067","261","9"
"10.949133946083863","262.5","9"
"4.537918292334735","264","9"
"2.680873298209632","265.5","9"
"8.56592453628422","267","9"
"10.153612131727025","268.5","9"
"5.16760081091374","270","9"
"5.287907457935497","271.5","9"
"9.380104121512598","273","9"
"9.660364932253342","274.5","9"
"4.250679297876584","276","9"
"4.1363026285858675","277.5","9"
"9.030178762278915","279","9"
"8.973456379095762","280.5","9"
"3.895304943066393","282","9"
"5.144004595195298","283.5","9"
"10.227265480997412","285","9"
"9.287651072210318","286.5","9"
"3.9683777626461647","288","9"
"4.893920979365244","289.5","9"
"9.973596675439664","291","9"
"8.271699473155309","292.5","9"
"3.331500470537339","294","9"
"5.785245962580218","295.5","9"
"10.80739303899114","297","9"
"8.016248175330198","298.5","9"
"4.020234143991348","1.5","10"
"9.055683629518368","3","10"
"10.024990801394527","4.5","10"
"5.281248122019303","6","10"
"5.000694582385328","7.5","10"
"9.456355562912798","9","10"
"9.39258403143206","10.5","10"
"3.9467500748132585","12","10"
"4.649675678683502","13.5","10"
"9.901364589011155","15","10"
"9.489197379247218","16.5","10"
"3.929507653068583","18","10"
"4.87875377878116","19.5","10"
"10.092287892643226","21","10"
"9.472941562290837","22.5","10"
"3.554270854357389","24","10"
"4.754497262939133","25.5","10"
"10.042426404496352","27","10"
"9.276231688516834","28.5","10"
"4.083332497579573","30","10"
"5.502038150523789","31.5","10"
"9.962231500800481","33","10"
"8.319950459579832","34.5","10"
"3.412848302256293","36","10"
"5.81603029889909","37.5","10"
"10.309248297866075","39","10"
"7.854265607361151","40.5","10"
"3.7537416938289048","42","10"
"6.722151889890556","43.5","10"
"10.41394273724889","45","10"
"6.889995935058391","46.5","10"
"2.994231939863978","48","10"
"6.997850762307006","49.5","10"
"10.582183001322713","51","10"
"6.626287612643933","52.5","10"
"3.929045890487848","54","10"
"7.80885763942997","55.5","10"
"10.242616499556537","57","10"
"5.360244512805517","58.5","10"
"3.327196764435354","60","10"
"8.243890721108027","61.5","10"
"10.227337431196757","63","10"
"5.4456429929047845","64.5","10"
"3.8868899730051947","66","10"
"8.94447030495096","67.5","10"
"9.759707459547808","69","10"
"4.241127662508592","70.5","10"
"4.405726063752497","72","10"
"9.660100786316017","73.5","10"
"9.439018521727887","75","10"
"4.293075213626919","76.5","10"
"5.38350709643521","78","10"
"10.06625769038663","79.5","10"
"8.791274531874663","81","10"
"3.1350098970284654","82.5","10"
"5.03372563760022","84","10"
"10.314964889047001","85.5","10"
"8.710526695824914","87","10"
"4.176586855266352","88.5","10"
"6.355253182945369","90","10"
"10.24374897598186","91.5","10"
"7.393532013038571","93","10"
"2.5938648091975995","94.5","10"
"6.149762920803214","96","10"
"10.630805566173997","97.5","10"
"7.617172452180166","99","10"
"3.6047720093450253","100.5","10"
"7.384325344379772","102","10"
"10.423008462366504","103.5","10"
"5.5773098864698785","105","10"
"2.8426183319589198","106.5","10"
"8.022925745201022","108","10"
"10.38625078107315","109.5","10"
"6.009269314769019","111","10"
"4.315230454120099","112.5","10"
"8.946588400545409","114","10"
"9.891143718227328","115.5","10"
"3.9528756979493718","117","10"
"3.560746618703334","118.5","10"
"9.57198150450038","120","10"
"10.06004927524031","121.5","10"
"5.053628245482365","123","10"
"4.964386343433095","124.5","10"
"10.014445661904057","126","10"
"9.201664670276667","127.5","10"
"3.191470351917425","129","10"
"4.290843279018435","130.5","10"
"10.416000710074023","132","10"
"9.358745754117654","133.5","10"
"4.529286732461122","135","10"
"5.847214796600626","136.5","10"
"10.68033982875672","138","10"
"8.202431636377945","139.5","10"
"2.6136617094238552","141","10"
"5.1426690812211335","142.5","10"
"11.111775893277056","144","10"
"8.578077220639534","145.5","10"
"3.275824322102211","147","10"
"6.7803502377794755","148.5","10"
"11.154851393444503","150","10"
"6.657382419001079","151.5","10"
"2.6329714673757714","153","10"
"6.91222558979884","154.5","10"
"11.58368246650084","156","10"
"7.01472899776869","157.5","10"
"2.682110989481261","159","10"
"6.525063045546024","160.5","10"
"9.534060792587459","162","10"
"6.300214237303081","163.5","10"
"4.065368356198305","165","10"
"8.343667413646491","166.5","10"
"9.26424754503944","168","10"
"5.386017961268556","169.5","10"
"3.748562265095152","171","10"
"7.819772386108862","172.5","10"
"8.51560769208121","174","10"
"4.1017694897572285","175.5","10"
"4.874457464822944","177","10"
"10.425866757956966","178.5","10"
"10.047476717118949","180","10"
"4.484553913660791","181.5","10"
"3.6997916109637075","183","10"
"8.247273366096465","184.5","10"
"8.466798845206963","186","10"
"4.390536686737109","187.5","10"
"5.314857242876887","189","10"
"10.281825415723505","190.5","10"
"8.981455664272382","192","10"
"3.1988230709190986","193.5","10"
"4.426832605449728","195","10"
"9.023158196937237","196.5","10"
"8.434899280798225","198","10"
"5.944523991549186","199.5","10"
"6.795214853278637","201","10"
"9.74732315468775","202.5","10"
"7.220237493865474","204","10"
"1.558513391239096","205.5","10"
"4.4862008832923985","207","10"
"11.102404626217012","208.5","10"
"11.493126734099125","210","10"
"4.525953861240724","211.5","10"
"4.052350791022084","213","10"
"9.396628026882981","214.5","10"
"9.404270517920377","216","10"
"4.807943448004115","217.5","10"
"4.362961526432909","219","10"
"9.484941475674935","220.5","10"
"8.60001710334426","222","10"
"4.3961941407678875","223.5","10"
"6.188343504749866","225","10"
"10.749210953818512","226.5","10"
"7.866447367481954","228","10"
"2.590469104755171","229.5","10"
"5.523808013921841","231","10"
"10.99213256795612","232.5","10"
"7.817530595308686","234","10"
"3.4977566832237126","235.5","10"
"6.995028441816216","237","10"
"11.121588717724865","238.5","10"
"7.887021674827857","240","10"
"2.5360826390028435","241.5","10"
"5.78722705711016","243","10"
"10.105804673928608","244.5","10"
"7.285878252100457","246","10"
"4.193938187929216","247.5","10"
"7.46650627070143","249","10"
"10.338363488122033","250.5","10"
"6.083516992398388","252","10"
"3.1521217242332322","253.5","10"
"7.644858987450477","255","10"
"10.205106790837139","256.5","10"
"5.588933786140957","258","10"
"3.6564724164566944","259.5","10"
"8.46438999195762","261","10"
"10.49890409524665","262.5","10"
"5.269519746716298","264","10"
"3.9749742653403275","265.5","10"
"8.66177994295832","267","10"
"9.725160522050802","268.5","10"
"4.286936284632023","270","10"
"4.181201524216196","271.5","10"
"9.472009166556845","273","10"
"9.648558200226393","274.5","10"
"4.581444220462473","276","10"
"5.246108334592067","277.5","10"
"9.62754874201732","279","10"
"8.630133682676048","280.5","10"
"3.1538337447300027","282","10"
"5.091792405330061","283.5","10"
"10.396654977022434","285","10"
"8.691225315635934","286.5","10"
"4.225235046216032","288","10"
"6.372818394967934","289.5","10"
"10.13799105351556","291","10"
"7.2361241964430185","292.5","10"
"2.5933234578689572","294","10"
"6.298906320665652","295.5","10"
"10.673652402694206","297","10"
"7.538366285893593","298.5","10"
"9.819145223541902","1.5","11"
"9.004469871871454","3","11"
"4.227874041541365","4.5","11"
"6.078988072316258","6","11"
"10.504028329306932","7.5","11"
"9.357224943739695","9","11"
"3.1100466275224474","10.5","11"
"4.529520817013789","12","11"
"9.896171361609035","13.5","11"
"9.159241649999181","15","11"
"4.85713865759266","16.5","11"
"6.190368952142418","18","11"
"9.763243861126629","19.5","11"
"7.697002183973876","21","11"
"2.986755279251786","22.5","11"
"5.810335391339884","24","11"
"10.537956297965728","25.5","11"
"8.037249748585918","27","11"
"3.9746847397093967","28.5","11"
"6.846069845547989","30","11"
"10.6903675181834","31.5","11"
"7.092122771785906","33","11"
"2.253698311762218","34.5","11"
"6.343728338000789","36","11"
"10.87012474224845","37.5","11"
"7.700254234422404","39","11"
"3.669538769781787","40.5","11"
"7.367977864840662","42","11"
"10.283432960588348","43.5","11"
"5.639820811033305","45","11"
"3.067282336607652","46.5","11"
"8.033675400669086","48","11"
"10.228849371002196","49.5","11"
"5.83034395328271","51","11"
"4.308188697966284","52.5","11"
"9.074513883744505","54","11"
"9.941405367756866","55.5","11"
"3.9396930415623226","57","11"
"3.569236495821386","58.5","11"
"9.566610865647817","60","11"
"10.064911334601604","61.5","11"
"4.981783014577738","63","11"
"4.9174733350306585","64.5","11"
"10.005832335985072","66","11"
"9.246011619172286","67.5","11"
"3.3314782941060335","69","11"
"4.378944326879443","70.5","11"
"10.306090374048198","72","11"
"9.235499005114397","73.5","11"
"4.487731057052466","75","11"
"5.831810061796784","76.5","11"
"10.654565887484097","78","11"
"8.175018610427067","79.5","11"
"2.688246222404273","81","11"
"5.246749972671168","82.5","11"
"11.013725512713313","84","11"
"8.455190222633005","85.5","11"
"3.3407539561066706","87","11"
"6.777557485863759","88.5","11"
"11.103000925814333","90","11"
"6.70854393883203","91.5","11"
"2.7355818150254714","93","11"
"6.904753118068117","94.5","11"
"11.38108647504882","96","11"
"6.915114439583546","97.5","11"
"3.1689489539029143","99","11"
"7.831758993634177","100.5","11"
"9.569911704245218","102","11"
"4.9388430370460465","103.5","11"
"3.0844466480331745","105","11"
"8.463981945621603","106.5","11"
"10.112925772425537","108","11"
"5.468415723807421","109.5","11"
"4.868899558328247","111","11"
"8.406498664439884","112.5","11"
"9.157025978106988","114","11"
"3.9414937677843143","115.5","11"
"3.519715785502237","117","11"
"9.29151174249578","118.5","11"
"9.766459936475485","120","11"
"4.9109771190869544","121.5","11"
"4.428011898785586","123","11"
"8.349328810153947","124.5","11"
"7.589747105989673","126","11"
"3.720971827693831","127.5","11"
"5.678961719477605","129","11"
"10.653712341283635","130.5","11"
"8.573081117071238","132","11"
"3.458780126775865","133.5","11"
"5.028626536828751","135","11"
"9.57140688852478","136.5","11"
"7.674767601137581","138","11"
"3.127516480890399","139.5","11"
"5.981168819447675","141","11"
"10.75323425126688","142.5","11"
"6.972685440871317","144","11"
"2.891755636421279","145.5","11"
"6.077609191098651","147","11"
"10.12219552071116","148.5","11"
"8.751526482022182","150","11"
"4.597592604929419","151.5","11"
"7.145681317436169","153","11"
"9.56944747761656","154.5","11"
"5.133939945049776","156","11"
"2.0045522661667934","157.5","11"
"7.411501328920476","159","11"
"12.50704204395072","160.5","11"
"7.963939394786387","162","11"
"2.71960147862686","163.5","11"
"7.258759433471562","165","11"
"11.052038501055547","166.5","11"
"6.607439617272753","168","11"
"1.6880423536239622","169.5","11"
"5.76505456828152","171","11"
"10.81107925468367","172.5","11"
"6.821976384958724","174","11"
"4.807230845344838","175.5","11"
"8.679349590267146","177","11"
"10.035256025040965","178.5","11"
"6.177846660598682","180","11"
"2.94840853345301","181.5","11"
"6.91229359752151","183","11"
"9.209143548531989","184.5","11"
"5.496087474790196","186","11"
"4.919777712648073","187.5","11"
"9.735046282317127","189","11"
"10.007832157279227","190.5","11"
"3.8865262795317874","192","11"
"3.5329467372285737","193.5","11"
"9.154682175722808","195","11"
"9.61917886403311","196.5","11"
"4.204204397194824","198","11"
"5.001884717532047","199.5","11"
"10.183996799472816","201","11"
"9.856951603631206","202.5","11"
"4.022979339782154","204","11"
"4.6227633472705385","205.5","11"
"9.377531655481182","207","11"
"8.689344754261244","208.5","11"
"3.6187020114670636","210","11"
"5.473362546417261","211.5","11"
"10.372412687938631","213","11"
"8.49966530202061","214.5","11"
"4.005846075360458","216","11"
"6.239664694886214","217.5","11"
"10.073757266644503","219","11"
"7.140909442228849","220.5","11"
"2.629718677712866","222","11"
"6.5544606156939365","223.5","11"
"10.888360668115604","225","11"
"7.527124806460136","226.5","11"
"3.542122851693129","228","11"
"7.340180447413824","229.5","11"
"10.259822453391955","231","11"
"5.371612151492623","232.5","11"
"2.968194099058821","234","11"
"8.38076020545735","235.5","11"
"10.449359976472234","237","11"
"6.032091326630113","238.5","11"
"4.474035385887887","240","11"
"9.02331293914679","241.5","11"
"9.628905939613205","243","11"
"3.534802165314452","244.5","11"
"3.60767046891663","246","11"
"10.010663841152123","247.5","11"
"10.093784062541957","249","11"
"5.0822190863403485","250.5","11"
"5.215914876965087","252","11"
"10.153755046506548","253.5","11"
"8.909887885163863","255","11"
"2.8216790991156477","256.5","11"
"4.272553144096979","258","11"
"10.868399908702482","259.5","11"
"9.458690494724456","261","11"
"3.573305378156327","262.5","11"
"5.592483493578561","264","11"
"9.850351897674743","265.5","11"
"8.023886723890918","267","11"
"3.351388294131947","268.5","11"
"5.577261591130592","270","11"
"10.357465773238848","271.5","11"
"7.749156222308135","273","11"
"2.733855010241164","274.5","11"
"6.345760684727525","276","11"
"9.183446485554558","277.5","11"
"6.248407629725938","279","11"
"3.6511894977101833","280.5","11"
"7.254821884890908","282","11"
"9.793637399444943","283.5","11"
"4.160604054819818","285","11"
"3.383517014997505","286.5","11"
"9.250520826871034","288","11"
"10.281871739824455","289.5","11"
"7.0224399893383405","291","11"
"3.462979603650715","292.5","11"
"7.6929744512392455","294","11"
"8.961556013247744","295.5","11"
"4.164041401672142","297","11"
"4.2306850274117105","298.5","11"
"7.193067915849369","1.5","12"
"10.278222977660352","3","12"
"6.258694044184514","4.5","12"
"3.6041153405735953","6","12"
"8.188702946971201","7.5","12"
"11.185418400736582","9","12"
"6.646993500148915","10.5","12"
"4.444897033581454","12","12"
"8.277187400688998","13.5","12"
"10.177254178736831","15","12"
"4.838516861820794","16.5","12"
"2.1664963949882443","18","12"
"8.332228317569625","19.5","12"
"11.235404076898766","21","12"
"6.151627219461615","22.5","12"
"4.095893474675696","24","12"
"8.78474381926004","25.5","12"
"10.367403771321138","27","12"
"4.19088079726659","28.5","12"
"2.6238719848016157","30","12"
"9.037563021094002","31.5","12"
"10.499044053168666","33","12"
"5.608037056876941","34.5","12"
"5.0317218738293885","36","12"
"9.656222374885509","37.5","12"
"9.523757129793424","39","12"
"3.349605801864584","40.5","12"
"3.4951196591367184","42","12"
"9.934645991495005","43.5","12"
"9.781884876472294","45","12"
"4.882520322435973","46.5","12"
"5.707706316925971","48","12"
"10.52468099337678","49.5","12"
"8.702403222632984","51","12"
"2.596192841675073","52.5","12"
"4.371761627184443","54","12"
"10.869125324410957","55.5","12"
"9.147106706788913","57","12"
"3.410157561924582","58.5","12"
"5.896282861316354","60","12"
"10.027136494325713","61.5","12"
"7.791839938855854","63","12"
"3.2791911971839425","64.5","12"
"6.191868571708242","66","12"
"10.238254149113988","67.5","12"
"7.69064839000011","69","12"
"3.745501917575018","70.5","12"
"6.189388753878723","72","12"
"9.033798941487113","73.5","12"
"5.7079724341016345","75","12"
"3.6659681179368384","76.5","12"
"8.673367867529725","78","12"
"10.218066697291967","79.5","12"
"6.411451216730549","81","12"
"4.053847453730401","82.5","12"
"7.070293771237706","84","12"
"8.774172068052003","85.5","12"
"4.41997516008054","87","12"
"3.8476859849340714","88.5","12"
"9.81185854102456","90","12"
"10.619503471161638","91.5","12"
"5.720167500081221","93","12"
"2.8981293891832194","94.5","12"
"7.12996364854613","96","12"
"8.870240368466634","97.5","12"
"5.194176060570862","99","12"
"4.390528801783756","100.5","12"
"9.552114378908325","102","12"
"10.136567819435344","103.5","12"
"4.886804316154575","105","12"
"3.6794871168653516","106.5","12"
"8.85414520743482","108","12"
"8.884547616325655","109.5","12"
"4.203753969234534","111","12"
"3.5709408777695955","112.5","12"
"8.883286023789175","114","12"
"9.871936957478585","115.5","12"
"3.729627535237088","117","12"
"3.4219406390914733","118.5","12"
"8.976036730080532","120","12"
"11.747129664555207","121.5","12"
"6.883581525505724","123","12"
"4.5991572753604055","124.5","12"
"7.719713806488027","126","12"
"9.063123083006925","127.5","12"
"5.290747026761747","129","12"
"4.132108572616447","130.5","12"
"8.875764763909581","132","12"
"10.415872579582038","133.5","12"
"5.093208247266509","135","12"
"3.764131105490653","136.5","12"
"9.243452951809237","138","12"
"10.078302942252508","139.5","12"
"3.8403734299135395","141","12"
"3.404995627931081","142.5","12"
"9.833474155022644","144","12"
"10.128124020013448","145.5","12"
"4.375746485485216","147","12"
"5.097785955497511","148.5","12"
"9.8602366723219","150","12"
"9.872693913000473","151.5","12"
"3.689955131655838","153","12"
"3.9495467692056514","154.5","12"
"9.359874288066303","156","12"
"9.222686941534938","157.5","12"
"4.453159971885816","159","12"
"5.518784805826395","160.5","12"
"9.852387201258987","162","12"
"8.632633212888951","163.5","12"
"3.4904310687491895","165","12"
"5.474057900741078","166.5","12"
"10.046747358933796","168","12"
"8.063280936461682","169.5","12"
"3.1983726429588084","171","12"
"6.063590729656184","172.5","12"
"10.665031191821868","174","12"
"7.861047652863902","175.5","12"
"3.7381309646187155","177","12"
"6.711389914182878","178.5","12"
"10.231036459938485","180","12"
"6.538718306324669","181.5","12"
"2.8731737582257617","183","12"
"7.251491970528018","184.5","12"
"10.682532831408023","186","12"
"6.684317912464517","187.5","12"
"3.635123166039066","189","12"
"7.887092639408035","190.5","12"
"10.10427203612062","192","12"
"4.730756654012415","193.5","12"
"3.4832629069369347","195","12"
"9.088192306573625","196.5","12"
"10.255982481109044","198","12"
"5.450891414980376","199.5","12"
"4.545965872850642","201","12"
"9.355908156529743","202.5","12"
"9.322065936738662","204","12"
"3.469360009342047","205.5","12"
"4.305346172282527","207","12"
"10.35019584624738","208.5","12"
"9.61240766034122","210","12"
"4.69386394289289","211.5","12"
"5.415468754851601","213","12"
"10.374482488193793","214.5","12"
"8.482219842727094","216","12"
"2.7634290062203495","217.5","12"
"4.940201220261101","219","12"
"11.041305108303774","220.5","12"
"8.952080270555774","222","12"
"3.424909077624086","223.5","12"
"6.3920256485262605","225","12"
"11.081635659085206","226.5","12"
"7.083124068771793","228","12"
"2.5800957094049206","229.5","12"
"6.42582548669307","231","12"
"11.602703930845786","232.5","12"
"7.5060286137641805","234","12"
"2.8954472730192373","235.5","12"
"6.966067008150642","237","12"
"9.617156373498064","238.5","12"
"6.2264169876340025","240","12"
"3.841077408405087","241.5","12"
"8.07417695637636","243","12"
"9.833403190442468","244.5","12"
"4.424836233822665","246","12"
"3.7574641310258983","247.5","12"
"8.517985991136308","249","12"
"9.024209852590694","250.5","12"
"3.4849672888851444","252","12"
"4.140588593542808","253.5","12"
"10.30675369574902","255","12"
"9.654868134147131","256.5","12"
"4.238298935493202","258","12"
"4.248622310670619","259.5","12"
"8.654673628748927","261","12"
"7.722812593155757","262.5","12"
"3.4987605363474668","264","12"
"6.067257232965329","265.5","12"
"10.993344879534142","267","12"
"7.816858895844928","268.5","12"
"3.733332970503414","270","12"
"5.964219619405815","271.5","12"
"9.641445972301986","273","12"
"6.738733453982333","274.5","12"
"3.1498653955503126","276","12"
"7.828668091919801","277.5","12"
"10.652975098145129","279","12"
"4.986887043445053","280.5","12"
"1.3183183693304779","282","12"
"6.92478287082308","283.5","12"
"11.09576056739794","285","12"
"8.5745092792473","286.5","12"
"4.3436783801985595","288","12"
"7.690055540069881","289.5","12"
"9.390952831707159","291","12"
"5.187186049423426","292.5","12"
"3.4053814978357932","294","12"
"8.251509557285365","295.5","12"
"11.244002618530212","297","12"
"5.701238683938172","298.5","12"
"6.330957670426434","1.5","13"
"10.3918707815755","3","13"
"7.122614872021132","4.5","13"
"3.338298039542003","6","13"
"7.2155898066734645","7.5","13"
"11.372110441275597","9","13"
"7.735412748613853","10.5","13"
"4.280142411699242","12","13"
"7.464124029169654","13.5","13"
"10.410842964961992","15","13"
"6.052533561007353","16.5","13"
"1.798462131557829","18","13"
"7.001708968544547","19.5","13"
"11.561004355038438","21","13"
"7.0544583208569565","22.5","13"
"3.854932749875064","24","13"
"8.103250257817631","25.5","13"
"10.760080362015625","27","13"
"5.216557500663357","28.5","13"
"1.7589310411249524","30","13"
"7.7508539513269525","31.5","13"
"10.978081581081069","33","13"
"6.205533195868993","34.5","13"
"4.907228316577187","36","13"
"9.340652743030024","37.5","13"
"10.002686239597224","39","13"
"3.9662498108600235","40.5","13"
"2.5738426949911983","42","13"
"9.011365263578654","43.5","13"
"10.183089044218052","45","13"
"5.1221046300669215","46.5","13"
"5.704922928392362","48","13"
"10.516729017920278","49.5","13"
"9.102598116349558","51","13"
"2.776781928318865","52.5","13"
"3.689567044107995","54","13"
"10.424520402171941","55.5","13"
"9.362196406828762","57","13"
"3.500904258040314","58.5","13"
"5.982079038750363","60","13"
"10.037158270037377","61.5","13"
"7.936278978424058","63","13"
"3.3319033423727187","64.5","13"
"5.905867514926512","66","13"
"10.123439372102595","67.5","13"
"7.621095216473284","69","13"
"3.723040395925032","70.5","13"
"6.321768742912679","72","13"
"9.155083322724643","73.5","13"
"5.728140173540274","75","13"
"3.5629573624996818","76.5","13"
"8.588193615791434","78","13"
"10.15789858949355","79.5","13"
"6.497419877519155","81","13"
"4.128114104528776","82.5","13"
"7.072271416100556","84","13"
"8.721450313076328","85.5","13"
"4.3377902912822055","87","13"
"3.8780548827731565","88.5","13"
"9.911649525040977","90","13"
"10.667749529490315","91.5","13"
"4.948022601177693","93","13"
"3.0378204548089545","94.5","13"
"7.618039797048996","96","13"
"8.871227958874098","97.5","13"
"4.827038340977162","99","13"
"4.534036431237135","100.5","13"
"9.8812707710102","102","13"
"9.4030631344382","103.5","13"
"3.454028703166305","105","13"
"4.1458311019033856","106.5","13"
"9.715248150066909","108","13"
"9.009065814057085","109.5","13"
"6.088918678254778","111","13"
"5.261768344760713","112.5","13"
"9.742402943795478","114","13"
"7.914151335267612","115.5","13"
"1.4964621348156704","117","13"
"4.218864989525977","118.5","13"
"12.169830186379583","120","13"
"11.380592679845087","121.5","13"
"3.8901730704575503","123","13"
"4.1474268193381985","124.5","13"
"9.985957325439662","126","13"
"10.449199320547667","127.5","13"
"4.329448996253899","129","13"
"3.2794065549723967","130.5","13"
"9.02504762888445","132","13"
"9.51132255835574","133.5","13"
"4.779848866397787","135","13"
"6.198383021606575","136.5","13"
"9.794711724339288","138","13"
"8.348158880200195","139.5","13"
"3.1881446264360043","141","13"
"4.71602016900524","142.5","13"
"9.850733332293196","144","13"
"7.999047149590625","145.5","13"
"3.94493456430373","147","13"
"6.833987632963268","148.5","13"
"10.944264987388385","150","13"
"7.8592745239786455","151.5","13"
"2.4126882935290084","153","13"
"5.703403103633571","154.5","13"
"10.313427323143166","156","13"
"7.59160992621932","157.5","13"
"3.5965874277646095","159","13"
"6.96522331814187","160.5","13"
"10.562351358020745","162","13"
"6.824097930220265","163.5","13"
"3.8608526250096222","165","13"
"7.435271999231853","166.5","13"
"9.94058927508483","168","13"
"5.339148812919147","169.5","13"
"2.9943162103029377","171","13"
"8.369637493133771","172.5","13"
"10.725425992029182","174","13"
"5.866744840436842","175.5","13"
"3.8648190029509744","177","13"
"8.585278154289162","178.5","13"
"9.736594690031822","180","13"
"4.014853402542301","181.5","13"
"3.915105292959741","183","13"
"9.865428914104852","184.5","13"
"9.85840046380982","186","13"
"5.104885863182305","187.5","13"
"5.131892321225919","189","13"
"9.91260360439669","190.5","13"
"8.621321261684901","192","13"
"2.846964912494762","193.5","13"
"4.774199790129946","195","13"
"10.996365802287512","196.5","13"
"9.164819268877261","198","13"
"4.496781997882542","199.5","13"
"6.126343130916046","201","13"
"10.712969736969779","202.5","13"
"7.7305260487733305","204","13"
"2.3396686973843694","205.5","13"
"5.550682398996793","207","13"
"11.579495556270395","208.5","13"
"8.369349692336387","210","13"
"2.9858918768596325","211.5","13"
"6.096052589800906","213","13"
"9.572839978796688","214.5","13"
"6.975106121550688","216","13"
"3.8059533908845573","217.5","13"
"7.244015556320619","219","13"
"9.786482789896263","220.5","13"
"4.840370318668334","222","13"
"3.5713368502707916","223.5","13"
"8.04788260818244","225","13"
"9.412415674734028","226.5","13"
"4.063989474980699","228","13"
"3.40968323269944","229.5","13"
"10.041635937922713","231","13"
"9.950297623900713","232.5","13"
"4.530573458286415","234","13"
"4.038011756944859","235.5","13"
"8.620628371409005","237","13"
"8.307901265237277","238.5","13"
"3.697381525690404","240","13"
"5.078413117918771","241.5","13"
"10.616269654667738","243","13"
"8.123419475685024","244.5","13"
"3.046647413682847","246","13"
"5.487911270972718","247.5","13"
"9.445778883608916","249","13"
"7.74794489634928","250.5","13"
"5.064711533039177","252","13"
"7.7851086527403135","253.5","13"
"9.851956485682079","255","13"
"4.857695532423216","256.5","13"
"1.0645718230607653","258","13"
"6.428864150591483","259.5","13"
"11.942900243261033","261","13"
"9.610826727193942","262.5","13"
"3.521910020177502","264","13"
"6.897299865911193","265.5","13"
"9.944648054823288","267","13"
"6.892713287107669","268.5","13"
"3.431612766402891","270","13"
"6.4283289593826485","271.5","13"
"10.482037194405411","273","13"
"6.905863418062137","274.5","13"
"3.6934146549394673","276","13"
"8.498166175264371","277.5","13"
"10.646847503770678","279","13"
"4.945435843668324","280.5","13"
"2.235620084962124","282","13"
"8.127547248765321","283.5","13"
"10.683864402905511","285","13"
"5.103169900208857","286.5","13"
"4.309696202485461","288","13"
"9.627844427768057","289.5","13"
"10.65343636791628","291","13"
"4.7172152322478045","292.5","13"
"3.3531244622983607","294","13"
"8.457454189864487","295.5","13"
"9.369192331691213","297","13"
"4.491057028938679","298.5","13"
"7.684490734241001","1.5","14"
"3.273825486427225","3","14"
"6.771986766319864","4.5","14"
"10.808520587320618","6","14"
"7.836441177497107","7.5","14"
"3.8316568603865884","9","14"
"7.059134098195287","10.5","14"
"10.315611455221948","12","14"
"6.436993537498428","13.5","14"
"2.926599984502569","15","14"
"7.363582003346364","16.5","14"
"10.888295617250442","18","14"
"6.581891382789859","19.5","14"
"3.817910183430007","21","14"
"7.841308164954247","22.5","14"
"10.640838183696522","24","14"
"5.673950831621772","25.5","14"
"2.8069633121110242","27","14"
"7.843509545368488","28.5","14"
"10.667497210983019","30","14"
"6.170237680613036","31.5","14"
"3.715144354356378","33","14"
"8.356773191738348","34.5","14"
"10.039073328082988","36","14"
"4.710778153454248","37.5","14"
"3.989787628642694","39","14"
"9.1582865850243","40.5","14"
"9.802847024961249","42","14"
"4.822674019296276","43.5","14"
"4.5196508266541695","45","14"
"9.726962233891962","46.5","14"
"9.321831359376409","48","14"
"3.7274581874458437","49.5","14"
"4.713595053039607","51","14"
"10.158578666720247","52.5","14"
"9.175056895186964","54","14"
"4.038403294159794","55.5","14"
"5.831608995486282","57","14"
"10.377761643169475","58.5","14"
"8.472888000433818","60","14"
"2.7801135675153006","61.5","14"
"5.171151996780098","63","14"
"10.463140903694942","64.5","14"
"8.476724030240053","66","14"
"4.401411023030067","67.5","14"
"6.773324251532366","69","14"
"10.23946843193035","70.5","14"
"6.892850288172177","72","14"
"2.248552147675423","73.5","14"
"6.387005397288322","75","14"
"10.762621288233628","76.5","14"
"7.411774838239909","78","14"
"3.867804197009462","79.5","14"
"7.776643662506282","81","14"
"10.349416221484603","82.5","14"
"5.186998288971708","84","14"
"2.6482249096371526","85.5","14"
"8.20842370811664","87","14"
"10.359441939672944","88.5","14"
"5.897584864238768","90","14"
"4.7031583316577406","91.5","14"
"9.332617975563316","93","14"
"9.77995109166247","94.5","14"
"3.564720388788454","96","14"
"3.3880937376093376","97.5","14"
"9.704343259579709","99","14"
"9.949257795677287","100.5","14"
"5.02376595589621","102","14"
"5.369074182132125","103.5","14"
"10.29536289501144","105","14"
"8.957353333110595","106.5","14"
"2.886616371668668","108","14"
"4.252833861380291","109.5","14"
"10.60950830716754","111","14"
"9.241988321723918","112.5","14"
"4.424478946873857","114","14"
"6.268484199391434","115.5","14"
"10.905315289062896","117","14"
"7.872587774905604","118.5","14"
"2.3362793994665405","120","14"
"5.34509948865274","121.5","14"
"11.366853148627483","123","14"
"8.285066440326984","124.5","14"
"2.8784140489432084","126","14"
"6.264652112061875","127.5","14"
"9.72097065496285","129","14"
"6.987596873281012","130.5","14"
"3.7746382986431124","132","14"
"7.176291199162105","133.5","14"
"9.891874062031649","135","14"
"6.075999182185885","136.5","14"
"3.8270416986271596","138","14"
"7.449219496094144","139.5","14"
"9.293741213056341","141","14"
"4.571145978573868","142.5","14"
"3.5144964391921345","144","14"
"9.424856159886726","145.5","14"
"10.36720861872565","147","14"
"5.7251705029837","148.5","14"
"3.190933435875044","150","14"
"7.309724815087857","151.5","14"
"8.686111923386514","153","14"
"4.756236880772639","154.5","14"
"4.877188122731005","156","14"
"10.029835119610777","157.5","14"
"9.723672237105422","159","14"
"4.624433971762206","160.5","14"
"3.901491920995784","162","14"
"8.265843909671537","163.5","14"
"8.22699277326296","165","14"
"4.2047612720253795","166.5","14"
"4.50365127068176","168","14"
"9.244797336355925","169.5","14"
"8.795504809348548","171","14"
"3.8896553739889677","172.5","14"
"4.574290596532962","174","14"
"9.43086942243756","175.5","14"
"10.625986874056144","177","14"
"5.9404647190011435","178.5","14"
"5.1329622108340045","180","14"
"8.82090815781358","181.5","14"
"8.528311337552065","183","14"
"3.8631266948375864","184.5","14"
"3.5515870133598613","186","14"
"9.71595878148785","187.5","14"
"10.258691948204968","189","14"
"4.637912313899992","190.5","14"
"4.615126769948156","192","14"
"9.934366075650974","193.5","14"
"10.248755921361017","195","14"
"3.4106464290324676","196.5","14"
"3.0461132080931814","198","14"
"9.659927317342252","199.5","14"
"10.233413773374414","201","14"
"4.884508809109683","202.5","14"
"5.2138539472824466","204","14"
"9.509369061162534","205.5","14"
"9.736919944357634","207","14"
"4.053015098342074","208.5","14"
"4.068104435011796","210","14"
"9.101852988257699","211.5","14"
"9.155522908874072","213","14"
"4.259800217667668","214.5","14"
"5.32454932897648","216","14"
"9.974944016843859","217.5","14"
"8.975940139401956","219","14"
"3.5940452695226437","220.5","14"
"5.188107603346558","222","14"
"9.913071773502026","223.5","14"
"8.362368551761472","225","14"
"3.239798463041932","226.5","14"
"5.759028492681488","228","14"
"10.584882612226947","229.5","14"
"8.207848599331458","231","14"
"3.92122179911854","232.5","14"
"6.496921647029162","234","14"
"10.128748902566674","235.5","14"
"6.744588524656522","237","14"
"2.74312623695554","238.5","14"
"6.9854477306827345","240","14"
"10.799615518127574","241.5","14"
"7.050877566415525","243","14"
"3.6190277586024595","244.5","14"
"7.680212654237413","246","14"
"10.186924088405117","247.5","14"
"4.935944823879233","249","14"
"3.173706784037074","250.5","14"
"8.811612783429561","252","14"
"10.398814468621987","253.5","14"
"5.779651588176264","255","14"
"4.546002833569484","256.5","14"
"9.211471581009462","258","14"
"9.452630908072674","259.5","14"
"3.4058730753963946","261","14"
"3.9107574803999374","262.5","14"
"10.258604228098916","264","14"
"9.895210382919139","265.5","14"
"4.898031996919665","267","14"
"5.358949409217287","268.5","14"
"10.306332836363802","270","14"
"8.70066064794197","271.5","14"
"2.7085719073147647","273","14"
"4.543068152493414","274.5","14"
"11.045082000959862","276","14"
"9.25301641460726","277.5","14"
"3.4692185729912777","279","14"
"5.7404318301984345","280.5","14"
"9.889967874558561","282","14"
"7.765703782538577","283.5","14"
"3.303017801383167","285","14"
"5.853866247563467","286.5","14"
"10.43138326844656","288","14"
"7.516189361778692","289.5","14"
"2.772299578742476","291","14"
"6.603575497320198","292.5","14"
"9.177071500768657","294","14"
"6.036646858429809","295.5","14"
"3.6208021195116773","297","14"
"7.427887740416767","298.5","14"
"7.1992359206097545","1.5","15"
"11.034416615930757","3","15"
"5.923224268494806","4.5","15"
"3.1238876775144724","6","15"
"8.074874774748102","7.5","15"
"11.0740158372887","9","15"
"7.328502338688445","10.5","15"
"3.752627944167793","12","15"
"8.122342193933171","13.5","15"
"9.647572581057267","15","15"
"4.221132406424549","16.5","15"
"3.492023090112119","18","15"
"9.879500598982451","19.5","15"
"10.758516184394223","21","15"
"4.785892190333278","22.5","15"
"4.32796071130852","24","15"
"10.017786910887391","25.5","15"
"10.134265413056267","27","15"
"3.3351844685867365","28.5","15"
"3.3245045456748885","30","15"
"10.125774303914254","31.5","15"
"10.12474137502501","33","15"
"4.848873255240377","34.5","15"
"5.425509750137064","36","15"
"10.219399254408623","37.5","15"
"8.864450841467193","39","15"
"2.99264657143044","40.5","15"
"4.523000453400441","42","15"
"10.638398776252936","43.5","15"
"8.953570526739492","45","15"
"4.515847322280515","46.5","15"
"6.4890667550608185","48","15"
"10.759313550302045","49.5","15"
"7.434882679660048","51","15"
"2.2339132389659913","52.5","15"
"5.834429837548319","54","15"
"11.432638300070742","55.5","15"
"7.873936101928967","57","15"
"3.273646350143237","58.5","15"
"7.041682725186756","60","15"
"9.788136658862054","61.5","15"
"6.175481667402367","63","15"
"2.7993494040295324","64.5","15"
"7.17568356494434","66","15"
"10.091258906230658","67.5","15"
"6.3946262047039975","69","15"
"4.639900307764118","70.5","15"
"7.8484987496026","72","15"
"9.383881014168685","73.5","15"
"4.418216322673236","75","15"
"3.216579985870058","76.5","15"
"9.096910108124536","78","15"
"10.436537071081915","79.5","15"
"5.210006582855766","81","15"
"4.405435798907189","82.5","15"
"8.11752153057698","84","15"
"8.097990501121595","85.5","15"
"3.6406044406433633","87","15"
"4.600011314370453","88.5","15"
"10.306659076308783","90","15"
"9.095866337424432","91.5","15"
"3.758480057984474","93","15"
"4.500792975091297","94.5","15"
"9.348709194118454","96","15"
"8.123969943990982","97.5","15"
"3.1073844701466404","99","15"
"5.494839188112499","100.5","15"
"11.059467112733243","102","15"
"8.524581754616095","103.5","15"
"4.00851513207045","105","15"
"5.407429552098631","106.5","15"
"9.237517553172765","108","15"
"7.772101436565369","109.5","15"
"5.856592470185268","111","15"
"7.432659122814502","112.5","15"
"9.4365120921808","114","15"
"5.272286379724033","115.5","15"
"1.3721172828556105","117","15"
"6.104457950075206","118.5","15"
"11.819096619427219","120","15"
"9.877290840805273","121.5","15"
"3.8478560042407453","123","15"
"6.063834177590958","124.5","15"
"9.592324684151125","126","15"
"7.573759377447294","127.5","15"
"3.5466133326276634","129","15"
"5.55322677488189","130.5","15"
"10.181586960604305","132","15"
"6.870931103470002","133.5","15"
"3.6664715229274694","135","15"
"8.17929077671564","136.5","15"
"11.0484518328991","138","15"
"5.7101674079912765","139.5","15"
"1.692053454035113","141","15"
"7.116880046885577","142.5","15"
"10.44955808592523","144","15"
"5.975071779267467","145.5","15"
"4.972514251911285","147","15"
"8.801002593073928","148.5","15"
"10.283828193875168","150","15"
"5.16693650359375","151.5","15"
"3.249650219446923","153","15"
"8.018964048950723","154.5","15"
"9.432875157446729","156","15"
"4.594136038503297","157.5","15"
"4.488108056384656","159","15"
"9.646714106760959","160.5","15"
"9.963749354320933","162","15"
"4.467083813888046","163.5","15"
"4.083804855566376","165","15"
"9.346655163769997","166.5","15"
"8.886106865851211","168","15"
"3.6143266015705247","169.5","15"
"5.151425321919642","171","15"
"10.614285603280289","172.5","15"
"8.752226271632262","174","15"
"4.239561020839267","175.5","15"
"5.832144679504702","177","15"
"10.451811211345849","178.5","15"
"7.528259254123799","180","15"
"2.622054749458541","181.5","15"
"6.073140393785838","183","15"
"11.416628887906644","184.5","15"
"7.949125045864851","186","15"
"3.24714625394776","187.5","15"
"7.2873335188036705","189","15"
"10.793728414830388","190.5","15"
"5.978779185772131","192","15"
"2.060902085304018","193.5","15"
"6.975770428870679","195","15"
"11.323687957115645","196.5","15"
"6.920915301203432","198","15"
"4.091096958989149","199.5","15"
"7.451393771981233","201","15"
"9.503484914722858","202.5","15"
"5.63790526017811","204","15"
"3.118622007103421","205.5","15"
"7.928368398972659","207","15"
"10.301824614284223","208.5","15"
"5.029941845609948","210","15"
"3.8393136429019377","211.5","15"
"8.153670099223815","213","15"
"8.62712360173354","214.5","15"
"4.368786535722439","216","15"
"4.420035282849856","217.5","15"
"9.803986400720756","219","15"
"8.969036862741405","220.5","15"
"3.3502765157091736","222","15"
"4.373174019453799","223.5","15"
"9.436206550238373","225","15"
"8.384541040590113","226.5","15"
"3.7072840414826045","228","15"
"5.576912681944721","229.5","15"
"10.774569949420933","231","15"
"8.368630190342925","232.5","15"
"2.780620175768231","234","15"
"5.0641068556789195","235.5","15"
"10.47350863173497","237","15"
"10.287344883070606","238.5","15"
"4.402934790265534","240","15"
"5.506705057289596","241.5","15"
"9.491162703870454","243","15"
"7.386893867934512","244.5","15"
"3.872976480004239","246","15"
"6.593522181795121","247.5","15"
"11.000233371907159","249","15"
"8.103390215739648","250.5","15"
"3.433156985236118","252","15"
"6.697418762460529","253.5","15"
"10.620922762765177","255","15"
"6.418715230007002","256.5","15"
"2.4562208745861374","258","15"
"7.16852895539566","259.5","15"
"11.41427720056911","261","15"
"6.593285140384946","262.5","15"
"3.4317571596111676","264","15"
"8.015360132458817","265.5","15"
"10.811898304213212","267","15"
"6.013207356159259","268.5","15"
"2.763828181983845","270","15"
"7.541336449259752","271.5","15"
"10.105985042236558","273","15"
"5.6626300098452","274.5","15"
"4.794266010794165","276","15"
"8.972887676835176","277.5","15"
"9.986087427169988","279","15"
"4.559249062392943","280.5","15"
"3.6509100746757364","282","15"
"8.736389342822758","283.5","15"
"9.662940355142267","285","15"
"4.369120660620772","286.5","15"
"4.501866314366475","288","15"
"9.665158983891969","289.5","15"
"9.72013780676494","291","15"
"4.4349472080691354","292.5","15"
"4.704880701155787","294","15"
"9.560841051031758","295.5","15"
"8.598356335044285","297","15"
"3.4340056033407347","298.5","15"
"3.76822980280546","1.5","16"
"8.583030942583557","3","16"
"9.733569824801778","4.5","16"
"5.403799023889159","6","16"
"4.510565389153173","7.5","16"
"9.408248476886968","9","16"
"9.386438695912565","10.5","16"
"3.928269961796954","12","16"
"4.7580543625205065","13.5","16"
"10.138698728078992","15","16"
"10.222396522301933","16.5","16"
"3.8364449983101987","18","16"
"3.9346432217493095","19.5","16"
"9.649652237504121","21","16"
"10.442588772780343","22.5","16"
"4.384240058675153","24","16"
"4.066602844207634","25.5","16"
"9.224931196383036","27","16"
"9.842090437799136","28.5","16"
"4.6552572400382575","30","16"
"4.814654528926689","31.5","16"
"9.343126647144528","33","16"
"8.988711792595481","34.5","16"
"3.847093381408635","36","16"
"5.219691769621175","37.5","16"
"10.011406998005643","39","16"
"8.599311400019166","40.5","16"
"3.643906757669517","42","16"
"5.786164066836259","43.5","16"
"10.320391708192204","45","16"
"8.06185474552396","46.5","16"
"3.2334577285221573","48","16"
"6.139900322587363","49.5","16"
"10.465206761473429","51","16"
"7.5528622798235014","52.5","16"
"3.535179164646642","54","16"
"6.824215711710976","55.5","16"
"10.382122022373684","57","16"
"6.681226025130972","58.5","16"
"3.387090377295168","60","16"
"7.430462670496107","61.5","16"
"10.390875306214685","63","16"
"6.037240693979207","64.5","16"
"3.746790614638649","66","16"
"8.142337450017214","67.5","16"
"10.224241601386536","69","16"
"5.136501569270333","70.5","16"
"3.7798987945535254","72","16"
"8.660232520862793","73.5","16"
"10.022281334298603","75","16"
"4.819064681898939","76.5","16"
"4.411747704066267","78","16"
"9.219392016652552","79.5","16"
"9.550459524323363","81","16"
"4.026158947221751","82.5","16"
"4.636093846532956","84","16"
"9.666959710113959","85.5","16"
"9.156249310201718","87","16"
"4.002009059935054","88.5","16"
"5.429702081272938","90","16"
"10.02965179444532","91.5","16"
"8.382297771361184","93","16"
"3.326020427957003","94.5","16"
"5.744862188363652","96","16"
"10.336661323816953","97.5","16"
"7.87947084637319","99","16"
"3.6371515702891255","100.5","16"
"6.622218976713785","102","16"
"10.404110200417698","103.5","16"
"6.945198493482754","105","16"
"3.1567055925840415","106.5","16"
"7.061612930405636","108","16"
"10.485175405839906","109.5","16"
"6.452446074831973","111","16"
"3.7960129287543456","112.5","16"
"7.871343923514168","114","16"
"10.271952468506377","115.5","16"
"5.334752951424848","117","16"
"3.4943282069439108","118.5","16"
"8.359100238596653","120","16"
"10.176903298312622","121.5","16"
"5.181135333344167","123","16"
"4.380585875605621","124.5","16"
"9.032883301278995","126","16"
"9.69694027400041","127.5","16"
"4.061182677991822","129","16"
"4.228423031418568","130.5","16"
"9.467860695473997","132","16"
"9.474432804093723","133.5","16"
"4.359878016862301","135","16"
"5.30473690524831","136.5","16"
"9.862042326639738","138","16"
"8.634432953491773","139.5","16"
"3.272703112598384","141","16"
"5.2702737453806785","142.5","16"
"10.238971679869111","144","16"
"8.360486019148443","145.5","16"
"3.9513373928311597","147","16"
"6.450938570312796","148.5","16"
"10.330478534769032","150","16"
"7.21096971681819","151.5","16"
"2.8776740953519875","153","16"
"6.560738024182094","154.5","16"
"10.539622979980718","156","16"
"6.985828672491602","157.5","16"
"4.034962990449962","159","16"
"7.635903158870221","160.5","16"
"10.309959914906184","162","16"
"5.572715915522586","163.5","16"
"2.984161868813026","165","16"
"7.899172387944833","166.5","16"
"10.38514393074622","168","16"
"5.8094567118506095","169.5","16"
"3.8599209684900067","171","16"
"8.725218335159893","172.5","16"
"9.915954709571716","174","16"
"4.316659109105746","175.5","16"
"3.9900093929557476","177","16"
"9.436149384326562","178.5","16"
"9.67946623175099","180","16"
"4.657983462660058","181.5","16"
"4.811763707903645","183","16"
"10.00631824623545","184.5","16"
"9.060868971967135","186","16"
"3.4757478071771475","187.5","16"
"4.844443389884744","189","16"
"10.358822970834733","190.5","16"
"8.887880980355638","192","16"
"4.022255648907223","193.5","16"
"6.239495168389125","195","16"
"10.569934711907994","196.5","16"
"8.064835257891394","198","16"
"2.3915686923777866","199.5","16"
"5.293392428611679","201","16"
"10.685042217812617","202.5","16"
"8.302986968060019","204","16"
"4.133010414156197","205.5","16"
"7.038678557959263","207","16"
"10.423047887133269","208.5","16"
"6.3667583155065675","210","16"
"1.945844969179417","211.5","16"
"6.780533562944933","213","16"
"10.86141679688923","214.5","16"
"6.988594319880167","216","16"
"4.396669209207405","217.5","16"
"8.481941898121402","219","16"
"10.226339984597603","220.5","16"
"4.384963010335706","222","16"
"2.315500576143043","223.5","16"
"8.590972076229198","225","16"
"10.495347981284446","226.5","16"
"5.622399992219018","228","16"
"5.227270195412578","229.5","16"
"9.94364469450912","231","16"
"9.506501894999548","232.5","16"
"3.1848083055485152","234","16"
"3.192721349047837","235.5","16"
"9.973817454133547","237","16"
"9.857534104560159","238.5","16"
"4.712123523620104","240","16"
"5.562532498267185","241.5","16"
"9.546312038859684","243","16"
"8.870821883776419","244.5","16"
"3.6285833364471283","246","16"
"4.45209550318316","247.5","16"
"9.752240408722516","249","16"
"9.0496427696308","250.5","16"
"4.279998018490966","252","16"
"5.786102958447772","253.5","16"
"8.925824361509449","255","16"
"6.112997847366091","256.5","16"
"2.8417699602590956","258","16"
"7.506464257436934","259.5","16"
"11.059272945756925","261","16"
"6.759149569451592","262.5","16"
"3.3341278848374345","264","16"
"6.617108048512287","265.5","16"
"9.796596228190657","267","16"
"5.69588332218273","268.5","16"
"2.8573003615070007","270","16"
"8.383622443524487","271.5","16"
"10.600394286710639","273","16"
"5.8315848478166386","274.5","16"
"3.188550208724099","276","16"
"7.0880127398506545","277.5","16"
"8.728764592930405","279","16"
"4.991919122113022","280.5","16"
"4.330378435130384","282","16"
"9.698902641766137","283.5","16"
"9.63490737473401","285","16"
"3.5016986670906287","286.5","16"
"3.311052322445083","288","16"
"8.535496501294988","289.5","16"
"9.625737173984469","291","16"
"6.7529322837327515","292.5","16"
"4.734214206057707","294","16"
"9.46470277165612","295.5","16"
"8.975122075491583","297","16"
"2.73281123954106","298.5","16"
"6.330957670426434","1.5","17"
"10.3918707815755","3","17"
"7.122614872021132","4.5","17"
"3.338298039542003","6","17"
"7.2155898066734645","7.5","17"
"11.372110441275597","9","17"
"7.735412748613853","10.5","17"
"4.280142411699242","12","17"
"7.464124029169654","13.5","17"
"10.410842964961992","15","17"
"6.052533561007353","16.5","17"
"1.798462131557829","18","17"
"7.001708968544547","19.5","17"
"11.561004355038438","21","17"
"7.0544583208569565","22.5","17"
"3.854932749875064","24","17"
"8.103250257817631","25.5","17"
"10.760080362015625","27","17"
"5.216557500663357","28.5","17"
"1.7589310411249524","30","17"
"7.7508539513269525","31.5","17"
"10.978081581081069","33","17"
"6.205533195868993","34.5","17"
"4.907228316577187","36","17"
"9.340652743030024","37.5","17"
"10.002686239597224","39","17"
"3.9662498108600235","40.5","17"
"2.5738426949911983","42","17"
"9.011365263578654","43.5","17"
"10.183089044218052","45","17"
"5.1221046300669215","46.5","17"
"5.704922928392362","48","17"
"10.516729017920278","49.5","17"
"9.102598116349558","51","17"
"2.776781928318865","52.5","17"
"3.689567044107995","54","17"
"10.424520402171941","55.5","17"
"9.362196406828762","57","17"
"3.500904258040314","58.5","17"
"5.982079038750363","60","17"
"10.037158270037377","61.5","17"
"7.936278978424058","63","17"
"3.3319033423727187","64.5","17"
"5.905867514926512","66","17"
"10.123439372102595","67.5","17"
"7.621095216473284","69","17"
"3.723040395925032","70.5","17"
"6.321768742912679","72","17"
"9.155083322724643","73.5","17"
"5.728140173540274","75","17"
"3.5629573624996818","76.5","17"
"8.588193615791434","78","17"
"10.15789858949355","79.5","17"
"6.497419877519155","81","17"
"4.128114104528776","82.5","17"
"7.072271416100556","84","17"
"8.721450313076328","85.5","17"
"4.3377902912822055","87","17"
"3.8780548827731565","88.5","17"
"9.911649525040977","90","17"
"10.667749529490315","91.5","17"
"4.948022601177693","93","17"
"3.0378204548089545","94.5","17"
"7.618039797048996","96","17"
"8.871227958874098","97.5","17"
"4.827038340977162","99","17"
"4.534036431237135","100.5","17"
"9.8812707710102","102","17"
"9.4030631344382","103.5","17"
"3.454028703166305","105","17"
"4.1458311019033856","106.5","17"
"9.715248150066909","108","17"
"9.009065814057085","109.5","17"
"6.088918678254778","111","17"
"5.261768344760713","112.5","17"
"9.742402943795478","114","17"
"7.914151335267612","115.5","17"
"1.4964621348156704","117","17"
"4.218864989525977","118.5","17"
"12.169830186379583","120","17"
"11.380592679845087","121.5","17"
"3.8901730704575503","123","17"
"4.1474268193381985","124.5","17"
"9.985957325439662","126","17"
"10.449199320547667","127.5","17"
"4.329448996253899","129","17"
"3.2794065549723967","130.5","17"
"9.02504762888445","132","17"
"9.51132255835574","133.5","17"
"4.779848866397787","135","17"
"6.198383021606575","136.5","17"
"9.794711724339288","138","17"
"8.348158880200195","139.5","17"
"3.1881446264360043","141","17"
"4.71602016900524","142.5","17"
"9.850733332293196","144","17"
"7.999047149590625","145.5","17"
"3.94493456430373","147","17"
"6.833987632963268","148.5","17"
"10.944264987388385","150","17"
"7.8592745239786455","151.5","17"
"2.4126882935290084","153","17"
"5.703403103633571","154.5","17"
"10.313427323143166","156","17"
"7.59160992621932","157.5","17"
"3.5965874277646095","159","17"
"6.96522331814187","160.5","17"
"10.562351358020745","162","17"
"6.824097930220265","163.5","17"
"3.8608526250096222","165","17"
"7.435271999231853","166.5","17"
"9.94058927508483","168","17"
"5.339148812919147","169.5","17"
"2.9943162103029377","171","17"
"8.369637493133771","172.5","17"
"10.725425992029182","174","17"
"5.866744840436842","175.5","17"
"3.8648190029509744","177","17"
"8.585278154289162","178.5","17"
"9.736594690031822","180","17"
"4.014853402542301","181.5","17"
"3.915105292959741","183","17"
"9.865428914104852","184.5","17"
"9.85840046380982","186","17"
"5.104885863182305","187.5","17"
"5.131892321225919","189","17"
"9.91260360439669","190.5","17"
"8.621321261684901","192","17"
"2.846964912494762","193.5","17"
"4.774199790129946","195","17"
"10.996365802287512","196.5","17"
"9.164819268877261","198","17"
"4.496781997882542","199.5","17"
"6.126343130916046","201","17"
"10.712969736969779","202.5","17"
"7.7305260487733305","204","17"
"2.3396686973843694","205.5","17"
"5.550682398996793","207","17"
"11.579495556270395","208.5","17"
"8.369349692336387","210","17"
"2.9858918768596325","211.5","17"
"6.096052589800906","213","17"
"9.572839978796688","214.5","17"
"6.975106121550688","216","17"
"3.8059533908845573","217.5","17"
"7.244015556320619","219","17"
"9.786482789896263","220.5","17"
"4.840370318668334","222","17"
"3.5713368502707916","223.5","17"
"8.04788260818244","225","17"
"9.412415674734028","226.5","17"
"4.063989474980699","228","17"
"3.40968323269944","229.5","17"
"10.041635937922713","231","17"
"9.950297623900713","232.5","17"
"4.530573458286415","234","17"
"4.038011756944859","235.5","17"
"8.620628371409005","237","17"
"8.307901265237277","238.5","17"
"3.697381525690404","240","17"
"5.078413117918771","241.5","17"
"10.616269654667738","243","17"
"8.123419475685024","244.5","17"
"3.046647413682847","246","17"
"5.487911270972718","247.5","17"
"9.445778883608916","249","17"
"7.74794489634928","250.5","17"
"5.064711533039177","252","17"
"7.7851086527403135","253.5","17"
"9.851956485682079","255","17"
"4.857695532423216","256.5","17"
"1.0645718230607653","258","17"
"6.428864150591483","259.5","17"
"11.942900243261033","261","17"
"9.610826727193942","262.5","17"
"3.521910020177502","264","17"
"6.897299865911193","265.5","17"
"9.944648054823288","267","17"
"6.892713287107669","268.5","17"
"3.431612766402891","270","17"
"6.4283289593826485","271.5","17"
"10.482037194405411","273","17"
"6.905863418062137","274.5","17"
"3.6934146549394673","276","17"
"8.498166175264371","277.5","17"
"10.646847503770678","279","17"
"4.945435843668324","280.5","17"
"2.235620084962124","282","17"
"8.127547248765321","283.5","17"
"10.683864402905511","285","17"
"5.103169900208857","286.5","17"
"4.309696202485461","288","17"
"9.627844427768057","289.5","17"
"10.65343636791628","291","17"
"4.7172152322478045","292.5","17"
"3.3531244622983607","294","17"
"8.457454189864487","295.5","17"
"9.369192331691213","297","17"
"4.491057028938679","298.5","17"
"7.981472574185955","1.5","18"
"3.0406447465380824","3","18"
"6.735268509793274","4.5","18"
"9.642997336874188","6","18"
"7.1470754757508965","7.5","18"
"3.1918389734866777","9","18"
"5.707496380042947","10.5","18"
"10.561023728999933","12","18"
"9.025325573490143","13.5","18"
"4.828666091034973","15","18"
"5.787077242996453","16.5","18"
"8.732846041909752","18","18"
"7.132340469172475","19.5","18"
"3.690130818272735","21","18"
"6.433210731127326","22.5","18"
"10.249559200983853","24","18"
"7.658476301891111","25.5","18"
"3.786413737261443","27","18"
"6.179917446473015","28.5","18"
"10.33297018002858","30","18"
"6.426715500802791","31.5","18"
"2.5953390490698185","33","18"
"7.2300409549311775","34.5","18"
"12.011322911600873","36","18"
"8.012807871620367","37.5","18"
"2.9688603776171494","39","18"
"6.212974127786304","40.5","18"
"9.735476012274866","42","18"
"6.6871461466703215","43.5","18"
"3.0877053514110946","45","18"
"7.004075440169616","46.5","18"
"10.64873693571789","48","18"
"7.621804862275055","49.5","18"
"3.7131573461114216","51","18"
"5.7583444729781155","52.5","18"
"9.090701692978216","54","18"
"6.111150304233566","55.5","18"
"3.316144031072784","57","18"
"8.05344839963049","58.5","18"
"10.598332371408828","60","18"
"7.323520526598101","61.5","18"
"3.9635088039506865","63","18"
"6.563573157722083","64.5","18"
"9.611096786846282","66","18"
"4.94021846859656","67.5","18"
"2.930475192670777","69","18"
"7.963132172686874","70.5","18"
"11.69086953676237","72","18"
"6.425281424911714","73.5","18"
"3.327537788667871","75","18"
"7.778737610431088","76.5","18"
"10.67066104851591","78","18"
"6.324008562474517","79.5","18"
"3.0605843151390695","81","18"
"7.180028174241843","82.5","18"
"9.776286559591663","84","18"
"4.431575897701143","85.5","18"
"2.904791928361713","87","18"
"7.83949068320638","88.5","18"
"9.094502240494363","90","18"
"5.017348096676451","91.5","18"
"4.4285303344685465","93","18"
"8.866037688329484","94.5","18"
"9.270874848332637","96","18"
"4.108657982130245","97.5","18"
"4.146166705230472","99","18"
"8.79231534571726","100.5","18"
"8.79658504795791","102","18"
"6.821106083232387","103.5","18"
"5.891706631514105","105","18"
"9.566943019307812","106.5","18"
"8.017665002885815","108","18"
"2.5547182334430776","109.5","18"
"4.8122841148249424","111","18"
"11.0297960332659","112.5","18"
"10.90402807042802","114","18"
"4.761588792860989","115.5","18"
"4.410931118584647","117","18"
"9.845855503025195","118.5","18"
"9.705920250250308","120","18"
"4.071044044183712","121.5","18"
"4.0012562932946345","123","18"
"9.443879595470012","124.5","18"
"10.223338774227617","126","18"
"5.015353696287726","127.5","18"
"5.113731795225203","129","18"
"9.763057579103664","130.5","18"
"8.432117863502954","132","18"
"3.9290237140565423","133.5","18"
"5.226789706067629","135","18"
"10.307746214252328","136.5","18"
"8.400156205086564","138","18"
"3.6246075951236696","139.5","18"
"6.311776535776088","141","18"
"11.050482208387498","142.5","18"
"8.244713713114246","144","18"
"2.4877330906614077","145.5","18"
"5.290089618775941","147","18"
"10.570194915368644","148.5","18"
"7.861582351263152","150","18"
"4.133038997112102","151.5","18"
"7.1179824619262435","153","18"
"10.58682625322846","154.5","18"
"7.161069296714135","156","18"
"2.642513985766449","157.5","18"
"6.417123947858449","159","18"
"10.225559374215656","160.5","18"
"6.866627397368017","162","18"
"4.050929035370621","163.5","18"
"7.780515667412191","165","18"
"10.362586064822453","166.5","18"
"5.736867338473293","168","18"
"3.2388798659763074","169.5","18"
"7.890839470679464","171","18"
"10.105653874195731","172.5","18"
"5.364951829957259","174","18"
"3.9829489100377193","175.5","18"
"8.786338551075684","177","18"
"10.195105713128026","178.5","18"
"4.794972206928843","180","18"
"4.125576874382655","181.5","18"
"8.972020331966347","183","18"
"9.55312069608","184.5","18"
"4.180816639930653","186","18"
"4.6215500500733455","187.5","18"
"9.720596119678582","189","18"
"9.346386089736825","190.5","18"
"4.1548465604433735","192","18"
"5.283715619609208","193.5","18"
"9.793716248978473","195","18"
"8.468427088074357","196.5","18"
"3.2906958369355563","198","18"
"5.5595505074709965","199.5","18"
"10.412923607028015","201","18"
"8.283022266170219","202.5","18"
"3.879252163658851","204","18"
"6.446526446102207","205.5","18"
"10.221640552399213","207","18"
"7.11650551160131","208.5","18"
"2.9028581435518896","210","18"
"6.694546175392114","211.5","18"
"10.622777698041471","213","18"
"7.117412281236905","214.5","18"
"4.050686573055017","216","18"
"7.5190343515103715","217.5","18"
"10.240997127261664","219","18"
"5.7796353254599735","220.5","18"
"2.923348180458833","222","18"
"7.77926590230574","223.5","18"
"10.530218201868927","225","18"
"6.250775086970178","226.5","18"
"3.815585107810041","228","18"
"8.319128453192782","229.5","18"
"10.073224046674007","231","18"
"4.723315722095105","232.5","18"
"3.677194073868382","234","18"
"9.030751407016178","235.5","18"
"10.155314296032104","237","18"
"5.35229845106403","238.5","18"
"4.389581128952642","240","18"
"9.267302964463727","241.5","18"
"9.786781432504508","243","18"
"4.16756991829761","244.5","18"
"4.01517077191476","246","18"
"9.587917980845965","247.5","18"
"10.154184776464287","249","18"
"5.168030540871478","250.5","18"
"4.56580835796347","252","18"
"8.845596932380998","253.5","18"
"9.865416101055652","255","18"
"4.759879729221726","256.5","18"
"3.9300354521336494","258","18"
"8.95922995200861","259.5","18"
"10.006328102427142","261","18"
"5.431550610024632","262.5","18"
"4.52062954648911","264","18"
"8.264596608613008","265.5","18"
"9.493074805058557","267","18"
"4.712743478077483","268.5","18"
"3.592624006680765","270","18"
"9.005158819670672","271.5","18"
"10.14077247081083","273","18"
"5.413967164047439","274.5","18"
"4.841898028380478","276","18"
"8.710516839633222","277.5","18"
"9.767613110903362","279","18"
"4.547450215319345","280.5","18"
"3.3551974658158232","282","18"
"9.029169488249732","283.5","18"
"10.461061247248088","285","18"
"5.09453686190649","286.5","18"
"4.75229785376323","288","18"
"9.023030066445251","289.5","18"
"10.079025401103477","291","18"
"4.39663619096524","292.5","18"
"3.0705913065631973","294","18"
"8.308758753914416","295.5","18"
"10.366406324721982","297","18"
"6.097373812297119","298.5","18"
"10.363110414220428","1.5","19"
"5.9862038549731516","3","19"
"3.9815170517897727","4.5","19"
"8.629613275754751","6","19"
"10.042893587982517","7.5","19"
"4.960106785000753","9","19"
"4.344998124266018","10.5","19"
"9.367656737025715","12","19"
"9.94989549127971","13.5","19"
"4.2868475789068015","15","19"
"4.202606708521672","16.5","19"
"9.52687070074869","18","19"
"10.033298585371083","19.5","19"
"4.225324244750839","21","19"
"4.337545857728262","22.5","19"
"9.571568530068516","24","19"
"9.772387450158604","25.5","19"
"4.1734481510222725","27","19"
"4.7587802710385665","28.5","19"
"9.67377428104929","30","19"
"9.157593694748405","31.5","19"
"3.94689496083112","33","19"
"5.316630864571728","34.5","19"
"9.959704373250844","36","19"
"8.460114376001956","37.5","19"
"3.5778264132851043","39","19"
"5.867391406611787","40.5","19"
"10.297903821229443","42","19"
"7.860933321040283","43.5","19"
"3.405310040446032","45","19"
"6.445528013883883","46.5","19"
"10.452231085111896","48","19"
"7.201476232981176","49.5","19"
"3.332313606351867","51","19"
"7.010939292063403","52.5","19"
"10.467105063993165","54","19"
"6.535159235504958","55.5","19"
"3.5619540021855123","57","19"
"7.675302792346415","58.5","19"
"10.317452591829873","60","19"
"5.68513415952425","61.5","19"
"3.6835653625823994","63","19"
"8.31001541835505","64.5","19"
"10.156831163933388","66","19"
"5.092042259789434","67.5","19"
"4.108002298977984","69","19"
"8.90485629930548","70.5","19"
"9.831241727604576","72","19"
"4.376897688674754","73.5","19"
"4.404397449112516","75","19"
"9.394575967772862","76.5","19"
"9.459510529873167","78","19"
"4.122876770668837","79.5","19"
"5.02815984615217","81","19"
"9.81185755540539","82.5","19"
"8.79585273291525","84","19"
"3.5825554140585667","85.5","19"
"5.457525124798173","87","19"
"10.18118679922164","88.5","19"
"8.238576262548104","90","19"
"3.580207176388126","91.5","19"
"6.2000152069506465","93","19"
"10.352773240374644","94.5","19"
"7.435206948366691","96","19"
"3.2501964988714103","97.5","19"
"6.718040872336135","99","19"
"10.473737295382207","100.5","19"
"6.815134709496241","102","19"
"3.5736942049185467","103.5","19"
"7.470031337659806","105","19"
"10.381259605600698","106.5","19"
"5.891257189172984","108","19"
"3.479015627532382","109.5","19"
"8.043096441497168","111","19"
"10.28285637337441","112.5","19"
"5.412341878037552","114","19"
"4.050584561471012","115.5","19"
"8.708585026061737","117","19"
"9.94680951766118","118.5","19"
"4.490081265961244","120","19"
"4.138887414856899","121.5","19"
"9.185340845597617","123","19"
"9.666145588680262","124.5","19"
"4.387954364514001","126","19"
"4.894368943277611","127.5","19"
"9.660388587113403","129","19"
"9.006946732843465","130.5","19"
"3.600007526281474","132","19"
"5.113563254347283","133.5","19"
"10.065872313291502","135","19"
"8.59909259256362","136.5","19"
"3.797146883608424","138","19"
"6.007501113979608","139.5","19"
"10.269463780104337","141","19"
"7.711768237556124","142.5","19"
"3.1401097370143116","144","19"
"6.334046108092887","145.5","19"
"10.472723093257178","147","19"
"7.211468440117767","148.5","19"
"3.692632812533559","150","19"
"7.226961387837246","151.5","19"
"10.401937895768945","153","19"
"6.149923083918197","154.5","19"
"3.211428400877833","156","19"
"7.673295086098908","157.5","19"
"10.414039327927464","159","19"
"5.843930713529101","160.5","19"
"4.066308144076066","162","19"
"8.444462743596247","163.5","19"
"10.06376604512708","165","19"
"4.640840588451463","166.5","19"
"3.733075231090688","168","19"
"8.88516264268719","169.5","19"
"9.910321896020166","171","19"
"4.795134341282164","172.5","19"
"4.809250379022376","174","19"
"9.461335896574388","175.5","19"
"9.23625201815961","177","19"
"3.618062837435886","178.5","19"
"4.601150690129961","180","19"
"9.872660401948723","181.5","19"
"9.054095797036908","183","19"
"4.185462848693909","184.5","19"
"5.844153956270907","186","19"
"10.1170801572234","187.5","19"
"8.031920998548042","189","19"
"2.971389476405125","190.5","19"
"5.765832714615544","192","19"
"10.442230993021951","193.5","19"
"7.812583279889263","195","19"
"4.011896545034926","196.5","19"
"7.014058776733685","198","19"
"10.375452337456213","199.5","19"
"6.4449031313306575","201","19"
"2.7614459404520697","202.5","19"
"7.103073493564472","204","19"
"10.534781618621976","205.5","19"
"6.574036490821516","207","19"
"3.5943582036088406","208.5","19"
"8.067811827782151","210","19"
"10.272516242671118","211.5","19"
"4.867932173113751","213","19"
"3.510279467577033","214.5","19"
"8.826825815305009","216","19"
"10.069770437105392","217.5","19"
"5.180271930952013","219","19"
"4.409301890098083","220.5","19"
"9.50695232295984","222","19"
"9.512937002554768","223.5","19"
"3.749960365886556","225","19"
"4.339539765307403","226.5","19"
"10.03927340877432","228","19"
"9.452067133907935","229.5","19"
"4.389213985812143","231","19"
"5.26097196447206","232.5","19"
"10.41269297214244","234","19"
"8.697770812538096","235.5","19"
"3.1197507874568617","237","19"
"5.016547773911122","238.5","19"
"10.649496848097286","240","19"
"8.64804533983656","241.5","19"
"4.20828781741251","243","19"
"6.24659211921641","244.5","19"
"10.754769845932378","246","19"
"7.579105868630213","247.5","19"
"2.660253159572364","249","19"
"5.919209348809375","250.5","19"
"11.126634102251618","252","19"
"7.773335924574698","253.5","19"
"3.22005059736934","255","19"
"7.506022207239581","256.5","19"
"10.784390658822097","258","19"
"5.7827996558024495","259.5","19"
"2.17404697703812","261","19"
"7.536651308539315","262.5","19"
"10.99792110933639","264","19"
"5.999022325077209","265.5","19"
"4.359578388634887","267","19"
"9.482089093799488","268.5","19"
"10.428677743827311","270","19"
"3.533297617652782","271.5","19"
"2.1560776611562145","273","19"
"9.44817492380906","274.5","19"
"10.760372105289685","276","19"
"5.0992944456358575","277.5","19"
"5.064625784171463","279","19"
"8.577125112522157","280.5","19"
"8.909673020184995","282","19"
"4.316696562634173","283.5","19"
"4.020832168422214","285","19"
"9.027797506366309","286.5","19"
"8.37389733918273","288","19"
"4.5678835791240635","289.5","19"
"6.1865289798595064","291","19"
"9.914571885877432","292.5","19"
"6.8340906301664415","294","19"
"1.9853350332143789","295.5","19"
"5.976777393239638","297","19"
"11.577894910739735","298.5","19"