"nusselt","time","episode"
"3.6332539267866264","1.5","0"
"3.175686898638983","3","0"
"3.0562186511915903","4.5","0"
"3.1701090707104496","6","0"
"3.306568249745687","7.5","0"
"3.33370998039346","9","0"
"3.2531303766916544","10.5","0"
"3.178610146747036","12","0"
"3.179115068586789","13.5","0"
"3.234782389739436","15","0"
"3.2824092981142345","16.5","0"
"3.279822976246165","18","0"
"3.240525408146407","19.5","0"
"3.204589622122932","21","0"
"3.1962434511199","22.5","0"
"3.212767797526195","24","0"
"3.2345667070770228","25.5","0"
"3.2428969823925073","27","0"
"3.2363710234537706","28.5","0"
"3.228966126497686","30","0"
"3.2301196547254185","31.5","0"
"3.232233781169274","33","0"
"3.2219539465280755","34.5","0"
"3.201172672660454","36","0"
"3.1904106688303058","37.5","0"
"3.202069376446238","39","0"
"3.2239197132214854","40.5","0"
"3.2363171027881674","42","0"
"3.2331619646500056","43.5","0"
"3.2232848207600178","45","0"
"3.2146587609840855","46.5","0"
"3.198640271457988","48","0"
"3.176045330809178","49.5","0"
"3.171027280426445","51","0"
"3.193772139226441","52.5","0"
"3.2222032906464726","54","0"
"3.2283181434700023","55.5","0"
"3.2153344835449404","57","0"
"3.2071697103880417","58.5","0"
"3.2051076345289014","60","0"
"3.1855596790068987","61.5","0"
"3.1487577338521437","63","0"
"3.139384265081317","64.5","0"
"3.1782782073894205","66","0"
"3.224176225983286","67.5","0"
"3.226880986307594","69","0"
"3.1958875123908888","70.5","0"
"3.182894502061387","72","0"
"3.1906921160039463","73.5","0"
"3.1695393193999135","75","0"
"3.117175807816022","76.5","0"
"3.1038592734929007","78","0"
"3.16245919315804","79.5","0"
"3.2308362073856607","81","0"
"3.2268407795685023","82.5","0"
"3.168887284530306","84","0"
"3.148005337974882","85.5","0"
"3.174253793318498","87","0"
"3.1634113760101674","88.5","0"
"3.093602814862802","90","0"
"3.0643457110505814","91.5","0"
"3.1380552609302628","93","0"
"3.237176093276044","94.5","0"
"3.2364570471746177","96","0"
"3.14513788061332","97.5","0"
"3.1035871767237","99","0"
"3.1516756833976807","100.5","0"
"3.1701954061114446","102","0"
"3.0905576998168827","103.5","0"
"3.0278732118122575","105","0"
"3.098359053921218","106.5","0"
"3.2350544865086364","108","0"
"3.2605175078793036","109.5","0"
"3.137517300994822","111","0"
"3.0516438099793075","112.5","0"
"3.108542891076834","114","0"
"3.1812435323174526","115.5","0"
"3.1227598693475156","117","0"
"3.016705088749271","118.5","0"
"3.0497805860545886","120","0"
"3.2076334904482593","121.5","0"
"3.2837831842066003","123","0"
"3.1557197333179263","124.5","0"
"3.010130196027299","126","0"
"3.0489540103021033","127.5","0"
"3.17933106292935","129","0"
"3.1799961883651733","130.5","0"
"3.048770430694934","132","0"
"3.008916513531003","133.5","0"
"3.1489132622459937","135","0"
"3.287876167910081","136.5","0"
"3.20398496263582","138","0"
"3.0061272878865886","139.5","0"
"2.982664006345463","141","0"
"3.142745735477452","142.5","0"
"3.2371433668605043","144","0"
"3.145729449534216","145.5","0"
"3.0490892794863336","147","0"
"3.1345781571992215","148.5","0"
"3.301128807802864","150","0"
"3.278171071461787","151.5","0"
"3.037950454357259","153","0"
"2.9138790028041157","154.5","0"
"3.063570562522516","156","0"
"3.2739618310631036","157.5","0"
"3.2887523008060975","159","0"
"3.150208604941064","160.5","0"
"3.13215235060737","162","0"
"3.2875782016885973","163.5","0"
"3.3781711535050647","165","0"
"3.183386333334924","166.5","0"
"2.9187620956827662","168","0"
"2.9398678285844517","169.5","0"
"3.2067087354491557","171","0"
"3.3908110302268875","172.5","0"
"3.317068753931667","174","0"
"3.1771237441212437","175.5","0"
"3.2326439522440364","177","0"
"3.3970190754146685","178.5","0"
"3.3697875808842728","180","0"
"3.085741618170051","181.5","0"
"2.9065392469989617","183","0"
"3.0629964476899074","184.5","0"
"3.3483489735845278","186","0"
"3.445233812548587","187.5","0"
"3.3167820081955104","189","0"
"3.2352901167005212","190.5","0"
"3.3440359436965617","192","0"
"3.4488464971440065","193.5","0"
"3.2946486658458825","195","0"
"3.0139660436086837","196.5","0"
"2.9770391147145823","198","0"
"3.2179370127807054","199.5","0"
"3.447530583559168","201","0"
"3.4373567201682884","202.5","0"
"3.302848347179357","204","0"
"3.2997979335709218","205.5","0"
"3.4274200453700336","207","0"
"3.430159402190769","208.5","0"
"3.1876049241380477","210","0"
"2.9847033295537995","211.5","0"
"3.082004573195581","213","0"
"3.343042930745047","214.5","0"
"3.4752520392822133","216","0"
"3.388739603963307","217.5","0"
"3.292180782434052","219","0"
"3.354685430993283","220.5","0"
"3.4566188649945784","222","0"
"3.3554920592162962","223.5","0"
"3.0926091785509913","225","0"
"2.999291518880744","226.5","0"
"3.183535628125814","228","0"
"3.413416879680877","229.5","0"
"3.4470555830136225","231","0"
"3.3272977847087417","232.5","0"
"3.2860709164928896","234","0"
"3.3871462950467524","235.5","0"
"3.4377192041804077","237","0"
"3.260551792695583","238.5","0"
"3.0293515107542017","240","0"
"3.0396279169137723","241.5","0"
"3.262285045998588","243","0"
"3.4289859264335645","244.5","0"
"3.3824511452973436","246","0"
"3.2649028475616046","247.5","0"
"3.2833864153782013","249","0"
"3.4020246585914813","250.5","0"
"3.3974498173791985","252","0"
"3.1757794676429376","253.5","0"
"2.994367907582854","255","0"
"3.0812400217925475","256.5","0"
"3.310080573333452","258","0"
"3.4103025716421027","259.5","0"
"3.3129667315038933","261","0"
"3.215446688398219","262.5","0"
"3.279399091244891","264","0"
"3.4068747133744446","265.5","0"
"3.365824256122358","267","0"
"3.124237856609312","268.5","0"
"2.9802790298529986","270","0"
"3.109806442396809","271.5","0"
"3.3302191627359066","273","0"
"3.380483508523046","274.5","0"
"3.256979003159107","276","0"
"3.181431163766546","277.5","0"
"3.273177643810746","279","0"
"3.4092649884294244","280.5","0"
"3.3595850429197776","282","0"
"3.1140346952845204","283.5","0"
"2.982077424306935","285","0"
"3.120258636159849","286.5","0"
"3.3330523352811885","288","0"
"3.3645706785671186","289.5","0"
"3.233905010122828","291","0"
"3.1607599129911668","292.5","0"
"3.2533706820857593","294","0"
"3.401279119677475","295.5","0"
"3.3848342517089196","297","0"
"3.152991596982519","298.5","0"
"2.994811428433452","300","0"
"3.69857616388374","1.5","1"
"3.35476677951191","3","1"
"3.179481292760684","4.5","1"
"3.25673589264367","6","1"
"3.3806250113102356","7.5","1"
"3.42961645537296","9","1"
"3.3627074546423996","10.5","1"
"3.268802589573329","12","1"
"3.2410315767067526","13.5","1"
"3.2861257721989365","15","1"
"3.3429880750389995","16.5","1"
"3.355487384014076","18","1"
"3.327503181926271","19.5","1"
"3.3016711312603766","21","1"
"3.3019821880480764","22.5","1"
"3.3134551342958027","24","1"
"3.311425161491906","25.5","1"
"3.2966911058556994","27","1"
"3.2897188209450325","28.5","1"
"3.2967618572492943","30","1"
"3.3049035660752413","31.5","1"
"3.307845203312026","33","1"
"3.3119247847691433","34.5","1"
"3.3229164968683644","36","1"
"3.334522842219433","37.5","1"
"3.318074545769249","39","1"
"3.277738459416369","40.5","1"
"3.258343227166885","42","1"
"3.282949751490859","43.5","1"
"3.315541521206487","45","1"
"3.3108014895157662","46.5","1"
"3.2801084752617293","48","1"
"3.2821929920915256","49.5","1"
"3.333323185329797","51","1"
"3.3601130290904826","52.5","1"
"3.30933908626137","54","1"
"3.228048540141986","55.5","1"
"3.212911793754569","57","1"
"3.279376026913939","58.5","1"
"3.32578956447259","60","1"
"3.2779513369574502","61.5","1"
"3.214120177688349","63","1"
"3.254328163500402","64.5","1"
"3.3700998843925647","66","1"
"3.3880501674759405","67.5","1"
"3.259857992686144","69","1"
"3.127414500677685","70.5","1"
"3.155667682733211","72","1"
"3.2970785242796583","73.5","1"
"3.331087191948075","75","1"
"3.191530847282203","76.5","1"
"3.1111722248053266","78","1"
"3.2563484742197115","79.5","1"
"3.4419262628180554","81","1"
"3.388463455352183","82.5","1"
"3.136691971962929","84","1"
"2.9929793725235325","85.5","1"
"3.1368858370149826","87","1"
"3.3462657034753236","88.5","1"
"3.287077955051064","90","1"
"3.046285093194815","91.5","1"
"3.030333614900537","93","1"
"3.3296727874364698","94.5","1"
"3.5184739721253866","96","1"
"3.302597756340368","97.5","1"
"2.9572293478682634","99","1"
"2.9139824806132504","100.5","1"
"3.2049617682196394","102","1"
"3.385614075439205","103.5","1"
"3.1429034456323377","105","1"
"2.88725559624246","106.5","1"
"3.070708661271916","108","1"
"3.4759131128761123","109.5","1"
"3.5041285816337306","111","1"
"3.102948232420309","112.5","1"
"2.802371378016684","114","1"
"2.974164488709617","115.5","1"
"3.3311797609520295","117","1"
"3.304124054025104","118.5","1"
"2.921382390686967","120","1"
"2.851607802675733","121.5","1"
"3.270051803606496","123","1"
"3.58261275970056","124.5","1"
"3.3296350741385625","126","1"
"2.8692722750633965","127.5","1"
"2.7979305592680395","129","1"
"3.1573320547235086","130.5","1"
"3.374637947347384","132","1"
"3.0638183482401726","133.5","1"
"2.7635846536794912","135","1"
"3.0190757279549274","136.5","1"
"3.503560700404082","138","1"
"3.5137214732287463","139.5","1"
"3.0467388994902973","141","1"
"2.734555388055456","142.5","1"
"2.960080909542277","144","1"
"3.3316491512549113","145.5","1"
"3.224017269107808","147","1"
"2.804847365112363","148.5","1"
"2.8054719721289465","150","1"
"3.300648197014654","151.5","1"
"3.5941636259852854","153","1"
"3.2694926494209913","154.5","1"
"2.797377638685495","156","1"
"2.793490363879691","157.5","1"
"3.1784334241031225","159","1"
"3.3084084093394543","160.5","1"
"2.9422122866576763","162","1"
"2.6934871650349335","163.5","1"
"3.0474579455917237","165","1"
"3.534596251140767","166.5","1"
"3.4580466717525473","168","1"
"2.9561637134422654","169.5","1"
"2.7142615819392995","171","1"
"3.0014340082180677","172.5","1"
"3.306231635185852","174","1"
"3.095311757114263","175.5","1"
"2.6969655154865673","177","1"
"2.822385607040088","178.5","1"
"3.3637734007485456","180","1"
"3.5500630668049116","181.5","1"
"3.1405106771361737","183","1"
"2.7325858812002704","184.5","1"
"2.843411549823887","186","1"
"3.2067218260153716","187.5","1"
"3.192281996438873","189","1"
"2.7822013089192823","190.5","1"
"2.6872099268542975","192","1"
"3.147159438053221","193.5","1"
"3.5293996080332324","195","1"
"3.2909103741508208","196.5","1"
"2.8173391937638876","198","1"
"2.7454295967388824","199.5","1"
"3.078943562462114","201","1"
"3.2375803424279948","202.5","1"
"2.8959720432613114","204","1"
"2.6287605487006402","205.5","1"
"2.9460740036913444","207","1"
"3.4294316290451987","208.5","1"
"3.374850824888465","210","1"
"2.9197208238180012","211.5","1"
"2.712037744083349","213","1"
"2.9693066419229535","214.5","1"
"3.227526787574241","216","1"
"2.9840266719525004","217.5","1"
"2.631469360866872","219","1"
"2.80655069712116","220.5","1"
"3.286482645968392","222","1"
"3.377016066876592","223.5","1"
"2.9922640665838824","225","1"
"2.718786242647755","226.5","1"
"2.9071167903131983","228","1"
"3.2045104553653414","229.5","1"
"3.0378803263239598","231","1"
"2.6605768582080542","232.5","1"
"2.738815743998411","234","1"
"3.170092863342754","235.5","1"
"3.3250016370584565","237","1"
"3.0017781031014548","238.5","1"
"2.7248795895410733","240","1"
"2.8944550959810154","241.5","1"
"3.209686839263256","243","1"
"3.0665097063181164","244.5","1"
"2.6723689649273283","246","1"
"2.701737338552383","247.5","1"
"3.0935264532265427","249","1"
"3.260113258727353","250.5","1"
"2.97004127203178","252","1"
"2.710666974792464","253.5","1"
"2.905709554444997","255","1"
"3.257557169833639","256.5","1"
"3.1067790931193255","258","1"
"2.6797972378945127","259.5","1"
"2.678981882627356","261","1"
"3.04428753512631","262.5","1"
"3.20025570966505","264","1"
"2.9383985683667992","265.5","1"
"2.7077402982027827","267","1"
"2.9314926713276557","268.5","1"
"3.3139413553266763","270","1"
"3.135279125852064","271.5","1"
"2.69587338824799","273","1"
"2.694961723815102","274.5","1"
"3.0347585379616335","276","1"
"3.154838613539542","277.5","1"
"2.898689582471687","279","1"
"2.7166568438766476","280.5","1"
"2.991594577625987","282","1"
"3.3921584235066735","283.5","1"
"3.163141772682151","285","1"
"2.7129020331337417","286.5","1"
"2.7152224918355707","288","1"
"3.0391039825849915","289.5","1"
"3.143555168821797","291","1"
"2.8845034605356568","292.5","1"
"2.7354860649773713","294","1"
"3.050692562167624","295.5","1"
"3.4626501875384457","297","1"
"3.2071204649246585","298.5","1"
"2.7507967288873707","300","1"
"3.7068303892431134","1.5","2"
"3.3675796387158705","3","2"
"3.257940536415674","4.5","2"
"3.353922437990989","6","2"
"3.4711257058028964","7.5","2"
"3.486471901249767","9","2"
"3.3854005745378277","10.5","2"
"3.2850018535852636","12","2"
"3.27901354290182","13.5","2"
"3.3534306067174517","15","2"
"3.433945692628622","16.5","2"
"3.464675796820271","18","2"
"3.4504229753325695","19.5","2"
"3.4288176191536466","21","2"
"3.421173351843901","22.5","2"
"3.4164211646274087","24","2"
"3.404499398966568","25.5","2"
"3.4010472296473666","27","2"
"3.4245927947475634","28.5","2"
"3.469135939738091","30","2"
"3.500827265506159","31.5","2"
"3.5043283686085958","33","2"
"3.4986660753599557","34.5","2"
"3.4913210209922863","36","2"
"3.4709739175708223","37.5","2"
"3.4483297314586294","39","2"
"3.4424713913969","40.5","2"
"3.4718715563970504","42","2"
"3.524879622526997","43.5","2"
"3.548851254389504","45","2"
"3.5393948786993104","46.5","2"
"3.5193625722273225","48","2"
"3.504335537252","49.5","2"
"3.49550065177691","51","2"
"3.480584574934274","52.5","2"
"3.4656713032129693","54","2"
"3.489083157529676","55.5","2"
"3.5397916475277094","57","2"
"3.5646026340287693","58.5","2"
"3.546683207280045","60","2"
"3.5080149213990905","61.5","2"
"3.4927896578496425","63","2"
"3.4950842470991876","64.5","2"
"3.4867611404271073","66","2"
"3.4700151894355873","67.5","2"
"3.4817240775553464","69","2"
"3.5271767052177263","70.5","2"
"3.5586719841727046","72","2"
"3.538307426662953","73.5","2"
"3.4990160921661553","75","2"
"3.4846311182957037","76.5","2"
"3.489215309912426","78","2"
"3.4806621832911246","79.5","2"
"3.456869455833567","81","2"
"3.4613140147439876","82.5","2"
"3.5140655681121338","84","2"
"3.560030597937818","85.5","2"
"3.5420189138652876","87","2"
"3.4945182359504274","88.5","2"
"3.471911451455994","90","2"
"3.47593212536514","91.5","2"
"3.472200690633334","93","2"
"3.443878627265101","94.5","2"
"3.4402675010704216","96","2"
"3.4994437173292052","97.5","2"
"3.562385964816223","99","2"
"3.54961393571165","100.5","2"
"3.4904021879159943","102","2"
"3.4567709649068004","103.5","2"
"3.463378584044312","105","2"
"3.4638682335568136","106.5","2"
"3.429671934439303","108","2"
"3.4147917008136863","109.5","2"
"3.4801641184146273","111","2"
"3.566108672503885","112.5","2"
"3.5632359165798073","114","2"
"3.490210816305125","115.5","2"
"3.4438611731768134","117","2"
"3.4480859975828966","118.5","2"
"3.4549625966881288","120","2"
"3.414614043129329","121.5","2"
"3.3869705074432828","123","2"
"3.457939142101489","124.5","2"
"3.5688364971591446","126","2"
"3.5812049004720627","127.5","2"
"3.495072403253564","129","2"
"3.4305583527802033","130.5","2"
"3.431700660522608","132","2"
"3.4474258590294418","133.5","2"
"3.400765782473726","135","2"
"3.3578757889881685","136.5","2"
"3.4313677861245484","138","2"
"3.567357574856904","139.5","2"
"3.5997744920095065","141","2"
"3.5078089008212654","142.5","2"
"3.4226759618373888","144","2"
"3.416193638119372","145.5","2"
"3.437920237875865","147","2"
"3.3870767903737495","148.5","2"
"3.328064517872811","150","2"
"3.4024476085523117","151.5","2"
"3.562600089077896","153","2"
"3.6151241159380048","154.5","2"
"3.5210306843793964","156","2"
"3.415557187257164","157.5","2"
"3.40180087224522","159","2"
"3.429640766424504","160.5","2"
"3.375313046547943","162","2"
"3.2967553119661863","163.5","2"
"3.366771452092117","165","2"
"3.5497086864766403","166.5","2"
"3.6269819871685063","168","2"
"3.528813025994704","169.5","2"
"3.410195041991044","171","2"
"3.390770823487796","172.5","2"
"3.4239931221428193","174","2"
"3.3640158879036863","175.5","2"
"3.2622389173366844","177","2"
"3.3190931164928994","178.5","2"
"3.528443373339181","180","2"
"3.640457478367106","181.5","2"
"3.5458778257776236","183","2"
"3.4099344773873197","184.5","2"
"3.3765292224854226","186","2"
"3.4142060538156023","187.5","2"
"3.3542110538080334","189","2"
"3.2285360078934517","190.5","2"
"3.26974324025998","192","2"
"3.4988131883898097","193.5","2"
"3.645287273940449","195","2"
"3.5594100427631585","196.5","2"
"3.408789364523583","198","2"
"3.3652476478485656","199.5","2"
"3.4119613333897365","201","2"
"3.351349518369284","202.5","2"
"3.193795203557393","204","2"
"3.2188334048863414","205.5","2"
"3.462576007663223","207","2"
"3.645227431352034","208.5","2"
"3.563566297536683","210","2"
"3.3993928314218045","211.5","2"
"3.361702597845261","213","2"
"3.419147742562076","214.5","2"
"3.3574428652626023","216","2"
"3.1640506319937067","217.5","2"
"3.1650321127797456","219","2"
"3.417288882159429","220.5","2"
"3.640063514660039","222","2"
"3.5689147288762912","223.5","2"
"3.3952939257955115","225","2"
"3.3666838699705304","226.5","2"
"3.442768110897792","228","2"
"3.3631113921142024","229.5","2"
"3.1533244713805786","231","2"
"3.1195483171025664","232.5","2"
"3.3657824909825265","234","2"
"3.6219399374143775","235.5","2"
"3.5749703624717024","237","2"
"3.401154447618277","238.5","2"
"3.3793835892807684","240","2"
"3.4729767742018436","241.5","2"
"3.3879036778063822","243","2"
"3.1545764905350775","244.5","2"
"3.0767434122974113","246","2"
"3.3067546344741885","247.5","2"
"3.5904309445328875","249","2"
"3.580589020499623","250.5","2"
"3.406094577964011","252","2"
"3.377200893204354","253.5","2"
"3.499025754250743","255","2"
"3.432728893330846","256.5","2"
"3.181058394309543","258","2"
"3.0485690853193286","259.5","2"
"3.2429599417824027","261","2"
"3.5440114850514246","262.5","2"
"3.582554787193033","264","2"
"3.4121785744528896","265.5","2"
"3.361828516625051","267","2"
"3.486686960551884","268.5","2"
"3.479376191000494","270","2"
"3.236410606832566","271.5","2"
"3.0470134897006815","273","2"
"3.1793628543044457","274.5","2"
"3.4755182141286016","276","2"
"3.5651720736591574","277.5","2"
"3.4160162921151622","279","2"
"3.3505413317455304","280.5","2"
"3.445101348485689","282","2"
"3.5016968531190673","283.5","2"
"3.3145541184976364","285","2"
"3.0793889533936","286.5","2"
"3.127580937876715","288","2"
"3.387324887771554","289.5","2"
"3.5274388282221905","291","2"
"3.4259769662848125","292.5","2"
"3.3496676922906983","294","2"
"3.4259323960236494","295.5","2"
"3.5140138292075664","297","2"
"3.3833313300352836","298.5","2"
"3.1294641093309057","300","2"
"3.700509827521906","1.5","3"
"3.3575479014724765","3","3"
"3.1754110617080067","4.5","3"
"3.2452782187231954","6","3"
"3.381212528389208","7.5","3"
"3.454339548072285","9","3"
"3.409375323201815","10.5","3"
"3.3246313610426372","12","3"
"3.2910119818790675","13.5","3"
"3.322613543764512","15","3"
"3.3698611373992","16.5","3"
"3.3824452233745315","18","3"
"3.3571679633720697","19.5","3"
"3.3291803328026366","21","3"
"3.327500688485087","22.5","3"
"3.3490465137557424","24","3"
"3.3693739813278825","25.5","3"
"3.370220192929691","27","3"
"3.3548568550746807","28.5","3"
"3.339470452888719","30","3"
"3.335478765233336","31.5","3"
"3.3421150589444633","33","3"
"3.3515549155868127","34.5","3"
"3.357384581074927","36","3"
"3.358577069321159","37.5","3"
"3.3578025441533894","39","3"
"3.3574659295935536","40.5","3"
"3.3571165361476507","42","3"
"3.3543301156245677","43.5","3"
"3.3483377530992","45","3"
"3.342578527324533","46.5","3"
"3.3424903218426505","48","3"
"3.3499385423393067","49.5","3"
"3.360446838528986","51","3"
"3.367018614449478","52.5","3"
"3.366634001146851","54","3"
"3.3616246778082624","55.5","3"
"3.355366452116654","57","3"
"3.349229781682764","58.5","3"
"3.3441107469320808","60","3"
"3.343005217447139","61.5","3"
"3.3488707261522728","63","3"
"3.3597402596334796","64.5","3"
"3.368706050770727","66","3"
"3.3707762303137154","67.5","3"
"3.367161987317556","69","3"
"3.3609869802254626","70.5","3"
"3.3539218146306933","72","3"
"3.3464876197406968","73.5","3"
"3.3418909609180543","75","3"
"3.3454522182890547","76.5","3"
"3.357446605424378","78","3"
"3.3698159437777404","79.5","3"
"3.3745107818470017","81","3"
"3.3709379923105254","82.5","3"
"3.3648031919575234","84","3"
"3.3589934739988814","85.5","3"
"3.3514371004908705","87","3"
"3.343492685198605","88.5","3"
"3.3420443075508683","90","3"
"3.3520925638421057","91.5","3"
"3.3684096429499832","93","3"
"3.377925861228592","94.5","3"
"3.374656024795968","96","3"
"3.3659785377956157","97.5","3"
"3.360608600525796","99","3"
"3.356321440090113","100.5","3"
"3.346112980202806","102","3"
"3.3351798639714083","103.5","3"
"3.339309937612501","105","3"
"3.360298167098392","106.5","3"
"3.3800667921651755","108","3"
"3.3805068845341455","109.5","3"
"3.365888462232845","111","3"
"3.355348062987922","112.5","3"
"3.3521252902576455","114","3"
"3.345139291420467","115.5","3"
"3.331750135622862","117","3"
"3.326813122078608","118.5","3"
"3.3418794287525784","120","3"
"3.3668076069892847","121.5","3"
"3.3773077994951164","123","3"
"3.3646763381372895","124.5","3"
"3.3476754327847087","126","3"
"3.342071112043596","127.5","3"
"3.3391008002331954","129","3"
"3.3251200755146946","130.5","3"
"3.309684427865349","132","3"
"3.317344902542791","133.5","3"
"3.3481756794222424","135","3"
"3.37088905852729","136.5","3"
"3.3637790109912094","138","3"
"3.3415172564206075","139.5","3"
"3.3290092204013866","141","3"
"3.3265463238719235","142.5","3"
"3.3165678839338373","144","3"
"3.296623159583436","145.5","3"
"3.2947593122984213","147","3"
"3.325180541463406","148.5","3"
"3.359641768706713","150","3"
"3.360866671688336","151.5","3"
"3.334088048412979","153","3"
"3.3135579887446416","154.5","3"
"3.3128186834335955","156","3"
"3.3088678258776003","157.5","3"
"3.2873319743716807","159","3"
"3.273940325132892","160.5","3"
"3.2973319202399787","162","3"
"3.3406607593739146","163.5","3"
"3.357091913415959","165","3"
"3.3318582886342165","166.5","3"
"3.301442981392044","168","3"
"3.29633173864506","169.5","3"
"3.2975753424355636","171","3"
"3.2787638871032754","172.5","3"
"3.2561770501383136","174","3"
"3.2697042802414806","175.5","3"
"3.31727196938816","177","3"
"3.347789196038727","178.5","3"
"3.328329757678756","180","3"
"3.2892749884142867","181.5","3"
"3.2773703651615858","183","3"
"3.284531839922086","184.5","3"
"3.272803627633151","186","3"
"3.2437703101671915","187.5","3"
"3.2420819388054984","189","3"
"3.286031021433946","190.5","3"
"3.3300072202352693","192","3"
"3.3223797836535156","193.5","3"
"3.279544957554153","195","3"
"3.259359304449351","196.5","3"
"3.2687365133819535","198","3"
"3.2644253535748753","199.5","3"
"3.2325691490085178","201","3"
"3.2180351920273242","202.5","3"
"3.255350474385829","204","3"
"3.3075653145391257","205.5","3"
"3.3113759160285228","207","3"
"3.2680838551520504","208.5","3"
"3.241131626034259","210","3"
"3.2520217304052332","211.5","3"
"3.255399096488916","213","3"
"3.2212214981802854","214.5","3"
"3.1927283224108027","216","3"
"3.2205498274613547","217.5","3"
"3.281179408250243","219","3"
"3.299021850002412","220.5","3"
"3.2564404198633703","222","3"
"3.220823170951147","223.5","3"
"3.2307913254443497","225","3"
"3.243314633790822","226.5","3"
"3.2094222228176075","228","3"
"3.164488854281789","229.5","3"
"3.1778007134026907","231","3"
"3.243535303335603","232.5","3"
"3.2810578529925247","234","3"
"3.245303153135035","235.5","3"
"3.1983557074828677","237","3"
"3.202066883005054","238.5","3"
"3.223204407281835","240","3"
"3.1968449938055317","241.5","3"
"3.1383747330819585","243","3"
"3.1288843842556338","244.5","3"
"3.193847877502404","246","3"
"3.251586624918631","247.5","3"
"3.2280896819215217","249","3"
"3.165314183313682","250.5","3"
"3.152699241003699","252","3"
"3.187501446328913","253.5","3"
"3.190715492015046","255","3"
"3.1435037415973777","256.5","3"
"3.119514343966435","258","3"
"3.162174005822624","259.5","3"
"3.210278096504004","261","3"
"3.1829596432123175","262.5","3"
"3.10852481362825","264","3"
"3.09430440687594","265.5","3"
"3.1841583650615095","267","3"
"3.2766787469131833","268.5","3"
"3.2737498885624663","270","3"
"3.21162081458157","271.5","3"
"3.207809901412025","273","3"
"3.261454418404179","274.5","3"
"3.2541392853307167","276","3"
"3.1495603102332326","277.5","3"
"3.092840756900952","279","3"
"3.207879406085028","280.5","3"
"3.407140576540685","282","3"
"3.4817829851033175","283.5","3"
"3.3841803467584244","285","3"
"3.2910169687614355","286.5","3"
"3.32799937672188","288","3"
"3.392098892598406","289.5","3"
"3.3090105753853822","291","3"
"3.1374945483440184","292.5","3"
"3.129797295409113","294","3"
"3.3543516215547795","295.5","3"
"3.5850273458070836","297","3"
"3.5716048402336433","298.5","3"
"3.3888237576032663","300","3"
"3.700509827521906","1.5","4"
"3.3575479014724765","3","4"
"3.1754110617080067","4.5","4"
"3.2452782187231954","6","4"
"3.381212528389208","7.5","4"
"3.454339548072285","9","4"
"3.409375323201815","10.5","4"
"3.3246313610426372","12","4"
"3.2910119818790675","13.5","4"
"3.322613543764512","15","4"
"3.3698611373992","16.5","4"
"3.3824452233745315","18","4"
"3.3571679633720697","19.5","4"
"3.3291803328026366","21","4"
"3.327500688485087","22.5","4"
"3.3490465137557424","24","4"
"3.3693739813278825","25.5","4"
"3.370220192929691","27","4"
"3.3548568550746807","28.5","4"
"3.339470452888719","30","4"
"3.335478765233336","31.5","4"
"3.3421150589444633","33","4"
"3.3515549155868127","34.5","4"
"3.357384581074927","36","4"
"3.358577069321159","37.5","4"
"3.3578025441533894","39","4"
"3.3574659295935536","40.5","4"
"3.3571165361476507","42","4"
"3.3543301156245677","43.5","4"
"3.3483377530992","45","4"
"3.342578527324533","46.5","4"
"3.3424903218426505","48","4"
"3.3499385423393067","49.5","4"
"3.360446838528986","51","4"
"3.367018614449478","52.5","4"
"3.366634001146851","54","4"
"3.3616246778082624","55.5","4"
"3.355366452116654","57","4"
"3.349229781682764","58.5","4"
"3.3441107469320808","60","4"
"3.343005217447139","61.5","4"
"3.3488707261522728","63","4"
"3.3597402596334796","64.5","4"
"3.368706050770727","66","4"
"3.3707762303137154","67.5","4"
"3.367161987317556","69","4"
"3.3609869802254626","70.5","4"
"3.3539218146306933","72","4"
"3.3464876197406968","73.5","4"
"3.3418909609180543","75","4"
"3.3454522182890547","76.5","4"
"3.357446605424378","78","4"
"3.3698159437777404","79.5","4"
"3.3745107818470017","81","4"
"3.3709379923105254","82.5","4"
"3.3648031919575234","84","4"
"3.3589934739988814","85.5","4"
"3.3514371004908705","87","4"
"3.343492685198605","88.5","4"
"3.3420443075508683","90","4"
"3.3520925638421057","91.5","4"
"3.3684096429499832","93","4"
"3.377925861228592","94.5","4"
"3.374656024795968","96","4"
"3.3659785377956157","97.5","4"
"3.360608600525796","99","4"
"3.356321440090113","100.5","4"
"3.346112980202806","102","4"
"3.3351798639714083","103.5","4"
"3.339309937612501","105","4"
"3.360298167098392","106.5","4"
"3.3800667921651755","108","4"
"3.3805068845341455","109.5","4"
"3.365888462232845","111","4"
"3.355348062987922","112.5","4"
"3.3521252902576455","114","4"
"3.345139291420467","115.5","4"
"3.331750135622862","117","4"
"3.326813122078608","118.5","4"
"3.3418794287525784","120","4"
"3.3668076069892847","121.5","4"
"3.3773077994951164","123","4"
"3.3646763381372895","124.5","4"
"3.3476754327847087","126","4"
"3.342071112043596","127.5","4"
"3.3391008002331954","129","4"
"3.3251200755146946","130.5","4"
"3.309684427865349","132","4"
"3.317344902542791","133.5","4"
"3.3481756794222424","135","4"
"3.37088905852729","136.5","4"
"3.3637790109912094","138","4"
"3.3415172564206075","139.5","4"
"3.3290092204013866","141","4"
"3.3265463238719235","142.5","4"
"3.3165678839338373","144","4"
"3.296623159583436","145.5","4"
"3.2947593122984213","147","4"
"3.325180541463406","148.5","4"
"3.359641768706713","150","4"
"3.360866671688336","151.5","4"
"3.334088048412979","153","4"
"3.3135579887446416","154.5","4"
"3.3128186834335955","156","4"
"3.3088678258776003","157.5","4"
"3.2873319743716807","159","4"
"3.273940325132892","160.5","4"
"3.2973319202399787","162","4"
"3.3406607593739146","163.5","4"
"3.357091913415959","165","4"
"3.3318582886342165","166.5","4"
"3.301442981392044","168","4"
"3.29633173864506","169.5","4"
"3.2975753424355636","171","4"
"3.2787638871032754","172.5","4"
"3.2561770501383136","174","4"
"3.2697042802414806","175.5","4"
"3.31727196938816","177","4"
"3.347789196038727","178.5","4"
"3.328329757678756","180","4"
"3.2892749884142867","181.5","4"
"3.2773703651615858","183","4"
"3.284531839922086","184.5","4"
"3.272803627633151","186","4"
"3.2437703101671915","187.5","4"
"3.2420819388054984","189","4"
"3.286031021433946","190.5","4"
"3.3300072202352693","192","4"
"3.3223797836535156","193.5","4"
"3.279544957554153","195","4"
"3.259359304449351","196.5","4"
"3.2687365133819535","198","4"
"3.2644253535748753","199.5","4"
"3.2325691490085178","201","4"
"3.2180351920273242","202.5","4"
"3.255350474385829","204","4"
"3.3075653145391257","205.5","4"
"3.3113759160285228","207","4"
"3.2680838551520504","208.5","4"
"3.241131626034259","210","4"
"3.2520217304052332","211.5","4"
"3.255399096488916","213","4"
"3.2212214981802854","214.5","4"
"3.1927283224108027","216","4"
"3.2205498274613547","217.5","4"
"3.281179408250243","219","4"
"3.299021850002412","220.5","4"
"3.2564404198633703","222","4"
"3.220823170951147","223.5","4"
"3.2307913254443497","225","4"
"3.243314633790822","226.5","4"
"3.2094222228176075","228","4"
"3.164488854281789","229.5","4"
"3.1778007134026907","231","4"
"3.243535303335603","232.5","4"
"3.2810578529925247","234","4"
"3.245303153135035","235.5","4"
"3.1983557074828677","237","4"
"3.202066883005054","238.5","4"
"3.223204407281835","240","4"
"3.1968449938055317","241.5","4"
"3.1383747330819585","243","4"
"3.1288843842556338","244.5","4"
"3.193847877502404","246","4"
"3.251586624918631","247.5","4"
"3.2280896819215217","249","4"
"3.165314183313682","250.5","4"
"3.152699241003699","252","4"
"3.187501446328913","253.5","4"
"3.190715492015046","255","4"
"3.1435037415973777","256.5","4"
"3.119514343966435","258","4"
"3.162174005822624","259.5","4"
"3.210278096504004","261","4"
"3.1829596432123175","262.5","4"
"3.10852481362825","264","4"
"3.09430440687594","265.5","4"
"3.1841583650615095","267","4"
"3.2766787469131833","268.5","4"
"3.2737498885624663","270","4"
"3.21162081458157","271.5","4"
"3.207809901412025","273","4"
"3.261454418404179","274.5","4"
"3.2541392853307167","276","4"
"3.1495603102332326","277.5","4"
"3.092840756900952","279","4"
"3.207879406085028","280.5","4"
"3.407140576540685","282","4"
"3.4817829851033175","283.5","4"
"3.3841803467584244","285","4"
"3.2910169687614355","286.5","4"
"3.32799937672188","288","4"
"3.392098892598406","289.5","4"
"3.3090105753853822","291","4"
"3.1374945483440184","292.5","4"
"3.129797295409113","294","4"
"3.3543516215547795","295.5","4"
"3.5850273458070836","297","4"
"3.5716048402336433","298.5","4"
"3.3888237576032663","300","4"
"3.639027801528249","1.5","5"
"3.205360095448778","3","5"
"3.0830081832721277","4.5","5"
"3.191466641171716","6","5"
"3.328381808263471","7.5","5"
"3.3681010796034676","9","5"
"3.2978455691238757","10.5","5"
"3.215281186239633","12","5"
"3.1976896470066007","13.5","5"
"3.24285771069386","15","5"
"3.293078732940428","16.5","5"
"3.299303920536348","18","5"
"3.2706757872627836","19.5","5"
"3.2498954484356055","21","5"
"3.256166141333134","22.5","5"
"3.2709491307525758","24","5"
"3.270862171991285","25.5","5"
"3.2577591385695404","27","5"
"3.2498898381929417","28.5","5"
"3.2538924346535043","30","5"
"3.2606895553209974","31.5","5"
"3.265044038668647","33","5"
"3.2713571200663023","34.5","5"
"3.277734719254593","36","5"
"3.2724667013931676","37.5","5"
"3.2584573021010512","39","5"
"3.2537958138076255","40.5","5"
"3.2656864114536663","42","5"
"3.274013258287523","43.5","5"
"3.2615616363750894","45","5"
"3.243464863622156","46.5","5"
"3.248822333686056","48","5"
"3.27319260445785","49.5","5"
"3.2871247070732634","51","5"
"3.278280782873882","52.5","5"
"3.270253148982101","54","5"
"3.283095617800121","55.5","5"
"3.29095868457376","57","5"
"3.2632902144758744","58.5","5"
"3.2256242919508744","60","5"
"3.2286164213716346","61.5","5"
"3.271015206943951","63","5"
"3.3037865044248242","64.5","5"
"3.298508512798663","66","5"
"3.2902845204136453","67.5","5"
"3.309950602711738","69","5"
"3.3209815865096064","70.5","5"
"3.277518413231884","72","5"
"3.215221343651218","73.5","5"
"3.212139762027983","75","5"
"3.274126398181245","76.5","5"
"3.3277250981916437","78","5"
"3.3274321188525278","79.5","5"
"3.318236931126355","81","5"
"3.344516242804623","82.5","5"
"3.3631014183494665","84","5"
"3.3098957470056907","85.5","5"
"3.222164018947825","87","5"
"3.205486637588864","88.5","5"
"3.2808608711389913","90","5"
"3.359527693772546","91.5","5"
"3.3705088087467354","93","5"
"3.359260895565862","94.5","5"
"3.3888798600299053","96","5"
"3.420638820390088","97.5","5"
"3.3635402639978444","99","5"
"3.2434826293905914","100.5","5"
"3.1994176017470894","102","5"
"3.283709939371821","103.5","5"
"3.39553984143228","105","5"
"3.4240436143267945","106.5","5"
"3.406249794677713","108","5"
"3.4375858050770653","109.5","5"
"3.48850717261618","111","5"
"3.4441625678799253","112.5","5"
"3.2939252562223844","114","5"
"3.1990217679591346","115.5","5"
"3.270580724817645","117","5"
"3.4179128658157167","118.5","5"
"3.479151781293937","120","5"
"3.4525810486772928","121.5","5"
"3.4653786355540013","123","5"
"3.542557808841172","124.5","5"
"3.5439479023012335","126","5"
"3.3851141404818197","127.5","5"
"3.221938985880972","129","5"
"3.2415717184032293","130.5","5"
"3.407871778167883","132","5"
"3.521417479443059","133.5","5"
"3.49986916073122","135","5"
"3.4709100231404832","136.5","5"
"3.5433669305053694","138","5"
"3.618762669985708","139.5","5"
"3.5111466835261527","141","5"
"3.2925769279021546","142.5","5"
"3.221547515615089","144","5"
"3.361910488503974","145.5","5"
"3.5254316080690975","147","5"
"3.542568094286056","148.5","5"
"3.48369701289216","150","5"
"3.5176106181154383","151.5","5"
"3.6317544335946184","153","5"
"3.610789891799975","154.5","5"
"3.3944748303665784","156","5"
"3.2359421515701285","157.5","5"
"3.3092649063861472","159","5"
"3.4921207922520434","160.5","5"
"3.56617786549674","162","5"
"3.5093788337267204","163.5","5"
"3.49474326901728","165","5"
"3.6037820753524366","166.5","5"
"3.6606384562696874","168","5"
"3.4991915680894765","169.5","5"
"3.2835431904926433","171","5"
"3.2699249497862617","172.5","5"
"3.4366242718204982","174","5"
"3.5645128701461464","175.5","5"
"3.5415732112536533","177","5"
"3.490657142277055","178.5","5"
"3.5621017125212506","180","5"
"3.663659571944211","181.5","5"
"3.58085239022468","183","5"
"3.352838102756112","184.5","5"
"3.2555028859781987","186","5"
"3.3770366377663597","187.5","5"
"3.53822389638329","189","5"
"3.5624850791032854","190.5","5"
"3.500447015725604","192","5"
"3.528472671273093","193.5","5"
"3.642978970764392","195","5"
"3.6333910660517446","196.5","5"
"3.4289856147534166","198","5"
"3.267294681017325","199.5","5"
"3.326906626123007","201","5"
"3.4968801481119396","202.5","5"
"3.5695019342751158","204","5"
"3.5180048935026527","205.5","5"
"3.5045100781348775","207","5"
"3.606286425341583","208.5","5"
"3.657567471771485","210","5"
"3.505511818130536","211.5","5"
"3.3034900966040803","213","5"
"3.2895729546357706","214.5","5"
"3.4430966217737797","216","5"
"3.561101219246184","217.5","5"
"3.5418019844822823","219","5"
"3.498506495124182","220.5","5"
"3.5676119058576687","222","5"
"3.656874918482638","223.5","5"
"3.571115190721142","225","5"
"3.3568865161984296","226.5","5"
"3.270195176474574","228","5"
"3.386817784170765","229.5","5"
"3.5361917418183575","231","5"
"3.55797600240223","232.5","5"
"3.50418000885815","234","5"
"3.535769103537675","235.5","5"
"3.6401333310131903","237","5"
"3.6200651813241826","238.5","5"
"3.4215941200436952","240","5"
"3.2744196892005095","241.5","5"
"3.337894286380304","243","5"
"3.4992679297257356","244.5","5"
"3.5648887564046294","246","5"
"3.517712849203981","247.5","5"
"3.5113969626849935","249","5"
"3.6092464517070995","250.5","5"
"3.6472985459354663","252","5"
"3.491912589913182","253.5","5"
"3.3025494459174287","255","5"
"3.2989844483846524","256.5","5"
"3.4497753039850343","258","5"
"3.559129530629962","259.5","5"
"3.5385605109431255","261","5"
"3.501810304692938","262.5","5"
"3.5725567114056225","264","5"
"3.651806687596078","265.5","5"
"3.5574084328527293","267","5"
"3.3499559964275942","268.5","5"
"3.2757025646896603","270","5"
"3.3949862974894396","271.5","5"
"3.537407606075689","273","5"
"3.5546207656090547","274.5","5"
"3.5051215945852454","276","5"
"3.541003459943117","277.5","5"
"3.639625292371957","279","5"
"3.609448108762853","280.5","5"
"3.411542746950978","282","5"
"3.2753207565083655","283.5","5"
"3.3455656698629253","285","5"
"3.503358731668181","286.5","5"
"3.5628821596118323","288","5"
"3.5167531860283017","289.5","5"
"3.5160646845813788","291","5"
"3.612851655978967","292.5","5"
"3.6409461928391633","294","5"
"3.4803155949665534","295.5","5"
"3.2987862198105273","297","5"
"3.304716869666592","298.5","5"
"3.4561108263533455","300","5"
"3.762143018387341","1.5","6"
"3.5519434331377706","3","6"
"3.325263136702625","4.5","6"
"3.342418323728463","6","6"
"3.4427310209601805","7.5","6"
"3.516435272277346","9","6"
"3.4895301068619022","10.5","6"
"3.4086890035159283","12","6"
"3.3615380307271194","13.5","6"
"3.3795384943143225","15","6"
"3.4249375129912467","16.5","6"
"3.4445431293406283","18","6"
"3.4218780606585195","19.5","6"
"3.384124556011933","21","6"
"3.365672467890284","22.5","6"
"3.3744768087108703","24","6"
"3.392778978681333","25.5","6"
"3.4013289885011546","27","6"
"3.397111956098771","28.5","6"
"3.389494804961901","30","6"
"3.385988403296948","31.5","6"
"3.385841290267094","33","6"
"3.385015649555053","34.5","6"
"3.382314006032225","36","6"
"3.379430341302968","37.5","6"
"3.378887394485159","39","6"
"3.383505559238013","40.5","6"
"3.393227798094447","42","6"
"3.403036060671728","43.5","6"
"3.4057386392349995","45","6"
"3.3986613181144585","46.5","6"
"3.388667294168972","48","6"
"3.385594751270029","49.5","6"
"3.390769888447352","51","6"
"3.3988885329423475","52.5","6"
"3.4066369014215234","54","6"
"3.4155553171762763","55.5","6"
"3.42588720240219","57","6"
"3.4318072551332226","58.5","6"
"3.4268905007985886","60","6"
"3.415506695073189","61.5","6"
"3.4097150545631303","63","6"
"3.414988370987072","64.5","6"
"3.426862449585269","66","6"
"3.4392882020454185","67.5","6"
"3.452262511566041","69","6"
"3.467951866855855","70.5","6"
"3.478618808240864","72","6"
"3.4727698185835743","73.5","6"
"3.454625670448145","75","6"
"3.4422962271537263","76.5","6"
"3.4462280722206935","78","6"
"3.4609378168053566","79.5","6"
"3.476996201390398","81","6"
"3.494316890574822","82.5","6"
"3.5133935857130547","84","6"
"3.5284215557288214","85.5","6"
"3.5265483580393666","87","6"
"3.506782226413767","88.5","6"
"3.4846903375238227","90","6"
"3.478699845079343","91.5","6"
"3.4908429036452606","93","6"
"3.5113121856847385","94.5","6"
"3.5321377181333755","96","6"
"3.55166510276561","97.5","6"
"3.567301472430265","99","6"
"3.5674161707247274","100.5","6"
"3.546753023633196","102","6"
"3.519711653993078","103.5","6"
"3.5068271083550786","105","6"
"3.5139243770050914","106.5","6"
"3.531980943018934","108","6"
"3.5507553084136103","109.5","6"
"3.5693545095651134","111","6"
"3.5873088444904133","112.5","6"
"3.5933766336115958","114","6"
"3.5741344363147776","115.5","6"
"3.54153331619471","117","6"
"3.521200238379906","118.5","6"
"3.525077227740826","120","6"
"3.5429813821622984","121.5","6"
"3.559919328124984","123","6"
"3.574598216374995","124.5","6"
"3.5928143626246114","126","6"
"3.6051232350292626","127.5","6"
"3.592245546354519","129","6"
"3.5577865008722482","130.5","6"
"3.5308339600743093","132","6"
"3.52974526131736","133.5","6"
"3.5461184428518764","135","6"
"3.561857355285222","136.5","6"
"3.5751891619355955","138","6"
"3.5939463849221323","139.5","6"
"3.6098969281759667","141","6"
"3.602117391681991","142.5","6"
"3.5694916488302315","144","6"
"3.537792531058464","145.5","6"
"3.531450775087193","147","6"
"3.544905072035729","148.5","6"
"3.5588097467981186","150","6"
"3.571652527296287","151.5","6"
"3.590909373560061","153","6"
"3.609584936347823","154.5","6"
"3.605703895144979","156","6"
"3.575380221866317","157.5","6"
"3.5427407650880456","159","6"
"3.5314782029402165","160.5","6"
"3.5406814943502374","162","6"
"3.5526927122135525","163.5","6"
"3.564993792614504","165","6"
"3.584920127836173","166.5","6"
"3.6067205957877415","168","6"
"3.607030717534997","169.5","6"
"3.5781691358305836","171","6"
"3.5438983451577024","172.5","6"
"3.5290985250102684","174","6"
"3.5347645584206844","175.5","6"
"3.5454502006145736","177","6"
"3.556702165637371","178.5","6"
"3.5764545833364583","180","6"
"3.60129330937069","181.5","6"
"3.606612131096239","183","6"
"3.579473517249946","184.5","6"
"3.5426553647274948","186","6"
"3.524345402753332","187.5","6"
"3.5279827100804435","189","6"
"3.5375070320428996","190.5","6"
"3.546762062357488","192","6"
"3.5650299475116713","193.5","6"
"3.59308521267322","195","6"
"3.6041299103976","196.5","6"
"3.5797440556184066","198","6"
"3.540006706829826","199.5","6"
"3.5178839616052304","201","6"
"3.5199759587585784","202.5","6"
"3.528836090325656","204","6"
"3.5359102946447174","205.5","6"
"3.552373240061857","207","6"
"3.5837497688804487","208.5","6"
"3.600423410077634","210","6"
"3.5786142150819216","211.5","6"
"3.5365910040879402","213","6"
"3.5128119905568944","214.5","6"
"3.5166949018406264","216","6"
"3.5228085079435645","217.5","6"
"3.5231236165731885","219","6"
"3.535928995453597","220.5","6"
"3.5706118272821286","222","6"
"3.597038251990251","223.5","6"
"3.579503126864006","225","6"
"3.535387607036528","226.5","6"
"3.5106320996018114","228","6"
"3.515627397333741","229.5","6"
"3.518651941489892","231","6"
"3.5103375618619554","232.5","6"
"3.5158705078491774","234","6"
"3.5543539674023705","235.5","6"
"3.5927258454625806","237","6"
"3.581945452503701","238.5","6"
"3.5349880330867975","240","6"
"3.5081654629105725","241.5","6"
"3.5136410597505634","243","6"
"3.5163607807219748","244.5","6"
"3.5008578101606624","246","6"
"3.4954554581554507","247.5","6"
"3.535598926176869","249","6"
"3.5870735259786763","250.5","6"
"3.585835532430837","252","6"
"3.5365009285251694","253.5","6"
"3.50521728039068","255","6"
"3.509617269039937","256.5","6"
"3.5139916999170584","258","6"
"3.4921064549652354","259.5","6"
"3.477137080817292","261","6"
"3.516881286569128","262.5","6"
"3.5805849686576994","264","6"
"3.5918419205628647","265.5","6"
"3.5419416171885842","267","6"
"3.503485585488415","268.5","6"
"3.503954352431001","270","6"
"3.510844977142893","271.5","6"
"3.484658857828875","273","6"
"3.4599164409603747","274.5","6"
"3.494252684464335","276","6"
"3.5691528525093603","277.5","6"
"3.5971345611559817","279","6"
"3.549968627720069","280.5","6"
"3.5027185406441976","282","6"
"3.4974925996027513","283.5","6"
"3.505724383991469","285","6"
"3.4784838507367817","286.5","6"
"3.4437707859338946","288","6"
"3.469448243246383","289.5","6"
"3.5548691746870076","291","6"
"3.6036299754402146","292.5","6"
"3.5609123410764987","294","6"
"3.5012012816837537","295.5","6"
"3.4892767109015814","297","6"
"3.499375147696646","298.5","6"
"3.4751326657855306","300","6"
"3.6171129469623664","1.5","7"
"3.1330378339078258","3","7"
"2.997287727209279","4.5","7"
"3.1476250881943266","6","7"
"3.3175736757714196","7.5","7"
"3.3444292840433323","9","7"
"3.219548399145844","10.5","7"
"3.0872694742555264","12","7"
"3.065780998132102","13.5","7"
"3.143872770892605","15","7"
"3.2308377657864007","16.5","7"
"3.2634569633550523","18","7"
"3.259583090795612","19.5","7"
"3.252931213077085","21","7"
"3.2331554193668977","22.5","7"
"3.179652405161934","24","7"
"3.1136556922245573","25.5","7"
"3.0923445621053425","27","7"
"3.1391841664263036","28.5","7"
"3.2153955728539474","30","7"
"3.2734319748115106","31.5","7"
"3.3101927781867304","33","7"
"3.331080023304671","34.5","7"
"3.3088410213848727","36","7"
"3.194585312732562","37.5","7"
"3.05009444796362","39","7"
"3.0060157063936064","40.5","7"
"3.111873193458169","42","7"
"3.280480621358436","43.5","7"
"3.3539140226269932","45","7"
"3.315832942144863","46.5","7"
"3.313898655146401","48","7"
"3.35296900841827","49.5","7"
"3.2928050777704874","51","7"
"3.0916114903972565","52.5","7"
"2.9335425916610243","54","7"
"3.0069251890654582","55.5","7"
"3.255031625594429","57","7"
"3.4243964362543258","58.5","7"
"3.3735448850683625","60","7"
"3.302640144840496","61.5","7"
"3.3527929091346524","63","7"
"3.3877612399787482","64.5","7"
"3.214601411836854","66","7"
"2.9351533546658666","67.5","7"
"2.875525825552785","69","7"
"3.1261372354311985","70.5","7"
"3.4248044255680523","72","7"
"3.450613100222847","73.5","7"
"3.295896633158458","75","7"
"3.296615055899588","76.5","7"
"3.419835620648703","78","7"
"3.365225830238206","79.5","7"
"3.0536260957205608","81","7"
"2.8066145915514995","82.5","7"
"2.9403266217623014","84","7"
"3.3193050589935367","85.5","7"
"3.5155036603149865","87","7"
"3.3732366334019948","88.5","7"
"3.243441799291204","90","7"
"3.364563198243567","91.5","7"
"3.461457387612066","93","7"
"3.2238869868059457","94.5","7"
"2.8464320421381144","96","7"
"2.786544883461752","97.5","7"
"3.126753738763934","99","7"
"3.4945076388253953","100.5","7"
"3.486477511492431","102","7"
"3.269230526416527","103.5","7"
"3.284892765533465","105","7"
"3.4576785774977643","106.5","7"
"3.3669138899197515","108","7"
"2.9771616050127445","109.5","7"
"2.7263014743762306","111","7"
"2.9290425536842606","112.5","7"
"3.3725930138963833","114","7"
"3.5521887254142435","115.5","7"
"3.3543612836393675","117","7"
"3.2417512461684748","118.5","7"
"3.400787288403938","120","7"
"3.4591631100426685","121.5","7"
"3.132665376130971","123","7"
"2.7312335010381164","124.5","7"
"2.755687925449869","126","7"
"3.186322672009193","127.5","7"
"3.5518243713212363","129","7"
"3.4666431219144203","130.5","7"
"3.2442275449443017","132","7"
"3.320153764036529","133.5","7"
"3.487459927318914","135","7"
"3.2870336964700484","136.5","7"
"2.8228163490046185","138","7"
"2.645217883875116","139.5","7"
"2.9735679329063527","141","7"
"3.459710420382549","142.5","7"
"3.551934394413479","144","7"
"3.2940153317851553","145.5","7"
"3.254288268441459","147","7"
"3.4702717021973877","148.5","7"
"3.4349661334331603","150","7"
"2.9738634056866524","151.5","7"
"2.5983319950521775","153","7"
"2.7718039708622895","154.5","7"
"3.299031200406852","156","7"
"3.5860805130271616","157.5","7"
"3.368483511145058","159","7"
"3.208254668983215","160.5","7"
"3.418712948755622","162","7"
"3.5514890034819926","163.5","7"
"3.18668858450294","165","7"
"2.64191407430636","166.5","7"
"2.614101140459878","168","7"
"3.1042242509462037","169.5","7"
"3.5549255887937945","171","7"
"3.4589477390604033","172.5","7"
"3.1973985377483722","174","7"
"3.3318383411047447","175.5","7"
"3.587542916281558","177","7"
"3.4045710854006073","178.5","7"
"2.7818821484477345","180","7"
"2.534532627158171","181.5","7"
"2.9213371970655078","183","7"
"3.454409987785732","184.5","7"
"3.5133175357569435","186","7"
"3.2251277854751175","187.5","7"
"3.256520521661405","189","7"
"3.570641748576336","190.5","7"
"3.6035582890061755","192","7"
"2.9794044553577224","193.5","7"
"2.521327674328032","195","7"
"2.78655610394708","196.5","7"
"3.3595510697836457","198","7"
"3.5612028269744305","199.5","7"
"3.271226526084292","201","7"
"3.190400071705274","202.5","7"
"3.522581604795824","204","7"
"3.7432084493965943","205.5","7"
"3.2093514714240126","207","7"
"2.5773023121066028","208.5","7"
"2.691908816765483","210","7"
"3.2750704773495247","211.5","7"
"3.6025362898008972","213","7"
"3.3619307477135942","214.5","7"
"3.1748391286364344","216","7"
"3.4623702987655456","217.5","7"
"3.8006426853082296","219","7"
"3.440244125059322","220.5","7"
"2.6962851177234923","222","7"
"2.632271313887665","223.5","7"
"3.1994892881811285","225","7"
"3.6218719911421147","226.5","7"
"3.448728993728212","228","7"
"3.1761849635154804","229.5","7"
"3.383134971542046","231","7"
"3.7929426272519926","232.5","7"
"3.641360727435998","234","7"
"2.863582865641881","235.5","7"
"2.601659024791959","237","7"
"3.107030618998758","238.5","7"
"3.6141099087364266","240","7"
"3.5284284126920773","241.5","7"
"3.201544507077013","243","7"
"3.310246698852334","244.5","7"
"3.74099614370612","246","7"
"3.79973912455919","247.5","7"
"3.071474459395542","249","7"
"2.598190492264987","250.5","7"
"2.9820272438031075","252","7"
"3.5777489909910853","253.5","7"
"3.6102139068864787","255","7"
"3.2420834972062385","256.5","7"
"3.243074328396717","258","7"
"3.6452741833742333","259.5","7"
"3.8880979530748228","261","7"
"3.331013323753","262.5","7"
"2.648035472412998","264","7"
"2.8303823845972174","265.5","7"
"3.4977731117359476","267","7"
"3.7278990322071874","268.5","7"
"3.3470265147165814","270","7"
"3.191173350152452","271.5","7"
"3.5076779951591073","273","7"
"3.9002307261958564","274.5","7"
"3.619677139539928","276","7"
"2.825709052458168","277.5","7"
"2.6910841110938857","279","7"
"3.308596040788548","280.5","7"
"3.786401707666152","282","7"
"3.5291558741574995","283.5","7"
"3.165385558067573","285","7"
"3.3309693768521327","286.5","7"
"3.792323007117777","288","7"
"3.883080526052386","289.5","7"
"3.1605654245788175","291","7"
"2.6284136486959206","292.5","7"
"3.0139208499872243","294","7"
"3.7142000663424746","295.5","7"
"3.790151219846542","297","7"
"3.296161872964402","298.5","7"
"3.190498562632041","300","7"
"3.562915509387668","1.5","8"
"3.0365516338530534","3","8"
"2.931825857405863","4.5","8"
"3.0548609724669205","6","8"
"3.1893394241616444","7.5","8"
"3.2035735448404656","9","8"
"3.120396087105115","10.5","8"
"3.056744767281407","12","8"
"3.066157196070733","13.5","8"
"3.119241312156791","15","8"
"3.155671734575135","16.5","8"
"3.143331382475536","18","8"
"3.1073678569188896","19.5","8"
"3.089109633849294","21","8"
"3.101950232586426","22.5","8"
"3.1279399934072063","24","8"
"3.141530182900268","25.5","8"
"3.1346666743612523","27","8"
"3.120112769850587","28.5","8"
"3.113455281889396","30","8"
"3.117672625971928","31.5","8"
"3.1247035067504174","33","8"
"3.1272455700374713","34.5","8"
"3.126208610185089","36","8"
"3.126908643797488","37.5","8"
"3.1309888486149013","39","8"
"3.134764541927723","40.5","8"
"3.1344734326694947","42","8"
"3.1304624208449363","43.5","8"
"3.1258364640883824","45","8"
"3.1232361166136533","46.5","8"
"3.1241278335170692","48","8"
"3.129095080035679","49.5","8"
"3.1364148883113607","51","8"
"3.1416501797572467","52.5","8"
"3.1409277051741924","54","8"
"3.135215231421725","55.5","8"
"3.129223492256653","57","8"
"3.1261216514237984","58.5","8"
"3.1252286877997904","60","8"
"3.125917812607009","61.5","8"
"3.130349592631362","63","8"
"3.138887135245264","64.5","8"
"3.145652152857513","66","8"
"3.1436655035941876","67.5","8"
"3.1336462335567137","69","8"
"3.1240327710719304","70.5","8"
"3.1208109333820975","72","8"
"3.1222106889267467","73.5","8"
"3.1251972081048427","75","8"
"3.1310131596664452","76.5","8"
"3.140585168691545","78","8"
"3.14722333248356","79.5","8"
"3.141743060441349","81","8"
"3.125917500926861","82.5","8"
"3.1128010652587528","84","8"
"3.1112513915629174","85.5","8"
"3.1166955087079606","87","8"
"3.121448942645045","88.5","8"
"3.1254521624659035","90","8"
"3.132288554832044","91.5","8"
"3.136527093164639","93","8"
"3.1283666835298125","94.5","8"
"3.1066319800894715","96","8"
"3.0875007409253397","97.5","8"
"3.0860327274282793","99","8"
"3.096194746973535","100.5","8"
"3.1022768733815256","102","8"
"3.1028444429310262","103.5","8"
"3.108021761869385","105","8"
"3.116458943475632","106.5","8"
"3.113709924570309","108","8"
"3.092117658957602","109.5","8"
"3.07178582786339","111","8"
"3.081876160974607","112.5","8"
"3.1233078030476924","114","8"
"3.1684877105805755","115.5","8"
"3.196751489761133","117","8"
"3.2147921600874274","118.5","8"
"3.231798675682672","120","8"
"3.23597144950404","121.5","8"
"3.21700477745805","123","8"
"3.201515209143101","124.5","8"
"3.2327209372405914","126","8"
"3.320003222525047","127.5","8"
"3.4193182316030297","129","8"
"3.4765539272603916","130.5","8"
"3.48715572749447","132","8"
"3.486568833775794","133.5","8"
"3.4955368066740777","135","8"
"3.498727788029259","136.5","8"
"3.4770722513465087","138","8"
"3.4496624757714596","139.5","8"
"3.457130643797588","141","8"
"3.5159618301325404","142.5","8"
"3.5848886481412254","144","8"
"3.607045989862249","145.5","8"
"3.589368738588518","147","8"
"3.5891648997717285","148.5","8"
"3.6179407694354433","150","8"
"3.6270278041502615","151.5","8"
"3.570005297714129","153","8"
"3.4822564272481236","154.5","8"
"3.459653071235318","156","8"
"3.5449253312453486","157.5","8"
"3.6498839327630916","159","8"
"3.654700014409923","160.5","8"
"3.5889273994989557","162","8"
"3.5817250946390677","163.5","8"
"3.659723051675024","165","8"
"3.7146002636525015","166.5","8"
"3.6355319969883277","168","8"
"3.4443692118180467","169.5","8"
"3.3476240055602897","171","8"
"3.4758192971515656","172.5","8"
"3.6919588826616403","174","8"
"3.734421874344444","175.5","8"
"3.593672106391896","177","8"
"3.5187245629643753","178.5","8"
"3.6186916069119652","180","8"
"3.7546960446112765","181.5","8"
"3.7216058983390035","183","8"
"3.4510958927720927","184.5","8"
"3.2133671584507906","186","8"
"3.297887334263707","187.5","8"
"3.6221175950987354","189","8"
"3.811208642325288","190.5","8"
"3.680711592841063","192","8"
"3.4915865724783783","193.5","8"
"3.508478701459308","195","8"
"3.6712720478788614","196.5","8"
"3.7513934817631127","198","8"
"3.582015268856852","199.5","8"
"3.2585663901528497","201","8"
"3.122128717047824","202.5","8"
"3.3390228801961968","204","8"
"3.678546662533084","205.5","8"
"3.7923046179890454","207","8"
"3.6271755405404114","208.5","8"
"3.445211371577931","210","8"
"3.45081319887786","211.5","8"
"3.5730940479807676","213","8"
"3.6379169734807917","214.5","8"
"3.537254571123023","216","8"
"3.3268502120162196","217.5","8"
"3.1964379395322493","219","8"
"3.28571934128595","220.5","8"
"3.5064424950524518","222","8"
"3.637364676258543","223.5","8"
"3.5556885817960886","225","8"
"3.3695949625528114","226.5","8"
"3.281769730450547","228","8"
"3.345432582439731","229.5","8"
"3.4509363125363186","231","8"
"3.47815908002257","232.5","8"
"3.416024084118862","234","8"
"3.3419392713409937","235.5","8"
"3.3181153758686364","237","8"
"3.3410491128383177","238.5","8"
"3.368869371168277","240","8"
"3.370516912430583","241.5","8"
"3.347277417235718","243","8"
"3.3195316504611294","244.5","8"
"3.3050391469396194","246","8"
"3.303268492018855","247.5","8"
"3.3028782684735645","249","8"
"3.294405555330446","250.5","8"
"3.2794851149657376","252","8"
"3.266339381363718","253.5","8"
"3.2594038747105145","255","8"
"3.2565650919225684","256.5","8"
"3.2542321660148197","258","8"
"3.251438576848333","259.5","8"
"3.249755192369008","261","8"
"3.251296762380995","262.5","8"
"3.2558008521996826","264","8"
"3.2609167701488864","265.5","8"
"3.261913834942325","267","8"
"3.2576061036168746","268.5","8"
"3.2516218447753547","270","8"
"3.248679895858422","271.5","8"
"3.2521513893467997","273","8"
"3.262517247708845","274.5","8"
"3.2756882274028523","276","8"
"3.2866356809210577","277.5","8"
"3.2916138362448475","279","8"
"3.2910908369565104","280.5","8"
"3.2893675574182413","282","8"
"3.2892971177047943","283.5","8"
"3.2909256464780725","285","8"
"3.293279143275589","286.5","8"
"3.2952745195830584","288","8"
"3.2965533432302854","289.5","8"
"3.2993703084078714","291","8"
"3.306638689459134","292.5","8"
"3.318147790604028","294","8"
"3.326888548674423","295.5","8"
"3.32860902309136","297","8"
"3.3267925511888405","298.5","8"
"3.327212072668043","300","8"
"3.606023367296675","1.5","9"
"3.1028921299936694","3","9"
"2.971223474833128","4.5","9"
"3.09016934635248","6","9"
"3.234259702131247","7.5","9"
"3.2649433659808444","9","9"
"3.184128132087154","10.5","9"
"3.1060463330913874","12","9"
"3.098648293098558","13.5","9"
"3.143180529283906","15","9"
"3.1817671549660855","16.5","9"
"3.1765614731342593","18","9"
"3.1417991628679887","19.5","9"
"3.113657562305445","21","9"
"3.110993943760673","22.5","9"
"3.1264950442410977","24","9"
"3.1392686317464107","25.5","9"
"3.134525794934358","27","9"
"3.1164748391631796","28.5","9"
"3.1020702294434046","30","9"
"3.100982777407047","31.5","9"
"3.117568836482645","33","9"
"3.1447320730606294","34.5","9"
"3.1626262537173657","36","9"
"3.159565554664047","37.5","9"
"3.140334889532704","39","9"
"3.120852698521929","40.5","9"
"3.112488138390165","42","9"
"3.1178534004577654","43.5","9"
"3.1389684837638905","45","9"
"3.1703705703546183","46.5","9"
"3.1965660400730758","48","9"
"3.2063836530547962","49.5","9"
"3.201175477781786","51","9"
"3.1869151759705328","52.5","9"
"3.1687205356511283","54","9"
"3.152597633275452","55.5","9"
"3.149559063512641","57","9"
"3.167767729438705","58.5","9"
"3.1998601875572437","60","9"
"3.2281632384364487","61.5","9"
"3.239254688183028","63","9"
"3.2350526164277484","64.5","9"
"3.2230853454653006","66","9"
"3.2064191845916676","67.5","9"
"3.187272049739988","69","9"
"3.1788750748728325","70.5","9"
"3.1941056369847964","72","9"
"3.2263866615928722","73.5","9"
"3.253675193590351","75","9"
"3.26124122918295","76.5","9"
"3.2538051642120656","78","9"
"3.243374788059385","79.5","9"
"3.2351218094206033","81","9"
"3.225388973439138","82.5","9"
"3.2174006112460045","84","9"
"3.2240721248138553","85.5","9"
"3.248974745278426","87","9"
"3.27647553145669","88.5","9"
"3.2859319071468835","90","9"
"3.2764951673060136","91.5","9"
"3.264290084390645","93","9"
"3.2576634527641057","94.5","9"
"3.2461546632993596","96","9"
"3.2247413020916023","97.5","9"
"3.21372340885995","99","9"
"3.233817428001241","100.5","9"
"3.2753899495012204","102","9"
"3.3015442774401422","103.5","9"
"3.2924276331112643","105","9"
"3.2720244272631613","106.5","9"
"3.2611869968371985","108","9"
"3.255103935388764","109.5","9"
"3.235827453275666","111","9"
"3.20791182082042","112.5","9"
"3.2046316989429116","114","9"
"3.239426423944574","115.5","9"
"3.280534230343892","117","9"
"3.2894981514002515","118.5","9"
"3.273630515065784","120","9"
"3.2657746169355493","121.5","9"
"3.2751808121219153","123","9"
"3.266881081460934","124.5","9"
"3.220745874274444","126","9"
"3.1814804092299296","127.5","9"
"3.2049686251828953","129","9"
"3.2706184381155525","130.5","9"
"3.301265323707686","132","9"
"3.2679962730304633","133.5","9"
"3.2336304199124433","135","9"
"3.257918407125166","136.5","9"
"3.298041304256817","138","9"
"3.2664936630369756","139.5","9"
"3.1842462588632445","141","9"
"3.1580941126853586","142.5","9"
"3.2310060730663186","144","9"
"3.32040560159611","145.5","9"
"3.3064005658260656","147","9"
"3.2141251645707167","148.5","9"
"3.191471004693788","150","9"
"3.2770237768370145","151.5","9"
"3.352382114699594","153","9"
"3.3149649129326946","154.5","9"
"3.2239795558099007","156","9"
"3.220767068524508","157.5","9"
"3.329666865513658","159","9"
"3.4106008495437345","160.5","9"
"3.342717536670539","162","9"
"3.234783948140176","163.5","9"
"3.2654196132469817","165","9"
"3.403621084309516","166.5","9"
"3.4676663678402906","168","9"
"3.38240034143322","169.5","9"
"3.289861570452815","171","9"
"3.3321020225099494","172.5","9"
"3.451002700407842","174","9"
"3.4762986612191833","175.5","9"
"3.3597309092290395","177","9"
"3.2730507899905117","178.5","9"
"3.362917838742297","180","9"
"3.5277389762047107","181.5","9"
"3.562362900485271","183","9"
"3.449339263457988","184.5","9"
"3.374994509436691","186","9"
"3.4382556057151086","187.5","9"
"3.53524423416845","189","9"
"3.511733577244829","190.5","9"
"3.378060818732674","192","9"
"3.3315425566442967","193.5","9"
"3.4624684780121644","195","9"
"3.617864407799184","196.5","9"
"3.6093923180163614","198","9"
"3.478998434661123","199.5","9"
"3.429912551513556","201","9"
"3.522114396253978","202.5","9"
"3.6133107608369652","204","9"
"3.5579149130932226","205.5","9"
"3.41168861326024","207","9"
"3.3785838180210113","208.5","9"
"3.515781055646703","210","9"
"3.653839777201455","211.5","9"
"3.6202210213981805","213","9"
"3.487873838555452","214.5","9"
"3.460992049151108","216","9"
"3.5693339386753458","217.5","9"
"3.657936501066712","219","9"
"3.5914638525433458","220.5","9"
"3.443427002730655","222","9"
"3.4092397423374368","223.5","9"
"3.536593809209272","225","9"
"3.659331893089289","226.5","9"
"3.6224613783019746","228","9"
"3.5031442957263597","229.5","9"
"3.48669849271736","231","9"
"3.596416450094999","232.5","9"
"3.6796350496098853","234","9"
"3.608087001556555","235.5","9"
"3.4629007783774344","237","9"
"3.431624922246645","238.5","9"
"3.5509155120096803","240","9"
"3.660895592391784","241.5","9"
"3.6231455162268253","243","9"
"3.512315172400989","244.5","9"
"3.4994409122078736","246","9"
"3.608609377484596","247.5","9"
"3.6931738118785282","249","9"
"3.6254101841821633","250.5","9"
"3.4826129893374307","252","9"
"3.446794395049602","253.5","9"
"3.554976392657918","255","9"
"3.6582413242514518","256.5","9"
"3.62686479543286","258","9"
"3.524118499605591","259.5","9"
"3.5101605275378938","261","9"
"3.6129074467254587","262.5","9"
"3.696018204909138","264","9"
"3.6354475316682207","265.5","9"
"3.4989924044749072","267","9"
"3.4592185891090117","268.5","9"
"3.5567214898065465","270","9"
"3.655071848826482","271.5","9"
"3.6297176038274657","273","9"
"3.534066394889174","274.5","9"
"3.517538308321103","276","9"
"3.6127135816734053","277.5","9"
"3.694152799223383","279","9"
"3.641034086640898","280.5","9"
"3.511213071397676","282","9"
"3.4673571811334787","283.5","9"
"3.5551792964342632","285","9"
"3.6508651018689826","286.5","9"
"3.6326586177039544","288","9"
"3.5428498531398445","289.5","9"
"3.5219130508783727","291","9"
"3.60875337371297","292.5","9"
"3.6891958381496575","294","9"
"3.6442852222646427","295.5","9"
"3.5206629018047613","297","9"
"3.4715393053592867","298.5","9"
"3.550245399691489","300","9"
"3.7068303892431134","1.5","10"
"3.3675796387158705","3","10"
"3.257940536415674","4.5","10"
"3.353922437990989","6","10"
"3.4711257058028964","7.5","10"
"3.486471901249767","9","10"
"3.3854005745378277","10.5","10"
"3.2850018535852636","12","10"
"3.27901354290182","13.5","10"
"3.3534306067174517","15","10"
"3.433945692628622","16.5","10"
"3.464675796820271","18","10"
"3.4504229753325695","19.5","10"
"3.4288176191536466","21","10"
"3.421173351843901","22.5","10"
"3.4164211646274087","24","10"
"3.404499398966568","25.5","10"
"3.4010472296473666","27","10"
"3.4245927947475634","28.5","10"
"3.469135939738091","30","10"
"3.500827265506159","31.5","10"
"3.5043283686085958","33","10"
"3.4986660753599557","34.5","10"
"3.4913210209922863","36","10"
"3.4709739175708223","37.5","10"
"3.4483297314586294","39","10"
"3.4424713913969","40.5","10"
"3.4718715563970504","42","10"
"3.524879622526997","43.5","10"
"3.548851254389504","45","10"
"3.5393948786993104","46.5","10"
"3.5193625722273225","48","10"
"3.504335537252","49.5","10"
"3.49550065177691","51","10"
"3.480584574934274","52.5","10"
"3.4656713032129693","54","10"
"3.489083157529676","55.5","10"
"3.5397916475277094","57","10"
"3.5646026340287693","58.5","10"
"3.546683207280045","60","10"
"3.5080149213990905","61.5","10"
"3.4927896578496425","63","10"
"3.4950842470991876","64.5","10"
"3.4867611404271073","66","10"
"3.4700151894355873","67.5","10"
"3.4817240775553464","69","10"
"3.5271767052177263","70.5","10"
"3.5586719841727046","72","10"
"3.538307426662953","73.5","10"
"3.4990160921661553","75","10"
"3.4846311182957037","76.5","10"
"3.489215309912426","78","10"
"3.4806621832911246","79.5","10"
"3.456869455833567","81","10"
"3.4613140147439876","82.5","10"
"3.5140655681121338","84","10"
"3.560030597937818","85.5","10"
"3.5420189138652876","87","10"
"3.4945182359504274","88.5","10"
"3.471911451455994","90","10"
"3.47593212536514","91.5","10"
"3.472200690633334","93","10"
"3.443878627265101","94.5","10"
"3.4402675010704216","96","10"
"3.4994437173292052","97.5","10"
"3.562385964816223","99","10"
"3.54961393571165","100.5","10"
"3.4904021879159943","102","10"
"3.4567709649068004","103.5","10"
"3.463378584044312","105","10"
"3.4638682335568136","106.5","10"
"3.429671934439303","108","10"
"3.4147917008136863","109.5","10"
"3.4801641184146273","111","10"
"3.566108672503885","112.5","10"
"3.5632359165798073","114","10"
"3.490210816305125","115.5","10"
"3.4438611731768134","117","10"
"3.4480859975828966","118.5","10"
"3.4549625966881288","120","10"
"3.414614043129329","121.5","10"
"3.3869705074432828","123","10"
"3.457939142101489","124.5","10"
"3.5688364971591446","126","10"
"3.5812049004720627","127.5","10"
"3.495072403253564","129","10"
"3.4305583527802033","130.5","10"
"3.431700660522608","132","10"
"3.4474258590294418","133.5","10"
"3.400765782473726","135","10"
"3.3578757889881685","136.5","10"
"3.4313677861245484","138","10"
"3.567357574856904","139.5","10"
"3.5997744920095065","141","10"
"3.5078089008212654","142.5","10"
"3.4226759618373888","144","10"
"3.416193638119372","145.5","10"
"3.437920237875865","147","10"
"3.3870767903737495","148.5","10"
"3.328064517872811","150","10"
"3.4024476085523117","151.5","10"
"3.562600089077896","153","10"
"3.6151241159380048","154.5","10"
"3.5210306843793964","156","10"
"3.415557187257164","157.5","10"
"3.40180087224522","159","10"
"3.429640766424504","160.5","10"
"3.375313046547943","162","10"
"3.2967553119661863","163.5","10"
"3.366771452092117","165","10"
"3.5497086864766403","166.5","10"
"3.6269819871685063","168","10"
"3.528813025994704","169.5","10"
"3.410195041991044","171","10"
"3.390770823487796","172.5","10"
"3.4239931221428193","174","10"
"3.3640158879036863","175.5","10"
"3.2622389173366844","177","10"
"3.3190931164928994","178.5","10"
"3.528443373339181","180","10"
"3.640457478367106","181.5","10"
"3.5458778257776236","183","10"
"3.4099344773873197","184.5","10"
"3.3765292224854226","186","10"
"3.4142060538156023","187.5","10"
"3.3542110538080334","189","10"
"3.2285360078934517","190.5","10"
"3.26974324025998","192","10"
"3.4988131883898097","193.5","10"
"3.645287273940449","195","10"
"3.5594100427631585","196.5","10"
"3.408789364523583","198","10"
"3.3652476478485656","199.5","10"
"3.4119613333897365","201","10"
"3.351349518369284","202.5","10"
"3.193795203557393","204","10"
"3.2188334048863414","205.5","10"
"3.462576007663223","207","10"
"3.645227431352034","208.5","10"
"3.563566297536683","210","10"
"3.3993928314218045","211.5","10"
"3.361702597845261","213","10"
"3.419147742562076","214.5","10"
"3.3574428652626023","216","10"
"3.1640506319937067","217.5","10"
"3.1650321127797456","219","10"
"3.417288882159429","220.5","10"
"3.640063514660039","222","10"
"3.5689147288762912","223.5","10"
"3.3952939257955115","225","10"
"3.3666838699705304","226.5","10"
"3.442768110897792","228","10"
"3.3631113921142024","229.5","10"
"3.1533244713805786","231","10"
"3.1195483171025664","232.5","10"
"3.3657824909825265","234","10"
"3.6219399374143775","235.5","10"
"3.5749703624717024","237","10"
"3.401154447618277","238.5","10"
"3.3793835892807684","240","10"
"3.4729767742018436","241.5","10"
"3.3879036778063822","243","10"
"3.1545764905350775","244.5","10"
"3.0767434122974113","246","10"
"3.3067546344741885","247.5","10"
"3.5904309445328875","249","10"
"3.580589020499623","250.5","10"
"3.406094577964011","252","10"
"3.377200893204354","253.5","10"
"3.499025754250743","255","10"
"3.432728893330846","256.5","10"
"3.181058394309543","258","10"
"3.0485690853193286","259.5","10"
"3.2429599417824027","261","10"
"3.5440114850514246","262.5","10"
"3.582554787193033","264","10"
"3.4121785744528896","265.5","10"
"3.361828516625051","267","10"
"3.486686960551884","268.5","10"
"3.479376191000494","270","10"
"3.236410606832566","271.5","10"
"3.0470134897006815","273","10"
"3.1793628543044457","274.5","10"
"3.4755182141286016","276","10"
"3.5651720736591574","277.5","10"
"3.4160162921151622","279","10"
"3.3505413317455304","280.5","10"
"3.445101348485689","282","10"
"3.5016968531190673","283.5","10"
"3.3145541184976364","285","10"
"3.0793889533936","286.5","10"
"3.127580937876715","288","10"
"3.387324887771554","289.5","10"
"3.5274388282221905","291","10"
"3.4259769662848125","292.5","10"
"3.3496676922906983","294","10"
"3.4259323960236494","295.5","10"
"3.5140138292075664","297","10"
"3.3833313300352836","298.5","10"
"3.1294641093309057","300","10"
"3.606023367296675","1.5","11"
"3.1028921299936694","3","11"
"2.971223474833128","4.5","11"
"3.09016934635248","6","11"
"3.234259702131247","7.5","11"
"3.2649433659808444","9","11"
"3.184128132087154","10.5","11"
"3.1060463330913874","12","11"
"3.098648293098558","13.5","11"
"3.143180529283906","15","11"
"3.1817671549660855","16.5","11"
"3.1765614731342593","18","11"
"3.1417991628679887","19.5","11"
"3.113657562305445","21","11"
"3.110993943760673","22.5","11"
"3.1264950442410977","24","11"
"3.1392686317464107","25.5","11"
"3.134525794934358","27","11"
"3.1164748391631796","28.5","11"
"3.1020702294434046","30","11"
"3.100982777407047","31.5","11"
"3.117568836482645","33","11"
"3.1447320730606294","34.5","11"
"3.1626262537173657","36","11"
"3.159565554664047","37.5","11"
"3.140334889532704","39","11"
"3.120852698521929","40.5","11"
"3.112488138390165","42","11"
"3.1178534004577654","43.5","11"
"3.1389684837638905","45","11"
"3.1703705703546183","46.5","11"
"3.1965660400730758","48","11"
"3.2063836530547962","49.5","11"
"3.201175477781786","51","11"
"3.1869151759705328","52.5","11"
"3.1687205356511283","54","11"
"3.152597633275452","55.5","11"
"3.149559063512641","57","11"
"3.167767729438705","58.5","11"
"3.1998601875572437","60","11"
"3.2281632384364487","61.5","11"
"3.239254688183028","63","11"
"3.2350526164277484","64.5","11"
"3.2230853454653006","66","11"
"3.2064191845916676","67.5","11"
"3.187272049739988","69","11"
"3.1788750748728325","70.5","11"
"3.1941056369847964","72","11"
"3.2263866615928722","73.5","11"
"3.253675193590351","75","11"
"3.26124122918295","76.5","11"
"3.2538051642120656","78","11"
"3.243374788059385","79.5","11"
"3.2351218094206033","81","11"
"3.225388973439138","82.5","11"
"3.2174006112460045","84","11"
"3.2240721248138553","85.5","11"
"3.248974745278426","87","11"
"3.27647553145669","88.5","11"
"3.2859319071468835","90","11"
"3.2764951673060136","91.5","11"
"3.264290084390645","93","11"
"3.2576634527641057","94.5","11"
"3.2461546632993596","96","11"
"3.2247413020916023","97.5","11"
"3.21372340885995","99","11"
"3.233817428001241","100.5","11"
"3.2753899495012204","102","11"
"3.3015442774401422","103.5","11"
"3.2924276331112643","105","11"
"3.2720244272631613","106.5","11"
"3.2611869968371985","108","11"
"3.255103935388764","109.5","11"
"3.235827453275666","111","11"
"3.20791182082042","112.5","11"
"3.2046316989429116","114","11"
"3.239426423944574","115.5","11"
"3.280534230343892","117","11"
"3.2894981514002515","118.5","11"
"3.273630515065784","120","11"
"3.2657746169355493","121.5","11"
"3.2751808121219153","123","11"
"3.266881081460934","124.5","11"
"3.220745874274444","126","11"
"3.1814804092299296","127.5","11"
"3.2049686251828953","129","11"
"3.2706184381155525","130.5","11"
"3.301265323707686","132","11"
"3.2679962730304633","133.5","11"
"3.2336304199124433","135","11"
"3.257918407125166","136.5","11"
"3.298041304256817","138","11"
"3.2664936630369756","139.5","11"
"3.1842462588632445","141","11"
"3.1580941126853586","142.5","11"
"3.2310060730663186","144","11"
"3.32040560159611","145.5","11"
"3.3064005658260656","147","11"
"3.2141251645707167","148.5","11"
"3.191471004693788","150","11"
"3.2770237768370145","151.5","11"
"3.352382114699594","153","11"
"3.3149649129326946","154.5","11"
"3.2239795558099007","156","11"
"3.220767068524508","157.5","11"
"3.329666865513658","159","11"
"3.4106008495437345","160.5","11"
"3.342717536670539","162","11"
"3.234783948140176","163.5","11"
"3.2654196132469817","165","11"
"3.403621084309516","166.5","11"
"3.4676663678402906","168","11"
"3.38240034143322","169.5","11"
"3.289861570452815","171","11"
"3.3321020225099494","172.5","11"
"3.451002700407842","174","11"
"3.4762986612191833","175.5","11"
"3.3597309092290395","177","11"
"3.2730507899905117","178.5","11"
"3.362917838742297","180","11"
"3.5277389762047107","181.5","11"
"3.562362900485271","183","11"
"3.449339263457988","184.5","11"
"3.374994509436691","186","11"
"3.4382556057151086","187.5","11"
"3.53524423416845","189","11"
"3.511733577244829","190.5","11"
"3.378060818732674","192","11"
"3.3315425566442967","193.5","11"
"3.4624684780121644","195","11"
"3.617864407799184","196.5","11"
"3.6093923180163614","198","11"
"3.478998434661123","199.5","11"
"3.429912551513556","201","11"
"3.522114396253978","202.5","11"
"3.6133107608369652","204","11"
"3.5579149130932226","205.5","11"
"3.41168861326024","207","11"
"3.3785838180210113","208.5","11"
"3.515781055646703","210","11"
"3.653839777201455","211.5","11"
"3.6202210213981805","213","11"
"3.487873838555452","214.5","11"
"3.460992049151108","216","11"
"3.5693339386753458","217.5","11"
"3.657936501066712","219","11"
"3.5914638525433458","220.5","11"
"3.443427002730655","222","11"
"3.4092397423374368","223.5","11"
"3.536593809209272","225","11"
"3.659331893089289","226.5","11"
"3.6224613783019746","228","11"
"3.5031442957263597","229.5","11"
"3.48669849271736","231","11"
"3.596416450094999","232.5","11"
"3.6796350496098853","234","11"
"3.608087001556555","235.5","11"
"3.4629007783774344","237","11"
"3.431624922246645","238.5","11"
"3.5509155120096803","240","11"
"3.660895592391784","241.5","11"
"3.6231455162268253","243","11"
"3.512315172400989","244.5","11"
"3.4994409122078736","246","11"
"3.608609377484596","247.5","11"
"3.6931738118785282","249","11"
"3.6254101841821633","250.5","11"
"3.4826129893374307","252","11"
"3.446794395049602","253.5","11"
"3.554976392657918","255","11"
"3.6582413242514518","256.5","11"
"3.62686479543286","258","11"
"3.524118499605591","259.5","11"
"3.5101605275378938","261","11"
"3.6129074467254587","262.5","11"
"3.696018204909138","264","11"
"3.6354475316682207","265.5","11"
"3.4989924044749072","267","11"
"3.4592185891090117","268.5","11"
"3.5567214898065465","270","11"
"3.655071848826482","271.5","11"
"3.6297176038274657","273","11"
"3.534066394889174","274.5","11"
"3.517538308321103","276","11"
"3.6127135816734053","277.5","11"
"3.694152799223383","279","11"
"3.641034086640898","280.5","11"
"3.511213071397676","282","11"
"3.4673571811334787","283.5","11"
"3.5551792964342632","285","11"
"3.6508651018689826","286.5","11"
"3.6326586177039544","288","11"
"3.5428498531398445","289.5","11"
"3.5219130508783727","291","11"
"3.60875337371297","292.5","11"
"3.6891958381496575","294","11"
"3.6442852222646427","295.5","11"
"3.5206629018047613","297","11"
"3.4715393053592867","298.5","11"
"3.550245399691489","300","11"
"3.606023367296675","1.5","12"
"3.1028921299936694","3","12"
"2.971223474833128","4.5","12"
"3.09016934635248","6","12"
"3.234259702131247","7.5","12"
"3.2649433659808444","9","12"
"3.184128132087154","10.5","12"
"3.1060463330913874","12","12"
"3.098648293098558","13.5","12"
"3.143180529283906","15","12"
"3.1817671549660855","16.5","12"
"3.1765614731342593","18","12"
"3.1417991628679887","19.5","12"
"3.113657562305445","21","12"
"3.110993943760673","22.5","12"
"3.1264950442410977","24","12"
"3.1392686317464107","25.5","12"
"3.134525794934358","27","12"
"3.1164748391631796","28.5","12"
"3.1020702294434046","30","12"
"3.100982777407047","31.5","12"
"3.117568836482645","33","12"
"3.1447320730606294","34.5","12"
"3.1626262537173657","36","12"
"3.159565554664047","37.5","12"
"3.140334889532704","39","12"
"3.120852698521929","40.5","12"
"3.112488138390165","42","12"
"3.1178534004577654","43.5","12"
"3.1389684837638905","45","12"
"3.1703705703546183","46.5","12"
"3.1965660400730758","48","12"
"3.2063836530547962","49.5","12"
"3.201175477781786","51","12"
"3.1869151759705328","52.5","12"
"3.1687205356511283","54","12"
"3.152597633275452","55.5","12"
"3.149559063512641","57","12"
"3.167767729438705","58.5","12"
"3.1998601875572437","60","12"
"3.2281632384364487","61.5","12"
"3.239254688183028","63","12"
"3.2350526164277484","64.5","12"
"3.2230853454653006","66","12"
"3.2064191845916676","67.5","12"
"3.187272049739988","69","12"
"3.1788750748728325","70.5","12"
"3.1941056369847964","72","12"
"3.2263866615928722","73.5","12"
"3.253675193590351","75","12"
"3.26124122918295","76.5","12"
"3.2538051642120656","78","12"
"3.243374788059385","79.5","12"
"3.2351218094206033","81","12"
"3.225388973439138","82.5","12"
"3.2174006112460045","84","12"
"3.2240721248138553","85.5","12"
"3.248974745278426","87","12"
"3.27647553145669","88.5","12"
"3.2859319071468835","90","12"
"3.2764951673060136","91.5","12"
"3.264290084390645","93","12"
"3.2576634527641057","94.5","12"
"3.2461546632993596","96","12"
"3.2247413020916023","97.5","12"
"3.21372340885995","99","12"
"3.233817428001241","100.5","12"
"3.2753899495012204","102","12"
"3.3015442774401422","103.5","12"
"3.2924276331112643","105","12"
"3.2720244272631613","106.5","12"
"3.2611869968371985","108","12"
"3.255103935388764","109.5","12"
"3.235827453275666","111","12"
"3.20791182082042","112.5","12"
"3.2046316989429116","114","12"
"3.239426423944574","115.5","12"
"3.280534230343892","117","12"
"3.2894981514002515","118.5","12"
"3.273630515065784","120","12"
"3.2657746169355493","121.5","12"
"3.2751808121219153","123","12"
"3.266881081460934","124.5","12"
"3.220745874274444","126","12"
"3.1814804092299296","127.5","12"
"3.2049686251828953","129","12"
"3.2706184381155525","130.5","12"
"3.301265323707686","132","12"
"3.2679962730304633","133.5","12"
"3.2336304199124433","135","12"
"3.257918407125166","136.5","12"
"3.298041304256817","138","12"
"3.2664936630369756","139.5","12"
"3.1842462588632445","141","12"
"3.1580941126853586","142.5","12"
"3.2310060730663186","144","12"
"3.32040560159611","145.5","12"
"3.3064005658260656","147","12"
"3.2141251645707167","148.5","12"
"3.191471004693788","150","12"
"3.2770237768370145","151.5","12"
"3.352382114699594","153","12"
"3.3149649129326946","154.5","12"
"3.2239795558099007","156","12"
"3.220767068524508","157.5","12"
"3.329666865513658","159","12"
"3.4106008495437345","160.5","12"
"3.342717536670539","162","12"
"3.234783948140176","163.5","12"
"3.2654196132469817","165","12"
"3.403621084309516","166.5","12"
"3.4676663678402906","168","12"
"3.38240034143322","169.5","12"
"3.289861570452815","171","12"
"3.3321020225099494","172.5","12"
"3.451002700407842","174","12"
"3.4762986612191833","175.5","12"
"3.3597309092290395","177","12"
"3.2730507899905117","178.5","12"
"3.362917838742297","180","12"
"3.5277389762047107","181.5","12"
"3.562362900485271","183","12"
"3.449339263457988","184.5","12"
"3.374994509436691","186","12"
"3.4382556057151086","187.5","12"
"3.53524423416845","189","12"
"3.511733577244829","190.5","12"
"3.378060818732674","192","12"
"3.3315425566442967","193.5","12"
"3.4624684780121644","195","12"
"3.617864407799184","196.5","12"
"3.6093923180163614","198","12"
"3.478998434661123","199.5","12"
"3.429912551513556","201","12"
"3.522114396253978","202.5","12"
"3.6133107608369652","204","12"
"3.5579149130932226","205.5","12"
"3.41168861326024","207","12"
"3.3785838180210113","208.5","12"
"3.515781055646703","210","12"
"3.653839777201455","211.5","12"
"3.6202210213981805","213","12"
"3.487873838555452","214.5","12"
"3.460992049151108","216","12"
"3.5693339386753458","217.5","12"
"3.657936501066712","219","12"
"3.5914638525433458","220.5","12"
"3.443427002730655","222","12"
"3.4092397423374368","223.5","12"
"3.536593809209272","225","12"
"3.659331893089289","226.5","12"
"3.6224613783019746","228","12"
"3.5031442957263597","229.5","12"
"3.48669849271736","231","12"
"3.596416450094999","232.5","12"
"3.6796350496098853","234","12"
"3.608087001556555","235.5","12"
"3.4629007783774344","237","12"
"3.431624922246645","238.5","12"
"3.5509155120096803","240","12"
"3.660895592391784","241.5","12"
"3.6231455162268253","243","12"
"3.512315172400989","244.5","12"
"3.4994409122078736","246","12"
"3.608609377484596","247.5","12"
"3.6931738118785282","249","12"
"3.6254101841821633","250.5","12"
"3.4826129893374307","252","12"
"3.446794395049602","253.5","12"
"3.554976392657918","255","12"
"3.6582413242514518","256.5","12"
"3.62686479543286","258","12"
"3.524118499605591","259.5","12"
"3.5101605275378938","261","12"
"3.6129074467254587","262.5","12"
"3.696018204909138","264","12"
"3.6354475316682207","265.5","12"
"3.4989924044749072","267","12"
"3.4592185891090117","268.5","12"
"3.5567214898065465","270","12"
"3.655071848826482","271.5","12"
"3.6297176038274657","273","12"
"3.534066394889174","274.5","12"
"3.517538308321103","276","12"
"3.6127135816734053","277.5","12"
"3.694152799223383","279","12"
"3.641034086640898","280.5","12"
"3.511213071397676","282","12"
"3.4673571811334787","283.5","12"
"3.5551792964342632","285","12"
"3.6508651018689826","286.5","12"
"3.6326586177039544","288","12"
"3.5428498531398445","289.5","12"
"3.5219130508783727","291","12"
"3.60875337371297","292.5","12"
"3.6891958381496575","294","12"
"3.6442852222646427","295.5","12"
"3.5206629018047613","297","12"
"3.4715393053592867","298.5","12"
"3.550245399691489","300","12"
"3.69857616388374","1.5","13"
"3.35476677951191","3","13"
"3.179481292760684","4.5","13"
"3.25673589264367","6","13"
"3.3806250113102356","7.5","13"
"3.42961645537296","9","13"
"3.3627074546423996","10.5","13"
"3.268802589573329","12","13"
"3.2410315767067526","13.5","13"
"3.2861257721989365","15","13"
"3.3429880750389995","16.5","13"
"3.355487384014076","18","13"
"3.327503181926271","19.5","13"
"3.3016711312603766","21","13"
"3.3019821880480764","22.5","13"
"3.3134551342958027","24","13"
"3.311425161491906","25.5","13"
"3.2966911058556994","27","13"
"3.2897188209450325","28.5","13"
"3.2967618572492943","30","13"
"3.3049035660752413","31.5","13"
"3.307845203312026","33","13"
"3.3119247847691433","34.5","13"
"3.3229164968683644","36","13"
"3.334522842219433","37.5","13"
"3.318074545769249","39","13"
"3.277738459416369","40.5","13"
"3.258343227166885","42","13"
"3.282949751490859","43.5","13"
"3.315541521206487","45","13"
"3.3108014895157662","46.5","13"
"3.2801084752617293","48","13"
"3.2821929920915256","49.5","13"
"3.333323185329797","51","13"
"3.3601130290904826","52.5","13"
"3.30933908626137","54","13"
"3.228048540141986","55.5","13"
"3.212911793754569","57","13"
"3.279376026913939","58.5","13"
"3.32578956447259","60","13"
"3.2779513369574502","61.5","13"
"3.214120177688349","63","13"
"3.254328163500402","64.5","13"
"3.3700998843925647","66","13"
"3.3880501674759405","67.5","13"
"3.259857992686144","69","13"
"3.127414500677685","70.5","13"
"3.155667682733211","72","13"
"3.2970785242796583","73.5","13"
"3.331087191948075","75","13"
"3.191530847282203","76.5","13"
"3.1111722248053266","78","13"
"3.2563484742197115","79.5","13"
"3.4419262628180554","81","13"
"3.388463455352183","82.5","13"
"3.136691971962929","84","13"
"2.9929793725235325","85.5","13"
"3.1368858370149826","87","13"
"3.3462657034753236","88.5","13"
"3.287077955051064","90","13"
"3.046285093194815","91.5","13"
"3.030333614900537","93","13"
"3.3296727874364698","94.5","13"
"3.5184739721253866","96","13"
"3.302597756340368","97.5","13"
"2.9572293478682634","99","13"
"2.9139824806132504","100.5","13"
"3.2049617682196394","102","13"
"3.385614075439205","103.5","13"
"3.1429034456323377","105","13"
"2.88725559624246","106.5","13"
"3.070708661271916","108","13"
"3.4759131128761123","109.5","13"
"3.5041285816337306","111","13"
"3.102948232420309","112.5","13"
"2.802371378016684","114","13"
"2.974164488709617","115.5","13"
"3.3311797609520295","117","13"
"3.304124054025104","118.5","13"
"2.921382390686967","120","13"
"2.851607802675733","121.5","13"
"3.270051803606496","123","13"
"3.58261275970056","124.5","13"
"3.3296350741385625","126","13"
"2.8692722750633965","127.5","13"
"2.7979305592680395","129","13"
"3.1573320547235086","130.5","13"
"3.374637947347384","132","13"
"3.0638183482401726","133.5","13"
"2.7635846536794912","135","13"
"3.0190757279549274","136.5","13"
"3.503560700404082","138","13"
"3.5137214732287463","139.5","13"
"3.0467388994902973","141","13"
"2.734555388055456","142.5","13"
"2.960080909542277","144","13"
"3.3316491512549113","145.5","13"
"3.224017269107808","147","13"
"2.804847365112363","148.5","13"
"2.8054719721289465","150","13"
"3.300648197014654","151.5","13"
"3.5941636259852854","153","13"
"3.2694926494209913","154.5","13"
"2.797377638685495","156","13"
"2.793490363879691","157.5","13"
"3.1784334241031225","159","13"
"3.3084084093394543","160.5","13"
"2.9422122866576763","162","13"
"2.6934871650349335","163.5","13"
"3.0474579455917237","165","13"
"3.534596251140767","166.5","13"
"3.4580466717525473","168","13"
"2.9561637134422654","169.5","13"
"2.7142615819392995","171","13"
"3.0014340082180677","172.5","13"
"3.306231635185852","174","13"
"3.095311757114263","175.5","13"
"2.6969655154865673","177","13"
"2.822385607040088","178.5","13"
"3.3637734007485456","180","13"
"3.5500630668049116","181.5","13"
"3.1405106771361737","183","13"
"2.7325858812002704","184.5","13"
"2.843411549823887","186","13"
"3.2067218260153716","187.5","13"
"3.192281996438873","189","13"
"2.7822013089192823","190.5","13"
"2.6872099268542975","192","13"
"3.147159438053221","193.5","13"
"3.5293996080332324","195","13"
"3.2909103741508208","196.5","13"
"2.8173391937638876","198","13"
"2.7454295967388824","199.5","13"
"3.078943562462114","201","13"
"3.2375803424279948","202.5","13"
"2.8959720432613114","204","13"
"2.6287605487006402","205.5","13"
"2.9460740036913444","207","13"
"3.4294316290451987","208.5","13"
"3.374850824888465","210","13"
"2.9197208238180012","211.5","13"
"2.712037744083349","213","13"
"2.9693066419229535","214.5","13"
"3.227526787574241","216","13"
"2.9840266719525004","217.5","13"
"2.631469360866872","219","13"
"2.80655069712116","220.5","13"
"3.286482645968392","222","13"
"3.377016066876592","223.5","13"
"2.9922640665838824","225","13"
"2.718786242647755","226.5","13"
"2.9071167903131983","228","13"
"3.2045104553653414","229.5","13"
"3.0378803263239598","231","13"
"2.6605768582080542","232.5","13"
"2.738815743998411","234","13"
"3.170092863342754","235.5","13"
"3.3250016370584565","237","13"
"3.0017781031014548","238.5","13"
"2.7248795895410733","240","13"
"2.8944550959810154","241.5","13"
"3.209686839263256","243","13"
"3.0665097063181164","244.5","13"
"2.6723689649273283","246","13"
"2.701737338552383","247.5","13"
"3.0935264532265427","249","13"
"3.260113258727353","250.5","13"
"2.97004127203178","252","13"
"2.710666974792464","253.5","13"
"2.905709554444997","255","13"
"3.257557169833639","256.5","13"
"3.1067790931193255","258","13"
"2.6797972378945127","259.5","13"
"2.678981882627356","261","13"
"3.04428753512631","262.5","13"
"3.20025570966505","264","13"
"2.9383985683667992","265.5","13"
"2.7077402982027827","267","13"
"2.9314926713276557","268.5","13"
"3.3139413553266763","270","13"
"3.135279125852064","271.5","13"
"2.69587338824799","273","13"
"2.694961723815102","274.5","13"
"3.0347585379616335","276","13"
"3.154838613539542","277.5","13"
"2.898689582471687","279","13"
"2.7166568438766476","280.5","13"
"2.991594577625987","282","13"
"3.3921584235066735","283.5","13"
"3.163141772682151","285","13"
"2.7129020331337417","286.5","13"
"2.7152224918355707","288","13"
"3.0391039825849915","289.5","13"
"3.143555168821797","291","13"
"2.8845034605356568","292.5","13"
"2.7354860649773713","294","13"
"3.050692562167624","295.5","13"
"3.4626501875384457","297","13"
"3.2071204649246585","298.5","13"
"2.7507967288873707","300","13"
"3.606023367296675","1.5","14"
"3.1028921299936694","3","14"
"2.971223474833128","4.5","14"
"3.09016934635248","6","14"
"3.234259702131247","7.5","14"
"3.2649433659808444","9","14"
"3.184128132087154","10.5","14"
"3.1060463330913874","12","14"
"3.098648293098558","13.5","14"
"3.143180529283906","15","14"
"3.1817671549660855","16.5","14"
"3.1765614731342593","18","14"
"3.1417991628679887","19.5","14"
"3.113657562305445","21","14"
"3.110993943760673","22.5","14"
"3.1264950442410977","24","14"
"3.1392686317464107","25.5","14"
"3.134525794934358","27","14"
"3.1164748391631796","28.5","14"
"3.1020702294434046","30","14"
"3.100982777407047","31.5","14"
"3.117568836482645","33","14"
"3.1447320730606294","34.5","14"
"3.1626262537173657","36","14"
"3.159565554664047","37.5","14"
"3.140334889532704","39","14"
"3.120852698521929","40.5","14"
"3.112488138390165","42","14"
"3.1178534004577654","43.5","14"
"3.1389684837638905","45","14"
"3.1703705703546183","46.5","14"
"3.1965660400730758","48","14"
"3.2063836530547962","49.5","14"
"3.201175477781786","51","14"
"3.1869151759705328","52.5","14"
"3.1687205356511283","54","14"
"3.152597633275452","55.5","14"
"3.149559063512641","57","14"
"3.167767729438705","58.5","14"
"3.1998601875572437","60","14"
"3.2281632384364487","61.5","14"
"3.239254688183028","63","14"
"3.2350526164277484","64.5","14"
"3.2230853454653006","66","14"
"3.2064191845916676","67.5","14"
"3.187272049739988","69","14"
"3.1788750748728325","70.5","14"
"3.1941056369847964","72","14"
"3.2263866615928722","73.5","14"
"3.253675193590351","75","14"
"3.26124122918295","76.5","14"
"3.2538051642120656","78","14"
"3.243374788059385","79.5","14"
"3.2351218094206033","81","14"
"3.225388973439138","82.5","14"
"3.2174006112460045","84","14"
"3.2240721248138553","85.5","14"
"3.248974745278426","87","14"
"3.27647553145669","88.5","14"
"3.2859319071468835","90","14"
"3.2764951673060136","91.5","14"
"3.264290084390645","93","14"
"3.2576634527641057","94.5","14"
"3.2461546632993596","96","14"
"3.2247413020916023","97.5","14"
"3.21372340885995","99","14"
"3.233817428001241","100.5","14"
"3.2753899495012204","102","14"
"3.3015442774401422","103.5","14"
"3.2924276331112643","105","14"
"3.2720244272631613","106.5","14"
"3.2611869968371985","108","14"
"3.255103935388764","109.5","14"
"3.235827453275666","111","14"
"3.20791182082042","112.5","14"
"3.2046316989429116","114","14"
"3.239426423944574","115.5","14"
"3.280534230343892","117","14"
"3.2894981514002515","118.5","14"
"3.273630515065784","120","14"
"3.2657746169355493","121.5","14"
"3.2751808121219153","123","14"
"3.266881081460934","124.5","14"
"3.220745874274444","126","14"
"3.1814804092299296","127.5","14"
"3.2049686251828953","129","14"
"3.2706184381155525","130.5","14"
"3.301265323707686","132","14"
"3.2679962730304633","133.5","14"
"3.2336304199124433","135","14"
"3.257918407125166","136.5","14"
"3.298041304256817","138","14"
"3.2664936630369756","139.5","14"
"3.1842462588632445","141","14"
"3.1580941126853586","142.5","14"
"3.2310060730663186","144","14"
"3.32040560159611","145.5","14"
"3.3064005658260656","147","14"
"3.2141251645707167","148.5","14"
"3.191471004693788","150","14"
"3.2770237768370145","151.5","14"
"3.352382114699594","153","14"
"3.3149649129326946","154.5","14"
"3.2239795558099007","156","14"
"3.220767068524508","157.5","14"
"3.329666865513658","159","14"
"3.4106008495437345","160.5","14"
"3.342717536670539","162","14"
"3.234783948140176","163.5","14"
"3.2654196132469817","165","14"
"3.403621084309516","166.5","14"
"3.4676663678402906","168","14"
"3.38240034143322","169.5","14"
"3.289861570452815","171","14"
"3.3321020225099494","172.5","14"
"3.451002700407842","174","14"
"3.4762986612191833","175.5","14"
"3.3597309092290395","177","14"
"3.2730507899905117","178.5","14"
"3.362917838742297","180","14"
"3.5277389762047107","181.5","14"
"3.562362900485271","183","14"
"3.449339263457988","184.5","14"
"3.374994509436691","186","14"
"3.4382556057151086","187.5","14"
"3.53524423416845","189","14"
"3.511733577244829","190.5","14"
"3.378060818732674","192","14"
"3.3315425566442967","193.5","14"
"3.4624684780121644","195","14"
"3.617864407799184","196.5","14"
"3.6093923180163614","198","14"
"3.478998434661123","199.5","14"
"3.429912551513556","201","14"
"3.522114396253978","202.5","14"
"3.6133107608369652","204","14"
"3.5579149130932226","205.5","14"
"3.41168861326024","207","14"
"3.3785838180210113","208.5","14"
"3.515781055646703","210","14"
"3.653839777201455","211.5","14"
"3.6202210213981805","213","14"
"3.487873838555452","214.5","14"
"3.460992049151108","216","14"
"3.5693339386753458","217.5","14"
"3.657936501066712","219","14"
"3.5914638525433458","220.5","14"
"3.443427002730655","222","14"
"3.4092397423374368","223.5","14"
"3.536593809209272","225","14"
"3.659331893089289","226.5","14"
"3.6224613783019746","228","14"
"3.5031442957263597","229.5","14"
"3.48669849271736","231","14"
"3.596416450094999","232.5","14"
"3.6796350496098853","234","14"
"3.608087001556555","235.5","14"
"3.4629007783774344","237","14"
"3.431624922246645","238.5","14"
"3.5509155120096803","240","14"
"3.660895592391784","241.5","14"
"3.6231455162268253","243","14"
"3.512315172400989","244.5","14"
"3.4994409122078736","246","14"
"3.608609377484596","247.5","14"
"3.6931738118785282","249","14"
"3.6254101841821633","250.5","14"
"3.4826129893374307","252","14"
"3.446794395049602","253.5","14"
"3.554976392657918","255","14"
"3.6582413242514518","256.5","14"
"3.62686479543286","258","14"
"3.524118499605591","259.5","14"
"3.5101605275378938","261","14"
"3.6129074467254587","262.5","14"
"3.696018204909138","264","14"
"3.6354475316682207","265.5","14"
"3.4989924044749072","267","14"
"3.4592185891090117","268.5","14"
"3.5567214898065465","270","14"
"3.655071848826482","271.5","14"
"3.6297176038274657","273","14"
"3.534066394889174","274.5","14"
"3.517538308321103","276","14"
"3.6127135816734053","277.5","14"
"3.694152799223383","279","14"
"3.641034086640898","280.5","14"
"3.511213071397676","282","14"
"3.4673571811334787","283.5","14"
"3.5551792964342632","285","14"
"3.6508651018689826","286.5","14"
"3.6326586177039544","288","14"
"3.5428498531398445","289.5","14"
"3.5219130508783727","291","14"
"3.60875337371297","292.5","14"
"3.6891958381496575","294","14"
"3.6442852222646427","295.5","14"
"3.5206629018047613","297","14"
"3.4715393053592867","298.5","14"
"3.550245399691489","300","14"
"3.639027801528249","1.5","15"
"3.205360095448778","3","15"
"3.0830081832721277","4.5","15"
"3.191466641171716","6","15"
"3.328381808263471","7.5","15"
"3.3681010796034676","9","15"
"3.2978455691238757","10.5","15"
"3.215281186239633","12","15"
"3.1976896470066007","13.5","15"
"3.24285771069386","15","15"
"3.293078732940428","16.5","15"
"3.299303920536348","18","15"
"3.2706757872627836","19.5","15"
"3.2498954484356055","21","15"
"3.256166141333134","22.5","15"
"3.2709491307525758","24","15"
"3.270862171991285","25.5","15"
"3.2577591385695404","27","15"
"3.2498898381929417","28.5","15"
"3.2538924346535043","30","15"
"3.2606895553209974","31.5","15"
"3.265044038668647","33","15"
"3.2713571200663023","34.5","15"
"3.277734719254593","36","15"
"3.2724667013931676","37.5","15"
"3.2584573021010512","39","15"
"3.2537958138076255","40.5","15"
"3.2656864114536663","42","15"
"3.274013258287523","43.5","15"
"3.2615616363750894","45","15"
"3.243464863622156","46.5","15"
"3.248822333686056","48","15"
"3.27319260445785","49.5","15"
"3.2871247070732634","51","15"
"3.278280782873882","52.5","15"
"3.270253148982101","54","15"
"3.283095617800121","55.5","15"
"3.29095868457376","57","15"
"3.2632902144758744","58.5","15"
"3.2256242919508744","60","15"
"3.2286164213716346","61.5","15"
"3.271015206943951","63","15"
"3.3037865044248242","64.5","15"
"3.298508512798663","66","15"
"3.2902845204136453","67.5","15"
"3.309950602711738","69","15"
"3.3209815865096064","70.5","15"
"3.277518413231884","72","15"
"3.215221343651218","73.5","15"
"3.212139762027983","75","15"
"3.274126398181245","76.5","15"
"3.3277250981916437","78","15"
"3.3274321188525278","79.5","15"
"3.318236931126355","81","15"
"3.344516242804623","82.5","15"
"3.3631014183494665","84","15"
"3.3098957470056907","85.5","15"
"3.222164018947825","87","15"
"3.205486637588864","88.5","15"
"3.2808608711389913","90","15"
"3.359527693772546","91.5","15"
"3.3705088087467354","93","15"
"3.359260895565862","94.5","15"
"3.3888798600299053","96","15"
"3.420638820390088","97.5","15"
"3.3635402639978444","99","15"
"3.2434826293905914","100.5","15"
"3.1994176017470894","102","15"
"3.283709939371821","103.5","15"
"3.39553984143228","105","15"
"3.4240436143267945","106.5","15"
"3.406249794677713","108","15"
"3.4375858050770653","109.5","15"
"3.48850717261618","111","15"
"3.4441625678799253","112.5","15"
"3.2939252562223844","114","15"
"3.1990217679591346","115.5","15"
"3.270580724817645","117","15"
"3.4179128658157167","118.5","15"
"3.479151781293937","120","15"
"3.4525810486772928","121.5","15"
"3.4653786355540013","123","15"
"3.542557808841172","124.5","15"
"3.5439479023012335","126","15"
"3.3851141404818197","127.5","15"
"3.221938985880972","129","15"
"3.2415717184032293","130.5","15"
"3.407871778167883","132","15"
"3.521417479443059","133.5","15"
"3.49986916073122","135","15"
"3.4709100231404832","136.5","15"
"3.5433669305053694","138","15"
"3.618762669985708","139.5","15"
"3.5111466835261527","141","15"
"3.2925769279021546","142.5","15"
"3.221547515615089","144","15"
"3.361910488503974","145.5","15"
"3.5254316080690975","147","15"
"3.542568094286056","148.5","15"
"3.48369701289216","150","15"
"3.5176106181154383","151.5","15"
"3.6317544335946184","153","15"
"3.610789891799975","154.5","15"
"3.3944748303665784","156","15"
"3.2359421515701285","157.5","15"
"3.3092649063861472","159","15"
"3.4921207922520434","160.5","15"
"3.56617786549674","162","15"
"3.5093788337267204","163.5","15"
"3.49474326901728","165","15"
"3.6037820753524366","166.5","15"
"3.6606384562696874","168","15"
"3.4991915680894765","169.5","15"
"3.2835431904926433","171","15"
"3.2699249497862617","172.5","15"
"3.4366242718204982","174","15"
"3.5645128701461464","175.5","15"
"3.5415732112536533","177","15"
"3.490657142277055","178.5","15"
"3.5621017125212506","180","15"
"3.663659571944211","181.5","15"
"3.58085239022468","183","15"
"3.352838102756112","184.5","15"
"3.2555028859781987","186","15"
"3.3770366377663597","187.5","15"
"3.53822389638329","189","15"
"3.5624850791032854","190.5","15"
"3.500447015725604","192","15"
"3.528472671273093","193.5","15"
"3.642978970764392","195","15"
"3.6333910660517446","196.5","15"
"3.4289856147534166","198","15"
"3.267294681017325","199.5","15"
"3.326906626123007","201","15"
"3.4968801481119396","202.5","15"
"3.5695019342751158","204","15"
"3.5180048935026527","205.5","15"
"3.5045100781348775","207","15"
"3.606286425341583","208.5","15"
"3.657567471771485","210","15"
"3.505511818130536","211.5","15"
"3.3034900966040803","213","15"
"3.2895729546357706","214.5","15"
"3.4430966217737797","216","15"
"3.561101219246184","217.5","15"
"3.5418019844822823","219","15"
"3.498506495124182","220.5","15"
"3.5676119058576687","222","15"
"3.656874918482638","223.5","15"
"3.571115190721142","225","15"
"3.3568865161984296","226.5","15"
"3.270195176474574","228","15"
"3.386817784170765","229.5","15"
"3.5361917418183575","231","15"
"3.55797600240223","232.5","15"
"3.50418000885815","234","15"
"3.535769103537675","235.5","15"
"3.6401333310131903","237","15"
"3.6200651813241826","238.5","15"
"3.4215941200436952","240","15"
"3.2744196892005095","241.5","15"
"3.337894286380304","243","15"
"3.4992679297257356","244.5","15"
"3.5648887564046294","246","15"
"3.517712849203981","247.5","15"
"3.5113969626849935","249","15"
"3.6092464517070995","250.5","15"
"3.6472985459354663","252","15"
"3.491912589913182","253.5","15"
"3.3025494459174287","255","15"
"3.2989844483846524","256.5","15"
"3.4497753039850343","258","15"
"3.559129530629962","259.5","15"
"3.5385605109431255","261","15"
"3.501810304692938","262.5","15"
"3.5725567114056225","264","15"
"3.651806687596078","265.5","15"
"3.5574084328527293","267","15"
"3.3499559964275942","268.5","15"
"3.2757025646896603","270","15"
"3.3949862974894396","271.5","15"
"3.537407606075689","273","15"
"3.5546207656090547","274.5","15"
"3.5051215945852454","276","15"
"3.541003459943117","277.5","15"
"3.639625292371957","279","15"
"3.609448108762853","280.5","15"
"3.411542746950978","282","15"
"3.2753207565083655","283.5","15"
"3.3455656698629253","285","15"
"3.503358731668181","286.5","15"
"3.5628821596118323","288","15"
"3.5167531860283017","289.5","15"
"3.5160646845813788","291","15"
"3.612851655978967","292.5","15"
"3.6409461928391633","294","15"
"3.4803155949665534","295.5","15"
"3.2987862198105273","297","15"
"3.304716869666592","298.5","15"
"3.4561108263533455","300","15"
"3.672943900192711","1.5","16"
"3.2957728961397037","3","16"
"3.160468180372643","4.5","16"
"3.24689022844863","6","16"
"3.3690074454738395","7.5","16"
"3.412882348227064","9","16"
"3.3583751005852576","10.5","16"
"3.28724189880891","12","16"
"3.270768667946886","13.5","16"
"3.3100506520392443","15","16"
"3.353775324961135","16.5","16"
"3.3573119596004437","18","16"
"3.3282895509396644","19.5","16"
"3.306343528358982","21","16"
"3.3125281975356633","22.5","16"
"3.331242408661777","24","16"
"3.337952570567979","25.5","16"
"3.3292037088137363","27","16"
"3.318897381359958","28.5","16"
"3.3181275313944085","30","16"
"3.324507935704031","31.5","16"
"3.3317258245713184","33","16"
"3.338104982160349","34.5","16"
"3.342763041972147","36","16"
"3.3401736033025973","37.5","16"
"3.328915716356988","39","16"
"3.319947120098408","40.5","16"
"3.3232696304760436","42","16"
"3.3343243019651596","43.5","16"
"3.3411067736656967","45","16"
"3.3424482450226707","46.5","16"
"3.34774524913786","48","16"
"3.359368736897068","49.5","16"
"3.3645170695816633","51","16"
"3.3524687617807367","52.5","16"
"3.3343426910938914","54","16"
"3.3297687849220527","55.5","16"
"3.342200147624866","57","16"
"3.35818653409572","58.5","16"
"3.3680163026032126","60","16"
"3.3778700704821008","61.5","16"
"3.393415429543541","63","16"
"3.4012707043134793","64.5","16"
"3.3861844501100373","66","16"
"3.3584598775855126","67.5","16"
"3.3468061568519487","69","16"
"3.363475434527061","70.5","16"
"3.3910254661687085","72","16"
"3.4100167609463905","73.5","16"
"3.425060314969557","75","16"
"3.4451075820886485","76.5","16"
"3.4580232957414476","78","16"
"3.44113864708407","79.5","16"
"3.4003955064579072","81","16"
"3.374782566936054","82.5","16"
"3.3913957421845278","84","16"
"3.4307980348140124","85.5","16"
"3.4583605336615793","87","16"
"3.476531486289736","88.5","16"
"3.5043567315020634","90","16"
"3.531285896288903","91.5","16"
"3.5190858002559025","93","16"
"3.4622786648020347","94.5","16"
"3.4126682239653907","96","16"
"3.416603809194134","97.5","16"
"3.4622200689342115","99","16"
"3.5027599941038807","100.5","16"
"3.5260350208356175","102","16"
"3.551694089019374","103.5","16"
"3.5878302853780104","105","16"
"3.595602029868286","106.5","16"
"3.5402984394483505","108","16"
"3.4642054714769452","109.5","16"
"3.4412464884152763","111","16"
"3.4797695313472645","112.5","16"
"3.530260156921849","114","16"
"3.5573202273708464","115.5","16"
"3.5741983307451166","117","16"
"3.608154012788374","118.5","16"
"3.635559424841351","120","16"
"3.6028155552135015","121.5","16"
"3.519433635301066","123","16"
"3.4638607532332615","124.5","16"
"3.480502603055351","126","16"
"3.53613376931083","127.5","16"
"3.572321704574034","129","16"
"3.581120123471808","130.5","16"
"3.6014990182683673","132","16"
"3.64255944928519","133.5","16"
"3.6375052440052893","135","16"
"3.557163140576257","136.5","16"
"3.4814395135802263","138","16"
"3.4820045896885428","139.5","16"
"3.536086082248187","141","16"
"3.5741300727927054","142.5","16"
"3.5752589782887463","144","16"
"3.587332843861809","145.5","16"
"3.6363049637553573","147","16"
"3.6520519798725504","148.5","16"
"3.5835400081408477","150","16"
"3.4953753563574157","151.5","16"
"3.4791006657496655","153","16"
"3.52764422543972","154.5","16"
"3.568647930669607","156","16"
"3.5687523435191855","157.5","16"
"3.5742915231093675","159","16"
"3.623998273111742","160.5","16"
"3.6553333484706507","162","16"
"3.601937863916745","163.5","16"
"3.50927317415655","165","16"
"3.47742819007552","166.5","16"
"3.5162267582583366","168","16"
"3.558910107805773","169.5","16"
"3.5615391298541184","171","16"
"3.5628379010308167","172.5","16"
"3.609718335451165","174","16"
"3.6513120512012085","175.5","16"
"3.6118564612664166","177","16"
"3.520751107286644","178.5","16"
"3.4768465949193597","180","16"
"3.5060887380844763","181.5","16"
"3.548148415655773","183","16"
"3.5529102649568536","184.5","16"
"3.551455965386305","186","16"
"3.595702702556089","187.5","16"
"3.6455023332425665","189","16"
"3.618406107896401","190.5","16"
"3.5293064156689815","192","16"
"3.4756086013715204","193.5","16"
"3.496727113159274","195","16"
"3.5376834430066655","196.5","16"
"3.5437967374294557","198","16"
"3.5399833308187265","199.5","16"
"3.581649668043253","201","16"
"3.638521321287756","202.5","16"
"3.6230862969987063","204","16"
"3.5368655942983245","205.5","16"
"3.474505565327763","207","16"
"3.4878513975847967","208.5","16"
"3.5271520824860345","210","16"
"3.534127484198181","211.5","16"
"3.5284770347951646","213","16"
"3.5678067059501664","214.5","16"
"3.630901365029554","216","16"
"3.625573192899565","217.5","16"
"3.542036367953575","219","16"
"3.473196820386329","220.5","16"
"3.479887346443207","222","16"
"3.5171954601583075","223.5","16"
"3.524176472113118","225","16"
"3.5165409318475165","226.5","16"
"3.5537496195954064","228","16"
"3.6229114444356805","229.5","16"
"3.626622931638015","231","16"
"3.545117326216514","232.5","16"
"3.4709626970854948","234","16"
"3.4731990021473647","235.5","16"
"3.510012479467596","237","16"
"3.5148644043314468","238.5","16"
"3.5033870945616488","240","16"
"3.538477292343611","241.5","16"
"3.613918848805705","243","16"
"3.627505609817139","244.5","16"
"3.5481471689351816","246","16"
"3.470257053230432","247.5","16"
"3.470392322414662","249","16"
"3.5056237113036666","250.5","16"
"3.505814771234388","252","16"
"3.488493770369816","253.5","16"
"3.5207853921029235","255","16"
"3.602777218555298","256.5","16"
"3.628956792586208","258","16"
"3.5522887747417498","259.5","16"
"3.4696452250999164","261","16"
"3.4668831156283773","262.5","16"
"3.502770902909061","264","16"
"3.5007624360353757","265.5","16"
"3.474214456069535","267","16"
"3.5007580725133036","268.5","16"
"3.5899029583621824","270","16"
"3.6306881758083245","271.5","16"
"3.5577169961992454","273","16"
"3.4695719802651372","274.5","16"
"3.462998022583609","276","16"
"3.4996709321570942","277.5","16"
"3.495660232012684","279","16"
"3.459659928198574","280.5","16"
"3.4800272908296574","282","16"
"3.5765250230499057","283.5","16"
"3.6324398182400612","285","16"
"3.5640363111998608","286.5","16"
"3.4700871875497743","288","16"
"3.458751068887018","289.5","16"
"3.496455639750369","291","16"
"3.491400187749877","292.5","16"
"3.4458518742820625","294","16"
"3.4594903741980643","295.5","16"
"3.562600400758044","297","16"
"3.633186603874659","298.5","16"
"3.571101788474778","300","16"
"3.6171129469623664","1.5","17"
"3.1330378339078258","3","17"
"2.997287727209279","4.5","17"
"3.1476250881943266","6","17"
"3.3175736757714196","7.5","17"
"3.3444292840433323","9","17"
"3.219548399145844","10.5","17"
"3.0872694742555264","12","17"
"3.065780998132102","13.5","17"
"3.143872770892605","15","17"
"3.2308377657864007","16.5","17"
"3.2634569633550523","18","17"
"3.259583090795612","19.5","17"
"3.252931213077085","21","17"
"3.2331554193668977","22.5","17"
"3.179652405161934","24","17"
"3.1136556922245573","25.5","17"
"3.0923445621053425","27","17"
"3.1391841664263036","28.5","17"
"3.2153955728539474","30","17"
"3.2734319748115106","31.5","17"
"3.3101927781867304","33","17"
"3.331080023304671","34.5","17"
"3.3088410213848727","36","17"
"3.194585312732562","37.5","17"
"3.05009444796362","39","17"
"3.0060157063936064","40.5","17"
"3.111873193458169","42","17"
"3.280480621358436","43.5","17"
"3.3539140226269932","45","17"
"3.315832942144863","46.5","17"
"3.313898655146401","48","17"
"3.35296900841827","49.5","17"
"3.2928050777704874","51","17"
"3.0916114903972565","52.5","17"
"2.9335425916610243","54","17"
"3.0069251890654582","55.5","17"
"3.255031625594429","57","17"
"3.4243964362543258","58.5","17"
"3.3735448850683625","60","17"
"3.302640144840496","61.5","17"
"3.3527929091346524","63","17"
"3.3877612399787482","64.5","17"
"3.214601411836854","66","17"
"2.9351533546658666","67.5","17"
"2.875525825552785","69","17"
"3.1261372354311985","70.5","17"
"3.4248044255680523","72","17"
"3.450613100222847","73.5","17"
"3.295896633158458","75","17"
"3.296615055899588","76.5","17"
"3.419835620648703","78","17"
"3.365225830238206","79.5","17"
"3.0536260957205608","81","17"
"2.8066145915514995","82.5","17"
"2.9403266217623014","84","17"
"3.3193050589935367","85.5","17"
"3.5155036603149865","87","17"
"3.3732366334019948","88.5","17"
"3.243441799291204","90","17"
"3.364563198243567","91.5","17"
"3.461457387612066","93","17"
"3.2238869868059457","94.5","17"
"2.8464320421381144","96","17"
"2.786544883461752","97.5","17"
"3.126753738763934","99","17"
"3.4945076388253953","100.5","17"
"3.486477511492431","102","17"
"3.269230526416527","103.5","17"
"3.284892765533465","105","17"
"3.4576785774977643","106.5","17"
"3.3669138899197515","108","17"
"2.9771616050127445","109.5","17"
"2.7263014743762306","111","17"
"2.9290425536842606","112.5","17"
"3.3725930138963833","114","17"
"3.5521887254142435","115.5","17"
"3.3543612836393675","117","17"
"3.2417512461684748","118.5","17"
"3.400787288403938","120","17"
"3.4591631100426685","121.5","17"
"3.132665376130971","123","17"
"2.7312335010381164","124.5","17"
"2.755687925449869","126","17"
"3.186322672009193","127.5","17"
"3.5518243713212363","129","17"
"3.4666431219144203","130.5","17"
"3.2442275449443017","132","17"
"3.320153764036529","133.5","17"
"3.487459927318914","135","17"
"3.2870336964700484","136.5","17"
"2.8228163490046185","138","17"
"2.645217883875116","139.5","17"
"2.9735679329063527","141","17"
"3.459710420382549","142.5","17"
"3.551934394413479","144","17"
"3.2940153317851553","145.5","17"
"3.254288268441459","147","17"
"3.4702717021973877","148.5","17"
"3.4349661334331603","150","17"
"2.9738634056866524","151.5","17"
"2.5983319950521775","153","17"
"2.7718039708622895","154.5","17"
"3.299031200406852","156","17"
"3.5860805130271616","157.5","17"
"3.368483511145058","159","17"
"3.208254668983215","160.5","17"
"3.418712948755622","162","17"
"3.5514890034819926","163.5","17"
"3.18668858450294","165","17"
"2.64191407430636","166.5","17"
"2.614101140459878","168","17"
"3.1042242509462037","169.5","17"
"3.5549255887937945","171","17"
"3.4589477390604033","172.5","17"
"3.1973985377483722","174","17"
"3.3318383411047447","175.5","17"
"3.587542916281558","177","17"
"3.4045710854006073","178.5","17"
"2.7818821484477345","180","17"
"2.534532627158171","181.5","17"
"2.9213371970655078","183","17"
"3.454409987785732","184.5","17"
"3.5133175357569435","186","17"
"3.2251277854751175","187.5","17"
"3.256520521661405","189","17"
"3.570641748576336","190.5","17"
"3.6035582890061755","192","17"
"2.9794044553577224","193.5","17"
"2.521327674328032","195","17"
"2.78655610394708","196.5","17"
"3.3595510697836457","198","17"
"3.5612028269744305","199.5","17"
"3.271226526084292","201","17"
"3.190400071705274","202.5","17"
"3.522581604795824","204","17"
"3.7432084493965943","205.5","17"
"3.2093514714240126","207","17"
"2.5773023121066028","208.5","17"
"2.691908816765483","210","17"
"3.2750704773495247","211.5","17"
"3.6025362898008972","213","17"
"3.3619307477135942","214.5","17"
"3.1748391286364344","216","17"
"3.4623702987655456","217.5","17"
"3.8006426853082296","219","17"
"3.440244125059322","220.5","17"
"2.6962851177234923","222","17"
"2.632271313887665","223.5","17"
"3.1994892881811285","225","17"
"3.6218719911421147","226.5","17"
"3.448728993728212","228","17"
"3.1761849635154804","229.5","17"
"3.383134971542046","231","17"
"3.7929426272519926","232.5","17"
"3.641360727435998","234","17"
"2.863582865641881","235.5","17"
"2.601659024791959","237","17"
"3.107030618998758","238.5","17"
"3.6141099087364266","240","17"
"3.5284284126920773","241.5","17"
"3.201544507077013","243","17"
"3.310246698852334","244.5","17"
"3.74099614370612","246","17"
"3.79973912455919","247.5","17"
"3.071474459395542","249","17"
"2.598190492264987","250.5","17"
"2.9820272438031075","252","17"
"3.5777489909910853","253.5","17"
"3.6102139068864787","255","17"
"3.2420834972062385","256.5","17"
"3.243074328396717","258","17"
"3.6452741833742333","259.5","17"
"3.8880979530748228","261","17"
"3.331013323753","262.5","17"
"2.648035472412998","264","17"
"2.8303823845972174","265.5","17"
"3.4977731117359476","267","17"
"3.7278990322071874","268.5","17"
"3.3470265147165814","270","17"
"3.191173350152452","271.5","17"
"3.5076779951591073","273","17"
"3.9002307261958564","274.5","17"
"3.619677139539928","276","17"
"2.825709052458168","277.5","17"
"2.6910841110938857","279","17"
"3.308596040788548","280.5","17"
"3.786401707666152","282","17"
"3.5291558741574995","283.5","17"
"3.165385558067573","285","17"
"3.3309693768521327","286.5","17"
"3.792323007117777","288","17"
"3.883080526052386","289.5","17"
"3.1605654245788175","291","17"
"2.6284136486959206","292.5","17"
"3.0139208499872243","294","17"
"3.7142000663424746","295.5","17"
"3.790151219846542","297","17"
"3.296161872964402","298.5","17"
"3.190498562632041","300","17"
"3.562915509387668","1.5","18"
"3.0365516338530534","3","18"
"2.931825857405863","4.5","18"
"3.0548609724669205","6","18"
"3.1893394241616444","7.5","18"
"3.2035735448404656","9","18"
"3.120396087105115","10.5","18"
"3.056744767281407","12","18"
"3.066157196070733","13.5","18"
"3.119241312156791","15","18"
"3.155671734575135","16.5","18"
"3.143331382475536","18","18"
"3.1073678569188896","19.5","18"
"3.089109633849294","21","18"
"3.101950232586426","22.5","18"
"3.1279399934072063","24","18"
"3.141530182900268","25.5","18"
"3.1346666743612523","27","18"
"3.120112769850587","28.5","18"
"3.113455281889396","30","18"
"3.117672625971928","31.5","18"
"3.1247035067504174","33","18"
"3.1272455700374713","34.5","18"
"3.126208610185089","36","18"
"3.126908643797488","37.5","18"
"3.1309888486149013","39","18"
"3.134764541927723","40.5","18"
"3.1344734326694947","42","18"
"3.1304624208449363","43.5","18"
"3.1258364640883824","45","18"
"3.1232361166136533","46.5","18"
"3.1241278335170692","48","18"
"3.129095080035679","49.5","18"
"3.1364148883113607","51","18"
"3.1416501797572467","52.5","18"
"3.1409277051741924","54","18"
"3.135215231421725","55.5","18"
"3.129223492256653","57","18"
"3.1261216514237984","58.5","18"
"3.1252286877997904","60","18"
"3.125917812607009","61.5","18"
"3.130349592631362","63","18"
"3.138887135245264","64.5","18"
"3.145652152857513","66","18"
"3.1436655035941876","67.5","18"
"3.1336462335567137","69","18"
"3.1240327710719304","70.5","18"
"3.1208109333820975","72","18"
"3.1222106889267467","73.5","18"
"3.1251972081048427","75","18"
"3.1310131596664452","76.5","18"
"3.140585168691545","78","18"
"3.14722333248356","79.5","18"
"3.141743060441349","81","18"
"3.125917500926861","82.5","18"
"3.1128010652587528","84","18"
"3.1112513915629174","85.5","18"
"3.1166955087079606","87","18"
"3.121448942645045","88.5","18"
"3.1254521624659035","90","18"
"3.132288554832044","91.5","18"
"3.136527093164639","93","18"
"3.1283666835298125","94.5","18"
"3.1066319800894715","96","18"
"3.0875007409253397","97.5","18"
"3.0860327274282793","99","18"
"3.096194746973535","100.5","18"
"3.1022768733815256","102","18"
"3.1028444429310262","103.5","18"
"3.108021761869385","105","18"
"3.116458943475632","106.5","18"
"3.113709924570309","108","18"
"3.092117658957602","109.5","18"
"3.07178582786339","111","18"
"3.081876160974607","112.5","18"
"3.1233078030476924","114","18"
"3.1684877105805755","115.5","18"
"3.196751489761133","117","18"
"3.2147921600874274","118.5","18"
"3.231798675682672","120","18"
"3.23597144950404","121.5","18"
"3.21700477745805","123","18"
"3.201515209143101","124.5","18"
"3.2327209372405914","126","18"
"3.320003222525047","127.5","18"
"3.4193182316030297","129","18"
"3.4765539272603916","130.5","18"
"3.48715572749447","132","18"
"3.486568833775794","133.5","18"
"3.4955368066740777","135","18"
"3.498727788029259","136.5","18"
"3.4770722513465087","138","18"
"3.4496624757714596","139.5","18"
"3.457130643797588","141","18"
"3.5159618301325404","142.5","18"
"3.5848886481412254","144","18"
"3.607045989862249","145.5","18"
"3.589368738588518","147","18"
"3.5891648997717285","148.5","18"
"3.6179407694354433","150","18"
"3.6270278041502615","151.5","18"
"3.570005297714129","153","18"
"3.4822564272481236","154.5","18"
"3.459653071235318","156","18"
"3.5449253312453486","157.5","18"
"3.6498839327630916","159","18"
"3.654700014409923","160.5","18"
"3.5889273994989557","162","18"
"3.5817250946390677","163.5","18"
"3.659723051675024","165","18"
"3.7146002636525015","166.5","18"
"3.6355319969883277","168","18"
"3.4443692118180467","169.5","18"
"3.3476240055602897","171","18"
"3.4758192971515656","172.5","18"
"3.6919588826616403","174","18"
"3.734421874344444","175.5","18"
"3.593672106391896","177","18"
"3.5187245629643753","178.5","18"
"3.6186916069119652","180","18"
"3.7546960446112765","181.5","18"
"3.7216058983390035","183","18"
"3.4510958927720927","184.5","18"
"3.2133671584507906","186","18"
"3.297887334263707","187.5","18"
"3.6221175950987354","189","18"
"3.811208642325288","190.5","18"
"3.680711592841063","192","18"
"3.4915865724783783","193.5","18"
"3.508478701459308","195","18"
"3.6712720478788614","196.5","18"
"3.7513934817631127","198","18"
"3.582015268856852","199.5","18"
"3.2585663901528497","201","18"
"3.122128717047824","202.5","18"
"3.3390228801961968","204","18"
"3.678546662533084","205.5","18"
"3.7923046179890454","207","18"
"3.6271755405404114","208.5","18"
"3.445211371577931","210","18"
"3.45081319887786","211.5","18"
"3.5730940479807676","213","18"
"3.6379169734807917","214.5","18"
"3.537254571123023","216","18"
"3.3268502120162196","217.5","18"
"3.1964379395322493","219","18"
"3.28571934128595","220.5","18"
"3.5064424950524518","222","18"
"3.637364676258543","223.5","18"
"3.5556885817960886","225","18"
"3.3695949625528114","226.5","18"
"3.281769730450547","228","18"
"3.345432582439731","229.5","18"
"3.4509363125363186","231","18"
"3.47815908002257","232.5","18"
"3.416024084118862","234","18"
"3.3419392713409937","235.5","18"
"3.3181153758686364","237","18"
"3.3410491128383177","238.5","18"
"3.368869371168277","240","18"
"3.370516912430583","241.5","18"
"3.347277417235718","243","18"
"3.3195316504611294","244.5","18"
"3.3050391469396194","246","18"
"3.303268492018855","247.5","18"
"3.3028782684735645","249","18"
"3.294405555330446","250.5","18"
"3.2794851149657376","252","18"
"3.266339381363718","253.5","18"
"3.2594038747105145","255","18"
"3.2565650919225684","256.5","18"
"3.2542321660148197","258","18"
"3.251438576848333","259.5","18"
"3.249755192369008","261","18"
"3.251296762380995","262.5","18"
"3.2558008521996826","264","18"
"3.2609167701488864","265.5","18"
"3.261913834942325","267","18"
"3.2576061036168746","268.5","18"
"3.2516218447753547","270","18"
"3.248679895858422","271.5","18"
"3.2521513893467997","273","18"
"3.262517247708845","274.5","18"
"3.2756882274028523","276","18"
"3.2866356809210577","277.5","18"
"3.2916138362448475","279","18"
"3.2910908369565104","280.5","18"
"3.2893675574182413","282","18"
"3.2892971177047943","283.5","18"
"3.2909256464780725","285","18"
"3.293279143275589","286.5","18"
"3.2952745195830584","288","18"
"3.2965533432302854","289.5","18"
"3.2993703084078714","291","18"
"3.306638689459134","292.5","18"
"3.318147790604028","294","18"
"3.326888548674423","295.5","18"
"3.32860902309136","297","18"
"3.3267925511888405","298.5","18"
"3.327212072668043","300","18"
"3.639027801528249","1.5","19"
"3.205360095448778","3","19"
"3.0830081832721277","4.5","19"
"3.191466641171716","6","19"
"3.328381808263471","7.5","19"
"3.3681010796034676","9","19"
"3.2978455691238757","10.5","19"
"3.215281186239633","12","19"
"3.1976896470066007","13.5","19"
"3.24285771069386","15","19"
"3.293078732940428","16.5","19"
"3.299303920536348","18","19"
"3.2706757872627836","19.5","19"
"3.2498954484356055","21","19"
"3.256166141333134","22.5","19"
"3.2709491307525758","24","19"
"3.270862171991285","25.5","19"
"3.2577591385695404","27","19"
"3.2498898381929417","28.5","19"
"3.2538924346535043","30","19"
"3.2606895553209974","31.5","19"
"3.265044038668647","33","19"
"3.2713571200663023","34.5","19"
"3.277734719254593","36","19"
"3.2724667013931676","37.5","19"
"3.2584573021010512","39","19"
"3.2537958138076255","40.5","19"
"3.2656864114536663","42","19"
"3.274013258287523","43.5","19"
"3.2615616363750894","45","19"
"3.243464863622156","46.5","19"
"3.248822333686056","48","19"
"3.27319260445785","49.5","19"
"3.2871247070732634","51","19"
"3.278280782873882","52.5","19"
"3.270253148982101","54","19"
"3.283095617800121","55.5","19"
"3.29095868457376","57","19"
"3.2632902144758744","58.5","19"
"3.2256242919508744","60","19"
"3.2286164213716346","61.5","19"
"3.271015206943951","63","19"
"3.3037865044248242","64.5","19"
"3.298508512798663","66","19"
"3.2902845204136453","67.5","19"
"3.309950602711738","69","19"
"3.3209815865096064","70.5","19"
"3.277518413231884","72","19"
"3.215221343651218","73.5","19"
"3.212139762027983","75","19"
"3.274126398181245","76.5","19"
"3.3277250981916437","78","19"
"3.3274321188525278","79.5","19"
"3.318236931126355","81","19"
"3.344516242804623","82.5","19"
"3.3631014183494665","84","19"
"3.3098957470056907","85.5","19"
"3.222164018947825","87","19"
"3.205486637588864","88.5","19"
"3.2808608711389913","90","19"
"3.359527693772546","91.5","19"
"3.3705088087467354","93","19"
"3.359260895565862","94.5","19"
"3.3888798600299053","96","19"
"3.420638820390088","97.5","19"
"3.3635402639978444","99","19"
"3.2434826293905914","100.5","19"
"3.1994176017470894","102","19"
"3.283709939371821","103.5","19"
"3.39553984143228","105","19"
"3.4240436143267945","106.5","19"
"3.406249794677713","108","19"
"3.4375858050770653","109.5","19"
"3.48850717261618","111","19"
"3.4441625678799253","112.5","19"
"3.2939252562223844","114","19"
"3.1990217679591346","115.5","19"
"3.270580724817645","117","19"
"3.4179128658157167","118.5","19"
"3.479151781293937","120","19"
"3.4525810486772928","121.5","19"
"3.4653786355540013","123","19"
"3.542557808841172","124.5","19"
"3.5439479023012335","126","19"
"3.3851141404818197","127.5","19"
"3.221938985880972","129","19"
"3.2415717184032293","130.5","19"
"3.407871778167883","132","19"
"3.521417479443059","133.5","19"
"3.49986916073122","135","19"
"3.4709100231404832","136.5","19"
"3.5433669305053694","138","19"
"3.618762669985708","139.5","19"
"3.5111466835261527","141","19"
"3.2925769279021546","142.5","19"
"3.221547515615089","144","19"
"3.361910488503974","145.5","19"
"3.5254316080690975","147","19"
"3.542568094286056","148.5","19"
"3.48369701289216","150","19"
"3.5176106181154383","151.5","19"
"3.6317544335946184","153","19"
"3.610789891799975","154.5","19"
"3.3944748303665784","156","19"
"3.2359421515701285","157.5","19"
"3.3092649063861472","159","19"
"3.4921207922520434","160.5","19"
"3.56617786549674","162","19"
"3.5093788337267204","163.5","19"
"3.49474326901728","165","19"
"3.6037820753524366","166.5","19"
"3.6606384562696874","168","19"
"3.4991915680894765","169.5","19"
"3.2835431904926433","171","19"
"3.2699249497862617","172.5","19"
"3.4366242718204982","174","19"
"3.5645128701461464","175.5","19"
"3.5415732112536533","177","19"
"3.490657142277055","178.5","19"
"3.5621017125212506","180","19"
"3.663659571944211","181.5","19"
"3.58085239022468","183","19"
"3.352838102756112","184.5","19"
"3.2555028859781987","186","19"
"3.3770366377663597","187.5","19"
"3.53822389638329","189","19"
"3.5624850791032854","190.5","19"
"3.500447015725604","192","19"
"3.528472671273093","193.5","19"
"3.642978970764392","195","19"
"3.6333910660517446","196.5","19"
"3.4289856147534166","198","19"
"3.267294681017325","199.5","19"
"3.326906626123007","201","19"
"3.4968801481119396","202.5","19"
"3.5695019342751158","204","19"
"3.5180048935026527","205.5","19"
"3.5045100781348775","207","19"
"3.606286425341583","208.5","19"
"3.657567471771485","210","19"
"3.505511818130536","211.5","19"
"3.3034900966040803","213","19"
"3.2895729546357706","214.5","19"
"3.4430966217737797","216","19"
"3.561101219246184","217.5","19"
"3.5418019844822823","219","19"
"3.498506495124182","220.5","19"
"3.5676119058576687","222","19"
"3.656874918482638","223.5","19"
"3.571115190721142","225","19"
"3.3568865161984296","226.5","19"
"3.270195176474574","228","19"
"3.386817784170765","229.5","19"
"3.5361917418183575","231","19"
"3.55797600240223","232.5","19"
"3.50418000885815","234","19"
"3.535769103537675","235.5","19"
"3.6401333310131903","237","19"
"3.6200651813241826","238.5","19"
"3.4215941200436952","240","19"
"3.2744196892005095","241.5","19"
"3.337894286380304","243","19"
"3.4992679297257356","244.5","19"
"3.5648887564046294","246","19"
"3.517712849203981","247.5","19"
"3.5113969626849935","249","19"
"3.6092464517070995","250.5","19"
"3.6472985459354663","252","19"
"3.491912589913182","253.5","19"
"3.3025494459174287","255","19"
"3.2989844483846524","256.5","19"
"3.4497753039850343","258","19"
"3.559129530629962","259.5","19"
"3.5385605109431255","261","19"
"3.501810304692938","262.5","19"
"3.5725567114056225","264","19"
"3.651806687596078","265.5","19"
"3.5574084328527293","267","19"
"3.3499559964275942","268.5","19"
"3.2757025646896603","270","19"
"3.3949862974894396","271.5","19"
"3.537407606075689","273","19"
"3.5546207656090547","274.5","19"
"3.5051215945852454","276","19"
"3.541003459943117","277.5","19"
"3.639625292371957","279","19"
"3.609448108762853","280.5","19"
"3.411542746950978","282","19"
"3.2753207565083655","283.5","19"
"3.3455656698629253","285","19"
"3.503358731668181","286.5","19"
"3.5628821596118323","288","19"
"3.5167531860283017","289.5","19"
"3.5160646845813788","291","19"
"3.612851655978967","292.5","19"
"3.6409461928391633","294","19"
"3.4803155949665534","295.5","19"
"3.2987862198105273","297","19"
"3.304716869666592","298.5","19"
"3.4561108263533455","300","19"