"nusselt","time","episode"
"9.347492940063752","1.5","0"
"7.824348123101526","3","0"
"2.6110204964553922","4.5","0"
"4.088485068190967","6","0"
"9.143281518793538","7.5","0"
"8.31528848090987","9","0"
"2.8312465043903456","10.5","0"
"3.733327549597984","12","0"
"8.62467926619411","13.5","0"
"8.479794233951878","15","0"
"3.383815904010542","16.5","0"
"3.8226290816069866","18","0"
"8.391492612589953","19.5","0"
"8.328981688026527","21","0"
"3.76751473609826","22.5","0"
"3.3973058271735663","24","0"
"7.794470063608665","25.5","0"
"8.423883015344913","27","0"
"3.40350069005631","28.5","0"
"3.129000084144725","30","0"
"8.216051907676086","31.5","0"
"9.279385669858033","33","0"
"4.340688504449018","34.5","0"
"2.447451328028846","36","0"
"6.755862036712975","37.5","0"
"9.187215493257293","39","0"
"4.6944158896276","40.5","0"
"2.206085513749703","42","0"
"6.785693772104888","43.5","0"
"9.704210200991877","45","0"
"6.047053025617433","46.5","0"
"2.5017466240080295","48","0"
"5.359534374194163","49.5","0"
"8.882269850425807","51","0"
"6.1501118299890845","52.5","0"
"2.118443271611923","54","0"
"5.144344140999062","55.5","0"
"9.409900374614422","57","0"
"7.271068831274767","58.5","0"
"2.7050478259755577","60","0"
"4.316419110838064","61.5","0"
"8.617021005250008","63","0"
"7.631709842115178","64.5","0"
"2.4426833952982028","66","0"
"3.369339868868808","67.5","0"
"8.4586891706834","69","0"
"8.633922402762167","70.5","0"
"3.742100299417575","72","0"
"3.6072505951505827","73.5","0"
"7.700909178360288","75","0"
"8.37195961189623","76.5","0"
"3.6479766256236275","78","0"
"2.5423161874379754","79.5","0"
"7.189323055816278","81","0"
"8.909268916325653","82.5","0"
"4.446027045958856","84","0"
"3.4416621394512914","85.5","0"
"7.277118068925272","87","0"
"8.776547410249595","88.5","0"
"4.441300016423732","90","0"
"2.1104774974870533","91.5","0"
"6.181204172298307","93","0"
"8.928586066421337","94.5","0"
"5.2049912597136725","96","0"
"3.377098909372954","97.5","0"
"6.831683748155438","99","0"
"8.886124606996257","100.5","0"
"5.147720872272485","102","0"
"2.086957667254219","103.5","0"
"5.5130829989330055","105","0"
"8.747996979777545","106.5","0"
"5.63976413793108","108","0"
"3.2366839064674964","109.5","0"
"6.566123940131779","111","0"
"9.030419253356182","112.5","0"
"5.589652795324834","114","0"
"2.0178969337047676","115.5","0"
"5.075606567334687","117","0"
"8.690427949728113","118.5","0"
"6.04987830296573","120","0"
"3.165012144536636","121.5","0"
"6.282077858972008","123","0"
"9.021290448611746","124.5","0"
"5.929896417460199","126","0"
"2.06322506648325","127.5","0"
"4.8018582352539365","129","0"
"8.58296983419507","130.5","0"
"6.269727065163701","132","0"
"3.176444587684111","133.5","0"
"6.1446692409371755","135","0"
"9.007151741630643","136.5","0"
"6.091273815259403","138","0"
"2.052197712814285","139.5","0"
"4.63447299580933","141","0"
"8.573216146897408","142.5","0"
"6.447103033316145","144","0"
"3.189666668837926","145.5","0"
"6.012828878398315","147","0"
"8.996957482564381","148.5","0"
"6.254695880024958","150","0"
"2.066536377284322","151.5","0"
"4.4624927997982615","153","0"
"8.562832648950675","154.5","0"
"6.607345983451686","156","0"
"3.1742602092005376","157.5","0"
"5.86559117319938","159","0"
"9.013489272888119","160.5","0"
"6.4676246100365","162","0"
"2.0733068417618354","163.5","0"
"4.241456366501495","165","0"
"8.568640902714328","166.5","0"
"6.841988396568642","168","0"
"3.0989692536806497","169.5","0"
"5.6569001128054905","171","0"
"9.005177546434886","172.5","0"
"6.80665789183218","174","0"
"2.1278273517211637","175.5","0"
"3.9257494871767085","177","0"
"8.525910369256076","178.5","0"
"7.17732856333761","180","0"
"2.973516442572097","181.5","0"
"5.296918481189224","183","0"
"9.03773254759109","184.5","0"
"7.3253582135389355","186","0"
"2.3798762921744543","187.5","0"
"3.6062886308415165","189","0"
"8.478071371644246","190.5","0"
"7.656938735987275","192","0"
"2.796085279746182","193.5","0"
"4.47567644180448","195","0"
"8.973466235287452","196.5","0"
"8.207233572969923","198","0"
"2.894073566302269","199.5","0"
"3.3312698356517636","201","0"
"8.360119368817529","202.5","0"
"8.274517358359837","204","0"
"2.9743187365757646","205.5","0"
"3.1417064400682944","207","0"
"8.284453385203788","208.5","0"
"9.264059291778137","210","0"
"3.841449726046224","211.5","0"
"3.125358960529184","213","0"
"8.022179631489994","214.5","0"
"8.968447462478267","216","0"
"3.9452718924643633","217.5","0"
"1.9895436270665434","219","0"
"6.722094723978747","220.5","0"
"9.822603761206363","222","0"
"5.4220788098093395","223.5","0"
"3.302545443396364","225","0"
"7.407718029739789","226.5","0"
"9.147311715576091","228","0"
"5.284383869405875","229.5","0"
"1.960967570496097","231","0"
"4.993391637151695","232.5","0"
"9.245254663650398","234","0"
"6.767335629460762","235.5","0"
"3.5991342676976292","237","0"
"7.101632025529626","238.5","0"
"9.298595387464283","240","0"
"6.109650684667742","241.5","0"
"2.218523042044894","243","0"
"3.69531591431671","244.5","0"
"8.56109105987883","246","0"
"7.857241684442325","247.5","0"
"3.8800039446801016","249","0"
"6.6240955956117995","250.5","0"
"9.249392292922385","252","0"
"6.95494823830374","253.5","0"
"2.9117122069529335","255","0"
"2.9105927899815995","256.5","0"
"7.559076608684836","258","0"
"8.341830219515241","259.5","0"
"4.3707040578159715","261","0"
"6.2753130618047175","262.5","0"
"9.143179014399948","264","0"
"7.314771185233777","265.5","0"
"3.2276406041859804","267","0"
"2.562941254171089","268.5","0"
"7.067943562328927","270","0"
"8.669049869949788","271.5","0"
"4.636725628420366","273","0"
"5.839217482662344","274.5","0"
"9.055684615137537","276","0"
"7.812455642206861","277.5","0"
"3.645463050337566","279","0"
"2.292417868011716","280.5","0"
"6.530960990654069","282","0"
"8.864785951984695","283.5","0"
"4.984562460634671","285","0"
"5.407385692045605","286.5","0"
"8.84488432972172","288","0"
"8.133347124766038","289.5","0"
"4.075217894960165","291","0"
"2.2535672244127243","292.5","0"
"6.078845650346319","294","0"
"8.941921493779601","295.5","0"
"5.201644097015324","297","0"
"4.704841769198607","298.5","0"
"8.670981683521273","300","0"
"9.347492940063752","1.5","1"
"7.824348123101526","3","1"
"2.6110204964553922","4.5","1"
"4.088485068190967","6","1"
"9.143281518793538","7.5","1"
"8.31528848090987","9","1"
"2.8312465043903456","10.5","1"
"3.733327549597984","12","1"
"8.62467926619411","13.5","1"
"8.479794233951878","15","1"
"3.383815904010542","16.5","1"
"3.8226290816069866","18","1"
"8.391492612589953","19.5","1"
"8.328981688026527","21","1"
"3.76751473609826","22.5","1"
"3.3973058271735663","24","1"
"7.794470063608665","25.5","1"
"8.423883015344913","27","1"
"3.40350069005631","28.5","1"
"3.129000084144725","30","1"
"8.216051907676086","31.5","1"
"9.279385669858033","33","1"
"4.340688504449018","34.5","1"
"2.447451328028846","36","1"
"6.755862036712975","37.5","1"
"9.187215493257293","39","1"
"4.6944158896276","40.5","1"
"2.206085513749703","42","1"
"6.785693772104888","43.5","1"
"9.704210200991877","45","1"
"6.047053025617433","46.5","1"
"2.5017466240080295","48","1"
"5.359534374194163","49.5","1"
"8.882269850425807","51","1"
"6.1501118299890845","52.5","1"
"2.118443271611923","54","1"
"5.144344140999062","55.5","1"
"9.409900374614422","57","1"
"7.271068831274767","58.5","1"
"2.7050478259755577","60","1"
"4.316419110838064","61.5","1"
"8.617021005250008","63","1"
"7.631709842115178","64.5","1"
"2.4426833952982028","66","1"
"3.369339868868808","67.5","1"
"8.4586891706834","69","1"
"8.633922402762167","70.5","1"
"3.742100299417575","72","1"
"3.6072505951505827","73.5","1"
"7.700909178360288","75","1"
"8.37195961189623","76.5","1"
"3.6479766256236275","78","1"
"2.5423161874379754","79.5","1"
"7.189323055816278","81","1"
"8.909268916325653","82.5","1"
"4.446027045958856","84","1"
"3.4416621394512914","85.5","1"
"7.277118068925272","87","1"
"8.776547410249595","88.5","1"
"4.441300016423732","90","1"
"2.1104774974870533","91.5","1"
"6.181204172298307","93","1"
"8.928586066421337","94.5","1"
"5.2049912597136725","96","1"
"3.377098909372954","97.5","1"
"6.831683748155438","99","1"
"8.886124606996257","100.5","1"
"5.147720872272485","102","1"
"2.086957667254219","103.5","1"
"5.5130829989330055","105","1"
"8.747996979777545","106.5","1"
"5.63976413793108","108","1"
"3.2366839064674964","109.5","1"
"6.566123940131779","111","1"
"9.030419253356182","112.5","1"
"5.589652795324834","114","1"
"2.0178969337047676","115.5","1"
"5.075606567334687","117","1"
"8.690427949728113","118.5","1"
"6.04987830296573","120","1"
"3.165012144536636","121.5","1"
"6.282077858972008","123","1"
"9.021290448611746","124.5","1"
"5.929896417460199","126","1"
"2.06322506648325","127.5","1"
"4.8018582352539365","129","1"
"8.58296983419507","130.5","1"
"6.269727065163701","132","1"
"3.176444587684111","133.5","1"
"6.1446692409371755","135","1"
"9.007151741630643","136.5","1"
"6.091273815259403","138","1"
"2.052197712814285","139.5","1"
"4.63447299580933","141","1"
"8.573216146897408","142.5","1"
"6.447103033316145","144","1"
"3.189666668837926","145.5","1"
"6.012828878398315","147","1"
"8.996957482564381","148.5","1"
"6.254695880024958","150","1"
"2.066536377284322","151.5","1"
"4.4624927997982615","153","1"
"8.562832648950675","154.5","1"
"6.607345983451686","156","1"
"3.1742602092005376","157.5","1"
"5.86559117319938","159","1"
"9.013489272888119","160.5","1"
"6.4676246100365","162","1"
"2.0733068417618354","163.5","1"
"4.241456366501495","165","1"
"8.568640902714328","166.5","1"
"6.841988396568642","168","1"
"3.0989692536806497","169.5","1"
"5.6569001128054905","171","1"
"9.005177546434886","172.5","1"
"6.80665789183218","174","1"
"2.1278273517211637","175.5","1"
"3.9257494871767085","177","1"
"8.525910369256076","178.5","1"
"7.17732856333761","180","1"
"2.973516442572097","181.5","1"
"5.296918481189224","183","1"
"9.03773254759109","184.5","1"
"7.3253582135389355","186","1"
"2.3798762921744543","187.5","1"
"3.6062886308415165","189","1"
"8.478071371644246","190.5","1"
"7.656938735987275","192","1"
"2.796085279746182","193.5","1"
"4.47567644180448","195","1"
"8.973466235287452","196.5","1"
"8.207233572969923","198","1"
"2.894073566302269","199.5","1"
"3.3312698356517636","201","1"
"8.360119368817529","202.5","1"
"8.274517358359837","204","1"
"2.9743187365757646","205.5","1"
"3.1417064400682944","207","1"
"8.284453385203788","208.5","1"
"9.264059291778137","210","1"
"3.841449726046224","211.5","1"
"3.125358960529184","213","1"
"8.022179631489994","214.5","1"
"8.968447462478267","216","1"
"3.9452718924643633","217.5","1"
"1.9895436270665434","219","1"
"6.722094723978747","220.5","1"
"9.822603761206363","222","1"
"5.4220788098093395","223.5","1"
"3.302545443396364","225","1"
"7.407718029739789","226.5","1"
"9.147311715576091","228","1"
"5.284383869405875","229.5","1"
"1.960967570496097","231","1"
"4.993391637151695","232.5","1"
"9.245254663650398","234","1"
"6.767335629460762","235.5","1"
"3.5991342676976292","237","1"
"7.101632025529626","238.5","1"
"9.298595387464283","240","1"
"6.109650684667742","241.5","1"
"2.218523042044894","243","1"
"3.69531591431671","244.5","1"
"8.56109105987883","246","1"
"7.857241684442325","247.5","1"
"3.8800039446801016","249","1"
"6.6240955956117995","250.5","1"
"9.249392292922385","252","1"
"6.95494823830374","253.5","1"
"2.9117122069529335","255","1"
"2.9105927899815995","256.5","1"
"7.559076608684836","258","1"
"8.341830219515241","259.5","1"
"4.3707040578159715","261","1"
"6.2753130618047175","262.5","1"
"9.143179014399948","264","1"
"7.314771185233777","265.5","1"
"3.2276406041859804","267","1"
"2.562941254171089","268.5","1"
"7.067943562328927","270","1"
"8.669049869949788","271.5","1"
"4.636725628420366","273","1"
"5.839217482662344","274.5","1"
"9.055684615137537","276","1"
"7.812455642206861","277.5","1"
"3.645463050337566","279","1"
"2.292417868011716","280.5","1"
"6.530960990654069","282","1"
"8.864785951984695","283.5","1"
"4.984562460634671","285","1"
"5.407385692045605","286.5","1"
"8.84488432972172","288","1"
"8.133347124766038","289.5","1"
"4.075217894960165","291","1"
"2.2535672244127243","292.5","1"
"6.078845650346319","294","1"
"8.941921493779601","295.5","1"
"5.201644097015324","297","1"
"4.704841769198607","298.5","1"
"8.670981683521273","300","1"
"9.779990516429235","1.5","2"
"7.619566028332387","3","2"
"2.800063485117563","4.5","2"
"4.690887373002132","6","2"
"9.030254654954938","7.5","2"
"7.912203258979837","9","2"
"3.2566532900483494","10.5","2"
"5.386970562195516","12","2"
"9.160526897395721","13.5","2"
"6.946842506256854","15","2"
"2.6085286047910516","16.5","2"
"4.5628258743576975","18","2"
"8.808093137376614","19.5","2"
"7.396238523276988","21","2"
"3.1891366521297284","22.5","2"
"5.899465425613459","24","2"
"9.281754112721442","25.5","2"
"6.910284905654833","27","2"
"2.348491713781586","28.5","2"
"4.155849427947958","30","2"
"8.567735118697902","31.5","2"
"7.35590846530514","33","2"
"3.7038747847766005","34.5","2"
"6.450683787757577","36","2"
"9.039678159830943","37.5","2"
"6.462821687825353","39","2"
"2.399270074160538","40.5","2"
"4.161393042964702","42","2"
"8.543913688999316","43.5","2"
"7.121057593733914","45","2"
"4.0186263527217125","46.5","2"
"7.108532345332671","48","2"
"9.243345519319803","49.5","2"
"6.421441452628802","51","2"
"2.4513987328011924","52.5","2"
"3.904777728900855","54","2"
"8.588695295948519","55.5","2"
"7.619137776803401","57","2"
"4.378494884538322","58.5","2"
"7.1212419045185404","60","2"
"9.259410126157373","61.5","2"
"6.647876614924452","63","2"
"2.852934561397361","64.5","2"
"3.623931706778442","66","2"
"8.506647428214693","67.5","2"
"8.46636320153421","69","2"
"4.47948487427398","70.5","2"
"6.523985270984586","72","2"
"9.52042672262095","73.5","2"
"7.543517131671441","75","2"
"3.2815561903802584","76.5","2"
"2.9528950719108678","78","2"
"7.970765793151748","79.5","2"
"9.832817732656007","81","2"
"5.240158644477644","82.5","2"
"5.240064025037407","84","2"
"9.253123847096694","85.5","2"
"8.798777064990043","87","2"
"4.258062078262916","88.5","2"
"2.6538587088078724","90","2"
"6.472072216537178","91.5","2"
"10.223136722297946","93","2"
"6.8729969612484885","94.5","2"
"4.2596642022223286","96","2"
"8.028543774465035","97.5","2"
"9.599488164272326","99","2"
"5.653161166487415","100.5","2"
"3.1407210673039616","102","2"
"5.107205025087256","103.5","2"
"9.187232248783168","105","2"
"8.326027787376658","106.5","2"
"4.202509132223929","108","2"
"6.239417304474763","109.5","2"
"9.74014784713652","111","2"
"7.4205527625601375","112.5","2"
"3.5554824267210363","114","2"
"3.6741066218210974","115.5","2"
"7.761225129034073","117","2"
"9.201692267613403","118.5","2"
"4.829023870793365","120","2"
"4.343818338120575","121.5","2"
"9.053859248436318","123","2"
"9.230224956940408","124.5","2"
"4.537277639874804","126","2"
"2.3402265578340944","127.5","2"
"5.719076912470584","129","2"
"9.312342803635241","130.5","2"
"6.395210184061704","132","2"
"3.7191775079964384","133.5","2"
"7.7546540060335145","135","2"
"9.246656214108894","136.5","2"
"5.637041364976372","138","2"
"2.3062525114791415","139.5","2"
"4.533116355742758","141","2"
"8.637157204875235","142.5","2"
"6.96628285874868","144","2"
"4.324449935828096","145.5","2"
"7.480594711104906","147","2"
"8.995366693225414","148.5","2"
"5.574956227894008","150","2"
"2.0985480558735468","151.5","2"
"4.230663343789989","153","2"
"8.69420681362254","154.5","2"
"7.09665317029679","156","2"
"4.112713558606402","157.5","2"
"7.622802308874209","159","2"
"9.111198629219343","160.5","2"
"5.977239648629958","162","2"
"2.507382887226672","163.5","2"
"4.083501038457493","165","2"
"8.333220836072934","166.5","2"
"7.009141522698919","168","2"
"3.9067610410739273","169.5","2"
"7.126135503693248","171","2"
"9.416985005202093","172.5","2"
"6.415656853725206","174","2"
"2.7609972373253253","175.5","2"
"3.9568903712300108","177","2"
"8.278037990031953","178.5","2"
"7.411284492703269","180","2"
"3.063985194082136","181.5","2"
"5.419053944579294","183","2"
"9.472624192918378","184.5","2"
"8.101036557163777","186","2"
"3.6377234758120105","187.5","2"
"3.255368781866187","189","2"
"7.45020856493036","190.5","2"
"8.307362131551766","192","2"
"3.4911968948436","193.5","2"
"3.2416588192236557","195","2"
"8.18704809238624","196.5","2"
"9.34244854115617","198","2"
"4.995080002788407","199.5","2"
"2.9095238859926833","201","2"
"6.3516251187838195","202.5","2"
"8.763515553595422","204","2"
"4.898049245255124","205.5","2"
"2.131566051634448","207","2"
"6.132766903850819","208.5","2"
"9.533025892459877","210","2"
"6.343552897788684","211.5","2"
"2.8545672395510167","213","2"
"5.360144472459851","214.5","2"
"8.801051874032385","216","2"
"6.792594091907933","217.5","2"
"2.3274403667578256","219","2"
"4.272913880712879","220.5","2"
"8.44731019737585","222","2"
"7.304995814314394","223.5","2"
"3.173317957274854","225","2"
"4.959319768094207","226.5","2"
"8.745358477261798","228","2"
"7.437114121458948","229.5","2"
"2.746774013500472","231","2"
"3.7218810613773488","232.5","2"
"7.927441916953681","234","2"
"7.757824250091006","235.5","2"
"3.1837687237298806","237","2"
"4.466541723345028","238.5","2"
"8.83407800115143","240","2"
"7.758999108140603","241.5","2"
"3.0696682742113115","243","2"
"3.766698643426224","244.5","2"
"7.686590103071238","246","2"
"7.667541041389555","247.5","2"
"3.1319002685498756","249","2"
"4.385782552674834","250.5","2"
"8.991635139051107","252","2"
"7.697239718193635","253.5","2"
"2.9567325801458564","255","2"
"3.8756154753295715","256.5","2"
"7.7962422068747514","258","2"
"7.641879953511796","259.5","2"
"3.059279848168732","261","2"
"4.314019620970829","262.5","2"
"9.022188347674819","264","2"
"7.780846342643432","265.5","2"
"2.9843631815283196","267","2"
"3.7575311531293987","268.5","2"
"7.735366424512904","270","2"
"7.691608383070838","271.5","2"
"3.168589449310976","273","2"
"4.194985901105996","274.5","2"
"8.903196516624673","276","2"
"7.939379243520541","277.5","2"
"3.087113240695243","279","2"
"3.517362619735951","280.5","2"
"7.606516430533169","282","2"
"7.92086290899977","283.5","2"
"3.37163636153287","285","2"
"3.897115525480076","286.5","2"
"8.550976635965267","288","2"
"8.234632800252434","289.5","2"
"3.333515076119031","291","2"
"3.2345399383698568","292.5","2"
"7.361627520533989","294","2"
"8.216066199154039","295.5","2"
"3.775792951499742","297","2"
"3.5679293183983334","298.5","2"
"8.058999406791003","300","2"
"7.049667226075839","1.5","3"
"10.149661770097172","3","3"
"5.7518788112286545","4.5","3"
"2.7015887955015128","6","3"
"6.3124053608059905","7.5","3"
"9.66944938413517","9","3"
"6.510732142826944","10.5","3"
"3.4433549403742636","12","3"
"7.657396063281749","13.5","3"
"9.564483899480845","15","3"
"4.646330487223491","16.5","3"
"1.885810782385606","18","3"
"6.064753760275752","19.5","3"
"9.98406592225411","21","3"
"6.150833796030469","22.5","3"
"3.264571508048309","24","3"
"7.947130152666541","25.5","3"
"9.582083115364744","27","3"
"5.308803077130536","28.5","3"
"2.2111136499409954","30","3"
"5.4161695300808494","31.5","3"
"8.876119586810466","33","3"
"6.293535189003504","34.5","3"
"4.467546069278367","36","3"
"8.252229059278825","37.5","3"
"8.530735960708112","39","3"
"4.275557804134057","40.5","3"
"2.42623193293675","42","3"
"6.14248905133507","43.5","3"
"9.048673905987549","45","3"
"5.459118378185064","46.5","3"
"4.04537605697177","48","3"
"8.521666293113823","49.5","3"
"8.92238553622837","51","3"
"4.302079337546462","52.5","3"
"1.8914934929075935","54","3"
"5.760278257787939","55.5","3"
"9.032471312466301","57","3"
"5.778464409887053","58.5","3"
"4.714796029997187","60","3"
"8.329227107199639","61.5","3"
"8.048120635211784","63","3"
"4.118977168426193","64.5","3"
"2.339988777209543","66","3"
"6.0785721410268865","67.5","3"
"8.8137535482649","69","3"
"5.201756457600603","70.5","3"
"5.058422297120989","72","3"
"8.702507698264911","73.5","3"
"8.221185997928059","75","3"
"4.024286763609998","76.5","3"
"2.124814313921148","78","3"
"6.040605105013015","79.5","3"
"8.899387098536003","81","3"
"5.189008459267138","82.5","3"
"4.994794666038945","84","3"
"8.60732842634083","85.5","3"
"8.098548854380905","87","3"
"4.2704591961721725","88.5","3"
"2.479737008747087","90","3"
"6.094598308716862","91.5","3"
"8.789944931615514","93","3"
"4.857047980629101","94.5","3"
"4.258947657086375","96","3"
"8.614943320041492","97.5","3"
"9.02582429678972","99","3"
"4.699124192398512","100.5","3"
"2.281437577658077","102","3"
"5.67589693667121","103.5","3"
"8.970502478445892","105","3"
"5.40711612520285","106.5","3"
"3.1316696336643","108","3"
"7.332873066893931","109.5","3"
"9.513546115201287","111","3"
"6.242262787016028","112.5","3"
"2.919381309707896","114","3"
"4.828844488104584","115.5","3"
"8.425460006015514","117","3"
"6.221823509496295","118.5","3"
"2.410718780024304","120","3"
"5.464808850458008","121.5","3"
"9.585657956091161","123","3"
"7.635214703880587","124.5","3"
"3.1311536620292633","126","3"
"3.865625239431319","127.5","3"
"8.138931642978301","129","3"
"7.908219386298232","130.5","3"
"2.8397528906294807","132","3"
"3.2233149680574824","133.5","3"
"8.194843847204435","135","3"
"8.998947447666845","136.5","3"
"4.281897799439455","138","3"
"3.3227949892260407","139.5","3"
"7.172780423681681","141","3"
"8.623571430248013","142.5","3"
"4.338802522168897","144","3"
"2.424257737740992","145.5","3"
"6.50028704368214","147","3"
"8.873843792148955","148.5","3"
"5.016825718516815","150","3"
"3.2012538541949533","151.5","3"
"6.944814102006795","153","3"
"9.087151492731028","154.5","3"
"5.080323247868535","156","3"
"2.182109341841564","157.5","3"
"5.616841100105152","159","3"
"8.778901068825466","160.5","3"
"5.635383553533903","162","3"
"2.8802450829546506","163.5","3"
"6.655180052967669","165","3"
"9.267196517593463","166.5","3"
"5.4285838963255655","168","3"
"2.4253714874021037","169.5","3"
"5.488444490943214","171","3"
"8.536456494365716","172.5","3"
"5.672407844812507","174","3"
"2.700422315214853","175.5","3"
"6.706021246568653","177","3"
"9.383240361708754","178.5","3"
"5.305161707110203","180","3"
"2.3884285097049536","181.5","3"
"5.622137324710446","183","3"
"8.614014866784176","184.5","3"
"5.638988948454563","186","3"
"2.5584005066589293","187.5","3"
"6.676509344597123","189","3"
"9.447342075611148","190.5","3"
"5.450030969445729","192","3"
"2.405375245698892","193.5","3"
"5.532765813740435","195","3"
"8.51965168753213","196.5","3"
"5.71732990249331","198","3"
"2.6287702656673755","199.5","3"
"6.592248269019026","201","3"
"9.43013612177573","202.5","3"
"5.523345265721937","204","3"
"2.2959481094707304","205.5","3"
"5.385657717462241","207","3"
"8.613777332564416","208.5","3"
"5.975136337323045","210","3"
"2.5438123573367077","211.5","3"
"6.167547925900493","213","3"
"9.417405864587309","214.5","3"
"5.952952021064375","216","3"
"2.2548095973754063","217.5","3"
"5.037243805224413","219","3"
"8.563488085698143","220.5","3"
"6.412521106338635","222","3"
"2.667136477444742","223.5","3"
"5.694994786501764","225","3"
"9.085174340677762","226.5","3"
"6.201861271654417","228","3"
"2.2125723663113006","229.5","3"
"4.813502832927566","231","3"
"8.68189051648515","232.5","3"
"6.690386369688821","234","3"
"2.8112736711424007","235.5","3"
"5.438288302664772","237","3"
"8.914128018829441","238.5","3"
"6.572243156743292","240","3"
"2.2193701817207567","241.5","3"
"4.449851248335062","243","3"
"8.598052764340194","244.5","3"
"6.907375357867575","246","3"
"3.1237228327084363","247.5","3"
"5.397993726983012","249","3"
"8.796275563538805","250.5","3"
"6.628901474680454","252","3"
"2.1664843211534226","253.5","3"
"4.2403894337509165","255","3"
"8.635716229649974","256.5","3"
"7.021692397198559","258","3"
"3.09710717266538","259.5","3"
"5.417133465628254","261","3"
"8.85128494060602","262.5","3"
"6.8775515074290166","264","3"
"2.153351438534414","265.5","3"
"3.927361960137397","267","3"
"8.566056609252882","268.5","3"
"7.217245646877594","270","3"
"3.0186136940602117","271.5","3"
"5.283248436123043","273","3"
"8.964510899516782","274.5","3"
"7.263180921064258","276","3"
"2.3722081750386605","277.5","3"
"3.702104612748852","279","3"
"8.566935781551742","280.5","3"
"7.550698352937688","282","3"
"2.7155242185289814","283.5","3"
"4.566190778201091","285","3"
"9.049085894800244","286.5","3"
"8.131470998677608","288","3"
"2.81905143841076","289.5","3"
"3.464253023617225","291","3"
"8.47605183796671","292.5","3"
"8.144995172106759","294","3"
"2.837379026860643","295.5","3"
"3.2334254494943684","297","3"
"8.40483691052074","298.5","3"
"9.207366477170057","300","3"
"9.402618620192925","1.5","4"
"3.473939688811387","3","4"
"3.3880912735614146","4.5","4"
"8.176426074600577","6","4"
"8.708218375730823","7.5","4"
"3.451746009170611","9","4"
"3.2789053676248963","10.5","4"
"7.694560805291952","12","4"
"8.28662766109088","13.5","4"
"4.4724781076006686","15","4"
"4.554899524999593","16.5","4"
"7.714632446861602","18","4"
"7.274927530321892","19.5","4"
"3.063283433233719","21","4"
"3.6629669075668523","22.5","4"
"8.0650649071578","24","4"
"8.117064203282506","25.5","4"
"3.603160768408298","27","4"
"4.347320243028477","28.5","4"
"8.170813959051578","30","4"
"8.172751686338078","31.5","4"
"3.3220833721859324","33","4"
"2.9279010018058145","34.5","4"
"7.302451931238882","36","4"
"8.216841388630556","37.5","4"
"4.245617650633541","39","4"
"4.481082562947131","40.5","4"
"7.856831174058384","42","4"
"7.828875564754902","43.5","4"
"3.374715435817217","45","4"
"2.9391171015456665","46.5","4"
"7.358846103238717","48","4"
"8.297442860233689","49.5","4"
"3.9284431843659275","51","4"
"4.228872473759689","52.5","4"
"8.053837719202294","54","4"
"8.387783727656535","55.5","4"
"3.580030996961645","57","4"
"2.4804397552146735","58.5","4"
"6.951043707965251","60","4"
"8.502593576572082","61.5","4"
"4.3804365543014985","63","4"
"4.148068457417299","64.5","4"
"7.783367556478054","66","4"
"8.324034865416687","67.5","4"
"3.833395246196133","69","4"
"2.4396811993090477","70.5","4"
"6.840703149172103","72","4"
"8.643654406438108","73.5","4"
"4.360028816595177","75","4"
"3.7415584552793484","76.5","4"
"7.754611131599658","78","4"
"8.842008292986213","79.5","4"
"4.216644882347522","81","4"
"2.0501227380584846","82.5","4"
"6.442087217364467","84","4"
"8.941510490586076","85.5","4"
"4.873608353908742","87","4"
"3.253910065495882","88.5","4"
"7.228715789958288","90","4"
"9.091237869806221","91.5","4"
"4.882542498867277","93","4"
"2.03621910124922","94.5","4"
"6.062291190781693","96","4"
"9.14904837655209","97.5","4"
"5.290618896269761","99","4"
"2.481006732641713","100.5","4"
"6.435960608609185","102","4"
"9.576839621384998","103.5","4"
"5.912100077742474","105","4"
"2.0699574614203557","106.5","4"
"5.480509271012587","108","4"
"9.328979069590906","109.5","4"
"6.370579561025266","111","4"
"2.062037148979662","112.5","4"
"4.938987430254323","114","4"
"9.440886270053378","115.5","4"
"7.457361696050286","117","4"
"2.626102687386138","118.5","4"
"4.797331779219729","120","4"
"9.142751255680547","121.5","4"
"7.424288259211122","123","4"
"2.361084477095914","124.5","4"
"3.2845845052773956","126","4"
"8.55823867800338","127.5","4"
"8.942723787783269","129","4"
"3.5081980862966327","130.5","4"
"4.074071866271265","132","4"
"8.684242203822683","133.5","4"
"8.545080662095561","135","4"
"3.6793175903682624","136.5","4"
"2.201374254121285","138","4"
"6.8486265416727","139.5","4"
"9.457622083545123","141","4"
"4.924516569613227","142.5","4"
"3.868870883355248","144","4"
"8.143173747882216","145.5","4"
"8.936304450134758","147","4"
"4.724943472152915","148.5","4"
"1.9749275108003976","150","4"
"5.4091538928350165","151.5","4"
"9.270592961250268","153","4"
"6.13983625734137","154.5","4"
"3.747958080544478","156","4"
"7.684461165665927","157.5","4"
"9.247631977086328","159","4"
"5.650020983814581","160.5","4"
"2.1397972037206046","162","4"
"4.229253908378141","163.5","4"
"8.759797798089481","165","4"
"7.218239643809657","166.5","4"
"3.763037807427301","168","4"
"7.107907462779446","169.5","4"
"9.329677873581815","171","4"
"6.445892200166875","172.5","4"
"2.6051176232515014","174","4"
"3.437528206251188","175.5","4"
"8.12097908262227","177","4"
"7.933972629568305","178.5","4"
"3.794241524702635","180","4"
"6.427086093610382","181.5","4"
"9.403628879841278","183","4"
"7.208779178214809","184.5","4"
"3.023059575727343","186","4"
"2.798814705630282","187.5","4"
"7.456205564764903","189","4"
"8.542088322298097","190.5","4"
"4.103182621240962","192","4"
"5.6138083499217535","193.5","4"
"9.190876082851423","195","4"
"7.921082702074486","196.5","4"
"3.634560131088703","198","4"
"2.4433348895689946","199.5","4"
"6.726731076550312","201","4"
"8.889378135873537","202.5","4"
"4.600152750721222","204","4"
"4.720413566451615","205.5","4"
"8.855690658292009","207","4"
"8.642246942264597","208.5","4"
"4.282843008222645","210","4"
"2.2495853229694585","211.5","4"
"5.979470104809688","213","4"
"9.106923013263678","214.5","4"
"5.298082990237546","216","4"
"3.7834963045208325","217.5","4"
"8.097346891804156","219","4"
"9.345021992806757","220.5","4"
"5.391768063501233","222","4"
"2.3710983678542257","223.5","4"
"5.044246629421047","225","4"
"8.89817380133881","226.5","4"
"6.327272933162659","228","4"
"3.0986809600736804","229.5","4"
"6.638212126161595","231","4"
"9.626833182500535","232.5","4"
"6.816169116814239","234","4"
"2.791642354936558","235.5","4"
"4.0089727057697155","237","4"
"8.371739818821515","238.5","4"
"7.5739535444236115","240","4"
"2.8009929239940483","241.5","4"
"4.674999191995835","243","4"
"9.311878577006583","244.5","4"
"8.52322455702021","246","4"
"3.7235585852032","247.5","4"
"3.0020429717792947","249","4"
"7.303790402070554","250.5","4"
"8.705480325678993","252","4"
"3.796709761506917","253.5","4"
"2.70927884266382","255","4"
"7.731475200033198","256.5","4"
"9.662210996957114","258","4"
"5.394637200902556","259.5","4"
"2.5997829594986115","261","4"
"5.831518318522723","262.5","4"
"8.94194613425883","264","4"
"5.626304522557507","265.5","4"
"2.0007439568996896","267","4"
"5.559382459402661","268.5","4"
"9.564924471249444","270","4"
"7.048650067093302","271.5","4"
"2.7841960021138172","273","4"
"4.608778396879821","274.5","4"
"8.621590335718071","276","4"
"7.377079072248364","277.5","4"
"2.4406892413142702","279","4"
"3.6060513430265497","280.5","4"
"8.489136918056015","282","4"
"8.33035169867161","283.5","4"
"3.601754043449164","285","4"
"3.95295651872124","286.5","4"
"7.95160486369437","288","4"
"8.235725359101409","289.5","4"
"3.4107802268346763","291","4"
"2.689444488909137","292.5","4"
"7.255917893406974","294","4"
"8.673471357542484","295.5","4"
"4.272331872593511","297","4"
"3.810282230275355","298.5","4"
"7.593848760161988","300","4"
"3.705788117988665","1.5","5"
"8.47838282730169","3","5"
"8.842615434394393","4.5","5"
"3.5128765740876773","6","5"
"2.807329223227562","7.5","5"
"7.902704847046977","9","5"
"9.654569491538886","10.5","5"
"4.43104957706483","12","5"
"3.511724878088555","13.5","5"
"8.023685164770832","15","5"
"9.159585631089206","16.5","5"
"4.741966100822876","18","5"
"2.4114698218311776","19.5","5"
"6.4383142671850555","21","5"
"9.224795180937697","22.5","5"
"5.36167809588701","24","5"
"3.584497083821743","25.5","5"
"7.562422785764016","27","5"
"9.065903514683027","28.5","5"
"5.17211790356584","30","5"
"2.294942285108638","31.5","5"
"5.623719736286477","33","5"
"9.304336619124438","34.5","5"
"5.976683759418571","36","5"
"2.9252637313140277","37.5","5"
"6.698143192549836","39","5"
"9.663463718921072","40.5","5"
"6.60685169543837","42","5"
"2.4681690429638574","43.5","5"
"4.150042652613057","45","5"
"8.663542230032716","46.5","5"
"7.473614556149161","48","5"
"2.988169642759481","49.5","5"
"5.152949581964694","51","5"
"9.285192938002519","52.5","5"
"7.9981127826182945","54","5"
"3.4716417177185717","55.5","5"
"3.2571931629482376","57","5"
"7.672120720858895","58.5","5"
"8.383435175882354","60","5"
"3.3853300614591104","61.5","5"
"3.3846921194518944","63","5"
"8.435781409954593","64.5","5"
"9.330308669850055","66","5"
"4.64215047632723","67.5","5"
"2.5507141555685067","69","5"
"6.373201308015139","70.5","5"
"9.043218503886441","72","5"
"4.9607158976472725","73.5","5"
"2.1933688088248577","75","5"
"6.518500300308404","76.5","5"
"9.77867865731513","78","5"
"6.4802922804076815","79.5","5"
"2.5917548449612946","81","5"
"4.896283508513636","82.5","5"
"8.76634526622998","84","5"
"6.742974080457495","85.5","5"
"2.181144913484575","87","5"
"4.358930836840772","88.5","5"
"9.08907542134916","90","5"
"8.009060054729769","91.5","5"
"3.220076962682114","93","5"
"3.8701029073166544","94.5","5"
"8.113426282929264","96","5"
"8.174646539190721","97.5","5"
"3.1046005888034465","99","5"
"2.7851318475149016","100.5","5"
"7.691167318492655","102","5"
"8.897940209595728","103.5","5"
"4.268834402971869","105","5"
"3.5111369562541714","106.5","5"
"7.340105047547387","108","5"
"8.598435184577815","109.5","5"
"4.2095149132780705","111","5"
"2.2976855096611057","112.5","5"
"6.480404148183378","114","5"
"8.866201301111559","115.5","5"
"4.908954135742325","117","5"
"3.4142813925282014","118.5","5"
"7.019049952206134","120","5"
"8.930378907689976","121.5","5"
"4.936253322679169","123","5"
"2.091653403380724","124.5","5"
"5.678167803236874","126","5"
"8.74562459443746","127.5","5"
"5.52525736691004","129","5"
"3.2994195522014835","130.5","5"
"6.6799545764028","132","5"
"8.98782276410493","133.5","5"
"5.370042060156206","135","5"
"2.129658139327814","136.5","5"
"5.316729919298226","138","5"
"8.661925814595351","139.5","5"
"5.792178807815845","141","5"
"3.12806744200594","142.5","5"
"6.4909621007230465","144","5"
"9.114785297375791","145.5","5"
"5.644860281845042","147","5"
"2.076239058789983","148.5","5"
"5.085895938650769","150","5"
"8.605507987735455","151.5","5"
"6.019412814448071","153","5"
"3.130599744056215","154.5","5"
"6.350817403874721","156","5"
"9.045482471117923","157.5","5"
"5.734024812789536","159","5"
"2.0894810987319716","160.5","5"
"5.017579717181196","162","5"
"8.622087087779311","163.5","5"
"6.087006577066676","165","5"
"3.118057493724305","166.5","5"
"6.278747451799535","168","5"
"9.039738282600261","169.5","5"
"5.843766115127857","171","5"
"2.0439098876259036","172.5","5"
"4.905458637359023","174","5"
"8.63199058919068","175.5","5"
"6.2010545423644885","177","5"
"3.201587979093287","178.5","5"
"6.210731844176544","180","5"
"8.966423000704884","181.5","5"
"5.889861552429503","183","5"
"2.024614174747148","184.5","5"
"4.821662774028753","186","5"
"8.693162057303265","187.5","5"
"6.287258766134515","189","5"
"3.159197977057967","190.5","5"
"6.116924554135886","192","5"
"9.040894413885644","193.5","5"
"6.103657134500292","195","5"
"1.9759960451821255","196.5","5"
"4.582846756540137","198","5"
"8.72861280757836","199.5","5"
"6.535382971056349","201","5"
"3.0868101628007367","202.5","5"
"5.934581065371051","204","5"
"9.052378848444292","205.5","5"
"6.454242858577288","207","5"
"2.026827875401003","208.5","5"
"4.28296226814211","210","5"
"8.72961616789253","211.5","5"
"6.853926215945085","213","5"
"2.844756386341545","214.5","5"
"5.546734994224447","216","5"
"9.200534165089682","217.5","5"
"7.090691652752336","219","5"
"2.297090934897331","220.5","5"
"3.9794038842911683","222","5"
"8.73013263233715","223.5","5"
"7.361106127993521","225","5"
"2.528662158683292","226.5","5"
"4.533893516457613","228","5"
"9.164735491247885","229.5","5"
"8.154437403746979","231","5"
"2.7884893592145263","232.5","5"
"3.6355351548517603","234","5"
"8.602085917980254","235.5","5"
"8.134001083084753","237","5"
"2.7994346600876616","238.5","5"
"3.055044149789417","240","5"
"8.304310654604153","241.5","5"
"9.320185375363971","243","5"
"3.8747821343220763","244.5","5"
"3.385201930967124","246","5"
"8.169396638686376","247.5","5"
"8.845727034111322","249","5"
"3.915870626244567","250.5","5"
"1.9693903023082524","252","5"
"6.616789200711074","253.5","5"
"9.735237492435937","255","5"
"5.39697607519089","256.5","5"
"3.5667145427723868","258","5"
"7.669519179061989","259.5","5"
"9.051416884135225","261","5"
"5.119991955377902","262.5","5"
"1.923520078986751","264","5"
"4.964507081781313","265.5","5"
"9.204097178386068","267","5"
"6.6870396998000565","268.5","5"
"3.8533779356357694","270","5"
"7.354617304193586","271.5","5"
"9.156079783704628","273","5"
"5.935728326083913","274.5","5"
"2.2467112574722896","276","5"
"3.8453471106457373","277.5","5"
"8.520228274746069","279","5"
"7.56844590450654","280.5","5"
"4.064205818388322","282","5"
"6.965891075128953","283.5","5"
"9.173762777217902","285","5"
"6.556610743911383","286.5","5"
"2.690480867465472","288","5"
"3.1985961321054077","289.5","5"
"7.83179053344759","291","5"
"8.0536396097493","292.5","5"
"4.30797974670243","294","5"
"6.6358624100624","295.5","5"
"9.185552753718978","297","5"
"6.968769575912383","298.5","5"
"2.956707446857044","300","5"
"9.779990516429235","1.5","6"
"7.619566028332387","3","6"
"2.800063485117563","4.5","6"
"4.690887373002132","6","6"
"9.030254654954938","7.5","6"
"7.912203258979837","9","6"
"3.2566532900483494","10.5","6"
"5.386970562195516","12","6"
"9.160526897395721","13.5","6"
"6.946842506256854","15","6"
"2.6085286047910516","16.5","6"
"4.5628258743576975","18","6"
"8.808093137376614","19.5","6"
"7.396238523276988","21","6"
"3.1891366521297284","22.5","6"
"5.899465425613459","24","6"
"9.281754112721442","25.5","6"
"6.910284905654833","27","6"
"2.348491713781586","28.5","6"
"4.155849427947958","30","6"
"8.567735118697902","31.5","6"
"7.35590846530514","33","6"
"3.7038747847766005","34.5","6"
"6.450683787757577","36","6"
"9.039678159830943","37.5","6"
"6.462821687825353","39","6"
"2.399270074160538","40.5","6"
"4.161393042964702","42","6"
"8.543913688999316","43.5","6"
"7.121057593733914","45","6"
"4.0186263527217125","46.5","6"
"7.108532345332671","48","6"
"9.243345519319803","49.5","6"
"6.421441452628802","51","6"
"2.4513987328011924","52.5","6"
"3.904777728900855","54","6"
"8.588695295948519","55.5","6"
"7.619137776803401","57","6"
"4.378494884538322","58.5","6"
"7.1212419045185404","60","6"
"9.259410126157373","61.5","6"
"6.647876614924452","63","6"
"2.852934561397361","64.5","6"
"3.623931706778442","66","6"
"8.506647428214693","67.5","6"
"8.46636320153421","69","6"
"4.47948487427398","70.5","6"
"6.523985270984586","72","6"
"9.52042672262095","73.5","6"
"7.543517131671441","75","6"
"3.2815561903802584","76.5","6"
"2.9528950719108678","78","6"
"7.970765793151748","79.5","6"
"9.832817732656007","81","6"
"5.240158644477644","82.5","6"
"5.240064025037407","84","6"
"9.253123847096694","85.5","6"
"8.798777064990043","87","6"
"4.258062078262916","88.5","6"
"2.6538587088078724","90","6"
"6.472072216537178","91.5","6"
"10.223136722297946","93","6"
"6.8729969612484885","94.5","6"
"4.2596642022223286","96","6"
"8.028543774465035","97.5","6"
"9.599488164272326","99","6"
"5.653161166487415","100.5","6"
"3.1407210673039616","102","6"
"5.107205025087256","103.5","6"
"9.187232248783168","105","6"
"8.326027787376658","106.5","6"
"4.202509132223929","108","6"
"6.239417304474763","109.5","6"
"9.74014784713652","111","6"
"7.4205527625601375","112.5","6"
"3.5554824267210363","114","6"
"3.6741066218210974","115.5","6"
"7.761225129034073","117","6"
"9.201692267613403","118.5","6"
"4.829023870793365","120","6"
"4.343818338120575","121.5","6"
"9.053859248436318","123","6"
"9.230224956940408","124.5","6"
"4.537277639874804","126","6"
"2.3402265578340944","127.5","6"
"5.719076912470584","129","6"
"9.312342803635241","130.5","6"
"6.395210184061704","132","6"
"3.7191775079964384","133.5","6"
"7.7546540060335145","135","6"
"9.246656214108894","136.5","6"
"5.637041364976372","138","6"
"2.3062525114791415","139.5","6"
"4.533116355742758","141","6"
"8.637157204875235","142.5","6"
"6.96628285874868","144","6"
"4.324449935828096","145.5","6"
"7.480594711104906","147","6"
"8.995366693225414","148.5","6"
"5.574956227894008","150","6"
"2.0985480558735468","151.5","6"
"4.230663343789989","153","6"
"8.69420681362254","154.5","6"
"7.09665317029679","156","6"
"4.112713558606402","157.5","6"
"7.622802308874209","159","6"
"9.111198629219343","160.5","6"
"5.977239648629958","162","6"
"2.507382887226672","163.5","6"
"4.083501038457493","165","6"
"8.333220836072934","166.5","6"
"7.009141522698919","168","6"
"3.9067610410739273","169.5","6"
"7.126135503693248","171","6"
"9.416985005202093","172.5","6"
"6.415656853725206","174","6"
"2.7609972373253253","175.5","6"
"3.9568903712300108","177","6"
"8.278037990031953","178.5","6"
"7.411284492703269","180","6"
"3.063985194082136","181.5","6"
"5.419053944579294","183","6"
"9.472624192918378","184.5","6"
"8.101036557163777","186","6"
"3.6377234758120105","187.5","6"
"3.255368781866187","189","6"
"7.45020856493036","190.5","6"
"8.307362131551766","192","6"
"3.4911968948436","193.5","6"
"3.2416588192236557","195","6"
"8.18704809238624","196.5","6"
"9.34244854115617","198","6"
"4.995080002788407","199.5","6"
"2.9095238859926833","201","6"
"6.3516251187838195","202.5","6"
"8.763515553595422","204","6"
"4.898049245255124","205.5","6"
"2.131566051634448","207","6"
"6.132766903850819","208.5","6"
"9.533025892459877","210","6"
"6.343552897788684","211.5","6"
"2.8545672395510167","213","6"
"5.360144472459851","214.5","6"
"8.801051874032385","216","6"
"6.792594091907933","217.5","6"
"2.3274403667578256","219","6"
"4.272913880712879","220.5","6"
"8.44731019737585","222","6"
"7.304995814314394","223.5","6"
"3.173317957274854","225","6"
"4.959319768094207","226.5","6"
"8.745358477261798","228","6"
"7.437114121458948","229.5","6"
"2.746774013500472","231","6"
"3.7218810613773488","232.5","6"
"7.927441916953681","234","6"
"7.757824250091006","235.5","6"
"3.1837687237298806","237","6"
"4.466541723345028","238.5","6"
"8.83407800115143","240","6"
"7.758999108140603","241.5","6"
"3.0696682742113115","243","6"
"3.766698643426224","244.5","6"
"7.686590103071238","246","6"
"7.667541041389555","247.5","6"
"3.1319002685498756","249","6"
"4.385782552674834","250.5","6"
"8.991635139051107","252","6"
"7.697239718193635","253.5","6"
"2.9567325801458564","255","6"
"3.8756154753295715","256.5","6"
"7.7962422068747514","258","6"
"7.641879953511796","259.5","6"
"3.059279848168732","261","6"
"4.314019620970829","262.5","6"
"9.022188347674819","264","6"
"7.780846342643432","265.5","6"
"2.9843631815283196","267","6"
"3.7575311531293987","268.5","6"
"7.735366424512904","270","6"
"7.691608383070838","271.5","6"
"3.168589449310976","273","6"
"4.194985901105996","274.5","6"
"8.903196516624673","276","6"
"7.939379243520541","277.5","6"
"3.087113240695243","279","6"
"3.517362619735951","280.5","6"
"7.606516430533169","282","6"
"7.92086290899977","283.5","6"
"3.37163636153287","285","6"
"3.897115525480076","286.5","6"
"8.550976635965267","288","6"
"8.234632800252434","289.5","6"
"3.333515076119031","291","6"
"3.2345399383698568","292.5","6"
"7.361627520533989","294","6"
"8.216066199154039","295.5","6"
"3.775792951499742","297","6"
"3.5679293183983334","298.5","6"
"8.058999406791003","300","6"
"3.375282166839464","1.5","7"
"4.989480207479022","3","7"
"9.309305125355998","4.5","7"
"8.067230312472367","6","7"
"3.3461014329087595","7.5","7"
"4.841008999889927","9","7"
"8.7610613618643","10.5","7"
"7.021603691473338","12","7"
"2.7940955610485103","13.5","7"
"5.4467843399026314","15","7"
"9.755686133337777","16.5","7"
"7.32856886798236","18","7"
"2.5540376634067967","19.5","7"
"5.0821609348093695","21","7"
"9.232872330028679","22.5","7"
"7.481101319357836","24","7"
"2.60626020227331","25.5","7"
"4.673794765371164","27","7"
"9.215461367406082","28.5","7"
"7.824390504725798","30","7"
"3.449253131887101","31.5","7"
"5.184898920141471","33","7"
"8.507148122752609","34.5","7"
"7.146371250854556","36","7"
"3.1778498342144914","37.5","7"
"4.789319188184326","39","7"
"8.962188780754323","40.5","7"
"7.4319208940568275","42","7"
"3.210773949749534","43.5","7"
"5.294458375743088","45","7"
"8.882911488504908","46.5","7"
"7.4543319027243955","48","7"
"2.949565157547978","49.5","7"
"4.115349104264643","51","7"
"8.861659567980231","52.5","7"
"8.302617360871597","54","7"
"3.662520668488031","55.5","7"
"4.699688459372836","57","7"
"8.378639153005391","58.5","7"
"7.993898275051116","60","7"
"3.6859941746199163","61.5","7"
"3.5720051000674586","63","7"
"8.161518091857975","64.5","7"
"8.810630121117944","66","7"
"4.234610255752751","67.5","7"
"4.142535684211415","69","7"
"7.939450208100718","70.5","7"
"8.606567528342266","72","7"
"4.476710356312893","73.5","7"
"2.8675453799604727","75","7"
"7.268567329823528","76.5","7"
"9.633210138524776","78","7"
"5.580991174066561","79.5","7"
"3.4790614588237463","81","7"
"6.845246853541769","82.5","7"
"9.113577913893613","84","7"
"6.194607114569656","85.5","7"
"2.636307541858468","87","7"
"5.451553751062028","88.5","7"
"9.60938575196868","90","7"
"7.90979933382634","91.5","7"
"3.720015530694987","93","7"
"5.107754507774043","94.5","7"
"8.602975932089974","96","7"
"8.361304083058817","97.5","7"
"4.014857837828562","99","7"
"3.4108605547969604","100.5","7"
"7.829169279267301","102","7"
"10.020601839234413","103.5","7"
"6.269525998853199","105","7"
"3.624824677745669","106.5","7"
"6.287002505150543","108","7"
"9.273011670691302","109.5","7"
"7.750650420968529","111","7"
"3.5624182288141704","112.5","7"
"4.318426817085572","114","7"
"8.665097537081596","115.5","7"
"10.153140020145013","117","7"
"6.27431955768224","118.5","7"
"3.6551053626691177","120","7"
"6.3223606072237395","121.5","7"
"9.562366789505564","123","7"
"8.733805049361312","124.5","7"
"4.502203396122315","126","7"
"3.8076538303560907","127.5","7"
"7.576595003796867","129","7"
"10.53204948228516","130.5","7"
"8.665625828956246","132","7"
"4.606839683974152","133.5","7"
"4.677210921411351","135","7"
"8.132034772842347","136.5","7"
"10.333413708654685","138","7"
"8.322868877939612","139.5","7"
"4.260539924854097","141","7"
"4.138287172782901","142.5","7"
"7.683745113339557","144","7"
"10.529904774973144","145.5","7"
"9.682388592587445","147","7"
"6.151270425322391","148.5","7"
"4.2539988632381975","150","7"
"6.140007755076797","151.5","7"
"9.009738991949597","153","7"
"9.686431602419196","154.5","7"
"7.797975910993243","156","7"
"6.192998584085644","157.5","7"
"6.724274913580852","159","7"
"7.788226166172257","160.5","7"
"7.668794748972682","162","7"
"7.345408171486865","163.5","7"
"7.735361496417059","165","7"
"7.844951506212919","166.5","7"
"7.822586821646299","168","7"
"7.2432024205060905","169.5","7"
"6.613402120436376","171","7"
"7.064384491509216","172.5","7"
"8.112636801974796","174","7"
"8.6959957124145","175.5","7"
"8.394822034143257","177","7"
"7.7531228466542785","178.5","7"
"7.102159331785108","180","7"
"6.912228546656348","181.5","7"
"7.580286640394825","183","7"
"8.343347087416525","184.5","7"
"8.299533358491404","186","7"
"7.6257059429464515","187.5","7"
"6.751201043662183","189","7"
"6.265772761057171","190.5","7"
"6.3145490824988375","192","7"
"7.104492292358428","193.5","7"
"8.021817909254924","195","7"
"6.5433270615594985","196.5","7"
"4.577155791457609","198","7"
"4.818837496680456","199.5","7"
"5.055149055860325","201","7"
"5.3158714450019176","202.5","7"
"6.077349480447587","204","7"
"6.479389453248763","205.5","7"
"5.946845124692476","207","7"
"5.8333224944118065","208.5","7"
"5.7927085781192496","210","7"
"4.985191285664573","211.5","7"
"5.059180731071631","213","7"
"5.91195814858212","214.5","7"
"6.513637748137525","216","7"
"5.96271999983999","217.5","7"
"5.427648543734065","219","7"
"5.2634414333003035","220.5","7"
"5.373644991028943","222","7"
"5.158126053840939","223.5","7"
"5.810527094268279","225","7"
"6.5412089659650485","226.5","7"
"6.004630990959115","228","7"
"5.6154089954524125","229.5","7"
"5.7932329275172245","231","7"
"6.010499367492087","232.5","7"
"5.680247952493312","234","7"
"5.798474943068216","235.5","7"
"6.3961297667464985","237","7"
"6.280404770432418","238.5","7"
"5.776310339192929","240","7"
"5.666823819409828","241.5","7"
"5.776307875145006","243","7"
"5.576342994064967","244.5","7"
"5.661290553394359","246","7"
"6.232832382805838","247.5","7"
"6.355396590534477","249","7"
"5.901589434922924","250.5","7"
"5.571222702481362","252","7"
"5.751212532670325","253.5","7"
"5.7912538042256205","255","7"
"5.810769063774299","256.5","7"
"6.148357427868041","258","7"
"6.475273507598496","259.5","7"
"6.159859603571732","261","7"
"5.619067613808205","262.5","7"
"5.542810751502574","264","7"
"5.861448123021963","265.5","7"
"5.7613072442005056","267","7"
"5.841137961613384","268.5","7"
"6.334122493578494","270","7"
"6.504244797455762","271.5","7"
"6.071061722958153","273","7"
"5.678577328001645","274.5","7"
"5.7062466149364965","276","7"
"5.872665947595361","277.5","7"
"5.863239485861848","279","7"
"6.127578604544545","280.5","7"
"6.457741313818098","282","7"
"6.34823360322286","283.5","7"
"5.975232928001619","285","7"
"5.80950106471322","286.5","7"
"5.8691852334995955","288","7"
"5.848355157979303","289.5","7"
"5.943057390225527","291","7"
"6.259873830329957","292.5","7"
"6.372278275663254","294","7"
"6.168962289408188","295.5","7"
"5.966895575449989","297","7"
"5.988673323801395","298.5","7"
"5.96534568930654","300","7"
"3.375282166839464","1.5","8"
"4.989480207479022","3","8"
"9.309305125355998","4.5","8"
"8.067230312472367","6","8"
"3.3461014329087595","7.5","8"
"4.841008999889927","9","8"
"8.7610613618643","10.5","8"
"7.021603691473338","12","8"
"2.7940955610485103","13.5","8"
"5.4467843399026314","15","8"
"9.755686133337777","16.5","8"
"7.32856886798236","18","8"
"2.5540376634067967","19.5","8"
"5.0821609348093695","21","8"
"9.232872330028679","22.5","8"
"7.481101319357836","24","8"
"2.60626020227331","25.5","8"
"4.673794765371164","27","8"
"9.215461367406082","28.5","8"
"7.824390504725798","30","8"
"3.449253131887101","31.5","8"
"5.184898920141471","33","8"
"8.507148122752609","34.5","8"
"7.146371250854556","36","8"
"3.1778498342144914","37.5","8"
"4.789319188184326","39","8"
"8.962188780754323","40.5","8"
"7.4319208940568275","42","8"
"3.210773949749534","43.5","8"
"5.294458375743088","45","8"
"8.882911488504908","46.5","8"
"7.4543319027243955","48","8"
"2.949565157547978","49.5","8"
"4.115349104264643","51","8"
"8.861659567980231","52.5","8"
"8.302617360871597","54","8"
"3.662520668488031","55.5","8"
"4.699688459372836","57","8"
"8.378639153005391","58.5","8"
"7.993898275051116","60","8"
"3.6859941746199163","61.5","8"
"3.5720051000674586","63","8"
"8.161518091857975","64.5","8"
"8.810630121117944","66","8"
"4.234610255752751","67.5","8"
"4.142535684211415","69","8"
"7.939450208100718","70.5","8"
"8.606567528342266","72","8"
"4.476710356312893","73.5","8"
"2.8675453799604727","75","8"
"7.268567329823528","76.5","8"
"9.633210138524776","78","8"
"5.580991174066561","79.5","8"
"3.4790614588237463","81","8"
"6.845246853541769","82.5","8"
"9.113577913893613","84","8"
"6.194607114569656","85.5","8"
"2.636307541858468","87","8"
"5.451553751062028","88.5","8"
"9.60938575196868","90","8"
"7.90979933382634","91.5","8"
"3.720015530694987","93","8"
"5.107754507774043","94.5","8"
"8.602975932089974","96","8"
"8.361304083058817","97.5","8"
"4.014857837828562","99","8"
"3.4108605547969604","100.5","8"
"7.829169279267301","102","8"
"10.020601839234413","103.5","8"
"6.269525998853199","105","8"
"3.624824677745669","106.5","8"
"6.287002505150543","108","8"
"9.273011670691302","109.5","8"
"7.750650420968529","111","8"
"3.5624182288141704","112.5","8"
"4.318426817085572","114","8"
"8.665097537081596","115.5","8"
"10.153140020145013","117","8"
"6.27431955768224","118.5","8"
"3.6551053626691177","120","8"
"6.3223606072237395","121.5","8"
"9.562366789505564","123","8"
"8.733805049361312","124.5","8"
"4.502203396122315","126","8"
"3.8076538303560907","127.5","8"
"7.576595003796867","129","8"
"10.53204948228516","130.5","8"
"8.665625828956246","132","8"
"4.606839683974152","133.5","8"
"4.677210921411351","135","8"
"8.132034772842347","136.5","8"
"10.333413708654685","138","8"
"8.322868877939612","139.5","8"
"4.260539924854097","141","8"
"4.138287172782901","142.5","8"
"7.683745113339557","144","8"
"10.529904774973144","145.5","8"
"9.682388592587445","147","8"
"6.151270425322391","148.5","8"
"4.2539988632381975","150","8"
"6.140007755076797","151.5","8"
"9.009738991949597","153","8"
"9.686431602419196","154.5","8"
"7.797975910993243","156","8"
"6.192998584085644","157.5","8"
"6.724274913580852","159","8"
"7.788226166172257","160.5","8"
"7.668794748972682","162","8"
"7.345408171486865","163.5","8"
"7.735361496417059","165","8"
"7.844951506212919","166.5","8"
"7.822586821646299","168","8"
"7.2432024205060905","169.5","8"
"6.613402120436376","171","8"
"7.064384491509216","172.5","8"
"8.112636801974796","174","8"
"8.6959957124145","175.5","8"
"8.394822034143257","177","8"
"7.7531228466542785","178.5","8"
"7.102159331785108","180","8"
"6.912228546656348","181.5","8"
"7.580286640394825","183","8"
"8.343347087416525","184.5","8"
"8.299533358491404","186","8"
"7.6257059429464515","187.5","8"
"6.751201043662183","189","8"
"6.265772761057171","190.5","8"
"6.3145490824988375","192","8"
"7.104492292358428","193.5","8"
"8.021817909254924","195","8"
"6.5433270615594985","196.5","8"
"4.577155791457609","198","8"
"4.818837496680456","199.5","8"
"5.055149055860325","201","8"
"5.3158714450019176","202.5","8"
"6.077349480447587","204","8"
"6.479389453248763","205.5","8"
"5.946845124692476","207","8"
"5.8333224944118065","208.5","8"
"5.7927085781192496","210","8"
"4.985191285664573","211.5","8"
"5.059180731071631","213","8"
"5.91195814858212","214.5","8"
"6.513637748137525","216","8"
"5.96271999983999","217.5","8"
"5.427648543734065","219","8"
"5.2634414333003035","220.5","8"
"5.373644991028943","222","8"
"5.158126053840939","223.5","8"
"5.810527094268279","225","8"
"6.5412089659650485","226.5","8"
"6.004630990959115","228","8"
"5.6154089954524125","229.5","8"
"5.7932329275172245","231","8"
"6.010499367492087","232.5","8"
"5.680247952493312","234","8"
"5.798474943068216","235.5","8"
"6.3961297667464985","237","8"
"6.280404770432418","238.5","8"
"5.776310339192929","240","8"
"5.666823819409828","241.5","8"
"5.776307875145006","243","8"
"5.576342994064967","244.5","8"
"5.661290553394359","246","8"
"6.232832382805838","247.5","8"
"6.355396590534477","249","8"
"5.901589434922924","250.5","8"
"5.571222702481362","252","8"
"5.751212532670325","253.5","8"
"5.7912538042256205","255","8"
"5.810769063774299","256.5","8"
"6.148357427868041","258","8"
"6.475273507598496","259.5","8"
"6.159859603571732","261","8"
"5.619067613808205","262.5","8"
"5.542810751502574","264","8"
"5.861448123021963","265.5","8"
"5.7613072442005056","267","8"
"5.841137961613384","268.5","8"
"6.334122493578494","270","8"
"6.504244797455762","271.5","8"
"6.071061722958153","273","8"
"5.678577328001645","274.5","8"
"5.7062466149364965","276","8"
"5.872665947595361","277.5","8"
"5.863239485861848","279","8"
"6.127578604544545","280.5","8"
"6.457741313818098","282","8"
"6.34823360322286","283.5","8"
"5.975232928001619","285","8"
"5.80950106471322","286.5","8"
"5.8691852334995955","288","8"
"5.848355157979303","289.5","8"
"5.943057390225527","291","8"
"6.259873830329957","292.5","8"
"6.372278275663254","294","8"
"6.168962289408188","295.5","8"
"5.966895575449989","297","8"
"5.988673323801395","298.5","8"
"5.96534568930654","300","8"
"9.402618620192925","1.5","9"
"3.473939688811387","3","9"
"3.3880912735614146","4.5","9"
"8.176426074600577","6","9"
"8.708218375730823","7.5","9"
"3.451746009170611","9","9"
"3.2789053676248963","10.5","9"
"7.694560805291952","12","9"
"8.28662766109088","13.5","9"
"4.4724781076006686","15","9"
"4.554899524999593","16.5","9"
"7.714632446861602","18","9"
"7.274927530321892","19.5","9"
"3.063283433233719","21","9"
"3.6629669075668523","22.5","9"
"8.0650649071578","24","9"
"8.117064203282506","25.5","9"
"3.603160768408298","27","9"
"4.347320243028477","28.5","9"
"8.170813959051578","30","9"
"8.172751686338078","31.5","9"
"3.3220833721859324","33","9"
"2.9279010018058145","34.5","9"
"7.302451931238882","36","9"
"8.216841388630556","37.5","9"
"4.245617650633541","39","9"
"4.481082562947131","40.5","9"
"7.856831174058384","42","9"
"7.828875564754902","43.5","9"
"3.374715435817217","45","9"
"2.9391171015456665","46.5","9"
"7.358846103238717","48","9"
"8.297442860233689","49.5","9"
"3.9284431843659275","51","9"
"4.228872473759689","52.5","9"
"8.053837719202294","54","9"
"8.387783727656535","55.5","9"
"3.580030996961645","57","9"
"2.4804397552146735","58.5","9"
"6.951043707965251","60","9"
"8.502593576572082","61.5","9"
"4.3804365543014985","63","9"
"4.148068457417299","64.5","9"
"7.783367556478054","66","9"
"8.324034865416687","67.5","9"
"3.833395246196133","69","9"
"2.4396811993090477","70.5","9"
"6.840703149172103","72","9"
"8.643654406438108","73.5","9"
"4.360028816595177","75","9"
"3.7415584552793484","76.5","9"
"7.754611131599658","78","9"
"8.842008292986213","79.5","9"
"4.216644882347522","81","9"
"2.0501227380584846","82.5","9"
"6.442087217364467","84","9"
"8.941510490586076","85.5","9"
"4.873608353908742","87","9"
"3.253910065495882","88.5","9"
"7.228715789958288","90","9"
"9.091237869806221","91.5","9"
"4.882542498867277","93","9"
"2.03621910124922","94.5","9"
"6.062291190781693","96","9"
"9.14904837655209","97.5","9"
"5.290618896269761","99","9"
"2.481006732641713","100.5","9"
"6.435960608609185","102","9"
"9.576839621384998","103.5","9"
"5.912100077742474","105","9"
"2.0699574614203557","106.5","9"
"5.480509271012587","108","9"
"9.328979069590906","109.5","9"
"6.370579561025266","111","9"
"2.062037148979662","112.5","9"
"4.938987430254323","114","9"
"9.440886270053378","115.5","9"
"7.457361696050286","117","9"
"2.626102687386138","118.5","9"
"4.797331779219729","120","9"
"9.142751255680547","121.5","9"
"7.424288259211122","123","9"
"2.361084477095914","124.5","9"
"3.2845845052773956","126","9"
"8.55823867800338","127.5","9"
"8.942723787783269","129","9"
"3.5081980862966327","130.5","9"
"4.074071866271265","132","9"
"8.684242203822683","133.5","9"
"8.545080662095561","135","9"
"3.6793175903682624","136.5","9"
"2.201374254121285","138","9"
"6.8486265416727","139.5","9"
"9.457622083545123","141","9"
"4.924516569613227","142.5","9"
"3.868870883355248","144","9"
"8.143173747882216","145.5","9"
"8.936304450134758","147","9"
"4.724943472152915","148.5","9"
"1.9749275108003976","150","9"
"5.4091538928350165","151.5","9"
"9.270592961250268","153","9"
"6.13983625734137","154.5","9"
"3.747958080544478","156","9"
"7.684461165665927","157.5","9"
"9.247631977086328","159","9"
"5.650020983814581","160.5","9"
"2.1397972037206046","162","9"
"4.229253908378141","163.5","9"
"8.759797798089481","165","9"
"7.218239643809657","166.5","9"
"3.763037807427301","168","9"
"7.107907462779446","169.5","9"
"9.329677873581815","171","9"
"6.445892200166875","172.5","9"
"2.6051176232515014","174","9"
"3.437528206251188","175.5","9"
"8.12097908262227","177","9"
"7.933972629568305","178.5","9"
"3.794241524702635","180","9"
"6.427086093610382","181.5","9"
"9.403628879841278","183","9"
"7.208779178214809","184.5","9"
"3.023059575727343","186","9"
"2.798814705630282","187.5","9"
"7.456205564764903","189","9"
"8.542088322298097","190.5","9"
"4.103182621240962","192","9"
"5.6138083499217535","193.5","9"
"9.190876082851423","195","9"
"7.921082702074486","196.5","9"
"3.634560131088703","198","9"
"2.4433348895689946","199.5","9"
"6.726731076550312","201","9"
"8.889378135873537","202.5","9"
"4.600152750721222","204","9"
"4.720413566451615","205.5","9"
"8.855690658292009","207","9"
"8.642246942264597","208.5","9"
"4.282843008222645","210","9"
"2.2495853229694585","211.5","9"
"5.979470104809688","213","9"
"9.106923013263678","214.5","9"
"5.298082990237546","216","9"
"3.7834963045208325","217.5","9"
"8.097346891804156","219","9"
"9.345021992806757","220.5","9"
"5.391768063501233","222","9"
"2.3710983678542257","223.5","9"
"5.044246629421047","225","9"
"8.89817380133881","226.5","9"
"6.327272933162659","228","9"
"3.0986809600736804","229.5","9"
"6.638212126161595","231","9"
"9.626833182500535","232.5","9"
"6.816169116814239","234","9"
"2.791642354936558","235.5","9"
"4.0089727057697155","237","9"
"8.371739818821515","238.5","9"
"7.5739535444236115","240","9"
"2.8009929239940483","241.5","9"
"4.674999191995835","243","9"
"9.311878577006583","244.5","9"
"8.52322455702021","246","9"
"3.7235585852032","247.5","9"
"3.0020429717792947","249","9"
"7.303790402070554","250.5","9"
"8.705480325678993","252","9"
"3.796709761506917","253.5","9"
"2.70927884266382","255","9"
"7.731475200033198","256.5","9"
"9.662210996957114","258","9"
"5.394637200902556","259.5","9"
"2.5997829594986115","261","9"
"5.831518318522723","262.5","9"
"8.94194613425883","264","9"
"5.626304522557507","265.5","9"
"2.0007439568996896","267","9"
"5.559382459402661","268.5","9"
"9.564924471249444","270","9"
"7.048650067093302","271.5","9"
"2.7841960021138172","273","9"
"4.608778396879821","274.5","9"
"8.621590335718071","276","9"
"7.377079072248364","277.5","9"
"2.4406892413142702","279","9"
"3.6060513430265497","280.5","9"
"8.489136918056015","282","9"
"8.33035169867161","283.5","9"
"3.601754043449164","285","9"
"3.95295651872124","286.5","9"
"7.95160486369437","288","9"
"8.235725359101409","289.5","9"
"3.4107802268346763","291","9"
"2.689444488909137","292.5","9"
"7.255917893406974","294","9"
"8.673471357542484","295.5","9"
"4.272331872593511","297","9"
"3.810282230275355","298.5","9"
"7.593848760161988","300","9"
"9.402618620192925","1.5","10"
"3.473939688811387","3","10"
"3.3880912735614146","4.5","10"
"8.176426074600577","6","10"
"8.708218375730823","7.5","10"
"3.451746009170611","9","10"
"3.2789053676248963","10.5","10"
"7.694560805291952","12","10"
"8.28662766109088","13.5","10"
"4.4724781076006686","15","10"
"4.554899524999593","16.5","10"
"7.714632446861602","18","10"
"7.274927530321892","19.5","10"
"3.063283433233719","21","10"
"3.6629669075668523","22.5","10"
"8.0650649071578","24","10"
"8.117064203282506","25.5","10"
"3.603160768408298","27","10"
"4.347320243028477","28.5","10"
"8.170813959051578","30","10"
"8.172751686338078","31.5","10"
"3.3220833721859324","33","10"
"2.9279010018058145","34.5","10"
"7.302451931238882","36","10"
"8.216841388630556","37.5","10"
"4.245617650633541","39","10"
"4.481082562947131","40.5","10"
"7.856831174058384","42","10"
"7.828875564754902","43.5","10"
"3.374715435817217","45","10"
"2.9391171015456665","46.5","10"
"7.358846103238717","48","10"
"8.297442860233689","49.5","10"
"3.9284431843659275","51","10"
"4.228872473759689","52.5","10"
"8.053837719202294","54","10"
"8.387783727656535","55.5","10"
"3.580030996961645","57","10"
"2.4804397552146735","58.5","10"
"6.951043707965251","60","10"
"8.502593576572082","61.5","10"
"4.3804365543014985","63","10"
"4.148068457417299","64.5","10"
"7.783367556478054","66","10"
"8.324034865416687","67.5","10"
"3.833395246196133","69","10"
"2.4396811993090477","70.5","10"
"6.840703149172103","72","10"
"8.643654406438108","73.5","10"
"4.360028816595177","75","10"
"3.7415584552793484","76.5","10"
"7.754611131599658","78","10"
"8.842008292986213","79.5","10"
"4.216644882347522","81","10"
"2.0501227380584846","82.5","10"
"6.442087217364467","84","10"
"8.941510490586076","85.5","10"
"4.873608353908742","87","10"
"3.253910065495882","88.5","10"
"7.228715789958288","90","10"
"9.091237869806221","91.5","10"
"4.882542498867277","93","10"
"2.03621910124922","94.5","10"
"6.062291190781693","96","10"
"9.14904837655209","97.5","10"
"5.290618896269761","99","10"
"2.481006732641713","100.5","10"
"6.435960608609185","102","10"
"9.576839621384998","103.5","10"
"5.912100077742474","105","10"
"2.0699574614203557","106.5","10"
"5.480509271012587","108","10"
"9.328979069590906","109.5","10"
"6.370579561025266","111","10"
"2.062037148979662","112.5","10"
"4.938987430254323","114","10"
"9.440886270053378","115.5","10"
"7.457361696050286","117","10"
"2.626102687386138","118.5","10"
"4.797331779219729","120","10"
"9.142751255680547","121.5","10"
"7.424288259211122","123","10"
"2.361084477095914","124.5","10"
"3.2845845052773956","126","10"
"8.55823867800338","127.5","10"
"8.942723787783269","129","10"
"3.5081980862966327","130.5","10"
"4.074071866271265","132","10"
"8.684242203822683","133.5","10"
"8.545080662095561","135","10"
"3.6793175903682624","136.5","10"
"2.201374254121285","138","10"
"6.8486265416727","139.5","10"
"9.457622083545123","141","10"
"4.924516569613227","142.5","10"
"3.868870883355248","144","10"
"8.143173747882216","145.5","10"
"8.936304450134758","147","10"
"4.724943472152915","148.5","10"
"1.9749275108003976","150","10"
"5.4091538928350165","151.5","10"
"9.270592961250268","153","10"
"6.13983625734137","154.5","10"
"3.747958080544478","156","10"
"7.684461165665927","157.5","10"
"9.247631977086328","159","10"
"5.650020983814581","160.5","10"
"2.1397972037206046","162","10"
"4.229253908378141","163.5","10"
"8.759797798089481","165","10"
"7.218239643809657","166.5","10"
"3.763037807427301","168","10"
"7.107907462779446","169.5","10"
"9.329677873581815","171","10"
"6.445892200166875","172.5","10"
"2.6051176232515014","174","10"
"3.437528206251188","175.5","10"
"8.12097908262227","177","10"
"7.933972629568305","178.5","10"
"3.794241524702635","180","10"
"6.427086093610382","181.5","10"
"9.403628879841278","183","10"
"7.208779178214809","184.5","10"
"3.023059575727343","186","10"
"2.798814705630282","187.5","10"
"7.456205564764903","189","10"
"8.542088322298097","190.5","10"
"4.103182621240962","192","10"
"5.6138083499217535","193.5","10"
"9.190876082851423","195","10"
"7.921082702074486","196.5","10"
"3.634560131088703","198","10"
"2.4433348895689946","199.5","10"
"6.726731076550312","201","10"
"8.889378135873537","202.5","10"
"4.600152750721222","204","10"
"4.720413566451615","205.5","10"
"8.855690658292009","207","10"
"8.642246942264597","208.5","10"
"4.282843008222645","210","10"
"2.2495853229694585","211.5","10"
"5.979470104809688","213","10"
"9.106923013263678","214.5","10"
"5.298082990237546","216","10"
"3.7834963045208325","217.5","10"
"8.097346891804156","219","10"
"9.345021992806757","220.5","10"
"5.391768063501233","222","10"
"2.3710983678542257","223.5","10"
"5.044246629421047","225","10"
"8.89817380133881","226.5","10"
"6.327272933162659","228","10"
"3.0986809600736804","229.5","10"
"6.638212126161595","231","10"
"9.626833182500535","232.5","10"
"6.816169116814239","234","10"
"2.791642354936558","235.5","10"
"4.0089727057697155","237","10"
"8.371739818821515","238.5","10"
"7.5739535444236115","240","10"
"2.8009929239940483","241.5","10"
"4.674999191995835","243","10"
"9.311878577006583","244.5","10"
"8.52322455702021","246","10"
"3.7235585852032","247.5","10"
"3.0020429717792947","249","10"
"7.303790402070554","250.5","10"
"8.705480325678993","252","10"
"3.796709761506917","253.5","10"
"2.70927884266382","255","10"
"7.731475200033198","256.5","10"
"9.662210996957114","258","10"
"5.394637200902556","259.5","10"
"2.5997829594986115","261","10"
"5.831518318522723","262.5","10"
"8.94194613425883","264","10"
"5.626304522557507","265.5","10"
"2.0007439568996896","267","10"
"5.559382459402661","268.5","10"
"9.564924471249444","270","10"
"7.048650067093302","271.5","10"
"2.7841960021138172","273","10"
"4.608778396879821","274.5","10"
"8.621590335718071","276","10"
"7.377079072248364","277.5","10"
"2.4406892413142702","279","10"
"3.6060513430265497","280.5","10"
"8.489136918056015","282","10"
"8.33035169867161","283.5","10"
"3.601754043449164","285","10"
"3.95295651872124","286.5","10"
"7.95160486369437","288","10"
"8.235725359101409","289.5","10"
"3.4107802268346763","291","10"
"2.689444488909137","292.5","10"
"7.255917893406974","294","10"
"8.673471357542484","295.5","10"
"4.272331872593511","297","10"
"3.810282230275355","298.5","10"
"7.593848760161988","300","10"
"5.994038541748528","1.5","11"
"9.567380634218905","3","11"
"7.414241350210644","4.5","11"
"3.3039097867312255","6","11"
"5.557502390837555","7.5","11"
"9.022080915185382","9","11"
"6.042253553073378","10.5","11"
"2.0273571528948233","12","11"
"5.641006018084179","13.5","11"
"9.858056482719796","15","11"
"7.678497676883135","16.5","11"
"3.692935644023273","18","11"
"5.525447591409681","19.5","11"
"8.556346289198661","21","11"
"6.684883657867595","22.5","11"
"2.668706815185951","24","11"
"4.88191416664696","25.5","11"
"8.905248575734792","27","11"
"7.509567972200509","28.5","11"
"3.9834599535769106","30","11"
"5.940584471730192","31.5","11"
"8.627189638217873","33","11"
"6.668667758487563","34.5","11"
"2.5554517805096992","36","11"
"4.268992102038929","37.5","11"
"8.779383036599167","39","11"
"8.227122874993285","40.5","11"
"3.9256105148738616","42","11"
"5.5237271931499725","43.5","11"
"8.687970801139484","45","11"
"7.760681067252715","46.5","11"
"3.431038150427291","48","11"
"3.32984044145174","49.5","11"
"7.738092647134704","51","11"
"9.119174259535905","52.5","11"
"4.717739088836194","54","11"
"4.747164749130427","55.5","11"
"7.968407699289616","57","11"
"8.479012637950762","58.5","11"
"4.698982756047742","60","11"
"2.831052091009236","61.5","11"
"6.5700348769948675","63","11"
"9.687726706007426","64.5","11"
"6.337957044955976","66","11"
"3.691452287173739","67.5","11"
"6.699322978695279","69","11"
"9.217517368992876","70.5","11"
"6.888788058766628","72","11"
"2.8560059971331473","73.5","11"
"4.470277219996012","75","11"
"9.093640809340547","76.5","11"
"9.287312019216138","78","11"
"4.29364342307792","79.5","11"
"4.381934695438568","81","11"
"7.915148781866767","82.5","11"
"9.08733876037316","84","11"
"5.235023075796917","85.5","11"
"2.9189042700300396","87","11"
"6.57069080655192","88.5","11"
"10.245685717649192","90","11"
"7.460891198294924","91.5","11"
"3.3739215195764864","93","11"
"5.237015997756888","94.5","11"
"8.923568279231322","96","11"
"8.472508537053704","97.5","11"
"3.826907654420159","99","11"
"3.6561099550072482","100.5","11"
"8.407385721692096","102","11"
"10.613720843496381","103.5","11"
"5.936806100645351","105","11"
"2.9760635289099087","106.5","11"
"5.937728640187652","108","11"
"9.562395372461468","109.5","11"
"8.017735474656408","111","11"
"3.403294695649963","112.5","11"
"4.433008002353882","114","11"
"9.22178411437602","115.5","11"
"10.278671434382305","117","11"
"5.161350999762317","118.5","11"
"3.110012130851528","120","11"
"6.389012117916661","121.5","11"
"9.57569926000632","123","11"
"7.480940663433268","124.5","11"
"3.497293442214224","126","11"
"5.147884977864144","127.5","11"
"9.55562416876958","129","11"
"9.527610900744703","130.5","11"
"4.343927249038764","132","11"
"3.3342690747834114","133.5","11"
"7.048985177610804","135","11"
"9.714099903734878","136.5","11"
"6.829319247768707","138","11"
"3.3170788908546993","139.5","11"
"5.704006302565075","141","11"
"9.92683397396052","142.5","11"
"9.051444481471961","144","11"
"3.718118213794421","145.5","11"
"3.292113896515135","147","11"
"7.462325274186001","148.5","11"
"9.93044922507287","150","11"
"6.615481284073645","151.5","11"
"3.3150741414646987","153","11"
"5.961701362428699","154.5","11"
"9.808109245705207","156","11"
"8.389710613132173","157.5","11"
"3.4704323629980554","159","11"
"3.609077933090141","160.5","11"
"7.833366538499021","162","11"
"9.692284209045463","163.5","11"
"5.964470459484357","165","11"
"3.507767370719725","166.5","11"
"6.589232274361503","168","11"
"9.817609628876406","169.5","11"
"7.241077918387042","171","11"
"2.8611925716058764","172.5","11"
"4.2988351720512865","174","11"
"8.685702891431326","175.5","11"
"9.372032886136632","177","11"
"4.83913632346859","178.5","11"
"3.754531913997751","180","11"
"7.50001239435584","181.5","11"
"9.858936640637824","183","11"
"5.976418627862077","184.5","11"
"2.506448520254341","186","11"
"5.253002740680098","187.5","11"
"9.439404884442183","189","11"
"8.663363832963105","190.5","11"
"3.9738871273967824","192","11"
"4.438923688606971","193.5","11"
"8.334501155373628","195","11"
"9.221298204125642","196.5","11"
"4.56113356624431","198","11"
"2.8440920790215545","199.5","11"
"6.618352392713307","201","11"
"9.732848351569977","202.5","11"
"7.01899870000934","204","11"
"3.395588139366573","205.5","11"
"5.646058301945114","207","11"
"9.252393503292371","208.5","11"
"7.742555037922918","210","11"
"2.964440614858","211.5","11"
"3.833570440003445","213","11"
"8.384010777477123","214.5","11"
"9.51868020545326","216","11"
"4.9545562706498245","217.5","11"
"3.625275598515544","219","11"
"7.218311594009004","220.5","11"
"9.559970749305421","222","11"
"5.772943464111198","223.5","11"
"2.554895152083936","225","11"
"5.619528883579356","226.5","11"
"9.479879335622309","228","11"
"7.943510959077513","229.5","11"
"3.61924705886759","231","11"
"4.921606529016385","232.5","11"
"8.656916897977856","234","11"
"8.329446900274354","235.5","11"
"3.5114469334828615","237","11"
"3.466567257426331","238.5","11"
"7.828644437059742","240","11"
"9.49320490678888","241.5","11"
"5.29619109424241","243","11"
"3.4970310211104443","244.5","11"
"6.932513574776113","246","11"
"9.476910650684903","247.5","11"
"5.8614895190270655","249","11"
"2.4846697862837663","250.5","11"
"5.603854581932758","252","11"
"9.507940898986472","253.5","11"
"7.8233772882199375","255","11"
"3.4913422736710458","256.5","11"
"4.977093438571041","258","11"
"8.735085368662006","259.5","11"
"8.249217007097979","261","11"
"3.3864561313598363","262.5","11"
"3.6175099050820068","264","11"
"7.975750069290013","265.5","11"
"9.253232265205297","267","11"
"4.970324206117489","268.5","11"
"3.730859312793702","270","11"
"7.293539962711652","271.5","11"
"9.294372009324583","273","11"
"5.182425016026967","274.5","11"
"2.6296898483521693","276","11"
"6.255076821833824","277.5","11"
"9.616617239812552","279","11"
"6.981664431502048","280.5","11"
"3.226169321171269","282","11"
"5.604463694579278","283.5","11"
"9.218772062195173","285","11"
"7.5004352249793955","286.5","11"
"2.81448802165771","288","11"
"4.2690019582306205","289.5","11"
"8.654703197324002","291","11"
"8.727290106653394","292.5","11"
"4.1450652758089745","294","11"
"4.289835976227589","295.5","11"
"8.116726135907495","297","11"
"8.897991461792524","298.5","11"
"4.089789288756512","300","11"
"9.64596996428827","1.5","12"
"3.7093967161716246","3","12"
"3.7582405525263765","4.5","12"
"8.875730267238662","6","12"
"9.61382498070642","7.5","12"
"5.457433955025029","9","12"
"4.939389070065742","10.5","12"
"8.83042923898733","12","12"
"7.360003220143271","13.5","12"
"2.439698201239715","15","12"
"3.0682884073745362","16.5","12"
"9.425944283449441","18","12"
"10.674620280718287","19.5","12"
"4.161870082642559","21","12"
"3.7439059537354122","22.5","12"
"9.215772823063526","24","12"
"9.653387734155105","25.5","12"
"4.814400731990639","27","12"
"2.7168609645271076","28.5","12"
"6.288417361467822","30","12"
"9.959318010536547","31.5","12"
"7.342959400661173","33","12"
"4.375804637016195","34.5","12"
"7.021723937011971","36","12"
"9.175460999046306","37.5","12"
"6.093556509255097","39","12"
"3.7226981396685535","40.5","12"
"5.132192442262918","42","12"
"8.669502269148415","43.5","12"
"8.499233600824533","45","12"
"3.9694227653702296","46.5","12"
"4.800553275474015","48","12"
"9.813665180961566","49.5","12"
"9.37913328663101","51","12"
"3.7021425590868633","52.5","12"
"2.0494909561710752","54","12"
"6.2813337164993195","55.5","12"
"10.247925044401445","57","12"
"7.388897631705344","58.5","12"
"3.0984281487568","60","12"
"6.333101392119281","61.5","12"
"9.827793046131806","63","12"
"7.632578172603178","64.5","12"
"3.2809468313289467","66","12"
"3.2965755480889727","67.5","12"
"7.472530867872708","69","12"
"8.93389066878957","70.5","12"
"5.157756446652518","72","12"
"4.754378003019669","73.5","12"
"8.466441065448569","75","12"
"8.616188157052097","76.5","12"
"4.009571715819752","78","12"
"2.2262709943333867","79.5","12"
"6.255908191602981","81","12"
"9.620320211030956","82.5","12"
"6.431389799712367","84","12"
"3.5038665364531196","85.5","12"
"7.177379815534404","87","12"
"9.517477750066927","88.5","12"
"6.378138767242872","90","12"
"2.119225360422624","91.5","12"
"3.918642680157731","93","12"
"8.418247244935856","94.5","12"
"8.027799631992345","96","12"
"4.72230644806592","97.5","12"
"6.784042859996603","99","12"
"8.676723900800596","100.5","12"
"6.605053433264301","102","12"
"3.0341830272652976","103.5","12"
"3.5126471712260634","105","12"
"7.770415042166996","106.5","12"
"8.33306707948255","108","12"
"4.56068215266485","109.5","12"
"6.055319413588886","111","12"
"8.855682773338655","112.5","12"
"7.595612525665137","114","12"
"3.676654200968494","115.5","12"
"2.7180557813648796","117","12"
"6.907078686497669","118.5","12"
"9.02975691727453","120","12"
"5.152900793815822","121.5","12"
"4.649773254981245","123","12"
"8.027666573404513","124.5","12"
"8.51797317808711","126","12"
"4.9446404489988405","127.5","12"
"2.538690094514764","129","12"
"5.721661698741615","130.5","12"
"9.042955343568286","132","12"
"5.8419249785199305","133.5","12"
"3.1299078393994892","135","12"
"6.835095468909365","136.5","12"
"9.604158027895641","138","12"
"6.6993377629828155","139.5","12"
"2.533781464647728","141","12"
"4.072026460090538","142.5","12"
"8.590151055461316","144","12"
"7.596121105156406","145.5","12"
"2.5317274342992713","147","12"
"4.196588517874994","148.5","12"
"9.17133224034684","150","12"
"8.995051295091294","151.5","12"
"3.9907486073325913","153","12"
"2.7936865290933235","154.5","12"
"7.031261280902011","156","12"
"8.751948327026568","157.5","12"
"4.102917489684467","159","12"
"2.385501467177444","160.5","12"
"7.040421132650276","162","12"
"9.53304363360492","163.5","12"
"5.588277856583904","165","12"
"2.852107873319257","166.5","12"
"5.948521662899157","168","12"
"8.814703685143938","169.5","12"
"5.715875128599681","171","12"
"2.042050517063349","172.5","12"
"5.188571337165632","174","12"
"9.074377868299166","175.5","12"
"6.635578551741692","177","12"
"2.849675365209856","178.5","12"
"5.426808796201971","180","12"
"8.970161454213375","181.5","12"
"6.95889712150484","183","12"
"2.454733328855135","184.5","12"
"4.094224575017575","186","12"
"8.172555548123423","187.5","12"
"7.226077287442541","189","12"
"3.0324843126273104","190.5","12"
"5.170205802377738","192","12"
"9.155060653483753","193.5","12"
"7.102034158150629","195","12"
"2.62734506034882","196.5","12"
"4.107849774411561","198","12"
"8.071076198470294","199.5","12"
"7.295610748585984","201","12"
"2.742836218515025","202.5","12"
"5.083698993522789","204","12"
"9.38961041839881","205.5","12"
"7.217054929568369","207","12"
"2.7275906612069964","208.5","12"
"4.197723951157826","210","12"
"7.917813896100082","211.5","12"
"7.083300494603067","213","12"
"2.734642519957295","214.5","12"
"5.229134001261394","216","12"
"9.496782704372805","217.5","12"
"7.158128701923051","219","12"
"2.7487790092952653","220.5","12"
"4.156102732074423","222","12"
"7.942184808485456","223.5","12"
"7.180570757594446","225","12"
"2.782613097728202","226.5","12"
"4.959084205112785","228","12"
"9.488546870595595","229.5","12"
"7.645719432985123","231","12"
"3.096244509487603","232.5","12"
"3.7224320224928897","234","12"
"7.6311184706137025","235.5","12"
"7.6452729475015095","237","12"
"3.208298567206276","238.5","12"
"4.214430688884082","240","12"
"9.096643005329703","241.5","12"
"8.243653186888267","243","12"
"3.475583701585488","244.5","12"
"3.1897644915404615","246","12"
"7.199234442181001","247.5","12"
"8.264490161742742","249","12"
"3.779363849749483","250.5","12"
"3.260671905805665","252","12"
"8.196899355981646","253.5","12"
"8.97100218736464","255","12"
"4.195377191916139","256.5","12"
"2.6925679160560945","258","12"
"6.477096410251794","259.5","12"
"8.62682101664862","261","12"
"4.807377702601038","262.5","12"
"2.7757746255280193","264","12"
"7.102559493167773","265.5","12"
"9.13279058835737","267","12"
"4.829732530975966","268.5","12"
"2.3793958028295057","270","12"
"5.997565087135658","271.5","12"
"8.916749765819313","273","12"
"5.595050045894963","274.5","12"
"2.6755548971730327","276","12"
"6.193201128824899","277.5","12"
"8.991356208826243","279","12"
"5.486581177903983","280.5","12"
"2.191282499448612","282","12"
"5.490390103183067","283.5","12"
"8.950051866305715","285","12"
"6.031934613182221","286.5","12"
"2.9295824681083418","288","12"
"5.935923478679399","289.5","12"
"8.907316404751617","291","12"
"5.802086251703891","292.5","12"
"2.0250034943189523","294","12"
"5.069280863507242","295.5","12"
"8.956706766935648","297","12"
"6.381870321417179","298.5","12"
"3.092019652919148","300","12"
"9.779990516429235","1.5","13"
"7.619566028332387","3","13"
"2.800063485117563","4.5","13"
"4.690887373002132","6","13"
"9.030254654954938","7.5","13"
"7.912203258979837","9","13"
"3.2566532900483494","10.5","13"
"5.386970562195516","12","13"
"9.160526897395721","13.5","13"
"6.946842506256854","15","13"
"2.6085286047910516","16.5","13"
"4.5628258743576975","18","13"
"8.808093137376614","19.5","13"
"7.396238523276988","21","13"
"3.1891366521297284","22.5","13"
"5.899465425613459","24","13"
"9.281754112721442","25.5","13"
"6.910284905654833","27","13"
"2.348491713781586","28.5","13"
"4.155849427947958","30","13"
"8.567735118697902","31.5","13"
"7.35590846530514","33","13"
"3.7038747847766005","34.5","13"
"6.450683787757577","36","13"
"9.039678159830943","37.5","13"
"6.462821687825353","39","13"
"2.399270074160538","40.5","13"
"4.161393042964702","42","13"
"8.543913688999316","43.5","13"
"7.121057593733914","45","13"
"4.0186263527217125","46.5","13"
"7.108532345332671","48","13"
"9.243345519319803","49.5","13"
"6.421441452628802","51","13"
"2.4513987328011924","52.5","13"
"3.904777728900855","54","13"
"8.588695295948519","55.5","13"
"7.619137776803401","57","13"
"4.378494884538322","58.5","13"
"7.1212419045185404","60","13"
"9.259410126157373","61.5","13"
"6.647876614924452","63","13"
"2.852934561397361","64.5","13"
"3.623931706778442","66","13"
"8.506647428214693","67.5","13"
"8.46636320153421","69","13"
"4.47948487427398","70.5","13"
"6.523985270984586","72","13"
"9.52042672262095","73.5","13"
"7.543517131671441","75","13"
"3.2815561903802584","76.5","13"
"2.9528950719108678","78","13"
"7.970765793151748","79.5","13"
"9.832817732656007","81","13"
"5.240158644477644","82.5","13"
"5.240064025037407","84","13"
"9.253123847096694","85.5","13"
"8.798777064990043","87","13"
"4.258062078262916","88.5","13"
"2.6538587088078724","90","13"
"6.472072216537178","91.5","13"
"10.223136722297946","93","13"
"6.8729969612484885","94.5","13"
"4.2596642022223286","96","13"
"8.028543774465035","97.5","13"
"9.599488164272326","99","13"
"5.653161166487415","100.5","13"
"3.1407210673039616","102","13"
"5.107205025087256","103.5","13"
"9.187232248783168","105","13"
"8.326027787376658","106.5","13"
"4.202509132223929","108","13"
"6.239417304474763","109.5","13"
"9.74014784713652","111","13"
"7.4205527625601375","112.5","13"
"3.5554824267210363","114","13"
"3.6741066218210974","115.5","13"
"7.761225129034073","117","13"
"9.201692267613403","118.5","13"
"4.829023870793365","120","13"
"4.343818338120575","121.5","13"
"9.053859248436318","123","13"
"9.230224956940408","124.5","13"
"4.537277639874804","126","13"
"2.3402265578340944","127.5","13"
"5.719076912470584","129","13"
"9.312342803635241","130.5","13"
"6.395210184061704","132","13"
"3.7191775079964384","133.5","13"
"7.7546540060335145","135","13"
"9.246656214108894","136.5","13"
"5.637041364976372","138","13"
"2.3062525114791415","139.5","13"
"4.533116355742758","141","13"
"8.637157204875235","142.5","13"
"6.96628285874868","144","13"
"4.324449935828096","145.5","13"
"7.480594711104906","147","13"
"8.995366693225414","148.5","13"
"5.574956227894008","150","13"
"2.0985480558735468","151.5","13"
"4.230663343789989","153","13"
"8.69420681362254","154.5","13"
"7.09665317029679","156","13"
"4.112713558606402","157.5","13"
"7.622802308874209","159","13"
"9.111198629219343","160.5","13"
"5.977239648629958","162","13"
"2.507382887226672","163.5","13"
"4.083501038457493","165","13"
"8.333220836072934","166.5","13"
"7.009141522698919","168","13"
"3.9067610410739273","169.5","13"
"7.126135503693248","171","13"
"9.416985005202093","172.5","13"
"6.415656853725206","174","13"
"2.7609972373253253","175.5","13"
"3.9568903712300108","177","13"
"8.278037990031953","178.5","13"
"7.411284492703269","180","13"
"3.063985194082136","181.5","13"
"5.419053944579294","183","13"
"9.472624192918378","184.5","13"
"8.101036557163777","186","13"
"3.6377234758120105","187.5","13"
"3.255368781866187","189","13"
"7.45020856493036","190.5","13"
"8.307362131551766","192","13"
"3.4911968948436","193.5","13"
"3.2416588192236557","195","13"
"8.18704809238624","196.5","13"
"9.34244854115617","198","13"
"4.995080002788407","199.5","13"
"2.9095238859926833","201","13"
"6.3516251187838195","202.5","13"
"8.763515553595422","204","13"
"4.898049245255124","205.5","13"
"2.131566051634448","207","13"
"6.132766903850819","208.5","13"
"9.533025892459877","210","13"
"6.343552897788684","211.5","13"
"2.8545672395510167","213","13"
"5.360144472459851","214.5","13"
"8.801051874032385","216","13"
"6.792594091907933","217.5","13"
"2.3274403667578256","219","13"
"4.272913880712879","220.5","13"
"8.44731019737585","222","13"
"7.304995814314394","223.5","13"
"3.173317957274854","225","13"
"4.959319768094207","226.5","13"
"8.745358477261798","228","13"
"7.437114121458948","229.5","13"
"2.746774013500472","231","13"
"3.7218810613773488","232.5","13"
"7.927441916953681","234","13"
"7.757824250091006","235.5","13"
"3.1837687237298806","237","13"
"4.466541723345028","238.5","13"
"8.83407800115143","240","13"
"7.758999108140603","241.5","13"
"3.0696682742113115","243","13"
"3.766698643426224","244.5","13"
"7.686590103071238","246","13"
"7.667541041389555","247.5","13"
"3.1319002685498756","249","13"
"4.385782552674834","250.5","13"
"8.991635139051107","252","13"
"7.697239718193635","253.5","13"
"2.9567325801458564","255","13"
"3.8756154753295715","256.5","13"
"7.7962422068747514","258","13"
"7.641879953511796","259.5","13"
"3.059279848168732","261","13"
"4.314019620970829","262.5","13"
"9.022188347674819","264","13"
"7.780846342643432","265.5","13"
"2.9843631815283196","267","13"
"3.7575311531293987","268.5","13"
"7.735366424512904","270","13"
"7.691608383070838","271.5","13"
"3.168589449310976","273","13"
"4.194985901105996","274.5","13"
"8.903196516624673","276","13"
"7.939379243520541","277.5","13"
"3.087113240695243","279","13"
"3.517362619735951","280.5","13"
"7.606516430533169","282","13"
"7.92086290899977","283.5","13"
"3.37163636153287","285","13"
"3.897115525480076","286.5","13"
"8.550976635965267","288","13"
"8.234632800252434","289.5","13"
"3.333515076119031","291","13"
"3.2345399383698568","292.5","13"
"7.361627520533989","294","13"
"8.216066199154039","295.5","13"
"3.775792951499742","297","13"
"3.5679293183983334","298.5","13"
"8.058999406791003","300","13"
"7.049667226075839","1.5","14"
"10.149661770097172","3","14"
"5.7518788112286545","4.5","14"
"2.7015887955015128","6","14"
"6.3124053608059905","7.5","14"
"9.66944938413517","9","14"
"6.510732142826944","10.5","14"
"3.4433549403742636","12","14"
"7.657396063281749","13.5","14"
"9.564483899480845","15","14"
"4.646330487223491","16.5","14"
"1.885810782385606","18","14"
"6.064753760275752","19.5","14"
"9.98406592225411","21","14"
"6.150833796030469","22.5","14"
"3.264571508048309","24","14"
"7.947130152666541","25.5","14"
"9.582083115364744","27","14"
"5.308803077130536","28.5","14"
"2.2111136499409954","30","14"
"5.4161695300808494","31.5","14"
"8.876119586810466","33","14"
"6.293535189003504","34.5","14"
"4.467546069278367","36","14"
"8.252229059278825","37.5","14"
"8.530735960708112","39","14"
"4.275557804134057","40.5","14"
"2.42623193293675","42","14"
"6.14248905133507","43.5","14"
"9.048673905987549","45","14"
"5.459118378185064","46.5","14"
"4.04537605697177","48","14"
"8.521666293113823","49.5","14"
"8.92238553622837","51","14"
"4.302079337546462","52.5","14"
"1.8914934929075935","54","14"
"5.760278257787939","55.5","14"
"9.032471312466301","57","14"
"5.778464409887053","58.5","14"
"4.714796029997187","60","14"
"8.329227107199639","61.5","14"
"8.048120635211784","63","14"
"4.118977168426193","64.5","14"
"2.339988777209543","66","14"
"6.0785721410268865","67.5","14"
"8.8137535482649","69","14"
"5.201756457600603","70.5","14"
"5.058422297120989","72","14"
"8.702507698264911","73.5","14"
"8.221185997928059","75","14"
"4.024286763609998","76.5","14"
"2.124814313921148","78","14"
"6.040605105013015","79.5","14"
"8.899387098536003","81","14"
"5.189008459267138","82.5","14"
"4.994794666038945","84","14"
"8.60732842634083","85.5","14"
"8.098548854380905","87","14"
"4.2704591961721725","88.5","14"
"2.479737008747087","90","14"
"6.094598308716862","91.5","14"
"8.789944931615514","93","14"
"4.857047980629101","94.5","14"
"4.258947657086375","96","14"
"8.614943320041492","97.5","14"
"9.02582429678972","99","14"
"4.699124192398512","100.5","14"
"2.281437577658077","102","14"
"5.67589693667121","103.5","14"
"8.970502478445892","105","14"
"5.40711612520285","106.5","14"
"3.1316696336643","108","14"
"7.332873066893931","109.5","14"
"9.513546115201287","111","14"
"6.242262787016028","112.5","14"
"2.919381309707896","114","14"
"4.828844488104584","115.5","14"
"8.425460006015514","117","14"
"6.221823509496295","118.5","14"
"2.410718780024304","120","14"
"5.464808850458008","121.5","14"
"9.585657956091161","123","14"
"7.635214703880587","124.5","14"
"3.1311536620292633","126","14"
"3.865625239431319","127.5","14"
"8.138931642978301","129","14"
"7.908219386298232","130.5","14"
"2.8397528906294807","132","14"
"3.2233149680574824","133.5","14"
"8.194843847204435","135","14"
"8.998947447666845","136.5","14"
"4.281897799439455","138","14"
"3.3227949892260407","139.5","14"
"7.172780423681681","141","14"
"8.623571430248013","142.5","14"
"4.338802522168897","144","14"
"2.424257737740992","145.5","14"
"6.50028704368214","147","14"
"8.873843792148955","148.5","14"
"5.016825718516815","150","14"
"3.2012538541949533","151.5","14"
"6.944814102006795","153","14"
"9.087151492731028","154.5","14"
"5.080323247868535","156","14"
"2.182109341841564","157.5","14"
"5.616841100105152","159","14"
"8.778901068825466","160.5","14"
"5.635383553533903","162","14"
"2.8802450829546506","163.5","14"
"6.655180052967669","165","14"
"9.267196517593463","166.5","14"
"5.4285838963255655","168","14"
"2.4253714874021037","169.5","14"
"5.488444490943214","171","14"
"8.536456494365716","172.5","14"
"5.672407844812507","174","14"
"2.700422315214853","175.5","14"
"6.706021246568653","177","14"
"9.383240361708754","178.5","14"
"5.305161707110203","180","14"
"2.3884285097049536","181.5","14"
"5.622137324710446","183","14"
"8.614014866784176","184.5","14"
"5.638988948454563","186","14"
"2.5584005066589293","187.5","14"
"6.676509344597123","189","14"
"9.447342075611148","190.5","14"
"5.450030969445729","192","14"
"2.405375245698892","193.5","14"
"5.532765813740435","195","14"
"8.51965168753213","196.5","14"
"5.71732990249331","198","14"
"2.6287702656673755","199.5","14"
"6.592248269019026","201","14"
"9.43013612177573","202.5","14"
"5.523345265721937","204","14"
"2.2959481094707304","205.5","14"
"5.385657717462241","207","14"
"8.613777332564416","208.5","14"
"5.975136337323045","210","14"
"2.5438123573367077","211.5","14"
"6.167547925900493","213","14"
"9.417405864587309","214.5","14"
"5.952952021064375","216","14"
"2.2548095973754063","217.5","14"
"5.037243805224413","219","14"
"8.563488085698143","220.5","14"
"6.412521106338635","222","14"
"2.667136477444742","223.5","14"
"5.694994786501764","225","14"
"9.085174340677762","226.5","14"
"6.201861271654417","228","14"
"2.2125723663113006","229.5","14"
"4.813502832927566","231","14"
"8.68189051648515","232.5","14"
"6.690386369688821","234","14"
"2.8112736711424007","235.5","14"
"5.438288302664772","237","14"
"8.914128018829441","238.5","14"
"6.572243156743292","240","14"
"2.2193701817207567","241.5","14"
"4.449851248335062","243","14"
"8.598052764340194","244.5","14"
"6.907375357867575","246","14"
"3.1237228327084363","247.5","14"
"5.397993726983012","249","14"
"8.796275563538805","250.5","14"
"6.628901474680454","252","14"
"2.1664843211534226","253.5","14"
"4.2403894337509165","255","14"
"8.635716229649974","256.5","14"
"7.021692397198559","258","14"
"3.09710717266538","259.5","14"
"5.417133465628254","261","14"
"8.85128494060602","262.5","14"
"6.8775515074290166","264","14"
"2.153351438534414","265.5","14"
"3.927361960137397","267","14"
"8.566056609252882","268.5","14"
"7.217245646877594","270","14"
"3.0186136940602117","271.5","14"
"5.283248436123043","273","14"
"8.964510899516782","274.5","14"
"7.263180921064258","276","14"
"2.3722081750386605","277.5","14"
"3.702104612748852","279","14"
"8.566935781551742","280.5","14"
"7.550698352937688","282","14"
"2.7155242185289814","283.5","14"
"4.566190778201091","285","14"
"9.049085894800244","286.5","14"
"8.131470998677608","288","14"
"2.81905143841076","289.5","14"
"3.464253023617225","291","14"
"8.47605183796671","292.5","14"
"8.144995172106759","294","14"
"2.837379026860643","295.5","14"
"3.2334254494943684","297","14"
"8.40483691052074","298.5","14"
"9.207366477170057","300","14"
"3.705788117988665","1.5","15"
"8.47838282730169","3","15"
"8.842615434394393","4.5","15"
"3.5128765740876773","6","15"
"2.807329223227562","7.5","15"
"7.902704847046977","9","15"
"9.654569491538886","10.5","15"
"4.43104957706483","12","15"
"3.511724878088555","13.5","15"
"8.023685164770832","15","15"
"9.159585631089206","16.5","15"
"4.741966100822876","18","15"
"2.4114698218311776","19.5","15"
"6.4383142671850555","21","15"
"9.224795180937697","22.5","15"
"5.36167809588701","24","15"
"3.584497083821743","25.5","15"
"7.562422785764016","27","15"
"9.065903514683027","28.5","15"
"5.17211790356584","30","15"
"2.294942285108638","31.5","15"
"5.623719736286477","33","15"
"9.304336619124438","34.5","15"
"5.976683759418571","36","15"
"2.9252637313140277","37.5","15"
"6.698143192549836","39","15"
"9.663463718921072","40.5","15"
"6.60685169543837","42","15"
"2.4681690429638574","43.5","15"
"4.150042652613057","45","15"
"8.663542230032716","46.5","15"
"7.473614556149161","48","15"
"2.988169642759481","49.5","15"
"5.152949581964694","51","15"
"9.285192938002519","52.5","15"
"7.9981127826182945","54","15"
"3.4716417177185717","55.5","15"
"3.2571931629482376","57","15"
"7.672120720858895","58.5","15"
"8.383435175882354","60","15"
"3.3853300614591104","61.5","15"
"3.3846921194518944","63","15"
"8.435781409954593","64.5","15"
"9.330308669850055","66","15"
"4.64215047632723","67.5","15"
"2.5507141555685067","69","15"
"6.373201308015139","70.5","15"
"9.043218503886441","72","15"
"4.9607158976472725","73.5","15"
"2.1933688088248577","75","15"
"6.518500300308404","76.5","15"
"9.77867865731513","78","15"
"6.4802922804076815","79.5","15"
"2.5917548449612946","81","15"
"4.896283508513636","82.5","15"
"8.76634526622998","84","15"
"6.742974080457495","85.5","15"
"2.181144913484575","87","15"
"4.358930836840772","88.5","15"
"9.08907542134916","90","15"
"8.009060054729769","91.5","15"
"3.220076962682114","93","15"
"3.8701029073166544","94.5","15"
"8.113426282929264","96","15"
"8.174646539190721","97.5","15"
"3.1046005888034465","99","15"
"2.7851318475149016","100.5","15"
"7.691167318492655","102","15"
"8.897940209595728","103.5","15"
"4.268834402971869","105","15"
"3.5111369562541714","106.5","15"
"7.340105047547387","108","15"
"8.598435184577815","109.5","15"
"4.2095149132780705","111","15"
"2.2976855096611057","112.5","15"
"6.480404148183378","114","15"
"8.866201301111559","115.5","15"
"4.908954135742325","117","15"
"3.4142813925282014","118.5","15"
"7.019049952206134","120","15"
"8.930378907689976","121.5","15"
"4.936253322679169","123","15"
"2.091653403380724","124.5","15"
"5.678167803236874","126","15"
"8.74562459443746","127.5","15"
"5.52525736691004","129","15"
"3.2994195522014835","130.5","15"
"6.6799545764028","132","15"
"8.98782276410493","133.5","15"
"5.370042060156206","135","15"
"2.129658139327814","136.5","15"
"5.316729919298226","138","15"
"8.661925814595351","139.5","15"
"5.792178807815845","141","15"
"3.12806744200594","142.5","15"
"6.4909621007230465","144","15"
"9.114785297375791","145.5","15"
"5.644860281845042","147","15"
"2.076239058789983","148.5","15"
"5.085895938650769","150","15"
"8.605507987735455","151.5","15"
"6.019412814448071","153","15"
"3.130599744056215","154.5","15"
"6.350817403874721","156","15"
"9.045482471117923","157.5","15"
"5.734024812789536","159","15"
"2.0894810987319716","160.5","15"
"5.017579717181196","162","15"
"8.622087087779311","163.5","15"
"6.087006577066676","165","15"
"3.118057493724305","166.5","15"
"6.278747451799535","168","15"
"9.039738282600261","169.5","15"
"5.843766115127857","171","15"
"2.0439098876259036","172.5","15"
"4.905458637359023","174","15"
"8.63199058919068","175.5","15"
"6.2010545423644885","177","15"
"3.201587979093287","178.5","15"
"6.210731844176544","180","15"
"8.966423000704884","181.5","15"
"5.889861552429503","183","15"
"2.024614174747148","184.5","15"
"4.821662774028753","186","15"
"8.693162057303265","187.5","15"
"6.287258766134515","189","15"
"3.159197977057967","190.5","15"
"6.116924554135886","192","15"
"9.040894413885644","193.5","15"
"6.103657134500292","195","15"
"1.9759960451821255","196.5","15"
"4.582846756540137","198","15"
"8.72861280757836","199.5","15"
"6.535382971056349","201","15"
"3.0868101628007367","202.5","15"
"5.934581065371051","204","15"
"9.052378848444292","205.5","15"
"6.454242858577288","207","15"
"2.026827875401003","208.5","15"
"4.28296226814211","210","15"
"8.72961616789253","211.5","15"
"6.853926215945085","213","15"
"2.844756386341545","214.5","15"
"5.546734994224447","216","15"
"9.200534165089682","217.5","15"
"7.090691652752336","219","15"
"2.297090934897331","220.5","15"
"3.9794038842911683","222","15"
"8.73013263233715","223.5","15"
"7.361106127993521","225","15"
"2.528662158683292","226.5","15"
"4.533893516457613","228","15"
"9.164735491247885","229.5","15"
"8.154437403746979","231","15"
"2.7884893592145263","232.5","15"
"3.6355351548517603","234","15"
"8.602085917980254","235.5","15"
"8.134001083084753","237","15"
"2.7994346600876616","238.5","15"
"3.055044149789417","240","15"
"8.304310654604153","241.5","15"
"9.320185375363971","243","15"
"3.8747821343220763","244.5","15"
"3.385201930967124","246","15"
"8.169396638686376","247.5","15"
"8.845727034111322","249","15"
"3.915870626244567","250.5","15"
"1.9693903023082524","252","15"
"6.616789200711074","253.5","15"
"9.735237492435937","255","15"
"5.39697607519089","256.5","15"
"3.5667145427723868","258","15"
"7.669519179061989","259.5","15"
"9.051416884135225","261","15"
"5.119991955377902","262.5","15"
"1.923520078986751","264","15"
"4.964507081781313","265.5","15"
"9.204097178386068","267","15"
"6.6870396998000565","268.5","15"
"3.8533779356357694","270","15"
"7.354617304193586","271.5","15"
"9.156079783704628","273","15"
"5.935728326083913","274.5","15"
"2.2467112574722896","276","15"
"3.8453471106457373","277.5","15"
"8.520228274746069","279","15"
"7.56844590450654","280.5","15"
"4.064205818388322","282","15"
"6.965891075128953","283.5","15"
"9.173762777217902","285","15"
"6.556610743911383","286.5","15"
"2.690480867465472","288","15"
"3.1985961321054077","289.5","15"
"7.83179053344759","291","15"
"8.0536396097493","292.5","15"
"4.30797974670243","294","15"
"6.6358624100624","295.5","15"
"9.185552753718978","297","15"
"6.968769575912383","298.5","15"
"2.956707446857044","300","15"
"5.994038541748528","1.5","16"
"9.567380634218905","3","16"
"7.414241350210644","4.5","16"
"3.3039097867312255","6","16"
"5.557502390837555","7.5","16"
"9.022080915185382","9","16"
"6.042253553073378","10.5","16"
"2.0273571528948233","12","16"
"5.641006018084179","13.5","16"
"9.858056482719796","15","16"
"7.678497676883135","16.5","16"
"3.692935644023273","18","16"
"5.525447591409681","19.5","16"
"8.556346289198661","21","16"
"6.684883657867595","22.5","16"
"2.668706815185951","24","16"
"4.88191416664696","25.5","16"
"8.905248575734792","27","16"
"7.509567972200509","28.5","16"
"3.9834599535769106","30","16"
"5.940584471730192","31.5","16"
"8.627189638217873","33","16"
"6.668667758487563","34.5","16"
"2.5554517805096992","36","16"
"4.268992102038929","37.5","16"
"8.779383036599167","39","16"
"8.227122874993285","40.5","16"
"3.9256105148738616","42","16"
"5.5237271931499725","43.5","16"
"8.687970801139484","45","16"
"7.760681067252715","46.5","16"
"3.431038150427291","48","16"
"3.32984044145174","49.5","16"
"7.738092647134704","51","16"
"9.119174259535905","52.5","16"
"4.717739088836194","54","16"
"4.747164749130427","55.5","16"
"7.968407699289616","57","16"
"8.479012637950762","58.5","16"
"4.698982756047742","60","16"
"2.831052091009236","61.5","16"
"6.5700348769948675","63","16"
"9.687726706007426","64.5","16"
"6.337957044955976","66","16"
"3.691452287173739","67.5","16"
"6.699322978695279","69","16"
"9.217517368992876","70.5","16"
"6.888788058766628","72","16"
"2.8560059971331473","73.5","16"
"4.470277219996012","75","16"
"9.093640809340547","76.5","16"
"9.287312019216138","78","16"
"4.29364342307792","79.5","16"
"4.381934695438568","81","16"
"7.915148781866767","82.5","16"
"9.08733876037316","84","16"
"5.235023075796917","85.5","16"
"2.9189042700300396","87","16"
"6.57069080655192","88.5","16"
"10.245685717649192","90","16"
"7.460891198294924","91.5","16"
"3.3739215195764864","93","16"
"5.237015997756888","94.5","16"
"8.923568279231322","96","16"
"8.472508537053704","97.5","16"
"3.826907654420159","99","16"
"3.6561099550072482","100.5","16"
"8.407385721692096","102","16"
"10.613720843496381","103.5","16"
"5.936806100645351","105","16"
"2.9760635289099087","106.5","16"
"5.937728640187652","108","16"
"9.562395372461468","109.5","16"
"8.017735474656408","111","16"
"3.403294695649963","112.5","16"
"4.433008002353882","114","16"
"9.22178411437602","115.5","16"
"10.278671434382305","117","16"
"5.161350999762317","118.5","16"
"3.110012130851528","120","16"
"6.389012117916661","121.5","16"
"9.57569926000632","123","16"
"7.480940663433268","124.5","16"
"3.497293442214224","126","16"
"5.147884977864144","127.5","16"
"9.55562416876958","129","16"
"9.527610900744703","130.5","16"
"4.343927249038764","132","16"
"3.3342690747834114","133.5","16"
"7.048985177610804","135","16"
"9.714099903734878","136.5","16"
"6.829319247768707","138","16"
"3.3170788908546993","139.5","16"
"5.704006302565075","141","16"
"9.92683397396052","142.5","16"
"9.051444481471961","144","16"
"3.718118213794421","145.5","16"
"3.292113896515135","147","16"
"7.462325274186001","148.5","16"
"9.93044922507287","150","16"
"6.615481284073645","151.5","16"
"3.3150741414646987","153","16"
"5.961701362428699","154.5","16"
"9.808109245705207","156","16"
"8.389710613132173","157.5","16"
"3.4704323629980554","159","16"
"3.609077933090141","160.5","16"
"7.833366538499021","162","16"
"9.692284209045463","163.5","16"
"5.964470459484357","165","16"
"3.507767370719725","166.5","16"
"6.589232274361503","168","16"
"9.817609628876406","169.5","16"
"7.241077918387042","171","16"
"2.8611925716058764","172.5","16"
"4.2988351720512865","174","16"
"8.685702891431326","175.5","16"
"9.372032886136632","177","16"
"4.83913632346859","178.5","16"
"3.754531913997751","180","16"
"7.50001239435584","181.5","16"
"9.858936640637824","183","16"
"5.976418627862077","184.5","16"
"2.506448520254341","186","16"
"5.253002740680098","187.5","16"
"9.439404884442183","189","16"
"8.663363832963105","190.5","16"
"3.9738871273967824","192","16"
"4.438923688606971","193.5","16"
"8.334501155373628","195","16"
"9.221298204125642","196.5","16"
"4.56113356624431","198","16"
"2.8440920790215545","199.5","16"
"6.618352392713307","201","16"
"9.732848351569977","202.5","16"
"7.01899870000934","204","16"
"3.395588139366573","205.5","16"
"5.646058301945114","207","16"
"9.252393503292371","208.5","16"
"7.742555037922918","210","16"
"2.964440614858","211.5","16"
"3.833570440003445","213","16"
"8.384010777477123","214.5","16"
"9.51868020545326","216","16"
"4.9545562706498245","217.5","16"
"3.625275598515544","219","16"
"7.218311594009004","220.5","16"
"9.559970749305421","222","16"
"5.772943464111198","223.5","16"
"2.554895152083936","225","16"
"5.619528883579356","226.5","16"
"9.479879335622309","228","16"
"7.943510959077513","229.5","16"
"3.61924705886759","231","16"
"4.921606529016385","232.5","16"
"8.656916897977856","234","16"
"8.329446900274354","235.5","16"
"3.5114469334828615","237","16"
"3.466567257426331","238.5","16"
"7.828644437059742","240","16"
"9.49320490678888","241.5","16"
"5.29619109424241","243","16"
"3.4970310211104443","244.5","16"
"6.932513574776113","246","16"
"9.476910650684903","247.5","16"
"5.8614895190270655","249","16"
"2.4846697862837663","250.5","16"
"5.603854581932758","252","16"
"9.507940898986472","253.5","16"
"7.8233772882199375","255","16"
"3.4913422736710458","256.5","16"
"4.977093438571041","258","16"
"8.735085368662006","259.5","16"
"8.249217007097979","261","16"
"3.3864561313598363","262.5","16"
"3.6175099050820068","264","16"
"7.975750069290013","265.5","16"
"9.253232265205297","267","16"
"4.970324206117489","268.5","16"
"3.730859312793702","270","16"
"7.293539962711652","271.5","16"
"9.294372009324583","273","16"
"5.182425016026967","274.5","16"
"2.6296898483521693","276","16"
"6.255076821833824","277.5","16"
"9.616617239812552","279","16"
"6.981664431502048","280.5","16"
"3.226169321171269","282","16"
"5.604463694579278","283.5","16"
"9.218772062195173","285","16"
"7.5004352249793955","286.5","16"
"2.81448802165771","288","16"
"4.2690019582306205","289.5","16"
"8.654703197324002","291","16"
"8.727290106653394","292.5","16"
"4.1450652758089745","294","16"
"4.289835976227589","295.5","16"
"8.116726135907495","297","16"
"8.897991461792524","298.5","16"
"4.089789288756512","300","16"
"9.347492940063752","1.5","17"
"7.824348123101526","3","17"
"2.6110204964553922","4.5","17"
"4.088485068190967","6","17"
"9.143281518793538","7.5","17"
"8.31528848090987","9","17"
"2.8312465043903456","10.5","17"
"3.733327549597984","12","17"
"8.62467926619411","13.5","17"
"8.479794233951878","15","17"
"3.383815904010542","16.5","17"
"3.8226290816069866","18","17"
"8.391492612589953","19.5","17"
"8.328981688026527","21","17"
"3.76751473609826","22.5","17"
"3.3973058271735663","24","17"
"7.794470063608665","25.5","17"
"8.423883015344913","27","17"
"3.40350069005631","28.5","17"
"3.129000084144725","30","17"
"8.216051907676086","31.5","17"
"9.279385669858033","33","17"
"4.340688504449018","34.5","17"
"2.447451328028846","36","17"
"6.755862036712975","37.5","17"
"9.187215493257293","39","17"
"4.6944158896276","40.5","17"
"2.206085513749703","42","17"
"6.785693772104888","43.5","17"
"9.704210200991877","45","17"
"6.047053025617433","46.5","17"
"2.5017466240080295","48","17"
"5.359534374194163","49.5","17"
"8.882269850425807","51","17"
"6.1501118299890845","52.5","17"
"2.118443271611923","54","17"
"5.144344140999062","55.5","17"
"9.409900374614422","57","17"
"7.271068831274767","58.5","17"
"2.7050478259755577","60","17"
"4.316419110838064","61.5","17"
"8.617021005250008","63","17"
"7.631709842115178","64.5","17"
"2.4426833952982028","66","17"
"3.369339868868808","67.5","17"
"8.4586891706834","69","17"
"8.633922402762167","70.5","17"
"3.742100299417575","72","17"
"3.6072505951505827","73.5","17"
"7.700909178360288","75","17"
"8.37195961189623","76.5","17"
"3.6479766256236275","78","17"
"2.5423161874379754","79.5","17"
"7.189323055816278","81","17"
"8.909268916325653","82.5","17"
"4.446027045958856","84","17"
"3.4416621394512914","85.5","17"
"7.277118068925272","87","17"
"8.776547410249595","88.5","17"
"4.441300016423732","90","17"
"2.1104774974870533","91.5","17"
"6.181204172298307","93","17"
"8.928586066421337","94.5","17"
"5.2049912597136725","96","17"
"3.377098909372954","97.5","17"
"6.831683748155438","99","17"
"8.886124606996257","100.5","17"
"5.147720872272485","102","17"
"2.086957667254219","103.5","17"
"5.5130829989330055","105","17"
"8.747996979777545","106.5","17"
"5.63976413793108","108","17"
"3.2366839064674964","109.5","17"
"6.566123940131779","111","17"
"9.030419253356182","112.5","17"
"5.589652795324834","114","17"
"2.0178969337047676","115.5","17"
"5.075606567334687","117","17"
"8.690427949728113","118.5","17"
"6.04987830296573","120","17"
"3.165012144536636","121.5","17"
"6.282077858972008","123","17"
"9.021290448611746","124.5","17"
"5.929896417460199","126","17"
"2.06322506648325","127.5","17"
"4.8018582352539365","129","17"
"8.58296983419507","130.5","17"
"6.269727065163701","132","17"
"3.176444587684111","133.5","17"
"6.1446692409371755","135","17"
"9.007151741630643","136.5","17"
"6.091273815259403","138","17"
"2.052197712814285","139.5","17"
"4.63447299580933","141","17"
"8.573216146897408","142.5","17"
"6.447103033316145","144","17"
"3.189666668837926","145.5","17"
"6.012828878398315","147","17"
"8.996957482564381","148.5","17"
"6.254695880024958","150","17"
"2.066536377284322","151.5","17"
"4.4624927997982615","153","17"
"8.562832648950675","154.5","17"
"6.607345983451686","156","17"
"3.1742602092005376","157.5","17"
"5.86559117319938","159","17"
"9.013489272888119","160.5","17"
"6.4676246100365","162","17"
"2.0733068417618354","163.5","17"
"4.241456366501495","165","17"
"8.568640902714328","166.5","17"
"6.841988396568642","168","17"
"3.0989692536806497","169.5","17"
"5.6569001128054905","171","17"
"9.005177546434886","172.5","17"
"6.80665789183218","174","17"
"2.1278273517211637","175.5","17"
"3.9257494871767085","177","17"
"8.525910369256076","178.5","17"
"7.17732856333761","180","17"
"2.973516442572097","181.5","17"
"5.296918481189224","183","17"
"9.03773254759109","184.5","17"
"7.3253582135389355","186","17"
"2.3798762921744543","187.5","17"
"3.6062886308415165","189","17"
"8.478071371644246","190.5","17"
"7.656938735987275","192","17"
"2.796085279746182","193.5","17"
"4.47567644180448","195","17"
"8.973466235287452","196.5","17"
"8.207233572969923","198","17"
"2.894073566302269","199.5","17"
"3.3312698356517636","201","17"
"8.360119368817529","202.5","17"
"8.274517358359837","204","17"
"2.9743187365757646","205.5","17"
"3.1417064400682944","207","17"
"8.284453385203788","208.5","17"
"9.264059291778137","210","17"
"3.841449726046224","211.5","17"
"3.125358960529184","213","17"
"8.022179631489994","214.5","17"
"8.968447462478267","216","17"
"3.9452718924643633","217.5","17"
"1.9895436270665434","219","17"
"6.722094723978747","220.5","17"
"9.822603761206363","222","17"
"5.4220788098093395","223.5","17"
"3.302545443396364","225","17"
"7.407718029739789","226.5","17"
"9.147311715576091","228","17"
"5.284383869405875","229.5","17"
"1.960967570496097","231","17"
"4.993391637151695","232.5","17"
"9.245254663650398","234","17"
"6.767335629460762","235.5","17"
"3.5991342676976292","237","17"
"7.101632025529626","238.5","17"
"9.298595387464283","240","17"
"6.109650684667742","241.5","17"
"2.218523042044894","243","17"
"3.69531591431671","244.5","17"
"8.56109105987883","246","17"
"7.857241684442325","247.5","17"
"3.8800039446801016","249","17"
"6.6240955956117995","250.5","17"
"9.249392292922385","252","17"
"6.95494823830374","253.5","17"
"2.9117122069529335","255","17"
"2.9105927899815995","256.5","17"
"7.559076608684836","258","17"
"8.341830219515241","259.5","17"
"4.3707040578159715","261","17"
"6.2753130618047175","262.5","17"
"9.143179014399948","264","17"
"7.314771185233777","265.5","17"
"3.2276406041859804","267","17"
"2.562941254171089","268.5","17"
"7.067943562328927","270","17"
"8.669049869949788","271.5","17"
"4.636725628420366","273","17"
"5.839217482662344","274.5","17"
"9.055684615137537","276","17"
"7.812455642206861","277.5","17"
"3.645463050337566","279","17"
"2.292417868011716","280.5","17"
"6.530960990654069","282","17"
"8.864785951984695","283.5","17"
"4.984562460634671","285","17"
"5.407385692045605","286.5","17"
"8.84488432972172","288","17"
"8.133347124766038","289.5","17"
"4.075217894960165","291","17"
"2.2535672244127243","292.5","17"
"6.078845650346319","294","17"
"8.941921493779601","295.5","17"
"5.201644097015324","297","17"
"4.704841769198607","298.5","17"
"8.670981683521273","300","17"
"7.049667226075839","1.5","18"
"10.149661770097172","3","18"
"5.7518788112286545","4.5","18"
"2.7015887955015128","6","18"
"6.3124053608059905","7.5","18"
"9.66944938413517","9","18"
"6.510732142826944","10.5","18"
"3.4433549403742636","12","18"
"7.657396063281749","13.5","18"
"9.564483899480845","15","18"
"4.646330487223491","16.5","18"
"1.885810782385606","18","18"
"6.064753760275752","19.5","18"
"9.98406592225411","21","18"
"6.150833796030469","22.5","18"
"3.264571508048309","24","18"
"7.947130152666541","25.5","18"
"9.582083115364744","27","18"
"5.308803077130536","28.5","18"
"2.2111136499409954","30","18"
"5.4161695300808494","31.5","18"
"8.876119586810466","33","18"
"6.293535189003504","34.5","18"
"4.467546069278367","36","18"
"8.252229059278825","37.5","18"
"8.530735960708112","39","18"
"4.275557804134057","40.5","18"
"2.42623193293675","42","18"
"6.14248905133507","43.5","18"
"9.048673905987549","45","18"
"5.459118378185064","46.5","18"
"4.04537605697177","48","18"
"8.521666293113823","49.5","18"
"8.92238553622837","51","18"
"4.302079337546462","52.5","18"
"1.8914934929075935","54","18"
"5.760278257787939","55.5","18"
"9.032471312466301","57","18"
"5.778464409887053","58.5","18"
"4.714796029997187","60","18"
"8.329227107199639","61.5","18"
"8.048120635211784","63","18"
"4.118977168426193","64.5","18"
"2.339988777209543","66","18"
"6.0785721410268865","67.5","18"
"8.8137535482649","69","18"
"5.201756457600603","70.5","18"
"5.058422297120989","72","18"
"8.702507698264911","73.5","18"
"8.221185997928059","75","18"
"4.024286763609998","76.5","18"
"2.124814313921148","78","18"
"6.040605105013015","79.5","18"
"8.899387098536003","81","18"
"5.189008459267138","82.5","18"
"4.994794666038945","84","18"
"8.60732842634083","85.5","18"
"8.098548854380905","87","18"
"4.2704591961721725","88.5","18"
"2.479737008747087","90","18"
"6.094598308716862","91.5","18"
"8.789944931615514","93","18"
"4.857047980629101","94.5","18"
"4.258947657086375","96","18"
"8.614943320041492","97.5","18"
"9.02582429678972","99","18"
"4.699124192398512","100.5","18"
"2.281437577658077","102","18"
"5.67589693667121","103.5","18"
"8.970502478445892","105","18"
"5.40711612520285","106.5","18"
"3.1316696336643","108","18"
"7.332873066893931","109.5","18"
"9.513546115201287","111","18"
"6.242262787016028","112.5","18"
"2.919381309707896","114","18"
"4.828844488104584","115.5","18"
"8.425460006015514","117","18"
"6.221823509496295","118.5","18"
"2.410718780024304","120","18"
"5.464808850458008","121.5","18"
"9.585657956091161","123","18"
"7.635214703880587","124.5","18"
"3.1311536620292633","126","18"
"3.865625239431319","127.5","18"
"8.138931642978301","129","18"
"7.908219386298232","130.5","18"
"2.8397528906294807","132","18"
"3.2233149680574824","133.5","18"
"8.194843847204435","135","18"
"8.998947447666845","136.5","18"
"4.281897799439455","138","18"
"3.3227949892260407","139.5","18"
"7.172780423681681","141","18"
"8.623571430248013","142.5","18"
"4.338802522168897","144","18"
"2.424257737740992","145.5","18"
"6.50028704368214","147","18"
"8.873843792148955","148.5","18"
"5.016825718516815","150","18"
"3.2012538541949533","151.5","18"
"6.944814102006795","153","18"
"9.087151492731028","154.5","18"
"5.080323247868535","156","18"
"2.182109341841564","157.5","18"
"5.616841100105152","159","18"
"8.778901068825466","160.5","18"
"5.635383553533903","162","18"
"2.8802450829546506","163.5","18"
"6.655180052967669","165","18"
"9.267196517593463","166.5","18"
"5.4285838963255655","168","18"
"2.4253714874021037","169.5","18"
"5.488444490943214","171","18"
"8.536456494365716","172.5","18"
"5.672407844812507","174","18"
"2.700422315214853","175.5","18"
"6.706021246568653","177","18"
"9.383240361708754","178.5","18"
"5.305161707110203","180","18"
"2.3884285097049536","181.5","18"
"5.622137324710446","183","18"
"8.614014866784176","184.5","18"
"5.638988948454563","186","18"
"2.5584005066589293","187.5","18"
"6.676509344597123","189","18"
"9.447342075611148","190.5","18"
"5.450030969445729","192","18"
"2.405375245698892","193.5","18"
"5.532765813740435","195","18"
"8.51965168753213","196.5","18"
"5.71732990249331","198","18"
"2.6287702656673755","199.5","18"
"6.592248269019026","201","18"
"9.43013612177573","202.5","18"
"5.523345265721937","204","18"
"2.2959481094707304","205.5","18"
"5.385657717462241","207","18"
"8.613777332564416","208.5","18"
"5.975136337323045","210","18"
"2.5438123573367077","211.5","18"
"6.167547925900493","213","18"
"9.417405864587309","214.5","18"
"5.952952021064375","216","18"
"2.2548095973754063","217.5","18"
"5.037243805224413","219","18"
"8.563488085698143","220.5","18"
"6.412521106338635","222","18"
"2.667136477444742","223.5","18"
"5.694994786501764","225","18"
"9.085174340677762","226.5","18"
"6.201861271654417","228","18"
"2.2125723663113006","229.5","18"
"4.813502832927566","231","18"
"8.68189051648515","232.5","18"
"6.690386369688821","234","18"
"2.8112736711424007","235.5","18"
"5.438288302664772","237","18"
"8.914128018829441","238.5","18"
"6.572243156743292","240","18"
"2.2193701817207567","241.5","18"
"4.449851248335062","243","18"
"8.598052764340194","244.5","18"
"6.907375357867575","246","18"
"3.1237228327084363","247.5","18"
"5.397993726983012","249","18"
"8.796275563538805","250.5","18"
"6.628901474680454","252","18"
"2.1664843211534226","253.5","18"
"4.2403894337509165","255","18"
"8.635716229649974","256.5","18"
"7.021692397198559","258","18"
"3.09710717266538","259.5","18"
"5.417133465628254","261","18"
"8.85128494060602","262.5","18"
"6.8775515074290166","264","18"
"2.153351438534414","265.5","18"
"3.927361960137397","267","18"
"8.566056609252882","268.5","18"
"7.217245646877594","270","18"
"3.0186136940602117","271.5","18"
"5.283248436123043","273","18"
"8.964510899516782","274.5","18"
"7.263180921064258","276","18"
"2.3722081750386605","277.5","18"
"3.702104612748852","279","18"
"8.566935781551742","280.5","18"
"7.550698352937688","282","18"
"2.7155242185289814","283.5","18"
"4.566190778201091","285","18"
"9.049085894800244","286.5","18"
"8.131470998677608","288","18"
"2.81905143841076","289.5","18"
"3.464253023617225","291","18"
"8.47605183796671","292.5","18"
"8.144995172106759","294","18"
"2.837379026860643","295.5","18"
"3.2334254494943684","297","18"
"8.40483691052074","298.5","18"
"9.207366477170057","300","18"
"9.64596996428827","1.5","19"
"3.7093967161716246","3","19"
"3.7582405525263765","4.5","19"
"8.875730267238662","6","19"
"9.61382498070642","7.5","19"
"5.457433955025029","9","19"
"4.939389070065742","10.5","19"
"8.83042923898733","12","19"
"7.360003220143271","13.5","19"
"2.439698201239715","15","19"
"3.0682884073745362","16.5","19"
"9.425944283449441","18","19"
"10.674620280718287","19.5","19"
"4.161870082642559","21","19"
"3.7439059537354122","22.5","19"
"9.215772823063526","24","19"
"9.653387734155105","25.5","19"
"4.814400731990639","27","19"
"2.7168609645271076","28.5","19"
"6.288417361467822","30","19"
"9.959318010536547","31.5","19"
"7.342959400661173","33","19"
"4.375804637016195","34.5","19"
"7.021723937011971","36","19"
"9.175460999046306","37.5","19"
"6.093556509255097","39","19"
"3.7226981396685535","40.5","19"
"5.132192442262918","42","19"
"8.669502269148415","43.5","19"
"8.499233600824533","45","19"
"3.9694227653702296","46.5","19"
"4.800553275474015","48","19"
"9.813665180961566","49.5","19"
"9.37913328663101","51","19"
"3.7021425590868633","52.5","19"
"2.0494909561710752","54","19"
"6.2813337164993195","55.5","19"
"10.247925044401445","57","19"
"7.388897631705344","58.5","19"
"3.0984281487568","60","19"
"6.333101392119281","61.5","19"
"9.827793046131806","63","19"
"7.632578172603178","64.5","19"
"3.2809468313289467","66","19"
"3.2965755480889727","67.5","19"
"7.472530867872708","69","19"
"8.93389066878957","70.5","19"
"5.157756446652518","72","19"
"4.754378003019669","73.5","19"
"8.466441065448569","75","19"
"8.616188157052097","76.5","19"
"4.009571715819752","78","19"
"2.2262709943333867","79.5","19"
"6.255908191602981","81","19"
"9.620320211030956","82.5","19"
"6.431389799712367","84","19"
"3.5038665364531196","85.5","19"
"7.177379815534404","87","19"
"9.517477750066927","88.5","19"
"6.378138767242872","90","19"
"2.119225360422624","91.5","19"
"3.918642680157731","93","19"
"8.418247244935856","94.5","19"
"8.027799631992345","96","19"
"4.72230644806592","97.5","19"
"6.784042859996603","99","19"
"8.676723900800596","100.5","19"
"6.605053433264301","102","19"
"3.0341830272652976","103.5","19"
"3.5126471712260634","105","19"
"7.770415042166996","106.5","19"
"8.33306707948255","108","19"
"4.56068215266485","109.5","19"
"6.055319413588886","111","19"
"8.855682773338655","112.5","19"
"7.595612525665137","114","19"
"3.676654200968494","115.5","19"
"2.7180557813648796","117","19"
"6.907078686497669","118.5","19"
"9.02975691727453","120","19"
"5.152900793815822","121.5","19"
"4.649773254981245","123","19"
"8.027666573404513","124.5","19"
"8.51797317808711","126","19"
"4.9446404489988405","127.5","19"
"2.538690094514764","129","19"
"5.721661698741615","130.5","19"
"9.042955343568286","132","19"
"5.8419249785199305","133.5","19"
"3.1299078393994892","135","19"
"6.835095468909365","136.5","19"
"9.604158027895641","138","19"
"6.6993377629828155","139.5","19"
"2.533781464647728","141","19"
"4.072026460090538","142.5","19"
"8.590151055461316","144","19"
"7.596121105156406","145.5","19"
"2.5317274342992713","147","19"
"4.196588517874994","148.5","19"
"9.17133224034684","150","19"
"8.995051295091294","151.5","19"
"3.9907486073325913","153","19"
"2.7936865290933235","154.5","19"
"7.031261280902011","156","19"
"8.751948327026568","157.5","19"
"4.102917489684467","159","19"
"2.385501467177444","160.5","19"
"7.040421132650276","162","19"
"9.53304363360492","163.5","19"
"5.588277856583904","165","19"
"2.852107873319257","166.5","19"
"5.948521662899157","168","19"
"8.814703685143938","169.5","19"
"5.715875128599681","171","19"
"2.042050517063349","172.5","19"
"5.188571337165632","174","19"
"9.074377868299166","175.5","19"
"6.635578551741692","177","19"
"2.849675365209856","178.5","19"
"5.426808796201971","180","19"
"8.970161454213375","181.5","19"
"6.95889712150484","183","19"
"2.454733328855135","184.5","19"
"4.094224575017575","186","19"
"8.172555548123423","187.5","19"
"7.226077287442541","189","19"
"3.0324843126273104","190.5","19"
"5.170205802377738","192","19"
"9.155060653483753","193.5","19"
"7.102034158150629","195","19"
"2.62734506034882","196.5","19"
"4.107849774411561","198","19"
"8.071076198470294","199.5","19"
"7.295610748585984","201","19"
"2.742836218515025","202.5","19"
"5.083698993522789","204","19"
"9.38961041839881","205.5","19"
"7.217054929568369","207","19"
"2.7275906612069964","208.5","19"
"4.197723951157826","210","19"
"7.917813896100082","211.5","19"
"7.083300494603067","213","19"
"2.734642519957295","214.5","19"
"5.229134001261394","216","19"
"9.496782704372805","217.5","19"
"7.158128701923051","219","19"
"2.7487790092952653","220.5","19"
"4.156102732074423","222","19"
"7.942184808485456","223.5","19"
"7.180570757594446","225","19"
"2.782613097728202","226.5","19"
"4.959084205112785","228","19"
"9.488546870595595","229.5","19"
"7.645719432985123","231","19"
"3.096244509487603","232.5","19"
"3.7224320224928897","234","19"
"7.6311184706137025","235.5","19"
"7.6452729475015095","237","19"
"3.208298567206276","238.5","19"
"4.214430688884082","240","19"
"9.096643005329703","241.5","19"
"8.243653186888267","243","19"
"3.475583701585488","244.5","19"
"3.1897644915404615","246","19"
"7.199234442181001","247.5","19"
"8.264490161742742","249","19"
"3.779363849749483","250.5","19"
"3.260671905805665","252","19"
"8.196899355981646","253.5","19"
"8.97100218736464","255","19"
"4.195377191916139","256.5","19"
"2.6925679160560945","258","19"
"6.477096410251794","259.5","19"
"8.62682101664862","261","19"
"4.807377702601038","262.5","19"
"2.7757746255280193","264","19"
"7.102559493167773","265.5","19"
"9.13279058835737","267","19"
"4.829732530975966","268.5","19"
"2.3793958028295057","270","19"
"5.997565087135658","271.5","19"
"8.916749765819313","273","19"
"5.595050045894963","274.5","19"
"2.6755548971730327","276","19"
"6.193201128824899","277.5","19"
"8.991356208826243","279","19"
"5.486581177903983","280.5","19"
"2.191282499448612","282","19"
"5.490390103183067","283.5","19"
"8.950051866305715","285","19"
"6.031934613182221","286.5","19"
"2.9295824681083418","288","19"
"5.935923478679399","289.5","19"
"8.907316404751617","291","19"
"5.802086251703891","292.5","19"
"2.0250034943189523","294","19"
"5.069280863507242","295.5","19"
"8.956706766935648","297","19"
"6.381870321417179","298.5","19"
"3.092019652919148","300","19"