"nusselt","time","episode"
"3.5568340063399733","1.5","0"
"3.157852560570662","3","0"
"3.1975500143002984","4.5","0"
"3.239850932306144","6","0"
"3.203549233788922","7.5","0"
"3.1048155081869515","9","0"
"3.0251154658627906","10.5","0"
"3.052334804867414","12","0"
"3.1269519673380595","13.5","0"
"3.1691737185863142","15","0"
"3.1404498995073147","16.5","0"
"3.0823754725716963","18","0"
"3.0600791215046668","19.5","0"
"3.0891545157906055","21","0"
"3.139157361933576","22.5","0"
"3.1799354107363142","24","0"
"3.2077996159671414","25.5","0"
"3.2266266553068292","27","0"
"3.2403729965540373","28.5","0"
"3.254648570692542","30","0"
"3.278282029594474","31.5","0"
"3.3102750617458017","33","0"
"3.339902753253989","34.5","0"
"3.364564444964159","36","0"
"3.3841669445120606","37.5","0"
"3.380994040605463","39","0"
"3.333332224054089","40.5","0"
"3.225861792223647","42","0"
"3.0353441849597176","43.5","0"
"2.7368979760477927","45","0"
"2.523436658049446","46.5","0"
"2.5564172487496983","48","0"
"2.5218191939214214","49.5","0"
"2.401123238371073","51","0"
"2.3582232711207793","52.5","0"
"2.432804590374405","54","0"
"2.499823925877356","55.5","0"
"2.3891355523589315","57","0"
"2.2822281707158445","58.5","0"
"2.2920850553962127","60","0"
"2.3864600899685353","61.5","0"
"2.5498395509063947","63","0"
"2.707713493710055","64.5","0"
"2.7221782576983937","66","0"
"2.562151851792674","67.5","0"
"2.3530567051475266","69","0"
"2.271874156199423","70.5","0"
"2.384184824888166","72","0"
"2.5455541047115258","73.5","0"
"2.6192290580947795","75","0"
"2.6126563471338438","76.5","0"
"2.553684437212071","78","0"
"2.483918264564833","79.5","0"
"2.449325975819294","81","0"
"2.4702821022499415","82.5","0"
"2.532975161458636","84","0"
"2.5930773794371156","85.5","0"
"2.605445471069886","87","0"
"2.563109956567613","88.5","0"
"2.5024841159405002","90","0"
"2.4686220937817156","91.5","0"
"2.4794550048455326","93","0"
"2.518635381209644","94.5","0"
"2.5556068803649095","96","0"
"2.5690504243483394","97.5","0"
"2.5561057244417764","99","0"
"2.5302526353658927","100.5","0"
"2.5107992747688073","102","0"
"2.509320040786419","103.5","0"
"2.523200560337339","105","0"
"2.540095182759453","106.5","0"
"2.5472937474575645","108","0"
"2.5408597341624866","109.5","0"
"2.527169807022066","111","0"
"2.516858181005772","112.5","0"
"2.5166484202661707","114","0"
"2.525144821100537","115.5","0"
"2.5350497045236966","117","0"
"2.5390778587563947","118.5","0"
"2.5350261726725227","120","0"
"2.5265420832040024","121.5","0"
"2.5197337420511814","123","0"
"2.518636627930236","124.5","0"
"2.5229572939818286","126","0"
"2.5287839985085365","127.5","0"
"2.531967811220314","129","0"
"2.5308320487610168","130.5","0"
"2.5269773445306787","132","0"
"2.5236130690132117","133.5","0"
"2.523046590344229","135","0"
"2.5252482989096716","136.5","0"
"2.5281188730727133","138","0"
"2.5293048160358373","139.5","0"
"2.5278913465646764","141","0"
"2.524834855193355","142.5","0"
"2.522009162971625","144","0"
"2.52086607602885","145.5","0"
"2.521615043424484","147","0"
"2.5233208688744653","148.5","0"
"2.524684002001725","150","0"
"2.52495002100804","151.5","0"
"2.5242842722119208","153","0"
"2.523495409757343","154.5","0"
"2.523359828892965","156","0"
"2.5240107728820544","157.5","0"
"2.5248934510611782","159","0"
"2.5252475197093016","160.5","0"
"2.5246802618399493","162","0"
"2.5234053341945724","163.5","0"
"2.5220384609055366","165","0"
"2.5211588995278924","166.5","0"
"2.520980462643165","168","0"
"2.521325180886848","169.5","0"
"2.5220683821997443","171","0"
"2.52313978270848","172.5","0"
"2.524398970506383","174","0"
"2.5255902120320233","175.5","0"
"2.526619691560853","177","0"
"2.5274866298925036","178.5","0"
"2.5280247456680187","180","0"
"2.528092536100208","181.5","0"
"2.5277746223492517","183","0"
"2.5272994659636323","184.5","0"
"2.5268875806480557","186","0"
"2.526654599737429","187.5","0"
"2.5265847833842776","189","0"
"2.5265810432225018","190.5","0"
"2.5265416156837803","192","0"
"2.526428008269836","193.5","0"
"2.526279025159094","195","0"
"2.5261644827047056","196.5","0"
"2.526140639173384","198","0"
"2.5256902613595296","199.5","0"
"2.5243615688886236","201","0"
"2.522337829687687","202.5","0"
"2.5199514506345566","204","0"
"2.5173587393234533","205.5","0"
"2.5148804146266643","207","0"
"2.5128671167106855","208.5","0"
"2.5113565588734237","210","0"
"2.5101692133496334","211.5","0"
"2.509177135438563","213","0"
"2.508425986281893","214.5","0"
"2.508037165297268","216","0"
"2.508120851417005","217.5","0"
"2.5087685227645404","219","0"
"2.5100158667168198","220.5","0"
"2.5117946253214316","222","0"
"2.513945374182677","223.5","0"
"2.5162725340076877","225","0"
"2.518578032062413","226.5","0"
"2.520697457068785","228","0"
"2.522538863383144","229.5","0"
"2.5239995523967265","231","0"
"2.525133288935061","232.5","0"
"2.5262922715653837","234","0"
"2.5275682900912786","235.5","0"
"2.5286119510668428","237","0"
"2.5290892892134984","238.5","0"
"2.5291402489176957","240","0"
"2.5290550043972186","241.5","0"
"2.528954799229638","243","0"
"2.5287663885801748","244.5","0"
"2.5280252131882404","246","0"
"2.525965007409988","247.5","0"
"2.522249156685582","249","0"
"2.5171282518540106","250.5","0"
"2.5108628575189984","252","0"
"2.5040540488459553","253.5","0"
"2.497274849786972","255","0"
"2.490698554504334","256.5","0"
"2.484273424093474","258","0"
"2.478065846425915","259.5","0"
"2.47279471176301","261","0"
"2.470115509210838","262.5","0"
"2.4734766679268247","264","0"
"2.490022676103405","265.5","0"
"2.5344073317386773","267","0"
"2.631539488900171","268.5","0"
"2.811052293498664","270","0"
"3.080746943798418","271.5","0"
"3.35682885537105","273","0"
"3.500728151219096","274.5","0"
"3.2620977262296424","276","0"
"2.961513391502466","277.5","0"
"2.9796444490716794","279","0"
"3.285221899769749","280.5","0"
"3.6766363749060176","282","0"
"3.203272150137354","283.5","0"
"2.248703542317265","285","0"
"1.8723781265057708","286.5","0"
"1.9479946913709647","288","0"
"2.0925626969765356","289.5","0"
"2.2718565462710614","291","0"
"2.5391405064661416","292.5","0"
"2.695192990484915","294","0"
"2.631740834275776","295.5","0"
"2.4794654461304906","297","0"
"2.4479351031588625","298.5","0"
"2.5249677867764753","300","0"
"3.5568340063399733","1.5","1"
"3.157852560570662","3","1"
"3.1975500143002984","4.5","1"
"3.239850932306144","6","1"
"3.203549233788922","7.5","1"
"3.1048155081869515","9","1"
"3.0251154658627906","10.5","1"
"3.052334804867414","12","1"
"3.1269519673380595","13.5","1"
"3.1691737185863142","15","1"
"3.1404498995073147","16.5","1"
"3.0823754725716963","18","1"
"3.0600791215046668","19.5","1"
"3.0891545157906055","21","1"
"3.139157361933576","22.5","1"
"3.1799354107363142","24","1"
"3.2077996159671414","25.5","1"
"3.2266266553068292","27","1"
"3.2403729965540373","28.5","1"
"3.254648570692542","30","1"
"3.278282029594474","31.5","1"
"3.3102750617458017","33","1"
"3.339902753253989","34.5","1"
"3.364564444964159","36","1"
"3.3841669445120606","37.5","1"
"3.380994040605463","39","1"
"3.333332224054089","40.5","1"
"3.225861792223647","42","1"
"3.0353441849597176","43.5","1"
"2.7368979760477927","45","1"
"2.523436658049446","46.5","1"
"2.5564172487496983","48","1"
"2.5218191939214214","49.5","1"
"2.401123238371073","51","1"
"2.3582232711207793","52.5","1"
"2.432804590374405","54","1"
"2.499823925877356","55.5","1"
"2.3891355523589315","57","1"
"2.2822281707158445","58.5","1"
"2.2920850553962127","60","1"
"2.3864600899685353","61.5","1"
"2.5498395509063947","63","1"
"2.707713493710055","64.5","1"
"2.7221782576983937","66","1"
"2.562151851792674","67.5","1"
"2.3530567051475266","69","1"
"2.271874156199423","70.5","1"
"2.384184824888166","72","1"
"2.5455541047115258","73.5","1"
"2.6192290580947795","75","1"
"2.6126563471338438","76.5","1"
"2.553684437212071","78","1"
"2.483918264564833","79.5","1"
"2.449325975819294","81","1"
"2.4702821022499415","82.5","1"
"2.532975161458636","84","1"
"2.5930773794371156","85.5","1"
"2.605445471069886","87","1"
"2.563109956567613","88.5","1"
"2.5024841159405002","90","1"
"2.4686220937817156","91.5","1"
"2.4794550048455326","93","1"
"2.518635381209644","94.5","1"
"2.5556068803649095","96","1"
"2.5690504243483394","97.5","1"
"2.5561057244417764","99","1"
"2.5302526353658927","100.5","1"
"2.5107992747688073","102","1"
"2.509320040786419","103.5","1"
"2.523200560337339","105","1"
"2.540095182759453","106.5","1"
"2.5472937474575645","108","1"
"2.5408597341624866","109.5","1"
"2.527169807022066","111","1"
"2.516858181005772","112.5","1"
"2.5166484202661707","114","1"
"2.525144821100537","115.5","1"
"2.5350497045236966","117","1"
"2.5390778587563947","118.5","1"
"2.5350261726725227","120","1"
"2.5265420832040024","121.5","1"
"2.5197337420511814","123","1"
"2.518636627930236","124.5","1"
"2.5229572939818286","126","1"
"2.5287839985085365","127.5","1"
"2.531967811220314","129","1"
"2.5308320487610168","130.5","1"
"2.5269773445306787","132","1"
"2.5236130690132117","133.5","1"
"2.523046590344229","135","1"
"2.5252482989096716","136.5","1"
"2.5281188730727133","138","1"
"2.5293048160358373","139.5","1"
"2.5278913465646764","141","1"
"2.524834855193355","142.5","1"
"2.522009162971625","144","1"
"2.52086607602885","145.5","1"
"2.521615043424484","147","1"
"2.5233208688744653","148.5","1"
"2.524684002001725","150","1"
"2.52495002100804","151.5","1"
"2.5242842722119208","153","1"
"2.523495409757343","154.5","1"
"2.523359828892965","156","1"
"2.5240107728820544","157.5","1"
"2.5248934510611782","159","1"
"2.5252475197093016","160.5","1"
"2.5246802618399493","162","1"
"2.5234053341945724","163.5","1"
"2.5220384609055366","165","1"
"2.5211588995278924","166.5","1"
"2.520980462643165","168","1"
"2.521325180886848","169.5","1"
"2.5220683821997443","171","1"
"2.52313978270848","172.5","1"
"2.524398970506383","174","1"
"2.5255902120320233","175.5","1"
"2.526619691560853","177","1"
"2.5274866298925036","178.5","1"
"2.5280247456680187","180","1"
"2.528092536100208","181.5","1"
"2.5277746223492517","183","1"
"2.5272994659636323","184.5","1"
"2.5268875806480557","186","1"
"2.526654599737429","187.5","1"
"2.5265847833842776","189","1"
"2.5265810432225018","190.5","1"
"2.5265416156837803","192","1"
"2.526428008269836","193.5","1"
"2.526279025159094","195","1"
"2.5261644827047056","196.5","1"
"2.526140639173384","198","1"
"2.5256902613595296","199.5","1"
"2.5243615688886236","201","1"
"2.522337829687687","202.5","1"
"2.5199514506345566","204","1"
"2.5173587393234533","205.5","1"
"2.5148804146266643","207","1"
"2.5128671167106855","208.5","1"
"2.5113565588734237","210","1"
"2.5101692133496334","211.5","1"
"2.509177135438563","213","1"
"2.508425986281893","214.5","1"
"2.508037165297268","216","1"
"2.508120851417005","217.5","1"
"2.5087685227645404","219","1"
"2.5100158667168198","220.5","1"
"2.5117946253214316","222","1"
"2.513945374182677","223.5","1"
"2.5162725340076877","225","1"
"2.518578032062413","226.5","1"
"2.520697457068785","228","1"
"2.522538863383144","229.5","1"
"2.5239995523967265","231","1"
"2.525133288935061","232.5","1"
"2.5262922715653837","234","1"
"2.5275682900912786","235.5","1"
"2.5286119510668428","237","1"
"2.5290892892134984","238.5","1"
"2.5291402489176957","240","1"
"2.5290550043972186","241.5","1"
"2.528954799229638","243","1"
"2.5287663885801748","244.5","1"
"2.5280252131882404","246","1"
"2.525965007409988","247.5","1"
"2.522249156685582","249","1"
"2.5171282518540106","250.5","1"
"2.5108628575189984","252","1"
"2.5040540488459553","253.5","1"
"2.497274849786972","255","1"
"2.490698554504334","256.5","1"
"2.484273424093474","258","1"
"2.478065846425915","259.5","1"
"2.47279471176301","261","1"
"2.470115509210838","262.5","1"
"2.4734766679268247","264","1"
"2.490022676103405","265.5","1"
"2.5344073317386773","267","1"
"2.631539488900171","268.5","1"
"2.811052293498664","270","1"
"3.080746943798418","271.5","1"
"3.35682885537105","273","1"
"3.500728151219096","274.5","1"
"3.2620977262296424","276","1"
"2.961513391502466","277.5","1"
"2.9796444490716794","279","1"
"3.285221899769749","280.5","1"
"3.6766363749060176","282","1"
"3.203272150137354","283.5","1"
"2.248703542317265","285","1"
"1.8723781265057708","286.5","1"
"1.9479946913709647","288","1"
"2.0925626969765356","289.5","1"
"2.2718565462710614","291","1"
"2.5391405064661416","292.5","1"
"2.695192990484915","294","1"
"2.631740834275776","295.5","1"
"2.4794654461304906","297","1"
"2.4479351031588625","298.5","1"
"2.5249677867764753","300","1"
"3.7395443375767554","1.5","2"
"3.8622730710523325","3","2"
"4.201687453657273","4.5","2"
"3.78102584847352","6","2"
"3.3199829633154274","7.5","2"
"3.197122389137248","9","2"
"3.261156763862843","10.5","2"
"3.1969855615522778","12","2"
"2.955780970220527","13.5","2"
"2.76457392646923","15","2"
"2.7568243112694617","16.5","2"
"2.876274481268271","18","2"
"2.9879818930305677","19.5","2"
"2.9835108413075675","21","2"
"2.836457654041952","22.5","2"
"2.6064701195564224","24","2"
"2.3785164538766397","25.5","2"
"2.2455935978005632","27","2"
"2.2935413808877234","28.5","2"
"2.5090530867396605","30","2"
"2.690167771458778","31.5","2"
"2.602930835635856","33","2"
"2.419986900128151","34.5","2"
"2.320803420072622","36","2"
"2.331746510068756","37.5","2"
"2.455917231749036","39","2"
"2.604616713556365","40.5","2"
"2.640415827834944","42","2"
"2.5365290943461587","43.5","2"
"2.39700407353516","45","2"
"2.3633072418548133","46.5","2"
"2.4587081716342643","48","2"
"2.5525411944292222","49.5","2"
"2.578099122404954","51","2"
"2.558193825593275","52.5","2"
"2.517503358912123","54","2"
"2.4866520111429042","55.5","2"
"2.4825889487336306","57","2"
"2.504604320147242","58.5","2"
"2.544867940865713","60","2"
"2.58229324631646","61.5","2"
"2.5882941800458976","63","2"
"2.5556118672472774","64.5","2"
"2.5111298115657568","66","2"
"2.4894764566440424","67.5","2"
"2.502909559342515","69","2"
"2.5361705063358895","70.5","2"
"2.56332969107195","72","2"
"2.5675713462060252","73.5","2"
"2.5496238682439816","75","2"
"2.523803349743563","76.5","2"
"2.5068816111485734","78","2"
"2.5073241969587277","79.5","2"
"2.5218809065907246","81","2"
"2.539796281497525","82.5","2"
"2.550319070814086","84","2"
"2.54911785552371","85.5","2"
"2.539930927321459","87","2"
"2.530531900778497","88.5","2"
"2.5270519919261236","90","2"
"2.5305622895929267","91.5","2"
"2.5375987806140805","93","2"
"2.5431896991088294","94.5","2"
"2.54463044059294","96","2"
"2.543003937740624","97.5","2"
"2.541239672262894","99","2"
"2.5413925513754854","100.5","2"
"2.5433411756607556","102","2"
"2.545379407988574","103.5","2"
"2.5458712392621115","105","2"
"2.5443946545609815","106.5","2"
"2.5417586197093067","108","2"
"2.5387861261378704","109.5","2"
"2.536073262129715","111","2"
"2.5340747690207657","112.5","2"
"2.532620781130365","114","2"
"2.5310860680816334","115.5","2"
"2.5293716714275827","117","2"
"2.527910514893778","118.5","2"
"2.5271038866707647","120","2"
"2.5269771886906045","121.5","2"
"2.526992772698004","123","2"
"2.5263831263285246","124.5","2"
"2.5247433770699184","126","2"
"2.5222963762280033","127.5","2"
"2.5198163372904006","129","2"
"2.518204795085188","130.5","2"
"2.5180173194761686","132","2"
"2.5192179114062485","133.5","2"
"2.5214080878062153","135","2"
"2.524247649794531","136.5","2"
"2.527591198582156","138","2"
"2.5311639881186325","139.5","2"
"2.5342974644865084","141","2"
"2.536295490075236","142.5","2"
"2.5368993703619775","144","2"
"2.5363874357188947","145.5","2"
"2.53507713237672","147","2"
"2.5331191576870102","148.5","2"
"2.5304708114694896","150","2"
"2.52684332206704","151.5","2"
"2.522171080808509","153","2"
"2.5167261844630957","154.5","2"
"2.5109870620579744","156","2"
"2.5052376542079697","157.5","2"
"2.4995575951908937","159","2"
"2.4937103197744177","160.5","2"
"2.4874176534264563","162","2"
"2.4807445814578655","163.5","2"
"2.4743027761590874","165","2"
"2.469559471826813","166.5","2"
"2.469209922540836","168","2"
"2.4784294213185523","169.5","2"
"2.507669226882559","171","2"
"2.5763574537379537","172.5","2"
"2.712809464129787","174","2"
"2.9410849395623755","175.5","2"
"3.22581317012056","177","2"
"3.4461822552389383","178.5","2"
"3.405132733027296","180","2"
"3.0650862630822195","181.5","2"
"2.9440561864132198","183","2"
"3.170097850225122","184.5","2"
"3.6698292804737886","186","2"
"3.6357585884559205","187.5","2"
"2.562220733105381","189","2"
"1.8476840200602094","190.5","2"
"1.821856488756461","192","2"
"2.0021701554952296","193.5","2"
"2.187464782679119","195","2"
"2.468140703793136","196.5","2"
"2.7127168951258325","198","2"
"2.712887695846934","199.5","2"
"2.515364298056428","201","2"
"2.37822098109634","202.5","2"
"2.4291093105397668","204","2"
"2.5006031262473454","205.5","2"
"2.452926504888942","207","2"
"2.4069131646403177","208.5","2"
"2.4075277978921656","210","2"
"2.4999802334715757","211.5","2"
"2.697415581620273","213","2"
"2.70257139462842","214.5","2"
"2.528058407124002","216","2"
"2.3718324731028693","217.5","2"
"2.3122121126331914","219","2"
"2.3573758127983786","220.5","2"
"2.4737105838778954","222","2"
"2.6043781224030744","223.5","2"
"2.6891732001065236","225","2"
"2.6809579347656496","226.5","2"
"2.584393814673878","228","2"
"2.4705873929549034","229.5","2"
"2.4138785925877286","231","2"
"2.4338237844583515","232.5","2"
"2.5018682359680606","234","2"
"2.5695813714804503","235.5","2"
"2.600048729307338","237","2"
"2.5873878141755258","238.5","2"
"2.5522390205257404","240","2"
"2.521349647778466","241.5","2"
"2.509379260014538","243","2"
"2.5154838273931843","244.5","2"
"2.5295798737664437","246","2"
"2.539567819949044","247.5","2"
"2.5396560254309266","249","2"
"2.53299713490907","250.5","2"
"2.527337023421466","252","2"
"2.5276469893286477","253.5","2"
"2.5322615697598","255","2"
"2.5355666260491474","256.5","2"
"2.533806724093489","258","2"
"2.5285455631953195","259.5","2"
"2.524996305510017","261","2"
"2.527228402889889","262.5","2"
"2.534498809862114","264","2"
"2.54134595519336","265.5","2"
"2.5418712920828073","267","2"
"2.534797866964116","268.5","2"
"2.5239875527110285","270","2"
"2.515348558208954","271.5","2"
"2.512886908400083","273","2"
"2.5169822297046744","274.5","2"
"2.5243581404069957","276","2"
"2.5304249944877344","277.5","2"
"2.5320458870973868","279","2"
"2.529404086162974","280.5","2"
"2.525232559062198","282","2"
"2.5224997475245705","283.5","2"
"2.5224902412800567","285","2"
"2.524400528907123","286.5","2"
"2.526262350271176","288","2"
"2.526481305575143","289.5","2"
"2.524784830529602","291","2"
"2.5221463022367434","292.5","2"
"2.519988852252316","294","2"
"2.519235677174684","295.5","2"
"2.5198149347297343","297","2"
"2.5209184382937138","298.5","2"
"2.521728650838429","300","2"
"3.680261526707357","1.5","3"
"3.6604315006514185","3","3"
"3.704842181579048","4.5","3"
"3.588957009113015","6","3"
"3.4947956312821438","7.5","3"
"3.4600676058321524","9","3"
"3.5157757570841865","10.5","3"
"3.6260631540922144","12","3"
"3.6767040094981325","13.5","3"
"3.6585673416862554","15","3"
"3.628848639574853","16.5","3"
"3.640039203608495","18","3"
"3.6923001724236957","19.5","3"
"3.7557916003314817","21","3"
"3.7846787398080313","22.5","3"
"3.7704785922653414","24","3"
"3.685207890656051","25.5","3"
"3.5539425496070156","27","3"
"3.6126197659488586","28.5","3"
"3.8358949567671496","30","3"
"3.050691315447032","31.5","3"
"2.092892766253263","33","3"
"1.8417496300423688","34.5","3"
"1.9346178469392057","36","3"
"2.182128974385505","37.5","3"
"2.4689755390695427","39","3"
"2.6855081532462406","40.5","3"
"2.772820359824904","42","3"
"2.6729312359143127","43.5","3"
"2.4735807690962552","45","3"
"2.3884905302926542","46.5","3"
"2.459255637814219","48","3"
"2.5028665474820913","49.5","3"
"2.4585499939591564","51","3"
"2.4078164137092095","52.5","3"
"2.393447335526306","54","3"
"2.4199228498577376","55.5","3"
"2.5158486490064136","57","3"
"2.6231459425146433","58.5","3"
"2.6323617011305838","60","3"
"2.582985643765233","61.5","3"
"2.5403984475434527","63","3"
"2.5264012037771084","64.5","3"
"2.534017419873534","66","3"
"2.5474707817816262","67.5","3"
"2.5639779857797813","69","3"
"2.5831569120065567","70.5","3"
"2.59290408527483","72","3"
"2.5801208356849292","73.5","3"
"2.5494717683317596","75","3"
"2.5209263861374875","76.5","3"
"2.5099444919629286","78","3"
"2.5175401371695867","79.5","3"
"2.5356029367863893","81","3"
"2.5545225451300317","82.5","3"
"2.5668710009134785","84","3"
"2.568861546178654","85.5","3"
"2.5614926482796627","87","3"
"2.5498485896306864","88.5","3"
"2.5402767364456604","90","3"
"2.5369322526175915","91.5","3"
"2.539882772738594","93","3"
"2.546017884771744","94.5","3"
"2.5514094838118493","96","3"
"2.553453793902554","97.5","3"
"2.5517769547063365","99","3"
"2.5477827736097702","100.5","3"
"2.5435660528875346","102","3"
"2.540837760712053","103.5","3"
"2.540265048440111","105","3"
"2.541433693155021","106.5","3"
"2.5432883458756703","108","3"
"2.5446884131004675","109.5","3"
"2.544846434935501","111","3"
"2.5435498455198386","112.5","3"
"2.5411626872663384","114","3"
"2.5384216162047895","115.5","3"
"2.536148377045382","117","3"
"2.5349144353394664","118.5","3"
"2.534804879767446","120","3"
"2.5354631482400127","121.5","3"
"2.5363017236781955","123","3"
"2.5368353200915648","124.5","3"
"2.536827216407717","126","3"
"2.5363011003178997","127.5","3"
"2.5354938487345904","129","3"
"2.534776672714052","130.5","3"
"2.5344537720807283","132","3"
"2.5345005241029277","133.5","3"
"2.5346183391988704","135","3"
"2.5344553304814683","136.5","3"
"2.5338224639409628","138","3"
"2.532759167116075","139.5","3"
"2.5314438768915326","141","3"
"2.5302032340624354","142.5","3"
"2.5292911021093256","144","3"
"2.5287677911408406","145.5","3"
"2.52849257757016","147","3"
"2.528345152860158","148.5","3"
"2.528113262830049","150","3"
"2.5276441842073156","151.5","3"
"2.526943215554473","153","3"
"2.526115704761544","154.5","3"
"2.525238792665158","156","3"
"2.5242964277376925","157.5","3"
"2.5233302192789053","159","3"
"2.5224473852597074","160.5","3"
"2.5217554553311565","162","3"
"2.5212974413536764","163.5","3"
"2.521044357073504","165","3"
"2.5209575541522873","166.5","3"
"2.5209899688876787","168","3"
"2.5210770834890437","169.5","3"
"2.5211487699230823","171","3"
"2.521186171540842","172.5","3"
"2.521196456985726","174","3"
"2.5212231056383794","175.5","3"
"2.5215667330015448","177","3"
"2.5224324246126035","178.5","3"
"2.5236872488884345","180","3"
"2.5249657608555136","181.5","3"
"2.526101055794588","183","3"
"2.527145651810596","184.5","3"
"2.528068225048664","186","3"
"2.5287857127493503","187.5","3"
"2.5292812841846635","189","3"
"2.529568185760894","190.5","3"
"2.5296741570112125","192","3"
"2.529654677001963","193.5","3"
"2.5295762894447416","195","3"
"2.5294827854003428","196.5","3"
"2.5293715155875085","198","3"
"2.529228454399578","199.5","3"
"2.528582964813079","201","3"
"2.526999317981112","202.5","3"
"2.524681976080763","204","3"
"2.5220604343559705","205.5","3"
"2.5193756215611343","207","3"
"2.5169043096676753","208.5","3"
"2.514922647286718","210","3"
"2.5133770254328067","211.5","3"
"2.5120533198442683","213","3"
"2.5108584939969263","214.5","3"
"2.5098765456906653","216","3"
"2.5092640941998536","217.5","3"
"2.509148772545095","219","3"
"2.5096479283021105","220.5","3"
"2.510803014930583","222","3"
"2.5125521639211357","223.5","3"
"2.5147534049663562","225","3"
"2.517214898935153","226.5","3"
"2.519717846363634","228","3"
"2.522060901876192","229.5","3"
"2.5239900461522127","231","3"
"2.5255038766310283","232.5","3"
"2.52688617808739","234","3"
"2.5281400673227767","235.5","3"
"2.5289364101009064","237","3"
"2.52910689914186","238.5","3"
"2.5290031096525776","240","3"
"2.528898540962925","241.5","3"
"2.5288809310345632","243","3"
"2.5287744922640223","244.5","3"
"2.5278913465646764","246","3"
"2.525449020924981","247.5","3"
"2.5213042983169323","249","3"
"2.515740651835133","250.5","3"
"2.509147837504651","252","3"
"2.5022417846254337","253.5","3"
"2.495438274514907","255","3"
"2.4887966822412637","256.5","3"
"2.482278826986375","258","3"
"2.4761577405598847","259.5","3"
"2.471368775085929","261","3"
"2.4699793049861634","262.5","3"
"2.476336177444612","264","3"
"2.499376820705056","265.5","3"
"2.5568289782252007","267","3"
"2.675304991921449","268.5","3"
"2.881501357350161","270","3"
"3.157672721125268","271.5","3"
"3.392931078593555","273","3"
"3.433777385348704","274.5","3"
"3.124090743579458","276","3"
"2.9308527919838205","277.5","3"
"3.0673387755117854","279","3"
"3.5701823320381902","280.5","3"
"3.75442176608104","282","3"
"2.788204891929978","283.5","3"
"1.9223010266907805","285","3"
"1.7814928187104835","286.5","3"
"1.951861551127075","288","3"
"2.160730573824851","289.5","3"
"2.4303497975287898","291","3"
"2.6963490121538314","292.5","3"
"2.7460735279246418","294","3"
"2.560189357740818","295.5","3"
"2.3806296452800515","297","3"
"2.3896516946840127","298.5","3"
"2.4792415039441553","300","3"
"3.6358658064268314","1.5","4"
"3.5333404918244917","3","4"
"3.600395358864314","4.5","4"
"3.5458182948693566","6","4"
"3.4726055631455806","7.5","4"
"3.3960921386545286","9","4"
"3.418365425390607","10.5","4"
"3.534448826430765","12","4"
"3.6032727899906116","13.5","4"
"3.564974780125476","15","4"
"3.475990097872667","16.5","4"
"3.4362390351575756","18","4"
"3.4599226745633342","19.5","4"
"3.493145284898506","21","4"
"3.509502570745475","22.5","4"
"3.517756796104848","24","4"
"3.5107227985248786","25.5","4"
"3.4775154605169587","27","4"
"3.428178986530403","28.5","4"
"3.3729053174046753","30","4"
"3.323614037039579","31.5","4"
"3.2478196586499535","33","4"
"3.0269930270743175","34.5","4"
"2.61529440790648","36","4"
"2.6060990643402335","37.5","4"
"2.7185141458785544","39","4"
"2.6914843084039126","40.5","4"
"2.6799767656597586","42","4"
"2.543540806795547","43.5","4"
"2.408755194314973","45","4"
"2.334778067028237","46.5","4"
"2.2514690802704322","48","4"
"2.204226473518113","49.5","4"
"2.258019661940861","51","4"
"2.4182260631320482","52.5","4"
"2.5977778277490406","54","4"
"2.6970696166559978","55.5","4"
"2.6401437310657436","57","4"
"2.4603178437585886","58.5","4"
"2.283475982188346","60","4"
"2.217763209865794","61.5","4"
"2.3079402245247604","63","4"
"2.494839536950607","64.5","4"
"2.650729635612274","66","4"
"2.7581364846925243","67.5","4"
"2.803747134189938","69","4"
"2.6951496669443435","70.5","4"
"2.556437507959318","72","4"
"2.5094191550734815","73.5","4"
"2.5200494740411012","75","4"
"2.5325620294224676","76.5","4"
"2.5333187888218016","78","4"
"2.533962875847635","79.5","4"
"2.534177935149752","81","4"
"2.5175178520390054","82.5","4"
"2.486377265092446","84","4"
"2.4626591850303337","85.5","4"
"2.458595810940912","87","4"
"2.4712599987142783","88.5","4"
"2.493606997805357","90","4"
"2.5193725047596542","91.5","4"
"2.5449919895646156","93","4"
"2.5698371050418807","94.5","4"
"2.5906920912645037","96","4"
"2.5970419509196225","97.5","4"
"2.580574953660559","99","4"
"2.5476130637691865","100.5","4"
"2.513279157866336","102","4"
"2.488969976403549","103.5","4"
"2.477848605362762","105","4"
"2.4772193231439585","106.5","4"
"2.48219249158538","108","4"
"2.48785634323476","109.5","4"
"2.4908716928265457","111","4"
"2.4910474804300153","112.5","4"
"2.4906572568847247","114","4"
"2.4920471945047122","115.5","4"
"2.4961133737154655","117","4"
"2.502276225281787","118.5","4"
"2.5091112150872616","120","4"
"2.5152256003905697","121.5","4"
"2.5195998754276174","123","4"
"2.5215539541154772","124.5","4"
"2.52087698483403","126","4"
"2.5180495783714862","127.5","4"
"2.5141197592254807","129","4"
"2.5103055734143815","130.5","4"
"2.507583359001786","132","4"
"2.506329781446547","133.5","4"
"2.5062936265493794","135","4"
"2.506922441247961","136.5","4"
"2.507722835868014","138","4"
"2.5084474922121047","139.5","4"
"2.5091132410082237","141","4"
"2.5098623642439315","142.5","4"
"2.510789768524293","144","4"
"2.511840753983335","145.5","4"
"2.512823793170114","147","4"
"2.5134904770066773","148.5","4"
"2.513640550997937","150","4"
"2.5131728749358695","151.5","4"
"2.5120692155318163","153","4"
"2.510569878179882","154.5","4"
"2.509020983684417","156","4"
"2.507669226882559","157.5","4"
"2.506648941918095","159","4"
"2.5060048548922613","160.5","4"
"2.5056691753728697","162","4"
"2.5055647625232913","163.5","4"
"2.50565514976621","165","4"
"2.5058904682779466","166.5","4"
"2.506177214014103","168","4"
"2.50640162372066","169.5","4"
"2.506465518150999","171","4"
"2.506305470395003","172.5","4"
"2.5058946759599445","174","4"
"2.5052470046124093","175.5","4"
"2.5044140394168903","177","4"
"2.503478063932459","178.5","4"
"2.5025193357972237","180","4"
"2.5015989443201923","181.5","4"
"2.5007698751265233","183","4"
"2.5000748283964924","184.5","4"
"2.499527673896686","186","4"
"2.4991048797759294","187.5","4"
"2.498764836734466","189","4"
"2.498474350836534","190.5","4"
"2.4982105135912556","192","4"
"2.497954468349677","193.5","4"
"2.4976904752643247","195","4"
"2.4973995218461704","196.5","4"
"2.497067894168703","198","4"
"2.49668187830541","199.5","4"
"2.496235864013628","201","4"
"2.4957339031352808","202.5","4"
"2.49518581359503","204","4"
"2.4946064001999058","205.5","4"
"2.4940114027973816","207","4"
"2.493411730192638","208.5","4"
"2.492813615988634","210","4"
"2.4922204886669976","211.5","4"
"2.4916317248674336","213","4"
"2.4910379741855015","214.5","4"
"2.490331083609847","216","4"
"2.489488300489666","217.5","4"
"2.488633829363936","219","4"
"2.487878784205416","220.5","4"
"2.4872462293450583","222","4"
"2.486768579518255","223.5","4"
"2.486510196675566","225","4"
"2.486519858760154","226.5","4"
"2.486810656338234","228","4"
"2.487359213398707","229.5","4"
"2.4881069340737487","231","4"
"2.4889687296829575","232.5","4"
"2.490103712941884","234","4"
"2.4916373351100978","235.5","4"
"2.493388198341464","237","4"
"2.49504197320673","238.5","4"
"2.4965093633434945","240","4"
"2.4978346273327725","241.5","4"
"2.4989541824243737","243","4"
"2.499689280053422","244.5","4"
"2.4998784699032552","246","4"
"2.4994626885858287","247.5","4"
"2.4984861946821577","249","4"
"2.4970841015363985","250.5","4"
"2.4954491833200865","252","4"
"2.4937541108352113","253.5","4"
"2.4920939465269116","255","4"
"2.4904997025699127","256.5","4"
"2.4889771450469533","258","4"
"2.4875459098073565","259.5","4"
"2.4862624109579095","261","4"
"2.4852128280595336","262.5","4"
"2.484504223243065","264","4"
"2.484234152394827","265.5","4"
"2.4844817822724092","267","4"
"2.4852983842601586","268.5","4"
"2.4867107628508016","270","4"
"2.4887243724469283","271.5","4"
"2.4913191096789937","273","4"
"2.4944380929199883","274.5","4"
"2.497723201679864","276","4"
"2.5011373460210105","277.5","4"
"2.5039571163199286","279","4"
"2.505657331527246","280.5","4"
"2.5062001225049806","282","4"
"2.505843716255747","283.5","4"
"2.504758757660574","285","4"
"2.5032957310458817","286.5","4"
"2.501996180668813","288","4"
"2.5010891914381452","289.5","4"
"2.500444792732164","291","4"
"2.499826263478466","292.5","4"
"2.499081971285052","294","4"
"2.498472792435794","295.5","4"
"2.498107659142417","297","4"
"2.4974400402654098","298.5","4"
"2.4959918184577474","300","4"
"3.5568340063399733","1.5","5"
"3.157852560570662","3","5"
"3.1975500143002984","4.5","5"
"3.239850932306144","6","5"
"3.203549233788922","7.5","5"
"3.1048155081869515","9","5"
"3.0251154658627906","10.5","5"
"3.052334804867414","12","5"
"3.1269519673380595","13.5","5"
"3.1691737185863142","15","5"
"3.1404498995073147","16.5","5"
"3.0823754725716963","18","5"
"3.0600791215046668","19.5","5"
"3.0891545157906055","21","5"
"3.139157361933576","22.5","5"
"3.1799354107363142","24","5"
"3.2077996159671414","25.5","5"
"3.2266266553068292","27","5"
"3.2403729965540373","28.5","5"
"3.254648570692542","30","5"
"3.278282029594474","31.5","5"
"3.3102750617458017","33","5"
"3.339902753253989","34.5","5"
"3.364564444964159","36","5"
"3.3841669445120606","37.5","5"
"3.380994040605463","39","5"
"3.333332224054089","40.5","5"
"3.225861792223647","42","5"
"3.0353441849597176","43.5","5"
"2.7368979760477927","45","5"
"2.523436658049446","46.5","5"
"2.5564172487496983","48","5"
"2.5218191939214214","49.5","5"
"2.401123238371073","51","5"
"2.3582232711207793","52.5","5"
"2.432804590374405","54","5"
"2.499823925877356","55.5","5"
"2.3891355523589315","57","5"
"2.2822281707158445","58.5","5"
"2.2920850553962127","60","5"
"2.3864600899685353","61.5","5"
"2.5498395509063947","63","5"
"2.707713493710055","64.5","5"
"2.7221782576983937","66","5"
"2.562151851792674","67.5","5"
"2.3530567051475266","69","5"
"2.271874156199423","70.5","5"
"2.384184824888166","72","5"
"2.5455541047115258","73.5","5"
"2.6192290580947795","75","5"
"2.6126563471338438","76.5","5"
"2.553684437212071","78","5"
"2.483918264564833","79.5","5"
"2.449325975819294","81","5"
"2.4702821022499415","82.5","5"
"2.532975161458636","84","5"
"2.5930773794371156","85.5","5"
"2.605445471069886","87","5"
"2.563109956567613","88.5","5"
"2.5024841159405002","90","5"
"2.4686220937817156","91.5","5"
"2.4794550048455326","93","5"
"2.518635381209644","94.5","5"
"2.5556068803649095","96","5"
"2.5690504243483394","97.5","5"
"2.5561057244417764","99","5"
"2.5302526353658927","100.5","5"
"2.5107992747688073","102","5"
"2.509320040786419","103.5","5"
"2.523200560337339","105","5"
"2.540095182759453","106.5","5"
"2.5472937474575645","108","5"
"2.5408597341624866","109.5","5"
"2.527169807022066","111","5"
"2.516858181005772","112.5","5"
"2.5166484202661707","114","5"
"2.525144821100537","115.5","5"
"2.5350497045236966","117","5"
"2.5390778587563947","118.5","5"
"2.5350261726725227","120","5"
"2.5265420832040024","121.5","5"
"2.5197337420511814","123","5"
"2.518636627930236","124.5","5"
"2.5229572939818286","126","5"
"2.5287839985085365","127.5","5"
"2.531967811220314","129","5"
"2.5308320487610168","130.5","5"
"2.5269773445306787","132","5"
"2.5236130690132117","133.5","5"
"2.523046590344229","135","5"
"2.5252482989096716","136.5","5"
"2.5281188730727133","138","5"
"2.5293048160358373","139.5","5"
"2.5278913465646764","141","5"
"2.524834855193355","142.5","5"
"2.522009162971625","144","5"
"2.52086607602885","145.5","5"
"2.521615043424484","147","5"
"2.5233208688744653","148.5","5"
"2.524684002001725","150","5"
"2.52495002100804","151.5","5"
"2.5242842722119208","153","5"
"2.523495409757343","154.5","5"
"2.523359828892965","156","5"
"2.5240107728820544","157.5","5"
"2.5248934510611782","159","5"
"2.5252475197093016","160.5","5"
"2.5246802618399493","162","5"
"2.5234053341945724","163.5","5"
"2.5220384609055366","165","5"
"2.5211588995278924","166.5","5"
"2.520980462643165","168","5"
"2.521325180886848","169.5","5"
"2.5220683821997443","171","5"
"2.52313978270848","172.5","5"
"2.524398970506383","174","5"
"2.5255902120320233","175.5","5"
"2.526619691560853","177","5"
"2.5274866298925036","178.5","5"
"2.5280247456680187","180","5"
"2.528092536100208","181.5","5"
"2.5277746223492517","183","5"
"2.5272994659636323","184.5","5"
"2.5268875806480557","186","5"
"2.526654599737429","187.5","5"
"2.5265847833842776","189","5"
"2.5265810432225018","190.5","5"
"2.5265416156837803","192","5"
"2.526428008269836","193.5","5"
"2.526279025159094","195","5"
"2.5261644827047056","196.5","5"
"2.526140639173384","198","5"
"2.5256902613595296","199.5","5"
"2.5243615688886236","201","5"
"2.522337829687687","202.5","5"
"2.5199514506345566","204","5"
"2.5173587393234533","205.5","5"
"2.5148804146266643","207","5"
"2.5128671167106855","208.5","5"
"2.5113565588734237","210","5"
"2.5101692133496334","211.5","5"
"2.509177135438563","213","5"
"2.508425986281893","214.5","5"
"2.508037165297268","216","5"
"2.508120851417005","217.5","5"
"2.5087685227645404","219","5"
"2.5100158667168198","220.5","5"
"2.5117946253214316","222","5"
"2.513945374182677","223.5","5"
"2.5162725340076877","225","5"
"2.518578032062413","226.5","5"
"2.520697457068785","228","5"
"2.522538863383144","229.5","5"
"2.5239995523967265","231","5"
"2.525133288935061","232.5","5"
"2.5262922715653837","234","5"
"2.5275682900912786","235.5","5"
"2.5286119510668428","237","5"
"2.5290892892134984","238.5","5"
"2.5291402489176957","240","5"
"2.5290550043972186","241.5","5"
"2.528954799229638","243","5"
"2.5287663885801748","244.5","5"
"2.5280252131882404","246","5"
"2.525965007409988","247.5","5"
"2.522249156685582","249","5"
"2.5171282518540106","250.5","5"
"2.5108628575189984","252","5"
"2.5040540488459553","253.5","5"
"2.497274849786972","255","5"
"2.490698554504334","256.5","5"
"2.484273424093474","258","5"
"2.478065846425915","259.5","5"
"2.47279471176301","261","5"
"2.470115509210838","262.5","5"
"2.4734766679268247","264","5"
"2.490022676103405","265.5","5"
"2.5344073317386773","267","5"
"2.631539488900171","268.5","5"
"2.811052293498664","270","5"
"3.080746943798418","271.5","5"
"3.35682885537105","273","5"
"3.500728151219096","274.5","5"
"3.2620977262296424","276","5"
"2.961513391502466","277.5","5"
"2.9796444490716794","279","5"
"3.285221899769749","280.5","5"
"3.6766363749060176","282","5"
"3.203272150137354","283.5","5"
"2.248703542317265","285","5"
"1.8723781265057708","286.5","5"
"1.9479946913709647","288","5"
"2.0925626969765356","289.5","5"
"2.2718565462710614","291","5"
"2.5391405064661416","292.5","5"
"2.695192990484915","294","5"
"2.631740834275776","295.5","5"
"2.4794654461304906","297","5"
"2.4479351031588625","298.5","5"
"2.5249677867764753","300","5"
"3.571060646695243","1.5","6"
"3.21312467129565","3","6"
"3.259866096369992","4.5","6"
"3.3358923647897267","6","6"
"3.356184612505143","7.5","6"
"3.2847774438787067","9","6"
"3.2245103471019374","10.5","6"
"3.2416284441901646","12","6"
"3.315312747977858","13.5","6"
"3.38002876718712","15","6"
"3.326142386400121","16.5","6"
"3.1786640674126394","18","6"
"3.1469060420929003","19.5","6"
"3.2535876114687645","21","6"
"3.337086099756551","22.5","6"
"3.2188804685886887","24","6"
"2.986447179981836","25.5","6"
"3.0510428906539717","27","6"
"3.530613913889824","28.5","6"
"3.8482434125505964","30","6"
"3.0809722885454187","31.5","6"
"2.3559690444504","33","6"
"2.4168306711094707","34.5","6"
"2.4623593487279614","36","6"
"2.6436258216791533","37.5","6"
"3.189811931266006","39","6"
"2.9410802643601555","40.5","6"
"2.3482786484787503","42","6"
"2.25029451363271","43.5","6"
"2.2637196684874086","45","6"
"2.2558107847320144","46.5","6"
"2.254282772806465","48","6"
"2.197419379085884","49.5","6"
"2.3038154494461835","51","6"
"2.5468673690151062","52.5","6"
"2.7444584013977273","54","6"
"2.7829122513368607","55.5","6"
"2.614099582059138","57","6"
"2.408621327691409","58.5","6"
"2.310729761849323","60","6"
"2.286176846510804","61.5","6"
"2.4122908939138377","63","6"
"2.6288671433112545","64.5","6"
"2.680217071053863","66","6"
"2.5842909602250392","67.5","6"
"2.4561416414555928","69","6"
"2.3753937304738697","70.5","6"
"2.3714952351827376","72","6"
"2.4329054189022816","73.5","6"
"2.5311671049201125","75","6"
"2.6129946759344933","76.5","6"
"2.629503594173462","78","6"
"2.5844156322842378","79.5","6"
"2.5226749117677443","81","6"
"2.488408952137157","82.5","6"
"2.497722422479494","84","6"
"2.533345125794307","85.5","6"
"2.5657050054798263","87","6"
"2.5771025251317377","88.5","6"
"2.5654338437510695","90","6"
"2.539402161950384","91.5","6"
"2.5127009911918035","93","6"
"2.497193033748123","94.5","6"
"2.4970234797476136","96","6"
"2.507654577915603","97.5","6"
"2.520221833162943","99","6"
"2.5274341117875663","100.5","6"
"2.526934176830181","102","6"
"2.5209818652038307","103.5","6"
"2.513876025349748","105","6"
"2.5091200979714796","106.5","6"
"2.507732186272454","108","6"
"2.5082928988586985","109.5","6"
"2.5083957533075374","111","6"
"2.5063372617700987","112.5","6"
"2.5019474027256514","114","6"
"2.496309888048777","115.5","6"
"2.490872160346768","117","6"
"2.4865762728669414","118.5","6"
"2.483385603191908","120","6"
"2.480692998393372","121.5","6"
"2.477934317403461","123","6"
"2.474876735151622","124.5","6"
"2.4720113037110223","126","6"
"2.4713291917071336","127.5","6"
"2.476954550858236","129","6"
"2.4958842888066886","130.5","6"
"2.5397467243539937","132","6"
"2.626139942016291","133.5","6"
"2.7767201018366277","135","6"
"3.0173683441042063","136.5","6"
"3.3566677167345365","138","6"
"3.7651339010875087","139.5","6"
"3.723605014808249","141","6"
"2.947402384482103","142.5","6"
"2.671946950006942","144","6"
"2.884091107699858","145.5","6"
"3.2492166090732706","147","6"
"3.7332053867268162","148.5","6"
"3.66331298361964","150","6"
"2.2996888042867187","151.5","6"
"1.6891552372656093","153","6"
"1.8892143089001354","154.5","6"
"2.0651477786790444","156","6"
"2.1466382676133677","157.5","6"
"2.419063547689713","159","6"
"2.75263501840025","160.5","6"
"2.8026721493595","162","6"
"2.5666668504165413","163.5","6"
"2.3657718526250906","165","6"
"2.359436797777001","166.5","6"
"2.45602538476039","168","6"
"2.449539165040523","169.5","6"
"2.4134171501286206","171","6"
"2.424899446780787","172.5","6"
"2.4788191773436212","174","6"
"2.6421054459172293","175.5","6"
"2.738894599075854","177","6"
"2.599387499873365","178.5","6"
"2.4155079005613764","180","6"
"2.3149891827518343","181.5","6"
"2.3261956424730243","183","6"
"2.4215735079215235","184.5","6"
"2.550100271350193","186","6"
"2.6535303934221646","187.5","6"
"2.6822099539201485","189","6"
"2.621885507996148","190.5","6"
"2.517463775533328","192","6"
"2.441509816907929","193.5","6"
"2.4327425660249538","195","6"
"2.4799914063802335","196.5","6"
"2.543376083837331","198","6"
"2.582086758218413","199.5","6"
"2.578500722275647","201","6"
"2.5452661122547777","202.5","6"
"2.5106409412536252","204","6"
"2.4958166542145737","205.5","6"
"2.5034649733662433","207","6"
"2.522250403406174","208.5","6"
"2.53791840860585","210","6"
"2.542016379191699","211.5","6"
"2.5356256894371927","213","6"
"2.5264855132571413","214.5","6"
"2.5218905686753126","216","6"
"2.523952177014231","217.5","6"
"2.529324763565309","219","6"
"2.5330225368411314","220.5","6"
"2.5325637436632817","222","6"
"2.5301097300180366","223.5","6"
"2.529918981767463","225","6"
"2.533752803427886","226.5","6"
"2.539417745957784","228","6"
"2.5427958912418367","229.5","6"
"2.541267411796065","231","6"
"2.5355591457255957","232.5","6"
"2.5288298154902917","234","6"
"2.5244196972362247","235.5","6"
"2.523960904058375","237","6"
"2.5263800095270446","238.5","6"
"2.5289887723657696","240","6"
"2.529580029606518","241.5","6"
"2.5275918219424525","243","6"
"2.524241416191571","244.5","6"
"2.521703093066293","246","6"
"2.5214420609423467","247.5","6"
"2.523048148744969","249","6"
"2.5244877993485617","250.5","6"
"2.5236147832540254","252","6"
"2.5198281811360244","253.5","6"
"2.5143768953475774","255","6"
"2.509301963337835","256.5","6"
"2.5063056262350774","258","6"
"2.5060037640117434","259.5","6"
"2.5079305706866535","261","6"
"2.5111534992570044","262.5","6"
"2.5149469583382618","264","6"
"2.519087473264312","265.5","6"
"2.5236093288514354","267","6"
"2.528206143514152","268.5","6"
"2.5322548686366178","270","6"
"2.5348971370912525","271.5","6"
"2.535328969936301","273","6"
"2.5335439777287285","274.5","6"
"2.530597976969872","276","6"
"2.528053887761856","277.5","6"
"2.5266787549488985","279","6"
"2.526340893668471","280.5","6"
"2.526415229383768","282","6"
"2.5257674021961587","283.5","6"
"2.5235312529743625","285","6"
"2.5195875640617715","286.5","6"
"2.514388115832905","288","6"
"2.508442505329737","289.5","6"
"2.502280432963785","291","6"
"2.496164177579589","292.5","6"
"2.489967976237432","294","6"
"2.4835766631226295","295.5","6"
"2.4771981288938947","297","6"
"2.471814789377711","298.5","6"
"2.4693902295064514","300","6"
"3.5849110891118814","1.5","7"
"3.128760023876583","3","7"
"3.092300926884623","4.5","7"
"3.1818029981831053","6","7"
"3.219546840745104","7.5","7"
"3.165833442440243","9","7"
"3.0958144971929804","10.5","7"
"3.105151187706343","12","7"
"3.1791007312999815","13.5","7"
"3.2377205984945925","15","7"
"3.23076794943325","16.5","7"
"3.1826498331452098","18","7"
"3.1577768222946987","19.5","7"
"3.1776208739572973","21","7"
"3.2065650509009296","22.5","7"
"3.212290303539465","24","7"
"3.210354458140263","25.5","7"
"3.2322895719157656","27","7"
"3.267415924594895","28.5","7"
"3.2702949141219326","30","7"
"3.2328050908805506","31.5","7"
"3.202805876635952","33","7"
"3.2162112398012526","34.5","7"
"3.2366814568811746","36","7"
"3.2152565635079413","37.5","7"
"3.185485810811824","39","7"
"3.2023352396124785","40.5","7"
"3.2516140527716546","42","7"
"3.2744358965682054","43.5","7"
"3.234720053709837","45","7"
"3.170977723282914","46.5","7"
"3.1599900630256172","48","7"
"3.2093748474351123","49.5","7"
"3.21085252301676","51","7"
"3.1049554525734018","52.5","7"
"3.0033075175876704","54","7"
"2.979229602794697","55.5","7"
"2.8951610515162263","57","7"
"2.6252033431715636","58.5","7"
"2.5682819769434557","60","7"
"2.8242457141633275","61.5","7"
"2.6669064586535534","63","7"
"2.394318793220102","64.5","7"
"2.4170447953711443","66","7"
"2.4294188089267266","67.5","7"
"2.348631626246356","69","7"
"2.303045131960412","70.5","7"
"2.3568147885319863","72","7"
"2.3795088434678586","73.5","7"
"2.4438422752954554","75","7"
"2.590348308061264","76.5","7"
"2.710511758078762","78","7"
"2.669027753740813","79.5","7"
"2.5006318008209614","81","7"
"2.3312872493706838","82.5","7"
"2.316644360177766","84","7"
"2.4781864666431894","85.5","7"
"2.5925606137517385","87","7"
"2.5884088783403603","88.5","7"
"2.5307210906283304","90","7"
"2.4658031026831675","91.5","7"
"2.4366435547572696","93","7"
"2.462917723713096","94.5","7"
"2.5332402454245067","96","7"
"2.6061657638919047","97.5","7"
"2.628024048510926","99","7"
"2.5801836392347504","100.5","7"
"2.500345055084805","102","7"
"2.4463243401540202","103.5","7"
"2.450837468697","105","7"
"2.502597255834223","106.5","7"
"2.560391793996941","108","7"
"2.5888439838269623","109.5","7"
"2.5786059143255953","111","7"
"2.544270450022005","112.5","7"
"2.511686939830299","114","7"
"2.499966519545064","115.5","7"
"2.5115094379860157","117","7"
"2.5340898855079432","118.5","7"
"2.5505155851473975","120","7"
"2.550377043321613","121.5","7"
"2.5363665531489787","123","7"
"2.5209895013674566","124.5","7"
"2.5160662017497146","126","7"
"2.5236970668130962","127.5","7"
"2.5364580312724154","129","7"
"2.544810591718482","130.5","7"
"2.544116480028895","132","7"
"2.53641065588992","133.5","7"
"2.5275589396868385","135","7"
"2.522904308356669","136.5","7"
"2.5242231829029134","138","7"
"2.5293768141500244","139.5","7"
"2.5342893608026604","141","7"
"2.5358351384966458","142.5","7"
"2.533795659448235","144","7"
"2.5305689907161084","145.5","7"
"2.5289974994099134","147","7"
"2.530163494843566","148.5","7"
"2.532777556244807","150","7"
"2.534409669339787","151.5","7"
"2.533394059577543","153","7"
"2.529921942728869","154.5","7"
"2.5255690177819594","156","7"
"2.5219055293224164","157.5","7"
"2.5197985715219646","159","7"
"2.519198431396999","160.5","7"
"2.519189236832633","162","7"
"2.518792779684382","163.5","7"
"2.517960905369381","165","7"
"2.5173649729264134","166.5","7"
"2.5175722402248306","168","7"
"2.5185571494924974","169.5","7"
"2.5194619569621293","171","7"
"2.5191608739391653","172.5","7"
"2.517213496374487","174","7"
"2.5141153957034086","175.5","7"
"2.5109721014108706","177","7"
"2.508869818812639","178.5","7"
"2.5083879613038373","180","7"
"2.5094722965387146","181.5","7"
"2.5116736934240094","183","7"
"2.5145261901384672","184.5","7"
"2.5177665727971057","186","7"
"2.5212952595926406","187.5","7"
"2.5249487742874477","189","7"
"2.5282426100914677","190.5","7"
"2.530523017894279","192","7"
"2.5316033012872325","193.5","7"
"2.5317130126993272","195","7"
"2.5310742242360096","196.5","7"
"2.529923968649831","198","7"
"2.5286996890285036","199.5","7"
"2.5279591369968655","201","7"
"2.5276536904518294","202.5","7"
"2.527530265113223","204","7"
"2.5273675680759693","205.5","7"
"2.526574497939394","207","7"
"2.5244285801204427","208.5","7"
"2.5207604164586797","210","7"
"2.515862207092851","211.5","7"
"2.5100916049927826","213","7"
"2.5038961828509954","214.5","7"
"2.497742370008966","216","7"
"2.491655412558681","217.5","7"
"2.4855100150806475","219","7"
"2.479355734718396","220.5","7"
"2.4738670473121895","222","7"
"2.4705780425504633","223.5","7"
"2.4725207449129214","225","7"
"2.4858985243851244","226.5","7"
"2.5234545796579555","228","7"
"2.6084880926746212","229.5","7"
"2.771532497453385","231","7"
"3.0334906231195866","232.5","7"
"3.3391805903510825","234","7"
"3.5515588198351438","235.5","7"
"3.3748043845464135","237","7"
"2.9935821619297567","238.5","7"
"2.9604412117933605","240","7"
"3.1301039886747413","241.5","7"
"3.513823080956993","243","7"
"3.500188009522619","244.5","7"
"2.5843503352932324","246","7"
"1.966420442520108","247.5","7"
"1.9735385937400367","249","7"
"2.073222320433098","250.5","7"
"2.1423852361538906","252","7"
"2.3736293091560654","253.5","7"
"2.608427315045762","255","7"
"2.6574996401068915","256.5","7"
"2.548409874067538","258","7"
"2.4828174102821117","259.5","7"
"2.5488050844951964","261","7"
"2.563992946426885","262.5","7"
"2.4426186190344237","264","7"
"2.3517805307815576","265.5","7"
"2.3523610350572","267","7"
"2.4904451585440137","268.5","7"
"2.693316364313832","270","7"
"2.6997896493075575","271.5","7"
"2.554210085781666","273","7"
"2.406371932063323","274.5","7"
"2.334575163251892","276","7"
"2.362014860121149","277.5","7"
"2.463172522234083","279","7"
"2.587073640586346","280.5","7"
"2.6706416335471355","282","7"
"2.662930666685719","283.5","7"
"2.5724076870624764","285","7"
"2.470758349516079","286.5","7"
"2.4244813278622503","288","7"
"2.4483896886547143","289.5","7"
"2.51266499213471","291","7"
"2.570730224505963","292.5","7"
"2.5894232413820126","294","7"
"2.5675312953070075","295.5","7"
"2.5302551288070765","297","7"
"2.5055555679589254","298.5","7"
"2.5043362752199654","300","7"
"3.5568340063399733","1.5","8"
"3.157852560570662","3","8"
"3.1975500143002984","4.5","8"
"3.239850932306144","6","8"
"3.203549233788922","7.5","8"
"3.1048155081869515","9","8"
"3.0251154658627906","10.5","8"
"3.052334804867414","12","8"
"3.1269519673380595","13.5","8"
"3.1691737185863142","15","8"
"3.1404498995073147","16.5","8"
"3.0823754725716963","18","8"
"3.0600791215046668","19.5","8"
"3.0891545157906055","21","8"
"3.139157361933576","22.5","8"
"3.1799354107363142","24","8"
"3.2077996159671414","25.5","8"
"3.2266266553068292","27","8"
"3.2403729965540373","28.5","8"
"3.254648570692542","30","8"
"3.278282029594474","31.5","8"
"3.3102750617458017","33","8"
"3.339902753253989","34.5","8"
"3.364564444964159","36","8"
"3.3841669445120606","37.5","8"
"3.380994040605463","39","8"
"3.333332224054089","40.5","8"
"3.225861792223647","42","8"
"3.0353441849597176","43.5","8"
"2.7368979760477927","45","8"
"2.523436658049446","46.5","8"
"2.5564172487496983","48","8"
"2.5218191939214214","49.5","8"
"2.401123238371073","51","8"
"2.3582232711207793","52.5","8"
"2.432804590374405","54","8"
"2.499823925877356","55.5","8"
"2.3891355523589315","57","8"
"2.2822281707158445","58.5","8"
"2.2920850553962127","60","8"
"2.3864600899685353","61.5","8"
"2.5498395509063947","63","8"
"2.707713493710055","64.5","8"
"2.7221782576983937","66","8"
"2.562151851792674","67.5","8"
"2.3530567051475266","69","8"
"2.271874156199423","70.5","8"
"2.384184824888166","72","8"
"2.5455541047115258","73.5","8"
"2.6192290580947795","75","8"
"2.6126563471338438","76.5","8"
"2.553684437212071","78","8"
"2.483918264564833","79.5","8"
"2.449325975819294","81","8"
"2.4702821022499415","82.5","8"
"2.532975161458636","84","8"
"2.5930773794371156","85.5","8"
"2.605445471069886","87","8"
"2.563109956567613","88.5","8"
"2.5024841159405002","90","8"
"2.4686220937817156","91.5","8"
"2.4794550048455326","93","8"
"2.518635381209644","94.5","8"
"2.5556068803649095","96","8"
"2.5690504243483394","97.5","8"
"2.5561057244417764","99","8"
"2.5302526353658927","100.5","8"
"2.5107992747688073","102","8"
"2.509320040786419","103.5","8"
"2.523200560337339","105","8"
"2.540095182759453","106.5","8"
"2.5472937474575645","108","8"
"2.5408597341624866","109.5","8"
"2.527169807022066","111","8"
"2.516858181005772","112.5","8"
"2.5166484202661707","114","8"
"2.525144821100537","115.5","8"
"2.5350497045236966","117","8"
"2.5390778587563947","118.5","8"
"2.5350261726725227","120","8"
"2.5265420832040024","121.5","8"
"2.5197337420511814","123","8"
"2.518636627930236","124.5","8"
"2.5229572939818286","126","8"
"2.5287839985085365","127.5","8"
"2.531967811220314","129","8"
"2.5308320487610168","130.5","8"
"2.5269773445306787","132","8"
"2.5236130690132117","133.5","8"
"2.523046590344229","135","8"
"2.5252482989096716","136.5","8"
"2.5281188730727133","138","8"
"2.5293048160358373","139.5","8"
"2.5278913465646764","141","8"
"2.524834855193355","142.5","8"
"2.522009162971625","144","8"
"2.52086607602885","145.5","8"
"2.521615043424484","147","8"
"2.5233208688744653","148.5","8"
"2.524684002001725","150","8"
"2.52495002100804","151.5","8"
"2.5242842722119208","153","8"
"2.523495409757343","154.5","8"
"2.523359828892965","156","8"
"2.5240107728820544","157.5","8"
"2.5248934510611782","159","8"
"2.5252475197093016","160.5","8"
"2.5246802618399493","162","8"
"2.5234053341945724","163.5","8"
"2.5220384609055366","165","8"
"2.5211588995278924","166.5","8"
"2.520980462643165","168","8"
"2.521325180886848","169.5","8"
"2.5220683821997443","171","8"
"2.52313978270848","172.5","8"
"2.524398970506383","174","8"
"2.5255902120320233","175.5","8"
"2.526619691560853","177","8"
"2.5274866298925036","178.5","8"
"2.5280247456680187","180","8"
"2.528092536100208","181.5","8"
"2.5277746223492517","183","8"
"2.5272994659636323","184.5","8"
"2.5268875806480557","186","8"
"2.526654599737429","187.5","8"
"2.5265847833842776","189","8"
"2.5265810432225018","190.5","8"
"2.5265416156837803","192","8"
"2.526428008269836","193.5","8"
"2.526279025159094","195","8"
"2.5261644827047056","196.5","8"
"2.526140639173384","198","8"
"2.5256902613595296","199.5","8"
"2.5243615688886236","201","8"
"2.522337829687687","202.5","8"
"2.5199514506345566","204","8"
"2.5173587393234533","205.5","8"
"2.5148804146266643","207","8"
"2.5128671167106855","208.5","8"
"2.5113565588734237","210","8"
"2.5101692133496334","211.5","8"
"2.509177135438563","213","8"
"2.508425986281893","214.5","8"
"2.508037165297268","216","8"
"2.508120851417005","217.5","8"
"2.5087685227645404","219","8"
"2.5100158667168198","220.5","8"
"2.5117946253214316","222","8"
"2.513945374182677","223.5","8"
"2.5162725340076877","225","8"
"2.518578032062413","226.5","8"
"2.520697457068785","228","8"
"2.522538863383144","229.5","8"
"2.5239995523967265","231","8"
"2.525133288935061","232.5","8"
"2.5262922715653837","234","8"
"2.5275682900912786","235.5","8"
"2.5286119510668428","237","8"
"2.5290892892134984","238.5","8"
"2.5291402489176957","240","8"
"2.5290550043972186","241.5","8"
"2.528954799229638","243","8"
"2.5287663885801748","244.5","8"
"2.5280252131882404","246","8"
"2.525965007409988","247.5","8"
"2.522249156685582","249","8"
"2.5171282518540106","250.5","8"
"2.5108628575189984","252","8"
"2.5040540488459553","253.5","8"
"2.497274849786972","255","8"
"2.490698554504334","256.5","8"
"2.484273424093474","258","8"
"2.478065846425915","259.5","8"
"2.47279471176301","261","8"
"2.470115509210838","262.5","8"
"2.4734766679268247","264","8"
"2.490022676103405","265.5","8"
"2.5344073317386773","267","8"
"2.631539488900171","268.5","8"
"2.811052293498664","270","8"
"3.080746943798418","271.5","8"
"3.35682885537105","273","8"
"3.500728151219096","274.5","8"
"3.2620977262296424","276","8"
"2.961513391502466","277.5","8"
"2.9796444490716794","279","8"
"3.285221899769749","280.5","8"
"3.6766363749060176","282","8"
"3.203272150137354","283.5","8"
"2.248703542317265","285","8"
"1.8723781265057708","286.5","8"
"1.9479946913709647","288","8"
"2.0925626969765356","289.5","8"
"2.2718565462710614","291","8"
"2.5391405064661416","292.5","8"
"2.695192990484915","294","8"
"2.631740834275776","295.5","8"
"2.4794654461304906","297","8"
"2.4479351031588625","298.5","8"
"2.5249677867764753","300","8"
"3.571060646695243","1.5","9"
"3.21312467129565","3","9"
"3.259866096369992","4.5","9"
"3.3358923647897267","6","9"
"3.356184612505143","7.5","9"
"3.2847774438787067","9","9"
"3.2245103471019374","10.5","9"
"3.2416284441901646","12","9"
"3.315312747977858","13.5","9"
"3.38002876718712","15","9"
"3.326142386400121","16.5","9"
"3.1786640674126394","18","9"
"3.1469060420929003","19.5","9"
"3.2535876114687645","21","9"
"3.337086099756551","22.5","9"
"3.2188804685886887","24","9"
"2.986447179981836","25.5","9"
"3.0510428906539717","27","9"
"3.530613913889824","28.5","9"
"3.8482434125505964","30","9"
"3.0809722885454187","31.5","9"
"2.3559690444504","33","9"
"2.4168306711094707","34.5","9"
"2.4623593487279614","36","9"
"2.6436258216791533","37.5","9"
"3.189811931266006","39","9"
"2.9410802643601555","40.5","9"
"2.3482786484787503","42","9"
"2.25029451363271","43.5","9"
"2.2637196684874086","45","9"
"2.2558107847320144","46.5","9"
"2.254282772806465","48","9"
"2.197419379085884","49.5","9"
"2.3038154494461835","51","9"
"2.5468673690151062","52.5","9"
"2.7444584013977273","54","9"
"2.7829122513368607","55.5","9"
"2.614099582059138","57","9"
"2.408621327691409","58.5","9"
"2.310729761849323","60","9"
"2.286176846510804","61.5","9"
"2.4122908939138377","63","9"
"2.6288671433112545","64.5","9"
"2.680217071053863","66","9"
"2.5842909602250392","67.5","9"
"2.4561416414555928","69","9"
"2.3753937304738697","70.5","9"
"2.3714952351827376","72","9"
"2.4329054189022816","73.5","9"
"2.5311671049201125","75","9"
"2.6129946759344933","76.5","9"
"2.629503594173462","78","9"
"2.5844156322842378","79.5","9"
"2.5226749117677443","81","9"
"2.488408952137157","82.5","9"
"2.497722422479494","84","9"
"2.533345125794307","85.5","9"
"2.5657050054798263","87","9"
"2.5771025251317377","88.5","9"
"2.5654338437510695","90","9"
"2.539402161950384","91.5","9"
"2.5127009911918035","93","9"
"2.497193033748123","94.5","9"
"2.4970234797476136","96","9"
"2.507654577915603","97.5","9"
"2.520221833162943","99","9"
"2.5274341117875663","100.5","9"
"2.526934176830181","102","9"
"2.5209818652038307","103.5","9"
"2.513876025349748","105","9"
"2.5091200979714796","106.5","9"
"2.507732186272454","108","9"
"2.5082928988586985","109.5","9"
"2.5083957533075374","111","9"
"2.5063372617700987","112.5","9"
"2.5019474027256514","114","9"
"2.496309888048777","115.5","9"
"2.490872160346768","117","9"
"2.4865762728669414","118.5","9"
"2.483385603191908","120","9"
"2.480692998393372","121.5","9"
"2.477934317403461","123","9"
"2.474876735151622","124.5","9"
"2.4720113037110223","126","9"
"2.4713291917071336","127.5","9"
"2.476954550858236","129","9"
"2.4958842888066886","130.5","9"
"2.5397467243539937","132","9"
"2.626139942016291","133.5","9"
"2.7767201018366277","135","9"
"3.0173683441042063","136.5","9"
"3.3566677167345365","138","9"
"3.7651339010875087","139.5","9"
"3.723605014808249","141","9"
"2.947402384482103","142.5","9"
"2.671946950006942","144","9"
"2.884091107699858","145.5","9"
"3.2492166090732706","147","9"
"3.7332053867268162","148.5","9"
"3.66331298361964","150","9"
"2.2996888042867187","151.5","9"
"1.6891552372656093","153","9"
"1.8892143089001354","154.5","9"
"2.0651477786790444","156","9"
"2.1466382676133677","157.5","9"
"2.419063547689713","159","9"
"2.75263501840025","160.5","9"
"2.8026721493595","162","9"
"2.5666668504165413","163.5","9"
"2.3657718526250906","165","9"
"2.359436797777001","166.5","9"
"2.45602538476039","168","9"
"2.449539165040523","169.5","9"
"2.4134171501286206","171","9"
"2.424899446780787","172.5","9"
"2.4788191773436212","174","9"
"2.6421054459172293","175.5","9"
"2.738894599075854","177","9"
"2.599387499873365","178.5","9"
"2.4155079005613764","180","9"
"2.3149891827518343","181.5","9"
"2.3261956424730243","183","9"
"2.4215735079215235","184.5","9"
"2.550100271350193","186","9"
"2.6535303934221646","187.5","9"
"2.6822099539201485","189","9"
"2.621885507996148","190.5","9"
"2.517463775533328","192","9"
"2.441509816907929","193.5","9"
"2.4327425660249538","195","9"
"2.4799914063802335","196.5","9"
"2.543376083837331","198","9"
"2.582086758218413","199.5","9"
"2.578500722275647","201","9"
"2.5452661122547777","202.5","9"
"2.5106409412536252","204","9"
"2.4958166542145737","205.5","9"
"2.5034649733662433","207","9"
"2.522250403406174","208.5","9"
"2.53791840860585","210","9"
"2.542016379191699","211.5","9"
"2.5356256894371927","213","9"
"2.5264855132571413","214.5","9"
"2.5218905686753126","216","9"
"2.523952177014231","217.5","9"
"2.529324763565309","219","9"
"2.5330225368411314","220.5","9"
"2.5325637436632817","222","9"
"2.5301097300180366","223.5","9"
"2.529918981767463","225","9"
"2.533752803427886","226.5","9"
"2.539417745957784","228","9"
"2.5427958912418367","229.5","9"
"2.541267411796065","231","9"
"2.5355591457255957","232.5","9"
"2.5288298154902917","234","9"
"2.5244196972362247","235.5","9"
"2.523960904058375","237","9"
"2.5263800095270446","238.5","9"
"2.5289887723657696","240","9"
"2.529580029606518","241.5","9"
"2.5275918219424525","243","9"
"2.524241416191571","244.5","9"
"2.521703093066293","246","9"
"2.5214420609423467","247.5","9"
"2.523048148744969","249","9"
"2.5244877993485617","250.5","9"
"2.5236147832540254","252","9"
"2.5198281811360244","253.5","9"
"2.5143768953475774","255","9"
"2.509301963337835","256.5","9"
"2.5063056262350774","258","9"
"2.5060037640117434","259.5","9"
"2.5079305706866535","261","9"
"2.5111534992570044","262.5","9"
"2.5149469583382618","264","9"
"2.519087473264312","265.5","9"
"2.5236093288514354","267","9"
"2.528206143514152","268.5","9"
"2.5322548686366178","270","9"
"2.5348971370912525","271.5","9"
"2.535328969936301","273","9"
"2.5335439777287285","274.5","9"
"2.530597976969872","276","9"
"2.528053887761856","277.5","9"
"2.5266787549488985","279","9"
"2.526340893668471","280.5","9"
"2.526415229383768","282","9"
"2.5257674021961587","283.5","9"
"2.5235312529743625","285","9"
"2.5195875640617715","286.5","9"
"2.514388115832905","288","9"
"2.508442505329737","289.5","9"
"2.502280432963785","291","9"
"2.496164177579589","292.5","9"
"2.489967976237432","294","9"
"2.4835766631226295","295.5","9"
"2.4771981288938947","297","9"
"2.471814789377711","298.5","9"
"2.4693902295064514","300","9"
"3.6799965985815604","1.5","10"
"3.6619874079502135","3","10"
"3.7035870456230686","4.5","10"
"3.5880381760367235","6","10"
"3.49774786564396","7.5","10"
"3.4826201579808345","9","10"
"3.5658356406942406","10.5","10"
"3.6812127745190404","12","10"
"3.6985428141079044","13.5","10"
"3.6377358873148062","15","10"
"3.5941910538383093","16.5","10"
"3.628762304173858","18","10"
"3.7192277788097954","19.5","10"
"3.806333653130485","21","10"
"3.8319291385640506","22.5","10"
"3.7697978828221186","24","10"
"3.5901164592635597","25.5","10"
"3.472861452547085","27","10"
"3.7103417777904344","28.5","10"
"3.776647054074327","30","10"
"2.5618909755088013","31.5","10"
"1.8968880299838666","33","10"
"1.8059120232655126","34.5","10"
"1.9807267171531906","36","10"
"2.2932028962469997","37.5","10"
"2.6018853045794037","39","10"
"2.769133807034409","40.5","10"
"2.761536915107159","42","10"
"2.585343971605043","43.5","10"
"2.3955553842072757","45","10"
"2.380576659654892","46.5","10"
"2.479280463962655","48","10"
"2.505565385883587","49.5","10"
"2.4571262390431117","51","10"
"2.409276167682348","52.5","10"
"2.3934836462635474","54","10"
"2.4200297561485002","55.5","10"
"2.5165892010380517","57","10"
"2.613880159234949","58.5","10"
"2.620625696837949","60","10"
"2.5789900601080005","61.5","10"
"2.5458134225946583","63","10"
"2.538826332876962","64.5","10"
"2.547554312061289","66","10"
"2.5564839483013695","67.5","10"
"2.5659641675228846","69","10"
"2.578542331575404","70.5","10"
"2.584395684754766","72","10"
"2.572206965047167","73.5","10"
"2.5465282610140867","75","10"
"2.524270090765187","76.5","10"
"2.5171824841997616","78","10"
"2.5247425978695484","79.5","10"
"2.5397423608319216","81","10"
"2.5545554273856452","82.5","10"
"2.563634670096764","84","10"
"2.56438410501262","85.5","10"
"2.557964740684498","87","10"
"2.5486522053826044","88.5","10"
"2.541433225634799","90","10"
"2.5393155148692412","91.5","10"
"2.5419866137375657","93","10"
"2.5467853971361833","94.5","10"
"2.5506614514566595","96","10"
"2.551790668632848","97.5","10"
"2.550083284782127","99","10"
"2.546725554547768","100.5","10"
"2.5433419548611256","102","10"
"2.541197595442914","103.5","10"
"2.5407310102613643","105","10"
"2.5415608586554033","106.5","10"
"2.542837968061816","108","10"
"2.543672024137853","109.5","10"
"2.543465380199732","111","10"
"2.542087130585294","112.5","10"
"2.539862825209122","114","10"
"2.537500289687314","115.5","10"
"2.53567586994102","117","10"
"2.534779166155236","118.5","10"
"2.534782906317012","120","10"
"2.535387098283902","121.5","10"
"2.5361494679259","123","10"
"2.5366076377434537","124.5","10"
"2.5364815631235893","126","10"
"2.5358783061971435","127.5","10"
"2.535164402818159","129","10"
"2.5346409360096","130.5","10"
"2.5343889426099455","132","10"
"2.534274555995631","133.5","10"
"2.5340468736475197","135","10"
"2.5334688628130615","136.5","10"
"2.532397929824548","138","10"
"2.530997395079529","139.5","10"
"2.5295886008105875","141","10"
"2.5284559551527708","142.5","10"
"2.527747973696598","144","10"
"2.5274412804309705","145.5","10"
"2.5272813885150485","147","10"
"2.5270452908029415","148.5","10"
"2.5266337171675133","150","10"
"2.526044953367949","151.5","10"
"2.5252554675530754","153","10"
"2.5242848955722166","154.5","10"
"2.523278792054486","156","10"
"2.5224226066879414","157.5","10"
"2.5218234016034193","159","10"
"2.521482423521512","160.5","10"
"2.5213494919383916","162","10"
"2.5213482452178","163.5","10"
"2.5213864260359293","165","10"
"2.5213697511480118","166.5","10"
"2.5212809223058326","168","10"
"2.521167626572036","169.5","10"
"2.521115887667469","171","10"
"2.521478683359736","172.5","10"
"2.5224880595190204","174","10"
"2.523966670141113","175.5","10"
"2.525445904123501","177","10"
"2.5266770407080847","178.5","10"
"2.527685637666999","180","10"
"2.5284677989983946","181.5","10"
"2.5290138626176835","183","10"
"2.529387099594908","184.5","10"
"2.529640963075451","186","10"
"2.529788699465601","187.5","10"
"2.5298381007690582","189","10"
"2.5298080236347764","190.5","10"
"2.5297227791142998","192","10"
"2.5295998212959154","193.5","10"
"2.529461435310205","195","10"
"2.528829503810144","196.5","10"
"2.5272721939506826","198","10"
"2.525000669032089","199.5","10"
"2.5224169964452776","201","10"
"2.5197307810897756","202.5","10"
"2.517211937973747","204","10"
"2.515142070110907","205.5","10"
"2.5134666334753555","207","10"
"2.512002827660293","208.5","10"
"2.5107057707244085","210","10"
"2.509693589443792","211.5","10"
"2.5091143318887417","213","10"
"2.509089397476902","214.5","10"
"2.5097231990578517","216","10"
"2.511034281600396","217.5","10"
"2.5129416082660563","219","10"
"2.515279521056173","220.5","10"
"2.517830778907593","222","10"
"2.520352738825101","223.5","10"
"2.522616939260217","225","10"
"2.524394762824385","226.5","10"
"2.5257859471649646","228","10"
"2.527099055628471","229.5","10"
"2.5282678561834553","231","10"
"2.528946539705716","232.5","10"
"2.529033810147155","234","10"
"2.528946539705716","235.5","10"
"2.528911164008919","237","10"
"2.528937656821498","238.5","10"
"2.5287961540343082","240","10"
"2.5277272469667564","241.5","10"
"2.5250156296791926","243","10"
"2.5206095632670498","244.5","10"
"2.5148063905915152","246","10"
"2.5080850081999855","247.5","10"
"2.501178799480694","249","10"
"2.4944041197838565","250.5","10"
"2.4877737479955413","252","10"
"2.4812682041064984","253.5","10"
"2.4752697638182446","255","10"
"2.4708431265163338","256.5","10"
"2.470310309303335","258","10"
"2.4785660930634483","259.5","10"
"2.505648604483102","261","10"
"2.5708143781459216","262.5","10"
"2.7016968201331437","264","10"
"2.92237571531863","265.5","10"
"3.201096622704343","267","10"
"3.4200809129251755","268.5","10"
"3.4002886001671446","270","10"
"3.0725083024464444","271.5","10"
"2.929913076337613","273","10"
"3.129286451646548","274.5","10"
"3.6727491001002135","276","10"
"3.7048811415975473","277.5","10"
"2.616806991664704","279","10"
"1.8464603637991777","280.5","10"
"1.7839649098043122","282","10"
"1.9772357436555632","283.5","10"
"2.194105439912318","285","10"
"2.482097429140241","286.5","10"
"2.7314685078697054","288","10"
"2.733876860373269","289.5","10"
"2.5198671411545237","291","10"
"2.3574177337782842","292.5","10"
"2.392614370330787","294","10"
"2.480255087785438","295.5","10"
"2.4601934833795385","297","10"
"2.424965522972162","298.5","10"
"2.4236505444277676","300","10"
"3.571060646695243","1.5","11"
"3.21312467129565","3","11"
"3.259866096369992","4.5","11"
"3.3358923647897267","6","11"
"3.356184612505143","7.5","11"
"3.2847774438787067","9","11"
"3.2245103471019374","10.5","11"
"3.2416284441901646","12","11"
"3.315312747977858","13.5","11"
"3.38002876718712","15","11"
"3.326142386400121","16.5","11"
"3.1786640674126394","18","11"
"3.1469060420929003","19.5","11"
"3.2535876114687645","21","11"
"3.337086099756551","22.5","11"
"3.2188804685886887","24","11"
"2.986447179981836","25.5","11"
"3.0510428906539717","27","11"
"3.530613913889824","28.5","11"
"3.8482434125505964","30","11"
"3.0809722885454187","31.5","11"
"2.3559690444504","33","11"
"2.4168306711094707","34.5","11"
"2.4623593487279614","36","11"
"2.6436258216791533","37.5","11"
"3.189811931266006","39","11"
"2.9410802643601555","40.5","11"
"2.3482786484787503","42","11"
"2.25029451363271","43.5","11"
"2.2637196684874086","45","11"
"2.2558107847320144","46.5","11"
"2.254282772806465","48","11"
"2.197419379085884","49.5","11"
"2.3038154494461835","51","11"
"2.5468673690151062","52.5","11"
"2.7444584013977273","54","11"
"2.7829122513368607","55.5","11"
"2.614099582059138","57","11"
"2.408621327691409","58.5","11"
"2.310729761849323","60","11"
"2.286176846510804","61.5","11"
"2.4122908939138377","63","11"
"2.6288671433112545","64.5","11"
"2.680217071053863","66","11"
"2.5842909602250392","67.5","11"
"2.4561416414555928","69","11"
"2.3753937304738697","70.5","11"
"2.3714952351827376","72","11"
"2.4329054189022816","73.5","11"
"2.5311671049201125","75","11"
"2.6129946759344933","76.5","11"
"2.629503594173462","78","11"
"2.5844156322842378","79.5","11"
"2.5226749117677443","81","11"
"2.488408952137157","82.5","11"
"2.497722422479494","84","11"
"2.533345125794307","85.5","11"
"2.5657050054798263","87","11"
"2.5771025251317377","88.5","11"
"2.5654338437510695","90","11"
"2.539402161950384","91.5","11"
"2.5127009911918035","93","11"
"2.497193033748123","94.5","11"
"2.4970234797476136","96","11"
"2.507654577915603","97.5","11"
"2.520221833162943","99","11"
"2.5274341117875663","100.5","11"
"2.526934176830181","102","11"
"2.5209818652038307","103.5","11"
"2.513876025349748","105","11"
"2.5091200979714796","106.5","11"
"2.507732186272454","108","11"
"2.5082928988586985","109.5","11"
"2.5083957533075374","111","11"
"2.5063372617700987","112.5","11"
"2.5019474027256514","114","11"
"2.496309888048777","115.5","11"
"2.490872160346768","117","11"
"2.4865762728669414","118.5","11"
"2.483385603191908","120","11"
"2.480692998393372","121.5","11"
"2.477934317403461","123","11"
"2.474876735151622","124.5","11"
"2.4720113037110223","126","11"
"2.4713291917071336","127.5","11"
"2.476954550858236","129","11"
"2.4958842888066886","130.5","11"
"2.5397467243539937","132","11"
"2.626139942016291","133.5","11"
"2.7767201018366277","135","11"
"3.0173683441042063","136.5","11"
"3.3566677167345365","138","11"
"3.7651339010875087","139.5","11"
"3.723605014808249","141","11"
"2.947402384482103","142.5","11"
"2.671946950006942","144","11"
"2.884091107699858","145.5","11"
"3.2492166090732706","147","11"
"3.7332053867268162","148.5","11"
"3.66331298361964","150","11"
"2.2996888042867187","151.5","11"
"1.6891552372656093","153","11"
"1.8892143089001354","154.5","11"
"2.0651477786790444","156","11"
"2.1466382676133677","157.5","11"
"2.419063547689713","159","11"
"2.75263501840025","160.5","11"
"2.8026721493595","162","11"
"2.5666668504165413","163.5","11"
"2.3657718526250906","165","11"
"2.359436797777001","166.5","11"
"2.45602538476039","168","11"
"2.449539165040523","169.5","11"
"2.4134171501286206","171","11"
"2.424899446780787","172.5","11"
"2.4788191773436212","174","11"
"2.6421054459172293","175.5","11"
"2.738894599075854","177","11"
"2.599387499873365","178.5","11"
"2.4155079005613764","180","11"
"2.3149891827518343","181.5","11"
"2.3261956424730243","183","11"
"2.4215735079215235","184.5","11"
"2.550100271350193","186","11"
"2.6535303934221646","187.5","11"
"2.6822099539201485","189","11"
"2.621885507996148","190.5","11"
"2.517463775533328","192","11"
"2.441509816907929","193.5","11"
"2.4327425660249538","195","11"
"2.4799914063802335","196.5","11"
"2.543376083837331","198","11"
"2.582086758218413","199.5","11"
"2.578500722275647","201","11"
"2.5452661122547777","202.5","11"
"2.5106409412536252","204","11"
"2.4958166542145737","205.5","11"
"2.5034649733662433","207","11"
"2.522250403406174","208.5","11"
"2.53791840860585","210","11"
"2.542016379191699","211.5","11"
"2.5356256894371927","213","11"
"2.5264855132571413","214.5","11"
"2.5218905686753126","216","11"
"2.523952177014231","217.5","11"
"2.529324763565309","219","11"
"2.5330225368411314","220.5","11"
"2.5325637436632817","222","11"
"2.5301097300180366","223.5","11"
"2.529918981767463","225","11"
"2.533752803427886","226.5","11"
"2.539417745957784","228","11"
"2.5427958912418367","229.5","11"
"2.541267411796065","231","11"
"2.5355591457255957","232.5","11"
"2.5288298154902917","234","11"
"2.5244196972362247","235.5","11"
"2.523960904058375","237","11"
"2.5263800095270446","238.5","11"
"2.5289887723657696","240","11"
"2.529580029606518","241.5","11"
"2.5275918219424525","243","11"
"2.524241416191571","244.5","11"
"2.521703093066293","246","11"
"2.5214420609423467","247.5","11"
"2.523048148744969","249","11"
"2.5244877993485617","250.5","11"
"2.5236147832540254","252","11"
"2.5198281811360244","253.5","11"
"2.5143768953475774","255","11"
"2.509301963337835","256.5","11"
"2.5063056262350774","258","11"
"2.5060037640117434","259.5","11"
"2.5079305706866535","261","11"
"2.5111534992570044","262.5","11"
"2.5149469583382618","264","11"
"2.519087473264312","265.5","11"
"2.5236093288514354","267","11"
"2.528206143514152","268.5","11"
"2.5322548686366178","270","11"
"2.5348971370912525","271.5","11"
"2.535328969936301","273","11"
"2.5335439777287285","274.5","11"
"2.530597976969872","276","11"
"2.528053887761856","277.5","11"
"2.5266787549488985","279","11"
"2.526340893668471","280.5","11"
"2.526415229383768","282","11"
"2.5257674021961587","283.5","11"
"2.5235312529743625","285","11"
"2.5195875640617715","286.5","11"
"2.514388115832905","288","11"
"2.508442505329737","289.5","11"
"2.502280432963785","291","11"
"2.496164177579589","292.5","11"
"2.489967976237432","294","11"
"2.4835766631226295","295.5","11"
"2.4771981288938947","297","11"
"2.471814789377711","298.5","11"
"2.4693902295064514","300","11"
"3.571060646695243","1.5","12"
"3.21312467129565","3","12"
"3.259866096369992","4.5","12"
"3.3358923647897267","6","12"
"3.356184612505143","7.5","12"
"3.2847774438787067","9","12"
"3.2245103471019374","10.5","12"
"3.2416284441901646","12","12"
"3.315312747977858","13.5","12"
"3.38002876718712","15","12"
"3.326142386400121","16.5","12"
"3.1786640674126394","18","12"
"3.1469060420929003","19.5","12"
"3.2535876114687645","21","12"
"3.337086099756551","22.5","12"
"3.2188804685886887","24","12"
"2.986447179981836","25.5","12"
"3.0510428906539717","27","12"
"3.530613913889824","28.5","12"
"3.8482434125505964","30","12"
"3.0809722885454187","31.5","12"
"2.3559690444504","33","12"
"2.4168306711094707","34.5","12"
"2.4623593487279614","36","12"
"2.6436258216791533","37.5","12"
"3.189811931266006","39","12"
"2.9410802643601555","40.5","12"
"2.3482786484787503","42","12"
"2.25029451363271","43.5","12"
"2.2637196684874086","45","12"
"2.2558107847320144","46.5","12"
"2.254282772806465","48","12"
"2.197419379085884","49.5","12"
"2.3038154494461835","51","12"
"2.5468673690151062","52.5","12"
"2.7444584013977273","54","12"
"2.7829122513368607","55.5","12"
"2.614099582059138","57","12"
"2.408621327691409","58.5","12"
"2.310729761849323","60","12"
"2.286176846510804","61.5","12"
"2.4122908939138377","63","12"
"2.6288671433112545","64.5","12"
"2.680217071053863","66","12"
"2.5842909602250392","67.5","12"
"2.4561416414555928","69","12"
"2.3753937304738697","70.5","12"
"2.3714952351827376","72","12"
"2.4329054189022816","73.5","12"
"2.5311671049201125","75","12"
"2.6129946759344933","76.5","12"
"2.629503594173462","78","12"
"2.5844156322842378","79.5","12"
"2.5226749117677443","81","12"
"2.488408952137157","82.5","12"
"2.497722422479494","84","12"
"2.533345125794307","85.5","12"
"2.5657050054798263","87","12"
"2.5771025251317377","88.5","12"
"2.5654338437510695","90","12"
"2.539402161950384","91.5","12"
"2.5127009911918035","93","12"
"2.497193033748123","94.5","12"
"2.4970234797476136","96","12"
"2.507654577915603","97.5","12"
"2.520221833162943","99","12"
"2.5274341117875663","100.5","12"
"2.526934176830181","102","12"
"2.5209818652038307","103.5","12"
"2.513876025349748","105","12"
"2.5091200979714796","106.5","12"
"2.507732186272454","108","12"
"2.5082928988586985","109.5","12"
"2.5083957533075374","111","12"
"2.5063372617700987","112.5","12"
"2.5019474027256514","114","12"
"2.496309888048777","115.5","12"
"2.490872160346768","117","12"
"2.4865762728669414","118.5","12"
"2.483385603191908","120","12"
"2.480692998393372","121.5","12"
"2.477934317403461","123","12"
"2.474876735151622","124.5","12"
"2.4720113037110223","126","12"
"2.4713291917071336","127.5","12"
"2.476954550858236","129","12"
"2.4958842888066886","130.5","12"
"2.5397467243539937","132","12"
"2.626139942016291","133.5","12"
"2.7767201018366277","135","12"
"3.0173683441042063","136.5","12"
"3.3566677167345365","138","12"
"3.7651339010875087","139.5","12"
"3.723605014808249","141","12"
"2.947402384482103","142.5","12"
"2.671946950006942","144","12"
"2.884091107699858","145.5","12"
"3.2492166090732706","147","12"
"3.7332053867268162","148.5","12"
"3.66331298361964","150","12"
"2.2996888042867187","151.5","12"
"1.6891552372656093","153","12"
"1.8892143089001354","154.5","12"
"2.0651477786790444","156","12"
"2.1466382676133677","157.5","12"
"2.419063547689713","159","12"
"2.75263501840025","160.5","12"
"2.8026721493595","162","12"
"2.5666668504165413","163.5","12"
"2.3657718526250906","165","12"
"2.359436797777001","166.5","12"
"2.45602538476039","168","12"
"2.449539165040523","169.5","12"
"2.4134171501286206","171","12"
"2.424899446780787","172.5","12"
"2.4788191773436212","174","12"
"2.6421054459172293","175.5","12"
"2.738894599075854","177","12"
"2.599387499873365","178.5","12"
"2.4155079005613764","180","12"
"2.3149891827518343","181.5","12"
"2.3261956424730243","183","12"
"2.4215735079215235","184.5","12"
"2.550100271350193","186","12"
"2.6535303934221646","187.5","12"
"2.6822099539201485","189","12"
"2.621885507996148","190.5","12"
"2.517463775533328","192","12"
"2.441509816907929","193.5","12"
"2.4327425660249538","195","12"
"2.4799914063802335","196.5","12"
"2.543376083837331","198","12"
"2.582086758218413","199.5","12"
"2.578500722275647","201","12"
"2.5452661122547777","202.5","12"
"2.5106409412536252","204","12"
"2.4958166542145737","205.5","12"
"2.5034649733662433","207","12"
"2.522250403406174","208.5","12"
"2.53791840860585","210","12"
"2.542016379191699","211.5","12"
"2.5356256894371927","213","12"
"2.5264855132571413","214.5","12"
"2.5218905686753126","216","12"
"2.523952177014231","217.5","12"
"2.529324763565309","219","12"
"2.5330225368411314","220.5","12"
"2.5325637436632817","222","12"
"2.5301097300180366","223.5","12"
"2.529918981767463","225","12"
"2.533752803427886","226.5","12"
"2.539417745957784","228","12"
"2.5427958912418367","229.5","12"
"2.541267411796065","231","12"
"2.5355591457255957","232.5","12"
"2.5288298154902917","234","12"
"2.5244196972362247","235.5","12"
"2.523960904058375","237","12"
"2.5263800095270446","238.5","12"
"2.5289887723657696","240","12"
"2.529580029606518","241.5","12"
"2.5275918219424525","243","12"
"2.524241416191571","244.5","12"
"2.521703093066293","246","12"
"2.5214420609423467","247.5","12"
"2.523048148744969","249","12"
"2.5244877993485617","250.5","12"
"2.5236147832540254","252","12"
"2.5198281811360244","253.5","12"
"2.5143768953475774","255","12"
"2.509301963337835","256.5","12"
"2.5063056262350774","258","12"
"2.5060037640117434","259.5","12"
"2.5079305706866535","261","12"
"2.5111534992570044","262.5","12"
"2.5149469583382618","264","12"
"2.519087473264312","265.5","12"
"2.5236093288514354","267","12"
"2.528206143514152","268.5","12"
"2.5322548686366178","270","12"
"2.5348971370912525","271.5","12"
"2.535328969936301","273","12"
"2.5335439777287285","274.5","12"
"2.530597976969872","276","12"
"2.528053887761856","277.5","12"
"2.5266787549488985","279","12"
"2.526340893668471","280.5","12"
"2.526415229383768","282","12"
"2.5257674021961587","283.5","12"
"2.5235312529743625","285","12"
"2.5195875640617715","286.5","12"
"2.514388115832905","288","12"
"2.508442505329737","289.5","12"
"2.502280432963785","291","12"
"2.496164177579589","292.5","12"
"2.489967976237432","294","12"
"2.4835766631226295","295.5","12"
"2.4771981288938947","297","12"
"2.471814789377711","298.5","12"
"2.4693902295064514","300","12"
"3.594566940096792","1.5","13"
"3.1709527888710745","3","13"
"3.1745916545989257","4.5","13"
"3.217734420684508","6","13"
"3.176736325697285","7.5","13"
"3.1117073796194354","9","13"
"3.0943866904350115","10.5","13"
"3.1557131880348184","12","13"
"3.233061603642351","13.5","13"
"3.2612717738374535","15","13"
"3.2395545244854","16.5","13"
"3.2169309092629748","18","13"
"3.2284848923491802","19.5","13"
"3.2622909679213996","21","13"
"3.2872805471472613","22.5","13"
"3.2903792711786357","24","13"
"3.2824753743056094","25.5","13"
"3.2792812761489483","27","13"
"3.2766587993837115","28.5","13"
"3.2546875307110414","30","13"
"3.230465308009546","31.5","13"
"3.231791818719416","33","13"
"3.259828694752233","34.5","13"
"3.282143746628142","36","13"
"3.265405275960174","37.5","13"
"3.218443181341051","39","13"
"3.1879508891023227","40.5","13"
"3.20654011648909","42","13"
"3.2404365793042285","43.5","13"
"3.217825742967871","45","13"
"3.1353212026720434","46.5","13"
"3.019866148810245","48","13"
"2.8359041100991114","49.5","13"
"2.5685899169296755","51","13"
"2.593672532679714","52.5","13"
"2.7578207527026044","54","13"
"2.6241071640910625","55.5","13"
"2.4379962465995715","57","13"
"2.4345531160046616","58.5","13"
"2.459047435475358","60","13"
"2.348629132805172","61.5","13"
"2.246941302760497","63","13"
"2.287163781699433","64.5","13"
"2.354363424167999","66","13"
"2.467935774095829","67.5","13"
"2.641536317966989","69","13"
"2.7686734554558194","70.5","13"
"2.7179905232299215","72","13"
"2.504678655862539","73.5","13"
"2.302955523917863","75","13"
"2.2840988749641156","76.5","13"
"2.432431665077328","78","13"
"2.574440620827779","79.5","13"
"2.630763405331661","81","13"
"2.6132560197385875","82.5","13"
"2.5461749715663338","84","13"
"2.478894448099362","85.5","13"
"2.455535267727667","87","13"
"2.4878339022641045","88.5","13"
"2.551162633134637","90","13"
"2.5977301406863975","91.5","13"
"2.5924158383229945","93","13"
"2.542755216982523","94.5","13"
"2.490023922823997","96","13"
"2.471515264755487","97.5","13"
"2.4930102861620194","99","13"
"2.532087028876922","100.5","13"
"2.561436078332801","102","13"
"2.5666398900837395","103.5","13"
"2.55047787184949","105","13"
"2.5283250494906127","106.5","13"
"2.5164593862564115","108","13"
"2.5210702265257874","109.5","13"
"2.5357195051617394","111","13"
"2.547416237755727","112.5","13"
"2.546660413396837","114","13"
"2.5342052071627017","115.5","13"
"2.5197527545402094","117","13"
"2.5138130659598525","118.5","13"
"2.519847349465126","120","13"
"2.532702753009288","121.5","13"
"2.5433419548611256","123","13"
"2.5455135862922864","124.5","13"
"2.5393803443400245","126","13"
"2.5304209426458106","127.5","13"
"2.524854958562901","129","13"
"2.5253564519210263","130.5","13"
"2.5300191869350437","132","13"
"2.534639533448934","133.5","13"
"2.5359411097469646","135","13"
"2.5335456919695427","136.5","13"
"2.529857892458456","138","13"
"2.528212221277038","139.5","13"
"2.5301608455623077","141","13"
"2.5341565850596144","142.5","13"
"2.5372102713096036","144","13"
"2.537260140133283","145.5","13"
"2.534407643418825","147","13"
"2.5304215660061065","148.5","13"
"2.5273469971862017","150","13"
"2.526356633515945","151.5","13"
"2.527295414121708","153","13"
"2.5290107458162034","154.5","13"
"2.530226142553313","156","13"
"2.530360476697099","157.5","13"
"2.5297474018459916","159","13"
"2.529193390382929","160.5","13"
"2.5292956214714715","162","13"
"2.5299071379218394","163.5","13"
"2.5299010601589536","165","13"
"2.528351386463118","166.5","13"
"2.5253215437444507","168","13"
"2.521431307977241","169.5","13"
"2.517428243996456","171","13"
"2.5141379925141383","172.5","13"
"2.512071397292852","174","13"
"2.5110903840270353","175.5","13"
"2.5107523669065337","177","13"
"2.510725094893584","178.5","13"
"2.5109406217159234","180","13"
"2.5114600366825583","181.5","13"
"2.5123988172883216","183","13"
"2.5137747293016495","184.5","13"
"2.5154051281558156","186","13"
"2.5169971903517783","187.5","13"
"2.5183095196149146","189","13"
"2.5192939613623593","190.5","13"
"2.5201052647875923","192","13"
"2.520991994808641","193.5","13"
"2.5221224587054216","195","13"
"2.523499617439341","196.5","13"
"2.5251297046133594","198","13"
"2.527083939141293","199.5","13"
"2.5291567679655396","201","13"
"2.530806490988881","202.5","13"
"2.5316244955372964","204","13"
"2.531714103579845","205.5","13"
"2.5313871511045973","207","13"
"2.5308158413933213","208.5","13"
"2.5299987718853503","210","13"
"2.5286107043462507","211.5","13"
"2.5260084867906336","213","13"
"2.521937476537586","214.5","13"
"2.516686289404152","216","13"
"2.510645148935623","217.5","13"
"2.50429279583932","219","13"
"2.4980888024934633","220.5","13"
"2.4920228834531684","222","13"
"2.4858877714200185","223.5","13"
"2.4796579086218777","225","13"
"2.473969122560658","226.5","13"
"2.4703495810019827","228","13"
"2.471804815612975","229.5","13"
"2.4844004337537826","231","13"
"2.5205391235536028","232.5","13"
"2.6029730682959094","234","13"
"2.762191755098098","235.5","13"
"3.0201232849323416","237","13"
"3.324454638398724","238.5","13"
"3.538990006187064","240","13"
"3.3798271101313664","241.5","13"
"3.000291077115367","243","13"
"2.9572895021368266","244.5","13"
"3.144536961287984","246","13"
"3.546595936838606","247.5","13"
"3.5172640297908666","249","13"
"2.567630877114292","250.5","13"
"1.943557145263874","252","13"
"1.9521238299716133","253.5","13"
"2.0634604981978693","255","13"
"2.150120514066851","256.5","13"
"2.3898142358811927","258","13"
"2.6241959929332412","259.5","13"
"2.6638915765819897","261","13"
"2.5433749929568132","262.5","13"
"2.4708114909813124","264","13"
"2.5369885108843047","265.5","13"
"2.5550977508431583","267","13"
"2.4397232662996164","268.5","13"
"2.355852320234975","270","13"
"2.3588240346060414","271.5","13"
"2.496770551307515","273","13"
"2.6986613671718125","274.5","13"
"2.6972204698476276","276","13"
"2.545037806546371","277.5","13"
"2.39702277434404","279","13"
"2.3296057349722465","280.5","13"
"2.3623285661901066","282","13"
"2.4675662772803797","283.5","13"
"2.593145793229601","285","13"
"2.675607945025301","286.5","13"
"2.6645894284333527","288","13"
"2.570548514979681","289.5","13"
"2.467333452209827","291","13"
"2.4218837855088533","292.5","13"
"2.447879779932593","294","13"
"2.513936802978607","295.5","13"
"2.572574747621802","297","13"
"2.590796192433934","298.5","13"
"2.5682773017412357","300","13"
"3.527634251674984","1.5","14"
"3.0243758488715966","3","14"
"2.9936133299445564","4.5","14"
"3.118752597684733","6","14"
"3.21507329558092","7.5","14"
"3.1595225428036233","9","14"
"3.0198324873542615","10.5","14"
"2.956649311112843","12","14"
"3.0092920881093383","13.5","14"
"3.1046874076461255","15","14"
"3.143126296938155","16.5","14"
"3.09610841157254","18","14"
"3.044496360825467","19.5","14"
"3.060353711715051","21","14"
"3.1003450798242476","22.5","14"
"3.0709399279417293","24","14"
"2.9892719371631222","25.5","14"
"2.983038645883354","27","14"
"3.0984831026201203","28.5","14"
"3.19775354143694","30","14"
"3.1386215837591713","31.5","14"
"2.9856661095309587","33","14"
"2.975008830230537","34.5","14"
"3.1431418809455547","36","14"
"3.16651508692391","37.5","14"
"2.918174890283942","39","14"
"2.783785267431397","40.5","14"
"3.0447014463628483","42","14"
"3.4272801009835834","43.5","14"
"3.39974035478682","45","14"
"2.88380155684237","46.5","14"
"2.583347036896834","48","14"
"3.0145937674267476","49.5","14"
"3.5069636242599005","51","14"
"3.066190857526717","52.5","14"
"2.4765375228202178","54","14"
"2.646771921093023","55.5","14"
"3.127741453152933","57","14"
"3.1062804048825323","58.5","14"
"2.4708697751689876","60","14"
"2.219926114252811","61.5","14"
"2.6995593176781885","63","14"
"2.6717537083151846","64.5","14"
"2.5657364851747735","66","14"
"2.5961603636210167","67.5","14"
"2.472158260900802","69","14"
"2.3954227643043033","70.5","14"
"2.575445633464992","72","14"
"2.725874472573476","73.5","14"
"2.550007858186312","75","14"
"2.3596531037997104","76.5","14"
"2.358101404182913","78","14"
"2.3783285107473984","79.5","14"
"2.4170949758749716","81","14"
"2.4621316663798507","82.5","14"
"2.4704857852266566","84","14"
"2.4523505199754454","85.5","14"
"2.4480780085067186","87","14"
"2.601411394914376","88.5","14"
"2.673144113455394","90","14"
"2.4801349350883855","91.5","14"
"2.292833399431551","93","14"
"2.2595253887358284","94.5","14"
"2.3475779915060557","96","14"
"2.481393967046215","97.5","14"
"2.627352689472143","99","14"
"2.7149874850039817","100.5","14"
"2.6584480827972428","102","14"
"2.5158322857986435","103.5","14"
"2.4086174316895588","105","14"
"2.3885865277782368","106.5","14"
"2.440356600360344","108","14"
"2.52704404408235","109.5","14"
"2.6034167449865815","111","14"
"2.626599670234585","112.5","14"
"2.5862936610159863","114","14"
"2.5145776173628867","115.5","14"
"2.4578705312365257","117","14"
"2.441302237929363","118.5","14"
"2.460460904946519","120","14"
"2.4949501834031453","121.5","14"
"2.5229660210259723","123","14"
"2.532082821194924","124.5","14"
"2.5248068039800358","126","14"
"2.5151589008388986","127.5","14"
"2.5171929254847196","129","14"
"2.5313795149409715","130.5","14"
"2.5436297914777994","132","14"
"2.5428878368854955","133.5","14"
"2.5317354536699828","135","14"
"2.518736365577595","136.5","14"
"2.510062307058871","138","14"
"2.5078724423390524","139.5","14"
"2.5114500629178225","141","14"
"2.5180294750019403","142.5","14"
"2.5240756023528372","144","14"
"2.5277214808840185","145.5","14"
"2.5300386669442934","147","14"
"2.533365385003927","148.5","14"
"2.538669713602594","150","14"
"2.5439276018592096","151.5","14"
"2.5458238638796162","153","14"
"2.542854175429512","154.5","14"
"2.5363138792039677","156","14"
"2.5287730897033565","157.5","14"
"2.522459073265257","159","14"
"2.5183618818797777","160.5","14"
"2.5159440231317003","162","14"
"2.5140268785413777","163.5","14"
"2.5115156715889757","165","14"
"2.507838780883069","166.5","14"
"2.503188824755119","168","14"
"2.4980434530319298","169.5","14"
"2.492799902062122","171","14"
"2.4877453851020737","172.5","14"
"2.4828926810378524","174","14"
"2.4780259513669716","175.5","14"
"2.473298386882171","177","14"
"2.469891411184429","178.5","14"
"2.470404280867956","180","14"
"2.479711205927185","181.5","14"
"2.5075378537001787","183","14"
"2.572601240434382","184.5","14"
"2.7039549428053737","186","14"
"2.9340593573464013","187.5","14"
"3.2655748299606837","189","14"
"3.5876068107118972","190.5","14"
"3.5993721129384437","192","14"
"3.068505082625586","193.5","14"
"2.8747983640873627","195","14"
"3.0068728268005946","196.5","14"
"3.178756636416594","198","14"
"3.4743179338786696","199.5","14"
"3.313382824501468","201","14"
"2.4234845747489597","202.5","14"
"1.9676405144594378","204","14"
"2.078109932673895","205.5","14"
"2.1116735210909736","207","14"
"2.142946883780579","208.5","14"
"2.381638553919114","210","14"
"2.6280471128418776","211.5","14"
"2.664199828248358","213","14"
"2.5504150682996687","214.5","14"
"2.5022986662524427","216","14"
"2.5697129005029047","217.5","14"
"2.561975440828908","219","14"
"2.4273230716116023","220.5","14"
"2.33738792074748","222","14"
"2.3529750449487516","223.5","14"
"2.4943444330355153","225","14"
"2.69031831297026","226.5","14"
"2.712600015070334","228","14"
"2.5792621568772005","229.5","14"
"2.4261307392054445","231","14"
"2.3396215765280926","232.5","14"
"2.353174364403395","234","14"
"2.4468788191373045","235.5","14"
"2.5700728910738397","237","14"
"2.6571904534000796","238.5","14"
"2.658656596816252","240","14"
"2.581012864268493","241.5","14"
"2.4868023968143125","243","14"
"2.438563036948702","244.5","14"
"2.454552228540888","246","14"
"2.510792573645625","247.5","14"
"2.5647978604090844","249","14"
"2.5830796153298534","250.5","14"
"2.561166786684933","252","14"
"2.5222832856617874","253.5","14"
"2.495913430900526","255","14"
"2.4958428353470055","256.5","14"
"2.5152251328703477","258","14"
"2.5368325149702327","259.5","14"
"2.5466730364428307","261","14"
"2.5416305191684803","262.5","14"
"2.5291746895740492","264","14"
"2.5201247447968425","265.5","14"
"2.5201682241774876","267","14"
"2.5265439532848903","268.5","14"
"2.5320485363786447","270","14"
"2.531667039877498","271.5","14"
"2.526328893982773","273","14"
"2.521362114984386","274.5","14"
"2.52191425636656","276","14"
"2.5288463345381356","277.5","14"
"2.537545639148847","279","14"
"2.541668544146536","280.5","14"
"2.538439849493447","282","14"
"2.5303423992485157","283.5","14"
"2.5225076953683443","285","14"
"2.5190570844498827","286.5","14"
"2.5210032152939683","288","14"
"2.526272947396208","289.5","14"
"2.5313042441852307","291","14"
"2.533300867213292","292.5","14"
"2.5318501519644454","294","14"
"2.528863788626423","295.5","14"
"2.5269661240453507","297","14"
"2.527598834745782","298.5","14"
"2.5301871825348137","300","14"
"3.6799965985815604","1.5","15"
"3.6619874079502135","3","15"
"3.7035870456230686","4.5","15"
"3.5880381760367235","6","15"
"3.49774786564396","7.5","15"
"3.4826201579808345","9","15"
"3.5658356406942406","10.5","15"
"3.6812127745190404","12","15"
"3.6985428141079044","13.5","15"
"3.6377358873148062","15","15"
"3.5941910538383093","16.5","15"
"3.628762304173858","18","15"
"3.7192277788097954","19.5","15"
"3.806333653130485","21","15"
"3.8319291385640506","22.5","15"
"3.7697978828221186","24","15"
"3.5901164592635597","25.5","15"
"3.472861452547085","27","15"
"3.7103417777904344","28.5","15"
"3.776647054074327","30","15"
"2.5618909755088013","31.5","15"
"1.8968880299838666","33","15"
"1.8059120232655126","34.5","15"
"1.9807267171531906","36","15"
"2.2932028962469997","37.5","15"
"2.6018853045794037","39","15"
"2.769133807034409","40.5","15"
"2.761536915107159","42","15"
"2.585343971605043","43.5","15"
"2.3955553842072757","45","15"
"2.380576659654892","46.5","15"
"2.479280463962655","48","15"
"2.505565385883587","49.5","15"
"2.4571262390431117","51","15"
"2.409276167682348","52.5","15"
"2.3934836462635474","54","15"
"2.4200297561485002","55.5","15"
"2.5165892010380517","57","15"
"2.613880159234949","58.5","15"
"2.620625696837949","60","15"
"2.5789900601080005","61.5","15"
"2.5458134225946583","63","15"
"2.538826332876962","64.5","15"
"2.547554312061289","66","15"
"2.5564839483013695","67.5","15"
"2.5659641675228846","69","15"
"2.578542331575404","70.5","15"
"2.584395684754766","72","15"
"2.572206965047167","73.5","15"
"2.5465282610140867","75","15"
"2.524270090765187","76.5","15"
"2.5171824841997616","78","15"
"2.5247425978695484","79.5","15"
"2.5397423608319216","81","15"
"2.5545554273856452","82.5","15"
"2.563634670096764","84","15"
"2.56438410501262","85.5","15"
"2.557964740684498","87","15"
"2.5486522053826044","88.5","15"
"2.541433225634799","90","15"
"2.5393155148692412","91.5","15"
"2.5419866137375657","93","15"
"2.5467853971361833","94.5","15"
"2.5506614514566595","96","15"
"2.551790668632848","97.5","15"
"2.550083284782127","99","15"
"2.546725554547768","100.5","15"
"2.5433419548611256","102","15"
"2.541197595442914","103.5","15"
"2.5407310102613643","105","15"
"2.5415608586554033","106.5","15"
"2.542837968061816","108","15"
"2.543672024137853","109.5","15"
"2.543465380199732","111","15"
"2.542087130585294","112.5","15"
"2.539862825209122","114","15"
"2.537500289687314","115.5","15"
"2.53567586994102","117","15"
"2.534779166155236","118.5","15"
"2.534782906317012","120","15"
"2.535387098283902","121.5","15"
"2.5361494679259","123","15"
"2.5366076377434537","124.5","15"
"2.5364815631235893","126","15"
"2.5358783061971435","127.5","15"
"2.535164402818159","129","15"
"2.5346409360096","130.5","15"
"2.5343889426099455","132","15"
"2.534274555995631","133.5","15"
"2.5340468736475197","135","15"
"2.5334688628130615","136.5","15"
"2.532397929824548","138","15"
"2.530997395079529","139.5","15"
"2.5295886008105875","141","15"
"2.5284559551527708","142.5","15"
"2.527747973696598","144","15"
"2.5274412804309705","145.5","15"
"2.5272813885150485","147","15"
"2.5270452908029415","148.5","15"
"2.5266337171675133","150","15"
"2.526044953367949","151.5","15"
"2.5252554675530754","153","15"
"2.5242848955722166","154.5","15"
"2.523278792054486","156","15"
"2.5224226066879414","157.5","15"
"2.5218234016034193","159","15"
"2.521482423521512","160.5","15"
"2.5213494919383916","162","15"
"2.5213482452178","163.5","15"
"2.5213864260359293","165","15"
"2.5213697511480118","166.5","15"
"2.5212809223058326","168","15"
"2.521167626572036","169.5","15"
"2.521115887667469","171","15"
"2.521478683359736","172.5","15"
"2.5224880595190204","174","15"
"2.523966670141113","175.5","15"
"2.525445904123501","177","15"
"2.5266770407080847","178.5","15"
"2.527685637666999","180","15"
"2.5284677989983946","181.5","15"
"2.5290138626176835","183","15"
"2.529387099594908","184.5","15"
"2.529640963075451","186","15"
"2.529788699465601","187.5","15"
"2.5298381007690582","189","15"
"2.5298080236347764","190.5","15"
"2.5297227791142998","192","15"
"2.5295998212959154","193.5","15"
"2.529461435310205","195","15"
"2.528829503810144","196.5","15"
"2.5272721939506826","198","15"
"2.525000669032089","199.5","15"
"2.5224169964452776","201","15"
"2.5197307810897756","202.5","15"
"2.517211937973747","204","15"
"2.515142070110907","205.5","15"
"2.5134666334753555","207","15"
"2.512002827660293","208.5","15"
"2.5107057707244085","210","15"
"2.509693589443792","211.5","15"
"2.5091143318887417","213","15"
"2.509089397476902","214.5","15"
"2.5097231990578517","216","15"
"2.511034281600396","217.5","15"
"2.5129416082660563","219","15"
"2.515279521056173","220.5","15"
"2.517830778907593","222","15"
"2.520352738825101","223.5","15"
"2.522616939260217","225","15"
"2.524394762824385","226.5","15"
"2.5257859471649646","228","15"
"2.527099055628471","229.5","15"
"2.5282678561834553","231","15"
"2.528946539705716","232.5","15"
"2.529033810147155","234","15"
"2.528946539705716","235.5","15"
"2.528911164008919","237","15"
"2.528937656821498","238.5","15"
"2.5287961540343082","240","15"
"2.5277272469667564","241.5","15"
"2.5250156296791926","243","15"
"2.5206095632670498","244.5","15"
"2.5148063905915152","246","15"
"2.5080850081999855","247.5","15"
"2.501178799480694","249","15"
"2.4944041197838565","250.5","15"
"2.4877737479955413","252","15"
"2.4812682041064984","253.5","15"
"2.4752697638182446","255","15"
"2.4708431265163338","256.5","15"
"2.470310309303335","258","15"
"2.4785660930634483","259.5","15"
"2.505648604483102","261","15"
"2.5708143781459216","262.5","15"
"2.7016968201331437","264","15"
"2.92237571531863","265.5","15"
"3.201096622704343","267","15"
"3.4200809129251755","268.5","15"
"3.4002886001671446","270","15"
"3.0725083024464444","271.5","15"
"2.929913076337613","273","15"
"3.129286451646548","274.5","15"
"3.6727491001002135","276","15"
"3.7048811415975473","277.5","15"
"2.616806991664704","279","15"
"1.8464603637991777","280.5","15"
"1.7839649098043122","282","15"
"1.9772357436555632","283.5","15"
"2.194105439912318","285","15"
"2.482097429140241","286.5","15"
"2.7314685078697054","288","15"
"2.733876860373269","289.5","15"
"2.5198671411545237","291","15"
"2.3574177337782842","292.5","15"
"2.392614370330787","294","15"
"2.480255087785438","295.5","15"
"2.4601934833795385","297","15"
"2.424965522972162","298.5","15"
"2.4236505444277676","300","15"
"3.7395443375767554","1.5","16"
"3.8622730710523325","3","16"
"4.201687453657273","4.5","16"
"3.78102584847352","6","16"
"3.3199829633154274","7.5","16"
"3.197122389137248","9","16"
"3.261156763862843","10.5","16"
"3.1969855615522778","12","16"
"2.955780970220527","13.5","16"
"2.76457392646923","15","16"
"2.7568243112694617","16.5","16"
"2.876274481268271","18","16"
"2.9879818930305677","19.5","16"
"2.9835108413075675","21","16"
"2.836457654041952","22.5","16"
"2.6064701195564224","24","16"
"2.3785164538766397","25.5","16"
"2.2455935978005632","27","16"
"2.2935413808877234","28.5","16"
"2.5090530867396605","30","16"
"2.690167771458778","31.5","16"
"2.602930835635856","33","16"
"2.419986900128151","34.5","16"
"2.320803420072622","36","16"
"2.331746510068756","37.5","16"
"2.455917231749036","39","16"
"2.604616713556365","40.5","16"
"2.640415827834944","42","16"
"2.5365290943461587","43.5","16"
"2.39700407353516","45","16"
"2.3633072418548133","46.5","16"
"2.4587081716342643","48","16"
"2.5525411944292222","49.5","16"
"2.578099122404954","51","16"
"2.558193825593275","52.5","16"
"2.517503358912123","54","16"
"2.4866520111429042","55.5","16"
"2.4825889487336306","57","16"
"2.504604320147242","58.5","16"
"2.544867940865713","60","16"
"2.58229324631646","61.5","16"
"2.5882941800458976","63","16"
"2.5556118672472774","64.5","16"
"2.5111298115657568","66","16"
"2.4894764566440424","67.5","16"
"2.502909559342515","69","16"
"2.5361705063358895","70.5","16"
"2.56332969107195","72","16"
"2.5675713462060252","73.5","16"
"2.5496238682439816","75","16"
"2.523803349743563","76.5","16"
"2.5068816111485734","78","16"
"2.5073241969587277","79.5","16"
"2.5218809065907246","81","16"
"2.539796281497525","82.5","16"
"2.550319070814086","84","16"
"2.54911785552371","85.5","16"
"2.539930927321459","87","16"
"2.530531900778497","88.5","16"
"2.5270519919261236","90","16"
"2.5305622895929267","91.5","16"
"2.5375987806140805","93","16"
"2.5431896991088294","94.5","16"
"2.54463044059294","96","16"
"2.543003937740624","97.5","16"
"2.541239672262894","99","16"
"2.5413925513754854","100.5","16"
"2.5433411756607556","102","16"
"2.545379407988574","103.5","16"
"2.5458712392621115","105","16"
"2.5443946545609815","106.5","16"
"2.5417586197093067","108","16"
"2.5387861261378704","109.5","16"
"2.536073262129715","111","16"
"2.5340747690207657","112.5","16"
"2.532620781130365","114","16"
"2.5310860680816334","115.5","16"
"2.5293716714275827","117","16"
"2.527910514893778","118.5","16"
"2.5271038866707647","120","16"
"2.5269771886906045","121.5","16"
"2.526992772698004","123","16"
"2.5263831263285246","124.5","16"
"2.5247433770699184","126","16"
"2.5222963762280033","127.5","16"
"2.5198163372904006","129","16"
"2.518204795085188","130.5","16"
"2.5180173194761686","132","16"
"2.5192179114062485","133.5","16"
"2.5214080878062153","135","16"
"2.524247649794531","136.5","16"
"2.527591198582156","138","16"
"2.5311639881186325","139.5","16"
"2.5342974644865084","141","16"
"2.536295490075236","142.5","16"
"2.5368993703619775","144","16"
"2.5363874357188947","145.5","16"
"2.53507713237672","147","16"
"2.5331191576870102","148.5","16"
"2.5304708114694896","150","16"
"2.52684332206704","151.5","16"
"2.522171080808509","153","16"
"2.5167261844630957","154.5","16"
"2.5109870620579744","156","16"
"2.5052376542079697","157.5","16"
"2.4995575951908937","159","16"
"2.4937103197744177","160.5","16"
"2.4874176534264563","162","16"
"2.4807445814578655","163.5","16"
"2.4743027761590874","165","16"
"2.469559471826813","166.5","16"
"2.469209922540836","168","16"
"2.4784294213185523","169.5","16"
"2.507669226882559","171","16"
"2.5763574537379537","172.5","16"
"2.712809464129787","174","16"
"2.9410849395623755","175.5","16"
"3.22581317012056","177","16"
"3.4461822552389383","178.5","16"
"3.405132733027296","180","16"
"3.0650862630822195","181.5","16"
"2.9440561864132198","183","16"
"3.170097850225122","184.5","16"
"3.6698292804737886","186","16"
"3.6357585884559205","187.5","16"
"2.562220733105381","189","16"
"1.8476840200602094","190.5","16"
"1.821856488756461","192","16"
"2.0021701554952296","193.5","16"
"2.187464782679119","195","16"
"2.468140703793136","196.5","16"
"2.7127168951258325","198","16"
"2.712887695846934","199.5","16"
"2.515364298056428","201","16"
"2.37822098109634","202.5","16"
"2.4291093105397668","204","16"
"2.5006031262473454","205.5","16"
"2.452926504888942","207","16"
"2.4069131646403177","208.5","16"
"2.4075277978921656","210","16"
"2.4999802334715757","211.5","16"
"2.697415581620273","213","16"
"2.70257139462842","214.5","16"
"2.528058407124002","216","16"
"2.3718324731028693","217.5","16"
"2.3122121126331914","219","16"
"2.3573758127983786","220.5","16"
"2.4737105838778954","222","16"
"2.6043781224030744","223.5","16"
"2.6891732001065236","225","16"
"2.6809579347656496","226.5","16"
"2.584393814673878","228","16"
"2.4705873929549034","229.5","16"
"2.4138785925877286","231","16"
"2.4338237844583515","232.5","16"
"2.5018682359680606","234","16"
"2.5695813714804503","235.5","16"
"2.600048729307338","237","16"
"2.5873878141755258","238.5","16"
"2.5522390205257404","240","16"
"2.521349647778466","241.5","16"
"2.509379260014538","243","16"
"2.5154838273931843","244.5","16"
"2.5295798737664437","246","16"
"2.539567819949044","247.5","16"
"2.5396560254309266","249","16"
"2.53299713490907","250.5","16"
"2.527337023421466","252","16"
"2.5276469893286477","253.5","16"
"2.5322615697598","255","16"
"2.5355666260491474","256.5","16"
"2.533806724093489","258","16"
"2.5285455631953195","259.5","16"
"2.524996305510017","261","16"
"2.527228402889889","262.5","16"
"2.534498809862114","264","16"
"2.54134595519336","265.5","16"
"2.5418712920828073","267","16"
"2.534797866964116","268.5","16"
"2.5239875527110285","270","16"
"2.515348558208954","271.5","16"
"2.512886908400083","273","16"
"2.5169822297046744","274.5","16"
"2.5243581404069957","276","16"
"2.5304249944877344","277.5","16"
"2.5320458870973868","279","16"
"2.529404086162974","280.5","16"
"2.525232559062198","282","16"
"2.5224997475245705","283.5","16"
"2.5224902412800567","285","16"
"2.524400528907123","286.5","16"
"2.526262350271176","288","16"
"2.526481305575143","289.5","16"
"2.524784830529602","291","16"
"2.5221463022367434","292.5","16"
"2.519988852252316","294","16"
"2.519235677174684","295.5","16"
"2.5198149347297343","297","16"
"2.5209184382937138","298.5","16"
"2.521728650838429","300","16"
"3.581413414491072","1.5","17"
"3.178304388521852","3","17"
"3.1932940218794155","4.5","17"
"3.214679331873853","6","17"
"3.152975389614823","7.5","17"
"3.0819222896365104","9","17"
"3.0797336716372836","10.5","17"
"3.1467502020189024","12","17"
"3.209001142937665","13.5","17"
"3.218882650349725","15","17"
"3.1882158172281194","16.5","17"
"3.157220161550378","18","17"
"3.1524277675947943","19.5","17"
"3.1917876717241516","21","17"
"3.258376265262572","22.5","17"
"3.296104212137023","24","17"
"3.2739509222579235","25.5","17"
"3.219168149365289","27","17"
"3.1945977799384817","28.5","17"
"3.2172036293924715","30","17"
"3.244874281251393","31.5","17"
"3.246526809396067","33","17"
"3.2405684200068308","34.5","17"
"3.240262661781647","36","17"
"3.1624261550623527","37.5","17"
"2.9040177546016754","39","17"
"2.5793238695465037","40.5","17"
"2.6917015494670657","42","17"
"2.82567757276322","43.5","17"
"2.5688328716050384","45","17"
"2.4027302612141397","46.5","17"
"2.392615149531157","48","17"
"2.353304802545331","49.5","17"
"2.2901420413536067","51","17"
"2.3204705456745627","52.5","17"
"2.4052704544203056","54","17"
"2.4360429471120817","55.5","17"
"2.4907203721146938","57","17"
"2.5881720014278833","58.5","17"
"2.6445624205238807","60","17"
"2.5892857904367466","61.5","17"
"2.4557872611273215","63","17"
"2.345384542464535","64.5","17"
"2.3771882289259554","66","17"
"2.5366305462343313","67.5","17"
"2.6302407177234723","69","17"
"2.6066304789925665","70.5","17"
"2.5328146461824184","72","17"
"2.4633802570527217","73.5","17"
"2.4368969507175904","75","17"
"2.4624435023679205","76.5","17"
"2.5261661969455194","78","17"
"2.5942684651226817","79.5","17"
"2.6231284884263553","81","17"
"2.593069899113564","82.5","17"
"2.529765635134649","84","17"
"2.4808131510904246","85.5","17"
"2.4761287543061212","87","17"
"2.5103361180688855","88.5","17"
"2.553437898215006","90","17"
"2.576689704775717","91.5","17"
"2.569809521348783","93","17"
"2.5431325058016725","94.5","17"
"2.5174156209504623","96","17"
"2.508283860134407","97.5","17"
"2.518201054923412","99","17"
"2.5374371744573443","100.5","17"
"2.552179957137695","102","17"
"2.5542317475519516","103.5","17"
"2.5458670315801135","105","17"
"2.5361645844130773","106.5","17"
"2.5327565178348173","108","17"
"2.5363995912446664","109.5","17"
"2.542184686471617","111","17"
"2.5446136098649483","112.5","17"
"2.5415712999403612","114","17"
"2.535156922494607","115.5","17"
"2.5297514536879153","117","17"
"2.5288538148616873","118.5","17"
"2.5328158929030105","120","17"
"2.5388085671085263","121.5","17"
"2.542975107326934","123","17"
"2.5431404536454463","124.5","17"
"2.5401182470904047","126","17"
"2.536658597447651","127.5","17"
"2.5351888697097764","129","17"
"2.5361550781685636","130.5","17"
"2.5380006921649207","132","17"
"2.5386310652642425","133.5","17"
"2.537041028989242","135","17"
"2.5339313961526875","136.5","17"
"2.531043991261654","138","17"
"2.5298990342379915","139.5","17"
"2.5308615025350027","141","17"
"2.533077392547179","142.5","17"
"2.535151312251943","144","17"
"2.536055808041427","145.5","17"
"2.53568132434361","147","17"
"2.534704674599865","148.5","17"
"2.533950408641715","150","17"
"2.533757166949958","151.5","17"
"2.533814204417041","153","17"
"2.5334775898572057","154.5","17"
"2.532382501657222","156","17"
"2.530740103117358","157.5","17"
"2.529183884138415","159","17"
"2.5283149198858026","160.5","17"
"2.5283356466156444","162","17"
"2.5289859672444375","163.5","17"
"2.529763609213687","165","17"
"2.5302464017629327","166.5","17"
"2.5303110753936418","168","17"
"2.5301055223360387","169.5","17"
"2.5298192441201044","171","17"
"2.5294269946538517","172.5","17"
"2.5287974007549003","174","17"
"2.5278001801213876","175.5","17"
"2.526446397398568","177","17"
"2.5249483067672256","178.5","17"
"2.5236923916108767","180","17"
"2.522895425472451","181.5","17"
"2.5225803168428276","183","17"
"2.522590758127785","184.5","17"
"2.522694391776994","186","17"
"2.52267241832656","187.5","17"
"2.522377101386334","189","17"
"2.521846465934371","190.5","17"
"2.521243832368221","192","17"
"2.520756676296904","193.5","17"
"2.5204655670386757","195","17"
"2.5203284277735576","196.5","17"
"2.5202660917439585","198","17"
"2.520199548032361","199.5","17"
"2.5200927975816727","201","17"
"2.5199668788018825","202.5","17"
"2.519854206428382","204","17"
"2.519779403192863","205.5","17"
"2.519765689266351","207","17"
"2.5198312979375044","208.5","17"
"2.520140952164538","210","17"
"2.5209324639003734","211.5","17"
"2.5221893140971665","213","17"
"2.523585797000262","214.5","17"
"2.524789505731822","216","17"
"2.5257095855287055","217.5","17"
"2.5263775160858604","219","17"
"2.526824153737939","220.5","17"
"2.5271171330770548","222","17"
"2.527337802621836","223.5","17"
"2.5275123435047133","225","17"
"2.5276237691576218","226.5","17"
"2.5276491710896836","228","17"
"2.5275908869020083","229.5","17"
"2.527473071806066","231","17"
"2.52732704965673","232.5","17"
"2.527179157426506","234","17"
"2.5269026971352333","235.5","17"
"2.5259863575001256","237","17"
"2.5242082222558095","238.5","17"
"2.5218893219547205","240","17"
"2.5193488170684066","241.5","17"
"2.516794754095655","243","17"
"2.514540683265349","244.5","17"
"2.5127946510762764","246","17"
"2.511425596026205","247.5","17"
"2.5102270300170866","249","17"
"2.509163109831903","250.5","17"
"2.5083736240170293","252","17"
"2.5080014779203226","253.5","17"
"2.508162928236984","255","17"
"2.508957400934226","256.5","17"
"2.5103892595341186","258","17"
"2.5123614156705623","259.5","17"
"2.514703536142677","261","17"
"2.5172092886924893","262.5","17"
"2.5196626789774386","264","17"
"2.521884646752501","265.5","17"
"2.5236841320869545","267","17"
"2.5250260709641505","268.5","17"
"2.526253467386958","270","17"
"2.52747790284836","271.5","17"
"2.528407488889757","273","17"
"2.5287674794606927","274.5","17"
"2.5287495578521826","276","17"
"2.5286649366920018","277.5","17"
"2.5286560538077842","279","17"
"2.5286094576256586","280.5","17"
"2.527966617320417","282","17"
"2.5259145152260127","283.5","17"
"2.522158925282737","285","17"
"2.516931893360773","286.5","17"
"2.510515645834131","288","17"
"2.5035837235026297","289.5","17"
"2.49668577430726","291","17"
"2.4899873004066078","292.5","17"
"2.483462588188463","294","17"
"2.477262958364678","295.5","17"
"2.4721665204247243","297","17"
"2.469952344653362","298.5","17"
"2.4743718133118686","300","17"
"3.5568340063399733","1.5","18"
"3.157852560570662","3","18"
"3.1975500143002984","4.5","18"
"3.239850932306144","6","18"
"3.203549233788922","7.5","18"
"3.1048155081869515","9","18"
"3.0251154658627906","10.5","18"
"3.052334804867414","12","18"
"3.1269519673380595","13.5","18"
"3.1691737185863142","15","18"
"3.1404498995073147","16.5","18"
"3.0823754725716963","18","18"
"3.0600791215046668","19.5","18"
"3.0891545157906055","21","18"
"3.139157361933576","22.5","18"
"3.1799354107363142","24","18"
"3.2077996159671414","25.5","18"
"3.2266266553068292","27","18"
"3.2403729965540373","28.5","18"
"3.254648570692542","30","18"
"3.278282029594474","31.5","18"
"3.3102750617458017","33","18"
"3.339902753253989","34.5","18"
"3.364564444964159","36","18"
"3.3841669445120606","37.5","18"
"3.380994040605463","39","18"
"3.333332224054089","40.5","18"
"3.225861792223647","42","18"
"3.0353441849597176","43.5","18"
"2.7368979760477927","45","18"
"2.523436658049446","46.5","18"
"2.5564172487496983","48","18"
"2.5218191939214214","49.5","18"
"2.401123238371073","51","18"
"2.3582232711207793","52.5","18"
"2.432804590374405","54","18"
"2.499823925877356","55.5","18"
"2.3891355523589315","57","18"
"2.2822281707158445","58.5","18"
"2.2920850553962127","60","18"
"2.3864600899685353","61.5","18"
"2.5498395509063947","63","18"
"2.707713493710055","64.5","18"
"2.7221782576983937","66","18"
"2.562151851792674","67.5","18"
"2.3530567051475266","69","18"
"2.271874156199423","70.5","18"
"2.384184824888166","72","18"
"2.5455541047115258","73.5","18"
"2.6192290580947795","75","18"
"2.6126563471338438","76.5","18"
"2.553684437212071","78","18"
"2.483918264564833","79.5","18"
"2.449325975819294","81","18"
"2.4702821022499415","82.5","18"
"2.532975161458636","84","18"
"2.5930773794371156","85.5","18"
"2.605445471069886","87","18"
"2.563109956567613","88.5","18"
"2.5024841159405002","90","18"
"2.4686220937817156","91.5","18"
"2.4794550048455326","93","18"
"2.518635381209644","94.5","18"
"2.5556068803649095","96","18"
"2.5690504243483394","97.5","18"
"2.5561057244417764","99","18"
"2.5302526353658927","100.5","18"
"2.5107992747688073","102","18"
"2.509320040786419","103.5","18"
"2.523200560337339","105","18"
"2.540095182759453","106.5","18"
"2.5472937474575645","108","18"
"2.5408597341624866","109.5","18"
"2.527169807022066","111","18"
"2.516858181005772","112.5","18"
"2.5166484202661707","114","18"
"2.525144821100537","115.5","18"
"2.5350497045236966","117","18"
"2.5390778587563947","118.5","18"
"2.5350261726725227","120","18"
"2.5265420832040024","121.5","18"
"2.5197337420511814","123","18"
"2.518636627930236","124.5","18"
"2.5229572939818286","126","18"
"2.5287839985085365","127.5","18"
"2.531967811220314","129","18"
"2.5308320487610168","130.5","18"
"2.5269773445306787","132","18"
"2.5236130690132117","133.5","18"
"2.523046590344229","135","18"
"2.5252482989096716","136.5","18"
"2.5281188730727133","138","18"
"2.5293048160358373","139.5","18"
"2.5278913465646764","141","18"
"2.524834855193355","142.5","18"
"2.522009162971625","144","18"
"2.52086607602885","145.5","18"
"2.521615043424484","147","18"
"2.5233208688744653","148.5","18"
"2.524684002001725","150","18"
"2.52495002100804","151.5","18"
"2.5242842722119208","153","18"
"2.523495409757343","154.5","18"
"2.523359828892965","156","18"
"2.5240107728820544","157.5","18"
"2.5248934510611782","159","18"
"2.5252475197093016","160.5","18"
"2.5246802618399493","162","18"
"2.5234053341945724","163.5","18"
"2.5220384609055366","165","18"
"2.5211588995278924","166.5","18"
"2.520980462643165","168","18"
"2.521325180886848","169.5","18"
"2.5220683821997443","171","18"
"2.52313978270848","172.5","18"
"2.524398970506383","174","18"
"2.5255902120320233","175.5","18"
"2.526619691560853","177","18"
"2.5274866298925036","178.5","18"
"2.5280247456680187","180","18"
"2.528092536100208","181.5","18"
"2.5277746223492517","183","18"
"2.5272994659636323","184.5","18"
"2.5268875806480557","186","18"
"2.526654599737429","187.5","18"
"2.5265847833842776","189","18"
"2.5265810432225018","190.5","18"
"2.5265416156837803","192","18"
"2.526428008269836","193.5","18"
"2.526279025159094","195","18"
"2.5261644827047056","196.5","18"
"2.526140639173384","198","18"
"2.5256902613595296","199.5","18"
"2.5243615688886236","201","18"
"2.522337829687687","202.5","18"
"2.5199514506345566","204","18"
"2.5173587393234533","205.5","18"
"2.5148804146266643","207","18"
"2.5128671167106855","208.5","18"
"2.5113565588734237","210","18"
"2.5101692133496334","211.5","18"
"2.509177135438563","213","18"
"2.508425986281893","214.5","18"
"2.508037165297268","216","18"
"2.508120851417005","217.5","18"
"2.5087685227645404","219","18"
"2.5100158667168198","220.5","18"
"2.5117946253214316","222","18"
"2.513945374182677","223.5","18"
"2.5162725340076877","225","18"
"2.518578032062413","226.5","18"
"2.520697457068785","228","18"
"2.522538863383144","229.5","18"
"2.5239995523967265","231","18"
"2.525133288935061","232.5","18"
"2.5262922715653837","234","18"
"2.5275682900912786","235.5","18"
"2.5286119510668428","237","18"
"2.5290892892134984","238.5","18"
"2.5291402489176957","240","18"
"2.5290550043972186","241.5","18"
"2.528954799229638","243","18"
"2.5287663885801748","244.5","18"
"2.5280252131882404","246","18"
"2.525965007409988","247.5","18"
"2.522249156685582","249","18"
"2.5171282518540106","250.5","18"
"2.5108628575189984","252","18"
"2.5040540488459553","253.5","18"
"2.497274849786972","255","18"
"2.490698554504334","256.5","18"
"2.484273424093474","258","18"
"2.478065846425915","259.5","18"
"2.47279471176301","261","18"
"2.470115509210838","262.5","18"
"2.4734766679268247","264","18"
"2.490022676103405","265.5","18"
"2.5344073317386773","267","18"
"2.631539488900171","268.5","18"
"2.811052293498664","270","18"
"3.080746943798418","271.5","18"
"3.35682885537105","273","18"
"3.500728151219096","274.5","18"
"3.2620977262296424","276","18"
"2.961513391502466","277.5","18"
"2.9796444490716794","279","18"
"3.285221899769749","280.5","18"
"3.6766363749060176","282","18"
"3.203272150137354","283.5","18"
"2.248703542317265","285","18"
"1.8723781265057708","286.5","18"
"1.9479946913709647","288","18"
"2.0925626969765356","289.5","18"
"2.2718565462710614","291","18"
"2.5391405064661416","292.5","18"
"2.695192990484915","294","18"
"2.631740834275776","295.5","18"
"2.4794654461304906","297","18"
"2.4479351031588625","298.5","18"
"2.5249677867764753","300","18"
"3.680261526707357","1.5","19"
"3.6604315006514185","3","19"
"3.704842181579048","4.5","19"
"3.588957009113015","6","19"
"3.4947956312821438","7.5","19"
"3.4600676058321524","9","19"
"3.5157757570841865","10.5","19"
"3.6260631540922144","12","19"
"3.6767040094981325","13.5","19"
"3.6585673416862554","15","19"
"3.628848639574853","16.5","19"
"3.640039203608495","18","19"
"3.6923001724236957","19.5","19"
"3.7557916003314817","21","19"
"3.7846787398080313","22.5","19"
"3.7704785922653414","24","19"
"3.685207890656051","25.5","19"
"3.5539425496070156","27","19"
"3.6126197659488586","28.5","19"
"3.8358949567671496","30","19"
"3.050691315447032","31.5","19"
"2.092892766253263","33","19"
"1.8417496300423688","34.5","19"
"1.9346178469392057","36","19"
"2.182128974385505","37.5","19"
"2.4689755390695427","39","19"
"2.6855081532462406","40.5","19"
"2.772820359824904","42","19"
"2.6729312359143127","43.5","19"
"2.4735807690962552","45","19"
"2.3884905302926542","46.5","19"
"2.459255637814219","48","19"
"2.5028665474820913","49.5","19"
"2.4585499939591564","51","19"
"2.4078164137092095","52.5","19"
"2.393447335526306","54","19"
"2.4199228498577376","55.5","19"
"2.5158486490064136","57","19"
"2.6231459425146433","58.5","19"
"2.6323617011305838","60","19"
"2.582985643765233","61.5","19"
"2.5403984475434527","63","19"
"2.5264012037771084","64.5","19"
"2.534017419873534","66","19"
"2.5474707817816262","67.5","19"
"2.5639779857797813","69","19"
"2.5831569120065567","70.5","19"
"2.59290408527483","72","19"
"2.5801208356849292","73.5","19"
"2.5494717683317596","75","19"
"2.5209263861374875","76.5","19"
"2.5099444919629286","78","19"
"2.5175401371695867","79.5","19"
"2.5356029367863893","81","19"
"2.5545225451300317","82.5","19"
"2.5668710009134785","84","19"
"2.568861546178654","85.5","19"
"2.5614926482796627","87","19"
"2.5498485896306864","88.5","19"
"2.5402767364456604","90","19"
"2.5369322526175915","91.5","19"
"2.539882772738594","93","19"
"2.546017884771744","94.5","19"
"2.5514094838118493","96","19"
"2.553453793902554","97.5","19"
"2.5517769547063365","99","19"
"2.5477827736097702","100.5","19"
"2.5435660528875346","102","19"
"2.540837760712053","103.5","19"
"2.540265048440111","105","19"
"2.541433693155021","106.5","19"
"2.5432883458756703","108","19"
"2.5446884131004675","109.5","19"
"2.544846434935501","111","19"
"2.5435498455198386","112.5","19"
"2.5411626872663384","114","19"
"2.5384216162047895","115.5","19"
"2.536148377045382","117","19"
"2.5349144353394664","118.5","19"
"2.534804879767446","120","19"
"2.5354631482400127","121.5","19"
"2.5363017236781955","123","19"
"2.5368353200915648","124.5","19"
"2.536827216407717","126","19"
"2.5363011003178997","127.5","19"
"2.5354938487345904","129","19"
"2.534776672714052","130.5","19"
"2.5344537720807283","132","19"
"2.5345005241029277","133.5","19"
"2.5346183391988704","135","19"
"2.5344553304814683","136.5","19"
"2.5338224639409628","138","19"
"2.532759167116075","139.5","19"
"2.5314438768915326","141","19"
"2.5302032340624354","142.5","19"
"2.5292911021093256","144","19"
"2.5287677911408406","145.5","19"
"2.52849257757016","147","19"
"2.528345152860158","148.5","19"
"2.528113262830049","150","19"
"2.5276441842073156","151.5","19"
"2.526943215554473","153","19"
"2.526115704761544","154.5","19"
"2.525238792665158","156","19"
"2.5242964277376925","157.5","19"
"2.5233302192789053","159","19"
"2.5224473852597074","160.5","19"
"2.5217554553311565","162","19"
"2.5212974413536764","163.5","19"
"2.521044357073504","165","19"
"2.5209575541522873","166.5","19"
"2.5209899688876787","168","19"
"2.5210770834890437","169.5","19"
"2.5211487699230823","171","19"
"2.521186171540842","172.5","19"
"2.521196456985726","174","19"
"2.5212231056383794","175.5","19"
"2.5215667330015448","177","19"
"2.5224324246126035","178.5","19"
"2.5236872488884345","180","19"
"2.5249657608555136","181.5","19"
"2.526101055794588","183","19"
"2.527145651810596","184.5","19"
"2.528068225048664","186","19"
"2.5287857127493503","187.5","19"
"2.5292812841846635","189","19"
"2.529568185760894","190.5","19"
"2.5296741570112125","192","19"
"2.529654677001963","193.5","19"
"2.5295762894447416","195","19"
"2.5294827854003428","196.5","19"
"2.5293715155875085","198","19"
"2.529228454399578","199.5","19"
"2.528582964813079","201","19"
"2.526999317981112","202.5","19"
"2.524681976080763","204","19"
"2.5220604343559705","205.5","19"
"2.5193756215611343","207","19"
"2.5169043096676753","208.5","19"
"2.514922647286718","210","19"
"2.5133770254328067","211.5","19"
"2.5120533198442683","213","19"
"2.5108584939969263","214.5","19"
"2.5098765456906653","216","19"
"2.5092640941998536","217.5","19"
"2.509148772545095","219","19"
"2.5096479283021105","220.5","19"
"2.510803014930583","222","19"
"2.5125521639211357","223.5","19"
"2.5147534049663562","225","19"
"2.517214898935153","226.5","19"
"2.519717846363634","228","19"
"2.522060901876192","229.5","19"
"2.5239900461522127","231","19"
"2.5255038766310283","232.5","19"
"2.52688617808739","234","19"
"2.5281400673227767","235.5","19"
"2.5289364101009064","237","19"
"2.52910689914186","238.5","19"
"2.5290031096525776","240","19"
"2.528898540962925","241.5","19"
"2.5288809310345632","243","19"
"2.5287744922640223","244.5","19"
"2.5278913465646764","246","19"
"2.525449020924981","247.5","19"
"2.5213042983169323","249","19"
"2.515740651835133","250.5","19"
"2.509147837504651","252","19"
"2.5022417846254337","253.5","19"
"2.495438274514907","255","19"
"2.4887966822412637","256.5","19"
"2.482278826986375","258","19"
"2.4761577405598847","259.5","19"
"2.471368775085929","261","19"
"2.4699793049861634","262.5","19"
"2.476336177444612","264","19"
"2.499376820705056","265.5","19"
"2.5568289782252007","267","19"
"2.675304991921449","268.5","19"
"2.881501357350161","270","19"
"3.157672721125268","271.5","19"
"3.392931078593555","273","19"
"3.433777385348704","274.5","19"
"3.124090743579458","276","19"
"2.9308527919838205","277.5","19"
"3.0673387755117854","279","19"
"3.5701823320381902","280.5","19"
"3.75442176608104","282","19"
"2.788204891929978","283.5","19"
"1.9223010266907805","285","19"
"1.7814928187104835","286.5","19"
"1.951861551127075","288","19"
"2.160730573824851","289.5","19"
"2.4303497975287898","291","19"
"2.6963490121538314","292.5","19"
"2.7460735279246418","294","19"
"2.560189357740818","295.5","19"
"2.3806296452800515","297","19"
"2.3896516946840127","298.5","19"
"2.4792415039441553","300","19"