"nusselt","time","episode"
"3.6117012445527146","1.5","0"
"3.375005729922019","3","0"
"3.5235739943870423","4.5","0"
"3.5453626184929865","6","0"
"3.457784237067935","7.5","0"
"3.356327985373221","9","0"
"3.3637727773882493","10.5","0"
"3.4723702446338436","12","0"
"3.5509831466017956","13.5","0"
"3.5516950240598177","15","0"
"3.527689730741327","16.5","0"
"3.553764891922658","18","0"
"3.6330943465508523","19.5","0"
"3.6883589769522884","21","0"
"3.6734164072970725","22.5","0"
"3.6134267058520195","24","0"
"3.543143767519404","25.5","0"
"3.425056574807781","27","0"
"3.216992621932278","28.5","0"
"3.353482345622019","30","0"
"3.625346601431972","31.5","0"
"3.318077974250877","33","0"
"2.837427290982367","34.5","0"
"2.603283969243535","36","0"
"2.428632907433555","37.5","0"
"2.3357347692425106","39","0"
"2.4721291188069645","40.5","0"
"2.807814560121283","42","0"
"3.123761609343174","43.5","0"
"3.3091801293858922","45","0"
"3.331900365454196","46.5","0"
"3.200015404270945","48","0"
"2.9865431774674187","49.5","0"
"2.808004061651265","51","0"
"2.76307318655663","52.5","0"
"2.8862541679269493","54","0"
"3.0390843467356676","55.5","0"
"3.0823069029391372","57","0"
"3.050921335396253","58.5","0"
"3.0012794148646615","60","0"
"2.9565283792154204","61.5","0"
"2.9449824998130634","63","0"
"2.9870437357851003","64.5","0"
"3.088713800061339","66","0"
"3.2689799355775384","67.5","0"
"3.5550187811580454","69","0"
"3.8175167368405756","70.5","0"
"3.743232760448138","72","0"
"3.4351618685661016","73.5","0"
"3.36176337547412","75","0"
"3.6460194106080914","76.5","0"
"4.003928893195105","78","0"
"3.9944457130121833","79.5","0"
"3.676071922157997","81","0"
"3.4007598605509144","82.5","0"
"3.3565227854657183","84","0"
"3.4931281424903657","85.5","0"
"3.6763259414786136","87","0"
"3.699453855180496","88.5","0"
"3.5228895447820436","90","0"
"3.3181247262730764","91.5","0"
"3.1531483720969606","93","0"
"3.0407942240275725","94.5","0"
"2.962412277049286","96","0"
"2.8492567993194005","97.5","0"
"2.7412427973108544","99","0"
"2.760171756058937","100.5","0"
"2.8784761898337132","102","0"
"2.8784213341276663","103.5","0"
"2.730127036512731","105","0"
"2.650443201556266","106.5","0"
"2.6548918123086103","108","0"
"2.6745114542646515","109.5","0"
"2.705618379755227","111","0"
"2.7361399699278666","112.5","0"
"2.747760652565743","114","0"
"2.757705742727994","115.5","0"
"2.7985374005161874","117","0"
"2.8662115760100777","118.5","0"
"2.924361117861363","120","0"
"2.944399969616459","121.5","0"
"2.920242888065894","123","0"
"2.862753484768064","124.5","0"
"2.7844666002349157","126","0"
"2.7049470207164443","127.5","0"
"2.6713740818949256","129","0"
"2.705797907520473","130.5","0"
"2.779511509242078","132","0"
"2.8543200433235927","133.5","0"
"2.9161857475794326","135","0"
"2.9574272647622406","136.5","0"
"2.966507130833655","138","0"
"2.93670489844259","139.5","0"
"2.8903642940385703","141","0"
"2.8595802691813184","142.5","0"
"2.8558382373244804","144","0"
"2.875368738758195","145.5","0"
"2.909359952338324","147","0"
"2.9431491971825516","148.5","0"
"2.9590779228260264","150","0"
"2.9484814211544643","151.5","0"
"2.920281848084394","153","0"
"2.892229388044177","154.5","0"
"2.8778749588282295","156","0"
"2.8810911862753983","157.5","0"
"2.8976675832664087","159","0"
"2.9188275485138453","160.5","0"
"2.9352449886293774","162","0"
"2.9421100555691337","163.5","0"
"2.9414714229458903","165","0"
"2.940140860394096","166.5","0"
"2.9450485760044383","168","0"
"2.9593640452018866","169.5","0"
"2.981753276953019","171","0"
"3.0081650526941854","172.5","0"
"3.0320865040528653","174","0"
"3.045830663539037","175.5","0"
"3.0447762495983675","177","0"
"3.031814095603517","178.5","0"
"3.018729762990652","180","0"
"3.0196641800743436","181.5","0"
"3.035539296732363","183","0"
"3.060851153231252","184.5","0"
"3.105029009088329","186","0"
"3.188683337450113","187.5","0"
"3.2955902515729782","189","0"
"3.3464421144390895","190.5","0"
"3.315090520032337","192","0"
"3.240957708511677","193.5","0"
"3.1554831680855977","195","0"
"3.059426463274763","196.5","0"
"2.9477262201558703","198","0"
"2.8249192549631466","199.5","0"
"2.704749415502615","201","0"
"2.6225250756598357","202.5","0"
"2.6096064010456304","204","0"
"2.6472304025907247","205.5","0"
"2.6891657197829715","207","0"
"2.7266683219104215","208.5","0"
"2.7853249673624965","210","0"
"2.8544917790851385","211.5","0"
"2.881796206770165","213","0"
"2.8370046527016846","214.5","0"
"2.783559922684396","216","0"
"2.7974253257481383","217.5","0"
"2.9105677129118077","219","0"
"3.203117868464096","220.5","0"
"3.3854710142512747","222","0"
"3.111754131641635","223.5","0"
"3.0193026311026685","225","0"
"3.0650990419682875","226.5","0"
"2.9284715556531324","228","0"
"2.7626044196140445","229.5","0"
"2.6698234731586465","231","0"
"2.6437040533963","232.5","0"
"2.6205169204662986","234","0"
"2.669013416454005","235.5","0"
"2.843848525391377","237","0"
"3.0008670620288633","238.5","0"
"3.096412611396984","240","0"
"3.1171530551652187","241.5","0"
"3.0226214013185277","243","0"
"2.8700293461428785","244.5","0"
"2.7450586973627673","246","0"
"2.691317247844587","247.5","0"
"2.7134543303559906","249","0"
"2.797984791613791","250.5","0"
"2.928628019087426","252","0"
"3.0089610837921668","253.5","0"
"2.9715273629774237","255","0"
"2.8861584821215147","256.5","0"
"2.820707521123279","258","0"
"2.7972152533283894","259.5","0"
"2.815677003534626","261","0"
"2.8603133408894044","262.5","0"
"2.9055169361135356","264","0"
"2.927519684481153","265.5","0"
"2.9153747558343475","267","0"
"2.878504241047033","268.5","0"
"2.8413500973250425","270","0"
"2.8258505552453577","271.5","0"
"2.836077715941545","273","0"
"2.859777251034852","274.5","0"
"2.8822649737127506","276","0"
"2.8957744380474817","277.5","0"
"2.8986936343136107","279","0"
"2.893079028127614","280.5","0"
"2.883659430694884","282","0"
"2.875867426994988","283.5","0"
"2.873198821567848","285","0"
"2.87576768934763","286.5","0"
"2.880971812778716","288","0"
"2.885682858215673","289.5","0"
"2.888140767862768","291","0"
"2.8884699020990516","292.5","0"
"2.8878976573473314","294","0"
"2.8877499209571815","295.5","0"
"2.8887865691294152","297","0"
"2.8910069785037376","298.5","0"
"2.893828930563692","300","0"
"3.746460208380635","1.5","1"
"3.8113965854545295","3","1"
"3.9794264700405604","4.5","1"
"3.762141771666749","6","1"
"3.566244253368263","7.5","1"
"3.5491701031809035","9","1"
"3.7190183297503423","10.5","1"
"3.9165786616383857","12","1"
"3.9343163788608284","13.5","1"
"3.8098933521007456","15","1"
"3.699068930197721","16.5","1"
"3.710808051291836","18","1"
"3.8031108804002085","19.5","1"
"3.8716929801652107","21","1"
"3.798052934958532","22.5","1"
"3.4402584623461294","24","1"
"3.0462093549188523","25.5","1"
"2.673222033492393","27","1"
"2.5159814247494596","28.5","1"
"2.554114867496453","30","1"
"2.666559870328982","31.5","1"
"2.7709652395840325","33","1"
"2.7924135089683655","34.5","1"
"2.718053170939669","36","1"
"2.610416146070124","37.5","1"
"2.5172685079206083","39","1"
"2.5296722869303245","40.5","1"
"2.662163933521649","42","1"
"2.845503546977235","43.5","1"
"2.9846883689066956","45","1"
"2.984833300175514","46.5","1"
"2.8603008736834847","48","1"
"2.742180331196026","49.5","1"
"2.7125208483127428","51","1"
"2.7610164092600056","52.5","1"
"2.8414791329063127","54","1"
"2.9059916249789333","55.5","1"
"2.92776279499659","57","1"
"2.907125517357342","58.5","1"
"2.870739665200161","60","1"
"2.8501541264654806","61.5","1"
"2.853549569997747","63","1"
"2.8751982497172413","64.5","1"
"2.916240291605332","66","1"
"2.993783507305362","67.5","1"
"3.133553976232907","69","1"
"3.319558143273709","70.5","1"
"3.417670378660576","72","1"
"3.344696082250017","73.5","1"
"3.219321495998103","75","1"
"3.1596035796421025","76.5","1"
"3.0937814075876036","78","1"
"3.067451915405508","79.5","1"
"3.2134257543186138","81","1"
"3.1631891480646463","82.5","1"
"3.0176513496785864","84","1"
"3.121468890174517","85.5","1"
"3.4999302500402267","87","1"
"3.781959330516768","88.5","1"
"3.6911295017878234","90","1"
"3.43037072133111","91.5","1"
"3.266766071486324","93","1"
"3.348423153459751","94.5","1"
"3.494393252211081","96","1"
"3.5326772364695564","97.5","1"
"3.479300452724531","99","1"
"3.469449801647123","100.5","1"
"3.5358975157586494","102","1"
"3.612631298114334","103.5","1"
"3.630497427557751","105","1"
"3.592112770611473","106.5","1"
"3.5592835006230725","108","1"
"3.5962730772269214","109.5","1"
"3.687562634174159","111","1"
"3.7240145625227155","112.5","1"
"3.6728129945305525","114","1"
"3.5203300274067018","115.5","1"
"3.398042321340539","117","1"
"3.327789304302131","118.5","1"
"3.3715211458674257","120","1"
"3.260115128808241","121.5","1"
"2.829130988803014","123","1"
"2.343223975678628","124.5","1"
"2.2511857630159042","126","1"
"2.4808260858165663","127.5","1"
"2.7027546625554417","129","1"
"2.9197233172591854","130.5","1"
"3.1478619651068036","132","1"
"3.2270477351867717","133.5","1"
"3.0687453880196904","135","1"
"2.8802431045927017","136.5","1"
"2.861613982146991","138","1"
"2.9337857021764613","139.5","1"
"2.9812143819771344","141","1"
"2.995346894927709","142.5","1"
"3.0232575405005875","144","1"
"3.0484989572860295","145.5","1"
"3.0041178859724598","147","1"
"2.9521957134781305","148.5","1"
"2.954710348912161","150","1"
"3.013424966871763","151.5","1"
"3.1031209032222984","153","1"
"3.159951414687266","154.5","1"
"3.139981755925025","156","1"
"3.0691060019509218","157.5","1"
"3.007212246481762","159","1"
"3.0079256823405247","160.5","1"
"3.1255250956205347","162","1"
"3.414054265583528","163.5","1"
"3.794050961858266","165","1"
"3.9514734359675545","166.5","1"
"3.6553613996839704","168","1"
"3.3157434899423883","169.5","1"
"3.3249252754221974","171","1"
"3.4629674779291055","172.5","1"
"3.4600009062804813","174","1"
"3.325126932477951","175.5","1"
"3.338577800944859","177","1"
"3.6045447566745823","178.5","1"
"3.834471201851105","180","1"
"3.6941091640026635","181.5","1"
"3.31379611237771","183","1"
"3.2559856785274444","184.5","1"
"3.6799716641697207","186","1"
"4.149828240552839","187.5","1"
"4.174540424446985","189","1"
"3.7779922655930767","190.5","1"
"3.3204380163315013","192","1"
"3.1029501025011967","193.5","1"
"3.201832499533761","195","1"
"3.1753446738364834","196.5","1"
"2.9310625527234215","198","1"
"2.5869488126870737","199.5","1"
"2.4624441257282164","201","1"
"2.5401346102981743","202.5","1"
"2.6588987722912445","204","1"
"2.8200018772682163","205.5","1"
"2.976438507069394","207","1"
"3.0115386786160925","208.5","1"
"2.9054365226353527","210","1"
"2.797523816674905","211.5","1"
"2.802464882061083","213","1"
"2.874336454108033","214.5","1"
"2.9392718961414834","216","1"
"2.984583021016673","217.5","1"
"3.0145731965369795","219","1"
"3.0262225537484717","220.5","1"
"3.020894069938335","222","1"
"3.0180191322532215","223.5","1"
"3.01990884899052","225","1"
"3.0170607157981344","226.5","1"
"3.0160041200964285","228","1"
"3.0181581415992276","229.5","1"
"3.0437134202937015","231","1"
"3.1708701936318557","232.5","1"
"3.346454581645009","234","1"
"3.537351191968902","235.5","1"
"3.771979020497793","237","1"
"3.792979093829308","238.5","1"
"3.4575143220597706","240","1"
"3.195960757225668","241.5","1"
"3.2900180338871086","243","1"
"3.523617317927614","244.5","1"
"3.627980610362685","246","1"
"3.453815302063356","247.5","1"
"3.2638051100803636","249","1"
"3.35458319990474","250.5","1"
"3.6158886673410384","252","1"
"3.777220545546639","253.5","1"
"3.6447437037623445","255","1"
"3.3688980457418927","256.5","1"
"3.3105533921179617","258","1"
"3.544988602315392","259.5","1"
"3.905131273162795","261","1"
"4.050260147194685","262.5","1"
"3.8302239364743658","264","1"
"3.4357191526707185","265.5","1"
"3.130271984274511","267","1"
"3.136373434851677","268.5","1"
"3.123343334584564","270","1"
"2.9543198136867224","271.5","1"
"2.656922096792655","273","1"
"2.515433335209209","274.5","1"
"2.5906835200604337","276","1"
"2.668797422111444","277.5","1"
"2.8163969846764965","279","1"
"3.0076501570896963","280.5","1"
"3.066849125999284","282","1"
"2.9583320722318724","283.5","1"
"2.8348384756731138","285","1"
"2.824734428635385","286.5","1"
"2.889577925025177","288","1"
"2.9556369739921524","289.5","1"
"3.0303442120255686","291","1"
"3.152899963019008","292.5","1"
"3.3818383821263835","294","1"
"3.6843825616241577","295.5","1"
"3.7650023720650547","297","1"
"3.522575059512716","298.5","1"
"3.3676425981057654","300","1"
"3.746460208380635","1.5","2"
"3.8113965854545295","3","2"
"3.9794264700405604","4.5","2"
"3.762141771666749","6","2"
"3.566244253368263","7.5","2"
"3.5491701031809035","9","2"
"3.7190183297503423","10.5","2"
"3.9165786616383857","12","2"
"3.9343163788608284","13.5","2"
"3.8098933521007456","15","2"
"3.699068930197721","16.5","2"
"3.710808051291836","18","2"
"3.8031108804002085","19.5","2"
"3.8716929801652107","21","2"
"3.798052934958532","22.5","2"
"3.4402584623461294","24","2"
"3.0462093549188523","25.5","2"
"2.673222033492393","27","2"
"2.5159814247494596","28.5","2"
"2.554114867496453","30","2"
"2.666559870328982","31.5","2"
"2.7709652395840325","33","2"
"2.7924135089683655","34.5","2"
"2.718053170939669","36","2"
"2.610416146070124","37.5","2"
"2.5172685079206083","39","2"
"2.5296722869303245","40.5","2"
"2.662163933521649","42","2"
"2.845503546977235","43.5","2"
"2.9846883689066956","45","2"
"2.984833300175514","46.5","2"
"2.8603008736834847","48","2"
"2.742180331196026","49.5","2"
"2.7125208483127428","51","2"
"2.7610164092600056","52.5","2"
"2.8414791329063127","54","2"
"2.9059916249789333","55.5","2"
"2.92776279499659","57","2"
"2.907125517357342","58.5","2"
"2.870739665200161","60","2"
"2.8501541264654806","61.5","2"
"2.853549569997747","63","2"
"2.8751982497172413","64.5","2"
"2.916240291605332","66","2"
"2.993783507305362","67.5","2"
"3.133553976232907","69","2"
"3.319558143273709","70.5","2"
"3.417670378660576","72","2"
"3.344696082250017","73.5","2"
"3.219321495998103","75","2"
"3.1596035796421025","76.5","2"
"3.0937814075876036","78","2"
"3.067451915405508","79.5","2"
"3.2134257543186138","81","2"
"3.1631891480646463","82.5","2"
"3.0176513496785864","84","2"
"3.121468890174517","85.5","2"
"3.4999302500402267","87","2"
"3.781959330516768","88.5","2"
"3.6911295017878234","90","2"
"3.43037072133111","91.5","2"
"3.266766071486324","93","2"
"3.348423153459751","94.5","2"
"3.494393252211081","96","2"
"3.5326772364695564","97.5","2"
"3.479300452724531","99","2"
"3.469449801647123","100.5","2"
"3.5358975157586494","102","2"
"3.612631298114334","103.5","2"
"3.630497427557751","105","2"
"3.592112770611473","106.5","2"
"3.5592835006230725","108","2"
"3.5962730772269214","109.5","2"
"3.687562634174159","111","2"
"3.7240145625227155","112.5","2"
"3.6728129945305525","114","2"
"3.5203300274067018","115.5","2"
"3.398042321340539","117","2"
"3.327789304302131","118.5","2"
"3.3715211458674257","120","2"
"3.260115128808241","121.5","2"
"2.829130988803014","123","2"
"2.343223975678628","124.5","2"
"2.2511857630159042","126","2"
"2.4808260858165663","127.5","2"
"2.7027546625554417","129","2"
"2.9197233172591854","130.5","2"
"3.1478619651068036","132","2"
"3.2270477351867717","133.5","2"
"3.0687453880196904","135","2"
"2.8802431045927017","136.5","2"
"2.861613982146991","138","2"
"2.9337857021764613","139.5","2"
"2.9812143819771344","141","2"
"2.995346894927709","142.5","2"
"3.0232575405005875","144","2"
"3.0484989572860295","145.5","2"
"3.0041178859724598","147","2"
"2.9521957134781305","148.5","2"
"2.954710348912161","150","2"
"3.013424966871763","151.5","2"
"3.1031209032222984","153","2"
"3.159951414687266","154.5","2"
"3.139981755925025","156","2"
"3.0691060019509218","157.5","2"
"3.007212246481762","159","2"
"3.0079256823405247","160.5","2"
"3.1255250956205347","162","2"
"3.414054265583528","163.5","2"
"3.794050961858266","165","2"
"3.9514734359675545","166.5","2"
"3.6553613996839704","168","2"
"3.3157434899423883","169.5","2"
"3.3249252754221974","171","2"
"3.4629674779291055","172.5","2"
"3.4600009062804813","174","2"
"3.325126932477951","175.5","2"
"3.338577800944859","177","2"
"3.6045447566745823","178.5","2"
"3.834471201851105","180","2"
"3.6941091640026635","181.5","2"
"3.31379611237771","183","2"
"3.2559856785274444","184.5","2"
"3.6799716641697207","186","2"
"4.149828240552839","187.5","2"
"4.174540424446985","189","2"
"3.7779922655930767","190.5","2"
"3.3204380163315013","192","2"
"3.1029501025011967","193.5","2"
"3.201832499533761","195","2"
"3.1753446738364834","196.5","2"
"2.9310625527234215","198","2"
"2.5869488126870737","199.5","2"
"2.4624441257282164","201","2"
"2.5401346102981743","202.5","2"
"2.6588987722912445","204","2"
"2.8200018772682163","205.5","2"
"2.976438507069394","207","2"
"3.0115386786160925","208.5","2"
"2.9054365226353527","210","2"
"2.797523816674905","211.5","2"
"2.802464882061083","213","2"
"2.874336454108033","214.5","2"
"2.9392718961414834","216","2"
"2.984583021016673","217.5","2"
"3.0145731965369795","219","2"
"3.0262225537484717","220.5","2"
"3.020894069938335","222","2"
"3.0180191322532215","223.5","2"
"3.01990884899052","225","2"
"3.0170607157981344","226.5","2"
"3.0160041200964285","228","2"
"3.0181581415992276","229.5","2"
"3.0437134202937015","231","2"
"3.1708701936318557","232.5","2"
"3.346454581645009","234","2"
"3.537351191968902","235.5","2"
"3.771979020497793","237","2"
"3.792979093829308","238.5","2"
"3.4575143220597706","240","2"
"3.195960757225668","241.5","2"
"3.2900180338871086","243","2"
"3.523617317927614","244.5","2"
"3.627980610362685","246","2"
"3.453815302063356","247.5","2"
"3.2638051100803636","249","2"
"3.35458319990474","250.5","2"
"3.6158886673410384","252","2"
"3.777220545546639","253.5","2"
"3.6447437037623445","255","2"
"3.3688980457418927","256.5","2"
"3.3105533921179617","258","2"
"3.544988602315392","259.5","2"
"3.905131273162795","261","2"
"4.050260147194685","262.5","2"
"3.8302239364743658","264","2"
"3.4357191526707185","265.5","2"
"3.130271984274511","267","2"
"3.136373434851677","268.5","2"
"3.123343334584564","270","2"
"2.9543198136867224","271.5","2"
"2.656922096792655","273","2"
"2.515433335209209","274.5","2"
"2.5906835200604337","276","2"
"2.668797422111444","277.5","2"
"2.8163969846764965","279","2"
"3.0076501570896963","280.5","2"
"3.066849125999284","282","2"
"2.9583320722318724","283.5","2"
"2.8348384756731138","285","2"
"2.824734428635385","286.5","2"
"2.889577925025177","288","2"
"2.9556369739921524","289.5","2"
"3.0303442120255686","291","2"
"3.152899963019008","292.5","2"
"3.3818383821263835","294","2"
"3.6843825616241577","295.5","2"
"3.7650023720650547","297","2"
"3.522575059512716","298.5","2"
"3.3676425981057654","300","2"
"3.6117012445527146","1.5","3"
"3.375005729922019","3","3"
"3.5235739943870423","4.5","3"
"3.5453626184929865","6","3"
"3.457784237067935","7.5","3"
"3.356327985373221","9","3"
"3.3637727773882493","10.5","3"
"3.4723702446338436","12","3"
"3.5509831466017956","13.5","3"
"3.5516950240598177","15","3"
"3.527689730741327","16.5","3"
"3.553764891922658","18","3"
"3.6330943465508523","19.5","3"
"3.6883589769522884","21","3"
"3.6734164072970725","22.5","3"
"3.6134267058520195","24","3"
"3.543143767519404","25.5","3"
"3.425056574807781","27","3"
"3.216992621932278","28.5","3"
"3.353482345622019","30","3"
"3.625346601431972","31.5","3"
"3.318077974250877","33","3"
"2.837427290982367","34.5","3"
"2.603283969243535","36","3"
"2.428632907433555","37.5","3"
"2.3357347692425106","39","3"
"2.4721291188069645","40.5","3"
"2.807814560121283","42","3"
"3.123761609343174","43.5","3"
"3.3091801293858922","45","3"
"3.331900365454196","46.5","3"
"3.200015404270945","48","3"
"2.9865431774674187","49.5","3"
"2.808004061651265","51","3"
"2.76307318655663","52.5","3"
"2.8862541679269493","54","3"
"3.0390843467356676","55.5","3"
"3.0823069029391372","57","3"
"3.050921335396253","58.5","3"
"3.0012794148646615","60","3"
"2.9565283792154204","61.5","3"
"2.9449824998130634","63","3"
"2.9870437357851003","64.5","3"
"3.088713800061339","66","3"
"3.2689799355775384","67.5","3"
"3.5550187811580454","69","3"
"3.8175167368405756","70.5","3"
"3.743232760448138","72","3"
"3.4351618685661016","73.5","3"
"3.36176337547412","75","3"
"3.6460194106080914","76.5","3"
"4.003928893195105","78","3"
"3.9944457130121833","79.5","3"
"3.676071922157997","81","3"
"3.4007598605509144","82.5","3"
"3.3565227854657183","84","3"
"3.4931281424903657","85.5","3"
"3.6763259414786136","87","3"
"3.699453855180496","88.5","3"
"3.5228895447820436","90","3"
"3.3181247262730764","91.5","3"
"3.1531483720969606","93","3"
"3.0407942240275725","94.5","3"
"2.962412277049286","96","3"
"2.8492567993194005","97.5","3"
"2.7412427973108544","99","3"
"2.760171756058937","100.5","3"
"2.8784761898337132","102","3"
"2.8784213341276663","103.5","3"
"2.730127036512731","105","3"
"2.650443201556266","106.5","3"
"2.6548918123086103","108","3"
"2.6745114542646515","109.5","3"
"2.705618379755227","111","3"
"2.7361399699278666","112.5","3"
"2.747760652565743","114","3"
"2.757705742727994","115.5","3"
"2.7985374005161874","117","3"
"2.8662115760100777","118.5","3"
"2.924361117861363","120","3"
"2.944399969616459","121.5","3"
"2.920242888065894","123","3"
"2.862753484768064","124.5","3"
"2.7844666002349157","126","3"
"2.7049470207164443","127.5","3"
"2.6713740818949256","129","3"
"2.705797907520473","130.5","3"
"2.779511509242078","132","3"
"2.8543200433235927","133.5","3"
"2.9161857475794326","135","3"
"2.9574272647622406","136.5","3"
"2.966507130833655","138","3"
"2.93670489844259","139.5","3"
"2.8903642940385703","141","3"
"2.8595802691813184","142.5","3"
"2.8558382373244804","144","3"
"2.875368738758195","145.5","3"
"2.909359952338324","147","3"
"2.9431491971825516","148.5","3"
"2.9590779228260264","150","3"
"2.9484814211544643","151.5","3"
"2.920281848084394","153","3"
"2.892229388044177","154.5","3"
"2.8778749588282295","156","3"
"2.8810911862753983","157.5","3"
"2.8976675832664087","159","3"
"2.9188275485138453","160.5","3"
"2.9352449886293774","162","3"
"2.9421100555691337","163.5","3"
"2.9414714229458903","165","3"
"2.940140860394096","166.5","3"
"2.9450485760044383","168","3"
"2.9593640452018866","169.5","3"
"2.981753276953019","171","3"
"3.0081650526941854","172.5","3"
"3.0320865040528653","174","3"
"3.045830663539037","175.5","3"
"3.0447762495983675","177","3"
"3.031814095603517","178.5","3"
"3.018729762990652","180","3"
"3.0196641800743436","181.5","3"
"3.035539296732363","183","3"
"3.060851153231252","184.5","3"
"3.105029009088329","186","3"
"3.188683337450113","187.5","3"
"3.2955902515729782","189","3"
"3.3464421144390895","190.5","3"
"3.315090520032337","192","3"
"3.240957708511677","193.5","3"
"3.1554831680855977","195","3"
"3.059426463274763","196.5","3"
"2.9477262201558703","198","3"
"2.8249192549631466","199.5","3"
"2.704749415502615","201","3"
"2.6225250756598357","202.5","3"
"2.6096064010456304","204","3"
"2.6472304025907247","205.5","3"
"2.6891657197829715","207","3"
"2.7266683219104215","208.5","3"
"2.7853249673624965","210","3"
"2.8544917790851385","211.5","3"
"2.881796206770165","213","3"
"2.8370046527016846","214.5","3"
"2.783559922684396","216","3"
"2.7974253257481383","217.5","3"
"2.9105677129118077","219","3"
"3.203117868464096","220.5","3"
"3.3854710142512747","222","3"
"3.111754131641635","223.5","3"
"3.0193026311026685","225","3"
"3.0650990419682875","226.5","3"
"2.9284715556531324","228","3"
"2.7626044196140445","229.5","3"
"2.6698234731586465","231","3"
"2.6437040533963","232.5","3"
"2.6205169204662986","234","3"
"2.669013416454005","235.5","3"
"2.843848525391377","237","3"
"3.0008670620288633","238.5","3"
"3.096412611396984","240","3"
"3.1171530551652187","241.5","3"
"3.0226214013185277","243","3"
"2.8700293461428785","244.5","3"
"2.7450586973627673","246","3"
"2.691317247844587","247.5","3"
"2.7134543303559906","249","3"
"2.797984791613791","250.5","3"
"2.928628019087426","252","3"
"3.0089610837921668","253.5","3"
"2.9715273629774237","255","3"
"2.8861584821215147","256.5","3"
"2.820707521123279","258","3"
"2.7972152533283894","259.5","3"
"2.815677003534626","261","3"
"2.8603133408894044","262.5","3"
"2.9055169361135356","264","3"
"2.927519684481153","265.5","3"
"2.9153747558343475","267","3"
"2.878504241047033","268.5","3"
"2.8413500973250425","270","3"
"2.8258505552453577","271.5","3"
"2.836077715941545","273","3"
"2.859777251034852","274.5","3"
"2.8822649737127506","276","3"
"2.8957744380474817","277.5","3"
"2.8986936343136107","279","3"
"2.893079028127614","280.5","3"
"2.883659430694884","282","3"
"2.875867426994988","283.5","3"
"2.873198821567848","285","3"
"2.87576768934763","286.5","3"
"2.880971812778716","288","3"
"2.885682858215673","289.5","3"
"2.888140767862768","291","3"
"2.8884699020990516","292.5","3"
"2.8878976573473314","294","3"
"2.8877499209571815","295.5","3"
"2.8887865691294152","297","3"
"2.8910069785037376","298.5","3"
"2.893828930563692","300","3"
"3.767811233558793","1.5","4"
"3.845049626074083","3","4"
"4.051289938403662","4.5","4"
"3.6214699237512","6","4"
"3.183085873672256","7.5","4"
"3.059365062285608","9","4"
"3.128705791530832","10.5","4"
"3.1894737583054305","12","4"
"3.2653946788351425","13.5","4"
"3.460779794970323","15","4"
"3.7333899013744296","16.5","4"
"3.951437592750535","18","4"
"3.9842085785512604","19.5","4"
"3.841461252530207","21","4"
"3.710962644645242","22.5","4"
"3.6985986048543955","24","4"
"3.7502212527265004","25.5","4"
"3.805170462818165","27","4"
"3.831741818795105","28.5","4"
"3.82647224253294","30","4"
"3.8025579598176638","31.5","4"
"3.7934017321099907","33","4"
"3.820194692672156","34.5","4"
"3.8566777890355115","36","4"
"3.864835081868858","37.5","4"
"3.830850413571837","39","4"
"3.762514229443604","40.5","4"
"3.6351829152225723","42","4"
"3.363930487543135","43.5","4"
"3.0586129780884943","45","4"
"2.9640785191204717","46.5","4"
"3.070054756321421","48","4"
"3.146758929063046","49.5","4"
"2.8210179545506824","51","4"
"2.622024517342154","52.5","4"
"2.6896107990343094","54","4"
"2.6934815547922697","55.5","4"
"2.572426387871356","57","4"
"2.4701033536850656","58.5","4"
"2.434477066048551","60","4"
"2.436302576675362","61.5","4"
"2.5219798650377134","63","4"
"2.688530203961208","64.5","4"
"2.8442636833485073","66","4"
"2.887262453205716","67.5","4"
"2.799012712741881","69","4"
"2.706978551921081","70.5","4"
"2.7409286237216746","72","4"
"2.877851271136982","73.5","4"
"2.943350542558157","75","4"
"2.8706442910748744","76.5","4"
"2.7486249416161357","78","4"
"2.6819366104303564","79.5","4"
"2.697648095010678","81","4"
"2.7699840704781415","82.5","4"
"2.8469385223786077","84","4"
"2.8800944331621077","85.5","4"
"2.881425930754346","87","4"
"2.886702987340063","88.5","4"
"2.9028146692304118","90","4"
"2.8985664688132284","91.5","4"
"2.8765923950192267","93","4"
"2.8707714565752567","94.5","4"
"2.883156690616167","96","4"
"2.8988519678287927","97.5","4"
"2.9110349214536537","99","4"
"2.916254940572288","100.5","4"
"2.9115644660250983","102","4"
"2.900046949516209","103.5","4"
"2.889493771385218","105","4"
"2.885313828920446","106.5","4"
"2.888445902727656","108","4"
"2.8963205016667706","109.5","4"
"2.9042580599957803","111","4"
"2.9080639862829574","112.5","4"
"2.9062581115054695","114","4"
"2.9003558245428724","115.5","4"
"2.89412939022636","117","4"
"2.8908698392386194","118.5","4"
"2.891662441854973","120","4"
"2.895567170749065","121.5","4"
"2.9006634528489443","123","4"
"2.905045364049618","124.5","4"
"2.9076055047852556","126","4"
"2.908754669490916","127.5","4"
"2.910119828539138","129","4"
"2.913398703696054","130.5","4"
"2.9194717913797525","132","4"
"2.9281648623875043","133.5","4"
"2.9385497332385775","135","4"
"2.949556094304754","136.5","4"
"2.9605739875364065","138","4"
"2.9717056440220775","139.5","4"
"2.9836121373556663","141","4"
"2.996770026483458","142.5","4"
"3.011111053453042","144","4"
"3.025516909893409","145.5","4"
"3.0370157255934194","147","4"
"3.04248041362823","148.5","4"
"3.041224342631807","150","4"
"3.0359457276453496","151.5","4"
"3.0332655900527334","153","4"
"3.0431181112110295","154.5","4"
"3.0650815878799995","156","4"
"3.095233525397116","157.5","4"
"3.15290432654108","159","4"
"3.280524568259304","160.5","4"
"3.4550333480817237","162","4"
"3.5363304394842157","163.5","4"
"3.5056452172338783","165","4"
"3.491918823516142","166.5","4"
"3.553941614566572","168","4"
"3.6988925192339557","169.5","4"
"3.9489575538129325","171","4"
"4.214418340982311","172.5","4"
"4.184035448475529","174","4"
"3.9349718422120636","175.5","4"
"3.8647291106185397","177","4"
"4.043621360042373","178.5","4"
"4.218492623876912","180","4"
"4.174426972873114","181.5","4"
"3.9731165054443847","183","4"
"3.828105758188586","184.5","4"
"3.7697349234322233","186","4"
"3.6885434915999022","187.5","4"
"3.5497940868371916","189","4"
"3.3964960761263314","190.5","4"
"3.2700334144777643","192","4"
"3.1796050297794385","193.5","4"
"3.1441903729634126","195","4"
"3.0982761470018514","196.5","4"
"2.942012188002663","198","4"
"2.7661977800402884","199.5","4"
"2.6262689775975616","201","4"
"2.52419107984767","202.5","4"
"2.610937119437499","204","4"
"2.8839153200963885","205.5","4"
"3.076753386062147","207","4"
"3.070554691278806","208.5","4"
"3.0320646864425056","210","4"
"3.010818074113926","211.5","4"
"2.942155560870741","213","4"
"2.834677960396896","214.5","4"
"2.7405019335990684","216","4"
"2.713256413462013","217.5","4"
"2.7551992109778114","219","4"
"2.8238642176621807","220.5","4"
"2.88246569572806","222","4"
"2.912034168008128","223.5","4"
"2.910990662872638","225","4"
"2.890840541304708","226.5","4"
"2.8663396765509037","228","4"
"2.848424613324252","229.5","4"
"2.8393238646829215","231","4"
"2.830696869866545","232.5","4"
"2.8119580360087397","234","4"
"2.7799191868756568","235.5","4"
"2.7436128131562145","237","4"
"2.720948056154254","238.5","4"
"2.724304227987873","240","4"
"2.755184250330708","241.5","4"
"2.7941224512198266","243","4"
"2.8162423913230903","244.5","4"
"2.81716465288101","246","4"
"2.82029672668822","247.5","4"
"2.8483878350667884","249","4"
"2.895597092043272","250.5","4"
"2.929540930240906","252","4"
"2.9295736566564456","253.5","4"
"2.9102388903556724","255","4"
"2.8951270783800944","256.5","4"
"2.8881856498040794","258","4"
"2.8849809545223866","259.5","4"
"2.8908498917091476","261","4"
"2.906900172610341","262.5","4"
"2.9245671384391887","264","4"
"2.933843674683988","265.5","4"
"2.9296512650132964","267","4"
"2.9163366007710625","268.5","4"
"2.902561273270091","270","4"
"2.8948633969748903","271.5","4"
"2.895272944689357","273","4"
"2.9026884387704732","274.5","4"
"2.913748097141957","276","4"
"2.924003309051464","277.5","4"
"2.930672640858279","279","4"
"2.934326778913382","280.5","4"
"2.9380893816599873","282","4"
"2.94550861590288","283.5","4"
"2.9586259866114326","285","4"
"2.9773133932448186","286.5","4"
"2.999842569382401","288","4"
"3.022854538069229","289.5","4"
"3.039446830747787","291","4"
"3.042405298712563","292.5","4"
"3.032800251591776","294","4"
"3.0186936080934847","295.5","4"
"3.015737010209596","297","4"
"3.029731448854609","298.5","4"
"3.0537950263607745","300","4"
"3.6405550342534285","1.5","5"
"3.507211098297409","3","5"
"3.7310931303638486","4.5","5"
"3.739500702356036","6","5"
"3.6266643850976985","7.5","5"
"3.5359430210602567","9","5"
"3.5993746063796275","10.5","5"
"3.747739032027862","12","5"
"3.8327158192575923","13.5","5"
"3.828995605011114","15","5"
"3.828260039861844","16.5","5"
"3.9083094756319086","18","5"
"4.0369398727097865","19.5","5"
"4.12109974627162","21","5"
"4.081889136933153","22.5","5"
"3.917658321671043","24","5"
"3.6894775970034455","25.5","5"
"3.4050005806445456","27","5"
"3.404608798698515","28.5","5"
"3.6062449718818996","30","5"
"3.3438872722659676","31.5","5"
"2.868635200840893","33","5"
"2.630179940094613","34.5","5"
"2.4990113757315306","36","5"
"2.447530698166838","37.5","5"
"2.53029969906824","39","5"
"2.7678347241775625","40.5","5"
"3.0439537256878064","42","5"
"3.196399602874046","43.5","5"
"3.1859804472066933","45","5"
"3.126857839933365","46.5","5"
"3.036802224692042","48","5"
"2.9209762714541285","49.5","5"
"2.864253601320368","51","5"
"2.9173713788624087","52.5","5"
"3.01870825706044","54","5"
"3.071464485630806","55.5","5"
"3.0793584087390964","57","5"
"3.0842645659486987","58.5","5"
"3.119512162205399","60","5"
"3.197425965601396","61.5","5"
"3.328015895769724","63","5"
"3.527005904496624","64.5","5"
"3.7409506384045126","66","5"
"3.7879311221523677","67.5","5"
"3.5952118063229954","69","5"
"3.454595749153938","70.5","5"
"3.5588013314341227","72","5"
"3.683014285774456","73.5","5"
"3.5974496697856053","75","5"
"3.1984404844831227","76.5","5"
"2.7989232605394063","78","5"
"2.787607712766418","79.5","5"
"3.0375340496795364","81","5"
"3.169332363781644","82.5","5"
"2.918020608610684","84","5"
"2.7847315283607124","85.5","5"
"3.5407550508651644","87","5"
"3.891748039288002","88.5","5"
"2.962357733023387","90","5"
"2.4111252101603333","91.5","5"
"2.2715624760514275","93","5"
"2.402925528826859","94.5","5"
"2.647673300081027","96","5"
"2.89262397511154","97.5","5"
"2.9496776495624726","99","5"
"2.7598828285617447","100.5","5"
"2.5294335399369596","102","5"
"2.4501785768641366","103.5","5"
"2.5162840661731636","105","5"
"2.6731759048304897","106.5","5"
"2.9165616338379157","108","5"
"3.128174376878499","109.5","5"
"3.0990809051439765","111","5"
"2.8764440352687806","112.5","5"
"2.693539527299797","114","5"
"2.7129310193875056","115.5","5"
"2.804173512632396","117","5"
"2.7064259430186843","118.5","5"
"2.553234994438661","120","5"
"2.526791739002547","121.5","5"
"2.6302241986756285","123","5"
"2.750021580359305","124.5","5"
"2.8403446171676077","126","5"
"2.884941059463443","127.5","5"
"2.8568895344636704","129","5"
"2.800995933523579","130.5","5"
"2.786931678525415","132","5"
"2.8258845283814895","133.5","5"
"2.860871248354317","135","5"
"2.853930754818746","136.5","5"
"2.8477993829473722","138","5"
"2.878113082461298","139.5","5"
"2.9180894899233913","141","5"
"2.9261383180652354","142.5","5"
"2.901139076754786","144","5"
"2.873363077005842","145.5","5"
"2.860344508904204","147","5"
"2.866258016352129","148.5","5"
"2.8882651282418186","150","5"
"2.916176397174993","151.5","5"
"2.9360578504553505","153","5"
"2.9386167444703966","154.5","5"
"2.9247413676419183","156","5"
"2.903637193140973","157.5","5"
"2.8854441112223084","159","5"
"2.8768436092185112","160.5","5"
"2.879583277719395","162","5"
"2.8908514501098876","163.5","5"
"2.9040077808369396","165","5"
"2.9126011141973325","166.5","5"
"2.9138213419767363","168","5"
"2.909683788012092","169.5","5"
"2.9047467744678377","171","5"
"2.903218606702214","172.5","5"
"2.9072688902254202","174","5"
"2.916293277230491","175.5","5"
"2.9278784283314963","177","5"
"2.939848192735128","178.5","5"
"2.951719777892141","180","5"
"2.9648181361116657","181.5","5"
"2.981033919171445","183","5"
"2.999299310884444","184.5","5"
"3.0149864844132224","186","5"
"3.024490547166059","187.5","5"
"3.0283242129864076","189","5"
"3.0287985901716574","190.5","5"
"3.027182528604299","192","5"
"3.023972846440238","193.5","5"
"3.024486183643987","195","5"
"3.037392858572494","196.5","5"
"3.0609730201691185","198","5"
"3.0913820938083316","199.5","5"
"3.15035228948929","201","5"
"3.2866194735533623","202.5","5"
"3.483229180990018","204","5"
"3.582449127622862","205.5","5"
"3.545166883360045","207","5"
"3.5177892108402395","208.5","5"
"3.5879580742386885","210","5"
"3.768414022965017","211.5","5"
"4.048042854621842","213","5"
"4.226477557588417","214.5","5"
"4.075125677721643","216","5"
"3.859617556191408","217.5","5"
"3.891245922569581","219","5"
"4.097815680815592","220.5","5"
"4.205167050829498","222","5"
"4.102053284107743","223.5","5"
"3.9172038920152654","225","5"
"3.814129708672305","226.5","5"
"3.783455706907296","228","5"
"3.7207278953620992","229.5","5"
"3.5990420436617163","231","5"
"3.4656709915328214","232.5","5"
"3.3030450173527424","234","5"
"3.1679809186599344","235.5","5"
"3.165450075858208","237","5"
"3.1237454019754782","238.5","5"
"2.9151145029107712","240","5"
"2.723735100037633","241.5","5"
"2.6151254772662664","243","5"
"2.5219848519200814","244.5","5"
"2.5896065093090344","246","5"
"2.8698713243078444","247.5","5"
"3.0900371939697298","249","5"
"3.101422246415721","250.5","5"
"3.0496072918923027","252","5"
"2.98810594172947","253.5","5"
"2.8880824836750927","255","5"
"2.7867493456388375","256.5","5"
"2.7146524288448863","258","5"
"2.704120133283811","259.5","5"
"2.754172536570313","261","5"
"2.8253397114827927","262.5","5"
"2.882531771919435","264","5"
"2.905048792531246","265.5","5"
"2.8925139520192977","267","5"
"2.861765770379065","268.5","5"
"2.8340477431376483","270","5"
"2.82328885610898","271.5","5"
"2.8248996191138227","273","5"
"2.823731441919134","274.5","5"
"2.807386623278085","276","5"
"2.77744912170279","277.5","5"
"2.748380584380107","279","5"
"2.7355655434151105","280.5","5"
"2.7476914595728883","282","5"
"2.774305515730104","283.5","5"
"2.7967318374188475","285","5"
"2.808505866689538","286.5","5"
"2.823277012263356","288","5"
"2.857511336358922","289.5","5"
"2.9060520909276444","291","5"
"2.939481968561233","292.5","5"
"2.93624766366548","294","5"
"2.9098168754352858","295.5","5"
"2.8882785304881824","297","5"
"2.8792064564204676","298.5","5"
"2.8794268142851007","300","5"
"3.6108135794912224","1.5","6"
"3.36103560232855","3","6"
"3.4050728904388805","4.5","6"
"3.3785567018481353","6","6"
"3.3039351758554183","7.5","6"
"3.205204878735076","9","6"
"3.200492898257675","10.5","6"
"3.3126946347346933","12","6"
"3.395776094984461","13.5","6"
"3.382243566318778","15","6"
"3.304251531205634","16.5","6"
"3.242472474030937","18","6"
"3.2276371223466316","19.5","6"
"3.2390732903368944","21","6"
"3.2531500125409782","22.5","6"
"3.2676288021359765","24","6"
"3.285518930950789","25.5","6"
"3.30173284392968","27","6"
"3.3132930606188453","28.5","6"
"3.3291021010854895","30","6"
"3.3578371406498166","31.5","6"
"3.400409532064567","33","6"
"3.444323394836291","34.5","6"
"3.4669479450991605","36","6"
"3.4486379831249976","37.5","6"
"3.3771949712815417","39","6"
"3.246083600225617","40.5","6"
"3.0600261358795073","42","6"
"2.8792943502222026","43.5","6"
"2.8096852643695542","45","6"
"2.819576122186054","46.5","6"
"2.7209231217424144","48","6"
"2.515280144416469","49.5","6"
"2.523520032489035","51","6"
"2.7097983222199993","52.5","6"
"2.8775972518163653","54","6"
"2.98227876968254","55.5","6"
"3.1041425907474287","57","6"
"3.182265531522731","58.5","6"
"3.133496627085676","60","6"
"2.990194198721042","61.5","6"
"2.8508563418389152","63","6"
"2.77114289726839","64.5","6"
"2.7878530050428907","66","6"
"2.9088132653587393","67.5","6"
"3.023909575370195","69","6"
"3.0403771959895542","70.5","6"
"2.997801064413028","72","6"
"2.9507283233413664","73.5","6"
"2.929973853966472","75","6"
"2.941432774607539","76.5","6"
"2.9761012691492628","78","6"
"3.0084424480259018","79.5","6"
"3.0201750238369085","81","6"
"3.017750152285501","82.5","6"
"2.9899975285476565","84","6"
"3.008874436711024","85.5","6"
"3.1167837141898436","87","6"
"3.1170969527385792","88.5","6"
"3.0367199411329713","90","6"
"3.01098077115118","91.5","6"
"3.0748783182918045","93","6"
"3.169645290650232","94.5","6"
"3.19475673681396","96","6"
"3.1506412169864824","97.5","6"
"3.0655463029806613","99","6"
"2.975044050087261","100.5","6"
"2.94389598281715","102","6"
"3.0450131265108444","103.5","6"
"3.2833767532936133","105","6"
"3.5115496859575113","106.5","6"
"3.653898373069278","108","6"
"3.7225845740037102","109.5","6"
"3.7620208397693267","111","6"
"3.6868769378485684","112.5","6"
"3.513647293353523","114","6"
"3.446812784178334","115.5","6"
"3.3069114095886305","117","6"
"3.1178908020755247","118.5","6"
"3.1914170840281844","120","6"
"3.5906475622357443","121.5","6"
"4.000255430970825","123","6"
"4.002771936485744","124.5","6"
"3.492439952723591","126","6"
"3.103001218045468","127.5","6"
"3.458902545438944","129","6"
"4.1378142175681925","130.5","6"
"4.348941986298494","132","6"
"3.906169168055621","133.5","6"
"3.4097156779234266","135","6"
"3.2915895251933036","136.5","6"
"3.4375508969004898","138","6"
"3.6152503463979433","139.5","6"
"3.7161034970062854","141","6"
"3.6570316935970797","142.5","6"
"3.495280917272573","144","6"
"3.216045114282371","145.5","6"
"2.730746033286651","147","6"
"2.321508908087611","148.5","6"
"2.3045728322058134","150","6"
"2.4604113478029874","151.5","6"
"2.627410350299522","153","6"
"2.842064468224249","154.5","6"
"3.0506364597409847","156","6"
"3.0831599715042017","157.5","6"
"2.901087649530367","159","6"
"2.7171081567309456","160.5","6"
"2.6957365606630197","162","6"
"2.767421747981468","163.5","6"
"2.8639032728340204","165","6"
"2.9672271119755256","166.5","6"
"3.0434085971089617","168","6"
"3.038704096955113","169.5","6"
"2.9534760955260975","171","6"
"2.8668885452915247","172.5","6"
"2.843515027633021","174","6"
"2.8861672091656585","175.5","6"
"2.961651777488176","177","6"
"3.036432883716667","178.5","6"
"3.089931222719411","180","6"
"3.1199812408281327","181.5","6"
"3.1412075939470925","183","6"
"3.182848685079631","184.5","6"
"3.2845826437862096","186","6"
"3.4380891685160786","187.5","6"
"3.5564908464970295","189","6"
"3.5529707309055647","190.5","6"
"3.4637410680564313","192","6"
"3.4606541878706807","193.5","6"
"3.707436295450817","195","6"
"4.0743673599215695","196.5","6"
"4.1509851972622","198","6"
"3.954737350477367","199.5","6"
"3.7583723119568875","201","6"
"3.7840597430341116","202.5","6"
"3.842211154966285","204","6"
"3.7210694968043025","205.5","6"
"3.48250421296578","207","6"
"3.3013326466196533","208.5","6"
"3.248064015885982","210","6"
"3.295986708721229","211.5","6"
"3.3319118976196718","213","6"
"3.249581274846426","214.5","6"
"3.0846507376520655","216","6"
"2.890990771136042","217.5","6"
"2.841060234787406","219","6"
"2.9982302479768186","220.5","6"
"2.986912206762646","222","6"
"2.8237389222426863","223.5","6"
"2.618083010190599","225","6"
"2.459998527446967","226.5","6"
"2.456120758885677","228","6"
"2.6088705242162122","229.5","6"
"2.8389408097810347","231","6"
"3.0174774321560047","232.5","6"
"3.037275043476552","234","6"
"2.9320459035903483","235.5","6"
"2.8294467207929337","237","6"
"2.826825802428437","238.5","6"
"2.958758138994183","240","6"
"3.0571016410508625","241.5","6"
"2.9650674802300623","243","6"
"2.7884576645300023","244.5","6"
"2.6721984758863746","246","6"
"2.6477078965774545","247.5","6"
"2.666556753527502","249","6"
"2.6993280510083757","250.5","6"
"2.740005115443163","252","6"
"2.7797384123898192","253.5","6"
"2.8060797484175386","255","6"
"2.8147578587781865","256.5","6"
"2.817341687205072","258","6"
"2.820981799653515","259.5","6"
"2.825324439155541","261","6"
"2.8333542548083575","262.5","6"
"2.8452591897412063","264","6"
"2.8647878210940325","265.5","6"
"2.897548209769726","267","6"
"2.928038943607714","268.5","6"
"2.9331480045936615","270","6"
"2.9132715381956715","271.5","6"
"2.889416163028367","273","6"
"2.8743598301191327","274.5","6"
"2.875212898684197","276","6"
"2.8926598183285597","277.5","6"
"2.917720460628164","279","6"
"2.9361329653710175","280.5","6"
"2.93849955273475","282","6"
"2.9266011630850093","283.5","6"
"2.9091626588046426","285","6"
"2.8948475012873423","286.5","6"
"2.8894317470357667","288","6"
"2.8946682852022447","289.5","6"
"2.907419431736902","291","6"
"2.92130104216834","292.5","6"
"2.931099019300737","294","6"
"2.9357692346383066","295.5","6"
"2.9383122329658047","297","6"
"2.9431710147929113","298.5","6"
"2.9536983234716185","300","6"
"3.9519945651750037","1.5","7"
"4.504822890395795","3","7"
"4.6017139629628145","4.5","7"
"4.25419309138865","6","7"
"4.072616340850129","7.5","7"
"4.078184195013926","9","7"
"4.274730319700391","10.5","7"
"4.419062227593855","12","7"
"4.372559861193026","13.5","7"
"4.247167197492528","15","7"
"4.209877472906159","16.5","7"
"4.221228863896168","18","7"
"4.177325286569327","19.5","7"
"4.121164575742403","21","7"
"4.088808124538512","22.5","7"
"4.035650763617676","24","7"
"3.95511791193807","25.5","7"
"3.89729719264292","27","7"
"3.898299867679022","28.5","7"
"3.931266588612689","30","7"
"3.936327339175697","31.5","7"
"3.8872988051753614","33","7"
"3.8153461962899327","34.5","7"
"3.7669428926664765","36","7"
"3.7620476442620543","37.5","7"
"3.789618870153765","39","7"
"3.8208180529681477","40.5","7"
"3.8321494964286837","42","7"
"3.8232111331444596","43.5","7"
"3.814797950909608","45","7"
"3.8153493130914127","46.5","7"
"3.826989943258761","48","7"
"3.841340632312933","49.5","7"
"3.843944719949438","51","7"
"3.827441879473355","52.5","7"
"3.7989262627332163","54","7"
"3.7735212138700764","55.5","7"
"3.7623384418401344","57","7"
"3.7634963335899387","58.5","7"
"3.762906946430079","60","7"
"3.74278612279606","61.5","7"
"3.6969420248677975","63","7"
"3.628423196172839","64.5","7"
"3.528029773782791","66","7"
"3.359038044260045","67.5","7"
"3.0895765307109917","69","7"
"2.764558030781682","70.5","7"
"2.566977128003871","72","7"
"2.5310626920705337","73.5","7"
"2.636234015289284","75","7"
"2.9488604242144274","76.5","7"
"3.283545372253679","78","7"
"3.293281325036625","79.5","7"
"2.882763038589248","81","7"
"2.311029753991769","82.5","7"
"2.164789272712053","84","7"
"2.5636053721628524","85.5","7"
"2.992077370175233","87","7"
"3.256818487882889","88.5","7"
"3.438207606972317","90","7"
"3.3294758055829363","91.5","7"
"2.8535773095309187","93","7"
"2.3908075605128554","94.5","7"
"2.1948221484126345","96","7"
"2.257398171725757","97.5","7"
"2.4633815037733138","99","7"
"2.6991849898204454","100.5","7"
"2.874830778822754","102","7"
"2.9408742437823303","103.5","7"
"2.8992163219218","105","7"
"2.8048832083293824","106.5","7"
"2.7469689849898336","108","7"
"2.8042099792097117","109.5","7"
"2.9463775801554926","111","7"
"2.9809042602298783","112.5","7"
"2.880285181412681","114","7"
"2.822933229060117","115.5","7"
"2.8628572742573466","117","7"
"2.9147816285127113","118.5","7"
"2.9332118990240006","120","7"
"2.9392257674795803","121.5","7"
"2.936032292683215","123","7"
"2.920356651319913","124.5","7"
"2.918031517415864","126","7"
"2.9397359878818494","127.5","7"
"2.9696351527989413","129","7"
"2.992799844758287","130.5","7"
"3.0047396878677115","132","7"
"3.009854047416175","133.5","7"
"3.0093519306977536","135","7"
"3.001767817656571","136.5","7"
"2.988761405080705","138","7"
"2.9787997958706107","139.5","7"
"2.985859662902864","141","7"
"3.003642573746766","142.5","7"
"3.0141514932967413","144","7"
"3.0194363418861587","145.5","7"
"3.0269169771182063","147","7"
"3.044213978611383","148.5","7"
"3.0676884806378366","150","7"
"3.065362100013196","151.5","7"
"3.0210184303173855","153","7"
"2.976531387753497","154.5","7"
"2.9733298092732836","156","7"
"2.995367777497625","157.5","7"
"3.123536576276321","159","7"
"3.428799230024915","160.5","7"
"3.6174417695185017","162","7"
"3.6892447719328927","163.5","7"
"3.71828930988418","165","7"
"3.6917157721462037","166.5","7"
"3.6990025423261983","168","7"
"3.97407367517888","169.5","7"
"4.210301046227286","171","7"
"4.060640342843537","172.5","7"
"3.7721841060351746","174","7"
"3.670391551460773","175.5","7"
"3.7880174575533627","177","7"
"3.9554869412332967","178.5","7"
"4.02804545632643","180","7"
"3.977293954467973","181.5","7"
"3.8837964553523325","183","7"
"3.8312387670362402","184.5","7"
"3.82423593747107","186","7"
"3.8173658836489457","187.5","7"
"3.771228494701419","189","7"
"3.7284092526094565","190.5","7"
"3.7194546819575365","192","7"
"3.696105163670429","193.5","7"
"3.569483545146384","195","7"
"3.3267766555012925","196.5","7"
"3.2045020400013455","198","7"
"3.2041953467357174","199.5","7"
"2.9746083212403627","201","7"
"2.6324065830718952","202.5","7"
"2.4695389009370454","204","7"
"2.4482276149777564","205.5","7"
"2.6115500384485326","207","7"
"2.9589414069212046","208.5","7"
"3.252107130765784","210","7"
"3.2629367691880473","211.5","7"
"3.0825799347487814","213","7"
"2.866113396763459","214.5","7"
"2.718472069058575","216","7"
"2.6925399690651743","217.5","7"
"2.6755431155545177","219","7"
"2.683660825009069","220.5","7"
"2.747625071701365","222","7"
"2.838381343915382","223.5","7"
"2.9130624008163664","225","7"
"2.941019175051148","226.5","7"
"2.9327733650557706","228","7"
"2.9188044841828935","229.5","7"
"2.918332600438828","231","7"
"2.9359646580911","232.5","7"
"2.9638484991712506","234","7"
"2.965456768734909","235.5","7"
"2.9056696593860534","237","7"
"2.802904974430053","238.5","7"
"2.7097649724441637","240","7"
"2.6609084858855216","241.5","7"
"2.6598051381616163","243","7"
"2.6897002512367845","244.5","7"
"2.7333959379049113","246","7"
"2.7803807851748386","247.5","7"
"2.8187620136394886","249","7"
"2.8350603919384865","250.5","7"
"2.831351398177336","252","7"
"2.8229802927624643","253.5","7"
"2.8232477143294448","255","7"
"2.8331694284805957","256.5","7"
"2.8407482429592625","258","7"
"2.8473259408025666","259.5","7"
"2.8733895698184218","261","7"
"2.9141155680364443","262.5","7"
"2.9375454998017347","264","7"
"2.928258366431903","265.5","7"
"2.9027367491934126","267","7"
"2.8806348865387323","268.5","7"
"2.871343701326977","270","7"
"2.8804868384684346","271.5","7"
"2.9042677220803683","273","7"
"2.9294368290714754","274.5","7"
"2.9421995077716083","276","7"
"2.937010344987626","277.5","7"
"2.919256420397488","279","7"
"2.8996408302833703","280.5","7"
"2.886805530108754","282","7"
"2.885213156232643","283.5","7"
"2.8941829992118153","285","7"
"2.908629062391274","286.5","7"
"2.92162456616196","288","7"
"2.9285242295981435","289.5","7"
"2.9296973936752","291","7"
"2.929452724759023","292.5","7"
"2.932893050232601","294","7"
"2.9431554307855117","295.5","7"
"2.960066260575321","297","7"
"2.9810918916789717","298.5","7"
"3.0033218548744784","300","7"
"3.759677940096842","1.5","8"
"3.6626690524338805","3","8"
"3.6764259908061203","4.5","8"
"3.664052288930686","6","8"
"3.6889639481195484","7.5","8"
"3.6592184415154185","9","8"
"3.577094462680294","10.5","8"
"3.6273295105335217","12","8"
"3.8386218463819652","13.5","8"
"4.064813740025201","15","8"
"4.149765904523241","16.5","8"
"4.069401048443404","18","8"
"3.9478894259457507","19.5","8"
"3.918143607661473","21","8"
"3.982076374658821","22.5","8"
"4.03775740973798","24","8"
"4.023627390228588","25.5","8"
"3.9943846237031764","27","8"
"4.018023069487476","28.5","8"
"4.078620547221121","30","8"
"4.113986893614207","31.5","8"
"4.095056688145533","33","8"
"4.048590164961722","34.5","8"
"4.013969045802494","36","8"
"4.001166783723566","37.5","8"
"4.005710456921048","39","8"
"4.027694504479786","40.5","8"
"4.060109239871353","42","8"
"4.086070949478813","43.5","8"
"4.090833422140189","45","8"
"4.073063601862503","46.5","8"
"4.046424611293448","48","8"
"4.026493600869558","49.5","8"
"4.01892756527696","51","8"
"4.019975745614669","52.5","8"
"4.024144779274262","54","8"
"4.030194802627009","55.5","8"
"4.036779980793865","57","8"
"4.040324719117021","58.5","8"
"4.0376651524141725","60","8"
"4.029288748436785","61.5","8"
"4.019050678935418","63","8"
"4.010304622302507","64.5","8"
"4.003687652760556","66","8"
"3.9987939627568734","67.5","8"
"3.9961820831166683","69","8"
"3.9965009319080678","70.5","8"
"3.9985396317561084","72","8"
"3.999326624129798","73.5","8"
"3.9960608395390977","75","8"
"3.9887388495023797","76.5","8"
"3.9798777828948584","78","8"
"3.972359434364903","79.5","8"
"3.967732854248053","81","8"
"3.9655373792855704","82.5","8"
"3.964980406861102","84","8"
"3.9645540284186436","85.5","8"
"3.9637099985778708","87","8"
"3.962036587863281","88.5","8"
"3.9593181136124618","90","8"
"3.955870307815332","91.5","8"
"3.952188741907205","93","8"
"3.9485701353889735","94.5","8"
"3.945293441993093","96","8"
"3.942868258761538","97.5","8"
"3.9413291821907346","99","8"
"3.940557150464149","100.5","8"
"3.9400195022088558","102","8"
"3.938602292575919","103.5","8"
"3.9354814392540365","105","8"
"3.931404662918251","106.5","8"
"3.9274201439062724","108","8"
"3.9239832469143225","109.5","8"
"3.9213651336711575","111","8"
"3.9189723651749935","112.5","8"
"3.9165802200391258","114","8"
"3.914170309134822","115.5","8"
"3.9113467986741277","117","8"
"3.907954471943341","118.5","8"
"3.9043389822265895","120","8"
"3.9007584006864136","121.5","8"
"3.897293452481144","123","8"
"3.8940329664529596","124.5","8"
"3.8910564210395995","126","8"
"3.888330778145376","127.5","8"
"3.885482021592694","129","8"
"3.882022683630088","130.5","8"
"3.8785094250018792","132","8"
"3.874859027108552","133.5","8"
"3.8709577266960884","135","8"
"3.8668999628493306","136.5","8"
"3.8629565856168875","138","8"
"3.858867030395034","139.5","8"
"3.8542837738187554","141","8"
"3.849464263690296","142.5","8"
"3.8445637167233575","144","8"
"3.8396665982380473","145.5","8"
"3.8346896896348497","147","8"
"3.829693768542625","148.5","8"
"3.823698600895925","150","8"
"3.8160381262184835","151.5","8"
"3.8068423151320148","153","8"
"3.79764899748673","154.5","8"
"3.793107194370134","156","8"
"3.795022468879569","157.5","8"
"3.798231216003186","159","8"
"3.7985491297541416","160.5","8"
"3.7957782932384587","162","8"
"3.7920618191537563","163.5","8"
"3.7892940994395534","165","8"
"3.7880392751637224","166.5","8"
"3.788441342554637","168","8"
"3.789871954433938","169.5","8"
"3.7918399028883836","171","8"
"3.793679439121855","172.5","8"
"3.7945474683340232","174","8"
"3.7939552760528312","175.5","8"
"3.7922637878896577","177","8"
"3.790437965582698","178.5","8"
"3.789418771498752","180","8"
"3.789702400433428","181.5","8"
"3.791252385809411","183","8"
"3.793666036875491","184.5","8"
"3.796119894680662","186","8"
"3.797688892545673","187.5","8"
"3.7978783940756546","189","8"
"3.7969224710617513","190.5","8"
"3.795460379487503","192","8"
"3.794253553954463","193.5","8"
"3.7900969875007906","195","8"
"3.778691675845179","196.5","8"
"3.7656712376626538","198","8"
"3.755280756568917","199.5","8"
"3.749666773743216","201","8"
"3.7466238404583327","202.5","8"
"3.741789058002621","204","8"
"3.73337431736703","205.5","8"
"3.7220653148771494","207","8"
"3.709545123332157","208.5","8"
"3.700110565252323","210","8"
"3.6898731191112524","211.5","8"
"3.6627965296144107","213","8"
"3.5773503520817984","214.5","8"
"3.3685483406158414","216","8"
"3.190484225345233","217.5","8"
"3.1899849137481437","219","8"
"3.066981590062182","220.5","8"
"2.836434589711","222","8"
"2.6922338991598425","223.5","8"
"2.815314831202655","225","8"
"2.964043299263748","226.5","8"
"2.81897021597835","228","8"
"2.6325281383296137","229.5","8"
"2.6543650728584973","231","8"
"2.7789492382550938","232.5","8"
"2.955751672286615","234","8"
"3.1346495319531122","235.5","8"
"3.196435446091065","237","8"
"3.0450006593049244","238.5","8"
"2.7514010766943344","240","8"
"2.575327818369049","241.5","8"
"2.61738609337968","243","8"
"2.7264333150788325","244.5","8"
"2.8158824007521552","246","8"
"2.887787010894793","247.5","8"
"2.9211498772965623","249","8"
"2.9151522162086785","250.5","8"
"2.9425002791144244","252","8"
"3.136700699007073","253.5","8"
"3.5583126169620654","255","8"
"3.837245155168268","256.5","8"
"3.583064072554858","258","8"
"3.2870330731097526","259.5","8"
"3.1374964184249063","261","8"
"3.022913133937052","262.5","8"
"2.8680910073024926","264","8"
"2.682243303695984","265.5","8"
"2.6799555714096948","267","8"
"2.9245724370017046","268.5","8"
"3.014844046585588","270","8"
"3.1224737469716555","271.5","8"
"3.317705204793874","273","8"
"3.5540360536514144","274.5","8"
"3.8941856897254774","276","8"
"3.937184459582686","277.5","8"
"3.699098228131633","279","8"
"3.7524578694685187","280.5","8"
"3.979071778032141","282","8"
"4.104305173177012","283.5","8"
"3.9768816016321744","285","8"
"3.827509202385322","286.5","8"
"3.834536966362332","288","8"
"3.958148689697181","289.5","8"
"4.062181912855524","291","8"
"4.062548448709568","292.5","8"
"3.9710519361440606","294","8"
"3.8577836302006006","295.5","8"
"3.7768901645897635","297","8"
"3.7160087462412945","298.5","8"
"3.6685588721905575","300","8"
"3.6108135794912224","1.5","9"
"3.36103560232855","3","9"
"3.4050728904388805","4.5","9"
"3.3785567018481353","6","9"
"3.3039351758554183","7.5","9"
"3.205204878735076","9","9"
"3.200492898257675","10.5","9"
"3.3126946347346933","12","9"
"3.395776094984461","13.5","9"
"3.382243566318778","15","9"
"3.304251531205634","16.5","9"
"3.242472474030937","18","9"
"3.2276371223466316","19.5","9"
"3.2390732903368944","21","9"
"3.2531500125409782","22.5","9"
"3.2676288021359765","24","9"
"3.285518930950789","25.5","9"
"3.30173284392968","27","9"
"3.3132930606188453","28.5","9"
"3.3291021010854895","30","9"
"3.3578371406498166","31.5","9"
"3.400409532064567","33","9"
"3.444323394836291","34.5","9"
"3.4669479450991605","36","9"
"3.4486379831249976","37.5","9"
"3.3771949712815417","39","9"
"3.246083600225617","40.5","9"
"3.0600261358795073","42","9"
"2.8792943502222026","43.5","9"
"2.8096852643695542","45","9"
"2.819576122186054","46.5","9"
"2.7209231217424144","48","9"
"2.515280144416469","49.5","9"
"2.523520032489035","51","9"
"2.7097983222199993","52.5","9"
"2.8775972518163653","54","9"
"2.98227876968254","55.5","9"
"3.1041425907474287","57","9"
"3.182265531522731","58.5","9"
"3.133496627085676","60","9"
"2.990194198721042","61.5","9"
"2.8508563418389152","63","9"
"2.77114289726839","64.5","9"
"2.7878530050428907","66","9"
"2.9088132653587393","67.5","9"
"3.023909575370195","69","9"
"3.0403771959895542","70.5","9"
"2.997801064413028","72","9"
"2.9507283233413664","73.5","9"
"2.929973853966472","75","9"
"2.941432774607539","76.5","9"
"2.9761012691492628","78","9"
"3.0084424480259018","79.5","9"
"3.0201750238369085","81","9"
"3.017750152285501","82.5","9"
"2.9899975285476565","84","9"
"3.008874436711024","85.5","9"
"3.1167837141898436","87","9"
"3.1170969527385792","88.5","9"
"3.0367199411329713","90","9"
"3.01098077115118","91.5","9"
"3.0748783182918045","93","9"
"3.169645290650232","94.5","9"
"3.19475673681396","96","9"
"3.1506412169864824","97.5","9"
"3.0655463029806613","99","9"
"2.975044050087261","100.5","9"
"2.94389598281715","102","9"
"3.0450131265108444","103.5","9"
"3.2833767532936133","105","9"
"3.5115496859575113","106.5","9"
"3.653898373069278","108","9"
"3.7225845740037102","109.5","9"
"3.7620208397693267","111","9"
"3.6868769378485684","112.5","9"
"3.513647293353523","114","9"
"3.446812784178334","115.5","9"
"3.3069114095886305","117","9"
"3.1178908020755247","118.5","9"
"3.1914170840281844","120","9"
"3.5906475622357443","121.5","9"
"4.000255430970825","123","9"
"4.002771936485744","124.5","9"
"3.492439952723591","126","9"
"3.103001218045468","127.5","9"
"3.458902545438944","129","9"
"4.1378142175681925","130.5","9"
"4.348941986298494","132","9"
"3.906169168055621","133.5","9"
"3.4097156779234266","135","9"
"3.2915895251933036","136.5","9"
"3.4375508969004898","138","9"
"3.6152503463979433","139.5","9"
"3.7161034970062854","141","9"
"3.6570316935970797","142.5","9"
"3.495280917272573","144","9"
"3.216045114282371","145.5","9"
"2.730746033286651","147","9"
"2.321508908087611","148.5","9"
"2.3045728322058134","150","9"
"2.4604113478029874","151.5","9"
"2.627410350299522","153","9"
"2.842064468224249","154.5","9"
"3.0506364597409847","156","9"
"3.0831599715042017","157.5","9"
"2.901087649530367","159","9"
"2.7171081567309456","160.5","9"
"2.6957365606630197","162","9"
"2.767421747981468","163.5","9"
"2.8639032728340204","165","9"
"2.9672271119755256","166.5","9"
"3.0434085971089617","168","9"
"3.038704096955113","169.5","9"
"2.9534760955260975","171","9"
"2.8668885452915247","172.5","9"
"2.843515027633021","174","9"
"2.8861672091656585","175.5","9"
"2.961651777488176","177","9"
"3.036432883716667","178.5","9"
"3.089931222719411","180","9"
"3.1199812408281327","181.5","9"
"3.1412075939470925","183","9"
"3.182848685079631","184.5","9"
"3.2845826437862096","186","9"
"3.4380891685160786","187.5","9"
"3.5564908464970295","189","9"
"3.5529707309055647","190.5","9"
"3.4637410680564313","192","9"
"3.4606541878706807","193.5","9"
"3.707436295450817","195","9"
"4.0743673599215695","196.5","9"
"4.1509851972622","198","9"
"3.954737350477367","199.5","9"
"3.7583723119568875","201","9"
"3.7840597430341116","202.5","9"
"3.842211154966285","204","9"
"3.7210694968043025","205.5","9"
"3.48250421296578","207","9"
"3.3013326466196533","208.5","9"
"3.248064015885982","210","9"
"3.295986708721229","211.5","9"
"3.3319118976196718","213","9"
"3.249581274846426","214.5","9"
"3.0846507376520655","216","9"
"2.890990771136042","217.5","9"
"2.841060234787406","219","9"
"2.9982302479768186","220.5","9"
"2.986912206762646","222","9"
"2.8237389222426863","223.5","9"
"2.618083010190599","225","9"
"2.459998527446967","226.5","9"
"2.456120758885677","228","9"
"2.6088705242162122","229.5","9"
"2.8389408097810347","231","9"
"3.0174774321560047","232.5","9"
"3.037275043476552","234","9"
"2.9320459035903483","235.5","9"
"2.8294467207929337","237","9"
"2.826825802428437","238.5","9"
"2.958758138994183","240","9"
"3.0571016410508625","241.5","9"
"2.9650674802300623","243","9"
"2.7884576645300023","244.5","9"
"2.6721984758863746","246","9"
"2.6477078965774545","247.5","9"
"2.666556753527502","249","9"
"2.6993280510083757","250.5","9"
"2.740005115443163","252","9"
"2.7797384123898192","253.5","9"
"2.8060797484175386","255","9"
"2.8147578587781865","256.5","9"
"2.817341687205072","258","9"
"2.820981799653515","259.5","9"
"2.825324439155541","261","9"
"2.8333542548083575","262.5","9"
"2.8452591897412063","264","9"
"2.8647878210940325","265.5","9"
"2.897548209769726","267","9"
"2.928038943607714","268.5","9"
"2.9331480045936615","270","9"
"2.9132715381956715","271.5","9"
"2.889416163028367","273","9"
"2.8743598301191327","274.5","9"
"2.875212898684197","276","9"
"2.8926598183285597","277.5","9"
"2.917720460628164","279","9"
"2.9361329653710175","280.5","9"
"2.93849955273475","282","9"
"2.9266011630850093","283.5","9"
"2.9091626588046426","285","9"
"2.8948475012873423","286.5","9"
"2.8894317470357667","288","9"
"2.8946682852022447","289.5","9"
"2.907419431736902","291","9"
"2.92130104216834","292.5","9"
"2.931099019300737","294","9"
"2.9357692346383066","295.5","9"
"2.9383122329658047","297","9"
"2.9431710147929113","298.5","9"
"2.9536983234716185","300","9"
"3.5984741624320677","1.5","10"
"3.327284694142526","3","10"
"3.394269121468901","4.5","10"
"3.3938798329640543","6","10"
"3.3288833016215964","7.5","10"
"3.225764859697621","9","10"
"3.204213735864449","10.5","10"
"3.3088597221937524","12","10"
"3.4065645916271885","13.5","10"
"3.409168990943842","15","10"
"3.3372999123380755","16.5","10"
"3.2668243556739993","18","10"
"3.2449740188987515","19.5","10"
"3.2565566765585725","21","10"
"3.269947702437065","22.5","10"
"3.2690494402505412","24","10"
"3.2684581830097934","25.5","10"
"3.272069932564769","27","10"
"3.2697151890466603","28.5","10"
"3.243371359577757","30","10"
"3.1933463841442786","31.5","10"
"3.1215090969136083","33","10"
"3.0369817524572875","34.5","10"
"2.958380382654812","36","10"
"2.9021464269931085","37.5","10"
"2.892410785890311","39","10"
"2.872287468815108","40.5","10"
"2.7875054816778753","42","10"
"2.6313693115393653","43.5","10"
"2.5020954507959496","45","10"
"2.5748894402408933","46.5","10"
"2.7609534498701107","48","10"
"2.8972973072505894","49.5","10"
"3.006194610798556","51","10"
"3.149460884266022","52.5","10"
"3.215752134943255","54","10"
"3.1235646274896407","55.5","10"
"2.948355502374674","57","10"
"2.801191356976372","58.5","10"
"2.775429434343777","60","10"
"2.875302039206524","61.5","10"
"2.9743215755042063","63","10"
"3.0096573772427897","64.5","10"
"3.0099637588282695","66","10"
"2.99573400167152","67.5","10"
"2.97466006014493","69","10"
"2.9594478871616974","70.5","10"
"2.9587893070089826","72","10"
"2.971159892082937","73.5","10"
"2.9858462606565004","75","10"
"2.992663017173317","76.5","10"
"2.9950710579967326","78","10"
"3.005939656437495","79.5","10"
"3.0440244770814013","81","10"
"3.1450178837563416","82.5","10"
"3.3713759029184596","84","10"
"3.6957361343752018","85.5","10"
"3.800913535356838","87","10"
"3.5703138610606446","88.5","10"
"3.43632692895931","90","10"
"3.5884583208762217","91.5","10"
"3.9520294733515793","93","10"
"4.1670872170679605","94.5","10"
"4.003687652760556","96","10"
"3.7323647853676714","97.5","10"
"3.6529499303789263","99","10"
"3.7803473207913334","100.5","10"
"3.942310039616477","102","10"
"4.001031826219483","103.5","10"
"3.9513066870883766","105","10"
"3.8785477616600827","106.5","10"
"3.8436137156322663","108","10"
"3.8488356048317884","109.5","10"
"3.855806643021863","111","10"
"3.8354726301666155","112.5","10"
"3.772667833624864","114","10"
"3.684298719664347","115.5","10"
"3.6082338029062613","117","10"
"3.5243036376135004","118.5","10"
"3.4002050698874817","120","10"
"3.2966773919291876","121.5","10"
"3.2227368870598414","123","10"
"2.9907527295462506","124.5","10"
"2.6853354824442506","126","10"
"2.515208146302282","127.5","10"
"2.445574593558016","129","10"
"2.5063540924980905","130.5","10"
"2.7741696231855775","132","10"
"3.09373216212422","133.5","10"
"3.240669716054929","135","10"
"3.168805936011679","136.5","10"
"2.9957134307817523","138","10"
"2.8073669874287615","139.5","10"
"2.7119766547743422","141","10"
"2.6834068056884526","142.5","10"
"2.659020950909259","144","10"
"2.6808740928058383","145.5","10"
"2.748364688692559","147","10"
"2.824419631685909","148.5","10"
"2.8656103450045936","150","10"
"2.8639699723856915","151.5","10"
"2.8465495455539087","153","10"
"2.837298255401097","154.5","10"
"2.844438847591681","156","10"
"2.8636177738184565","157.5","10"
"2.880816907745162","159","10"
"2.8700165672568105","160.5","10"
"2.814907776929372","162","10"
"2.7402535245211155","163.5","10"
"2.693471581027534","165","10"
"2.7000957192128894","166.5","10"
"2.7453360926944836","168","10"
"2.794923157520028","169.5","10"
"2.823373633109235","171","10"
"2.8365633136121224","172.5","10"
"2.862024153221754","174","10"
"2.9072112293980408","175.5","10"
"2.941916813877376","177","10"
"2.9354161010306274","178.5","10"
"2.901815734356085","180","10"
"2.8790777325193453","181.5","10"
"2.876171626819432","183","10"
"2.8827162865670486","184.5","10"
"2.897562235376386","186","10"
"2.918265277526861","187.5","10"
"2.9341129663318566","189","10"
"2.9362168073308283","190.5","10"
"2.9241245526290345","192","10"
"2.9054309123926885","193.5","10"
"2.8898269574634257","195","10"
"2.884333594854999","196.5","10"
"2.889367229245132","198","10"
"2.900531612146342","199.5","10"
"2.911981805743265","201","10"
"2.919544101174088","202.5","10"
"2.921754225103526","204","10"
"2.9203176913014133","205.5","10"
"2.919448415368653","207","10"
"2.9230660868464406","208.5","10"
"2.932651809798052","210","10"
"2.947378073430559","211.5","10"
"2.965479833065861","213","10"
"2.985502165773113","214.5","10"
"3.0066964158368292","216","10"
"3.0271348415416557","217.5","10"
"3.0403572484600825","219","10"
"3.04009325537473","220.5","10"
"3.0288693415652523","222","10"
"3.016274346784741","223.5","10"
"3.0130518857346122","225","10"
"3.0261620877997606","226.5","10"
"3.0517341972222263","228","10"
"3.0854208992977634","229.5","10"
"3.1474857671681726","231","10"
"3.282677966401807","232.5","10"
"3.468463957339012","234","10"
"3.5645621156095295","235.5","10"
"3.539573159743964","237","10"
"3.5162529393907684","238.5","10"
"3.574539620507172","240","10"
"3.734558078569118","241.5","10"
"4.000495736364931","243","10"
"4.217013701574672","244.5","10"
"4.111272782885459","246","10"
"3.8833292468104865","247.5","10"
"3.8840872529304127","249","10"
"4.08779765749871","250.5","10"
"4.217502416046729","252","10"
"4.131239636526368","253.5","10"
"3.942089681751844","255","10"
"3.824816285906638","256.5","10"
"3.796580869619548","258","10"
"3.7409518851251047","259.5","10"
"3.598760284807928","261","10"
"3.4472990052092074","262.5","10"
"3.2796272411132237","264","10"
"3.1439291849993922","265.5","10"
"3.1484603909909556","267","10"
"3.1057221857374717","268.5","10"
"2.9027367491934126","270","10"
"2.7272112687282304","271.5","10"
"2.6229595577861415","273","10"
"2.528754077214329","274.5","10"
"2.594271737764236","276","10"
"2.870004100050891","277.5","10"
"3.0847828900348158","279","10"
"3.0943527172988796","280.5","10"
"3.0493884924284096","282","10"
"2.9970118902783027","283.5","10"
"2.899710646636521","285","10"
"2.7926687750095742","286.5","10"
"2.717271477128495","288","10"
"2.708262674130824","289.5","10"
"2.7599710340436276","291","10"
"2.8314305649349274","292.5","10"
"2.8879621751379663","294","10"
"2.9103030964661594","295.5","10"
"2.8972299843386224","297","10"
"2.8650284381682853","298.5","10"
"2.8351186761261618","300","10"
"3.6117012445527146","1.5","11"
"3.375005729922019","3","11"
"3.5235739943870423","4.5","11"
"3.5453626184929865","6","11"
"3.457784237067935","7.5","11"
"3.356327985373221","9","11"
"3.3637727773882493","10.5","11"
"3.4723702446338436","12","11"
"3.5509831466017956","13.5","11"
"3.5516950240598177","15","11"
"3.527689730741327","16.5","11"
"3.553764891922658","18","11"
"3.6330943465508523","19.5","11"
"3.6883589769522884","21","11"
"3.6734164072970725","22.5","11"
"3.6134267058520195","24","11"
"3.543143767519404","25.5","11"
"3.425056574807781","27","11"
"3.216992621932278","28.5","11"
"3.353482345622019","30","11"
"3.625346601431972","31.5","11"
"3.318077974250877","33","11"
"2.837427290982367","34.5","11"
"2.603283969243535","36","11"
"2.428632907433555","37.5","11"
"2.3357347692425106","39","11"
"2.4721291188069645","40.5","11"
"2.807814560121283","42","11"
"3.123761609343174","43.5","11"
"3.3091801293858922","45","11"
"3.331900365454196","46.5","11"
"3.200015404270945","48","11"
"2.9865431774674187","49.5","11"
"2.808004061651265","51","11"
"2.76307318655663","52.5","11"
"2.8862541679269493","54","11"
"3.0390843467356676","55.5","11"
"3.0823069029391372","57","11"
"3.050921335396253","58.5","11"
"3.0012794148646615","60","11"
"2.9565283792154204","61.5","11"
"2.9449824998130634","63","11"
"2.9870437357851003","64.5","11"
"3.088713800061339","66","11"
"3.2689799355775384","67.5","11"
"3.5550187811580454","69","11"
"3.8175167368405756","70.5","11"
"3.743232760448138","72","11"
"3.4351618685661016","73.5","11"
"3.36176337547412","75","11"
"3.6460194106080914","76.5","11"
"4.003928893195105","78","11"
"3.9944457130121833","79.5","11"
"3.676071922157997","81","11"
"3.4007598605509144","82.5","11"
"3.3565227854657183","84","11"
"3.4931281424903657","85.5","11"
"3.6763259414786136","87","11"
"3.699453855180496","88.5","11"
"3.5228895447820436","90","11"
"3.3181247262730764","91.5","11"
"3.1531483720969606","93","11"
"3.0407942240275725","94.5","11"
"2.962412277049286","96","11"
"2.8492567993194005","97.5","11"
"2.7412427973108544","99","11"
"2.760171756058937","100.5","11"
"2.8784761898337132","102","11"
"2.8784213341276663","103.5","11"
"2.730127036512731","105","11"
"2.650443201556266","106.5","11"
"2.6548918123086103","108","11"
"2.6745114542646515","109.5","11"
"2.705618379755227","111","11"
"2.7361399699278666","112.5","11"
"2.747760652565743","114","11"
"2.757705742727994","115.5","11"
"2.7985374005161874","117","11"
"2.8662115760100777","118.5","11"
"2.924361117861363","120","11"
"2.944399969616459","121.5","11"
"2.920242888065894","123","11"
"2.862753484768064","124.5","11"
"2.7844666002349157","126","11"
"2.7049470207164443","127.5","11"
"2.6713740818949256","129","11"
"2.705797907520473","130.5","11"
"2.779511509242078","132","11"
"2.8543200433235927","133.5","11"
"2.9161857475794326","135","11"
"2.9574272647622406","136.5","11"
"2.966507130833655","138","11"
"2.93670489844259","139.5","11"
"2.8903642940385703","141","11"
"2.8595802691813184","142.5","11"
"2.8558382373244804","144","11"
"2.875368738758195","145.5","11"
"2.909359952338324","147","11"
"2.9431491971825516","148.5","11"
"2.9590779228260264","150","11"
"2.9484814211544643","151.5","11"
"2.920281848084394","153","11"
"2.892229388044177","154.5","11"
"2.8778749588282295","156","11"
"2.8810911862753983","157.5","11"
"2.8976675832664087","159","11"
"2.9188275485138453","160.5","11"
"2.9352449886293774","162","11"
"2.9421100555691337","163.5","11"
"2.9414714229458903","165","11"
"2.940140860394096","166.5","11"
"2.9450485760044383","168","11"
"2.9593640452018866","169.5","11"
"2.981753276953019","171","11"
"3.0081650526941854","172.5","11"
"3.0320865040528653","174","11"
"3.045830663539037","175.5","11"
"3.0447762495983675","177","11"
"3.031814095603517","178.5","11"
"3.018729762990652","180","11"
"3.0196641800743436","181.5","11"
"3.035539296732363","183","11"
"3.060851153231252","184.5","11"
"3.105029009088329","186","11"
"3.188683337450113","187.5","11"
"3.2955902515729782","189","11"
"3.3464421144390895","190.5","11"
"3.315090520032337","192","11"
"3.240957708511677","193.5","11"
"3.1554831680855977","195","11"
"3.059426463274763","196.5","11"
"2.9477262201558703","198","11"
"2.8249192549631466","199.5","11"
"2.704749415502615","201","11"
"2.6225250756598357","202.5","11"
"2.6096064010456304","204","11"
"2.6472304025907247","205.5","11"
"2.6891657197829715","207","11"
"2.7266683219104215","208.5","11"
"2.7853249673624965","210","11"
"2.8544917790851385","211.5","11"
"2.881796206770165","213","11"
"2.8370046527016846","214.5","11"
"2.783559922684396","216","11"
"2.7974253257481383","217.5","11"
"2.9105677129118077","219","11"
"3.203117868464096","220.5","11"
"3.3854710142512747","222","11"
"3.111754131641635","223.5","11"
"3.0193026311026685","225","11"
"3.0650990419682875","226.5","11"
"2.9284715556531324","228","11"
"2.7626044196140445","229.5","11"
"2.6698234731586465","231","11"
"2.6437040533963","232.5","11"
"2.6205169204662986","234","11"
"2.669013416454005","235.5","11"
"2.843848525391377","237","11"
"3.0008670620288633","238.5","11"
"3.096412611396984","240","11"
"3.1171530551652187","241.5","11"
"3.0226214013185277","243","11"
"2.8700293461428785","244.5","11"
"2.7450586973627673","246","11"
"2.691317247844587","247.5","11"
"2.7134543303559906","249","11"
"2.797984791613791","250.5","11"
"2.928628019087426","252","11"
"3.0089610837921668","253.5","11"
"2.9715273629774237","255","11"
"2.8861584821215147","256.5","11"
"2.820707521123279","258","11"
"2.7972152533283894","259.5","11"
"2.815677003534626","261","11"
"2.8603133408894044","262.5","11"
"2.9055169361135356","264","11"
"2.927519684481153","265.5","11"
"2.9153747558343475","267","11"
"2.878504241047033","268.5","11"
"2.8413500973250425","270","11"
"2.8258505552453577","271.5","11"
"2.836077715941545","273","11"
"2.859777251034852","274.5","11"
"2.8822649737127506","276","11"
"2.8957744380474817","277.5","11"
"2.8986936343136107","279","11"
"2.893079028127614","280.5","11"
"2.883659430694884","282","11"
"2.875867426994988","283.5","11"
"2.873198821567848","285","11"
"2.87576768934763","286.5","11"
"2.880971812778716","288","11"
"2.885682858215673","289.5","11"
"2.888140767862768","291","11"
"2.8884699020990516","292.5","11"
"2.8878976573473314","294","11"
"2.8877499209571815","295.5","11"
"2.8887865691294152","297","11"
"2.8910069785037376","298.5","11"
"2.893828930563692","300","11"
"3.9519945651750037","1.5","12"
"4.504822890395795","3","12"
"4.6017139629628145","4.5","12"
"4.25419309138865","6","12"
"4.072616340850129","7.5","12"
"4.078184195013926","9","12"
"4.274730319700391","10.5","12"
"4.419062227593855","12","12"
"4.372559861193026","13.5","12"
"4.247167197492528","15","12"
"4.209877472906159","16.5","12"
"4.221228863896168","18","12"
"4.177325286569327","19.5","12"
"4.121164575742403","21","12"
"4.088808124538512","22.5","12"
"4.035650763617676","24","12"
"3.95511791193807","25.5","12"
"3.89729719264292","27","12"
"3.898299867679022","28.5","12"
"3.931266588612689","30","12"
"3.936327339175697","31.5","12"
"3.8872988051753614","33","12"
"3.8153461962899327","34.5","12"
"3.7669428926664765","36","12"
"3.7620476442620543","37.5","12"
"3.789618870153765","39","12"
"3.8208180529681477","40.5","12"
"3.8321494964286837","42","12"
"3.8232111331444596","43.5","12"
"3.814797950909608","45","12"
"3.8153493130914127","46.5","12"
"3.826989943258761","48","12"
"3.841340632312933","49.5","12"
"3.843944719949438","51","12"
"3.827441879473355","52.5","12"
"3.7989262627332163","54","12"
"3.7735212138700764","55.5","12"
"3.7623384418401344","57","12"
"3.7634963335899387","58.5","12"
"3.762906946430079","60","12"
"3.74278612279606","61.5","12"
"3.6969420248677975","63","12"
"3.628423196172839","64.5","12"
"3.528029773782791","66","12"
"3.359038044260045","67.5","12"
"3.0895765307109917","69","12"
"2.764558030781682","70.5","12"
"2.566977128003871","72","12"
"2.5310626920705337","73.5","12"
"2.636234015289284","75","12"
"2.9488604242144274","76.5","12"
"3.283545372253679","78","12"
"3.293281325036625","79.5","12"
"2.882763038589248","81","12"
"2.311029753991769","82.5","12"
"2.164789272712053","84","12"
"2.5636053721628524","85.5","12"
"2.992077370175233","87","12"
"3.256818487882889","88.5","12"
"3.438207606972317","90","12"
"3.3294758055829363","91.5","12"
"2.8535773095309187","93","12"
"2.3908075605128554","94.5","12"
"2.1948221484126345","96","12"
"2.257398171725757","97.5","12"
"2.4633815037733138","99","12"
"2.6991849898204454","100.5","12"
"2.874830778822754","102","12"
"2.9408742437823303","103.5","12"
"2.8992163219218","105","12"
"2.8048832083293824","106.5","12"
"2.7469689849898336","108","12"
"2.8042099792097117","109.5","12"
"2.9463775801554926","111","12"
"2.9809042602298783","112.5","12"
"2.880285181412681","114","12"
"2.822933229060117","115.5","12"
"2.8628572742573466","117","12"
"2.9147816285127113","118.5","12"
"2.9332118990240006","120","12"
"2.9392257674795803","121.5","12"
"2.936032292683215","123","12"
"2.920356651319913","124.5","12"
"2.918031517415864","126","12"
"2.9397359878818494","127.5","12"
"2.9696351527989413","129","12"
"2.992799844758287","130.5","12"
"3.0047396878677115","132","12"
"3.009854047416175","133.5","12"
"3.0093519306977536","135","12"
"3.001767817656571","136.5","12"
"2.988761405080705","138","12"
"2.9787997958706107","139.5","12"
"2.985859662902864","141","12"
"3.003642573746766","142.5","12"
"3.0141514932967413","144","12"
"3.0194363418861587","145.5","12"
"3.0269169771182063","147","12"
"3.044213978611383","148.5","12"
"3.0676884806378366","150","12"
"3.065362100013196","151.5","12"
"3.0210184303173855","153","12"
"2.976531387753497","154.5","12"
"2.9733298092732836","156","12"
"2.995367777497625","157.5","12"
"3.123536576276321","159","12"
"3.428799230024915","160.5","12"
"3.6174417695185017","162","12"
"3.6892447719328927","163.5","12"
"3.71828930988418","165","12"
"3.6917157721462037","166.5","12"
"3.6990025423261983","168","12"
"3.97407367517888","169.5","12"
"4.210301046227286","171","12"
"4.060640342843537","172.5","12"
"3.7721841060351746","174","12"
"3.670391551460773","175.5","12"
"3.7880174575533627","177","12"
"3.9554869412332967","178.5","12"
"4.02804545632643","180","12"
"3.977293954467973","181.5","12"
"3.8837964553523325","183","12"
"3.8312387670362402","184.5","12"
"3.82423593747107","186","12"
"3.8173658836489457","187.5","12"
"3.771228494701419","189","12"
"3.7284092526094565","190.5","12"
"3.7194546819575365","192","12"
"3.696105163670429","193.5","12"
"3.569483545146384","195","12"
"3.3267766555012925","196.5","12"
"3.2045020400013455","198","12"
"3.2041953467357174","199.5","12"
"2.9746083212403627","201","12"
"2.6324065830718952","202.5","12"
"2.4695389009370454","204","12"
"2.4482276149777564","205.5","12"
"2.6115500384485326","207","12"
"2.9589414069212046","208.5","12"
"3.252107130765784","210","12"
"3.2629367691880473","211.5","12"
"3.0825799347487814","213","12"
"2.866113396763459","214.5","12"
"2.718472069058575","216","12"
"2.6925399690651743","217.5","12"
"2.6755431155545177","219","12"
"2.683660825009069","220.5","12"
"2.747625071701365","222","12"
"2.838381343915382","223.5","12"
"2.9130624008163664","225","12"
"2.941019175051148","226.5","12"
"2.9327733650557706","228","12"
"2.9188044841828935","229.5","12"
"2.918332600438828","231","12"
"2.9359646580911","232.5","12"
"2.9638484991712506","234","12"
"2.965456768734909","235.5","12"
"2.9056696593860534","237","12"
"2.802904974430053","238.5","12"
"2.7097649724441637","240","12"
"2.6609084858855216","241.5","12"
"2.6598051381616163","243","12"
"2.6897002512367845","244.5","12"
"2.7333959379049113","246","12"
"2.7803807851748386","247.5","12"
"2.8187620136394886","249","12"
"2.8350603919384865","250.5","12"
"2.831351398177336","252","12"
"2.8229802927624643","253.5","12"
"2.8232477143294448","255","12"
"2.8331694284805957","256.5","12"
"2.8407482429592625","258","12"
"2.8473259408025666","259.5","12"
"2.8733895698184218","261","12"
"2.9141155680364443","262.5","12"
"2.9375454998017347","264","12"
"2.928258366431903","265.5","12"
"2.9027367491934126","267","12"
"2.8806348865387323","268.5","12"
"2.871343701326977","270","12"
"2.8804868384684346","271.5","12"
"2.9042677220803683","273","12"
"2.9294368290714754","274.5","12"
"2.9421995077716083","276","12"
"2.937010344987626","277.5","12"
"2.919256420397488","279","12"
"2.8996408302833703","280.5","12"
"2.886805530108754","282","12"
"2.885213156232643","283.5","12"
"2.8941829992118153","285","12"
"2.908629062391274","286.5","12"
"2.92162456616196","288","12"
"2.9285242295981435","289.5","12"
"2.9296973936752","291","12"
"2.929452724759023","292.5","12"
"2.932893050232601","294","12"
"2.9431554307855117","295.5","12"
"2.960066260575321","297","12"
"2.9810918916789717","298.5","12"
"3.0033218548744784","300","12"
"3.759677940096842","1.5","13"
"3.6626690524338805","3","13"
"3.6764259908061203","4.5","13"
"3.664052288930686","6","13"
"3.6889639481195484","7.5","13"
"3.6592184415154185","9","13"
"3.577094462680294","10.5","13"
"3.6273295105335217","12","13"
"3.8386218463819652","13.5","13"
"4.064813740025201","15","13"
"4.149765904523241","16.5","13"
"4.069401048443404","18","13"
"3.9478894259457507","19.5","13"
"3.918143607661473","21","13"
"3.982076374658821","22.5","13"
"4.03775740973798","24","13"
"4.023627390228588","25.5","13"
"3.9943846237031764","27","13"
"4.018023069487476","28.5","13"
"4.078620547221121","30","13"
"4.113986893614207","31.5","13"
"4.095056688145533","33","13"
"4.048590164961722","34.5","13"
"4.013969045802494","36","13"
"4.001166783723566","37.5","13"
"4.005710456921048","39","13"
"4.027694504479786","40.5","13"
"4.060109239871353","42","13"
"4.086070949478813","43.5","13"
"4.090833422140189","45","13"
"4.073063601862503","46.5","13"
"4.046424611293448","48","13"
"4.026493600869558","49.5","13"
"4.01892756527696","51","13"
"4.019975745614669","52.5","13"
"4.024144779274262","54","13"
"4.030194802627009","55.5","13"
"4.036779980793865","57","13"
"4.040324719117021","58.5","13"
"4.0376651524141725","60","13"
"4.029288748436785","61.5","13"
"4.019050678935418","63","13"
"4.010304622302507","64.5","13"
"4.003687652760556","66","13"
"3.9987939627568734","67.5","13"
"3.9961820831166683","69","13"
"3.9965009319080678","70.5","13"
"3.9985396317561084","72","13"
"3.999326624129798","73.5","13"
"3.9960608395390977","75","13"
"3.9887388495023797","76.5","13"
"3.9798777828948584","78","13"
"3.972359434364903","79.5","13"
"3.967732854248053","81","13"
"3.9655373792855704","82.5","13"
"3.964980406861102","84","13"
"3.9645540284186436","85.5","13"
"3.9637099985778708","87","13"
"3.962036587863281","88.5","13"
"3.9593181136124618","90","13"
"3.955870307815332","91.5","13"
"3.952188741907205","93","13"
"3.9485701353889735","94.5","13"
"3.945293441993093","96","13"
"3.942868258761538","97.5","13"
"3.9413291821907346","99","13"
"3.940557150464149","100.5","13"
"3.9400195022088558","102","13"
"3.938602292575919","103.5","13"
"3.9354814392540365","105","13"
"3.931404662918251","106.5","13"
"3.9274201439062724","108","13"
"3.9239832469143225","109.5","13"
"3.9213651336711575","111","13"
"3.9189723651749935","112.5","13"
"3.9165802200391258","114","13"
"3.914170309134822","115.5","13"
"3.9113467986741277","117","13"
"3.907954471943341","118.5","13"
"3.9043389822265895","120","13"
"3.9007584006864136","121.5","13"
"3.897293452481144","123","13"
"3.8940329664529596","124.5","13"
"3.8910564210395995","126","13"
"3.888330778145376","127.5","13"
"3.885482021592694","129","13"
"3.882022683630088","130.5","13"
"3.8785094250018792","132","13"
"3.874859027108552","133.5","13"
"3.8709577266960884","135","13"
"3.8668999628493306","136.5","13"
"3.8629565856168875","138","13"
"3.858867030395034","139.5","13"
"3.8542837738187554","141","13"
"3.849464263690296","142.5","13"
"3.8445637167233575","144","13"
"3.8396665982380473","145.5","13"
"3.8346896896348497","147","13"
"3.829693768542625","148.5","13"
"3.823698600895925","150","13"
"3.8160381262184835","151.5","13"
"3.8068423151320148","153","13"
"3.79764899748673","154.5","13"
"3.793107194370134","156","13"
"3.795022468879569","157.5","13"
"3.798231216003186","159","13"
"3.7985491297541416","160.5","13"
"3.7957782932384587","162","13"
"3.7920618191537563","163.5","13"
"3.7892940994395534","165","13"
"3.7880392751637224","166.5","13"
"3.788441342554637","168","13"
"3.789871954433938","169.5","13"
"3.7918399028883836","171","13"
"3.793679439121855","172.5","13"
"3.7945474683340232","174","13"
"3.7939552760528312","175.5","13"
"3.7922637878896577","177","13"
"3.790437965582698","178.5","13"
"3.789418771498752","180","13"
"3.789702400433428","181.5","13"
"3.791252385809411","183","13"
"3.793666036875491","184.5","13"
"3.796119894680662","186","13"
"3.797688892545673","187.5","13"
"3.7978783940756546","189","13"
"3.7969224710617513","190.5","13"
"3.795460379487503","192","13"
"3.794253553954463","193.5","13"
"3.7900969875007906","195","13"
"3.778691675845179","196.5","13"
"3.7656712376626538","198","13"
"3.755280756568917","199.5","13"
"3.749666773743216","201","13"
"3.7466238404583327","202.5","13"
"3.741789058002621","204","13"
"3.73337431736703","205.5","13"
"3.7220653148771494","207","13"
"3.709545123332157","208.5","13"
"3.700110565252323","210","13"
"3.6898731191112524","211.5","13"
"3.6627965296144107","213","13"
"3.5773503520817984","214.5","13"
"3.3685483406158414","216","13"
"3.190484225345233","217.5","13"
"3.1899849137481437","219","13"
"3.066981590062182","220.5","13"
"2.836434589711","222","13"
"2.6922338991598425","223.5","13"
"2.815314831202655","225","13"
"2.964043299263748","226.5","13"
"2.81897021597835","228","13"
"2.6325281383296137","229.5","13"
"2.6543650728584973","231","13"
"2.7789492382550938","232.5","13"
"2.955751672286615","234","13"
"3.1346495319531122","235.5","13"
"3.196435446091065","237","13"
"3.0450006593049244","238.5","13"
"2.7514010766943344","240","13"
"2.575327818369049","241.5","13"
"2.61738609337968","243","13"
"2.7264333150788325","244.5","13"
"2.8158824007521552","246","13"
"2.887787010894793","247.5","13"
"2.9211498772965623","249","13"
"2.9151522162086785","250.5","13"
"2.9425002791144244","252","13"
"3.136700699007073","253.5","13"
"3.5583126169620654","255","13"
"3.837245155168268","256.5","13"
"3.583064072554858","258","13"
"3.2870330731097526","259.5","13"
"3.1374964184249063","261","13"
"3.022913133937052","262.5","13"
"2.8680910073024926","264","13"
"2.682243303695984","265.5","13"
"2.6799555714096948","267","13"
"2.9245724370017046","268.5","13"
"3.014844046585588","270","13"
"3.1224737469716555","271.5","13"
"3.317705204793874","273","13"
"3.5540360536514144","274.5","13"
"3.8941856897254774","276","13"
"3.937184459582686","277.5","13"
"3.699098228131633","279","13"
"3.7524578694685187","280.5","13"
"3.979071778032141","282","13"
"4.104305173177012","283.5","13"
"3.9768816016321744","285","13"
"3.827509202385322","286.5","13"
"3.834536966362332","288","13"
"3.958148689697181","289.5","13"
"4.062181912855524","291","13"
"4.062548448709568","292.5","13"
"3.9710519361440606","294","13"
"3.8577836302006006","295.5","13"
"3.7768901645897635","297","13"
"3.7160087462412945","298.5","13"
"3.6685588721905575","300","13"
"3.9519945651750037","1.5","14"
"4.504822890395795","3","14"
"4.6017139629628145","4.5","14"
"4.25419309138865","6","14"
"4.072616340850129","7.5","14"
"4.078184195013926","9","14"
"4.274730319700391","10.5","14"
"4.419062227593855","12","14"
"4.372559861193026","13.5","14"
"4.247167197492528","15","14"
"4.209877472906159","16.5","14"
"4.221228863896168","18","14"
"4.177325286569327","19.5","14"
"4.121164575742403","21","14"
"4.088808124538512","22.5","14"
"4.035650763617676","24","14"
"3.95511791193807","25.5","14"
"3.89729719264292","27","14"
"3.898299867679022","28.5","14"
"3.931266588612689","30","14"
"3.936327339175697","31.5","14"
"3.8872988051753614","33","14"
"3.8153461962899327","34.5","14"
"3.7669428926664765","36","14"
"3.7620476442620543","37.5","14"
"3.789618870153765","39","14"
"3.8208180529681477","40.5","14"
"3.8321494964286837","42","14"
"3.8232111331444596","43.5","14"
"3.814797950909608","45","14"
"3.8153493130914127","46.5","14"
"3.826989943258761","48","14"
"3.841340632312933","49.5","14"
"3.843944719949438","51","14"
"3.827441879473355","52.5","14"
"3.7989262627332163","54","14"
"3.7735212138700764","55.5","14"
"3.7623384418401344","57","14"
"3.7634963335899387","58.5","14"
"3.762906946430079","60","14"
"3.74278612279606","61.5","14"
"3.6969420248677975","63","14"
"3.628423196172839","64.5","14"
"3.528029773782791","66","14"
"3.359038044260045","67.5","14"
"3.0895765307109917","69","14"
"2.764558030781682","70.5","14"
"2.566977128003871","72","14"
"2.5310626920705337","73.5","14"
"2.636234015289284","75","14"
"2.9488604242144274","76.5","14"
"3.283545372253679","78","14"
"3.293281325036625","79.5","14"
"2.882763038589248","81","14"
"2.311029753991769","82.5","14"
"2.164789272712053","84","14"
"2.5636053721628524","85.5","14"
"2.992077370175233","87","14"
"3.256818487882889","88.5","14"
"3.438207606972317","90","14"
"3.3294758055829363","91.5","14"
"2.8535773095309187","93","14"
"2.3908075605128554","94.5","14"
"2.1948221484126345","96","14"
"2.257398171725757","97.5","14"
"2.4633815037733138","99","14"
"2.6991849898204454","100.5","14"
"2.874830778822754","102","14"
"2.9408742437823303","103.5","14"
"2.8992163219218","105","14"
"2.8048832083293824","106.5","14"
"2.7469689849898336","108","14"
"2.8042099792097117","109.5","14"
"2.9463775801554926","111","14"
"2.9809042602298783","112.5","14"
"2.880285181412681","114","14"
"2.822933229060117","115.5","14"
"2.8628572742573466","117","14"
"2.9147816285127113","118.5","14"
"2.9332118990240006","120","14"
"2.9392257674795803","121.5","14"
"2.936032292683215","123","14"
"2.920356651319913","124.5","14"
"2.918031517415864","126","14"
"2.9397359878818494","127.5","14"
"2.9696351527989413","129","14"
"2.992799844758287","130.5","14"
"3.0047396878677115","132","14"
"3.009854047416175","133.5","14"
"3.0093519306977536","135","14"
"3.001767817656571","136.5","14"
"2.988761405080705","138","14"
"2.9787997958706107","139.5","14"
"2.985859662902864","141","14"
"3.003642573746766","142.5","14"
"3.0141514932967413","144","14"
"3.0194363418861587","145.5","14"
"3.0269169771182063","147","14"
"3.044213978611383","148.5","14"
"3.0676884806378366","150","14"
"3.065362100013196","151.5","14"
"3.0210184303173855","153","14"
"2.976531387753497","154.5","14"
"2.9733298092732836","156","14"
"2.995367777497625","157.5","14"
"3.123536576276321","159","14"
"3.428799230024915","160.5","14"
"3.6174417695185017","162","14"
"3.6892447719328927","163.5","14"
"3.71828930988418","165","14"
"3.6917157721462037","166.5","14"
"3.6990025423261983","168","14"
"3.97407367517888","169.5","14"
"4.210301046227286","171","14"
"4.060640342843537","172.5","14"
"3.7721841060351746","174","14"
"3.670391551460773","175.5","14"
"3.7880174575533627","177","14"
"3.9554869412332967","178.5","14"
"4.02804545632643","180","14"
"3.977293954467973","181.5","14"
"3.8837964553523325","183","14"
"3.8312387670362402","184.5","14"
"3.82423593747107","186","14"
"3.8173658836489457","187.5","14"
"3.771228494701419","189","14"
"3.7284092526094565","190.5","14"
"3.7194546819575365","192","14"
"3.696105163670429","193.5","14"
"3.569483545146384","195","14"
"3.3267766555012925","196.5","14"
"3.2045020400013455","198","14"
"3.2041953467357174","199.5","14"
"2.9746083212403627","201","14"
"2.6324065830718952","202.5","14"
"2.4695389009370454","204","14"
"2.4482276149777564","205.5","14"
"2.6115500384485326","207","14"
"2.9589414069212046","208.5","14"
"3.252107130765784","210","14"
"3.2629367691880473","211.5","14"
"3.0825799347487814","213","14"
"2.866113396763459","214.5","14"
"2.718472069058575","216","14"
"2.6925399690651743","217.5","14"
"2.6755431155545177","219","14"
"2.683660825009069","220.5","14"
"2.747625071701365","222","14"
"2.838381343915382","223.5","14"
"2.9130624008163664","225","14"
"2.941019175051148","226.5","14"
"2.9327733650557706","228","14"
"2.9188044841828935","229.5","14"
"2.918332600438828","231","14"
"2.9359646580911","232.5","14"
"2.9638484991712506","234","14"
"2.965456768734909","235.5","14"
"2.9056696593860534","237","14"
"2.802904974430053","238.5","14"
"2.7097649724441637","240","14"
"2.6609084858855216","241.5","14"
"2.6598051381616163","243","14"
"2.6897002512367845","244.5","14"
"2.7333959379049113","246","14"
"2.7803807851748386","247.5","14"
"2.8187620136394886","249","14"
"2.8350603919384865","250.5","14"
"2.831351398177336","252","14"
"2.8229802927624643","253.5","14"
"2.8232477143294448","255","14"
"2.8331694284805957","256.5","14"
"2.8407482429592625","258","14"
"2.8473259408025666","259.5","14"
"2.8733895698184218","261","14"
"2.9141155680364443","262.5","14"
"2.9375454998017347","264","14"
"2.928258366431903","265.5","14"
"2.9027367491934126","267","14"
"2.8806348865387323","268.5","14"
"2.871343701326977","270","14"
"2.8804868384684346","271.5","14"
"2.9042677220803683","273","14"
"2.9294368290714754","274.5","14"
"2.9421995077716083","276","14"
"2.937010344987626","277.5","14"
"2.919256420397488","279","14"
"2.8996408302833703","280.5","14"
"2.886805530108754","282","14"
"2.885213156232643","283.5","14"
"2.8941829992118153","285","14"
"2.908629062391274","286.5","14"
"2.92162456616196","288","14"
"2.9285242295981435","289.5","14"
"2.9296973936752","291","14"
"2.929452724759023","292.5","14"
"2.932893050232601","294","14"
"2.9431554307855117","295.5","14"
"2.960066260575321","297","14"
"2.9810918916789717","298.5","14"
"3.0033218548744784","300","14"
"3.759677940096842","1.5","15"
"3.6626690524338805","3","15"
"3.6764259908061203","4.5","15"
"3.664052288930686","6","15"
"3.6889639481195484","7.5","15"
"3.6592184415154185","9","15"
"3.577094462680294","10.5","15"
"3.6273295105335217","12","15"
"3.8386218463819652","13.5","15"
"4.064813740025201","15","15"
"4.149765904523241","16.5","15"
"4.069401048443404","18","15"
"3.9478894259457507","19.5","15"
"3.918143607661473","21","15"
"3.982076374658821","22.5","15"
"4.03775740973798","24","15"
"4.023627390228588","25.5","15"
"3.9943846237031764","27","15"
"4.018023069487476","28.5","15"
"4.078620547221121","30","15"
"4.113986893614207","31.5","15"
"4.095056688145533","33","15"
"4.048590164961722","34.5","15"
"4.013969045802494","36","15"
"4.001166783723566","37.5","15"
"4.005710456921048","39","15"
"4.027694504479786","40.5","15"
"4.060109239871353","42","15"
"4.086070949478813","43.5","15"
"4.090833422140189","45","15"
"4.073063601862503","46.5","15"
"4.046424611293448","48","15"
"4.026493600869558","49.5","15"
"4.01892756527696","51","15"
"4.019975745614669","52.5","15"
"4.024144779274262","54","15"
"4.030194802627009","55.5","15"
"4.036779980793865","57","15"
"4.040324719117021","58.5","15"
"4.0376651524141725","60","15"
"4.029288748436785","61.5","15"
"4.019050678935418","63","15"
"4.010304622302507","64.5","15"
"4.003687652760556","66","15"
"3.9987939627568734","67.5","15"
"3.9961820831166683","69","15"
"3.9965009319080678","70.5","15"
"3.9985396317561084","72","15"
"3.999326624129798","73.5","15"
"3.9960608395390977","75","15"
"3.9887388495023797","76.5","15"
"3.9798777828948584","78","15"
"3.972359434364903","79.5","15"
"3.967732854248053","81","15"
"3.9655373792855704","82.5","15"
"3.964980406861102","84","15"
"3.9645540284186436","85.5","15"
"3.9637099985778708","87","15"
"3.962036587863281","88.5","15"
"3.9593181136124618","90","15"
"3.955870307815332","91.5","15"
"3.952188741907205","93","15"
"3.9485701353889735","94.5","15"
"3.945293441993093","96","15"
"3.942868258761538","97.5","15"
"3.9413291821907346","99","15"
"3.940557150464149","100.5","15"
"3.9400195022088558","102","15"
"3.938602292575919","103.5","15"
"3.9354814392540365","105","15"
"3.931404662918251","106.5","15"
"3.9274201439062724","108","15"
"3.9239832469143225","109.5","15"
"3.9213651336711575","111","15"
"3.9189723651749935","112.5","15"
"3.9165802200391258","114","15"
"3.914170309134822","115.5","15"
"3.9113467986741277","117","15"
"3.907954471943341","118.5","15"
"3.9043389822265895","120","15"
"3.9007584006864136","121.5","15"
"3.897293452481144","123","15"
"3.8940329664529596","124.5","15"
"3.8910564210395995","126","15"
"3.888330778145376","127.5","15"
"3.885482021592694","129","15"
"3.882022683630088","130.5","15"
"3.8785094250018792","132","15"
"3.874859027108552","133.5","15"
"3.8709577266960884","135","15"
"3.8668999628493306","136.5","15"
"3.8629565856168875","138","15"
"3.858867030395034","139.5","15"
"3.8542837738187554","141","15"
"3.849464263690296","142.5","15"
"3.8445637167233575","144","15"
"3.8396665982380473","145.5","15"
"3.8346896896348497","147","15"
"3.829693768542625","148.5","15"
"3.823698600895925","150","15"
"3.8160381262184835","151.5","15"
"3.8068423151320148","153","15"
"3.79764899748673","154.5","15"
"3.793107194370134","156","15"
"3.795022468879569","157.5","15"
"3.798231216003186","159","15"
"3.7985491297541416","160.5","15"
"3.7957782932384587","162","15"
"3.7920618191537563","163.5","15"
"3.7892940994395534","165","15"
"3.7880392751637224","166.5","15"
"3.788441342554637","168","15"
"3.789871954433938","169.5","15"
"3.7918399028883836","171","15"
"3.793679439121855","172.5","15"
"3.7945474683340232","174","15"
"3.7939552760528312","175.5","15"
"3.7922637878896577","177","15"
"3.790437965582698","178.5","15"
"3.789418771498752","180","15"
"3.789702400433428","181.5","15"
"3.791252385809411","183","15"
"3.793666036875491","184.5","15"
"3.796119894680662","186","15"
"3.797688892545673","187.5","15"
"3.7978783940756546","189","15"
"3.7969224710617513","190.5","15"
"3.795460379487503","192","15"
"3.794253553954463","193.5","15"
"3.7900969875007906","195","15"
"3.778691675845179","196.5","15"
"3.7656712376626538","198","15"
"3.755280756568917","199.5","15"
"3.749666773743216","201","15"
"3.7466238404583327","202.5","15"
"3.741789058002621","204","15"
"3.73337431736703","205.5","15"
"3.7220653148771494","207","15"
"3.709545123332157","208.5","15"
"3.700110565252323","210","15"
"3.6898731191112524","211.5","15"
"3.6627965296144107","213","15"
"3.5773503520817984","214.5","15"
"3.3685483406158414","216","15"
"3.190484225345233","217.5","15"
"3.1899849137481437","219","15"
"3.066981590062182","220.5","15"
"2.836434589711","222","15"
"2.6922338991598425","223.5","15"
"2.815314831202655","225","15"
"2.964043299263748","226.5","15"
"2.81897021597835","228","15"
"2.6325281383296137","229.5","15"
"2.6543650728584973","231","15"
"2.7789492382550938","232.5","15"
"2.955751672286615","234","15"
"3.1346495319531122","235.5","15"
"3.196435446091065","237","15"
"3.0450006593049244","238.5","15"
"2.7514010766943344","240","15"
"2.575327818369049","241.5","15"
"2.61738609337968","243","15"
"2.7264333150788325","244.5","15"
"2.8158824007521552","246","15"
"2.887787010894793","247.5","15"
"2.9211498772965623","249","15"
"2.9151522162086785","250.5","15"
"2.9425002791144244","252","15"
"3.136700699007073","253.5","15"
"3.5583126169620654","255","15"
"3.837245155168268","256.5","15"
"3.583064072554858","258","15"
"3.2870330731097526","259.5","15"
"3.1374964184249063","261","15"
"3.022913133937052","262.5","15"
"2.8680910073024926","264","15"
"2.682243303695984","265.5","15"
"2.6799555714096948","267","15"
"2.9245724370017046","268.5","15"
"3.014844046585588","270","15"
"3.1224737469716555","271.5","15"
"3.317705204793874","273","15"
"3.5540360536514144","274.5","15"
"3.8941856897254774","276","15"
"3.937184459582686","277.5","15"
"3.699098228131633","279","15"
"3.7524578694685187","280.5","15"
"3.979071778032141","282","15"
"4.104305173177012","283.5","15"
"3.9768816016321744","285","15"
"3.827509202385322","286.5","15"
"3.834536966362332","288","15"
"3.958148689697181","289.5","15"
"4.062181912855524","291","15"
"4.062548448709568","292.5","15"
"3.9710519361440606","294","15"
"3.8577836302006006","295.5","15"
"3.7768901645897635","297","15"
"3.7160087462412945","298.5","15"
"3.6685588721905575","300","15"
"3.5984741624320677","1.5","16"
"3.327284694142526","3","16"
"3.394269121468901","4.5","16"
"3.3938798329640543","6","16"
"3.3288833016215964","7.5","16"
"3.225764859697621","9","16"
"3.204213735864449","10.5","16"
"3.3088597221937524","12","16"
"3.4065645916271885","13.5","16"
"3.409168990943842","15","16"
"3.3372999123380755","16.5","16"
"3.2668243556739993","18","16"
"3.2449740188987515","19.5","16"
"3.2565566765585725","21","16"
"3.269947702437065","22.5","16"
"3.2690494402505412","24","16"
"3.2684581830097934","25.5","16"
"3.272069932564769","27","16"
"3.2697151890466603","28.5","16"
"3.243371359577757","30","16"
"3.1933463841442786","31.5","16"
"3.1215090969136083","33","16"
"3.0369817524572875","34.5","16"
"2.958380382654812","36","16"
"2.9021464269931085","37.5","16"
"2.892410785890311","39","16"
"2.872287468815108","40.5","16"
"2.7875054816778753","42","16"
"2.6313693115393653","43.5","16"
"2.5020954507959496","45","16"
"2.5748894402408933","46.5","16"
"2.7609534498701107","48","16"
"2.8972973072505894","49.5","16"
"3.006194610798556","51","16"
"3.149460884266022","52.5","16"
"3.215752134943255","54","16"
"3.1235646274896407","55.5","16"
"2.948355502374674","57","16"
"2.801191356976372","58.5","16"
"2.775429434343777","60","16"
"2.875302039206524","61.5","16"
"2.9743215755042063","63","16"
"3.0096573772427897","64.5","16"
"3.0099637588282695","66","16"
"2.99573400167152","67.5","16"
"2.97466006014493","69","16"
"2.9594478871616974","70.5","16"
"2.9587893070089826","72","16"
"2.971159892082937","73.5","16"
"2.9858462606565004","75","16"
"2.992663017173317","76.5","16"
"2.9950710579967326","78","16"
"3.005939656437495","79.5","16"
"3.0440244770814013","81","16"
"3.1450178837563416","82.5","16"
"3.3713759029184596","84","16"
"3.6957361343752018","85.5","16"
"3.800913535356838","87","16"
"3.5703138610606446","88.5","16"
"3.43632692895931","90","16"
"3.5884583208762217","91.5","16"
"3.9520294733515793","93","16"
"4.1670872170679605","94.5","16"
"4.003687652760556","96","16"
"3.7323647853676714","97.5","16"
"3.6529499303789263","99","16"
"3.7803473207913334","100.5","16"
"3.942310039616477","102","16"
"4.001031826219483","103.5","16"
"3.9513066870883766","105","16"
"3.8785477616600827","106.5","16"
"3.8436137156322663","108","16"
"3.8488356048317884","109.5","16"
"3.855806643021863","111","16"
"3.8354726301666155","112.5","16"
"3.772667833624864","114","16"
"3.684298719664347","115.5","16"
"3.6082338029062613","117","16"
"3.5243036376135004","118.5","16"
"3.4002050698874817","120","16"
"3.2966773919291876","121.5","16"
"3.2227368870598414","123","16"
"2.9907527295462506","124.5","16"
"2.6853354824442506","126","16"
"2.515208146302282","127.5","16"
"2.445574593558016","129","16"
"2.5063540924980905","130.5","16"
"2.7741696231855775","132","16"
"3.09373216212422","133.5","16"
"3.240669716054929","135","16"
"3.168805936011679","136.5","16"
"2.9957134307817523","138","16"
"2.8073669874287615","139.5","16"
"2.7119766547743422","141","16"
"2.6834068056884526","142.5","16"
"2.659020950909259","144","16"
"2.6808740928058383","145.5","16"
"2.748364688692559","147","16"
"2.824419631685909","148.5","16"
"2.8656103450045936","150","16"
"2.8639699723856915","151.5","16"
"2.8465495455539087","153","16"
"2.837298255401097","154.5","16"
"2.844438847591681","156","16"
"2.8636177738184565","157.5","16"
"2.880816907745162","159","16"
"2.8700165672568105","160.5","16"
"2.814907776929372","162","16"
"2.7402535245211155","163.5","16"
"2.693471581027534","165","16"
"2.7000957192128894","166.5","16"
"2.7453360926944836","168","16"
"2.794923157520028","169.5","16"
"2.823373633109235","171","16"
"2.8365633136121224","172.5","16"
"2.862024153221754","174","16"
"2.9072112293980408","175.5","16"
"2.941916813877376","177","16"
"2.9354161010306274","178.5","16"
"2.901815734356085","180","16"
"2.8790777325193453","181.5","16"
"2.876171626819432","183","16"
"2.8827162865670486","184.5","16"
"2.897562235376386","186","16"
"2.918265277526861","187.5","16"
"2.9341129663318566","189","16"
"2.9362168073308283","190.5","16"
"2.9241245526290345","192","16"
"2.9054309123926885","193.5","16"
"2.8898269574634257","195","16"
"2.884333594854999","196.5","16"
"2.889367229245132","198","16"
"2.900531612146342","199.5","16"
"2.911981805743265","201","16"
"2.919544101174088","202.5","16"
"2.921754225103526","204","16"
"2.9203176913014133","205.5","16"
"2.919448415368653","207","16"
"2.9230660868464406","208.5","16"
"2.932651809798052","210","16"
"2.947378073430559","211.5","16"
"2.965479833065861","213","16"
"2.985502165773113","214.5","16"
"3.0066964158368292","216","16"
"3.0271348415416557","217.5","16"
"3.0403572484600825","219","16"
"3.04009325537473","220.5","16"
"3.0288693415652523","222","16"
"3.016274346784741","223.5","16"
"3.0130518857346122","225","16"
"3.0261620877997606","226.5","16"
"3.0517341972222263","228","16"
"3.0854208992977634","229.5","16"
"3.1474857671681726","231","16"
"3.282677966401807","232.5","16"
"3.468463957339012","234","16"
"3.5645621156095295","235.5","16"
"3.539573159743964","237","16"
"3.5162529393907684","238.5","16"
"3.574539620507172","240","16"
"3.734558078569118","241.5","16"
"4.000495736364931","243","16"
"4.217013701574672","244.5","16"
"4.111272782885459","246","16"
"3.8833292468104865","247.5","16"
"3.8840872529304127","249","16"
"4.08779765749871","250.5","16"
"4.217502416046729","252","16"
"4.131239636526368","253.5","16"
"3.942089681751844","255","16"
"3.824816285906638","256.5","16"
"3.796580869619548","258","16"
"3.7409518851251047","259.5","16"
"3.598760284807928","261","16"
"3.4472990052092074","262.5","16"
"3.2796272411132237","264","16"
"3.1439291849993922","265.5","16"
"3.1484603909909556","267","16"
"3.1057221857374717","268.5","16"
"2.9027367491934126","270","16"
"2.7272112687282304","271.5","16"
"2.6229595577861415","273","16"
"2.528754077214329","274.5","16"
"2.594271737764236","276","16"
"2.870004100050891","277.5","16"
"3.0847828900348158","279","16"
"3.0943527172988796","280.5","16"
"3.0493884924284096","282","16"
"2.9970118902783027","283.5","16"
"2.899710646636521","285","16"
"2.7926687750095742","286.5","16"
"2.717271477128495","288","16"
"2.708262674130824","289.5","16"
"2.7599710340436276","291","16"
"2.8314305649349274","292.5","16"
"2.8879621751379663","294","16"
"2.9103030964661594","295.5","16"
"2.8972299843386224","297","16"
"2.8650284381682853","298.5","16"
"2.8351186761261618","300","16"
"3.5993082185081047","1.5","17"
"3.331337159426768","3","17"
"3.4204602276652865","4.5","17"
"3.4269734077179552","6","17"
"3.3496564718053703","7.5","17"
"3.2653778481071503","9","17"
"3.2858499352679607","10.5","17"
"3.3895371934620284","12","17"
"3.4367536190819163","13.5","17"
"3.397268731213213","15","17"
"3.3320855034621055","16.5","17"
"3.2992356625839374","18","17"
"3.2991421585395386","19.5","17"
"3.330331367589185","21","17"
"3.375443017169657","22.5","17"
"3.395842171175836","24","17"
"3.370433070470772","25.5","17"
"3.3179623409159706","27","17"
"3.255724802243572","28.5","17"
"3.1525527513341407","30","17"
"2.980097943687013","31.5","17"
"3.0040826661157363","33","17"
"3.3386061638383264","34.5","17"
"3.3961002423383766","36","17"
"2.9784955960461668","37.5","17"
"2.666428964666824","39","17"
"2.4548085854626147","40.5","17"
"2.3262601602636592","42","17"
"2.4208067747574535","43.5","17"
"2.717907304630407","45","17"
"3.0007508053336607","46.5","17"
"3.228385154701822","48","17"
"3.336392299747112","49.5","17"
"3.227009398528568","51","17"
"2.987354169212504","52.5","17"
"2.7752944768396945","54","17"
"2.6933366235234515","55.5","17"
"2.799708694512356","57","17"
"2.9754183779450036","58.5","17"
"3.054208937597313","60","17"
"3.0407181740714617","61.5","17"
"2.9953821147844324","63","17"
"2.9523132168939252","64.5","17"
"2.9306015777845356","66","17"
"2.9421044453264695","67.5","17"
"2.9783263537258047","69","17"
"3.014704102199138","70.5","17"
"3.0301054650322037","72","17"
"3.0229508472349593","73.5","17"
"3.0127236865387723","75","17"
"3.018745970358348","76.5","17"
"3.049352960891538","78","17"
"3.129975264773619","79.5","17"
"3.307832736106106","81","17"
"3.539584380229292","82.5","17"
"3.6358857539563028","84","17"
"3.5722085646803112","85.5","17"
"3.511257329978691","87","17"
"3.5831070844152815","88.5","17"
"3.851328422655459","90","17"
"4.166517777437572","91.5","17"
"4.152758968984444","93","17"
"3.887405399785976","94.5","17"
"3.7472381620300323","96","17"
"3.8281344327622016","97.5","17"
"3.9352881975622793","99","17"
"3.915566324517695","100.5","17"
"3.8086980587331816","102","17"
"3.723514315885182","103.5","17"
"3.6975289185864737","105","17"
"3.700206874418054","106.5","17"
"3.686021687522468","108","17"
"3.644325429003734","109.5","17"
"3.6595584845568823","111","17"
"3.7925000414418384","112.5","17"
"3.9601431309642066","114","17"
"3.9808586403206014","115.5","17"
"3.743545375636578","117","17"
"3.448905404691978","118.5","17"
"3.2605826490302348","120","17"
"3.2381535222201587","121.5","17"
"3.2771855388338245","123","17"
"3.0771417395265503","124.5","17"
"2.6815576073703933","126","17"
"2.4360713100055493","127.5","17"
"2.3725487140829635","129","17"
"2.4266587253761496","130.5","17"
"2.645584419729159","132","17"
"2.9964642682582743","133.5","17"
"3.3194621457881266","135","17"
"3.389298758148812","136.5","17"
"3.1640151004568353","138","17"
"2.82586271077113","139.5","17"
"2.6119464955967833","141","17"
"2.6081120505760644","142.5","17"
"2.6154988700835657","144","17"
"2.6205801915363414","145.5","17"
"2.6849739334725755","147","17"
"2.800076788767139","148.5","17"
"2.8963759807331138","150","17"
"2.917303744270294","151.5","17"
"2.886231726956294","153","17"
"2.8556144509782193","154.5","17"
"2.851536116241694","156","17"
"2.8752799099160162","157.5","17"
"2.9213453007493557","159","17"
"2.9473456586951676","160.5","17"
"2.8899104877430886","162","17"
"2.763479929149765","163.5","17"
"2.6541082484165486","165","17"
"2.623029997499589","166.5","17"
"2.6672892018752923","168","17"
"2.7503494678749965","169.5","17"
"2.8274959147466276","171","17"
"2.852513233505661","172.5","17"
"2.8238470752540406","174","17"
"2.7980726854155256","175.5","17"
"2.8175209032901694","177","17"
"2.8666741093497032","178.5","17"
"2.8952346080311533","180","17"
"2.891516575545711","181.5","17"
"2.888884436695886","183","17"
"2.9021426868313327","184.5","17"
"2.911095075722217","186","17"
"2.9014251991306463","187.5","17"
"2.8875654063095677","189","17"
"2.8858879437530542","190.5","17"
"2.8944039804367443","192","17"
"2.9078473685801005","193.5","17"
"2.921028010358696","195","17"
"2.9265569045039936","196.5","17"
"2.9210573082926077","198","17"
"2.9087453190864765","199.5","17"
"2.8960371844122426","201","17"
"2.8887042855703444","202.5","17"
"2.8890122255565642","204","17"
"2.8957544905180104","205.5","17"
"2.905044117329026","207","17"
"2.9128280173450736","208.5","17"
"2.9166978380625896","210","17"
"2.9170051546885136","211.5","17"
"2.916687552617706","213","17"
"2.919076892632242","214.5","17"
"2.926097799645996","216","17"
"2.937888659644678","217.5","17"
"2.9533211904925434","219","17"
"2.971063271237058","220.5","17"
"2.9898108321390073","222","17"
"3.008050042719575","223.5","17"
"3.0237135285571055","225","17"
"3.0337926411829943","226.5","17"
"3.0359444809247575","228","17"
"3.0307680970268427","229.5","17"
"3.023012871584411","231","17"
"3.0195164436841937","232.5","17"
"3.0297308254943127","234","17"
"3.0526679909456216","235.5","17"
"3.0824895475058627","237","17"
"3.1345865725632174","238.5","17"
"3.253995912462639","240","17"
"3.4373635771315443","241.5","17"
"3.5505938580969487","243","17"
"3.5331827816696055","244.5","17"
"3.5009996246280006","246","17"
"3.5433619436230015","247.5","17"
"3.682340433294489","249","17"
"3.9245177783681355","250.5","17"
"4.185572343285297","252","17"
"4.17903391714064","253.5","17"
"3.9422913388075975","255","17"
"3.8602907853110793","256.5","17"
"4.029611960750256","258","17"
"4.2103259806391256","259.5","17"
"4.182275078999649","261","17"
"3.9962833791647667","262.5","17"
"3.8440575481630126","264","17"
"3.7973030325224544","265.5","17"
"3.74516860584734","267","17"
"3.6056428058359717","268.5","17"
"3.448657307294173","270","17"
"3.284169979270263","271.5","17"
"3.1523990930211787","273","17"
"3.137662855623936","274.5","17"
"3.1208205954666854","276","17"
"2.946321166048705","277.5","17"
"2.7604373075450295","279","17"
"2.6433848929247525","280.5","17"
"2.537854981695733","282","17"
"2.5720492548922813","283.5","17"
"2.8248497502901433","285","17"
"3.0594090091864756","286.5","17"
"3.0890142597240073","288","17"
"3.048687212095419","289.5","17"
"3.016555793958381","291","17"
"2.939769649337833","292.5","17"
"2.829490667693801","294","17"
"2.7360913478247793","295.5","17"
"2.7065827181331263","297","17"
"2.746881091188099","298.5","17"
"2.817078317480015","300","17"
"3.5984741624320677","1.5","18"
"3.327284694142526","3","18"
"3.394269121468901","4.5","18"
"3.3938798329640543","6","18"
"3.3288833016215964","7.5","18"
"3.225764859697621","9","18"
"3.204213735864449","10.5","18"
"3.3088597221937524","12","18"
"3.4065645916271885","13.5","18"
"3.409168990943842","15","18"
"3.3372999123380755","16.5","18"
"3.2668243556739993","18","18"
"3.2449740188987515","19.5","18"
"3.2565566765585725","21","18"
"3.269947702437065","22.5","18"
"3.2690494402505412","24","18"
"3.2684581830097934","25.5","18"
"3.272069932564769","27","18"
"3.2697151890466603","28.5","18"
"3.243371359577757","30","18"
"3.1933463841442786","31.5","18"
"3.1215090969136083","33","18"
"3.0369817524572875","34.5","18"
"2.958380382654812","36","18"
"2.9021464269931085","37.5","18"
"2.892410785890311","39","18"
"2.872287468815108","40.5","18"
"2.7875054816778753","42","18"
"2.6313693115393653","43.5","18"
"2.5020954507959496","45","18"
"2.5748894402408933","46.5","18"
"2.7609534498701107","48","18"
"2.8972973072505894","49.5","18"
"3.006194610798556","51","18"
"3.149460884266022","52.5","18"
"3.215752134943255","54","18"
"3.1235646274896407","55.5","18"
"2.948355502374674","57","18"
"2.801191356976372","58.5","18"
"2.775429434343777","60","18"
"2.875302039206524","61.5","18"
"2.9743215755042063","63","18"
"3.0096573772427897","64.5","18"
"3.0099637588282695","66","18"
"2.99573400167152","67.5","18"
"2.97466006014493","69","18"
"2.9594478871616974","70.5","18"
"2.9587893070089826","72","18"
"2.971159892082937","73.5","18"
"2.9858462606565004","75","18"
"2.992663017173317","76.5","18"
"2.9950710579967326","78","18"
"3.005939656437495","79.5","18"
"3.0440244770814013","81","18"
"3.1450178837563416","82.5","18"
"3.3713759029184596","84","18"
"3.6957361343752018","85.5","18"
"3.800913535356838","87","18"
"3.5703138610606446","88.5","18"
"3.43632692895931","90","18"
"3.5884583208762217","91.5","18"
"3.9520294733515793","93","18"
"4.1670872170679605","94.5","18"
"4.003687652760556","96","18"
"3.7323647853676714","97.5","18"
"3.6529499303789263","99","18"
"3.7803473207913334","100.5","18"
"3.942310039616477","102","18"
"4.001031826219483","103.5","18"
"3.9513066870883766","105","18"
"3.8785477616600827","106.5","18"
"3.8436137156322663","108","18"
"3.8488356048317884","109.5","18"
"3.855806643021863","111","18"
"3.8354726301666155","112.5","18"
"3.772667833624864","114","18"
"3.684298719664347","115.5","18"
"3.6082338029062613","117","18"
"3.5243036376135004","118.5","18"
"3.4002050698874817","120","18"
"3.2966773919291876","121.5","18"
"3.2227368870598414","123","18"
"2.9907527295462506","124.5","18"
"2.6853354824442506","126","18"
"2.515208146302282","127.5","18"
"2.445574593558016","129","18"
"2.5063540924980905","130.5","18"
"2.7741696231855775","132","18"
"3.09373216212422","133.5","18"
"3.240669716054929","135","18"
"3.168805936011679","136.5","18"
"2.9957134307817523","138","18"
"2.8073669874287615","139.5","18"
"2.7119766547743422","141","18"
"2.6834068056884526","142.5","18"
"2.659020950909259","144","18"
"2.6808740928058383","145.5","18"
"2.748364688692559","147","18"
"2.824419631685909","148.5","18"
"2.8656103450045936","150","18"
"2.8639699723856915","151.5","18"
"2.8465495455539087","153","18"
"2.837298255401097","154.5","18"
"2.844438847591681","156","18"
"2.8636177738184565","157.5","18"
"2.880816907745162","159","18"
"2.8700165672568105","160.5","18"
"2.814907776929372","162","18"
"2.7402535245211155","163.5","18"
"2.693471581027534","165","18"
"2.7000957192128894","166.5","18"
"2.7453360926944836","168","18"
"2.794923157520028","169.5","18"
"2.823373633109235","171","18"
"2.8365633136121224","172.5","18"
"2.862024153221754","174","18"
"2.9072112293980408","175.5","18"
"2.941916813877376","177","18"
"2.9354161010306274","178.5","18"
"2.901815734356085","180","18"
"2.8790777325193453","181.5","18"
"2.876171626819432","183","18"
"2.8827162865670486","184.5","18"
"2.897562235376386","186","18"
"2.918265277526861","187.5","18"
"2.9341129663318566","189","18"
"2.9362168073308283","190.5","18"
"2.9241245526290345","192","18"
"2.9054309123926885","193.5","18"
"2.8898269574634257","195","18"
"2.884333594854999","196.5","18"
"2.889367229245132","198","18"
"2.900531612146342","199.5","18"
"2.911981805743265","201","18"
"2.919544101174088","202.5","18"
"2.921754225103526","204","18"
"2.9203176913014133","205.5","18"
"2.919448415368653","207","18"
"2.9230660868464406","208.5","18"
"2.932651809798052","210","18"
"2.947378073430559","211.5","18"
"2.965479833065861","213","18"
"2.985502165773113","214.5","18"
"3.0066964158368292","216","18"
"3.0271348415416557","217.5","18"
"3.0403572484600825","219","18"
"3.04009325537473","220.5","18"
"3.0288693415652523","222","18"
"3.016274346784741","223.5","18"
"3.0130518857346122","225","18"
"3.0261620877997606","226.5","18"
"3.0517341972222263","228","18"
"3.0854208992977634","229.5","18"
"3.1474857671681726","231","18"
"3.282677966401807","232.5","18"
"3.468463957339012","234","18"
"3.5645621156095295","235.5","18"
"3.539573159743964","237","18"
"3.5162529393907684","238.5","18"
"3.574539620507172","240","18"
"3.734558078569118","241.5","18"
"4.000495736364931","243","18"
"4.217013701574672","244.5","18"
"4.111272782885459","246","18"
"3.8833292468104865","247.5","18"
"3.8840872529304127","249","18"
"4.08779765749871","250.5","18"
"4.217502416046729","252","18"
"4.131239636526368","253.5","18"
"3.942089681751844","255","18"
"3.824816285906638","256.5","18"
"3.796580869619548","258","18"
"3.7409518851251047","259.5","18"
"3.598760284807928","261","18"
"3.4472990052092074","262.5","18"
"3.2796272411132237","264","18"
"3.1439291849993922","265.5","18"
"3.1484603909909556","267","18"
"3.1057221857374717","268.5","18"
"2.9027367491934126","270","18"
"2.7272112687282304","271.5","18"
"2.6229595577861415","273","18"
"2.528754077214329","274.5","18"
"2.594271737764236","276","18"
"2.870004100050891","277.5","18"
"3.0847828900348158","279","18"
"3.0943527172988796","280.5","18"
"3.0493884924284096","282","18"
"2.9970118902783027","283.5","18"
"2.899710646636521","285","18"
"2.7926687750095742","286.5","18"
"2.717271477128495","288","18"
"2.708262674130824","289.5","18"
"2.7599710340436276","291","18"
"2.8314305649349274","292.5","18"
"2.8879621751379663","294","18"
"2.9103030964661594","295.5","18"
"2.8972299843386224","297","18"
"2.8650284381682853","298.5","18"
"2.8351186761261618","300","18"
"3.767811233558793","1.5","19"
"3.845049626074083","3","19"
"4.051289938403662","4.5","19"
"3.6214699237512","6","19"
"3.183085873672256","7.5","19"
"3.059365062285608","9","19"
"3.128705791530832","10.5","19"
"3.1894737583054305","12","19"
"3.2653946788351425","13.5","19"
"3.460779794970323","15","19"
"3.7333899013744296","16.5","19"
"3.951437592750535","18","19"
"3.9842085785512604","19.5","19"
"3.841461252530207","21","19"
"3.710962644645242","22.5","19"
"3.6985986048543955","24","19"
"3.7502212527265004","25.5","19"
"3.805170462818165","27","19"
"3.831741818795105","28.5","19"
"3.82647224253294","30","19"
"3.8025579598176638","31.5","19"
"3.7934017321099907","33","19"
"3.820194692672156","34.5","19"
"3.8566777890355115","36","19"
"3.864835081868858","37.5","19"
"3.830850413571837","39","19"
"3.762514229443604","40.5","19"
"3.6351829152225723","42","19"
"3.363930487543135","43.5","19"
"3.0586129780884943","45","19"
"2.9640785191204717","46.5","19"
"3.070054756321421","48","19"
"3.146758929063046","49.5","19"
"2.8210179545506824","51","19"
"2.622024517342154","52.5","19"
"2.6896107990343094","54","19"
"2.6934815547922697","55.5","19"
"2.572426387871356","57","19"
"2.4701033536850656","58.5","19"
"2.434477066048551","60","19"
"2.436302576675362","61.5","19"
"2.5219798650377134","63","19"
"2.688530203961208","64.5","19"
"2.8442636833485073","66","19"
"2.887262453205716","67.5","19"
"2.799012712741881","69","19"
"2.706978551921081","70.5","19"
"2.7409286237216746","72","19"
"2.877851271136982","73.5","19"
"2.943350542558157","75","19"
"2.8706442910748744","76.5","19"
"2.7486249416161357","78","19"
"2.6819366104303564","79.5","19"
"2.697648095010678","81","19"
"2.7699840704781415","82.5","19"
"2.8469385223786077","84","19"
"2.8800944331621077","85.5","19"
"2.881425930754346","87","19"
"2.886702987340063","88.5","19"
"2.9028146692304118","90","19"
"2.8985664688132284","91.5","19"
"2.8765923950192267","93","19"
"2.8707714565752567","94.5","19"
"2.883156690616167","96","19"
"2.8988519678287927","97.5","19"
"2.9110349214536537","99","19"
"2.916254940572288","100.5","19"
"2.9115644660250983","102","19"
"2.900046949516209","103.5","19"
"2.889493771385218","105","19"
"2.885313828920446","106.5","19"
"2.888445902727656","108","19"
"2.8963205016667706","109.5","19"
"2.9042580599957803","111","19"
"2.9080639862829574","112.5","19"
"2.9062581115054695","114","19"
"2.9003558245428724","115.5","19"
"2.89412939022636","117","19"
"2.8908698392386194","118.5","19"
"2.891662441854973","120","19"
"2.895567170749065","121.5","19"
"2.9006634528489443","123","19"
"2.905045364049618","124.5","19"
"2.9076055047852556","126","19"
"2.908754669490916","127.5","19"
"2.910119828539138","129","19"
"2.913398703696054","130.5","19"
"2.9194717913797525","132","19"
"2.9281648623875043","133.5","19"
"2.9385497332385775","135","19"
"2.949556094304754","136.5","19"
"2.9605739875364065","138","19"
"2.9717056440220775","139.5","19"
"2.9836121373556663","141","19"
"2.996770026483458","142.5","19"
"3.011111053453042","144","19"
"3.025516909893409","145.5","19"
"3.0370157255934194","147","19"
"3.04248041362823","148.5","19"
"3.041224342631807","150","19"
"3.0359457276453496","151.5","19"
"3.0332655900527334","153","19"
"3.0431181112110295","154.5","19"
"3.0650815878799995","156","19"
"3.095233525397116","157.5","19"
"3.15290432654108","159","19"
"3.280524568259304","160.5","19"
"3.4550333480817237","162","19"
"3.5363304394842157","163.5","19"
"3.5056452172338783","165","19"
"3.491918823516142","166.5","19"
"3.553941614566572","168","19"
"3.6988925192339557","169.5","19"
"3.9489575538129325","171","19"
"4.214418340982311","172.5","19"
"4.184035448475529","174","19"
"3.9349718422120636","175.5","19"
"3.8647291106185397","177","19"
"4.043621360042373","178.5","19"
"4.218492623876912","180","19"
"4.174426972873114","181.5","19"
"3.9731165054443847","183","19"
"3.828105758188586","184.5","19"
"3.7697349234322233","186","19"
"3.6885434915999022","187.5","19"
"3.5497940868371916","189","19"
"3.3964960761263314","190.5","19"
"3.2700334144777643","192","19"
"3.1796050297794385","193.5","19"
"3.1441903729634126","195","19"
"3.0982761470018514","196.5","19"
"2.942012188002663","198","19"
"2.7661977800402884","199.5","19"
"2.6262689775975616","201","19"
"2.52419107984767","202.5","19"
"2.610937119437499","204","19"
"2.8839153200963885","205.5","19"
"3.076753386062147","207","19"
"3.070554691278806","208.5","19"
"3.0320646864425056","210","19"
"3.010818074113926","211.5","19"
"2.942155560870741","213","19"
"2.834677960396896","214.5","19"
"2.7405019335990684","216","19"
"2.713256413462013","217.5","19"
"2.7551992109778114","219","19"
"2.8238642176621807","220.5","19"
"2.88246569572806","222","19"
"2.912034168008128","223.5","19"
"2.910990662872638","225","19"
"2.890840541304708","226.5","19"
"2.8663396765509037","228","19"
"2.848424613324252","229.5","19"
"2.8393238646829215","231","19"
"2.830696869866545","232.5","19"
"2.8119580360087397","234","19"
"2.7799191868756568","235.5","19"
"2.7436128131562145","237","19"
"2.720948056154254","238.5","19"
"2.724304227987873","240","19"
"2.755184250330708","241.5","19"
"2.7941224512198266","243","19"
"2.8162423913230903","244.5","19"
"2.81716465288101","246","19"
"2.82029672668822","247.5","19"
"2.8483878350667884","249","19"
"2.895597092043272","250.5","19"
"2.929540930240906","252","19"
"2.9295736566564456","253.5","19"
"2.9102388903556724","255","19"
"2.8951270783800944","256.5","19"
"2.8881856498040794","258","19"
"2.8849809545223866","259.5","19"
"2.8908498917091476","261","19"
"2.906900172610341","262.5","19"
"2.9245671384391887","264","19"
"2.933843674683988","265.5","19"
"2.9296512650132964","267","19"
"2.9163366007710625","268.5","19"
"2.902561273270091","270","19"
"2.8948633969748903","271.5","19"
"2.895272944689357","273","19"
"2.9026884387704732","274.5","19"
"2.913748097141957","276","19"
"2.924003309051464","277.5","19"
"2.930672640858279","279","19"
"2.934326778913382","280.5","19"
"2.9380893816599873","282","19"
"2.94550861590288","283.5","19"
"2.9586259866114326","285","19"
"2.9773133932448186","286.5","19"
"2.999842569382401","288","19"
"3.022854538069229","289.5","19"
"3.039446830747787","291","19"
"3.042405298712563","292.5","19"
"3.032800251591776","294","19"
"3.0186936080934847","295.5","19"
"3.015737010209596","297","19"
"3.029731448854609","298.5","19"
"3.0537950263607745","300","19"