"nusselt","time","episode"
"9.773767316995379","1.5","0"
"4.544891055146711","3","0"
"4.488052861711185","4.5","0"
"9.201063442583502","6","0"
"9.374824159623595","7.5","0"
"4.4424364353257335","9","0"
"5.723284027893994","10.5","0"
"9.589420064459713","12","0"
"7.64164488333996","13.5","0"
"3.7909271338416595","15","0"
"5.244655039127193","16.5","0"
"9.85978624436161","18","0"
"8.634101785450946","19.5","0"
"3.8155584960924744","21","0"
"5.313640003203018","22.5","0"
"8.012158841397499","24","0"
"9.209047943472584","25.5","0"
"7.353033906998386","27","0"
"6.087504807556669","28.5","0"
"6.960589922427813","30","0"
"7.642336787996686","31.5","0"
"6.926795505166433","33","0"
"6.4012732203805776","34.5","0"
"7.38091953734086","36","0"
"7.799769737881051","37.5","0"
"6.4112422654666945","39","0"
"5.548005457333449","40.5","0"
"5.115007186430051","42","0"
"5.116163810525019","43.5","0"
"6.198555504961171","45","0"
"5.866047022065101","46.5","0"
"5.539366505316067","48","0"
"5.673362416977804","49.5","0"
"4.977570478248897","51","0"
"4.46804873505462","52.5","0"
"5.449912695145434","54","0"
"6.678451507169884","55.5","0"
"6.362461015929182","57","0"
"5.649273884484384","58.5","0"
"5.79774952735974","60","0"
"5.553914737061939","61.5","0"
"5.332283482596605","63","0"
"5.253849387546377","64.5","0"
"4.918240639553822","66","0"
"5.008863394059038","67.5","0"
"5.5998835223003525","69","0"
"5.759546435554864","70.5","0"
"5.022894668550704","72","0"
"5.412299003603695","73.5","0"
"6.833819584894932","75","0"
"6.794791529845497","76.5","0"
"5.676466624550964","78","0"
"5.550783917771213","79.5","0"
"5.591108554837631","81","0"
"4.641272782457125","82.5","0"
"5.0947029387364875","84","0"
"6.272194069944021","85.5","0"
"5.608187363800233","87","0"
"5.001177042968615","88.5","0"
"5.789030247380074","90","0"
"6.094778677024812","91.5","0"
"4.774736952577119","93","0"
"4.940414606811216","94.5","0"
"6.294637111234586","96","0"
"5.789631967882825","97.5","0"
"4.64715347922971","99","0"
"5.154277210985505","100.5","0"
"6.007933800794854","102","0"
"5.056720625625495","103.5","0"
"5.065315224780266","105","0"
"6.254322823169444","106.5","0"
"5.986665124744302","108","0"
"4.68512150086275","109.5","0"
"5.157547495388663","111","0"
"6.031683773103679","112.5","0"
"4.911938097776852","114","0"
"4.60271782460887","115.5","0"
"6.009364919828424","117","0"
"6.383016103701287","118.5","0"
"4.962396871140215","120","0"
"5.0209431425958355","121.5","0"
"5.965233821530844","123","0"
"5.235363114410265","124.5","0"
"4.487687196999439","126","0"
"5.569036599164242","127.5","0"
"6.399591261268466","129","0"
"5.153796721640557","130.5","0"
"4.920877663640817","132","0"
"5.881423666722623","133.5","0"
"5.686919608649121","135","0"
"4.591690717344698","136.5","0"
"5.394107923408736","138","0"
"6.530521404504639","139.5","0"
"5.355764380872259","141","0"
"4.698821114504006","142.5","0"
"5.5604538274395","144","0"
"5.921775901125777","145.5","0"
"4.7505015628275","147","0"
"5.2248573996865595","148.5","0"
"6.461422108605196","150","0"
"5.757368710000682","151.5","0"
"4.728592727126601","153","0"
"5.349101595288973","154.5","0"
"5.974941677537142","156","0"
"4.817190034239263","157.5","0"
"4.985902902704682","159","0"
"6.3716676845879805","160.5","0"
"6.159199731538004","162","0"
"4.891676724517145","163.5","0"
"5.206227226151755","165","0"
"6.06584878317265","166.5","0"
"5.042820438483322","168","0"
"4.753007006755416","169.5","0"
"6.030662178834881","171","0"
"6.375345522517571","172.5","0"
"5.072817757895647","174","0"
"5.157325238266025","175.5","0"
"6.089753990500612","177","0"
"5.385194476452752","178.5","0"
"4.635867646933642","180","0"
"5.671605550808838","181.5","0"
"6.383884434189286","183","0"
"5.154336840945238","184.5","0"
"5.046035528213009","186","0"
"6.010381093191792","187.5","0"
"5.712638355248274","189","0"
"4.6961495937460915","190.5","0"
"5.489568096796017","192","0"
"6.3875179192562666","193.5","0"
"5.2525769531990365","195","0"
"4.855824827240217","196.5","0"
"5.829175008948128","198","0"
"5.854081112542336","199.5","0"
"4.736098217099489","201","0"
"5.387780741152537","202.5","0"
"6.480840284665716","204","0"
"5.410832402280036","205.5","0"
"4.7379073210844185","207","0"
"5.658544618389176","208.5","0"
"5.903809049291794","210","0"
"4.7135265525073535","211.5","0"
"5.236397521728262","213","0"
"6.489319073568115","214.5","0"
"5.6475874900860115","216","0"
"4.717277326255459","217.5","0"
"5.528448308970082","219","0"
"5.993834025770934","220.5","0"
"4.705548950952454","222","0"
"5.0799940510660475","223.5","0"
"6.417222016965777","225","0"
"5.825192121885693","226.5","0"
"4.7056987650661615","228","0"
"5.421639716469494","229.5","0"
"6.124529591644856","231","0"
"4.767946036501846","232.5","0"
"4.981933814310614","234","0"
"6.344612438395494","235.5","0"
"5.9236145736857795","237","0"
"4.688301108302348","238.5","0"
"5.3545294000533445","240","0"
"6.213732068927361","241.5","0"
"4.852457952158485","243","0"
"4.95599773868467","244.5","0"
"6.339829228567729","246","0"
"5.959652260176088","247.5","0"
"4.644421342892895","249","0"
"5.370565423935012","250.5","0"
"6.319304694989866","252","0"
"4.8299188129989306","253.5","0"
"4.922899168556692","255","0"
"6.328603026231393","256.5","0"
"5.873631854381103","258","0"
"4.5797573332545145","259.5","0"
"5.519368785184101","261","0"
"6.4406876381443094","262.5","0"
"4.7652577602180575","264","0"
"4.9117197831308905","265.5","0"
"6.332571621815876","267","0"
"5.686541623697762","268.5","0"
"4.506740201157799","270","0"
"5.699562145731489","271.5","0"
"6.45934442339668","273","0"
"4.695042250609579","274.5","0"
"5.054922363451426","276","0"
"6.404464162440621","277.5","0"
"5.398993637630089","279","0"
"4.54299423105573","280.5","0"
"5.960830075083193","282","0"
"6.307324001179565","283.5","0"
"4.512474533483768","285","0"
"5.257412893652349","286.5","0"
"6.496853146496908","288","0"
"5.110863643443048","289.5","0"
"4.706962328840979","291","0"
"6.256022030617015","292.5","0"
"5.930531156205116","294","0"
"4.355884287989006","295.5","0"
"5.482775209482406","297","0"
"6.451634910255783","298.5","0"
"4.7251381319388175","300","0"
"6.20594863434878","1.5","1"
"10.010788029167433","3","1"
"7.077098978790931","4.5","1"
"3.4565913130060304","6","1"
"6.677301782409099","7.5","1"
"10.1091952038704","9","1"
"5.459557964334493","10.5","1"
"1.811476986281335","12","1"
"7.268189837681752","13.5","1"
"11.158654897818156","15","1"
"5.974236467021633","16.5","1"
"1.8665196279955074","18","1"
"6.530075411830611","19.5","1"
"10.21674301074783","21","1"
"6.892023353689281","22.5","1"
"2.5324439794352256","24","1"
"5.320481185855916","25.5","1"
"9.582641961433639","27","1"
"7.837133082153833","28.5","1"
"4.456751568138108","30","1"
"6.180279168708084","31.5","1"
"8.28989498863653","33","1"
"6.320040952509204","34.5","1"
"4.384540179712151","36","1"
"5.757222345554067","37.5","1"
"8.844066265811346","39","1"
"8.511061030854036","40.5","1"
"5.013387878854907","42","1"
"4.464611388202297","43.5","1"
"8.085426813572756","45","1"
"10.033700717992087","46.5","1"
"6.5869638718437615","48","1"
"3.614015145913081","49.5","1"
"5.147015168947391","51","1"
"8.933328865863167","52.5","1"
"9.910177010002304","54","1"
"8.514080967988235","55.5","1"
"6.252773429835579","57","1"
"5.508333792966575","58.5","1"
"6.966452385245769","60","1"
"8.281109179362947","61.5","1"
"8.576790002004655","63","1"
"7.907643784703463","64.5","1"
"6.571329980583099","66","1"
"6.918438933041005","67.5","1"
"7.886287881356444","69","1"
"8.68279038678656","70.5","1"
"8.560140922999793","72","1"
"7.759078450483718","73.5","1"
"7.140034705216251","75","1"
"6.910635786079041","76.5","1"
"7.191576181236898","78","1"
"7.9949578156579255","79.5","1"
"8.706889761090842","81","1"
"8.4117303309896","82.5","1"
"7.617987066423448","84","1"
"7.233309760905581","85.5","1"
"7.333224932937308","87","1"
"7.548539846957303","88.5","1"
"7.927498097246321","90","1"
"6.751894919557247","91.5","1"
"4.46873669723467","93","1"
"3.708458406722617","94.5","1"
"4.224367208537618","96","1"
"5.182854745984706","97.5","1"
"5.881079192823013","99","1"
"5.490064848857256","100.5","1"
"5.985495687600135","102","1"
"6.052068348759526","103.5","1"
"5.264108697477801","105","1"
"4.040495270846262","106.5","1"
"4.295320454094186","108","1"
"5.6670919078238295","109.5","1"
"5.925719856231031","111","1"
"5.989150363479251","112.5","1"
"6.237237114872658","114","1"
"5.864401038052661","115.5","1"
"5.091537129965258","117","1"
"5.197285689049452","118.5","1"
"5.1812856402674585","120","1"
"4.784205795934905","121.5","1"
"5.561703099736366","123","1"
"6.549064843552561","124.5","1"
"5.534595122918332","126","1"
"5.008158183543528","127.5","1"
"5.466368099983564","129","1"
"5.381581689388324","130.5","1"
"4.773785337269328","132","1"
"5.111614192440338","133.5","1"
"5.883143572172746","135","1"
"5.736229150061285","136.5","1"
"5.4674626300708775","138","1"
"6.052411837039966","139.5","1"
"5.682456725051322","141","1"
"4.747782732349468","142.5","1"
"5.326735925103184","144","1"
"6.161298607558655","145.5","1"
"5.340975165239535","147","1"
"4.886805794583329","148.5","1"
"5.602420998851265","150","1"
"5.92790595954815","151.5","1"
"5.004822848275208","153","1"
"5.203923341343925","154.5","1"
"6.0951068882081305","156","1"
"5.693462148693774","157.5","1"
"4.963247460483171","159","1"
"5.468904590915307","160.5","1"
"5.866172688509164","162","1"
"5.131182182614564","163.5","1"
"5.190104467783206","165","1"
"6.1855408966424585","166.5","1"
"5.873659451717839","168","1"
"4.860154652250183","169.5","1"
"5.203318171174082","171","1"
"6.046470031878895","172.5","1"
"5.265546715845555","174","1"
"4.859725907911614","175.5","1"
"5.766766588778291","177","1"
"6.130314683358036","178.5","1"
"5.159209249307808","180","1"
"5.164067366192426","181.5","1"
"5.964726720468329","183","1"
"5.533869214400271","184.5","1"
"4.824128793189905","186","1"
"5.577062988868013","187.5","1"
"6.235832607556655","189","1"
"5.257007311364254","190.5","1"
"4.939351616537315","192","1"
"5.783246634095648","193.5","1"
"5.815618310086395","195","1"
"4.881019224441395","196.5","1"
"5.289423833027197","198","1"
"6.234870643247589","199.5","1"
"5.573370366650885","201","1"
"4.889065819338133","202.5","1"
"5.569099185981481","204","1"
"5.9795755660607846","205.5","1"
"5.0572232914017485","207","1"
"5.114299019057034","208.5","1"
"6.130821784420551","210","1"
"5.852533197637225","211.5","1"
"4.883956369565388","213","1"
"5.287889223980868","214.5","1"
"6.048102217222967","216","1"
"5.2763870482771775","217.5","1"
"4.934853743459012","219","1"
"5.912417939924517","220.5","1"
"6.158316616762467","222","1"
"5.063708665534593","223.5","1"
"5.108863329339309","225","1"
"5.975410832261646","226.5","1"
"5.528166914697297","228","1"
"4.828845473723753","229.5","1"
"5.612006638080593","231","1"
"6.308871423275092","232.5","1"
"5.301542513521175","234","1"
"4.958132096995411","235.5","1"
"5.7958428470770675","237","1"
"5.814431131797184","238.5","1"
"4.863306662353046","240","1"
"5.331127351311221","241.5","1"
"6.31711464919607","243","1"
"5.588576992001733","244.5","1"
"4.869770352864169","246","1"
"5.555718420141438","247.5","1"
"5.997879006841024","249","1"
"4.993415292011754","250.5","1"
"5.0797575024654575","252","1"
"6.187973404751859","253.5","1"
"5.916324441501345","255","1"
"4.893330593482937","256.5","1"
"5.30221372017535","258","1"
"6.068561699935667","259.5","1"
"5.209814879927372","261","1"
"4.880110976377046","262.5","1"
"5.9369928754779","264","1"
"6.179853381227021","265.5","1"
"5.012177045705636","267","1"
"5.077122942426386","268.5","1"
"6.010914805971874","270","1"
"5.50004227170631","271.5","1"
"4.772337462709884","273","1"
"5.639248166296043","274.5","1"
"6.34592873279586","276","1"
"5.216395366310035","277.5","1"
"4.897016809175465","279","1"
"5.810275761380153","280.5","1"
"5.771654274237982","282","1"
"4.7551891675958595","283.5","1"
"5.333554931324777","285","1"
"6.413841836025262","286.5","1"
"5.518622178663489","288","1"
"4.802015441511412","289.5","1"
"5.584021460202036","291","1"
"5.969160528300638","292.5","1"
"4.844044706930832","294","1"
"5.051254874523111","295.5","1"
"6.277897355266164","297","1"
"5.842021076388921","298.5","1"
"4.779158932979399","300","1"
"4.451718011041385","1.5","2"
"9.573808842439938","3","2"
"9.946305866265757","4.5","2"
"4.014621289227972","6","2"
"4.847467762305205","7.5","2"
"9.504370000736731","9","2"
"8.727010190809363","10.5","2"
"4.0174744103177975","12","2"
"5.627942128807009","13.5","2"
"9.025792756976308","15","2"
"7.2111840889874745","16.5","2"
"4.519344299092571","18","2"
"6.606136135921585","19.5","2"
"9.942233287858931","21","2"
"8.083309703597475","22.5","2"
"4.059733817813209","24","2"
"5.615243411432","25.5","2"
"8.209555691732382","27","2"
"9.096928834888748","28.5","2"
"7.56561816311032","30","2"
"6.6667186965806176","31.5","2"
"7.1014595421750295","33","2"
"7.490181335953402","34.5","2"
"7.041466874588718","36","2"
"6.408409595974629","37.5","2"
"7.04768958121299","39","2"
"7.973704416704495","40.5","2"
"7.239066762472441","42","2"
"5.57401348315874","43.5","2"
"4.979592475974358","45","2"
"5.155079997798758","46.5","2"
"6.380543678015537","48","2"
"6.1099828383277375","49.5","2"
"5.1277886958152665","51","2"
"5.169359648321043","52.5","2"
"5.048342862687931","54","2"
"4.872835628480148","55.5","2"
"5.541566407301554","57","2"
"6.795026600017334","58.5","2"
"6.818592261541532","60","2"
"5.845598873972845","61.5","2"
"5.780744639834824","63","2"
"5.8329001565978364","64.5","2"
"5.2206709822657","66","2"
"5.602986251444759","67.5","2"
"5.08288684332743","69","2"
"5.0418254559320905","70.5","2"
"5.457941548897128","72","2"
"5.839376167348573","73.5","2"
"5.136396600828821","75","2"
"4.999336399170273","76.5","2"
"6.349164027718514","78","2"
"7.023530084139393","79.5","2"
"6.100684507086211","81","2"
"5.422592317396454","82.5","2"
"5.721284699409424","84","2"
"4.86103234612029","85.5","2"
"4.876096549501199","87","2"
"6.1090686765483735","88.5","2"
"6.004835506936709","90","2"
"4.949883942978587","91.5","2"
"5.428116220029816","93","2"
"6.210975292111318","94.5","2"
"4.9548278087309185","96","2"
"4.622482938616922","97.5","2"
"6.069334425364261","99","2"
"6.201748418259553","100.5","2"
"4.790084521469152","102","2"
"4.989631992831066","103.5","2"
"5.945335156125376","105","2"
"5.165909488419521","106.5","2"
"4.81645525514868","108","2"
"6.1331389750871645","109.5","2"
"6.208058352180292","111","2"
"4.7326825538688855","112.5","2"
"5.043415752461474","114","2"
"6.060053342458194","115.5","2"
"5.018466774433408","117","2"
"4.399711815582495","118.5","2"
"5.855423033041101","120","2"
"6.564117712313025","121.5","2"
"5.013020735714408","123","2"
"4.972036226614259","124.5","2"
"5.910003665769746","126","2"
"5.311608642095451","127.5","2"
"4.364519297529712","129","2"
"5.4708196489609175","130.5","2"
"6.5324369553598345","132","2"
"5.183264270749477","133.5","2"
"4.821037891475528","135","2"
"5.803276879660194","136.5","2"
"5.73619514619995","138","2"
"4.485890413254125","139.5","2"
"5.276396904468869","141","2"
"6.593834130262149","142.5","2"
"5.45717276594521","144","2"
"4.697395416375866","145.5","2"
"5.562728143672256","147","2"
"5.991026489567681","148.5","2"
"4.705163081047742","150","2"
"5.055435378228956","151.5","2"
"6.3993034604710815","153","2"
"5.86630081900115","154.5","2"
"4.720570279899507","156","2"
"5.312118207205889","157.5","2"
"6.070201277423506","159","2"
"4.886857539589708","160.5","2"
"4.8751981576285415","162","2"
"6.255396162444621","163.5","2"
"6.188537178916599","165","2"
"4.838519325868717","166.5","2"
"5.097566655232381","168","2"
"6.06020414219107","169.5","2"
"5.130492742005761","171","2"
"4.727597744575369","172.5","2"
"6.0190131458749905","174","2"
"6.495851757421076","175.5","2"
"5.125433066001057","177","2"
"5.048139332329507","178.5","2"
"5.9727964774155415","180","2"
"5.432689985784141","181.5","2"
"4.588971886866666","183","2"
"5.608504240363106","184.5","2"
"6.515902700988175","186","2"
"5.326470793546689","187.5","2"
"5.014676083108953","189","2"
"5.936678462962949","190.5","2"
"5.7843608765663435","192","2"
"4.638446026680073","193.5","2"
"5.343849723546289","195","2"
"6.437373000878542","196.5","2"
"5.41517159067211","198","2"
"4.855630660263899","199.5","2"
"5.764011290391001","201","2"
"5.973060623352867","202.5","2"
"4.784078651062088","204","2"
"5.256603700314497","205.5","2"
"6.427287159920883","207","2"
"5.567961288650727","208.5","2"
"4.72950097519095","210","2"
"5.56831808278995","211.5","2"
"6.017177430172495","213","2"
"4.799001418092227","214.5","2"
"5.119908177748526","216","2"
"6.406140700647303","217.5","2"
"5.800575297517622","219","2"
"4.7036964797240834","220.5","2"
"5.403304735875843","222","2"
"6.072815139460027","223.5","2"
"4.8209703765624425","225","2"
"4.972044111567612","226.5","2"
"6.3203420591653705","228","2"
"5.993550167450226","229.5","2"
"4.734648864111291","231","2"
"5.308659669541428","232.5","2"
"6.173978105359866","234","2"
"4.88112025040623","235.5","2"
"4.858337170502317","237","2"
"6.237164179054143","238.5","2"
"6.09398673202242","240","2"
"4.752536866411743","241.5","2"
"5.246491740448858","243","2"
"6.234548345779285","244.5","2"
"4.984205666495448","246","2"
"4.837241963425531","247.5","2"
"6.241598972505622","249","2"
"6.121173558373984","250.5","2"
"4.703352498634058","252","2"
"5.260109547699075","253.5","2"
"6.333959373606004","255","2"
"5.006192366110708","256.5","2"
"4.79570846444818","258","2"
"6.2290890012015","259.5","2"
"6.044091240014212","261","2"
"4.616593371271814","262.5","2"
"5.3961200649425045","264","2"
"6.492608084735486","265.5","2"
"4.935805358766802","267","2"
"4.773303862305211","268.5","2"
"6.230546731952637","270","2"
"5.871081071971408","271.5","2"
"4.508210252148548","273","2"
"5.5569287604811235","274.5","2"
"6.540054805918003","276","2"
"4.831208002872146","277.5","2"
"4.897379024220119","279","2"
"6.3222053722046025","280.5","2"
"5.582441019864344","282","2"
"4.505949241774576","283.5","2"
"5.815837117541941","285","2"
"6.444463052371643","286.5","2"
"4.588720061168955","288","2"
"5.079428798472555","289.5","2"
"6.449445850081156","291","2"
"5.254919769964046","292.5","2"
"4.596056024644753","294","2"
"6.125948883248396","295.5","2"
"6.089308983445752","297","2"
"4.394718668871707","298.5","2"
"5.3608491901657755","300","2"
"4.451718011041385","1.5","3"
"9.573808842439938","3","3"
"9.946305866265757","4.5","3"
"4.014621289227972","6","3"
"4.847467762305205","7.5","3"
"9.504370000736731","9","3"
"8.727010190809363","10.5","3"
"4.0174744103177975","12","3"
"5.627942128807009","13.5","3"
"9.025792756976308","15","3"
"7.2111840889874745","16.5","3"
"4.519344299092571","18","3"
"6.606136135921585","19.5","3"
"9.942233287858931","21","3"
"8.083309703597475","22.5","3"
"4.059733817813209","24","3"
"5.615243411432","25.5","3"
"8.209555691732382","27","3"
"9.096928834888748","28.5","3"
"7.56561816311032","30","3"
"6.6667186965806176","31.5","3"
"7.1014595421750295","33","3"
"7.490181335953402","34.5","3"
"7.041466874588718","36","3"
"6.408409595974629","37.5","3"
"7.04768958121299","39","3"
"7.973704416704495","40.5","3"
"7.239066762472441","42","3"
"5.57401348315874","43.5","3"
"4.979592475974358","45","3"
"5.155079997798758","46.5","3"
"6.380543678015537","48","3"
"6.1099828383277375","49.5","3"
"5.1277886958152665","51","3"
"5.169359648321043","52.5","3"
"5.048342862687931","54","3"
"4.872835628480148","55.5","3"
"5.541566407301554","57","3"
"6.795026600017334","58.5","3"
"6.818592261541532","60","3"
"5.845598873972845","61.5","3"
"5.780744639834824","63","3"
"5.8329001565978364","64.5","3"
"5.2206709822657","66","3"
"5.602986251444759","67.5","3"
"5.08288684332743","69","3"
"5.0418254559320905","70.5","3"
"5.457941548897128","72","3"
"5.839376167348573","73.5","3"
"5.136396600828821","75","3"
"4.999336399170273","76.5","3"
"6.349164027718514","78","3"
"7.023530084139393","79.5","3"
"6.100684507086211","81","3"
"5.422592317396454","82.5","3"
"5.721284699409424","84","3"
"4.86103234612029","85.5","3"
"4.876096549501199","87","3"
"6.1090686765483735","88.5","3"
"6.004835506936709","90","3"
"4.949883942978587","91.5","3"
"5.428116220029816","93","3"
"6.210975292111318","94.5","3"
"4.9548278087309185","96","3"
"4.622482938616922","97.5","3"
"6.069334425364261","99","3"
"6.201748418259553","100.5","3"
"4.790084521469152","102","3"
"4.989631992831066","103.5","3"
"5.945335156125376","105","3"
"5.165909488419521","106.5","3"
"4.81645525514868","108","3"
"6.1331389750871645","109.5","3"
"6.208058352180292","111","3"
"4.7326825538688855","112.5","3"
"5.043415752461474","114","3"
"6.060053342458194","115.5","3"
"5.018466774433408","117","3"
"4.399711815582495","118.5","3"
"5.855423033041101","120","3"
"6.564117712313025","121.5","3"
"5.013020735714408","123","3"
"4.972036226614259","124.5","3"
"5.910003665769746","126","3"
"5.311608642095451","127.5","3"
"4.364519297529712","129","3"
"5.4708196489609175","130.5","3"
"6.5324369553598345","132","3"
"5.183264270749477","133.5","3"
"4.821037891475528","135","3"
"5.803276879660194","136.5","3"
"5.73619514619995","138","3"
"4.485890413254125","139.5","3"
"5.276396904468869","141","3"
"6.593834130262149","142.5","3"
"5.45717276594521","144","3"
"4.697395416375866","145.5","3"
"5.562728143672256","147","3"
"5.991026489567681","148.5","3"
"4.705163081047742","150","3"
"5.055435378228956","151.5","3"
"6.3993034604710815","153","3"
"5.86630081900115","154.5","3"
"4.720570279899507","156","3"
"5.312118207205889","157.5","3"
"6.070201277423506","159","3"
"4.886857539589708","160.5","3"
"4.8751981576285415","162","3"
"6.255396162444621","163.5","3"
"6.188537178916599","165","3"
"4.838519325868717","166.5","3"
"5.097566655232381","168","3"
"6.06020414219107","169.5","3"
"5.130492742005761","171","3"
"4.727597744575369","172.5","3"
"6.0190131458749905","174","3"
"6.495851757421076","175.5","3"
"5.125433066001057","177","3"
"5.048139332329507","178.5","3"
"5.9727964774155415","180","3"
"5.432689985784141","181.5","3"
"4.588971886866666","183","3"
"5.608504240363106","184.5","3"
"6.515902700988175","186","3"
"5.326470793546689","187.5","3"
"5.014676083108953","189","3"
"5.936678462962949","190.5","3"
"5.7843608765663435","192","3"
"4.638446026680073","193.5","3"
"5.343849723546289","195","3"
"6.437373000878542","196.5","3"
"5.41517159067211","198","3"
"4.855630660263899","199.5","3"
"5.764011290391001","201","3"
"5.973060623352867","202.5","3"
"4.784078651062088","204","3"
"5.256603700314497","205.5","3"
"6.427287159920883","207","3"
"5.567961288650727","208.5","3"
"4.72950097519095","210","3"
"5.56831808278995","211.5","3"
"6.017177430172495","213","3"
"4.799001418092227","214.5","3"
"5.119908177748526","216","3"
"6.406140700647303","217.5","3"
"5.800575297517622","219","3"
"4.7036964797240834","220.5","3"
"5.403304735875843","222","3"
"6.072815139460027","223.5","3"
"4.8209703765624425","225","3"
"4.972044111567612","226.5","3"
"6.3203420591653705","228","3"
"5.993550167450226","229.5","3"
"4.734648864111291","231","3"
"5.308659669541428","232.5","3"
"6.173978105359866","234","3"
"4.88112025040623","235.5","3"
"4.858337170502317","237","3"
"6.237164179054143","238.5","3"
"6.09398673202242","240","3"
"4.752536866411743","241.5","3"
"5.246491740448858","243","3"
"6.234548345779285","244.5","3"
"4.984205666495448","246","3"
"4.837241963425531","247.5","3"
"6.241598972505622","249","3"
"6.121173558373984","250.5","3"
"4.703352498634058","252","3"
"5.260109547699075","253.5","3"
"6.333959373606004","255","3"
"5.006192366110708","256.5","3"
"4.79570846444818","258","3"
"6.2290890012015","259.5","3"
"6.044091240014212","261","3"
"4.616593371271814","262.5","3"
"5.3961200649425045","264","3"
"6.492608084735486","265.5","3"
"4.935805358766802","267","3"
"4.773303862305211","268.5","3"
"6.230546731952637","270","3"
"5.871081071971408","271.5","3"
"4.508210252148548","273","3"
"5.5569287604811235","274.5","3"
"6.540054805918003","276","3"
"4.831208002872146","277.5","3"
"4.897379024220119","279","3"
"6.3222053722046025","280.5","3"
"5.582441019864344","282","3"
"4.505949241774576","283.5","3"
"5.815837117541941","285","3"
"6.444463052371643","286.5","3"
"4.588720061168955","288","3"
"5.079428798472555","289.5","3"
"6.449445850081156","291","3"
"5.254919769964046","292.5","3"
"4.596056024644753","294","3"
"6.125948883248396","295.5","3"
"6.089308983445752","297","3"
"4.394718668871707","298.5","3"
"5.3608491901657755","300","3"
"9.773767316995379","1.5","4"
"4.544891055146711","3","4"
"4.488052861711185","4.5","4"
"9.201063442583502","6","4"
"9.374824159623595","7.5","4"
"4.4424364353257335","9","4"
"5.723284027893994","10.5","4"
"9.589420064459713","12","4"
"7.64164488333996","13.5","4"
"3.7909271338416595","15","4"
"5.244655039127193","16.5","4"
"9.85978624436161","18","4"
"8.634101785450946","19.5","4"
"3.8155584960924744","21","4"
"5.313640003203018","22.5","4"
"8.012158841397499","24","4"
"9.209047943472584","25.5","4"
"7.353033906998386","27","4"
"6.087504807556669","28.5","4"
"6.960589922427813","30","4"
"7.642336787996686","31.5","4"
"6.926795505166433","33","4"
"6.4012732203805776","34.5","4"
"7.38091953734086","36","4"
"7.799769737881051","37.5","4"
"6.4112422654666945","39","4"
"5.548005457333449","40.5","4"
"5.115007186430051","42","4"
"5.116163810525019","43.5","4"
"6.198555504961171","45","4"
"5.866047022065101","46.5","4"
"5.539366505316067","48","4"
"5.673362416977804","49.5","4"
"4.977570478248897","51","4"
"4.46804873505462","52.5","4"
"5.449912695145434","54","4"
"6.678451507169884","55.5","4"
"6.362461015929182","57","4"
"5.649273884484384","58.5","4"
"5.79774952735974","60","4"
"5.553914737061939","61.5","4"
"5.332283482596605","63","4"
"5.253849387546377","64.5","4"
"4.918240639553822","66","4"
"5.008863394059038","67.5","4"
"5.5998835223003525","69","4"
"5.759546435554864","70.5","4"
"5.022894668550704","72","4"
"5.412299003603695","73.5","4"
"6.833819584894932","75","4"
"6.794791529845497","76.5","4"
"5.676466624550964","78","4"
"5.550783917771213","79.5","4"
"5.591108554837631","81","4"
"4.641272782457125","82.5","4"
"5.0947029387364875","84","4"
"6.272194069944021","85.5","4"
"5.608187363800233","87","4"
"5.001177042968615","88.5","4"
"5.789030247380074","90","4"
"6.094778677024812","91.5","4"
"4.774736952577119","93","4"
"4.940414606811216","94.5","4"
"6.294637111234586","96","4"
"5.789631967882825","97.5","4"
"4.64715347922971","99","4"
"5.154277210985505","100.5","4"
"6.007933800794854","102","4"
"5.056720625625495","103.5","4"
"5.065315224780266","105","4"
"6.254322823169444","106.5","4"
"5.986665124744302","108","4"
"4.68512150086275","109.5","4"
"5.157547495388663","111","4"
"6.031683773103679","112.5","4"
"4.911938097776852","114","4"
"4.60271782460887","115.5","4"
"6.009364919828424","117","4"
"6.383016103701287","118.5","4"
"4.962396871140215","120","4"
"5.0209431425958355","121.5","4"
"5.965233821530844","123","4"
"5.235363114410265","124.5","4"
"4.487687196999439","126","4"
"5.569036599164242","127.5","4"
"6.399591261268466","129","4"
"5.153796721640557","130.5","4"
"4.920877663640817","132","4"
"5.881423666722623","133.5","4"
"5.686919608649121","135","4"
"4.591690717344698","136.5","4"
"5.394107923408736","138","4"
"6.530521404504639","139.5","4"
"5.355764380872259","141","4"
"4.698821114504006","142.5","4"
"5.5604538274395","144","4"
"5.921775901125777","145.5","4"
"4.7505015628275","147","4"
"5.2248573996865595","148.5","4"
"6.461422108605196","150","4"
"5.757368710000682","151.5","4"
"4.728592727126601","153","4"
"5.349101595288973","154.5","4"
"5.974941677537142","156","4"
"4.817190034239263","157.5","4"
"4.985902902704682","159","4"
"6.3716676845879805","160.5","4"
"6.159199731538004","162","4"
"4.891676724517145","163.5","4"
"5.206227226151755","165","4"
"6.06584878317265","166.5","4"
"5.042820438483322","168","4"
"4.753007006755416","169.5","4"
"6.030662178834881","171","4"
"6.375345522517571","172.5","4"
"5.072817757895647","174","4"
"5.157325238266025","175.5","4"
"6.089753990500612","177","4"
"5.385194476452752","178.5","4"
"4.635867646933642","180","4"
"5.671605550808838","181.5","4"
"6.383884434189286","183","4"
"5.154336840945238","184.5","4"
"5.046035528213009","186","4"
"6.010381093191792","187.5","4"
"5.712638355248274","189","4"
"4.6961495937460915","190.5","4"
"5.489568096796017","192","4"
"6.3875179192562666","193.5","4"
"5.2525769531990365","195","4"
"4.855824827240217","196.5","4"
"5.829175008948128","198","4"
"5.854081112542336","199.5","4"
"4.736098217099489","201","4"
"5.387780741152537","202.5","4"
"6.480840284665716","204","4"
"5.410832402280036","205.5","4"
"4.7379073210844185","207","4"
"5.658544618389176","208.5","4"
"5.903809049291794","210","4"
"4.7135265525073535","211.5","4"
"5.236397521728262","213","4"
"6.489319073568115","214.5","4"
"5.6475874900860115","216","4"
"4.717277326255459","217.5","4"
"5.528448308970082","219","4"
"5.993834025770934","220.5","4"
"4.705548950952454","222","4"
"5.0799940510660475","223.5","4"
"6.417222016965777","225","4"
"5.825192121885693","226.5","4"
"4.7056987650661615","228","4"
"5.421639716469494","229.5","4"
"6.124529591644856","231","4"
"4.767946036501846","232.5","4"
"4.981933814310614","234","4"
"6.344612438395494","235.5","4"
"5.9236145736857795","237","4"
"4.688301108302348","238.5","4"
"5.3545294000533445","240","4"
"6.213732068927361","241.5","4"
"4.852457952158485","243","4"
"4.95599773868467","244.5","4"
"6.339829228567729","246","4"
"5.959652260176088","247.5","4"
"4.644421342892895","249","4"
"5.370565423935012","250.5","4"
"6.319304694989866","252","4"
"4.8299188129989306","253.5","4"
"4.922899168556692","255","4"
"6.328603026231393","256.5","4"
"5.873631854381103","258","4"
"4.5797573332545145","259.5","4"
"5.519368785184101","261","4"
"6.4406876381443094","262.5","4"
"4.7652577602180575","264","4"
"4.9117197831308905","265.5","4"
"6.332571621815876","267","4"
"5.686541623697762","268.5","4"
"4.506740201157799","270","4"
"5.699562145731489","271.5","4"
"6.45934442339668","273","4"
"4.695042250609579","274.5","4"
"5.054922363451426","276","4"
"6.404464162440621","277.5","4"
"5.398993637630089","279","4"
"4.54299423105573","280.5","4"
"5.960830075083193","282","4"
"6.307324001179565","283.5","4"
"4.512474533483768","285","4"
"5.257412893652349","286.5","4"
"6.496853146496908","288","4"
"5.110863643443048","289.5","4"
"4.706962328840979","291","4"
"6.256022030617015","292.5","4"
"5.930531156205116","294","4"
"4.355884287989006","295.5","4"
"5.482775209482406","297","4"
"6.451634910255783","298.5","4"
"4.7251381319388175","300","4"
"3.5884600120960033","1.5","5"
"6.12912159135381","3","5"
"11.582908755453076","4.5","5"
"7.964418405702581","6","5"
"3.1937030257402856","7.5","5"
"7.078824797956069","9","5"
"11.192620320005378","10.5","5"
"6.751714551249297","12","5"
"4.113341890826719","13.5","5"
"8.33306707948255","15","5"
"10.589878715795242","16.5","5"
"6.954232678786956","18","5"
"4.185096198362994","19.5","5"
"6.1136207586809785","21","5"
"9.183193181428093","22.5","5"
"9.139922528665158","24","5"
"6.423390021726163","25.5","5"
"6.012415411156867","27","5"
"7.498492569597049","28.5","5"
"8.364946931507903","30","5"
"8.072123911647074","31.5","5"
"7.445258785463014","33","5"
"7.581578294315964","34.5","5"
"7.906336853685204","36","5"
"7.804980213618631","37.5","5"
"7.347205940851349","39","5"
"6.129250707464966","40.5","5"
"4.3937882443760525","42","5"
"4.503008154173906","43.5","5"
"5.246226608892362","45","5"
"5.504114850113136","46.5","5"
"6.401139176173577","48","5"
"6.520246817476094","49.5","5"
"5.425625560389436","51","5"
"4.910627224281915","52.5","5"
"5.179693865309321","54","5"
"5.334827365672117","55.5","5"
"5.443042929536632","57","5"
"5.851646140385013","58.5","5"
"6.221267127475323","60","5"
"5.43537185554333","61.5","5"
"4.515930607100306","63","5"
"4.723701591999817","64.5","5"
"5.410756016794429","66","5"
"5.820122096879713","67.5","5"
"6.5815326174122974","69","5"
"5.7529018839262065","70.5","5"
"4.9433389388860105","72","5"
"5.546343703414304","73.5","5"
"5.955104613329745","75","5"
"5.271556528729295","76.5","5"
"4.817911014661479","78","5"
"5.566310376542441","79.5","5"
"5.838814364422172","81","5"
"5.79873021843302","82.5","5"
"5.952769188708502","84","5"
"5.9728009127018025","85.5","5"
"5.4357478692563514","87","5"
"5.900056797114934","88.5","5"
"5.97531079191598","90","5"
"5.228143453996423","91.5","5"
"4.969498750063346","93","5"
"5.646617640823592","94.5","5"
"5.77922777193354","96","5"
"5.0105704864599625","97.5","5"
"5.506096437452662","99","5"
"6.499632592553841","100.5","5"
"5.99336487104643","102","5"
"5.31487695526027","103.5","5"
"5.616505989587649","105","5"
"5.663434767896791","106.5","5"
"5.035876751436835","108","5"
"5.673588123767534","109.5","5"
"6.640875761966155","111","5"
"5.676687896054433","112.5","5"
"5.0936892294210425","114","5"
"5.73726552861762","115.5","5"
"5.824599271955464","117","5"
"4.829667480110803","118.5","5"
"5.473132897150855","120","5"
"6.656634826861298","121.5","5"
"5.760545853392356","123","5"
"4.887517411623437","124.5","5"
"5.56717969264961","126","5"
"5.80213257580484","127.5","5"
"4.7405266040263685","129","5"
"5.504994022411995","130.5","5"
"6.932178957068195","132","5"
"5.721151148012008","133.5","5"
"4.8522627995629986","135","5"
"5.655451252626877","136.5","5"
"5.742635181851014","138","5"
"4.41978937086716","139.5","5"
"5.312303503609684","141","5"
"6.926732425539609","142.5","5"
"5.6617695643105534","144","5"
"4.782433652668818","145.5","5"
"5.738115132341406","147","5"
"5.768107523657885","148.5","5"
"4.331847500501965","150","5"
"5.543678096371405","151.5","5"
"7.105218200876488","153","5"
"5.367096044459691","154.5","5"
"4.668594638634859","156","5"
"5.828189389779002","157.5","5"
"5.6561761755257685","159","5"
"4.260932694092993","160.5","5"
"5.756847810269799","162","5"
"7.216062411065059","163.5","5"
"5.174922482911586","165","5"
"4.81650059363046","166.5","5"
"6.034638659372717","168","5"
"5.436602893885568","169.5","5"
"4.287756812590319","171","5"
"6.090921949216026","172.5","5"
"7.124625535126148","174","5"
"4.833322648799505","175.5","5"
"4.945533912775653","177","5"
"6.19382009766311","178.5","5"
"5.0516299026169635","180","5"
"4.447998284297107","181.5","5"
"6.610486166124519","183","5"
"6.839966891652765","184.5","5"
"4.624325060844017","186","5"
"5.194051872555552","187.5","5"
"6.267929295799217","189","5"
"4.7217835770967","190.5","5"
"4.719645276309282","192","5"
"7.005749514328375","193.5","5"
"6.314729450806787","195","5"
"4.5299194999677","196.5","5"
"5.4776913858080585","198","5"
"6.224658150226698","199.5","5"
"4.42433455366558","201","5"
"5.148623206621819","202.5","5"
"7.292249294409682","204","5"
"5.732537020653742","205.5","5"
"4.500384928755279","207","5"
"5.7318130833740195","208.5","5"
"5.8381224597654455","210","5"
"4.243888874610896","211.5","5"
"5.738615334069737","213","5"
"7.370441912763475","214.5","5"
"5.1940548294130595","216","5"
"4.70269262660033","217.5","5"
"5.974762787657946","219","5"
"5.285934741168494","220.5","5"
"4.2307875318053","222","5"
"6.337414461603373","223.5","5"
"7.095488661248469","225","5"
"4.779619217131381","226.5","5"
"5.039053402018927","228","5"
"6.121312530676831","229.5","5"
"4.838514890582456","231","5"
"4.565409182199975","232.5","5"
"6.931317033104795","234","5"
"6.443135916160416","235.5","5"
"4.520582236768992","237","5"
"5.284508057421185","238.5","5"
"6.083984175884553","240","5"
"4.445901872324377","241.5","5"
"5.072219487059988","243","5"
"7.268362321036349","244.5","5"
"5.799105739336457","246","5"
"4.518942166471568","247.5","5"
"5.604752480995831","249","5"
"5.758651000539714","250.5","5"
"4.16054048238341","252","5"
"5.60328883652968","253.5","5"
"7.316456101203397","255","5"
"5.272916190373103","256.5","5"
"4.675934544587334","258","5"
"5.841305024062551","259.5","5"
"5.317114310774184","261","5"
"4.160484794900354","262.5","5"
"6.149220337450611","264","5"
"7.07283026216945","265.5","5"
"4.788724859825344","267","5"
"4.881567721509013","268.5","5"
"5.952160568871568","270","5"
"4.918221419980025","271.5","5"
"4.38980338607528","273","5"
"6.643076649570812","274.5","5"
"6.538878962249236","276","5"
"4.553820272009401","277.5","5"
"5.082886350517846","279","5"
"6.015248080648933","280.5","5"
"4.527216439396374","282","5"
"4.649577116766589","283.5","5"
"6.840733210556761","285","5"
"6.074704571407239","286.5","5"
"4.493637379923448","288","5"
"5.249134678250867","289.5","5"
"5.988181992645585","291","5"
"4.305001205573333","292.5","5"
"4.858542672099079","294","5"
"6.898154890540409","295.5","5"
"5.717133764278653","297","5"
"4.45069888082051","298.5","5"
"5.3592554439693005","300","5"
"3.5884600120960033","1.5","6"
"6.12912159135381","3","6"
"11.582908755453076","4.5","6"
"7.964418405702581","6","6"
"3.1937030257402856","7.5","6"
"7.078824797956069","9","6"
"11.192620320005378","10.5","6"
"6.751714551249297","12","6"
"4.113341890826719","13.5","6"
"8.33306707948255","15","6"
"10.589878715795242","16.5","6"
"6.954232678786956","18","6"
"4.185096198362994","19.5","6"
"6.1136207586809785","21","6"
"9.183193181428093","22.5","6"
"9.139922528665158","24","6"
"6.423390021726163","25.5","6"
"6.012415411156867","27","6"
"7.498492569597049","28.5","6"
"8.364946931507903","30","6"
"8.072123911647074","31.5","6"
"7.445258785463014","33","6"
"7.581578294315964","34.5","6"
"7.906336853685204","36","6"
"7.804980213618631","37.5","6"
"7.347205940851349","39","6"
"6.129250707464966","40.5","6"
"4.3937882443760525","42","6"
"4.503008154173906","43.5","6"
"5.246226608892362","45","6"
"5.504114850113136","46.5","6"
"6.401139176173577","48","6"
"6.520246817476094","49.5","6"
"5.425625560389436","51","6"
"4.910627224281915","52.5","6"
"5.179693865309321","54","6"
"5.334827365672117","55.5","6"
"5.443042929536632","57","6"
"5.851646140385013","58.5","6"
"6.221267127475323","60","6"
"5.43537185554333","61.5","6"
"4.515930607100306","63","6"
"4.723701591999817","64.5","6"
"5.410756016794429","66","6"
"5.820122096879713","67.5","6"
"6.5815326174122974","69","6"
"5.7529018839262065","70.5","6"
"4.9433389388860105","72","6"
"5.546343703414304","73.5","6"
"5.955104613329745","75","6"
"5.271556528729295","76.5","6"
"4.817911014661479","78","6"
"5.566310376542441","79.5","6"
"5.838814364422172","81","6"
"5.79873021843302","82.5","6"
"5.952769188708502","84","6"
"5.9728009127018025","85.5","6"
"5.4357478692563514","87","6"
"5.900056797114934","88.5","6"
"5.97531079191598","90","6"
"5.228143453996423","91.5","6"
"4.969498750063346","93","6"
"5.646617640823592","94.5","6"
"5.77922777193354","96","6"
"5.0105704864599625","97.5","6"
"5.506096437452662","99","6"
"6.499632592553841","100.5","6"
"5.99336487104643","102","6"
"5.31487695526027","103.5","6"
"5.616505989587649","105","6"
"5.663434767896791","106.5","6"
"5.035876751436835","108","6"
"5.673588123767534","109.5","6"
"6.640875761966155","111","6"
"5.676687896054433","112.5","6"
"5.0936892294210425","114","6"
"5.73726552861762","115.5","6"
"5.824599271955464","117","6"
"4.829667480110803","118.5","6"
"5.473132897150855","120","6"
"6.656634826861298","121.5","6"
"5.760545853392356","123","6"
"4.887517411623437","124.5","6"
"5.56717969264961","126","6"
"5.80213257580484","127.5","6"
"4.7405266040263685","129","6"
"5.504994022411995","130.5","6"
"6.932178957068195","132","6"
"5.721151148012008","133.5","6"
"4.8522627995629986","135","6"
"5.655451252626877","136.5","6"
"5.742635181851014","138","6"
"4.41978937086716","139.5","6"
"5.312303503609684","141","6"
"6.926732425539609","142.5","6"
"5.6617695643105534","144","6"
"4.782433652668818","145.5","6"
"5.738115132341406","147","6"
"5.768107523657885","148.5","6"
"4.331847500501965","150","6"
"5.543678096371405","151.5","6"
"7.105218200876488","153","6"
"5.367096044459691","154.5","6"
"4.668594638634859","156","6"
"5.828189389779002","157.5","6"
"5.6561761755257685","159","6"
"4.260932694092993","160.5","6"
"5.756847810269799","162","6"
"7.216062411065059","163.5","6"
"5.174922482911586","165","6"
"4.81650059363046","166.5","6"
"6.034638659372717","168","6"
"5.436602893885568","169.5","6"
"4.287756812590319","171","6"
"6.090921949216026","172.5","6"
"7.124625535126148","174","6"
"4.833322648799505","175.5","6"
"4.945533912775653","177","6"
"6.19382009766311","178.5","6"
"5.0516299026169635","180","6"
"4.447998284297107","181.5","6"
"6.610486166124519","183","6"
"6.839966891652765","184.5","6"
"4.624325060844017","186","6"
"5.194051872555552","187.5","6"
"6.267929295799217","189","6"
"4.7217835770967","190.5","6"
"4.719645276309282","192","6"
"7.005749514328375","193.5","6"
"6.314729450806787","195","6"
"4.5299194999677","196.5","6"
"5.4776913858080585","198","6"
"6.224658150226698","199.5","6"
"4.42433455366558","201","6"
"5.148623206621819","202.5","6"
"7.292249294409682","204","6"
"5.732537020653742","205.5","6"
"4.500384928755279","207","6"
"5.7318130833740195","208.5","6"
"5.8381224597654455","210","6"
"4.243888874610896","211.5","6"
"5.738615334069737","213","6"
"7.370441912763475","214.5","6"
"5.1940548294130595","216","6"
"4.70269262660033","217.5","6"
"5.974762787657946","219","6"
"5.285934741168494","220.5","6"
"4.2307875318053","222","6"
"6.337414461603373","223.5","6"
"7.095488661248469","225","6"
"4.779619217131381","226.5","6"
"5.039053402018927","228","6"
"6.121312530676831","229.5","6"
"4.838514890582456","231","6"
"4.565409182199975","232.5","6"
"6.931317033104795","234","6"
"6.443135916160416","235.5","6"
"4.520582236768992","237","6"
"5.284508057421185","238.5","6"
"6.083984175884553","240","6"
"4.445901872324377","241.5","6"
"5.072219487059988","243","6"
"7.268362321036349","244.5","6"
"5.799105739336457","246","6"
"4.518942166471568","247.5","6"
"5.604752480995831","249","6"
"5.758651000539714","250.5","6"
"4.16054048238341","252","6"
"5.60328883652968","253.5","6"
"7.316456101203397","255","6"
"5.272916190373103","256.5","6"
"4.675934544587334","258","6"
"5.841305024062551","259.5","6"
"5.317114310774184","261","6"
"4.160484794900354","262.5","6"
"6.149220337450611","264","6"
"7.07283026216945","265.5","6"
"4.788724859825344","267","6"
"4.881567721509013","268.5","6"
"5.952160568871568","270","6"
"4.918221419980025","271.5","6"
"4.38980338607528","273","6"
"6.643076649570812","274.5","6"
"6.538878962249236","276","6"
"4.553820272009401","277.5","6"
"5.082886350517846","279","6"
"6.015248080648933","280.5","6"
"4.527216439396374","282","6"
"4.649577116766589","283.5","6"
"6.840733210556761","285","6"
"6.074704571407239","286.5","6"
"4.493637379923448","288","6"
"5.249134678250867","289.5","6"
"5.988181992645585","291","6"
"4.305001205573333","292.5","6"
"4.858542672099079","294","6"
"6.898154890540409","295.5","6"
"5.717133764278653","297","6"
"4.45069888082051","298.5","6"
"5.3592554439693005","300","6"
"9.964747786539258","1.5","7"
"8.715878607913263","3","7"
"3.743108834232382","4.5","7"
"5.596975945751433","6","7"
"9.955635737320696","7.5","7"
"8.379323172708764","9","7"
"5.318994872148875","10.5","7"
"7.92673325677108","12","7"
"8.70537092195122","13.5","7"
"4.854576047752935","15","7"
"3.950285983582495","16.5","7"
"7.315358614258576","18","7"
"9.697980102223836","19.5","7"
"6.938225237861193","21","7"
"3.753075415270576","22.5","7"
"6.212649366270077","24","7"
"8.83294059663026","25.5","7"
"8.400543553420029","27","7"
"5.978412535441217","28.5","7"
"5.654690354628312","30","7"
"7.351400736035146","31.5","7"
"8.126761217477943","33","7"
"7.27297452593827","34.5","7"
"6.507530851765625","36","7"
"7.1498549218078296","37.5","7"
"8.543418908176415","39","7"
"8.845823624789896","40.5","7"
"7.518466634868956","42","7"
"6.41009254070591","43.5","7"
"5.90558217817705","45","7"
"6.0415379935565925","46.5","7"
"6.48849657437148","48","7"
"6.3643341851601045","49.5","7"
"4.954507975310538","51","7"
"4.895714313443467","52.5","7"
"5.297716339906631","54","7"
"5.416314908908295","55.5","7"
"5.898397014434127","57","7"
"6.376478984562064","58.5","7"
"5.849277697521605","60","7"
"5.227241612456673","61.5","7"
"5.59446113844141","63","7"
"5.619564858679029","64.5","7"
"5.530507760223969","66","7"
"6.1653125416249175","67.5","7"
"5.932336810522953","69","7"
"5.294202114759115","70.5","7"
"5.410588461535678","72","7"
"5.823959112305117","73.5","7"
"4.864351418672319","75","7"
"4.798195181611883","76.5","7"
"5.962596304634265","78","7"
"6.306747906775212","79.5","7"
"5.629266800970313","81","7"
"5.633870628109296","82.5","7"
"5.977871430517367","84","7"
"5.057963491397762","85.5","7"
"5.240092607993312","87","7"
"6.152317645689586","88.5","7"
"5.639464509703666","90","7"
"4.946529388136469","91.5","7"
"5.5550013821959","93","7"
"6.107328565905283","94.5","7"
"5.049981454556602","96","7"
"5.120668090127921","97.5","7"
"6.301131848749536","99","7"
"5.8803932018813025","100.5","7"
"4.774836007303616","102","7"
"5.205140088208211","103.5","7"
"5.980561185229909","105","7"
"5.076796209671821","106.5","7"
"5.147851466812394","108","7"
"6.396857646502897","109.5","7"
"6.016526921520872","111","7"
"4.803496334313023","112.5","7"
"5.261327772992114","114","7"
"5.9991401065679195","115.5","7"
"4.787461296050525","117","7"
"4.745056016918083","118.5","7"
"6.263301813800174","120","7"
"6.235775934454431","121.5","7"
"4.842745168056341","123","7"
"5.190673170043791","124.5","7"
"6.1043243986777895","126","7"
"4.953498701281353","127.5","7"
"4.607498077579128","129","7"
"6.061971850170896","130.5","7"
"6.266690372503627","132","7"
"4.752898588646812","133.5","7"
"5.072993198107752","135","7"
"6.117338021377334","136.5","7"
"5.141222192280858","138","7"
"4.523974737949121","139.5","7"
"5.9550183716524465","141","7"
"6.425629841287999","142.5","7"
"4.770864454861626","144","7"
"4.933293508314287","145.5","7"
"6.040472046425184","147","7"
"5.32656590579651","148.5","7"
"4.4314605802583555","150","7"
"5.713772802911937","151.5","7"
"6.584856125250588","153","7"
"4.9509439763949805","154.5","7"
"4.842646606139429","156","7"
"5.94516168715161","157.5","7"
"5.509235141696741","159","7"
"4.357929940574524","160.5","7"
"5.482102031589894","162","7"
"6.688526013507097","163.5","7"
"5.152348354271528","165","7"
"4.73227253629453","166.5","7"
"5.821892761717046","168","7"
"5.76464849318384","169.5","7"
"4.393961713349818","171","7"
"5.215518658059098","172.5","7"
"6.633634910740177","174","7"
"5.429286642793151","175.5","7"
"4.650394687867378","177","7"
"5.644173305284162","178.5","7"
"6.002525708413865","180","7"
"4.525511318233788","181.5","7"
"4.98093636771146","183","7"
"6.469752069013057","184.5","7"
"5.735664390277376","186","7"
"4.594842234637976","187.5","7"
"5.413396490548515","189","7"
"6.1840861227488295","190.5","7"
"4.756442382369402","192","7"
"4.774538350314541","193.5","7"
"6.219175643598439","195","7"
"6.069587236681142","196.5","7"
"4.640660712953098","198","7"
"5.160504845705623","199.5","7"
"6.1900880506792175","201","7"
"5.078599399941735","202.5","7"
"4.614067229341346","204","7"
"5.930612469786569","205.5","7"
"6.3509174442203875","207","7"
"4.8367511250793065","208.5","7"
"4.95678623401997","210","7"
"6.0418139669239475","211.5","7"
"5.433028545968735","213","7"
"4.529411413286016","214.5","7"
"5.578405894985946","216","7"
"6.5158834814143765","217.5","7"
"5.153005762257334","219","7"
"4.807901066379843","220.5","7"
"5.830284816132562","222","7"
"5.792926892765211","223.5","7"
"4.555496317406498","225","7"
"5.222810268672287","226.5","7"
"6.490012949463179","228","7"
"5.517916475338396","229.5","7"
"4.729972593963376","231","7"
"5.590447697184733","232.5","7"
"6.063598121799952","234","7"
"4.756807554271563","235.5","7"
"4.974181919545445","237","7"
"6.281453962037952","238.5","7"
"5.878185414942462","240","7"
"4.719380144752788","241.5","7"
"5.305050332144091","243","7"
"6.178545464589592","244.5","7"
"5.048240851103927","246","7"
"4.8090340356147525","247.5","7"
"6.064045592902735","249","7"
"6.17368143398996","250.5","7"
"4.812552203238945","252","7"
"5.036923478994447","253.5","7"
"6.088776749094424","255","7"
"5.316328772296391","256.5","7"
"4.688843691654951","258","7"
"5.833627543544651","259.5","7"
"6.4122096506811905","261","7"
"5.049895705688888","262.5","7"
"4.878848891030981","264","7"
"5.878061226927152","265.5","7"
"5.580624523735647","267","7"
"4.622546511053331","268.5","7"
"5.558190353017604","270","7"
"6.542734704438854","271.5","7"
"5.344347954036282","273","7"
"4.811234430409824","274.5","7"
"5.694388630712751","276","7"
"5.7952608389577","277.5","7"
"4.64319917512318","279","7"
"5.305237106976641","280.5","7"
"6.554854863361586","282","7"
"5.6626329667027075","283.5","7"
"4.800426130601197","285","7"
"5.5235926561333875","286.5","7"
"5.991608004877465","288","7"
"4.774670916092788","289.5","7"
"5.078852211258616","291","7"
"6.40796902420603","292.5","7"
"5.976098301632111","294","7"
"4.821574068303532","295.5","7"
"5.337950792819075","297","7"
"6.120018905517354","298.5","7"
"4.987628229060236","300","7"
"3.796295555051092","1.5","8"
"8.622658746897404","3","8"
"9.602542598077445","4.5","8"
"4.77759179850049","6","8"
"4.413399601793721","7.5","8"
"9.274211169220127","9","8"
"9.315493828118935","10.5","8"
"3.782770642407564","12","8"
"4.297035924258048","13.5","8"
"9.239534129992796","15","8"
"8.803858917426053","16.5","8"
"3.899917640777899","18","8"
"5.168543555649008","19.5","8"
"10.533565364567275","21","8"
"9.119440376711568","22.5","8"
"3.833504649923906","24","8"
"3.9588820611660207","25.5","8"
"8.178235671395091","27","8"
"9.521427126077612","28.5","8"
"5.63728087043447","30","8"
"5.92090461378027","31.5","8"
"9.51825146111469","33","8"
"8.640907485813756","34.5","8"
"5.357563135855912","36","8"
"5.881827770581964","37.5","8"
"7.755950095240914","39","8"
"8.954055451370701","40.5","8"
"7.1560027213752475","42","8"
"5.657783720390611","43.5","8"
"7.467362280949815","45","8"
"9.830012660500676","46.5","8"
"8.792320273813104","48","8"
"5.838463483997963","49.5","8"
"5.665801732331445","51","8"
"7.872166422710803","52.5","8"
"9.315608159942553","54","8"
"8.82460324407863","55.5","8"
"7.640632652453268","57","8"
"7.7121191179803334","58.5","8"
"7.444296328344363","60","8"
"7.887024631685365","61.5","8"
"8.112379555371653","63","8"
"7.416522565777584","64.5","8"
"6.079059036896434","66","8"
"4.918905439683398","67.5","8"
"4.3100569391013615","69","8"
"4.9517373998261265","70.5","8"
"5.820633140418904","72","8"
"6.195016146524843","73.5","8"
"6.811492353856739","75","8"
"6.540200184745449","76.5","8"
"5.920803587815435","78","8"
"5.618425482919521","79.5","8"
"5.213801216656898","81","8"
"4.700131987998942","82.5","8"
"5.31029727579093","84","8"
"6.111665290249434","85.5","8"
"6.366793797796656","87","8"
"6.6117995036673785","88.5","8"
"6.625568603460057","90","8"
"5.797184767575832","91.5","8"
"5.348528950551711","93","8"
"5.804579375392193","94.5","8"
"5.523111673978854","96","8"
"5.023095734861205","97.5","8"
"5.5414939642926235","99","8"
"5.927622594037027","100.5","8"
"5.282866015885422","102","8"
"5.7075387616672195","103.5","8"
"6.44019088608307","105","8"
"5.719717564930515","106.5","8"
"5.1836659105608955","108","8"
"5.601125402453451","109.5","8"
"5.696091780637","111","8"
"4.873005154977238","112.5","8"
"5.406652391383776","114","8"
"6.462856677305857","115.5","8"
"5.716604486784833","117","8"
"4.988610398562269","118.5","8"
"5.580989202828223","120","8"
"5.830108390301289","121.5","8"
"4.809545079153944","123","8"
"5.308748375266649","124.5","8"
"6.413244057999187","126","8"
"5.703906755028994","127.5","8"
"4.893238930900209","129","8"
"5.5357261209149025","130.5","8"
"5.866769480916069","132","8"
"4.778647889440208","133.5","8"
"5.1921037962677765","135","8"
"6.518388432532708","136.5","8"
"5.762479145392596","138","8"
"4.755842633104989","139.5","8"
"5.433667719999913","141","8"
"5.976021916146504","142.5","8"
"4.736697966363902","144","8"
"4.9361725019073015","145.5","8"
"6.330472745795224","147","8"
"5.944614175703161","148.5","8"
"4.765259731456395","150","8"
"5.356615463024799","151.5","8"
"6.108476812237314","153","8"
"4.814956621202025","154.5","8"
"4.786969964894716","156","8"
"6.2477004479720915","157.5","8"
"6.074747938650681","159","8"
"4.683349357596663","160.5","8"
"5.148060418076248","162","8"
"6.142875906858952","163.5","8"
"5.018110965913355","165","8"
"4.621559906265037","166.5","8"
"6.022693447852504","168","8"
"6.3220496443758805","169.5","8"
"4.77614983765606","171","8"
"5.016680339689369","172.5","8"
"6.078875218921393","174","8"
"5.23484418591772","175.5","8"
"4.475348230621162","177","8"
"5.741379995839133","178.5","8"
"6.467773438531038","180","8"
"4.939039668070286","181.5","8"
"4.881826939350493","183","8"
"5.968791413921801","184.5","8"
"5.540876966692751","186","8"
"4.427450095859185","187.5","8"
"5.424780884761496","189","8"
"6.555851324341572","190.5","8"
"5.192806049925778","192","8"
"4.729915920861151","193.5","8"
"5.746331746544818","195","8"
"5.829950691234229","196.5","8"
"4.516075985927752","198","8"
"5.175188107277665","199.5","8"
"6.539454563844005","201","8"
"5.543242945508236","202.5","8"
"4.631834000483997","204","8"
"5.483780541034914","205.5","8"
"6.021535838138366","207","8"
"4.700428166559264","208.5","8"
"4.907565891142612","210","8"
"6.299288740903273","211.5","8"
"5.950904397240517","213","8"
"4.698362308780778","214.5","8"
"5.257479422946265","216","8"
"6.164977431107415","217.5","8"
"4.986424295245149","219","8"
"4.687663412699924","220.5","8"
"5.978793970059669","222","8"
"6.227900344483536","223.5","8"
"4.841159306813219","225","8"
"5.0582187667625655","226.5","8"
"6.119452667304692","228","8"
"5.400152725772981","229.5","8"
"4.603327922874559","231","8"
"5.649744024828057","232.5","8"
"6.410953479050141","234","8"
"5.066538378169151","235.5","8"
"4.855605034165502","237","8"
"5.872001147465785","238.5","8"
"5.73806585138295","240","8"
"4.6361170085834305","241.5","8"
"5.375890724305795","243","8"
"6.487183729638205","244.5","8"
"5.4150932339481646","246","8"
"4.733165507261757","247.5","8"
"5.606197398697769","249","8"
"5.935535144726764","250.5","8"
"4.728313304092154","252","8"
"5.148129904227671","253.5","8"
"6.425029106404417","255","8"
"5.78517056271378","256.5","8"
"4.718996246086413","258","8"
"5.3371317432895315","259.5","8"
"6.055163192950579","261","8"
"4.87367931848892","262.5","8"
"4.922911488796307","264","8"
"6.22465075808293","265.5","8"
"6.101676532779935","267","8"
"4.8273828148767715","268.5","8"
"5.157374519224481","270","8"
"6.07756040294978","271.5","8"
"5.133590050244737","273","8"
"4.764149924271961","274.5","8"
"6.0125750814622645","276","8"
"6.319275126414793","277.5","8"
"5.007258806051701","279","8"
"5.0318820369443715","280.5","8"
"5.98962986720503","282","8"
"5.3977162751869034","283.5","8"
"4.673262038210251","285","8"
"5.752513057163986","286.5","8"
"6.489801041341817","288","8"
"5.225018055611127","289.5","8"
"4.923195839926599","291","8"
"5.844914854269472","292.5","8"
"5.695647266391725","294","8"
"4.671485952467488","295.5","8"
"5.471563791433607","297","8"
"6.56284922044236","298.5","8"
"5.4920986740127455","300","8"
"7.02501491941768","1.5","9"
"10.715169638955267","3","9"
"7.391590343275394","4.5","9"
"3.400300631018953","6","9"
"7.019790152202147","7.5","9"
"9.96105072903587","9","9"
"5.957038398139568","10.5","9"
"3.4289276933814015","12","9"
"7.824469354259328","13.5","9"
"9.452437726715525","15","9"
"5.418852878268792","16.5","9"
"4.583213406871052","18","9"
"8.627884499732104","19.5","9"
"9.685827417868524","21","9"
"4.988628632516897","22.5","9"
"3.861503133661245","24","9"
"7.361684193636213","25.5","9"
"10.110348378298275","27","9"
"7.632080434922769","28.5","9"
"5.389254241810379","30","9"
"7.206537387414634","31.5","9"
"9.174897224881565","33","9"
"8.185856478810766","34.5","9"
"6.005604782698211","36","9"
"6.030654293881528","37.5","9"
"7.477283030696644","39","9"
"8.70402949426204","40.5","9"
"8.508650206366356","42","9"
"7.397008784657659","43.5","9"
"6.833941801671903","45","9"
"7.535451317200906","46.5","9"
"8.260307193988975","48","9"
"8.164252199433127","49.5","9"
"7.351432275848557","51","9"
"5.985302999052571","52.5","9"
"4.554727534454581","54","9"
"4.649736787071987","55.5","9"
"5.314484186021374","57","9"
"5.6155716226153185","58.5","9"
"6.680842126464597","60","9"
"6.828125170145311","61.5","9"
"5.75286985130321","63","9"
"5.384018139974401","64.5","9"
"5.707738842358553","66","9"
"5.122178058695021","67.5","9"
"5.113695327315945","69","9"
"5.8930879767796345","70.5","9"
"6.158880390927207","72","9"
"5.697249390351137","73.5","9"
"5.990021158015173","75","9"
"5.983993603986388","76.5","9"
"5.1803872483948","78","9"
"5.6164764210125755","79.5","9"
"6.077596378049453","81","9"
"5.0189201592512065","82.5","9"
"4.785891204714108","84","9"
"5.61173953528576","85.5","9"
"5.635912338218139","87","9"
"5.034214011898522","88.5","9"
"5.615570636996149","90","9"
"6.332991002772339","91.5","9"
"5.692063062283201","93","9"
"5.216762509450534","94.5","9"
"5.842514378783068","96","9"
"5.4710236721289265","97.5","9"
"4.670009002142554","99","9"
"5.641289876404886","100.5","9"
"6.488643924437264","102","9"
"5.346429581721474","103.5","9"
"5.077338793024425","105","9"
"5.866103695167325","106.5","9"
"5.522236936966255","108","9"
"4.493118944240488","109.5","9"
"5.377362253725299","111","9"
"6.5168464313426115","112.5","9"
"5.408981902290003","114","9"
"4.897909780142693","115.5","9"
"5.749070782215817","117","9"
"5.651597974485182","118.5","9"
"4.658368839755186","120","9"
"5.661452194938096","121.5","9"
"6.66804632560143","123","9"
"5.118846665903378","124.5","9"
"4.632609189960514","126","9"
"5.703007377537167","127.5","9"
"5.645053463202191","129","9"
"4.428765404640383","130.5","9"
"5.405370100844745","132","9"
"6.770131338233986","133.5","9"
"5.428521802317911","135","9"
"4.72413723567257","136.5","9"
"5.682579434637878","138","9"
"5.622855348275153","139.5","9"
"4.295617618273678","141","9"
"5.27970217835253","142.5","9"
"6.76115185479367","144","9"
"5.393822586659274","145.5","9"
"4.6419937628793395","147","9"
"5.705193480854287","148.5","9"
"5.839995136186784","150","9"
"4.3308791296683","151.5","9"
"5.142781934615998","153","9"
"6.68814507169823","154.5","9"
"5.476520470235138","156","9"
"4.594445522922403","157.5","9"
"5.608829001879333","159","9"
"5.970213169573264","160.5","9"
"4.411373168781999","162","9"
"5.0510774630726685","163.5","9"
"6.643460055427602","165","9"
"5.593412439645461","166.5","9"
"4.526179568030455","168","9"
"5.517929781197179","169.5","9"
"6.090579939364339","171","9"
"4.46928765835021","172.5","9"
"4.867049058338214","174","9"
"6.5190133150859335","175.5","9"
"5.841604652289965","177","9"
"4.550003954586548","178.5","9"
"5.388487922906384","180","9"
"6.184850470414486","181.5","9"
"4.652467444980048","183","9"
"4.704599306883002","184.5","9"
"6.3215183956437215","186","9"
"6.040859887568234","187.5","9"
"4.56264254919224","189","9"
"5.229108375162997","190.5","9"
"6.264758558932141","192","9"
"4.922243731809225","193.5","9"
"4.577467739924637","195","9"
"6.086902101434748","196.5","9"
"6.279049051265287","198","9"
"4.660262214179075","199.5","9"
"5.045709288268029","201","9"
"6.176132176053989","202.5","9"
"5.2288176175081045","204","9"
"4.485775095811337","205.5","9"
"5.7871102612386185","207","9"
"6.496773311344208","208.5","9"
"4.878495053749265","210","9"
"4.871292641670883","211.5","9"
"5.975170833993964","213","9"
"5.550609463178278","214.5","9"
"4.44484036047923","216","9"
"5.448312049614775","217.5","9"
"6.609010694228338","219","9"
"5.228106986087165","220.5","9"
"4.730542281843131","222","9"
"5.744448721122204","223.5","9"
"5.845589017781154","225","9"
"4.537981864771144","226.5","9"
"5.1463971857283495","228","9"
"6.517136203378334","229.5","9"
"5.6331526045445885","231","9"
"4.680262891168548","232.5","9"
"5.496874984506326","234","9"
"6.103172209869082","235.5","9"
"4.754297675057385","237","9"
"4.869040009059847","238.5","9"
"6.236915803023524","240","9"
"6.012135002503251","241.5","9"
"4.734030388082664","243","9"
"5.2445914666907845","244.5","9"
"6.1989990335872776","246","9"
"5.112736812673971","247.5","9"
"4.714614183260483","249","9"
"5.9531737853774285","250.5","9"
"6.272075795643726","252","9"
"4.883370418969343","253.5","9"
"5.01233622320145","255","9"
"6.067221750675241","256.5","9"
"5.4429167702829835","258","9"
"4.6358735606486565","259.5","9"
"5.678226447577437","261","9"
"6.446146489912509","262.5","9"
"5.1339064339980265","264","9"
"4.822054557648481","265.5","9"
"5.8246938913957","267","9"
"5.720823922447858","268.5","9"
"4.633511524309848","270","9"
"5.4390344163758","271.5","9"
"6.556253456962575","273","9"
"5.462403446875758","274.5","9"
"4.747785196397391","276","9"
"5.588593254718024","277.5","9"
"5.8894061963733675","279","9"
"4.680903543628479","280.5","9"
"5.18698991120877","282","9"
"6.493007260498981","283.5","9"
"5.80759684847847","285","9"
"4.799066961766974","286.5","9"
"5.42360947637899","288","9"
"6.0412363940908405","289.5","9"
"4.830672318853726","291","9"
"4.967205214256793","292.5","9"
"6.320118816423564","294","9"
"6.120050938140351","295.5","9"
"4.863455983657168","297","9"
"5.247944543104148","298.5","9"
"6.131450116640869","300","9"
"3.5884600120960033","1.5","10"
"6.12912159135381","3","10"
"11.582908755453076","4.5","10"
"7.964418405702581","6","10"
"3.1937030257402856","7.5","10"
"7.078824797956069","9","10"
"11.192620320005378","10.5","10"
"6.751714551249297","12","10"
"4.113341890826719","13.5","10"
"8.33306707948255","15","10"
"10.589878715795242","16.5","10"
"6.954232678786956","18","10"
"4.185096198362994","19.5","10"
"6.1136207586809785","21","10"
"9.183193181428093","22.5","10"
"9.139922528665158","24","10"
"6.423390021726163","25.5","10"
"6.012415411156867","27","10"
"7.498492569597049","28.5","10"
"8.364946931507903","30","10"
"8.072123911647074","31.5","10"
"7.445258785463014","33","10"
"7.581578294315964","34.5","10"
"7.906336853685204","36","10"
"7.804980213618631","37.5","10"
"7.347205940851349","39","10"
"6.129250707464966","40.5","10"
"4.3937882443760525","42","10"
"4.503008154173906","43.5","10"
"5.246226608892362","45","10"
"5.504114850113136","46.5","10"
"6.401139176173577","48","10"
"6.520246817476094","49.5","10"
"5.425625560389436","51","10"
"4.910627224281915","52.5","10"
"5.179693865309321","54","10"
"5.334827365672117","55.5","10"
"5.443042929536632","57","10"
"5.851646140385013","58.5","10"
"6.221267127475323","60","10"
"5.43537185554333","61.5","10"
"4.515930607100306","63","10"
"4.723701591999817","64.5","10"
"5.410756016794429","66","10"
"5.820122096879713","67.5","10"
"6.5815326174122974","69","10"
"5.7529018839262065","70.5","10"
"4.9433389388860105","72","10"
"5.546343703414304","73.5","10"
"5.955104613329745","75","10"
"5.271556528729295","76.5","10"
"4.817911014661479","78","10"
"5.566310376542441","79.5","10"
"5.838814364422172","81","10"
"5.79873021843302","82.5","10"
"5.952769188708502","84","10"
"5.9728009127018025","85.5","10"
"5.4357478692563514","87","10"
"5.900056797114934","88.5","10"
"5.97531079191598","90","10"
"5.228143453996423","91.5","10"
"4.969498750063346","93","10"
"5.646617640823592","94.5","10"
"5.77922777193354","96","10"
"5.0105704864599625","97.5","10"
"5.506096437452662","99","10"
"6.499632592553841","100.5","10"
"5.99336487104643","102","10"
"5.31487695526027","103.5","10"
"5.616505989587649","105","10"
"5.663434767896791","106.5","10"
"5.035876751436835","108","10"
"5.673588123767534","109.5","10"
"6.640875761966155","111","10"
"5.676687896054433","112.5","10"
"5.0936892294210425","114","10"
"5.73726552861762","115.5","10"
"5.824599271955464","117","10"
"4.829667480110803","118.5","10"
"5.473132897150855","120","10"
"6.656634826861298","121.5","10"
"5.760545853392356","123","10"
"4.887517411623437","124.5","10"
"5.56717969264961","126","10"
"5.80213257580484","127.5","10"
"4.7405266040263685","129","10"
"5.504994022411995","130.5","10"
"6.932178957068195","132","10"
"5.721151148012008","133.5","10"
"4.8522627995629986","135","10"
"5.655451252626877","136.5","10"
"5.742635181851014","138","10"
"4.41978937086716","139.5","10"
"5.312303503609684","141","10"
"6.926732425539609","142.5","10"
"5.6617695643105534","144","10"
"4.782433652668818","145.5","10"
"5.738115132341406","147","10"
"5.768107523657885","148.5","10"
"4.331847500501965","150","10"
"5.543678096371405","151.5","10"
"7.105218200876488","153","10"
"5.367096044459691","154.5","10"
"4.668594638634859","156","10"
"5.828189389779002","157.5","10"
"5.6561761755257685","159","10"
"4.260932694092993","160.5","10"
"5.756847810269799","162","10"
"7.216062411065059","163.5","10"
"5.174922482911586","165","10"
"4.81650059363046","166.5","10"
"6.034638659372717","168","10"
"5.436602893885568","169.5","10"
"4.287756812590319","171","10"
"6.090921949216026","172.5","10"
"7.124625535126148","174","10"
"4.833322648799505","175.5","10"
"4.945533912775653","177","10"
"6.19382009766311","178.5","10"
"5.0516299026169635","180","10"
"4.447998284297107","181.5","10"
"6.610486166124519","183","10"
"6.839966891652765","184.5","10"
"4.624325060844017","186","10"
"5.194051872555552","187.5","10"
"6.267929295799217","189","10"
"4.7217835770967","190.5","10"
"4.719645276309282","192","10"
"7.005749514328375","193.5","10"
"6.314729450806787","195","10"
"4.5299194999677","196.5","10"
"5.4776913858080585","198","10"
"6.224658150226698","199.5","10"
"4.42433455366558","201","10"
"5.148623206621819","202.5","10"
"7.292249294409682","204","10"
"5.732537020653742","205.5","10"
"4.500384928755279","207","10"
"5.7318130833740195","208.5","10"
"5.8381224597654455","210","10"
"4.243888874610896","211.5","10"
"5.738615334069737","213","10"
"7.370441912763475","214.5","10"
"5.1940548294130595","216","10"
"4.70269262660033","217.5","10"
"5.974762787657946","219","10"
"5.285934741168494","220.5","10"
"4.2307875318053","222","10"
"6.337414461603373","223.5","10"
"7.095488661248469","225","10"
"4.779619217131381","226.5","10"
"5.039053402018927","228","10"
"6.121312530676831","229.5","10"
"4.838514890582456","231","10"
"4.565409182199975","232.5","10"
"6.931317033104795","234","10"
"6.443135916160416","235.5","10"
"4.520582236768992","237","10"
"5.284508057421185","238.5","10"
"6.083984175884553","240","10"
"4.445901872324377","241.5","10"
"5.072219487059988","243","10"
"7.268362321036349","244.5","10"
"5.799105739336457","246","10"
"4.518942166471568","247.5","10"
"5.604752480995831","249","10"
"5.758651000539714","250.5","10"
"4.16054048238341","252","10"
"5.60328883652968","253.5","10"
"7.316456101203397","255","10"
"5.272916190373103","256.5","10"
"4.675934544587334","258","10"
"5.841305024062551","259.5","10"
"5.317114310774184","261","10"
"4.160484794900354","262.5","10"
"6.149220337450611","264","10"
"7.07283026216945","265.5","10"
"4.788724859825344","267","10"
"4.881567721509013","268.5","10"
"5.952160568871568","270","10"
"4.918221419980025","271.5","10"
"4.38980338607528","273","10"
"6.643076649570812","274.5","10"
"6.538878962249236","276","10"
"4.553820272009401","277.5","10"
"5.082886350517846","279","10"
"6.015248080648933","280.5","10"
"4.527216439396374","282","10"
"4.649577116766589","283.5","10"
"6.840733210556761","285","10"
"6.074704571407239","286.5","10"
"4.493637379923448","288","10"
"5.249134678250867","289.5","10"
"5.988181992645585","291","10"
"4.305001205573333","292.5","10"
"4.858542672099079","294","10"
"6.898154890540409","295.5","10"
"5.717133764278653","297","10"
"4.45069888082051","298.5","10"
"5.3592554439693005","300","10"
"6.20594863434878","1.5","11"
"10.010788029167433","3","11"
"7.077098978790931","4.5","11"
"3.4565913130060304","6","11"
"6.677301782409099","7.5","11"
"10.1091952038704","9","11"
"5.459557964334493","10.5","11"
"1.811476986281335","12","11"
"7.268189837681752","13.5","11"
"11.158654897818156","15","11"
"5.974236467021633","16.5","11"
"1.8665196279955074","18","11"
"6.530075411830611","19.5","11"
"10.21674301074783","21","11"
"6.892023353689281","22.5","11"
"2.5324439794352256","24","11"
"5.320481185855916","25.5","11"
"9.582641961433639","27","11"
"7.837133082153833","28.5","11"
"4.456751568138108","30","11"
"6.180279168708084","31.5","11"
"8.28989498863653","33","11"
"6.320040952509204","34.5","11"
"4.384540179712151","36","11"
"5.757222345554067","37.5","11"
"8.844066265811346","39","11"
"8.511061030854036","40.5","11"
"5.013387878854907","42","11"
"4.464611388202297","43.5","11"
"8.085426813572756","45","11"
"10.033700717992087","46.5","11"
"6.5869638718437615","48","11"
"3.614015145913081","49.5","11"
"5.147015168947391","51","11"
"8.933328865863167","52.5","11"
"9.910177010002304","54","11"
"8.514080967988235","55.5","11"
"6.252773429835579","57","11"
"5.508333792966575","58.5","11"
"6.966452385245769","60","11"
"8.281109179362947","61.5","11"
"8.576790002004655","63","11"
"7.907643784703463","64.5","11"
"6.571329980583099","66","11"
"6.918438933041005","67.5","11"
"7.886287881356444","69","11"
"8.68279038678656","70.5","11"
"8.560140922999793","72","11"
"7.759078450483718","73.5","11"
"7.140034705216251","75","11"
"6.910635786079041","76.5","11"
"7.191576181236898","78","11"
"7.9949578156579255","79.5","11"
"8.706889761090842","81","11"
"8.4117303309896","82.5","11"
"7.617987066423448","84","11"
"7.233309760905581","85.5","11"
"7.333224932937308","87","11"
"7.548539846957303","88.5","11"
"7.927498097246321","90","11"
"6.751894919557247","91.5","11"
"4.46873669723467","93","11"
"3.708458406722617","94.5","11"
"4.224367208537618","96","11"
"5.182854745984706","97.5","11"
"5.881079192823013","99","11"
"5.490064848857256","100.5","11"
"5.985495687600135","102","11"
"6.052068348759526","103.5","11"
"5.264108697477801","105","11"
"4.040495270846262","106.5","11"
"4.295320454094186","108","11"
"5.6670919078238295","109.5","11"
"5.925719856231031","111","11"
"5.989150363479251","112.5","11"
"6.237237114872658","114","11"
"5.864401038052661","115.5","11"
"5.091537129965258","117","11"
"5.197285689049452","118.5","11"
"5.1812856402674585","120","11"
"4.784205795934905","121.5","11"
"5.561703099736366","123","11"
"6.549064843552561","124.5","11"
"5.534595122918332","126","11"
"5.008158183543528","127.5","11"
"5.466368099983564","129","11"
"5.381581689388324","130.5","11"
"4.773785337269328","132","11"
"5.111614192440338","133.5","11"
"5.883143572172746","135","11"
"5.736229150061285","136.5","11"
"5.4674626300708775","138","11"
"6.052411837039966","139.5","11"
"5.682456725051322","141","11"
"4.747782732349468","142.5","11"
"5.326735925103184","144","11"
"6.161298607558655","145.5","11"
"5.340975165239535","147","11"
"4.886805794583329","148.5","11"
"5.602420998851265","150","11"
"5.92790595954815","151.5","11"
"5.004822848275208","153","11"
"5.203923341343925","154.5","11"
"6.0951068882081305","156","11"
"5.693462148693774","157.5","11"
"4.963247460483171","159","11"
"5.468904590915307","160.5","11"
"5.866172688509164","162","11"
"5.131182182614564","163.5","11"
"5.190104467783206","165","11"
"6.1855408966424585","166.5","11"
"5.873659451717839","168","11"
"4.860154652250183","169.5","11"
"5.203318171174082","171","11"
"6.046470031878895","172.5","11"
"5.265546715845555","174","11"
"4.859725907911614","175.5","11"
"5.766766588778291","177","11"
"6.130314683358036","178.5","11"
"5.159209249307808","180","11"
"5.164067366192426","181.5","11"
"5.964726720468329","183","11"
"5.533869214400271","184.5","11"
"4.824128793189905","186","11"
"5.577062988868013","187.5","11"
"6.235832607556655","189","11"
"5.257007311364254","190.5","11"
"4.939351616537315","192","11"
"5.783246634095648","193.5","11"
"5.815618310086395","195","11"
"4.881019224441395","196.5","11"
"5.289423833027197","198","11"
"6.234870643247589","199.5","11"
"5.573370366650885","201","11"
"4.889065819338133","202.5","11"
"5.569099185981481","204","11"
"5.9795755660607846","205.5","11"
"5.0572232914017485","207","11"
"5.114299019057034","208.5","11"
"6.130821784420551","210","11"
"5.852533197637225","211.5","11"
"4.883956369565388","213","11"
"5.287889223980868","214.5","11"
"6.048102217222967","216","11"
"5.2763870482771775","217.5","11"
"4.934853743459012","219","11"
"5.912417939924517","220.5","11"
"6.158316616762467","222","11"
"5.063708665534593","223.5","11"
"5.108863329339309","225","11"
"5.975410832261646","226.5","11"
"5.528166914697297","228","11"
"4.828845473723753","229.5","11"
"5.612006638080593","231","11"
"6.308871423275092","232.5","11"
"5.301542513521175","234","11"
"4.958132096995411","235.5","11"
"5.7958428470770675","237","11"
"5.814431131797184","238.5","11"
"4.863306662353046","240","11"
"5.331127351311221","241.5","11"
"6.31711464919607","243","11"
"5.588576992001733","244.5","11"
"4.869770352864169","246","11"
"5.555718420141438","247.5","11"
"5.997879006841024","249","11"
"4.993415292011754","250.5","11"
"5.0797575024654575","252","11"
"6.187973404751859","253.5","11"
"5.916324441501345","255","11"
"4.893330593482937","256.5","11"
"5.30221372017535","258","11"
"6.068561699935667","259.5","11"
"5.209814879927372","261","11"
"4.880110976377046","262.5","11"
"5.9369928754779","264","11"
"6.179853381227021","265.5","11"
"5.012177045705636","267","11"
"5.077122942426386","268.5","11"
"6.010914805971874","270","11"
"5.50004227170631","271.5","11"
"4.772337462709884","273","11"
"5.639248166296043","274.5","11"
"6.34592873279586","276","11"
"5.216395366310035","277.5","11"
"4.897016809175465","279","11"
"5.810275761380153","280.5","11"
"5.771654274237982","282","11"
"4.7551891675958595","283.5","11"
"5.333554931324777","285","11"
"6.413841836025262","286.5","11"
"5.518622178663489","288","11"
"4.802015441511412","289.5","11"
"5.584021460202036","291","11"
"5.969160528300638","292.5","11"
"4.844044706930832","294","11"
"5.051254874523111","295.5","11"
"6.277897355266164","297","11"
"5.842021076388921","298.5","11"
"4.779158932979399","300","11"
"7.767250711824519","1.5","12"
"3.2590589400353918","3","12"
"6.959693994603078","4.5","12"
"10.515958263730022","6","12"
"6.821700411591369","7.5","12"
"3.421601339692502","9","12"
"7.134006165568296","10.5","12"
"9.807930848635596","12","12"
"5.469305245107557","13.5","12"
"4.284040042703548","15","12"
"7.571530399696317","16.5","12"
"9.589812340889024","18","12"
"6.740593810164057","19.5","12"
"4.467651530529463","21","12"
"7.015956093634251","22.5","12"
"9.686321213072254","24","12"
"7.574976124311579","25.5","12"
"5.163435584305017","27","12"
"6.415803218171821","28.5","12"
"8.146518939342227","30","12"
"9.089071478872484","31.5","12"
"8.00400432120174","33","12"
"6.517087415229463","34.5","12"
"6.628022302381594","36","12"
"7.349048063078444","37.5","12"
"7.163309116275973","39","12"
"6.303479593610393","40.5","12"
"5.522599152010909","42","12"
"4.522683576837568","43.5","12"
"4.8728829382002665","45","12"
"5.1878636626022","46.5","12"
"5.87069470925711","48","12"
"7.1548751730457685","49.5","12"
"6.5957358824489765","51","12"
"5.461646984163454","52.5","12"
"4.637937939998389","54","12"
"4.36503329792641","55.5","12"
"4.9230805224838114","57","12"
"5.931240802006886","58.5","12"
"6.612663398869117","60","12"
"6.229013108525478","61.5","12"
"5.430230865957173","63","12"
"5.298330873458581","64.5","12"
"5.6727828729063585","66","12"
"5.76239536776322","67.5","12"
"6.686945080359821","69","12"
"6.1471120980478515","70.5","12"
"5.103963816449588","72","12"
"5.049240761751004","73.5","12"
"5.32946609020166","75","12"
"4.88152090459848","76.5","12"
"5.017245099473278","78","12"
"6.150585419999849","79.5","12"
"6.660966130300019","81","12"
"5.998281139462027","82.5","12"
"5.9426178040760975","84","12"
"5.894791126703883","85.5","12"
"4.829121447091108","87","12"
"5.336544314264733","88.5","12"
"6.238501664266646","90","12"
"5.4234527629311","91.5","12"
"5.163215791230302","93","12"
"5.827662083523521","94.5","12"
"5.99749412255548","96","12"
"4.730684211003484","97.5","12"
"5.364947887480582","99","12"
"6.718003911617293","100.5","12"
"5.828587579923329","102","12"
"4.852781728055543","103.5","12"
"5.3842093500932116","105","12"
"5.666610925669296","106.5","12"
"4.743145394158734","108","12"
"5.6945073978226315","109.5","12"
"7.0660418101421","111","12"
"5.419476775202849","112.5","12"
"4.774437324349705","114","12"
"5.7296067748639326","115.5","12"
"5.543787007289593","117","12"
"4.224913241557314","118.5","12"
"5.427957042534002","120","12"
"6.982481016983668","121.5","12"
"5.533049179251559","123","12"
"4.890319034111675","124.5","12"
"5.799143192864883","126","12"
"5.509616576315192","127.5","12"
"4.2031281010621395","129","12"
"5.637753474826065","130.5","12"
"6.957727684360673","132","12"
"5.09183330852558","133.5","12"
"4.725416569354095","135","12"
"5.878309110148187","136.5","12"
"5.443082354303397","138","12"
"4.183087013686732","139.5","12"
"5.759546928364448","141","12"
"7.03616375064924","142.5","12"
"4.947313940995093","144","12"
"4.7698305403532135","145.5","12"
"5.88876702234219","147","12"
"5.3505110307008215","148.5","12"
"4.217353542530123","150","12"
"5.859273354325288","151.5","12"
"6.896651821307493","153","12"
"4.83684870137705","154.5","12"
"4.815009351827574","156","12"
"5.985369528346487","157.5","12"
"5.203839070904965","159","12"
"4.172590662345134","160.5","12"
"5.858077305463555","162","12"
"6.810659998468413","163.5","12"
"4.816651393363337","165","12"
"4.859413959444586","166.5","12"
"6.027976366599015","168","12"
"5.253138756125438","169.5","12"
"4.164410023241395","171","12"
"5.714342490791691","172.5","12"
"6.748663074301685","174","12"
"4.820089233025245","175.5","12"
"4.825483526737867","177","12"
"5.978229703085344","178.5","12"
"5.416128626885331","180","12"
"4.218181462632188","181.5","12"
"5.618041091443561","183","12"
"6.78230028530559","184.5","12"
"4.915126082979387","186","12"
"4.732173974377617","187.5","12"
"5.872125335481096","189","12"
"5.576056178886752","190.5","12"
"4.252549017440415","192","12"
"5.395896822200698","193.5","12"
"6.784568687823331","195","12"
"5.202017646680422","196.5","12"
"4.689824875537815","198","12"
"5.73740696496839","199.5","12"
"5.793720316196357","201","12"
"4.311501856803298","202.5","12"
"5.1074839553121185","204","12"
"6.658815509272988","205.5","12"
"5.549162081428418","207","12"
"4.637247513770418","208.5","12"
"5.52679000471803","210","12"
"6.023912658764711","211.5","12"
"4.566074475139135","213","12"
"4.886376557435175","214.5","12"
"6.419755551040013","216","12"
"5.938096768947321","217.5","12"
"4.645135423980926","219","12"
"5.277512132558734","220.5","12"
"6.1851836096936506","222","12"
"4.902337181450403","223.5","12"
"4.68210797025315","225","12"
"6.086357546843806","226.5","12"
"6.273623710548837","228","12"
"4.820144427698716","229.5","12"
"5.102247360666556","231","12"
"6.1415325079314345","232.5","12"
"5.285981558079027","234","12"
"4.609700936422122","235.5","12"
"5.80649295500905","237","12"
"6.4583129729361906","238.5","12"
"5.026658255348008","240","12"
"4.882041311519777","241.5","12"
"5.89983601842105","243","12"
"5.609263167123332","244.5","12"
"4.6058969392388835","246","12"
"5.563695528886752","247.5","12"
"6.584188368263505","249","12"
"5.365408664442149","250.5","12"
"4.7830802188437636","252","12"
"5.675572175154983","253.5","12"
"5.802040420412527","255","12"
"4.61664363784944","256.5","12"
"5.309909434647879","258","12"
"6.647888442354481","259.5","12"
"5.787687341262141","261","12"
"4.8410617305154755","262.5","12"
"5.516898330736689","264","12"
"5.992009151879299","265.5","12"
"4.7368576366693","267","12"
"4.985342578207034","268.5","12"
"6.343446450918419","270","12"
"6.06140955443491","271.5","12"
"4.908407609913045","273","12"
"5.435071241696748","274.5","12"
"6.194014757449012","276","12"
"5.007810259976827","277.5","12"
"4.802456506089595","279","12"
"6.035442924614722","280.5","12"
"6.142276157594539","282","12"
"4.899700650172993","283.5","12"
"5.2815211385291505","285","12"
"6.248917687645961","286.5","12"
"5.321739821534888","288","12"
"4.771369091876219","289.5","12"
"5.893748341622948","291","12"
"6.207101808776656","292.5","12"
"4.892174462197554","294","12"
"5.070105333942215","295.5","12"
"6.115657047884391","297","12"
"5.467352240723935","298.5","12"
"4.722342915975178","300","12"
"7.767250711824519","1.5","13"
"3.2590589400353918","3","13"
"6.959693994603078","4.5","13"
"10.515958263730022","6","13"
"6.821700411591369","7.5","13"
"3.421601339692502","9","13"
"7.134006165568296","10.5","13"
"9.807930848635596","12","13"
"5.469305245107557","13.5","13"
"4.284040042703548","15","13"
"7.571530399696317","16.5","13"
"9.589812340889024","18","13"
"6.740593810164057","19.5","13"
"4.467651530529463","21","13"
"7.015956093634251","22.5","13"
"9.686321213072254","24","13"
"7.574976124311579","25.5","13"
"5.163435584305017","27","13"
"6.415803218171821","28.5","13"
"8.146518939342227","30","13"
"9.089071478872484","31.5","13"
"8.00400432120174","33","13"
"6.517087415229463","34.5","13"
"6.628022302381594","36","13"
"7.349048063078444","37.5","13"
"7.163309116275973","39","13"
"6.303479593610393","40.5","13"
"5.522599152010909","42","13"
"4.522683576837568","43.5","13"
"4.8728829382002665","45","13"
"5.1878636626022","46.5","13"
"5.87069470925711","48","13"
"7.1548751730457685","49.5","13"
"6.5957358824489765","51","13"
"5.461646984163454","52.5","13"
"4.637937939998389","54","13"
"4.36503329792641","55.5","13"
"4.9230805224838114","57","13"
"5.931240802006886","58.5","13"
"6.612663398869117","60","13"
"6.229013108525478","61.5","13"
"5.430230865957173","63","13"
"5.298330873458581","64.5","13"
"5.6727828729063585","66","13"
"5.76239536776322","67.5","13"
"6.686945080359821","69","13"
"6.1471120980478515","70.5","13"
"5.103963816449588","72","13"
"5.049240761751004","73.5","13"
"5.32946609020166","75","13"
"4.88152090459848","76.5","13"
"5.017245099473278","78","13"
"6.150585419999849","79.5","13"
"6.660966130300019","81","13"
"5.998281139462027","82.5","13"
"5.9426178040760975","84","13"
"5.894791126703883","85.5","13"
"4.829121447091108","87","13"
"5.336544314264733","88.5","13"
"6.238501664266646","90","13"
"5.4234527629311","91.5","13"
"5.163215791230302","93","13"
"5.827662083523521","94.5","13"
"5.99749412255548","96","13"
"4.730684211003484","97.5","13"
"5.364947887480582","99","13"
"6.718003911617293","100.5","13"
"5.828587579923329","102","13"
"4.852781728055543","103.5","13"
"5.3842093500932116","105","13"
"5.666610925669296","106.5","13"
"4.743145394158734","108","13"
"5.6945073978226315","109.5","13"
"7.0660418101421","111","13"
"5.419476775202849","112.5","13"
"4.774437324349705","114","13"
"5.7296067748639326","115.5","13"
"5.543787007289593","117","13"
"4.224913241557314","118.5","13"
"5.427957042534002","120","13"
"6.982481016983668","121.5","13"
"5.533049179251559","123","13"
"4.890319034111675","124.5","13"
"5.799143192864883","126","13"
"5.509616576315192","127.5","13"
"4.2031281010621395","129","13"
"5.637753474826065","130.5","13"
"6.957727684360673","132","13"
"5.09183330852558","133.5","13"
"4.725416569354095","135","13"
"5.878309110148187","136.5","13"
"5.443082354303397","138","13"
"4.183087013686732","139.5","13"
"5.759546928364448","141","13"
"7.03616375064924","142.5","13"
"4.947313940995093","144","13"
"4.7698305403532135","145.5","13"
"5.88876702234219","147","13"
"5.3505110307008215","148.5","13"
"4.217353542530123","150","13"
"5.859273354325288","151.5","13"
"6.896651821307493","153","13"
"4.83684870137705","154.5","13"
"4.815009351827574","156","13"
"5.985369528346487","157.5","13"
"5.203839070904965","159","13"
"4.172590662345134","160.5","13"
"5.858077305463555","162","13"
"6.810659998468413","163.5","13"
"4.816651393363337","165","13"
"4.859413959444586","166.5","13"
"6.027976366599015","168","13"
"5.253138756125438","169.5","13"
"4.164410023241395","171","13"
"5.714342490791691","172.5","13"
"6.748663074301685","174","13"
"4.820089233025245","175.5","13"
"4.825483526737867","177","13"
"5.978229703085344","178.5","13"
"5.416128626885331","180","13"
"4.218181462632188","181.5","13"
"5.618041091443561","183","13"
"6.78230028530559","184.5","13"
"4.915126082979387","186","13"
"4.732173974377617","187.5","13"
"5.872125335481096","189","13"
"5.576056178886752","190.5","13"
"4.252549017440415","192","13"
"5.395896822200698","193.5","13"
"6.784568687823331","195","13"
"5.202017646680422","196.5","13"
"4.689824875537815","198","13"
"5.73740696496839","199.5","13"
"5.793720316196357","201","13"
"4.311501856803298","202.5","13"
"5.1074839553121185","204","13"
"6.658815509272988","205.5","13"
"5.549162081428418","207","13"
"4.637247513770418","208.5","13"
"5.52679000471803","210","13"
"6.023912658764711","211.5","13"
"4.566074475139135","213","13"
"4.886376557435175","214.5","13"
"6.419755551040013","216","13"
"5.938096768947321","217.5","13"
"4.645135423980926","219","13"
"5.277512132558734","220.5","13"
"6.1851836096936506","222","13"
"4.902337181450403","223.5","13"
"4.68210797025315","225","13"
"6.086357546843806","226.5","13"
"6.273623710548837","228","13"
"4.820144427698716","229.5","13"
"5.102247360666556","231","13"
"6.1415325079314345","232.5","13"
"5.285981558079027","234","13"
"4.609700936422122","235.5","13"
"5.80649295500905","237","13"
"6.4583129729361906","238.5","13"
"5.026658255348008","240","13"
"4.882041311519777","241.5","13"
"5.89983601842105","243","13"
"5.609263167123332","244.5","13"
"4.6058969392388835","246","13"
"5.563695528886752","247.5","13"
"6.584188368263505","249","13"
"5.365408664442149","250.5","13"
"4.7830802188437636","252","13"
"5.675572175154983","253.5","13"
"5.802040420412527","255","13"
"4.61664363784944","256.5","13"
"5.309909434647879","258","13"
"6.647888442354481","259.5","13"
"5.787687341262141","261","13"
"4.8410617305154755","262.5","13"
"5.516898330736689","264","13"
"5.992009151879299","265.5","13"
"4.7368576366693","267","13"
"4.985342578207034","268.5","13"
"6.343446450918419","270","13"
"6.06140955443491","271.5","13"
"4.908407609913045","273","13"
"5.435071241696748","274.5","13"
"6.194014757449012","276","13"
"5.007810259976827","277.5","13"
"4.802456506089595","279","13"
"6.035442924614722","280.5","13"
"6.142276157594539","282","13"
"4.899700650172993","283.5","13"
"5.2815211385291505","285","13"
"6.248917687645961","286.5","13"
"5.321739821534888","288","13"
"4.771369091876219","289.5","13"
"5.893748341622948","291","13"
"6.207101808776656","292.5","13"
"4.892174462197554","294","13"
"5.070105333942215","295.5","13"
"6.115657047884391","297","13"
"5.467352240723935","298.5","13"
"4.722342915975178","300","13"
"7.767250711824519","1.5","14"
"3.2590589400353918","3","14"
"6.959693994603078","4.5","14"
"10.515958263730022","6","14"
"6.821700411591369","7.5","14"
"3.421601339692502","9","14"
"7.134006165568296","10.5","14"
"9.807930848635596","12","14"
"5.469305245107557","13.5","14"
"4.284040042703548","15","14"
"7.571530399696317","16.5","14"
"9.589812340889024","18","14"
"6.740593810164057","19.5","14"
"4.467651530529463","21","14"
"7.015956093634251","22.5","14"
"9.686321213072254","24","14"
"7.574976124311579","25.5","14"
"5.163435584305017","27","14"
"6.415803218171821","28.5","14"
"8.146518939342227","30","14"
"9.089071478872484","31.5","14"
"8.00400432120174","33","14"
"6.517087415229463","34.5","14"
"6.628022302381594","36","14"
"7.349048063078444","37.5","14"
"7.163309116275973","39","14"
"6.303479593610393","40.5","14"
"5.522599152010909","42","14"
"4.522683576837568","43.5","14"
"4.8728829382002665","45","14"
"5.1878636626022","46.5","14"
"5.87069470925711","48","14"
"7.1548751730457685","49.5","14"
"6.5957358824489765","51","14"
"5.461646984163454","52.5","14"
"4.637937939998389","54","14"
"4.36503329792641","55.5","14"
"4.9230805224838114","57","14"
"5.931240802006886","58.5","14"
"6.612663398869117","60","14"
"6.229013108525478","61.5","14"
"5.430230865957173","63","14"
"5.298330873458581","64.5","14"
"5.6727828729063585","66","14"
"5.76239536776322","67.5","14"
"6.686945080359821","69","14"
"6.1471120980478515","70.5","14"
"5.103963816449588","72","14"
"5.049240761751004","73.5","14"
"5.32946609020166","75","14"
"4.88152090459848","76.5","14"
"5.017245099473278","78","14"
"6.150585419999849","79.5","14"
"6.660966130300019","81","14"
"5.998281139462027","82.5","14"
"5.9426178040760975","84","14"
"5.894791126703883","85.5","14"
"4.829121447091108","87","14"
"5.336544314264733","88.5","14"
"6.238501664266646","90","14"
"5.4234527629311","91.5","14"
"5.163215791230302","93","14"
"5.827662083523521","94.5","14"
"5.99749412255548","96","14"
"4.730684211003484","97.5","14"
"5.364947887480582","99","14"
"6.718003911617293","100.5","14"
"5.828587579923329","102","14"
"4.852781728055543","103.5","14"
"5.3842093500932116","105","14"
"5.666610925669296","106.5","14"
"4.743145394158734","108","14"
"5.6945073978226315","109.5","14"
"7.0660418101421","111","14"
"5.419476775202849","112.5","14"
"4.774437324349705","114","14"
"5.7296067748639326","115.5","14"
"5.543787007289593","117","14"
"4.224913241557314","118.5","14"
"5.427957042534002","120","14"
"6.982481016983668","121.5","14"
"5.533049179251559","123","14"
"4.890319034111675","124.5","14"
"5.799143192864883","126","14"
"5.509616576315192","127.5","14"
"4.2031281010621395","129","14"
"5.637753474826065","130.5","14"
"6.957727684360673","132","14"
"5.09183330852558","133.5","14"
"4.725416569354095","135","14"
"5.878309110148187","136.5","14"
"5.443082354303397","138","14"
"4.183087013686732","139.5","14"
"5.759546928364448","141","14"
"7.03616375064924","142.5","14"
"4.947313940995093","144","14"
"4.7698305403532135","145.5","14"
"5.88876702234219","147","14"
"5.3505110307008215","148.5","14"
"4.217353542530123","150","14"
"5.859273354325288","151.5","14"
"6.896651821307493","153","14"
"4.83684870137705","154.5","14"
"4.815009351827574","156","14"
"5.985369528346487","157.5","14"
"5.203839070904965","159","14"
"4.172590662345134","160.5","14"
"5.858077305463555","162","14"
"6.810659998468413","163.5","14"
"4.816651393363337","165","14"
"4.859413959444586","166.5","14"
"6.027976366599015","168","14"
"5.253138756125438","169.5","14"
"4.164410023241395","171","14"
"5.714342490791691","172.5","14"
"6.748663074301685","174","14"
"4.820089233025245","175.5","14"
"4.825483526737867","177","14"
"5.978229703085344","178.5","14"
"5.416128626885331","180","14"
"4.218181462632188","181.5","14"
"5.618041091443561","183","14"
"6.78230028530559","184.5","14"
"4.915126082979387","186","14"
"4.732173974377617","187.5","14"
"5.872125335481096","189","14"
"5.576056178886752","190.5","14"
"4.252549017440415","192","14"
"5.395896822200698","193.5","14"
"6.784568687823331","195","14"
"5.202017646680422","196.5","14"
"4.689824875537815","198","14"
"5.73740696496839","199.5","14"
"5.793720316196357","201","14"
"4.311501856803298","202.5","14"
"5.1074839553121185","204","14"
"6.658815509272988","205.5","14"
"5.549162081428418","207","14"
"4.637247513770418","208.5","14"
"5.52679000471803","210","14"
"6.023912658764711","211.5","14"
"4.566074475139135","213","14"
"4.886376557435175","214.5","14"
"6.419755551040013","216","14"
"5.938096768947321","217.5","14"
"4.645135423980926","219","14"
"5.277512132558734","220.5","14"
"6.1851836096936506","222","14"
"4.902337181450403","223.5","14"
"4.68210797025315","225","14"
"6.086357546843806","226.5","14"
"6.273623710548837","228","14"
"4.820144427698716","229.5","14"
"5.102247360666556","231","14"
"6.1415325079314345","232.5","14"
"5.285981558079027","234","14"
"4.609700936422122","235.5","14"
"5.80649295500905","237","14"
"6.4583129729361906","238.5","14"
"5.026658255348008","240","14"
"4.882041311519777","241.5","14"
"5.89983601842105","243","14"
"5.609263167123332","244.5","14"
"4.6058969392388835","246","14"
"5.563695528886752","247.5","14"
"6.584188368263505","249","14"
"5.365408664442149","250.5","14"
"4.7830802188437636","252","14"
"5.675572175154983","253.5","14"
"5.802040420412527","255","14"
"4.61664363784944","256.5","14"
"5.309909434647879","258","14"
"6.647888442354481","259.5","14"
"5.787687341262141","261","14"
"4.8410617305154755","262.5","14"
"5.516898330736689","264","14"
"5.992009151879299","265.5","14"
"4.7368576366693","267","14"
"4.985342578207034","268.5","14"
"6.343446450918419","270","14"
"6.06140955443491","271.5","14"
"4.908407609913045","273","14"
"5.435071241696748","274.5","14"
"6.194014757449012","276","14"
"5.007810259976827","277.5","14"
"4.802456506089595","279","14"
"6.035442924614722","280.5","14"
"6.142276157594539","282","14"
"4.899700650172993","283.5","14"
"5.2815211385291505","285","14"
"6.248917687645961","286.5","14"
"5.321739821534888","288","14"
"4.771369091876219","289.5","14"
"5.893748341622948","291","14"
"6.207101808776656","292.5","14"
"4.892174462197554","294","14"
"5.070105333942215","295.5","14"
"6.115657047884391","297","14"
"5.467352240723935","298.5","14"
"4.722342915975178","300","14"
"9.964747786539258","1.5","15"
"8.715878607913263","3","15"
"3.743108834232382","4.5","15"
"5.596975945751433","6","15"
"9.955635737320696","7.5","15"
"8.379323172708764","9","15"
"5.318994872148875","10.5","15"
"7.92673325677108","12","15"
"8.70537092195122","13.5","15"
"4.854576047752935","15","15"
"3.950285983582495","16.5","15"
"7.315358614258576","18","15"
"9.697980102223836","19.5","15"
"6.938225237861193","21","15"
"3.753075415270576","22.5","15"
"6.212649366270077","24","15"
"8.83294059663026","25.5","15"
"8.400543553420029","27","15"
"5.978412535441217","28.5","15"
"5.654690354628312","30","15"
"7.351400736035146","31.5","15"
"8.126761217477943","33","15"
"7.27297452593827","34.5","15"
"6.507530851765625","36","15"
"7.1498549218078296","37.5","15"
"8.543418908176415","39","15"
"8.845823624789896","40.5","15"
"7.518466634868956","42","15"
"6.41009254070591","43.5","15"
"5.90558217817705","45","15"
"6.0415379935565925","46.5","15"
"6.48849657437148","48","15"
"6.3643341851601045","49.5","15"
"4.954507975310538","51","15"
"4.895714313443467","52.5","15"
"5.297716339906631","54","15"
"5.416314908908295","55.5","15"
"5.898397014434127","57","15"
"6.376478984562064","58.5","15"
"5.849277697521605","60","15"
"5.227241612456673","61.5","15"
"5.59446113844141","63","15"
"5.619564858679029","64.5","15"
"5.530507760223969","66","15"
"6.1653125416249175","67.5","15"
"5.932336810522953","69","15"
"5.294202114759115","70.5","15"
"5.410588461535678","72","15"
"5.823959112305117","73.5","15"
"4.864351418672319","75","15"
"4.798195181611883","76.5","15"
"5.962596304634265","78","15"
"6.306747906775212","79.5","15"
"5.629266800970313","81","15"
"5.633870628109296","82.5","15"
"5.977871430517367","84","15"
"5.057963491397762","85.5","15"
"5.240092607993312","87","15"
"6.152317645689586","88.5","15"
"5.639464509703666","90","15"
"4.946529388136469","91.5","15"
"5.5550013821959","93","15"
"6.107328565905283","94.5","15"
"5.049981454556602","96","15"
"5.120668090127921","97.5","15"
"6.301131848749536","99","15"
"5.8803932018813025","100.5","15"
"4.774836007303616","102","15"
"5.205140088208211","103.5","15"
"5.980561185229909","105","15"
"5.076796209671821","106.5","15"
"5.147851466812394","108","15"
"6.396857646502897","109.5","15"
"6.016526921520872","111","15"
"4.803496334313023","112.5","15"
"5.261327772992114","114","15"
"5.9991401065679195","115.5","15"
"4.787461296050525","117","15"
"4.745056016918083","118.5","15"
"6.263301813800174","120","15"
"6.235775934454431","121.5","15"
"4.842745168056341","123","15"
"5.190673170043791","124.5","15"
"6.1043243986777895","126","15"
"4.953498701281353","127.5","15"
"4.607498077579128","129","15"
"6.061971850170896","130.5","15"
"6.266690372503627","132","15"
"4.752898588646812","133.5","15"
"5.072993198107752","135","15"
"6.117338021377334","136.5","15"
"5.141222192280858","138","15"
"4.523974737949121","139.5","15"
"5.9550183716524465","141","15"
"6.425629841287999","142.5","15"
"4.770864454861626","144","15"
"4.933293508314287","145.5","15"
"6.040472046425184","147","15"
"5.32656590579651","148.5","15"
"4.4314605802583555","150","15"
"5.713772802911937","151.5","15"
"6.584856125250588","153","15"
"4.9509439763949805","154.5","15"
"4.842646606139429","156","15"
"5.94516168715161","157.5","15"
"5.509235141696741","159","15"
"4.357929940574524","160.5","15"
"5.482102031589894","162","15"
"6.688526013507097","163.5","15"
"5.152348354271528","165","15"
"4.73227253629453","166.5","15"
"5.821892761717046","168","15"
"5.76464849318384","169.5","15"
"4.393961713349818","171","15"
"5.215518658059098","172.5","15"
"6.633634910740177","174","15"
"5.429286642793151","175.5","15"
"4.650394687867378","177","15"
"5.644173305284162","178.5","15"
"6.002525708413865","180","15"
"4.525511318233788","181.5","15"
"4.98093636771146","183","15"
"6.469752069013057","184.5","15"
"5.735664390277376","186","15"
"4.594842234637976","187.5","15"
"5.413396490548515","189","15"
"6.1840861227488295","190.5","15"
"4.756442382369402","192","15"
"4.774538350314541","193.5","15"
"6.219175643598439","195","15"
"6.069587236681142","196.5","15"
"4.640660712953098","198","15"
"5.160504845705623","199.5","15"
"6.1900880506792175","201","15"
"5.078599399941735","202.5","15"
"4.614067229341346","204","15"
"5.930612469786569","205.5","15"
"6.3509174442203875","207","15"
"4.8367511250793065","208.5","15"
"4.95678623401997","210","15"
"6.0418139669239475","211.5","15"
"5.433028545968735","213","15"
"4.529411413286016","214.5","15"
"5.578405894985946","216","15"
"6.5158834814143765","217.5","15"
"5.153005762257334","219","15"
"4.807901066379843","220.5","15"
"5.830284816132562","222","15"
"5.792926892765211","223.5","15"
"4.555496317406498","225","15"
"5.222810268672287","226.5","15"
"6.490012949463179","228","15"
"5.517916475338396","229.5","15"
"4.729972593963376","231","15"
"5.590447697184733","232.5","15"
"6.063598121799952","234","15"
"4.756807554271563","235.5","15"
"4.974181919545445","237","15"
"6.281453962037952","238.5","15"
"5.878185414942462","240","15"
"4.719380144752788","241.5","15"
"5.305050332144091","243","15"
"6.178545464589592","244.5","15"
"5.048240851103927","246","15"
"4.8090340356147525","247.5","15"
"6.064045592902735","249","15"
"6.17368143398996","250.5","15"
"4.812552203238945","252","15"
"5.036923478994447","253.5","15"
"6.088776749094424","255","15"
"5.316328772296391","256.5","15"
"4.688843691654951","258","15"
"5.833627543544651","259.5","15"
"6.4122096506811905","261","15"
"5.049895705688888","262.5","15"
"4.878848891030981","264","15"
"5.878061226927152","265.5","15"
"5.580624523735647","267","15"
"4.622546511053331","268.5","15"
"5.558190353017604","270","15"
"6.542734704438854","271.5","15"
"5.344347954036282","273","15"
"4.811234430409824","274.5","15"
"5.694388630712751","276","15"
"5.7952608389577","277.5","15"
"4.64319917512318","279","15"
"5.305237106976641","280.5","15"
"6.554854863361586","282","15"
"5.6626329667027075","283.5","15"
"4.800426130601197","285","15"
"5.5235926561333875","286.5","15"
"5.991608004877465","288","15"
"4.774670916092788","289.5","15"
"5.078852211258616","291","15"
"6.40796902420603","292.5","15"
"5.976098301632111","294","15"
"4.821574068303532","295.5","15"
"5.337950792819075","297","15"
"6.120018905517354","298.5","15"
"4.987628229060236","300","15"
"9.380291389154731","1.5","16"
"3.626782117415552","3","16"
"4.335330185836069","4.5","16"
"9.543246763243705","6","16"
"9.710561530917719","7.5","16"
"4.639981128535986","9","16"
"4.787519940391088","10.5","16"
"8.497969051430546","12","16"
"7.522195724995341","13.5","16"
"3.7663820132681427","15","16"
"5.2721740191387525","16.5","16"
"9.762001980973531","18","16"
"7.793016275334205","19.5","16"
"4.146700418010553","21","16"
"6.519269576069906","22.5","16"
"9.808055036650906","24","16"
"7.800009243339148","25.5","16"
"3.219603865480934","27","16"
"3.9793723444777562","28.5","16"
"9.073205967107075","30","16"
"9.07286395725539","31.5","16"
"5.652190824415411","33","16"
"6.759842952537072","34.5","16"
"9.01970557298779","36","16"
"8.321171641730379","37.5","16"
"5.571498183039132","39","16"
"4.5819498430962335","40.5","16"
"7.063226881795079","42","16"
"8.828737916493111","43.5","16"
"7.7610595450136595","45","16"
"7.360270322938103","46.5","16"
"7.773561138554843","48","16"
"8.619810307498632","49.5","16"
"8.812163744545103","51","16"
"8.135114832745865","52.5","16"
"7.2255933484305","54","16"
"6.796079241289959","55.5","16"
"7.083733181418313","57","16"
"6.788769889531728","58.5","16"
"5.718905414735156","60","16"
"5.456879051432812","61.5","16"
"6.835872136814635","63","16"
"7.083402013377487","64.5","16"
"6.4708106240006975","66","16"
"5.910207688937755","67.5","16"
"4.5244670547240995","69","16"
"5.039287979381178","70.5","16"
"5.30229158408971","72","16"
"4.643927054879579","73.5","16"
"5.201144388096577","75","16"
"6.707867804082009","76.5","16"
"6.526685867507989","78","16"
"5.856542696417226","79.5","16"
"5.466400625416145","81","16"
"4.562647970097671","82.5","16"
"3.950835959078867","84","16"
"4.08148840411414","85.5","16"
"5.256118282873703","87","16"
"6.593763165681972","88.5","16"
"7.424180333912103","90","16"
"7.499268744692736","91.5","16"
"5.855132275386208","93","16"
"4.8077813136507945","94.5","16"
"5.3251234521424955","96","16"
"6.295240310166091","97.5","16"
"4.769932059127633","99","16"
"4.338038667312825","100.5","16"
"5.400353299273897","102","16"
"5.856322410532927","103.5","16"
"5.809097453663463","105","16"
"6.11465565880856","106.5","16"
"6.402679206125335","108","16"
"5.700302345727502","109.5","16"
"5.858618903196989","111","16"
"5.837502505308066","112.5","16"
"5.068451464976423","114","16"
"5.109503488989656","115.5","16"
"6.045716526024099","117","16"
"6.191121965187629","118.5","16"
"5.133925653571824","120","16"
"5.3471702745270715","121.5","16"
"5.823758045994616","123","16"
"5.171512733395997","124.5","16"
"5.53249082599225","126","16"
"6.390468370239043","127.5","16"
"6.163959779315293","129","16"
"5.442695005969931","130.5","16"
"5.716806538714504","132","16"
"5.822345653725259","133.5","16"
"4.854650954809789","135","16"
"5.257461681801221","136.5","16"
"6.367330467434245","138","16"
"6.031391537020034","139.5","16"
"5.131234420430528","141","16"
"5.732786875113115","142.5","16"
"5.990743124056557","144","16"
"4.941682113062711","145.5","16"
"5.4681979019710445","147","16"
"6.3746117290461575","148.5","16"
"5.596896110598735","150","16"
"4.87332301715928","151.5","16"
"5.782674974977555","153","16"
"5.9007743278700575","154.5","16"
"4.647529985752316","156","16"
"5.389565697467822","157.5","16"
"6.560015565331126","159","16"
"5.465061661774889","160.5","16"
"4.851111103563875","162","16"
"5.949086915492651","163.5","16"
"5.739538859231207","165","16"
"4.354979982401333","166.5","16"
"5.160308214681383","168","16"
"6.453609598261125","169.5","16"
"5.193174671495031","171","16"
"5.003036906340753","172.5","16"
"6.247002136790766","174","16"
"5.814618892248903","175.5","16"
"4.273488496688478","177","16"
"5.105635919370009","178.5","16"
"6.266886017908698","180","16"
"4.950059383190691","181.5","16"
"5.020043765104009","183","16"
"6.3284877087886064","184.5","16"
"5.839449103167088","186","16"
"4.292778049447428","187.5","16"
"5.25035339635349","189","16"
"6.338967797413914","190.5","16"
"4.883236867571926","192","16"
"4.866943104277533","193.5","16"
"6.1357163692144265","195","16"
"5.759455758591304","196.5","16"
"4.389227784480511","198","16"
"5.337933544483615","199.5","16"
"6.463443613521071","201","16"
"4.950904058818631","202.5","16"
"4.817657710535014","204","16"
"6.012024613156308","205.5","16"
"5.778916316276097","207","16"
"4.43279609423252","208.5","16"
"5.2880104551386715","210","16"
"6.4696342875223465","211.5","16"
"5.11695132024115","213","16"
"4.800645923675913","214.5","16"
"5.970760188212129","216","16"
"5.89343097225049","217.5","16"
"4.506365665873531","219","16"
"5.210822675527802","220.5","16"
"6.436449475717071","222","16"
"5.2751111642627455","223.5","16"
"4.727086208226593","225","16"
"5.860123450858659","226.5","16"
"6.057764734747485","228","16"
"4.585113680629125","229.5","16"
"5.073482065215638","231","16"
"6.374005573257145","232.5","16"
"5.475652632556723","234","16"
"4.678635141110737","235.5","16"
"5.715365070679658","237","16"
"6.193723014174951","238.5","16"
"4.760546993399224","240","16"
"4.9221412274156355","241.5","16"
"6.214841876111796","243","16"
"5.732735130106736","244.5","16"
"4.697659562313191","246","16"
"5.589912998785483","247.5","16"
"6.388625755202363","249","16"
"4.9483478555035045","250.5","16"
"4.720701367249","252","16"
"5.911939421817907","253.5","16"
"5.9016628635510235","255","16"
"4.725192340993119","256.5","16"
"5.448360344954062","258","16"
"6.508648543903413","259.5","16"
"5.269484757235794","261","16"
"4.642623080718826","262.5","16"
"5.674841831350661","264","16"
"5.975192517615685","265.5","16"
"4.68986528592375","267","16"
"5.200217906077599","268.5","16"
"6.412928659865067","270","16"
"5.59152645736534","271.5","16"
"4.653983820071748","273","16"
"5.490766116896088","274.5","16"
"6.12241839538459","276","16"
"4.785554122958268","277.5","16"
"4.976223136844704","279","16"
"6.227325728507935","280.5","16"
"5.847586375027386","282","16"
"4.662622279279545","283.5","16"
"5.269947998245283","285","16"
"6.205704200794837","286.5","16"
"5.04805111941387","288","16"
"4.830369240959221","289.5","16"
"6.053612321187961","291","16"
"6.087428422071061","292.5","16"
"4.742514597890494","294","16"
"5.0802493264308515","295.5","16"
"6.179252646343439","297","16"
"5.30934566048314","298.5","16"
"4.658051470382727","300","16"
"9.964747786539258","1.5","17"
"8.715878607913263","3","17"
"3.743108834232382","4.5","17"
"5.596975945751433","6","17"
"9.955635737320696","7.5","17"
"8.379323172708764","9","17"
"5.318994872148875","10.5","17"
"7.92673325677108","12","17"
"8.70537092195122","13.5","17"
"4.854576047752935","15","17"
"3.950285983582495","16.5","17"
"7.315358614258576","18","17"
"9.697980102223836","19.5","17"
"6.938225237861193","21","17"
"3.753075415270576","22.5","17"
"6.212649366270077","24","17"
"8.83294059663026","25.5","17"
"8.400543553420029","27","17"
"5.978412535441217","28.5","17"
"5.654690354628312","30","17"
"7.351400736035146","31.5","17"
"8.126761217477943","33","17"
"7.27297452593827","34.5","17"
"6.507530851765625","36","17"
"7.1498549218078296","37.5","17"
"8.543418908176415","39","17"
"8.845823624789896","40.5","17"
"7.518466634868956","42","17"
"6.41009254070591","43.5","17"
"5.90558217817705","45","17"
"6.0415379935565925","46.5","17"
"6.48849657437148","48","17"
"6.3643341851601045","49.5","17"
"4.954507975310538","51","17"
"4.895714313443467","52.5","17"
"5.297716339906631","54","17"
"5.416314908908295","55.5","17"
"5.898397014434127","57","17"
"6.376478984562064","58.5","17"
"5.849277697521605","60","17"
"5.227241612456673","61.5","17"
"5.59446113844141","63","17"
"5.619564858679029","64.5","17"
"5.530507760223969","66","17"
"6.1653125416249175","67.5","17"
"5.932336810522953","69","17"
"5.294202114759115","70.5","17"
"5.410588461535678","72","17"
"5.823959112305117","73.5","17"
"4.864351418672319","75","17"
"4.798195181611883","76.5","17"
"5.962596304634265","78","17"
"6.306747906775212","79.5","17"
"5.629266800970313","81","17"
"5.633870628109296","82.5","17"
"5.977871430517367","84","17"
"5.057963491397762","85.5","17"
"5.240092607993312","87","17"
"6.152317645689586","88.5","17"
"5.639464509703666","90","17"
"4.946529388136469","91.5","17"
"5.5550013821959","93","17"
"6.107328565905283","94.5","17"
"5.049981454556602","96","17"
"5.120668090127921","97.5","17"
"6.301131848749536","99","17"
"5.8803932018813025","100.5","17"
"4.774836007303616","102","17"
"5.205140088208211","103.5","17"
"5.980561185229909","105","17"
"5.076796209671821","106.5","17"
"5.147851466812394","108","17"
"6.396857646502897","109.5","17"
"6.016526921520872","111","17"
"4.803496334313023","112.5","17"
"5.261327772992114","114","17"
"5.9991401065679195","115.5","17"
"4.787461296050525","117","17"
"4.745056016918083","118.5","17"
"6.263301813800174","120","17"
"6.235775934454431","121.5","17"
"4.842745168056341","123","17"
"5.190673170043791","124.5","17"
"6.1043243986777895","126","17"
"4.953498701281353","127.5","17"
"4.607498077579128","129","17"
"6.061971850170896","130.5","17"
"6.266690372503627","132","17"
"4.752898588646812","133.5","17"
"5.072993198107752","135","17"
"6.117338021377334","136.5","17"
"5.141222192280858","138","17"
"4.523974737949121","139.5","17"
"5.9550183716524465","141","17"
"6.425629841287999","142.5","17"
"4.770864454861626","144","17"
"4.933293508314287","145.5","17"
"6.040472046425184","147","17"
"5.32656590579651","148.5","17"
"4.4314605802583555","150","17"
"5.713772802911937","151.5","17"
"6.584856125250588","153","17"
"4.9509439763949805","154.5","17"
"4.842646606139429","156","17"
"5.94516168715161","157.5","17"
"5.509235141696741","159","17"
"4.357929940574524","160.5","17"
"5.482102031589894","162","17"
"6.688526013507097","163.5","17"
"5.152348354271528","165","17"
"4.73227253629453","166.5","17"
"5.821892761717046","168","17"
"5.76464849318384","169.5","17"
"4.393961713349818","171","17"
"5.215518658059098","172.5","17"
"6.633634910740177","174","17"
"5.429286642793151","175.5","17"
"4.650394687867378","177","17"
"5.644173305284162","178.5","17"
"6.002525708413865","180","17"
"4.525511318233788","181.5","17"
"4.98093636771146","183","17"
"6.469752069013057","184.5","17"
"5.735664390277376","186","17"
"4.594842234637976","187.5","17"
"5.413396490548515","189","17"
"6.1840861227488295","190.5","17"
"4.756442382369402","192","17"
"4.774538350314541","193.5","17"
"6.219175643598439","195","17"
"6.069587236681142","196.5","17"
"4.640660712953098","198","17"
"5.160504845705623","199.5","17"
"6.1900880506792175","201","17"
"5.078599399941735","202.5","17"
"4.614067229341346","204","17"
"5.930612469786569","205.5","17"
"6.3509174442203875","207","17"
"4.8367511250793065","208.5","17"
"4.95678623401997","210","17"
"6.0418139669239475","211.5","17"
"5.433028545968735","213","17"
"4.529411413286016","214.5","17"
"5.578405894985946","216","17"
"6.5158834814143765","217.5","17"
"5.153005762257334","219","17"
"4.807901066379843","220.5","17"
"5.830284816132562","222","17"
"5.792926892765211","223.5","17"
"4.555496317406498","225","17"
"5.222810268672287","226.5","17"
"6.490012949463179","228","17"
"5.517916475338396","229.5","17"
"4.729972593963376","231","17"
"5.590447697184733","232.5","17"
"6.063598121799952","234","17"
"4.756807554271563","235.5","17"
"4.974181919545445","237","17"
"6.281453962037952","238.5","17"
"5.878185414942462","240","17"
"4.719380144752788","241.5","17"
"5.305050332144091","243","17"
"6.178545464589592","244.5","17"
"5.048240851103927","246","17"
"4.8090340356147525","247.5","17"
"6.064045592902735","249","17"
"6.17368143398996","250.5","17"
"4.812552203238945","252","17"
"5.036923478994447","253.5","17"
"6.088776749094424","255","17"
"5.316328772296391","256.5","17"
"4.688843691654951","258","17"
"5.833627543544651","259.5","17"
"6.4122096506811905","261","17"
"5.049895705688888","262.5","17"
"4.878848891030981","264","17"
"5.878061226927152","265.5","17"
"5.580624523735647","267","17"
"4.622546511053331","268.5","17"
"5.558190353017604","270","17"
"6.542734704438854","271.5","17"
"5.344347954036282","273","17"
"4.811234430409824","274.5","17"
"5.694388630712751","276","17"
"5.7952608389577","277.5","17"
"4.64319917512318","279","17"
"5.305237106976641","280.5","17"
"6.554854863361586","282","17"
"5.6626329667027075","283.5","17"
"4.800426130601197","285","17"
"5.5235926561333875","286.5","17"
"5.991608004877465","288","17"
"4.774670916092788","289.5","17"
"5.078852211258616","291","17"
"6.40796902420603","292.5","17"
"5.976098301632111","294","17"
"4.821574068303532","295.5","17"
"5.337950792819075","297","17"
"6.120018905517354","298.5","17"
"4.987628229060236","300","17"
"9.60588286144161","1.5","18"
"9.097428543807496","3","18"
"4.015848877903117","4.5","18"
"4.8606193716884265","6","18"
"9.306152129633967","7.5","18"
"8.418263014842562","9","18"
"3.521169573776697","10.5","18"
"4.8659136250553825","12","18"
"9.804927667027272","13.5","18"
"8.00111694984579","15","18"
"3.692974329575661","16.5","18"
"5.505818000037384","18","18"
"9.667957156713115","19.5","18"
"7.481044646255611","21","18"
"3.124151823451798","22.5","18"
"5.573886831095507","24","18"
"10.438867074797727","25.5","18"
"8.389136982775744","27","18"
"3.967049394410976","28.5","18"
"5.130992943734092","30","18"
"8.735963555341696","31.5","18"
"7.75619157193735","33","18"
"4.3263876631145965","34.5","18"
"5.831085138897892","36","18"
"9.83108994225253","37.5","18"
"7.834872564589444","39","18"
"4.14835477978593","40.5","18"
"5.3670783033146465","42","18"
"9.084356276767389","43.5","18"
"8.285606559631665","45","18"
"4.049413153088507","46.5","18"
"4.815855998693852","48","18"
"9.924438919379545","49.5","18"
"9.394824343803482","51","18"
"4.652182601040171","52.5","18"
"4.364954941202464","54","18"
"7.990617148837098","55.5","18"
"9.555141215376707","57","18"
"5.767696027654775","58.5","18"
"4.244435400440175","60","18"
"8.642145423490177","61.5","18"
"10.420390657853307","63","18"
"6.064112615006236","64.5","18"
"4.51357744133402","66","18"
"6.4561110997123645","67.5","18"
"9.500867110209661","69","18"
"8.196430694066727","70.5","18"
"4.855689797414047","72","18"
"6.571112651556306","73.5","18"
"10.204873199094056","75","18"
"9.080284683979732","76.5","18"
"5.207482412163636","78","18"
"5.346862268536721","79.5","18"
"7.63258605755653","81","18"
"9.906613011086748","82.5","18"
"8.83682787863329","84","18"
"6.441549562107709","85.5","18"
"6.223742017208997","87","18"
"8.34701457634484","88.5","18"
"9.955123215352751","90","18"
"8.324715928262552","91.5","18"
"6.017324780238279","93","18"
"6.655302762554226","94.5","18"
"8.55836483725703","96","18"
"9.567424987081514","97.5","18"
"9.433188584342512","99","18"
"8.399899944102591","100.5","18"
"5.865904600095162","102","18"
"5.120632607837833","103.5","18"
"6.626524161244524","105","18"
"7.681194330929862","106.5","18"
"6.754877895972604","108","18"
"4.894100362054024","109.5","18"
"4.729482248426736","111","18"
"5.221366336589519","112.5","18"
"5.183762994049054","114","18"
"5.759306437287182","115.5","18"
"6.699709341409576","117","18"
"6.790348851440666","118.5","18"
"5.9264102824590035","120","18"
"5.512666082024466","121.5","18"
"5.610942169377937","123","18"
"5.009569590193715","124.5","18"
"6.03315283847526","126","18"
"6.177311469389847","127.5","18"
"5.530971494043043","129","18"
"5.554080813891937","130.5","18"
"6.133793919025048","132","18"
"5.268717945522215","133.5","18"
"4.747401790540601","135","18"
"6.011541166953853","136.5","18"
"6.398032504552495","138","18"
"5.395087628862846","139.5","18"
"5.23569526807026","141","18"
"5.964090503294659","142.5","18"
"5.166069651534504","144","18"
"5.106958620294975","145.5","18"
"6.289532096748102","147","18"
"5.7998262269490874","148.5","18"
"4.720147449275951","150","18"
"5.234677123468554","151.5","18"
"6.042657164123135","153","18"
"4.759232177427611","154.5","18"
"4.752460973735721","156","18"
"6.376360710261769","157.5","18"
"6.247045011224623","159","18"
"4.808477653593782","160.5","18"
"5.137649322792779","162","18"
"5.939328792908727","163.5","18"
"4.813704884857237","165","18"
"4.6565262247185055","166.5","18"
"6.169297892735275","168","18"
"6.097740462628034","169.5","18"
"4.674806996257855","171","18"
"5.232212089926572","172.5","18"
"6.177686990293284","174","18"
"4.85879548341596","175.5","18"
"4.469600099626823","177","18"
"6.07646833691039","178.5","18"
"6.3193421485182935","180","18"
"4.744543494950138","181.5","18"
"5.0356402028362455","183","18"
"6.05053718938029","184.5","18"
"5.14187910745708","186","18"
"4.4479972986779375","187.5","18"
"5.758004927174352","189","18"
"6.500668478300591","190.5","18"
"4.9494497777345865","192","18"
"4.898652936996213","193.5","18"
"5.915795164007525","195","18"
"5.507441314808933","196.5","18"
"4.4365434183135335","198","18"
"5.498563842952622","199.5","18"
"6.6525109962576785","201","18"
"5.28655223157795","202.5","18"
"4.782001951472741","204","18"
"5.713671284137517","205.5","18"
"5.804977072726936","207","18"
"4.583195172916423","208.5","18"
"5.279581440004312","210","18"
"6.579615095318765","211.5","18"
"5.651007588602876","213","18"
"4.726364734994793","214.5","18"
"5.466936309434565","216","18"
"5.9498005037710975","217.5","18"
"4.703030201165754","219","18"
"5.071494071351513","220.5","18"
"6.512432828703269","222","18"
"6.05498183902346","223.5","18"
"4.830416550679339","225","18"
"5.301392699407468","226.5","18"
"6.078536165927214","228","18"
"4.905783891684834","229.5","18"
"4.79987763353358","231","18"
"6.15286564994762","232.5","18"
"6.313018415929187","234","18"
"5.005133318313483","235.5","18"
"5.26090937765482","237","18"
"6.146214691794364","238.5","18"
"5.215434387620139","240","18"
"4.648067148199489","241.5","18"
"5.831347313596879","243","18"
"6.321002916818269","244.5","18"
"5.039178575653405","246","18"
"5.128191814055438","247.5","18"
"6.110688541652831","249","18"
"5.524938026299243","250.5","18"
"4.6879832461203055","252","18"
"5.702794976606221","253.5","18"
"6.376267569250287","255","18"
"5.031890907516893","256.5","18"
"4.877244303023645","258","18"
"5.912801838590892","259.5","18"
"5.639234367627676","261","18"
"4.676206575478013","262.5","18"
"5.633336422519631","264","18"
"6.546884653950456","265.5","18"
"5.222514090111964","267","18"
"4.775936451105944","268.5","18"
"5.80025644971641","270","18"
"5.6893407821380775","271.5","18"
"4.563955393925515","273","18"
"5.47160518743871","274.5","18"
"6.616548216824223","276","18"
"5.42310927465066","277.5","18"
"4.7853328514547995","279","18"
"5.772314146271711","280.5","18"
"5.796591424836018","282","18"
"4.5484811729702495","283.5","18"
"5.4301894699520705","285","18"
"6.619166514147004","286.5","18"
"5.441725156707512","288","18"
"4.777044287052041","289.5","18"
"5.871859218305432","291","18"
"5.946053672499668","292.5","18"
"4.5179151512973394","294","18"
"5.384567129851604","295.5","18"
"6.57876992688124","297","18"
"5.287770456870989","298.5","18"
"4.751789767081546","300","18"
"4.451718011041385","1.5","19"
"9.573808842439938","3","19"
"9.946305866265757","4.5","19"
"4.014621289227972","6","19"
"4.847467762305205","7.5","19"
"9.504370000736731","9","19"
"8.727010190809363","10.5","19"
"4.0174744103177975","12","19"
"5.627942128807009","13.5","19"
"9.025792756976308","15","19"
"7.2111840889874745","16.5","19"
"4.519344299092571","18","19"
"6.606136135921585","19.5","19"
"9.942233287858931","21","19"
"8.083309703597475","22.5","19"
"4.059733817813209","24","19"
"5.615243411432","25.5","19"
"8.209555691732382","27","19"
"9.096928834888748","28.5","19"
"7.56561816311032","30","19"
"6.6667186965806176","31.5","19"
"7.1014595421750295","33","19"
"7.490181335953402","34.5","19"
"7.041466874588718","36","19"
"6.408409595974629","37.5","19"
"7.04768958121299","39","19"
"7.973704416704495","40.5","19"
"7.239066762472441","42","19"
"5.57401348315874","43.5","19"
"4.979592475974358","45","19"
"5.155079997798758","46.5","19"
"6.380543678015537","48","19"
"6.1099828383277375","49.5","19"
"5.1277886958152665","51","19"
"5.169359648321043","52.5","19"
"5.048342862687931","54","19"
"4.872835628480148","55.5","19"
"5.541566407301554","57","19"
"6.795026600017334","58.5","19"
"6.818592261541532","60","19"
"5.845598873972845","61.5","19"
"5.780744639834824","63","19"
"5.8329001565978364","64.5","19"
"5.2206709822657","66","19"
"5.602986251444759","67.5","19"
"5.08288684332743","69","19"
"5.0418254559320905","70.5","19"
"5.457941548897128","72","19"
"5.839376167348573","73.5","19"
"5.136396600828821","75","19"
"4.999336399170273","76.5","19"
"6.349164027718514","78","19"
"7.023530084139393","79.5","19"
"6.100684507086211","81","19"
"5.422592317396454","82.5","19"
"5.721284699409424","84","19"
"4.86103234612029","85.5","19"
"4.876096549501199","87","19"
"6.1090686765483735","88.5","19"
"6.004835506936709","90","19"
"4.949883942978587","91.5","19"
"5.428116220029816","93","19"
"6.210975292111318","94.5","19"
"4.9548278087309185","96","19"
"4.622482938616922","97.5","19"
"6.069334425364261","99","19"
"6.201748418259553","100.5","19"
"4.790084521469152","102","19"
"4.989631992831066","103.5","19"
"5.945335156125376","105","19"
"5.165909488419521","106.5","19"
"4.81645525514868","108","19"
"6.1331389750871645","109.5","19"
"6.208058352180292","111","19"
"4.7326825538688855","112.5","19"
"5.043415752461474","114","19"
"6.060053342458194","115.5","19"
"5.018466774433408","117","19"
"4.399711815582495","118.5","19"
"5.855423033041101","120","19"
"6.564117712313025","121.5","19"
"5.013020735714408","123","19"
"4.972036226614259","124.5","19"
"5.910003665769746","126","19"
"5.311608642095451","127.5","19"
"4.364519297529712","129","19"
"5.4708196489609175","130.5","19"
"6.5324369553598345","132","19"
"5.183264270749477","133.5","19"
"4.821037891475528","135","19"
"5.803276879660194","136.5","19"
"5.73619514619995","138","19"
"4.485890413254125","139.5","19"
"5.276396904468869","141","19"
"6.593834130262149","142.5","19"
"5.45717276594521","144","19"
"4.697395416375866","145.5","19"
"5.562728143672256","147","19"
"5.991026489567681","148.5","19"
"4.705163081047742","150","19"
"5.055435378228956","151.5","19"
"6.3993034604710815","153","19"
"5.86630081900115","154.5","19"
"4.720570279899507","156","19"
"5.312118207205889","157.5","19"
"6.070201277423506","159","19"
"4.886857539589708","160.5","19"
"4.8751981576285415","162","19"
"6.255396162444621","163.5","19"
"6.188537178916599","165","19"
"4.838519325868717","166.5","19"
"5.097566655232381","168","19"
"6.06020414219107","169.5","19"
"5.130492742005761","171","19"
"4.727597744575369","172.5","19"
"6.0190131458749905","174","19"
"6.495851757421076","175.5","19"
"5.125433066001057","177","19"
"5.048139332329507","178.5","19"
"5.9727964774155415","180","19"
"5.432689985784141","181.5","19"
"4.588971886866666","183","19"
"5.608504240363106","184.5","19"
"6.515902700988175","186","19"
"5.326470793546689","187.5","19"
"5.014676083108953","189","19"
"5.936678462962949","190.5","19"
"5.7843608765663435","192","19"
"4.638446026680073","193.5","19"
"5.343849723546289","195","19"
"6.437373000878542","196.5","19"
"5.41517159067211","198","19"
"4.855630660263899","199.5","19"
"5.764011290391001","201","19"
"5.973060623352867","202.5","19"
"4.784078651062088","204","19"
"5.256603700314497","205.5","19"
"6.427287159920883","207","19"
"5.567961288650727","208.5","19"
"4.72950097519095","210","19"
"5.56831808278995","211.5","19"
"6.017177430172495","213","19"
"4.799001418092227","214.5","19"
"5.119908177748526","216","19"
"6.406140700647303","217.5","19"
"5.800575297517622","219","19"
"4.7036964797240834","220.5","19"
"5.403304735875843","222","19"
"6.072815139460027","223.5","19"
"4.8209703765624425","225","19"
"4.972044111567612","226.5","19"
"6.3203420591653705","228","19"
"5.993550167450226","229.5","19"
"4.734648864111291","231","19"
"5.308659669541428","232.5","19"
"6.173978105359866","234","19"
"4.88112025040623","235.5","19"
"4.858337170502317","237","19"
"6.237164179054143","238.5","19"
"6.09398673202242","240","19"
"4.752536866411743","241.5","19"
"5.246491740448858","243","19"
"6.234548345779285","244.5","19"
"4.984205666495448","246","19"
"4.837241963425531","247.5","19"
"6.241598972505622","249","19"
"6.121173558373984","250.5","19"
"4.703352498634058","252","19"
"5.260109547699075","253.5","19"
"6.333959373606004","255","19"
"5.006192366110708","256.5","19"
"4.79570846444818","258","19"
"6.2290890012015","259.5","19"
"6.044091240014212","261","19"
"4.616593371271814","262.5","19"
"5.3961200649425045","264","19"
"6.492608084735486","265.5","19"
"4.935805358766802","267","19"
"4.773303862305211","268.5","19"
"6.230546731952637","270","19"
"5.871081071971408","271.5","19"
"4.508210252148548","273","19"
"5.5569287604811235","274.5","19"
"6.540054805918003","276","19"
"4.831208002872146","277.5","19"
"4.897379024220119","279","19"
"6.3222053722046025","280.5","19"
"5.582441019864344","282","19"
"4.505949241774576","283.5","19"
"5.815837117541941","285","19"
"6.444463052371643","286.5","19"
"4.588720061168955","288","19"
"5.079428798472555","289.5","19"
"6.449445850081156","291","19"
"5.254919769964046","292.5","19"
"4.596056024644753","294","19"
"6.125948883248396","295.5","19"
"6.089308983445752","297","19"
"4.394718668871707","298.5","19"
"5.3608491901657755","300","19"