"nusselt","time","episode"
"2.5550348895815818","1","0"
"2.15673519450669","2","0"
"1.863536731191714","3","0"
"1.7877124796853583","4","0"
"1.8302449956232363","5","0"
"1.916883730478498","6","0"
"2.010860057960072","7","0"
"2.084184412694978","8","0"
"2.1185621256364007","9","0"
"2.112881764234008","10","0"
"2.0816571874213983","11","0"
"2.044480066140828","12","0"
"2.0159667412088824","13","0"
"2.0021378579577016","14","0"
"2.002038461550761","15","0"
"2.0111254089001074","16","0"
"2.0241229767477877","17","0"
"2.036617611999819","18","0"
"2.0456353565292558","19","0"
"2.0496925371398187","20","0"
"2.048664192051607","21","0"
"2.043595856862237","22","0"
"2.0363839973848377","23","0"
"2.0292616167127986","24","0"
"2.0241851270510187","25","0"
"2.0222990196217614","26","0"
"2.02368858579861","27","0"
"2.0274901126795704","28","0"
"2.0323025737481917","29","0"
"2.036728248355216","30","0"
"2.039841934468858","31","0"
"2.041414204905913","32","0"
"2.041827217913909","33","0"
"2.0417591170497307","34","0"
"2.0418073827107506","35","0"
"2.0422225996302084","36","0"
"2.0428480697031497","37","0"
"2.043278714002842","38","0"
"2.043133255846344","39","0"
"2.042280562501661","40","0"
"2.040964606967647","41","0"
"2.039708157043109","42","0"
"2.039126104025971","43","0"
"2.039680608149833","44","0"
"2.0414840688992615","45","0"
"2.0442856811498715","46","0"
"2.047625488579524","47","0"
"2.0510184102754128","48","0"
"2.0540928667650293","49","0"
"2.056657338142318","50","0"
"2.058705212672893","51","0"
"2.0603409557600565","52","0"
"2.0616901903571483","53","0"
"2.0628432768341143","54","0"
"2.0637841266372807","55","0"
"2.0644475039873704","56","0"
"2.0648666879474598","57","0"
"2.065236063508506","58","0"
"2.0658064357948955","59","0"
"2.066784311310625","60","0"
"2.068280326411092","61","0"
"2.070282139192109","62","0"
"2.0726509032315645","63","0"
"2.0751333891024637","64","0"
"2.0774651274293556","65","0"
"2.0794530555681616","66","0"
"2.081033921259919","67","0"
"2.0822288820546646","68","0"
"2.083123008934835","69","0"
"2.0838494181527403","70","0"
"2.0845493804331","71","0"
"2.0853260388323407","72","0"
"2.0862186229744877","73","0"
"2.0871912091027083","74","0"
"2.0881717293121924","75","0"
"2.0890762145762345","76","0"
"2.0898257648644916","77","0"
"2.090375199991991","78","0"
"2.090717908224346","79","0"
"2.090875267502739","80","0"
"2.090880997672541","81","0"
"2.090772565228606","82","0"
"2.090586995883498","83","0"
"2.090360433785195","84","0"
"2.0901384999009625","85","0"
"2.0899721045855744","86","0"
"2.089913480540683","87","0"
"2.0899972291762423","88","0"
"2.0902348108318556","89","0"
"2.090612781647604","90","0"
"2.0910899284791467","91","0"
"2.0915999135914745","92","0"
"2.092066261256853","93","0"
"2.0924217521756883","94","0"
"2.0926181206869607","95","0"
"2.0926350908052185","96","0"
"2.0924797150471415","97","0"
"2.0921808646528817","98","0"
"2.091777108073027","99","0"
"2.0913107604076484","100","0"
"2.0908197289338943","101","0"
"2.0903348684122345","102","0"
"2.0898795403041666","103","0"
"2.0894687312076328","104","0"
"2.0891070693367038","105","0"
"2.0887925711710635","106","0"
"2.088519947323203","107","0"
"2.088279941364981","108","0"
"2.0880630764771113","109","0"
"2.08786141857833","110","0"
"2.0876707802368593","111","0"
"2.087486974020921","112","0"
"2.087305812498737","113","0"
"2.087121565500506","114","0"
"2.0869311475501817","115","0"
"2.0867316935628626","116","0"
"2.086520338453648","117","0"
"2.0862942171376373","118","0"
"2.086053770397123","119","0"
"2.0857987778409592","120","0"
"2.085530561816023","121","0"
"2.085251546624922","122","0"
"2.0849630546145344","123","0"
"2.084667289696322","124","0"
"2.0843662353906005","125","0"
"2.084064079129148","126","0"
"2.083765008343742","127","0"
"2.083472328901576","128","0"
"2.0831886854964052","129","0"
"2.082917383995422","130","0"
"2.082661289483527","131","0"
"2.082422385481036","132","0"
"2.082200451596804","133","0"
"2.081996369395414","134","0"
"2.0818096980945753","135","0"
"2.081638674565117","136","0"
"2.0814815356778698","137","0"
"2.0813349755656407","138","0"
"2.0811974514904064","139","0"
"2.081064335238096","140","0"
"2.0809321005503705","141","0"
"2.0807976619511828","142","0"
"2.0806601378759484","143","0"
"2.080517104022059","144","0"
"2.0803692215629526","145","0"
"2.080216710889776","146","0"
"2.0800615555228448","147","0"
"2.079905959373621","148","0"
"2.07975080400669","149","0"
"2.079599174898098","150","0"
"2.0794530555681616","151","0"
"2.079315531492927","152","0"
"2.0791866026723946","153","0"
"2.079066709888857","154","0"
"2.0789562939246062","155","0"
"2.078856015953081","156","0"
"2.0787645536274044","157","0"
"2.0786805846006984","158","0"
"2.0786025661349408","159","0"
"2.0785289554921067","160","0"
"2.0784582099341735","161","0"
"2.07839099063458","162","0"
"2.0783266364198867","163","0"
"2.0782653676812406","164","0"
"2.0782063028540567","165","0"
"2.078149882720627","166","0"
"2.0780945645429285","167","0"
"2.078039466756376","168","0"
"2.077985030143263","169","0"
"2.0779323566593186","170","0"
"2.0778803443488134","171","0"
"2.077828993211747","172","0"
"2.0777785236392647","173","0"
"2.0777311395428297","174","0"
"2.077687061313588","175","0"
"2.0776482724718552","176","0"
"2.077614111844193","177","0"
"2.0775843590394545","178","0"
"2.0775587936664945","179","0"
"2.0775371953341657","180","0"
"2.077519343651323","181","0"
"2.077504577444527","182","0"
"2.0774955414075325","183","0"
"2.077493998669509","184","0"
"2.0774997288393102","185","0"
"2.077510087223182","186","0"
"2.0775230903008084","187","0"
"2.0775365341607275","188","0"
"2.077549978020646","189","0"
"2.0775609975779563","190","0"
"2.07756893165922","191","0"
"2.0775757637847523","192","0"
"2.077583918257162","193","0"
"2.0775964805524962","194","0"
"2.0776125691061695","195","0"
"2.077631081962451","196","0"
"2.0776522395124872","197","0"
"2.07767648253857","198","0"
"2.0777051333875773","199","0"
"2.077737971668362","200","0"
"2.077775217772072","201","0"
"2.077816651307559","202","0"
"2.0778624926659703","203","0"
"2.0779118602827213","204","0"
"2.0779647541578115","205","0"
"2.0780205131178024","206","0"
"2.078080239118425","207","0"
"2.078144593333118","208","0"
"2.078213134979589","209","0"
"2.0782849824932534","210","0"
"2.078360576656403","211","0"
"2.0784392562956","212","0"
"2.0785212418019894","213","0"
"2.0786056516109874","214","0"
"2.0786920449403015","215","0"
"2.0787806421810777","216","0"
"2.0788723248979006","217","0"
"2.0789681950465013","218","0"
"2.0790715584940735","219","0"
"2.079178668591131","220","0"
"2.0792864398616273","221","0"
"2.079397737390463","222","0"
"2.0795182913474393","223","0"
"2.079652729946627","224","0"
"2.0798032570994875","225","0"
"2.0799707543706067","226","0"
"2.0801521362839366","227","0"
"2.0803416726696766","228","0"
"2.080531870228855","229","0"
"2.0807172191828167","230","0"
"2.080893532099784","231","0"
"2.0810592662417333","232","0"
"2.0812144216086645","233","0"
"2.0813625244589167","234","0"
"2.081506880659684","235","0"
"2.0816492533401347","236","0"
"2.081793829932048","237","0"
"2.081941712391154","238","0"
"2.0820944434554773","239","0"
"2.0822526842984552","240","0"
"2.0824190796138433","241","0"
"2.0825905439255936","242","0"
"2.082762669410783","243","0"
"2.0829361172428498","244","0"
"2.083117939938472","245","0"
"2.0833125453205747","246","0"
"2.083520594562596","247","0"
"2.0837403245353667","248","0"
"2.0839662254602307","249","0"
"2.0841916856028027","250","0"
"2.084414721442766","251","0"
"2.0846359941535604","252","0"
"2.084858148428939","253","0"
"2.085083828962657","254","0"
"2.085315680448469","255","0"
"2.0855543640598135","256","0"
"2.085799659405544","257","0"
"2.0860495829653454","258","0"
"2.0862997269162924","259","0"
"2.0865474465646314","260","0"
"2.0867927419103625","261","0"
"2.0870362741269233","262","0"
"2.0872758393028525","263","0"
"2.087507250006372","264","0"
"2.0877309470197742","265","0"
"2.087951999339422","266","0"
"2.088178561437725","267","0"
"2.0884150411376075","268","0"
"2.088661438439069","269","0"
"2.0889159902129406","270","0"
"2.089176712938906","271","0"
"2.089442284270088","272","0"
"2.0897124838153402","273","0"
"2.089986650401224","274","0"
"2.0902634616808626","275","0"
"2.0905415953073785","276","0"
"2.090822373627649","277","0"
"2.0911057966416737","278","0"
"2.091390101220284","279","0"
"2.091674185407747","280","0"
"2.0919571676394795","281","0"
"2.0922328769633873","282","0"
"2.092481478176311","283","0"
"2.09270363245169","284","0"
"2.0929215992952903","285","0"
"2.093156977039442","286","0"
"2.0934190221122844","287","0"
"2.0937059713846486","288","0"
"2.0940070256903702","289","0"
"2.094311165472139","290","0"
"2.094609795475252","291","0"
"2.094899830223663","292","0"
"2.0951825920642495","293","0"
"2.0954631499933734","294","0"
"2.0957456914428136","295","0"
"2.0960324203240317","296","0"
"2.09632377741932","297","0"
"2.0966171180349242","298","0"
"2.0969170703849147","299","0"
"2.0972295850302394","300","0"
"2.562538326545416","1","1"
"2.145732166532202","2","1"
"1.844805357088685","3","1"
"1.7707991121474083","4","1"
"1.8189459823393894","5","1"
"1.9126656643312026","6","1"
"2.013687235583642","7","1"
"2.0923840652896866","8","1"
"2.129004478534933","9","1"
"2.1217022586875878","10","1"
"2.085587202340599","11","1"
"2.042163094020732","12","1"
"2.008458676030978","13","1"
"1.9922343614116504","14","1"
"1.9928016482219926","15","1"
"2.0045224901596836","16","1"
"2.0202972068407443","17","1"
"2.034136448475797","18","1"
"2.0425002924744318","19","1"
"2.044565357514411","20","1"
"2.041666773159469","21","1"
"2.036244269398141","22","1"
"2.030741984041885","23","1"
"2.0268454685769086","24","1"
"2.025212370183499","25","1"
"2.0256205345862788","26","1"
"2.027338263179832","27","1"
"2.029528289999712","28","1"
"2.0315389184265773","29","1"
"2.033034492744752","30","1"
"2.0339797503708428","31","1"
"2.034534474885851","32","1"
"2.034920600174009","33","1"
"2.0353159818903084","34","1"
"2.035800622020822","35","1"
"2.0363588727941697","36","1"
"2.0369188866966867","37","1"
"2.037405069565224","38","1"
"2.037778191775756","39","1"
"2.038052799143933","40","1"
"2.0382917031464234","41","1"
"2.0385828398505654","42","1"
"2.039020977449229","43","1"
"2.039680608149833","44","1"
"2.0405912643659687","45","1"
"2.0417549296179525","46","1"
"2.043126644111958","47","1"
"2.044618251389501","48","1"
"2.046126608394156","49","1"
"2.0475776637007965","50","1"
"2.0489639240104514","51","1"
"2.0503025798325254","52","1"
"2.051607295418083","53","1"
"2.0529212674317816","54","1"
"2.054309731652899","55","1"
"2.055851147329485","56","1"
"2.057525238476089","57","1"
"2.0592343718149406","58","1"
"2.06092851855585","59","1"
"2.0626821709062355","60","1"
"2.0645872319740666","61","1"
"2.0666827109922226","62","1"
"2.0689608942705857","63","1"
"2.0713752792773064","64","1"
"2.0738452028528713","65","1"
"2.0762761171955577","66","1"
"2.0785827309317817","67","1"
"2.0807130317510385","68","1"
"2.082644539756415","69","1"
"2.0844094320552573","70","1"
"2.0860266622861396","71","1"
"2.087474411725587","72","1"
"2.0887758214439516","73","1"
"2.090006265213237","74","1"
"2.0912494916690023","75","1"
"2.0925575131217533","76","1"
"2.093927905268881","77","1"
"2.095319234574899","78","1"
"2.0966733177772077","79","1"
"2.09794056686791","80","1"
"2.099087923175074","81","1"
"2.1001032651856595","82","1"
"2.1009965105012447","83","1"
"2.101789037063013","84","1"
"2.1025077325908006","85","1"
"2.103193369446657","86","1"
"2.103878785911367","87","1"
"2.104569932545879","88","1"
"2.105255349010589","89","1"
"2.1059174040138013","90","1"
"2.1065353807877716","91","1"
"2.1070951742991424","92","1"
"2.1075906135958205","93","1"
"2.1080236821981213","94","1"
"2.10840165301387","95","1"
"2.1087324601243296","96","1"
"2.1090218336993023","97","1"
"2.109272638823688","98","1"
"2.1094850958886338","99","1"
"2.109660527241016","100","1"
"2.109800475618859","101","1"
"2.109908246889355","102","1"
"2.1099878080931367","103","1"
"2.110045109791151","104","1"
"2.110089188020393","105","1"
"2.110128638035564","106","1"
"2.1101691900064665","107","1"
"2.110212827453416","108","1"
"2.1102577872472428","109","1"
"2.1102998819561685","110","1"
"2.1103322794546613","111","1"
"2.110346825270311","112","1"
"2.1103364668864395","113","1"
"2.1102983392181454","114","1"
"2.110232001483136","115","1"
"2.1101396575928746","116","1"
"2.1100243930234073","117","1"
"2.1098897340330733","118","1"
"2.109735460230727","119","1"
"2.1095661998304385","120","1"
"2.1093901073046175","121","1"
"2.109217761428282","122","1"
"2.109055333153526","123","1"
"2.1088937864433546","124","1"
"2.1087124045300247","125","1"
"2.10849465807757","126","1"
"2.1082420898240146","127","1"
"2.107970788323031","128","1"
"2.1076994868220478","129","1"
"2.1074400864429594","130","1"
"2.107196774617545","131","1"
"2.106969330954657","132","1"
"2.1067559923251267","133","1"
"2.106552130514883","134","1"
"2.1063647980406057","135","1"
"2.106195317249171","136","1"
"2.106026938413467","137","1"
"2.105849964323061","138","1"
"2.1056773980555796","139","1"
"2.105529074814181","140","1"
"2.1054213035436846","141","1"
"2.105376343749858","142","1"
"2.105450395174984","143","1"
"2.105667480454","144","1"
"2.1060011526493607","145","1"
"2.106355762003611","146","1"
"2.1066460171431682","147","1"
"2.10682673788306","148","1"
"2.1068838191899277","149","1"
"2.1068611189018682","150","1"
"2.106855388732067","151","1"
"2.106975281515605","152","1"
"2.107291763201561","153","1"
"2.107830399162896","154","1"
"2.1085731173256206","155","1"
"2.1094661422500596","156","1"
"2.110436965249111","157","1"
"2.1114196893700568","158","1"
"2.1123744238154347","159","1"
"2.1132914713748105","160","1"
"2.1141948546831215","161","1"
"2.115128431578463","162","1"
"2.116138704592686","163","1"
"2.117260936309182","164","1"
"2.118516284277989","165","1"
"2.119917751576733","166","1"
"2.1214743742424074","167","1"
"2.12319739222347","168","1"
"2.1251143544131965","169","1"
"2.1272543524428866","170","1"
"2.129629287434436","171","1"
"2.1322276990482405","172","1"
"2.135027768560827","173","1"
"2.137984536178368","174","1"
"2.1410534828893293","175","1"
"2.1442158754462834","176","1"
"2.147502127827407","177","1"
"2.150967998992691","178","1"
"2.154668145946395","179","1"
"2.158618657242193","180","1"
"2.162640354878216","181","1"
"2.1665842544396274","182","1"
"2.1703705743314994","183","1"
"2.174074247543543","184","1"
"2.1777512534268952","185","1"
"2.181632121120491","186","1"
"2.1858138227286616","187","1"
"2.189912436874712","188","1"
"2.193422386269238","189","1"
"2.19555643373798","190","1"
"2.1952309160150296","191","1"
"2.190962380295252","192","1"
"2.180927089843768","193","1"
"2.1628558974192087","194","1"
"2.133659359934015","195","1"
"2.0890583628933914","196","1"
"2.0225782552040084","197","1"
"1.927538540441976","198","1"
"1.8034075249670647","199","1"
"1.659705665513214","200","1"
"1.5198291351841147","201","1"
"1.4206767012426744","202","1"
"1.4097254651875455","203","1"
"1.5395454373195518","204","1"
"1.8457017980758905","205","1"
"2.2877753622196826","206","1"
"2.7021999755069617","207","1"
"2.9155564567201906","208","1"
"2.9186090944863325","209","1"
"2.8083009015060814","210","1"
"2.706853534559166","211","1"
"2.7156872524815183","212","1"
"2.7751205736620124","213","1"
"2.758443796019518","214","1"
"2.606842897494388","215","1"
"2.4204332009458502","216","1"
"2.3531815038535893","217","1"
"2.4512337451931536","218","1"
"2.665888330257554","219","1"
"2.902166372241112","220","1"
"3.044681866154919","221","1"
"3.0305034425458506","222","1"
"2.90701740176032","223","1"
"2.7741684839103895","224","1"
"2.70403891923093","225","1"
"2.7154005236003003","226","1"
"2.7782849497392825","227","1"
"2.8444357930562294","228","1"
"2.8829707441885937","229","1"
"2.8931387101100956","230","1"
"2.8927040987697716","231","1"
"2.8962246269393153","232","1"
"2.9027424746973027","233","1"
"2.901856722680688","234","1"
"2.8890306191447586","235","1"
"2.87265291228767","236","1"
"2.866455733647417","237","1"
"2.8764528964306066","238","1"
"2.895600258822105","239","1"
"2.909932074668935","240","1"
"2.909943535008538","241","1"
"2.897991061976181","242","1"
"2.885435819158942","243","1"
"2.8824188847584864","244","1"
"2.889843642083124","245","1"
"2.899928520542505","246","1"
"2.9028993931934033","247","1"
"2.895514747057376","248","1"
"2.882649193506275","249","1"
"2.8727148421997546","250","1"
"2.87071170707186","251","1"
"2.874931095566033","252","1"
"2.8795983188693026","253","1"
"2.880160757074428","254","1"
"2.8765946079376192","255","1"
"2.872405413030477","256","1"
"2.8708531981877266","257","1"
"2.8720605008866595","258","1"
"2.8732852144861436","259","1"
"2.871643520838032","260","1"
"2.866653424505566","261","1"
"2.8605318400284627","262","1"
"2.856213495909642","263","1"
"2.8550590870857993","264","1"
"2.8560788369193086","265","1"
"2.8571331881627726","266","1"
"2.8567935654064645","267","1"
"2.855310112601331","268","1"
"2.854025893392371","269","1"
"2.853906661782272","270","1"
"2.8546112522767024","271","1"
"2.8548129101754838","272","1"
"2.8534268702569747","273","1"
"2.8505055856139734","274","1"
"2.8471580644942036","275","1"
"2.844670730018088","276","1"
"2.843626957549642","277","1"
"2.8436741212549306","278","1"
"2.8439943495903726","279","1"
"2.843991925287764","280","1"
"2.8436401810184146","281","1"
"2.843280502667801","282","1"
"2.843136807640473","283","1"
"2.843027052849661","284","1"
"2.842514202652432","285","1"
"2.841308222300376","286","1"
"2.839546635868727","287","1"
"2.8377264253921863","288","1"
"2.836364187717468","289","1"
"2.835672600300664","290","1"
"2.83549783012172","291","1"
"2.8355108331993466","292","1"
"2.8354716035753214","293","1"
"2.8353398096698883","294","1"
"2.835191045646197","295","1"
"2.8350515380506467","296","1"
"2.834813736003887","297","1"
"2.834313668493139","298","1"
"2.8334783860490065","299","1"
"2.832413456030524","300","1"
"2.671070166887222","1","2"
"2.367045208905871","2","2"
"2.0833039500658725","3","2"
"1.9587565055201992","4","2"
"1.9548516151916668","5","2"
"2.0095800261828893","6","2"
"2.084051957616106","7","2"
"2.1484548787524687","8","2"
"2.182780138601094","9","2"
"2.1830626800505337","10","2"
"2.1599707569241855","11","2"
"2.129912049275022","12","2"
"2.106183195736129","13","2"
"2.0950100257967676","14","2"
"2.096053137091775","15","2"
"2.1049591433100843","16","2"
"2.116142451242171","17","2"
"2.12491534120817","18","2"
"2.1286754345536427","19","2"
"2.1271212361905762","20","2"
"2.1216914595214234","21","2"
"2.1145946442223447","22","2"
"2.1078691880046287","23","2"
"2.1027856458261702","24","2"
"2.0996988474323657","25","2"
"2.0982585912918896","26","2"
"2.097775273508253","27","2"
"2.097589704163145","28","2"
"2.09730628114912","29","2"
"2.0968465452181277","30","2"
"2.0963444941870635","31","2"
"2.095988562485936","32","2"
"2.095881011606586","33","2"
"2.0959427211275243","34","2"
"2.0959460269947177","35","2"
"2.0956361570431477","36","2"
"2.094852225736082","37","2"
"2.0935975389407138","38","2"
"2.092057666002151","39","2"
"2.0906046271751944","40","2"
"2.0895348485514957","41","2"
"2.0889214999915957","42","2"
"2.0886885465500526","43","2"
"2.0887044147125797","44","2"
"2.088825629842995","45","2"
"2.0889611703979134","46","2"
"2.089111697550774","47","2"
"2.089355009376189","48","2"
"2.0897543581331197","49","2"
"2.0903450064049602","50","2"
"2.0911315824057803","51","2"
"2.092067142821438","52","2"
"2.0929998381521946","53","2"
"2.0937846510238454","54","2"
"2.0943373920185375","55","2"
"2.0946164072096383","56","2"
"2.094660705830026","57","2"
"2.094560427858501","58","2"
"2.094409459923348","59","2"
"2.0942644425491426","60","2"
"2.0941425662452886","61","2"
"2.0940378804508395","62","2"
"2.0938946262058034","63","2"
"2.0936464657751723","64","2"
"2.093244472324487","65","2"
"2.092797959862267","66","2"
"2.0924737644861935","67","2"
"2.092373266123522","68","2"
"2.092503737682078","69","2"
"2.0927959763419515","70","2"
"2.0931128988102","71","2"
"2.0933282209600463","72","2"
"2.0933749438830427","73","2"
"2.093255491881797","74","2"
"2.0930143839678443","75","2"
"2.0927168559204623","76","2"
"2.092405884013161","77","2"
"2.092088300371474","78","2"
"2.091748898006312","79","2"
"2.0913665193676394","80","2"
"2.090940503282017","81","2"
"2.0904961947312595","82","2"
"2.090073925295123","83","2"
"2.089709398339293","84","2"
"2.089405919730963","85","2"
"2.0891804595883916","86","2"
"2.0890012815865235","87","2"
"2.0888062354221284","88","2"
"2.0884838031752246","89","2"
"2.0879231280992685","90","2"
"2.087049717986842","91","2"
"2.085837566682692","92","2"
"2.084318410511873","93","2"
"2.0825552813422004","94","2"
"2.080626638421725","95","2"
"2.0786025661349408","96","2"
"2.076507527899077","97","2"
"2.0743166195146125","98","2"
"2.071963062464246","99","2"
"2.0696582118571913","100","2"
"2.0674454847492525","101","2"
"2.0650789246212593","102","2"
"2.0619908038805774","103","2"
"2.0577513597920998","104","2"
"2.0521719375346708","105","2"
"2.045261132362993","106","2"
"2.0374094773881484","107","2"
"2.028620058086184","108","2"
"2.0187187654515952","109","2"
"2.007511434884571","110","2"
"1.9952092011031806","111","2"
"1.9823205064817275","112","2"
"1.9693833258081084","113","2"
"1.9569360746525122","114","2"
"1.9455947462685932","115","2"
"1.936299308894933","116","2"
"1.9304860516313762","117","2"
"1.93024979232264","118","2"
"1.9386581553328086","119","2"
"1.9595576273366693","120","2"
"1.9968907855487557","121","2"
"2.0532924061219977","122","2"
"2.1267452488951437","123","2"
"2.206492683195167","124","2"
"2.270639730210781","125","2"
"2.293772425699178","126","2"
"2.2679745400796745","127","2"
"2.2162218503445668","128","2"
"2.1740275246205467","129","2"
"2.158750451147626","130","2"
"2.163373596221654","131","2"
"2.1716960066848006","132","2"
"2.170439556760263","133","2"
"2.151729009620551","134","2"
"2.1075156806061095","135","2"
"2.028546006661058","136","2"
"1.9180544482471606","137","2"
"1.81746230914311","138","2"
"1.8068277751650832","139","2"
"1.9312655751155177","140","2"
"2.159251400222959","141","2"
"2.377335271522373","142","2"
"2.447757515643998","143","2"
"2.3930077267115926","144","2"
"2.3232468764197414","145","2"
"2.2550995097092863","146","2"
"2.2109919684450254","147","2"
"2.2375874496226595","148","2"
"2.334970142660041","149","2"
"2.4600070759414443","150","2"
"2.543601217307401","151","2"
"2.5532796944931726","152","2"
"2.512911970588933","153","2"
"2.45346696867769","154","2"
"2.3923044585640394","155","2"
"2.3430664318071774","156","2"
"2.31924831985407","157","2"
"2.325695422054124","158","2"
"2.354557626170519","159","2"
"2.392743257336142","160","2"
"2.4294141401538702","161","2"
"2.458613763115111","162","2"
"2.4784344204582776","163","2"
"2.489662027010753","164","2"
"2.494978302239608","165","2"
"2.4980113251937377","166","2"
"2.501810868554382","167","2"
"2.5073636234831196","168","2"
"2.513194952820666","169","2"
"2.5161019120391632","170","2"
"2.5128048604918756","171","2"
"2.5013577443577764","172","2"
"2.48110798545294","173","2"
"2.4520154725887573","174","2"
"2.4139074191065992","175","2"
"2.3665956109676047","176","2"
"2.3120148620443417","177","2"
"2.257702769928308","178","2"
"2.2177317500872453","179","2"
"2.2049655929430845","180","2"
"2.220019189793749","181","2"
"2.261629478980315","182","2"
"2.3413449565641384","183","2"
"2.4657185124954526","184","2"
"2.5983084707485875","185","2"
"2.6721595603229336","186","2"
"2.6506079509174403","187","2"
"2.5604159598074223","188","2"
"2.457787296316827","189","2"
"2.381944972736482","190","2"
"2.3454753070352425","191","2"
"2.3458759781390506","192","2"
"2.374815759938911","193","2"
"2.421676868183908","194","2"
"2.4751435398630837","195","2"
"2.524584767256751","196","2"
"2.562079031396716","197","2"
"2.583108754567986","198","2"
"2.5865766092535862","199","2"
"2.5743504104176376","200","2"
"2.5507083909903514","201","2"
"2.521471081143109","202","2"
"2.492733838806615","203","2"
"2.4695385522326947","204","2"
"2.4549984667526967","205","2"
"2.450109750347487","206","2"
"2.454047699347951","207","2"
"2.464649174654046","208","2"
"2.478947931828945","209","2"
"2.493722513488509","210","2"
"2.5060448028642046","211","2"
"2.5137558482877678","212","2"
"2.5157858711354995","213","2"
"2.5122640206190785","214","2"
"2.5043797477545953","215","2"
"2.494027314443716","216","2"
"2.4833412089374765","217","2"
"2.4742300185620474","218","2"
"2.468030636010332","219","2"
"2.4653412028531427","220","2"
"2.4660297047939","221","2"
"2.4693688510501137","222","2"
"2.4742652811454406","223","2"
"2.479498248521029","224","2"
"2.4839386893348494","225","2"
"2.4867418443234826","226","2"
"2.487481036227868","227","2"
"2.486181389638673","228","2"
"2.4832618681248415","229","2"
"2.479392240379702","230","2"
"2.475330431555069","231","2"
"2.4717678086765993","232","2"
"2.469207745122235","233","2"
"2.467902368363238","234","2"
"2.467838675321984","235","2"
"2.468779965907443","236","2"
"2.4703407760048957","237","2"
"2.4720787805839004","238","2"
"2.473580525854169","239","2"
"2.4745348195172543","240","2"
"2.4747763682134996","241","2"
"2.4742937116033015","242","2"
"2.4732164396806318","243","2"
"2.4717669271120144","244","2"
"2.470209202490609","245","2"
"2.468792748593923","246","2"
"2.467711068848329","247","2"
"2.467068408265983","248","2"
"2.466875345621904","249","2"
"2.4670602537935733","250","2"
"2.467493322395874","251","2"
"2.468017853323852","252","2"
"2.4684824378600605","253","2"
"2.4687689463501323","254","2"
"2.4688092779298887","255","2"
"2.468592413042019","256","2"
"2.46815692013711","257","2"
"2.4675775118137264","258","2"
"2.4669467523532758","259","2"
"2.4663561040814357","260","2"
"2.4658763125561385","261","2"
"2.465551015224334","262","2"
"2.4653881461672853","263","2"
"2.465367870181834","264","2"
"2.465445227474153","265","2"
"2.46556578143113","266","2"
"2.465674434266211","267","2"
"2.465727328141301","268","2"
"2.4656971345542704","269","2"
"2.4655759194238556","270","2"
"2.4653758042630973","271","2"
"2.465121472880372","272","2"
"2.4648453227741722","273","2"
"2.4645799718341364","274","2"
"2.464352748562395","275","2"
"2.464179080339182","276","2"
"2.4640644769431534","277","2"
"2.4640034285956536","278","2"
"2.4639811690898865","279","2"
"2.4639791855695705","280","2"
"2.463977642831547","281","2"
"2.4639591299752657","282","2"
"2.4639124070522693","283","2"
"2.463833947804219","284","2"
"2.4637259561425764","285","2"
"2.4635985700600673","286","2"
"2.463461927549418","287","2"
"2.463328370514815","288","2"
"2.463207816557839","289","2"
"2.4631073181951675","290","2"
"2.4630286385559708","291","2"
"2.462970896075664","292","2"
"2.4629281401932994","293","2"
"2.4628944203479297","294","2"
"2.4628615820671445","295","2"
"2.462824115572289","296","2"
"2.462777833431585","297","2"
"2.462721854080448","298","2"
"2.462655957127731","299","2"
"2.4625821260937513","300","2"
"2.605125830074273","1","3"
"2.2271197517423134","2","3"
"1.936966653285654","3","3"
"1.8536918586905544","4","3"
"1.8899248243007651","5","3"
"1.9758147802367818","6","3"
"2.0742630644660838","7","3"
"2.1547245660798247","8","3"
"2.1959095003542073","9","3"
"2.19433789109059","10","3"
"2.163770520675976","11","3"
"2.1245633765476737","12","3"
"2.093044357163729","13","3"
"2.0766225720773983","14","3"
"2.07476269119454","15","3"
"2.082369491605946","16","3"
"2.0931102541164455","17","3"
"2.1018544932334366","18","3"
"2.106227494356517","19","3"
"2.106590037792031","20","3"
"2.105000136063279","21","3"
"2.1039634161115113","22","3"
"2.1053622387165003","23","3"
"2.1100120511192197","24","3"
"2.1175322378101655","25","3"
"2.1266143365542955","26","3"
"2.1356098215779653","27","3"
"2.143133754918397","28","3"
"2.1484643555717557","29","3"
"2.1516150673979606","30","3"
"2.153172351237074","31","3"
"2.1540307747515586","32","3"
"2.155027383514716","33","3"
"2.1567473160197315","34","3"
"2.1594574659446644","35","3"
"2.162989234062665","36","3"
"2.1669979286210617","37","3"
"2.1713850347775","38","3"
"2.176480918860146","39","3"
"2.1826703838102817","40","3"
"2.190083240013024","41","3"
"2.198535240470142","42","3"
"2.207549899523532","43","3"
"2.216445547357969","44","3"
"2.224057196374592","45","3"
"2.229481904047382","46","3"
"2.232215195042667","47","3"
"2.232355363811656","48","3"
"2.2295801984985912","49","3"
"2.2236867188578144","50","3"
"2.215251027345516","51","3"
"2.20552803114821","52","3"
"2.195628942425083","53","3"
"2.186082920318183","54","3"
"2.176894152259288","55","3"
"2.1677540906437054","56","3"
"2.1586215223270937","57","3"
"2.1498907270700207","58","3"
"2.142178800081873","59","3"
"2.1359002971086687","60","3"
"2.13098072594299","61","3"
"2.1271869127521468","62","3"
"2.124120831126086","63","3"
"2.1213066565801424","64","3"
"2.1183091166005528","65","3"
"2.114731727515287","66","3"
"2.1104347613376486","67","3"
"2.105255569401735","68","3"
"2.0991535997366446","69","3"
"2.092222298188369","70","3"
"2.0848292771887857","71","3"
"2.077664801807821","72","3"
"2.070939565981251","73","3"
"2.0647163811857454","74","3"
"2.0588493484825134","75","3"
"2.0531447440540376","76","3"
"2.047363002724389","77","3"
"2.041660161425083","78","3"
"2.037475815123157","79","3"
"2.035192342457285","80","3"
"2.034899001841681","81","3"
"2.036016825735253","82","3"
"2.0376406677005217","83","3"
"2.0390031257663863","84","3"
"2.040157314199083","85","3"
"2.0422468426562914","86","3"
"2.0472680141403727","87","3"
"2.0582864694950955","88","3"
"2.0781251989122516","89","3"
"2.1085422625651513","90","3"
"2.149574686166357","91","3"
"2.1983842725349887","92","3"
"2.249895854356144","93","3"
"2.2968266062033433","94","3"
"2.332024174208664","95","3"
"2.350967895181065","96","3"
"2.352788546439898","97","3"
"2.340447303425629","98","3"
"2.319464743959647","99","3"
"2.2953982511847624","100","3"
"2.2710388585765657","101","3"
"2.2454922188637405","102","3"
"2.2145537097589103","103","3"
"2.1717905544865244","104","3"
"2.1093823936145","105","3"
"2.018392806946352","106","3"
"1.890590846344609","107","3"
"1.725848133966605","108","3"
"1.5421464936271112","109","3"
"1.3821457171509417","110","3"
"1.3000782252547753","111","3"
"1.343403047363275","112","3"
"1.534021223044248","113","3"
"1.815605293345152","114","3"
"1.996564165870074","115","3"
"1.9087903064162621","116","3"
"1.6583513619197594","117","3"
"1.5311830258633676","118","3"
"1.6855476293619593","119","3"
"2.0158338453477183","120","3"
"2.275265299587417","121","3"
"2.357522327869323","122","3"
"2.3755441526771315","123","3"
"2.3865518088656903","124","3"
"2.30136203560118","125","3"
"2.1512302644566796","126","3"
"2.065512874788145","127","3"
"2.100637272932924","128","3"
"2.213686029816285","129","3"
"2.318322677039992","130","3"
"2.3611477622244625","131","3"
"2.342126022786303","132","3"
"2.283935707670428","133","3"
"2.20405251242434","134","3"
"2.1161457571093645","135","3"
"2.0380107044350066","136","3"
"1.9930597262542034","137","3"
"1.9995376832147267","138","3"
"2.069966539070738","139","3"
"2.1943497922124857","140","3"
"2.3251631774360293","141","3"
"2.418970024126168","142","3"
"2.474914773853319","143","3"
"2.499450920160775","144","3"
"2.4760541960792195","145","3"
"2.396467426924783","146","3"
"2.2928928446346575","147","3"
"2.2232748078055495","148","3"
"2.2259036333975315","149","3"
"2.280138368221246","150","3"
"2.340376778258842","151","3"
"2.4146527819630785","152","3"
"2.5510524215695836","153","3"
"2.720662362216042","154","3"
"2.8043616301587404","155","3"
"2.7234688230718684","156","3"
"2.5475786163230363","157","3"
"2.3865859694933524","158","3"
"2.2791369108528716","159","3"
"2.2254862125666115","160","3"
"2.21701812355582","161","3"
"2.2428252656034644","162","3"
"2.2950116851143116","163","3"
"2.366014219123905","164","3"
"2.446057418342141","165","3"
"2.5226153519742267","166","3"
"2.5823585431062908","167","3"
"2.61431041070139","168","3"
"2.613575185837637","169","3"
"2.5831687009597553","170","3"
"2.5329825514919015","171","3"
"2.476455087574174","172","3"
"2.426321391199118","173","3"
"2.3914663110350065","174","3"
"2.3758634994479886","175","3"
"2.378990409030403","176","3"
"2.397146452046253","177","3"
"2.4248304450950138","178","3"
"2.4558738603854393","179","3"
"2.4843717579371503","180","3"
"2.5055187291982035","181","3"
"2.5163315596135134","182","3"
"2.516056511463044","183","3"
"2.5061340612784195","184","3"
"2.489687592383713","185","3"
"2.470692299883099","186","3"
"2.4530634324889813","187","3"
"2.4398946207206964","188","3"
"2.432980289290679","189","3"
"2.432690915715707","190","3"
"2.438139205241141","191","3"
"2.4475362429332037","192","3"
"2.4586318351890997","193","3"
"2.4691696174539404","194","3"
"2.477276485376095","195","3"
"2.481758359725403","196","3"
"2.482238812424139","197","3"
"2.4791392313438543","198","3"
"2.4735018462149725","199","3"
"2.4667100522622474","200","3"
"2.460171928518809","201","3"
"2.4550513606277873","202","3"
"2.4520857773643976","203","3"
"2.4515096749082073","204","3"
"2.453089879426526","205","3"
"2.456231995998029","206","3"
"2.4601408533671933","207","3"
"2.463988001215419","208","3"
"2.4670662043545213","209","3"
"2.4689016218201503","210","3"
"2.4693128716989765","211","3"
"2.4684066233057647","212","3"
"2.466520075094215","213","3"
"2.4641286107667004","214","3"
"2.461735383310016","215","3"
"2.4597761060202172","216","3"
"2.458545001077493","217","3"
"2.4581601981362122","218","3"
"2.4585696848858687","219","3"
"2.459580839464676","220","3"
"2.46091949528675","221","3"
"2.462287683522416","222","3"
"2.4634200532316384","223","3"
"2.464133679763063","224","3"
"2.464346136828009","225","3"
"2.4640805654968267","226","3"
"2.4634447370400134","227","3"
"2.4625988758208632","228","3"
"2.4617221598412433","229","3"
"2.4609745930733022","230","3"
"2.4604712196953606","231","3"
"2.4602642724090704","232","3"
"2.460347359871191","233","3"
"2.4606594337342234","234","3"
"2.4611055054141504","235","3"
"2.46158110950767","236","3"
"2.461986408825548","237","3"
"2.46225198015673","238","3"
"2.462341458962091","239","3"
"2.4622577103265315","240","3"
"2.4620344540954218","241","3"
"2.4617252453172904","242","3"
"2.4613942178156845","243","3"
"2.4610999956354953","244","3"
"2.4608877589616958","245","3"
"2.4607788857354684","246","3"
"2.4607758002594218","247","3"
"2.460859328503835","248","3"
"2.460997513752508","249","3"
"2.4611522283371468","250","3"
"2.4612879892832114","251","3"
"2.4613776884797187","252","3"
"2.4614063393287258","253","3"
"2.46137239909221","254","3"
"2.461285344589457","255","3"
"2.4611632478944574","256","3"
"2.461029250077562","257","3"
"2.4609064922091237","258","3"
"2.46081018127823","259","3"
"2.460750014495315","260","3"
"2.4607273142072557","261","3"
"2.460737011417689","262","3"
"2.460769408916182","263","3"
"2.46081018127823","264","3"
"2.4608463254262087","265","3"
"2.4608670421939522","266","3"
"2.4608670421939522","267","3"
"2.4608450030793314","268","3"
"2.46080378993499","269","3"
"2.460748030974999","270","3"
"2.4606863214540606","271","3"
"2.460627477018023","272","3"
"2.4605770074455413","273","3"
"2.460539100168393","274","3"
"2.4605155183157486","275","3"
"2.460504278367292","276","3"
"2.46050207445583","277","3"
"2.4605033968027072","278","3"
"2.460504278367292","279","3"
"2.4605007521089526","280","3"
"2.4604897325516424","281","3"
"2.460470778913068","282","3"
"2.4604452135401083","283","3"
"2.4604141383884928","284","3"
"2.4603795369785377","285","3"
"2.4603444947862907","286","3"
"2.4603125380700903","287","3"
"2.4602843280033753","288","3"
"2.460261848106462","289","3"
"2.4602453187704962","290","3"
"2.46023231569287","291","3"
"2.46022129613556","292","3"
"2.460210276578249","293","3"
"2.460197053109477","294","3"
"2.460181405338096","295","3"
"2.460161790526083","296","3"
"2.4601397514114622","297","3"
"2.4601159491676716","298","3"
"2.4600917061415886","299","3"
"2.460067903897798","300","3"
"2.6550221651848616","1","4"
"2.3672735341333437","2","4"
"2.1437953691393163","3","4"
"2.07190003059643","4","4"
"2.087166966076625","5","4"
"2.1365605889827113","6","4"
"2.189161784630724","7","4"
"2.2196339460701755","8","4"
"2.216010495235352","9","4"
"2.185166974714538","10","4"
"2.1449032754313095","11","4"
"2.11217761452187","12","4"
"2.097212394520835","13","4"
"2.103195573358119","14","4"
"2.127676621879023","15","4"
"2.163995760427402","16","4"
"2.203020420686643","17","4"
"2.2355267924056044","18","4"
"2.2548138827837994","19","4"
"2.258510944261457","20","4"
"2.248696485738474","21","4"
"2.2303762513186984","22","4"
"2.2092083428987555","23","4"
"2.1895999222293874","24","4"
"2.1737101613700056","25","4"
"2.1613944837286962","26","4"
"2.1509530123947487","27","4"
"2.140403769790305","28","4"
"2.1286020443019553","29","4"
"2.1157662435555924","30","4"
"2.1032581644436426","31","4"
"2.0927133296621228","32","4"
"2.085107631206448","33","4"
"2.0803504883155246","34","4"
"2.077370800018778","35","4"
"2.074557507037419","36","4"
"2.070485119437768","37","4"
"2.0645257428442743","38","4"
"2.056657338142318","39","4"
"2.0472014560142178","40","4"
"2.036805164865243","41","4"
"2.027362506205915","42","4"
"2.0206731941361773","43","4"
"2.016872769210948","44","4"
"2.0162587594776094","45","4"
"2.017606230945532","46","4"
"2.019783254687785","47","4"
"2.020277812419878","48","4"
"2.0169686393595487","49","4"
"2.0089439773349302","50","4"
"1.996750837170913","51","4"
"1.980530048809925","52","4"
"1.9610379946657557","53","4"
"1.9402791322131765","54","4"
"1.9230573272661067","55","4"
"1.9144605298259294","56","4"
"1.9166767831922078","57","4"
"1.9288987945963783","58","4"
"1.9501398728768629","59","4"
"1.9813629069514491","60","4"
"2.0213050555523586","61","4"
"2.067515789524893","62","4"
"2.121738402835566","63","4"
"2.1812545910870345","64","4"
"2.236836356596379","65","4"
"2.2762850494209266","66","4"
"2.3028095646494813","67","4"
"2.3311564942660388","68","4"
"2.370077791077708","69","4"
"2.4195086600875033","70","4"
"2.4738740868609197","71","4"
"2.52268433440299","72","4"
"2.547714597660247","73","4"
"2.5318453331774626","74","4"
"2.476832176825338","75","4"
"2.411469672638381","76","4"
"2.36721270617699","77","4"
"2.3549728430899766","78","4"
"2.362845435223711","79","4"
"2.364481619093167","80","4"
"2.3280350944622796","81","4"
"2.224942948391206","82","4"
"2.0514843171584984","83","4"
"1.8808566101988466","84","4"
"1.8968191001364776","85","4"
"2.2411020272312556","86","4"
"2.7101981905940353","87","4"
"2.8224672036021086","88","4"
"2.537004689910217","89","4"
"2.2835709603234524","90","4"
"2.1887408375414648","91","4"
"2.1999071753552935","92","4"
"2.26765563409111","93","4"
"2.3421749496207616","94","4"
"2.382920864731896","95","4"
"2.3779052030264696","96","4"
"2.3381228380065617","97","4"
"2.293078854762058","98","4"
"2.274687874784349","99","4"
"2.298036333204885","100","4"
"2.353596720773047","101","4"
"2.418150830235709","102","4"
"2.4714916585703994","103","4"
"2.5045661986642878","104","4"
"2.5170579688314185","105","4"
"2.511585436279901","106","4"
"2.492069359500795","107","4"
"2.464515176837151","108","4"
"2.4359414647311444","109","4"
"2.4118930440302484","110","4"
"2.3955796913878524","111","4"
"2.3883559307885576","112","4"
"2.390163358578618","113","4"
"2.3995491563222244","114","4"
"2.4137597570386395","115","4"
"2.429344276160522","116","4"
"2.4430113923103853","117","4"
"2.4522711263183594","118","4"
"2.4558619592635442","119","4"
"2.4538638931320125","120","4"
"2.4474727702830954","121","4"
"2.4385627970241552","122","4"
"2.4291908839227605","123","4"
"2.4211514556913456","124","4"
"2.4156802454867052","125","4"
"2.413337707993649","126","4"
"2.4140359071448394","127","4"
"2.417164359465277","128","4"
"2.421765465424684","129","4"
"2.426744101417547","130","4"
"2.4310747874405556","131","4"
"2.4339780000095677","132","4"
"2.4350354367290787","133","4"
"2.4342199894881054","134","4"
"2.4318580575741824","135","4"
"2.428521115229431","136","4"
"2.4248862040550048","137","4"
"2.42159069524574","138","4"
"2.4191170250206895","139","4"
"2.4177201859360165","140","4"
"2.4174158257631015","141","4"
"2.418011763422451","142","4"
"2.41917631023902","143","4"
"2.4205189331017256","144","4"
"2.421671578796399","145","4"
"2.422350383526723","146","4"
"2.422398649187743","147","4"
"2.421796981358592","148","4"
"2.4206483027045502","149","4"
"2.4191421496113574","150","4"
"2.4175086104356556","151","4"
"2.4159654316298997","152","4"
"2.4146814328120856","153","4"
"2.4137513821750836","154","4"
"2.41318938475225","155","4"
"2.412938138845572","156","4"
"2.412889873184552","157","4"
"2.4129090472142725","158","4"
"2.41286849524337","159","4"
"2.412673889861267","160","4"
"2.412271014845997","161","4"
"2.4116462059464943","162","4"
"2.4108179760190405","163","4"
"2.4098438471527963","164","4"
"2.40880183781352","165","4"
"2.407769966466969","166","4"
"2.4068139096747143","167","4"
"2.405978627230582","168","4"
"2.405276901821052","169","4"
"2.4046913225455744","170","4"
"2.4041859656473172","171","4"
"2.403716973288184","172","4"
"2.403243132323835","173","4"
"2.402726535477121","174","4"
"2.402142939721959","175","4"
"2.4014826478479163","176","4"
"2.4007551366742805","177","4"
"2.3999824453156715","178","4"
"2.399178678805447","179","4"
"2.3983667578228127","180","4"
"2.3975773167370917","181","4"
"2.3968416510910457","182","4"
"2.3961765106117867","183","4"
"2.3955752835649284","184","4"
"2.395020118267628","185","4"
"2.394488975605264","186","4"
"2.393959816463216","187","4"
"2.393414789158641","188","4"
"2.392841551787351","189","4"
"2.392235696526422","190","4"
"2.391599647678463","191","4"
"2.3909431024539063","192","4"
"2.39027663962777","193","4"
"2.3896128214953882","194","4"
"2.3889578190088545","195","4"
"2.3883142768619243","196","4"
"2.387682635836889","197","4"
"2.387066201800942","198","4"
"2.3864656359275225","199","4"
"2.3858756488291206","200","4"
"2.385288747206766","201","4"
"2.3847011844109725","202","4"
"2.3841127400505946","203","4"
"2.3835267199928243","204","4"
"2.382942463064224","205","4"
"2.3823612916116708","206","4"
"2.3817845279820418","207","4"
"2.381213274131068","208","4"
"2.380647309667603","209","4"
"2.3800850918536236","210","4"
"2.379526841080276","211","4"
"2.378976744779338","212","4"
"2.3784403127294653","213","4"
"2.3779171041483647","214","4"
"2.37740403355999","215","4"
"2.376895591185686","216","4"
"2.3763895731139897","217","4"
"2.375883995824586","218","4"
"2.3753793000997674","219","4"
"2.3748774694598493","220","4"
"2.374379605860563","221","4"
"2.373888353995663","222","4"
"2.37340657895005","223","4"
"2.372936705026332","224","4"
"2.3724796137890944","225","4"
"2.372035084847191","226","4"
"2.371603338591767","227","4"
"2.371180407982192","228","4"
"2.3707614444132483","229","4"
"2.3703435828000363","230","4"
"2.3699232968842154","231","4"
"2.369498162363178","232","4"
"2.3690697219749475","233","4"
"2.3686423835424484","234","4"
"2.3682282685787213","235","4"
"2.367841261725978","236","4"
"2.3674771755524406","237","4"
"2.367117056419535","238","4"
"2.366745917729319","239","4"
"2.366370591607325","240","4"
"2.3660062850426415","241","4"
"2.3656629156368476","242","4"
"2.3653356347847274","243","4"
"2.36501805114304","244","4"
"2.364705095715423","245","4"
"2.3643956665461454","246","4"
"2.3640899840263536","247","4"
"2.3637876073737547","248","4"
"2.3634898589352265","249","4"
"2.363196297928476","250","4"
"2.3629082467003806","251","4"
"2.3626250440775016","252","4"
"2.362348232797863","253","4"
"2.3620775924703183","254","4"
"2.3618151066151833","255","4"
"2.3615598936678732","256","4"
"2.361312174019534","257","4"
"2.361071286496728","258","4"
"2.360836349534869","259","4"
"2.360606481569373","260","4"
"2.3603823437736784","261","4"
"2.3601630545832","262","4"
"2.3599481732156464","263","4"
"2.3597383608444553","264","4"
"2.3595336174696273","265","4"
"2.3593346042646","266","4"
"2.3591408804470824","267","4"
"2.3589533275816588","268","4"
"2.3587721660594747","269","4"
"2.3585967347070924","270","4"
"2.3584279150890963","271","4"
"2.3582646052497553","272","4"
"2.358105262451046","273","4"
"2.357950547866407","274","4"
"2.3578011226692777","275","4"
"2.357656105295072","276","4"
"2.3575154957437907","277","4"
"2.3573795144065794","278","4"
"2.3572470593277077","279","4"
"2.357119673245199","280","4"
"2.3569975765501994","281","4"
"2.3568796672869774","282","4"
"2.3567657250643874","283","4"
"2.3566564110558677","284","4"
"2.3565519456525643","285","4"
"2.3564510065076005","286","4"
"2.3563549159678536","287","4"
"2.356263453642177","288","4"
"2.3561755175748393","289","4"
"2.3560922097215724","290","4"
"2.3560130893000832","291","4"
"2.3559383767015185","292","4"
"2.3558656476232693","293","4"
"2.355796885585652","294","4"
"2.355731209024082","295","4"
"2.3556686179385586","296","4"
"2.355609332720228","297","4"
"2.355553132977945","298","4"
"2.355500239102855","299","4"
"2.355451753050689","300","4"
"2.825546729088088","1","5"
"2.5335875251882456","2","5"
"2.2985771730776823","3","5"
"2.259378403812936","4","5"
"2.310040377765455","5","5"
"2.3748408845295783","6","5"
"2.4285405096502974","7","5"
"2.448669273815865","8","5"
"2.4324229200819163","9","5"
"2.4004710524868167","10","5"
"2.374782260484687","11","5"
"2.365733000021342","12","5"
"2.3725574118637063","13","5"
"2.3881082111402185","14","5"
"2.403787718846117","15","5"
"2.413305310495156","16","5"
"2.414709202096508","17","5"
"2.4103712431656747","18","5"
"2.4047713245316484","19","5"
"2.4016702007133404","20","5"
"2.402488953821507","21","5"
"2.4063409502749495","22","5"
"2.411133796531558","23","5"
"2.4148681041129247","24","5"
"2.416525225141271","25","5"
"2.416288525050242","26","5"
"2.41515791847019","27","5"
"2.4143164650739637","28","5"
"2.4145406028696583","29","5"
"2.4159418497772553","30","5"
"2.4180734729433895","31","5"
"2.4202388159548938","32","5"
"2.4218366517649095","33","5"
"2.4225903894849448","34","5"
"2.4225943565255763","35","5"
"2.4222000767650083","36","5"
"2.4218291584659384","37","5"
"2.4218005076169313","38","5"
"2.4222384248244486","39","5"
"2.4230633488847095","40","5"
"2.4240656878176683","41","5"
"2.4250168960047067","42","5"
"2.4257492557835594","43","5"
"2.4262065674119433","44","5"
"2.4264236526909593","45","5"
"2.4264829379092894","46","5"
"2.4264692736582245","47","5"
"2.426530101614578","48","5"
"2.4267753969603088","49","5"
"2.427214195732411","50","5"
"2.427798011878719","51","5"
"2.4284430967636728","52","5"
"2.429136447309647","53","5"
"2.4299027473250154","54","5"
"2.4307629339686696","55","5"
"2.4316830670040925","56","5"
"2.4325946047848133","57","5"
"2.4334287852732146","58","5"
"2.4341393263285926","59","5"
"2.434724685212924","60","5"
"2.43524987731434","61","5"
"2.4357865297553594","62","5"
"2.436364836123012","63","5"
"2.437017193915791","64","5"
"2.4377991417025404","65","5"
"2.4387845105172414","66","5"
"2.4400015104266077","67","5"
"2.4414058428102523","68","5"
"2.4428703419768114","69","5"
"2.4442945095636146","70","5"
"2.4456278759981793","71","5"
"2.446869780107068","72","5"
"2.4480512970418946","73","5"
"2.449228626544943","74","5"
"2.4500343765754837","75","5"
"2.4502838593529925","76","5"
"2.4500096927671082","77","5"
"2.449464445071387","78","5"
"2.449521526378255","79","5"
"2.4505007242408623","80","5"
"2.4524895339442527","81","5"
"2.4551062380231934","82","5"
"2.4579175474842363","83","5"
"2.4606429043982576","84","5"
"2.4631926095687504","85","5"
"2.4656147082655884","86","5"
"2.468076036586451","87","5"
"2.47073351302744","88","5"
"2.4737125401507485","89","5"
"2.477048600930915","90","5"
"2.4806469271750706","91","5"
"2.484364264638179","92","5"
"2.487881707331676","93","5"
"2.4909894428843704","94","5"
"2.493764828588581","95","5"
"2.4964152525128913","96","5"
"2.4991304714341873","97","5"
"2.5020643183725224","98","5"
"2.505293709837924","99","5"
"2.5087747879922966","100","5"
"2.512359229594241","101","5"
"2.5158724848559597","102","5"
"2.5192074436803957","103","5"
"2.5223508825987757","104","5"
"2.5253486429695116","105","5"
"2.528251194365085","106","5"
"2.53111760161268","107","5"
"2.5339904002035154","108","5"
"2.536871353266761","109","5"
"2.5397478985070814","110","5"
"2.5426109998874837","111","5"
"2.5454549272381657","112","5"
"2.548275933909642","113","5"
"2.551065204256064","114","5"
"2.553806208941466","115","5"
"2.5564850633236373","116","5"
"2.559122043388029","117","5"
"2.56169687314919","118","5"
"2.5641978718763703","119","5"
"2.5666382630383433","120","5"
"2.5690438323992155","121","5"
"2.571394083582389","122","5"
"2.5736925428462034","123","5"
"2.5759290721979333","124","5"
"2.5781102833719642","125","5"
"2.5802511629662392","126","5"
"2.5823574411505597","127","5"
"2.584409503112912","128","5"
"2.5863738493990738","129","5"
"2.588231085588178","130","5"
"2.5899849583297097","131","5"
"2.5916632369080914","132","5"
"2.5933014042978635","133","5"
"2.5949287725214716","134","5"
"2.596555920353933","135","5"
"2.598176236060862","136","5"
"2.599772969915147","137","5"
"2.601326727495921","138","5"
"2.602825387290143","139","5"
"2.60426674538635","140","5"
"2.6056450716147417","141","5"
"2.6069603659753176","142","5"
"2.6082152731618318","143","5"
"2.609431832288906","144","5"
"2.610628115430529","145","5"
"2.611807869236186","146","5"
"2.612949495373549","147","5"
"2.614046382108232","148","5"
"2.615108226650667","149","5"
"2.616132825089393","150","5"
"2.6171159899926315","151","5"
"2.618057060186944","152","5"
"2.6189562560634774","153","5"
"2.6198100513638916","154","5"
"2.6206118343538","155","5"
"2.621355874863402","156","5"
"2.622039968981235","157","5"
"2.622670728441685","158","5"
"2.623256968890601","159","5"
"2.6238112526233173","160","5"
"2.6243428360679735","161","5"
"2.624854363918325","162","5"
"2.6253451750009322","163","5"
"2.6258121838397495","164","5"
"2.6262454728331965","165","5"
"2.6266421768963726","166","5"
"2.626997888206354","167","5"
"2.6273121659808485","168","5"
"2.627592503518826","169","5"
"2.62784286786092","170","5"
"2.628066785265468","171","5"
"2.628268663555396","172","5"
"2.6284526901624803","173","5"
"2.628622170953915","174","5"
"2.628776885538554","175","5"
"2.628915291178373","176","5"
"2.6290347431796186","177","5"
"2.629134139586559","178","5"
"2.6292128192257556","179","5"
"2.6292707820972083","180","5"
"2.629306044680602","181","5"
"2.629319929322813","182","5"
"2.6293128768061345","183","5"
"2.6292899561269287","184","5"
"2.6292540323700964","185","5"
"2.6292064278825156","186","5"
"2.6291506689225246","187","5"
"2.6290876370547087","188","5"
"2.629018434234799","189","5"
"2.6289390934221637","190","5"
"2.6288482922699257","191","5"
"2.6287438268666223","192","5"
"2.6286243748653773","193","5"
"2.6284890547016047","194","5"
"2.6283407314602063","195","5"
"2.6281802867057658","196","5"
"2.628011907870062","197","5"
"2.627836696908826","198","5"
"2.627657739298104","199","5"
"2.6274743738644584","200","5"
"2.627286380216742","201","5"
"2.627090672878908","202","5"
"2.6268890149801267","203","5"
"2.6266796433912285","204","5"
"2.626461896938774","205","5"
"2.626234453275886","206","5"
"2.62599819396715","207","5"
"2.625755984097466","208","5"
"2.625508484840273","209","5"
"2.6252559165867178","210","5"
"2.624996956989922","211","5"
"2.624733589570202","212","5"
"2.624465593936412","213","5"
"2.624193851653136","214","5"
"2.6239199054583984","215","5"
"2.6236428737876136","216","5"
"2.6233616546850507","217","5"
"2.623081537538219","218","5"
"2.6228124399486976","219","5"
"2.6225614144331657","220","5"
"2.622325816297868","221","5"
"2.622094846376641","222","5"
"2.6218583666767588","223","5"
"2.6216102062461273","224","5"
"2.6213505854758927","225","5"
"2.621081928668664","226","5"
"2.6208095252119494","227","5"
"2.6205371217552353","228","5"
"2.6202662610365444","229","5"
"2.619999367358485","230","5"
"2.619732473680426","231","5"
"2.6194633760909043","232","5"
"2.6191883279404355","233","5"
"2.6189055660998495","234","5"
"2.618611123528514","235","5"
"2.6182997108389205","236","5"
"2.6179759562451395","237","5"
"2.61764977734875","238","5"
"2.617326243146115","239","5"
"2.6170049128549424","240","5"
"2.616686227257524","241","5"
"2.6163666600955207","242","5"
"2.6160426851105933","243","5"
"2.6157090129152327","244","5"
"2.61536035412193","245","5"
"2.6149918601254685","246","5"
"2.6146041920992866","247","5"
"2.614203741386625","248","5"
"2.613797780895308","249","5"
"2.613391159230552","250","5"
"2.6129849783480887","251","5"
"2.6125757119895785","252","5"
"2.6121604950701207","253","5"
"2.6117419722834696","254","5"
"2.611316617371286","255","5"
"2.6108811244663768","256","5"
"2.610434391613011","257","5"
"2.6099766392023347","258","5"
"2.6095094099723717","259","5"
"2.609032703923121","260","5"
"2.6085485045749","261","5"
"2.608058795448023","262","5"
"2.607564017324784","263","5"
"2.607062186684866","264","5"
"2.6065519811813918","265","5"
"2.606030315338315","266","5"
"2.605496968764489","267","5"
"2.6049512802864756","268","5"
"2.604395013033444","269","5"
"2.603829048569979","270","5"
"2.6032533868960805","271","5"
"2.602668468794042","272","5"
"2.6020747350461546","273","5"
"2.6014748303461737","274","5"
"2.6008678731295136","275","5"
"2.6002529818315905","276","5"
"2.599626409802918","277","5"
"2.598986393914327","278","5"
"2.598334917686133","279","5"
"2.597672201509482","280","5"
"2.596999347340106","281","5"
"2.596317677524881","282","5"
"2.5956267512815154","283","5"
"2.594927009392302","284","5"
"2.5942171295103624","285","5"
"2.593498654373721","286","5"
"2.5927720247646695","287","5"
"2.5920343755983075","288","5"
"2.591287470003805","289","5"
"2.590529324460846","290","5"
"2.5897619224897457","291","5"
"2.5889843825259202","292","5"
"2.5881960433959303","293","5"
"2.587396243926338","294","5"
"2.586586306464019","295","5"
"2.5857675533558524","296","5"
"2.5849397642106915","297","5"
"2.584101396290512","298","5"
"2.5832511272484373","299","5"
"2.5823847696526894","300","5"
"2.6550221651848616","1","6"
"2.3672735341333437","2","6"
"2.1437953691393163","3","6"
"2.07190003059643","4","6"
"2.087166966076625","5","6"
"2.1365605889827113","6","6"
"2.189161784630724","7","6"
"2.2196339460701755","8","6"
"2.216010495235352","9","6"
"2.185166974714538","10","6"
"2.1449032754313095","11","6"
"2.11217761452187","12","6"
"2.097212394520835","13","6"
"2.103195573358119","14","6"
"2.127676621879023","15","6"
"2.163995760427402","16","6"
"2.203020420686643","17","6"
"2.2355267924056044","18","6"
"2.2548138827837994","19","6"
"2.258510944261457","20","6"
"2.248696485738474","21","6"
"2.2303762513186984","22","6"
"2.2092083428987555","23","6"
"2.1895999222293874","24","6"
"2.1737101613700056","25","6"
"2.1613944837286962","26","6"
"2.1509530123947487","27","6"
"2.140403769790305","28","6"
"2.1286020443019553","29","6"
"2.1157662435555924","30","6"
"2.1032581644436426","31","6"
"2.0927133296621228","32","6"
"2.085107631206448","33","6"
"2.0803504883155246","34","6"
"2.077370800018778","35","6"
"2.074557507037419","36","6"
"2.070485119437768","37","6"
"2.0645257428442743","38","6"
"2.056657338142318","39","6"
"2.0472014560142178","40","6"
"2.036805164865243","41","6"
"2.027362506205915","42","6"
"2.0206731941361773","43","6"
"2.016872769210948","44","6"
"2.0162587594776094","45","6"
"2.017606230945532","46","6"
"2.019783254687785","47","6"
"2.020277812419878","48","6"
"2.0169686393595487","49","6"
"2.0089439773349302","50","6"
"1.996750837170913","51","6"
"1.980530048809925","52","6"
"1.9610379946657557","53","6"
"1.9402791322131765","54","6"
"1.9230573272661067","55","6"
"1.9144605298259294","56","6"
"1.9166767831922078","57","6"
"1.9288987945963783","58","6"
"1.9501398728768629","59","6"
"1.9813629069514491","60","6"
"2.0213050555523586","61","6"
"2.067515789524893","62","6"
"2.121738402835566","63","6"
"2.1812545910870345","64","6"
"2.236836356596379","65","6"
"2.2762850494209266","66","6"
"2.3028095646494813","67","6"
"2.3311564942660388","68","6"
"2.370077791077708","69","6"
"2.4195086600875033","70","6"
"2.4738740868609197","71","6"
"2.52268433440299","72","6"
"2.547714597660247","73","6"
"2.5318453331774626","74","6"
"2.476832176825338","75","6"
"2.411469672638381","76","6"
"2.36721270617699","77","6"
"2.3549728430899766","78","6"
"2.362845435223711","79","6"
"2.364481619093167","80","6"
"2.3280350944622796","81","6"
"2.224942948391206","82","6"
"2.0514843171584984","83","6"
"1.8808566101988466","84","6"
"1.8968191001364776","85","6"
"2.2411020272312556","86","6"
"2.7101981905940353","87","6"
"2.8224672036021086","88","6"
"2.537004689910217","89","6"
"2.2835709603234524","90","6"
"2.1887408375414648","91","6"
"2.1999071753552935","92","6"
"2.26765563409111","93","6"
"2.3421749496207616","94","6"
"2.382920864731896","95","6"
"2.3779052030264696","96","6"
"2.3381228380065617","97","6"
"2.293078854762058","98","6"
"2.274687874784349","99","6"
"2.298036333204885","100","6"
"2.353596720773047","101","6"
"2.418150830235709","102","6"
"2.4714916585703994","103","6"
"2.5045661986642878","104","6"
"2.5170579688314185","105","6"
"2.511585436279901","106","6"
"2.492069359500795","107","6"
"2.464515176837151","108","6"
"2.4359414647311444","109","6"
"2.4118930440302484","110","6"
"2.3955796913878524","111","6"
"2.3883559307885576","112","6"
"2.390163358578618","113","6"
"2.3995491563222244","114","6"
"2.4137597570386395","115","6"
"2.429344276160522","116","6"
"2.4430113923103853","117","6"
"2.4522711263183594","118","6"
"2.4558619592635442","119","6"
"2.4538638931320125","120","6"
"2.4474727702830954","121","6"
"2.4385627970241552","122","6"
"2.4291908839227605","123","6"
"2.4211514556913456","124","6"
"2.4156802454867052","125","6"
"2.413337707993649","126","6"
"2.4140359071448394","127","6"
"2.417164359465277","128","6"
"2.421765465424684","129","6"
"2.426744101417547","130","6"
"2.4310747874405556","131","6"
"2.4339780000095677","132","6"
"2.4350354367290787","133","6"
"2.4342199894881054","134","6"
"2.4318580575741824","135","6"
"2.428521115229431","136","6"
"2.4248862040550048","137","6"
"2.42159069524574","138","6"
"2.4191170250206895","139","6"
"2.4177201859360165","140","6"
"2.4174158257631015","141","6"
"2.418011763422451","142","6"
"2.41917631023902","143","6"
"2.4205189331017256","144","6"
"2.421671578796399","145","6"
"2.422350383526723","146","6"
"2.422398649187743","147","6"
"2.421796981358592","148","6"
"2.4206483027045502","149","6"
"2.4191421496113574","150","6"
"2.4175086104356556","151","6"
"2.4159654316298997","152","6"
"2.4146814328120856","153","6"
"2.4137513821750836","154","6"
"2.41318938475225","155","6"
"2.412938138845572","156","6"
"2.412889873184552","157","6"
"2.4129090472142725","158","6"
"2.41286849524337","159","6"
"2.412673889861267","160","6"
"2.412271014845997","161","6"
"2.4116462059464943","162","6"
"2.4108179760190405","163","6"
"2.4098438471527963","164","6"
"2.40880183781352","165","6"
"2.407769966466969","166","6"
"2.4068139096747143","167","6"
"2.405978627230582","168","6"
"2.405276901821052","169","6"
"2.4046913225455744","170","6"
"2.4041859656473172","171","6"
"2.403716973288184","172","6"
"2.403243132323835","173","6"
"2.402726535477121","174","6"
"2.402142939721959","175","6"
"2.4014826478479163","176","6"
"2.4007551366742805","177","6"
"2.3999824453156715","178","6"
"2.399178678805447","179","6"
"2.3983667578228127","180","6"
"2.3975773167370917","181","6"
"2.3968416510910457","182","6"
"2.3961765106117867","183","6"
"2.3955752835649284","184","6"
"2.395020118267628","185","6"
"2.394488975605264","186","6"
"2.393959816463216","187","6"
"2.393414789158641","188","6"
"2.392841551787351","189","6"
"2.392235696526422","190","6"
"2.391599647678463","191","6"
"2.3909431024539063","192","6"
"2.39027663962777","193","6"
"2.3896128214953882","194","6"
"2.3889578190088545","195","6"
"2.3883142768619243","196","6"
"2.387682635836889","197","6"
"2.387066201800942","198","6"
"2.3864656359275225","199","6"
"2.3858756488291206","200","6"
"2.385288747206766","201","6"
"2.3847011844109725","202","6"
"2.3841127400505946","203","6"
"2.3835267199928243","204","6"
"2.382942463064224","205","6"
"2.3823612916116708","206","6"
"2.3817845279820418","207","6"
"2.381213274131068","208","6"
"2.380647309667603","209","6"
"2.3800850918536236","210","6"
"2.379526841080276","211","6"
"2.378976744779338","212","6"
"2.3784403127294653","213","6"
"2.3779171041483647","214","6"
"2.37740403355999","215","6"
"2.376895591185686","216","6"
"2.3763895731139897","217","6"
"2.375883995824586","218","6"
"2.3753793000997674","219","6"
"2.3748774694598493","220","6"
"2.374379605860563","221","6"
"2.373888353995663","222","6"
"2.37340657895005","223","6"
"2.372936705026332","224","6"
"2.3724796137890944","225","6"
"2.372035084847191","226","6"
"2.371603338591767","227","6"
"2.371180407982192","228","6"
"2.3707614444132483","229","6"
"2.3703435828000363","230","6"
"2.3699232968842154","231","6"
"2.369498162363178","232","6"
"2.3690697219749475","233","6"
"2.3686423835424484","234","6"
"2.3682282685787213","235","6"
"2.367841261725978","236","6"
"2.3674771755524406","237","6"
"2.367117056419535","238","6"
"2.366745917729319","239","6"
"2.366370591607325","240","6"
"2.3660062850426415","241","6"
"2.3656629156368476","242","6"
"2.3653356347847274","243","6"
"2.36501805114304","244","6"
"2.364705095715423","245","6"
"2.3643956665461454","246","6"
"2.3640899840263536","247","6"
"2.3637876073737547","248","6"
"2.3634898589352265","249","6"
"2.363196297928476","250","6"
"2.3629082467003806","251","6"
"2.3626250440775016","252","6"
"2.362348232797863","253","6"
"2.3620775924703183","254","6"
"2.3618151066151833","255","6"
"2.3615598936678732","256","6"
"2.361312174019534","257","6"
"2.361071286496728","258","6"
"2.360836349534869","259","6"
"2.360606481569373","260","6"
"2.3603823437736784","261","6"
"2.3601630545832","262","6"
"2.3599481732156464","263","6"
"2.3597383608444553","264","6"
"2.3595336174696273","265","6"
"2.3593346042646","266","6"
"2.3591408804470824","267","6"
"2.3589533275816588","268","6"
"2.3587721660594747","269","6"
"2.3585967347070924","270","6"
"2.3584279150890963","271","6"
"2.3582646052497553","272","6"
"2.358105262451046","273","6"
"2.357950547866407","274","6"
"2.3578011226692777","275","6"
"2.357656105295072","276","6"
"2.3575154957437907","277","6"
"2.3573795144065794","278","6"
"2.3572470593277077","279","6"
"2.357119673245199","280","6"
"2.3569975765501994","281","6"
"2.3568796672869774","282","6"
"2.3567657250643874","283","6"
"2.3566564110558677","284","6"
"2.3565519456525643","285","6"
"2.3564510065076005","286","6"
"2.3563549159678536","287","6"
"2.356263453642177","288","6"
"2.3561755175748393","289","6"
"2.3560922097215724","290","6"
"2.3560130893000832","291","6"
"2.3559383767015185","292","6"
"2.3558656476232693","293","6"
"2.355796885585652","294","6"
"2.355731209024082","295","6"
"2.3556686179385586","296","6"
"2.355609332720228","297","6"
"2.355553132977945","298","6"
"2.355500239102855","299","6"
"2.355451753050689","300","6"
"2.658892894885732","1","7"
"2.342474681579606","2","7"
"2.0789820796887124","3","7"
"1.9894126935667356","4","7"
"2.0104086968926356","5","7"
"2.0776044146337598","6","7"
"2.1548856720077034","7","7"
"2.214436682060273","8","7"
"2.23902572224282","9","7"
"2.2286569799871216","10","7"
"2.1975652990356758","11","7"
"2.1637656720707596","12","7"
"2.140197042895161","13","7"
"2.131786255582384","14","7"
"2.136885004749931","15","7"
"2.150272444535255","16","7"
"2.165952393023446","17","7"
"2.1790963005922093","18","7"
"2.186951481825393","19","7"
"2.1889535149975563","20","7"
"2.186229260039266","21","7"
"2.180759812963795","22","7"
"2.174520098832324","23","7"
"2.168879848618541","24","7"
"2.1640953772254883","25","7"
"2.1598189074244476","26","7"
"2.1555591873505184","27","7"
"2.1511385817398567","28","7"
"2.146602931950874","29","7"
"2.1421508104063043","30","7"
"2.1381050901353444","31","7"
"2.1346118904679305","32","7"
"2.131597821152375","33","7"
"2.1289015558696534","34","7"
"2.126370143164296","35","7"
"2.1236945946493178","36","7"
"2.1204879034719757","37","7"
"2.1165664838074774","38","7"
"2.112033037929957","39","7"
"2.107203165960785","40","7"
"2.1024026060140586","41","7"
"2.0979222744027743","42","7"
"2.093907849674576","43","7"
"2.0903644008258264","44","7"
"2.087224488165786","45","7"
"2.0843959881953387","46","7"
"2.081793609540902","47","7"
"2.0793849547039827","48","7"
"2.0773734447125327","49","7"
"2.07592833996684","50","7"
"2.0749330535505592","51","7"
"2.0741480202877627","52","7"
"2.0735930753816083","53","7"
"2.0733037018066356","54","7"
"2.0732825442565996","55","7"
"2.073240449547674","56","7"
"2.0730348246082606","57","7"
"2.0724699621005267","58","7"
"2.0715769371760877","59","7"
"2.0704057786251324","60","7"
"2.0691669599922915","61","7"
"2.068040981626309","62","7"
"2.0671325293216354","63","7"
"2.0663609399187575","64","7"
"2.0655175030022153","65","7"
"2.0644203958763865","66","7"
"2.0630143003635726","67","7"
"2.0615237950417606","68","7"
"2.060235829183315","69","7"
"2.059368590022982","70","7"
"2.058938386505582","71","7"
"2.058822460762676","72","7"
"2.0588872557596614","73","7"
"2.0589897376426487","74","7"
"2.0590360197833526","75","7"
"2.0589842278639936","76","7"
"2.0588537563054374","77","7"
"2.058694193115582","78","7"
"2.0585443271361603","79","7"
"2.0583995301531006","80","7"
"2.058251427302848","81","7"
"2.0580942884156013","82","7"
"2.0579505933882727","83","7"
"2.0578494338521627","84","7"
"2.0578256316083725","85","7"
"2.0579532380820273","86","7"
"2.0583393633701856","87","7"
"2.058938606896728","88","7"
"2.0596440789557433","89","7"
"2.0602849764089193","90","7"
"2.060770718495164","91","7"
"2.0611136471186655","92","7"
"2.0613864913576725","93","7"
"2.061695038962365","94","7"
"2.0621285483469585","95","7"
"2.0627247063974536","96","7"
"2.0634713916008103","97","7"
"2.0643256276835165","98","7"
"2.0652413528960154","99","7"
"2.0661775744851116","100","7"
"2.067105861992944","101","7"
"2.0680094656924015","102","7"
"2.0688707542917864","103","7"
"2.069691490920269","104","7"
"2.0704943758659087","105","7"
"2.0713159940589763","106","7"
"2.07219711786152","107","7"
"2.073173450639226","108","7"
"2.0742714393296398","109","7"
"2.075504748183826","110","7"
"2.0768727160283453","111","7"
"2.0783713758225675","112","7"
"2.080005135389415","113","7"
"2.08177862294296","114","7"
"2.0836973482618557","115","7"
"2.085761752128396","116","7"
"2.0879603742029778","117","7"
"2.090268971459518","118","7"
"2.0926502977943073","119","7"
"2.0950490350296467","120","7"
"2.0973318465220805","121","7"
"2.099310077450453","122","7"
"2.100959044006389","123","7"
"2.1024400725089145","124","7"
"2.1039499722515926","125","7"
"2.1055753569548847","126","7"
"2.107308733319819","127","7"
"2.1090593001941578","128","7"
"2.1106580175687584","129","7"
"2.1119358454344788","130","7"
"2.1127336613837553","131","7"
"2.112913500559062","132","7"
"2.112472057093205","133","7"
"2.111346960291808","134","7"
"2.109376883835845","135","7"
"2.1062246292716167","136","7"
"2.1014223061957207","137","7"
"2.0943382735831224","138","7"
"2.084170968835059","139","7"
"2.0700227388130212","140","7"
"2.0509044680528223","141","7"
"2.025791778506883","142","7"
"1.9937211200839768","143","7"
"1.9543403077324617","144","7"
"1.9093273996395737","145","7"
"1.8645322379991403","146","7"
"1.8313900378233656","147","7"
"1.8259403157554805","148","7"
"1.8817458884738","149","7"
"2.0612370661605426","150","7"
"2.3771062851214615","151","7"
"2.726108888612307","152","7"
"2.9082725293379807","153","7"
"2.8305617296200754","154","7"
"2.586666308450093","155","7"
"2.4203979383624565","156","7"
"2.5175968251838996","157","7"
"2.748324316150182","158","7"
"2.934374775130399","159","7"
"3.0249601644363997","160","7"
"2.9990758854875823","161","7"
"2.884215954164675","162","7"
"2.7889362334444208","163","7"
"2.7889379965735905","164","7"
"2.8668727136960444","165","7"
"2.949380106320044","166","7"
"2.9767079472765308","167","7"
"2.9484703316684926","168","7"
"2.907953623349416","169","7"
"2.8937073192673153","170","7"
"2.9110150767614065","171","7"
"2.936385183166118","172","7"
"2.943623489581063","173","7"
"2.9281795800104615","174","7"
"2.907976544028622","175","7"
"2.9034023257890524","176","7"
"2.918389584904708","177","7"
"2.938236028011982","178","7"
"2.943461281697453","179","7"
"2.9273813232788926","180","7"
"2.901954576349605","181","7"
"2.886716071327271","182","7"
"2.8920178007404767","183","7"
"2.9116967465766312","184","7"
"2.9295208805262902","185","7"
"2.932702006330672","186","7"
"2.921254008631988","187","7"
"2.9060018393585887","188","7"
"2.89823239028128","189","7"
"2.900839176758641","190","7"
"2.907843207385165","191","7"
"2.911034691573419","192","7"
"2.907292449910789","193","7"
"2.9004603243783076","194","7"
"2.8969270135222835","195","7"
"2.899593526000267","196","7"
"2.9056749992887605","197","7"
"2.909634546621553","198","7"
"2.9080911474246505","199","7"
"2.902357451364875","200","7"
"2.896783098103809","201","7"
"2.894842333670292","202","7"
"2.896527885156499","203","7"
"2.8989751084440045","204","7"
"2.8993175962852136","205","7"
"2.8971260267273102","206","7"
"2.8944359323966826","207","7"
"2.8936416427057448","208","7"
"2.8953280757565367","209","7"
"2.8978843926614157","210","7"
"2.8990143380680298","211","7"
"2.897660254865721","212","7"
"2.8947045892039114","213","7"
"2.8920407214196824","214","7"
"2.8909824031355864","215","7"
"2.891389024800342","216","7"
"2.8920925133390414","217","7"
"2.892066066401496","218","7"
"2.8912671484964885","219","7"
"2.890499305743096","220","7"
"2.890540298496291","221","7"
"2.891392330667535","222","7"
"2.8922818293336348","223","7"
"2.892336927120187","224","7"
"2.8912946973897644","225","7"
"2.8896565299999923","226","7"
"2.8882402964944527","227","7"
"2.8875559819854737","228","7"
"2.887511022191647","229","7"
"2.8876399510121793","230","7"
"2.8875727317125857","231","7"
"2.8873186207210066","232","7"
"2.887154649708227","233","7"
"2.887289969871999","234","7"
"2.887621217764752","235","7"
"2.887789376209309","236","7"
"2.887472894523353","237","7"
"2.8866514967214316","238","7"
"2.8856141155962254","239","7"
"2.884737399616606","240","7"
"2.8842344670209568","241","7"
"2.8840559501925274","242","7"
"2.8840050398377532","243","7"
"2.883925699025118","244","7"
"2.883801618809802","245","7"
"2.883710597266418","246","7"
"2.883686574631481","247","7"
"2.883646463442871","248","7"
"2.883437973418557","249","7"
"2.8829606061958684","250","7"
"2.882270781908234","251","7"
"2.8815313696127025","252","7"
"2.8808992878053745","253","7"
"2.880423022538417","254","7"
"2.8800662092727043","255","7"
"2.8797797007826325","256","7"
"2.8795072973259184","257","7"
"2.8792249762676243","258","7"
"2.878936925039529","259","7"
"2.8786294793905673","260","7"
"2.878253712486281","261","7"
"2.8777430662005146","262","7"
"2.8770717547691618","263","7"
"2.8762798893808323","264","7"
"2.875437334028875","265","7"
"2.8746384161238674","266","7"
"2.873912888470547","267","7"
"2.873250833467335","268","7"
"2.8726304323907565","269","7"
"2.8720199489157574","270","7"
"2.8714753623934746","271","7"
"2.870978380358773","272","7"
"2.870523052250705","273","7"
"2.8700646386665905","274","7"
"2.8695211541000387","275","7"
"2.8688502834509784","276","7"
"2.868054230630871","277","7"
"2.867182142865322","278","7"
"2.8662996967159007","279","7"
"2.865456920972797","280","7"
"2.8647075910756863","281","7"
"2.8640164444411744","282","7"
"2.863326179371248","283","7"
"2.862579273776745","284","7"
"2.8617572148013855","285","7"
"2.860853390710782","286","7"
"2.859868903460666","287","7"
"2.8588176376932486","288","7"
"2.857707968272086","289","7"
"2.8565185172559957","290","7"
"2.855225482401187","291","7"
"2.8538354754420463","292","7"
"2.852396321257301","293","7"
"2.85095342042307","294","7"
"2.8495272693159515","295","7"
"2.8481202922385527","296","7"
"2.846719045330955","297","7"
"2.845297963220199","298","7"
"2.843828615448423","299","7"
"2.8422790452994273","300","7"
"2.825546729088088","1","8"
"2.5335875251882456","2","8"
"2.2985771730776823","3","8"
"2.259378403812936","4","8"
"2.310040377765455","5","8"
"2.3748408845295783","6","8"
"2.4285405096502974","7","8"
"2.448669273815865","8","8"
"2.4324229200819163","9","8"
"2.4004710524868167","10","8"
"2.374782260484687","11","8"
"2.365733000021342","12","8"
"2.3725574118637063","13","8"
"2.3881082111402185","14","8"
"2.403787718846117","15","8"
"2.413305310495156","16","8"
"2.414709202096508","17","8"
"2.4103712431656747","18","8"
"2.4047713245316484","19","8"
"2.4016702007133404","20","8"
"2.402488953821507","21","8"
"2.4063409502749495","22","8"
"2.411133796531558","23","8"
"2.4148681041129247","24","8"
"2.416525225141271","25","8"
"2.416288525050242","26","8"
"2.41515791847019","27","8"
"2.4143164650739637","28","8"
"2.4145406028696583","29","8"
"2.4159418497772553","30","8"
"2.4180734729433895","31","8"
"2.4202388159548938","32","8"
"2.4218366517649095","33","8"
"2.4225903894849448","34","8"
"2.4225943565255763","35","8"
"2.4222000767650083","36","8"
"2.4218291584659384","37","8"
"2.4218005076169313","38","8"
"2.4222384248244486","39","8"
"2.4230633488847095","40","8"
"2.4240656878176683","41","8"
"2.4250168960047067","42","8"
"2.4257492557835594","43","8"
"2.4262065674119433","44","8"
"2.4264236526909593","45","8"
"2.4264829379092894","46","8"
"2.4264692736582245","47","8"
"2.426530101614578","48","8"
"2.4267753969603088","49","8"
"2.427214195732411","50","8"
"2.427798011878719","51","8"
"2.4284430967636728","52","8"
"2.429136447309647","53","8"
"2.4299027473250154","54","8"
"2.4307629339686696","55","8"
"2.4316830670040925","56","8"
"2.4325946047848133","57","8"
"2.4334287852732146","58","8"
"2.4341393263285926","59","8"
"2.434724685212924","60","8"
"2.43524987731434","61","8"
"2.4357865297553594","62","8"
"2.436364836123012","63","8"
"2.437017193915791","64","8"
"2.4377991417025404","65","8"
"2.4387845105172414","66","8"
"2.4400015104266077","67","8"
"2.4414058428102523","68","8"
"2.4428703419768114","69","8"
"2.4442945095636146","70","8"
"2.4456278759981793","71","8"
"2.446869780107068","72","8"
"2.4480512970418946","73","8"
"2.449228626544943","74","8"
"2.4500343765754837","75","8"
"2.4502838593529925","76","8"
"2.4500096927671082","77","8"
"2.449464445071387","78","8"
"2.449521526378255","79","8"
"2.4505007242408623","80","8"
"2.4524895339442527","81","8"
"2.4551062380231934","82","8"
"2.4579175474842363","83","8"
"2.4606429043982576","84","8"
"2.4631926095687504","85","8"
"2.4656147082655884","86","8"
"2.468076036586451","87","8"
"2.47073351302744","88","8"
"2.4737125401507485","89","8"
"2.477048600930915","90","8"
"2.4806469271750706","91","8"
"2.484364264638179","92","8"
"2.487881707331676","93","8"
"2.4909894428843704","94","8"
"2.493764828588581","95","8"
"2.4964152525128913","96","8"
"2.4991304714341873","97","8"
"2.5020643183725224","98","8"
"2.505293709837924","99","8"
"2.5087747879922966","100","8"
"2.512359229594241","101","8"
"2.5158724848559597","102","8"
"2.5192074436803957","103","8"
"2.5223508825987757","104","8"
"2.5253486429695116","105","8"
"2.528251194365085","106","8"
"2.53111760161268","107","8"
"2.5339904002035154","108","8"
"2.536871353266761","109","8"
"2.5397478985070814","110","8"
"2.5426109998874837","111","8"
"2.5454549272381657","112","8"
"2.548275933909642","113","8"
"2.551065204256064","114","8"
"2.553806208941466","115","8"
"2.5564850633236373","116","8"
"2.559122043388029","117","8"
"2.56169687314919","118","8"
"2.5641978718763703","119","8"
"2.5666382630383433","120","8"
"2.5690438323992155","121","8"
"2.571394083582389","122","8"
"2.5736925428462034","123","8"
"2.5759290721979333","124","8"
"2.5781102833719642","125","8"
"2.5802511629662392","126","8"
"2.5823574411505597","127","8"
"2.584409503112912","128","8"
"2.5863738493990738","129","8"
"2.588231085588178","130","8"
"2.5899849583297097","131","8"
"2.5916632369080914","132","8"
"2.5933014042978635","133","8"
"2.5949287725214716","134","8"
"2.596555920353933","135","8"
"2.598176236060862","136","8"
"2.599772969915147","137","8"
"2.601326727495921","138","8"
"2.602825387290143","139","8"
"2.60426674538635","140","8"
"2.6056450716147417","141","8"
"2.6069603659753176","142","8"
"2.6082152731618318","143","8"
"2.609431832288906","144","8"
"2.610628115430529","145","8"
"2.611807869236186","146","8"
"2.612949495373549","147","8"
"2.614046382108232","148","8"
"2.615108226650667","149","8"
"2.616132825089393","150","8"
"2.6171159899926315","151","8"
"2.618057060186944","152","8"
"2.6189562560634774","153","8"
"2.6198100513638916","154","8"
"2.6206118343538","155","8"
"2.621355874863402","156","8"
"2.622039968981235","157","8"
"2.622670728441685","158","8"
"2.623256968890601","159","8"
"2.6238112526233173","160","8"
"2.6243428360679735","161","8"
"2.624854363918325","162","8"
"2.6253451750009322","163","8"
"2.6258121838397495","164","8"
"2.6262454728331965","165","8"
"2.6266421768963726","166","8"
"2.626997888206354","167","8"
"2.6273121659808485","168","8"
"2.627592503518826","169","8"
"2.62784286786092","170","8"
"2.628066785265468","171","8"
"2.628268663555396","172","8"
"2.6284526901624803","173","8"
"2.628622170953915","174","8"
"2.628776885538554","175","8"
"2.628915291178373","176","8"
"2.6290347431796186","177","8"
"2.629134139586559","178","8"
"2.6292128192257556","179","8"
"2.6292707820972083","180","8"
"2.629306044680602","181","8"
"2.629319929322813","182","8"
"2.6293128768061345","183","8"
"2.6292899561269287","184","8"
"2.6292540323700964","185","8"
"2.6292064278825156","186","8"
"2.6291506689225246","187","8"
"2.6290876370547087","188","8"
"2.629018434234799","189","8"
"2.6289390934221637","190","8"
"2.6288482922699257","191","8"
"2.6287438268666223","192","8"
"2.6286243748653773","193","8"
"2.6284890547016047","194","8"
"2.6283407314602063","195","8"
"2.6281802867057658","196","8"
"2.628011907870062","197","8"
"2.627836696908826","198","8"
"2.627657739298104","199","8"
"2.6274743738644584","200","8"
"2.627286380216742","201","8"
"2.627090672878908","202","8"
"2.6268890149801267","203","8"
"2.6266796433912285","204","8"
"2.626461896938774","205","8"
"2.626234453275886","206","8"
"2.62599819396715","207","8"
"2.625755984097466","208","8"
"2.625508484840273","209","8"
"2.6252559165867178","210","8"
"2.624996956989922","211","8"
"2.624733589570202","212","8"
"2.624465593936412","213","8"
"2.624193851653136","214","8"
"2.6239199054583984","215","8"
"2.6236428737876136","216","8"
"2.6233616546850507","217","8"
"2.623081537538219","218","8"
"2.6228124399486976","219","8"
"2.6225614144331657","220","8"
"2.622325816297868","221","8"
"2.622094846376641","222","8"
"2.6218583666767588","223","8"
"2.6216102062461273","224","8"
"2.6213505854758927","225","8"
"2.621081928668664","226","8"
"2.6208095252119494","227","8"
"2.6205371217552353","228","8"
"2.6202662610365444","229","8"
"2.619999367358485","230","8"
"2.619732473680426","231","8"
"2.6194633760909043","232","8"
"2.6191883279404355","233","8"
"2.6189055660998495","234","8"
"2.618611123528514","235","8"
"2.6182997108389205","236","8"
"2.6179759562451395","237","8"
"2.61764977734875","238","8"
"2.617326243146115","239","8"
"2.6170049128549424","240","8"
"2.616686227257524","241","8"
"2.6163666600955207","242","8"
"2.6160426851105933","243","8"
"2.6157090129152327","244","8"
"2.61536035412193","245","8"
"2.6149918601254685","246","8"
"2.6146041920992866","247","8"
"2.614203741386625","248","8"
"2.613797780895308","249","8"
"2.613391159230552","250","8"
"2.6129849783480887","251","8"
"2.6125757119895785","252","8"
"2.6121604950701207","253","8"
"2.6117419722834696","254","8"
"2.611316617371286","255","8"
"2.6108811244663768","256","8"
"2.610434391613011","257","8"
"2.6099766392023347","258","8"
"2.6095094099723717","259","8"
"2.609032703923121","260","8"
"2.6085485045749","261","8"
"2.608058795448023","262","8"
"2.607564017324784","263","8"
"2.607062186684866","264","8"
"2.6065519811813918","265","8"
"2.606030315338315","266","8"
"2.605496968764489","267","8"
"2.6049512802864756","268","8"
"2.604395013033444","269","8"
"2.603829048569979","270","8"
"2.6032533868960805","271","8"
"2.602668468794042","272","8"
"2.6020747350461546","273","8"
"2.6014748303461737","274","8"
"2.6008678731295136","275","8"
"2.6002529818315905","276","8"
"2.599626409802918","277","8"
"2.598986393914327","278","8"
"2.598334917686133","279","8"
"2.597672201509482","280","8"
"2.596999347340106","281","8"
"2.596317677524881","282","8"
"2.5956267512815154","283","8"
"2.594927009392302","284","8"
"2.5942171295103624","285","8"
"2.593498654373721","286","8"
"2.5927720247646695","287","8"
"2.5920343755983075","288","8"
"2.591287470003805","289","8"
"2.590529324460846","290","8"
"2.5897619224897457","291","8"
"2.5889843825259202","292","8"
"2.5881960433959303","293","8"
"2.587396243926338","294","8"
"2.586586306464019","295","8"
"2.5857675533558524","296","8"
"2.5849397642106915","297","8"
"2.584101396290512","298","8"
"2.5832511272484373","299","8"
"2.5823847696526894","300","8"
"2.6032807153982107","1","9"
"2.225089508503435","2","9"
"1.932692167004929","3","9"
"1.8450811766081658","4","9"
"1.8779207797401956","5","9"
"1.9597359237739524","6","9"
"2.0517014024375144","7","9"
"2.1237563041702563","8","9"
"2.1568464920355255","9","9"
"2.1500511718244613","10","9"
"2.1182011249389103","11","9"
"2.0811313341465434","12","9"
"2.0536840411888115","13","9"
"2.041914492807808","14","9"
"2.0444124060589415","15","9"
"2.0556437592609025","16","9"
"2.069179081505333","17","9"
"2.079998523655029","18","9"
"2.0856312805698405","19","9"
"2.0861183450029626","20","9"
"2.08319133019016","21","9"
"2.079112110464976","22","9"
"2.075716984857625","23","9"
"2.0739265271858227","24","9"
"2.0737583687412653","25","9"
"2.0746617520495763","26","9"
"2.075958313162724","27","9"
"2.0771744315075056","28","9"
"2.078171921835248","29","9"
"2.07907464397012","30","9"
"2.080092410283314","31","9"
"2.081345554340659","32","9"
"2.0828082903780483","33","9"
"2.0843486040989037","34","9"
"2.0858115605274397","35","9"
"2.0870662473228077","36","9"
"2.088019439030162","37","9"
"2.088619123338997","38","9"
"2.0887877225658467","39","9"
"2.088500773293483","40","9"
"2.0878850004309744","41","9"
"2.0871378744453257","42","9"
"2.0864268926076552","43","9"
"2.085880322565057","44","9"
"2.085601307373956","45","9"
"2.0856705101938657","46","9"
"2.086137959814975","47","9"
"2.0869880084659034","48","9"
"2.08812302286888","49","9"
"2.0893799135757107","50","9"
"2.0905521740823967","51","9"
"2.091471645944381","52","9"
"2.0920481891828637","53","9"
"2.0922540345134233","54","9"
"2.0921418554200026","55","9"
"2.091798486014209","56","9"
"2.0913319179576844","57","9"
"2.090841327266223","58","9"
"2.0904062751436063","59","9"
"2.0900743660774155","60","9"
"2.0898775567838506","61","9"
"2.0898519914108906","62","9"
"2.0900391034940218","63","9"
"2.090467984664545","64","9"
"2.091134006708389","65","9"
"2.091992209831727","66","9"
"2.0929562007052454","67","9"
"2.093910935150623","68","9"
"2.094739605860369","69","9"
"2.095355158331731","70","9"
"2.095722991154754","71","9"
"2.0958627191414507","72","9"
"2.0958353906393206","73","9"
"2.095721007634438","74","9"
"2.0955980293748535","75","9"
"2.095529928510675","76","9"
"2.0955590201419745","77","9"
"2.095708886121397","78","9"
"2.0959892236593745","79","9"
"2.0964022366673705","80","9"
"2.096945500842776","81","9"
"2.097605792716818","82","9"
"2.098357106134245","83","9"
"2.0991571259949837","84","9"
"2.099947007862997","85","9"
"2.100665703390785","86","9"
"2.1012662692642046","87","9"
"2.101729090671244","88","9"
"2.102061220128581","89","9"
"2.102294614352416","90","9"
"2.1024762166568927","91","9"
"2.102655835441053","92","9"
"2.1028768877607007","93","9"
"2.103168244855989","94","9"
"2.1035409262842286","95","9"
"2.1039929485251037","96","9"
"2.1045130716301568","97","9"
"2.1050671349717267","98","9"
"2.1056187740106878","99","9"
"2.1061510186287826","100","9"
"2.106650865748385","101","9"
"2.107108618159061","102","9"
"2.107515019432671","103","9"
"2.10786389861712","104","9"
"2.108153051800946","105","9"
"2.1083844625044654","106","9"
"2.108556808380801","107","9"
"2.108632622935097","108","9"
"2.1086070575621365","109","9"
"2.1085118485869745","110","9"
"2.1084181823498356","111","9"
"2.1083826993752957","112","9"
"2.1084254552576605","113","9"
"2.1085532821224615","114","9"
"2.1087251872165047","115","9"
"2.1089083322590043","116","9"
"2.1090544515889413","117","9"
"2.109131147707822","118","9"
"2.1091099901577857","119","9"
"2.108956377528878","120","9"
"2.1086416589720915","121","9"
"2.1081208746935993","122","9"
"2.107426642583041","123","9"
"2.106642490884829","124","9"
"2.105825721296978","125","9"
"2.1050069681888113","126","9"
"2.1042020997228557","127","9"
"2.1034186091980827","128","9"
"2.1026584801348074","129","9"
"2.1019173047101063","130","9"
"2.1011836225843763","131","9"
"2.1004334111226806","132","9"
"2.0996309669593334","133","9"
"2.098735517732286","134","9"
"2.0977073930352206","135","9"
"2.0965139749784982","136","9"
"2.0951352079678145","137","9"
"2.0935404576338454","138","9"
"2.0917178228546964","139","9"
"2.089715569291387","140","9"
"2.0875898966862003","141","9"
"2.0853632849360504","142","9"
"2.0829592583132017","143","9"
"2.0802773184549834","144","9"
"2.077242091589392","145","9"
"2.0738147888746945","146","9"
"2.069946703867579","147","9"
"2.0655756862648147","148","9"
"2.0606331944199296","149","9"
"2.055046719645822","150","9"
"2.0487342764361016","151","9"
"2.0416041820739457","152","9"
"2.0335718063592094","153","9"
"2.024536430538076","154","9"
"2.0143931484249498","155","9"
"2.0030381557899655","156","9"
"1.9903771252225464","157","9"
"1.976371488272106","158","9"
"1.9610873622825065","159","9"
"1.9447464607468343","160","9"
"1.9278060952934737","161","9"
"1.911004796653371","162","9"
"1.8954257873101439","163","9"
"1.8825719144897919","164","9"
"1.8744070836961841","165","9"
"1.8730834144720525","166","9"
"1.8805877330004714","167","9"
"1.8978027058220086","168","9"
"1.9220552087242941","169","9"
"1.9428837147790754","170","9"
"1.9370819178551213","171","9"
"1.8721317655027216","172","9"
"1.737750247622053","173","9"
"1.6035464752008022","174","9"
"1.6234104394041993","175","9"
"1.8998845205890995","176","9"
"2.2025009587550284","177","9"
"2.135830212724174","178","9"
"1.889958323754989","179","9"
"1.901413373970352","180","9"
"2.1267553868878695","181","9"
"2.314698785422876","182","9"
"2.419138623353018","183","9"
"2.5098507375680894","184","9"
"2.455608509445404","185","9"
"2.2039379090283115","186","9"
"1.9415875944482197","187","9"
"1.8240185049605375","188","9"
"1.8326717225341445","189","9"
"1.8880986632632768","190","9"
"1.9549029663287336","191","9"
"2.0430259253581404","192","9"
"2.1500031265545876","193","9"
"2.235681506990243","194","9"
"2.273112739262393","195","9"
"2.303312938027423","196","9"
"2.3813953172178364","197","9"
"2.5010712358677045","198","9"
"2.5803322669080444","199","9"
"2.539824594625962","200","9"
"2.4084619946660655","201","9"
"2.2788021367017803","202","9"
"2.195823768198332","203","9"
"2.149730502706727","204","9"
"2.1268739573245297","205","9"
"2.1347994433333546","206","9"
"2.1837705764121575","207","9"
"2.266913577101824","208","9"
"2.364373186649232","209","9"
"2.4541556910095936","210","9"
"2.517945263586056","211","9"
"2.545788599433526","212","9"
"2.53792305981647","213","9"
"2.5025097288790112","214","9"
"2.4516908364303913","215","9"
"2.398430230472921","216","9"
"2.353775678383769","217","9"
"2.324788953269766","218","9"
"2.313949455525765","219","9"
"2.320125256224836","220","9"
"2.339915719980972","221","9"
"2.36851962567401","222","9"
"2.4003694521684147","223","9"
"2.4297147536772994","224","9"
"2.4515550754843263","225","9"
"2.4627575574461336","226","9"
"2.462703341224166","227","9"
"2.453202278911093","228","9"
"2.43776255677227","229","9"
"2.4205550772497038","230","9"
"2.4054430767452937","231","9"
"2.395282604122763","232","9"
"2.391570335656017","233","9"
"2.394414263006699","234","9"
"2.4027485745917416","235","9"
"2.414692011587104","236","9"
"2.42797410440454","237","9"
"2.4403512711756417","238","9"
"2.4499951469514585","239","9"
"2.4557887894030026","240","9"
"2.4574743408892097","241","9"
"2.4556118153125968","242","9"
"2.4513730323975578","243","9"
"2.4462313069565","244","9"
"2.441619842613221","245","9"
"2.438661532257657","246","9"
"2.437998816081006","247","9"
"2.4397513664756607","248","9"
"2.443568761519148","249","9"
"2.4487673478759278","250","9"
"2.4544948729836094","251","9"
"2.4598953376303165","252","9"
"2.4642952264732343","253","9"
"2.4673055491393043","254","9"
"2.4688542377237153","255","9"
"2.469156614376314","256","9"
"2.468635609706676","257","9"
"2.467811346819854","258","9"
"2.4671865379203513","259","9"
"2.467148410252057","260","9"
"2.46791272674711","261","9"
"2.469506375125348","262","9"
"2.4717702329792077","263","9"
"2.474441594062408","264","9"
"2.4772134535082793","265","9"
"2.4797953357861187","266","9"
"2.4819613399710616","267","9"
"2.483592234453009","268","9"
"2.484685594929352","269","9"
"2.485340156633593","270","9"
"2.4857262819217514","271","9"
"2.4860350499175903","272","9"
"2.4864317539807663","273","9"
"2.4870347441567944","274","9"
"2.487904628010882","275","9"
"2.48904360945449","276","9"
"2.4903741108041544","277","9"
"2.4917940909591794","278","9"
"2.493176825010495","279","9"
"2.494411896993851","280","9"
"2.4954371566060156","281","9"
"2.4962393803782166","282","9"
"2.4968463375948766","283","9"
"2.497311142522231","284","9"
"2.49770189602446","285","9"
"2.4980871397480335","286","9"
"2.498526158911282","287","9"
"2.4990639133080323","288","9"
"2.4997096593664248","289","9"
"2.5004327627171365","290","9"
"2.5011915694335345","291","9"
"2.501945527544716","292","9"
"2.5026578317292634","293","9"
"2.503299390355878","294","9"
"2.5038521313505706","295","9"
"2.504314511975317","296","9"
"2.504700196481183","297","9"
"2.5050316647650814","298","9"
"2.505337788067166","299","9"
"2.50564567449842","300","9"
"2.825546729088088","1","10"
"2.5335875251882456","2","10"
"2.2985771730776823","3","10"
"2.259378403812936","4","10"
"2.310040377765455","5","10"
"2.3748408845295783","6","10"
"2.4285405096502974","7","10"
"2.448669273815865","8","10"
"2.4324229200819163","9","10"
"2.4004710524868167","10","10"
"2.374782260484687","11","10"
"2.365733000021342","12","10"
"2.3725574118637063","13","10"
"2.3881082111402185","14","10"
"2.403787718846117","15","10"
"2.413305310495156","16","10"
"2.414709202096508","17","10"
"2.4103712431656747","18","10"
"2.4047713245316484","19","10"
"2.4016702007133404","20","10"
"2.402488953821507","21","10"
"2.4063409502749495","22","10"
"2.411133796531558","23","10"
"2.4148681041129247","24","10"
"2.416525225141271","25","10"
"2.416288525050242","26","10"
"2.41515791847019","27","10"
"2.4143164650739637","28","10"
"2.4145406028696583","29","10"
"2.4159418497772553","30","10"
"2.4180734729433895","31","10"
"2.4202388159548938","32","10"
"2.4218366517649095","33","10"
"2.4225903894849448","34","10"
"2.4225943565255763","35","10"
"2.4222000767650083","36","10"
"2.4218291584659384","37","10"
"2.4218005076169313","38","10"
"2.4222384248244486","39","10"
"2.4230633488847095","40","10"
"2.4240656878176683","41","10"
"2.4250168960047067","42","10"
"2.4257492557835594","43","10"
"2.4262065674119433","44","10"
"2.4264236526909593","45","10"
"2.4264829379092894","46","10"
"2.4264692736582245","47","10"
"2.426530101614578","48","10"
"2.4267753969603088","49","10"
"2.427214195732411","50","10"
"2.427798011878719","51","10"
"2.4284430967636728","52","10"
"2.429136447309647","53","10"
"2.4299027473250154","54","10"
"2.4307629339686696","55","10"
"2.4316830670040925","56","10"
"2.4325946047848133","57","10"
"2.4334287852732146","58","10"
"2.4341393263285926","59","10"
"2.434724685212924","60","10"
"2.43524987731434","61","10"
"2.4357865297553594","62","10"
"2.436364836123012","63","10"
"2.437017193915791","64","10"
"2.4377991417025404","65","10"
"2.4387845105172414","66","10"
"2.4400015104266077","67","10"
"2.4414058428102523","68","10"
"2.4428703419768114","69","10"
"2.4442945095636146","70","10"
"2.4456278759981793","71","10"
"2.446869780107068","72","10"
"2.4480512970418946","73","10"
"2.449228626544943","74","10"
"2.4500343765754837","75","10"
"2.4502838593529925","76","10"
"2.4500096927671082","77","10"
"2.449464445071387","78","10"
"2.449521526378255","79","10"
"2.4505007242408623","80","10"
"2.4524895339442527","81","10"
"2.4551062380231934","82","10"
"2.4579175474842363","83","10"
"2.4606429043982576","84","10"
"2.4631926095687504","85","10"
"2.4656147082655884","86","10"
"2.468076036586451","87","10"
"2.47073351302744","88","10"
"2.4737125401507485","89","10"
"2.477048600930915","90","10"
"2.4806469271750706","91","10"
"2.484364264638179","92","10"
"2.487881707331676","93","10"
"2.4909894428843704","94","10"
"2.493764828588581","95","10"
"2.4964152525128913","96","10"
"2.4991304714341873","97","10"
"2.5020643183725224","98","10"
"2.505293709837924","99","10"
"2.5087747879922966","100","10"
"2.512359229594241","101","10"
"2.5158724848559597","102","10"
"2.5192074436803957","103","10"
"2.5223508825987757","104","10"
"2.5253486429695116","105","10"
"2.528251194365085","106","10"
"2.53111760161268","107","10"
"2.5339904002035154","108","10"
"2.536871353266761","109","10"
"2.5397478985070814","110","10"
"2.5426109998874837","111","10"
"2.5454549272381657","112","10"
"2.548275933909642","113","10"
"2.551065204256064","114","10"
"2.553806208941466","115","10"
"2.5564850633236373","116","10"
"2.559122043388029","117","10"
"2.56169687314919","118","10"
"2.5641978718763703","119","10"
"2.5666382630383433","120","10"
"2.5690438323992155","121","10"
"2.571394083582389","122","10"
"2.5736925428462034","123","10"
"2.5759290721979333","124","10"
"2.5781102833719642","125","10"
"2.5802511629662392","126","10"
"2.5823574411505597","127","10"
"2.584409503112912","128","10"
"2.5863738493990738","129","10"
"2.588231085588178","130","10"
"2.5899849583297097","131","10"
"2.5916632369080914","132","10"
"2.5933014042978635","133","10"
"2.5949287725214716","134","10"
"2.596555920353933","135","10"
"2.598176236060862","136","10"
"2.599772969915147","137","10"
"2.601326727495921","138","10"
"2.602825387290143","139","10"
"2.60426674538635","140","10"
"2.6056450716147417","141","10"
"2.6069603659753176","142","10"
"2.6082152731618318","143","10"
"2.609431832288906","144","10"
"2.610628115430529","145","10"
"2.611807869236186","146","10"
"2.612949495373549","147","10"
"2.614046382108232","148","10"
"2.615108226650667","149","10"
"2.616132825089393","150","10"
"2.6171159899926315","151","10"
"2.618057060186944","152","10"
"2.6189562560634774","153","10"
"2.6198100513638916","154","10"
"2.6206118343538","155","10"
"2.621355874863402","156","10"
"2.622039968981235","157","10"
"2.622670728441685","158","10"
"2.623256968890601","159","10"
"2.6238112526233173","160","10"
"2.6243428360679735","161","10"
"2.624854363918325","162","10"
"2.6253451750009322","163","10"
"2.6258121838397495","164","10"
"2.6262454728331965","165","10"
"2.6266421768963726","166","10"
"2.626997888206354","167","10"
"2.6273121659808485","168","10"
"2.627592503518826","169","10"
"2.62784286786092","170","10"
"2.628066785265468","171","10"
"2.628268663555396","172","10"
"2.6284526901624803","173","10"
"2.628622170953915","174","10"
"2.628776885538554","175","10"
"2.628915291178373","176","10"
"2.6290347431796186","177","10"
"2.629134139586559","178","10"
"2.6292128192257556","179","10"
"2.6292707820972083","180","10"
"2.629306044680602","181","10"
"2.629319929322813","182","10"
"2.6293128768061345","183","10"
"2.6292899561269287","184","10"
"2.6292540323700964","185","10"
"2.6292064278825156","186","10"
"2.6291506689225246","187","10"
"2.6290876370547087","188","10"
"2.629018434234799","189","10"
"2.6289390934221637","190","10"
"2.6288482922699257","191","10"
"2.6287438268666223","192","10"
"2.6286243748653773","193","10"
"2.6284890547016047","194","10"
"2.6283407314602063","195","10"
"2.6281802867057658","196","10"
"2.628011907870062","197","10"
"2.627836696908826","198","10"
"2.627657739298104","199","10"
"2.6274743738644584","200","10"
"2.627286380216742","201","10"
"2.627090672878908","202","10"
"2.6268890149801267","203","10"
"2.6266796433912285","204","10"
"2.626461896938774","205","10"
"2.626234453275886","206","10"
"2.62599819396715","207","10"
"2.625755984097466","208","10"
"2.625508484840273","209","10"
"2.6252559165867178","210","10"
"2.624996956989922","211","10"
"2.624733589570202","212","10"
"2.624465593936412","213","10"
"2.624193851653136","214","10"
"2.6239199054583984","215","10"
"2.6236428737876136","216","10"
"2.6233616546850507","217","10"
"2.623081537538219","218","10"
"2.6228124399486976","219","10"
"2.6225614144331657","220","10"
"2.622325816297868","221","10"
"2.622094846376641","222","10"
"2.6218583666767588","223","10"
"2.6216102062461273","224","10"
"2.6213505854758927","225","10"
"2.621081928668664","226","10"
"2.6208095252119494","227","10"
"2.6205371217552353","228","10"
"2.6202662610365444","229","10"
"2.619999367358485","230","10"
"2.619732473680426","231","10"
"2.6194633760909043","232","10"
"2.6191883279404355","233","10"
"2.6189055660998495","234","10"
"2.618611123528514","235","10"
"2.6182997108389205","236","10"
"2.6179759562451395","237","10"
"2.61764977734875","238","10"
"2.617326243146115","239","10"
"2.6170049128549424","240","10"
"2.616686227257524","241","10"
"2.6163666600955207","242","10"
"2.6160426851105933","243","10"
"2.6157090129152327","244","10"
"2.61536035412193","245","10"
"2.6149918601254685","246","10"
"2.6146041920992866","247","10"
"2.614203741386625","248","10"
"2.613797780895308","249","10"
"2.613391159230552","250","10"
"2.6129849783480887","251","10"
"2.6125757119895785","252","10"
"2.6121604950701207","253","10"
"2.6117419722834696","254","10"
"2.611316617371286","255","10"
"2.6108811244663768","256","10"
"2.610434391613011","257","10"
"2.6099766392023347","258","10"
"2.6095094099723717","259","10"
"2.609032703923121","260","10"
"2.6085485045749","261","10"
"2.608058795448023","262","10"
"2.607564017324784","263","10"
"2.607062186684866","264","10"
"2.6065519811813918","265","10"
"2.606030315338315","266","10"
"2.605496968764489","267","10"
"2.6049512802864756","268","10"
"2.604395013033444","269","10"
"2.603829048569979","270","10"
"2.6032533868960805","271","10"
"2.602668468794042","272","10"
"2.6020747350461546","273","10"
"2.6014748303461737","274","10"
"2.6008678731295136","275","10"
"2.6002529818315905","276","10"
"2.599626409802918","277","10"
"2.598986393914327","278","10"
"2.598334917686133","279","10"
"2.597672201509482","280","10"
"2.596999347340106","281","10"
"2.596317677524881","282","10"
"2.5956267512815154","283","10"
"2.594927009392302","284","10"
"2.5942171295103624","285","10"
"2.593498654373721","286","10"
"2.5927720247646695","287","10"
"2.5920343755983075","288","10"
"2.591287470003805","289","10"
"2.590529324460846","290","10"
"2.5897619224897457","291","10"
"2.5889843825259202","292","10"
"2.5881960433959303","293","10"
"2.587396243926338","294","10"
"2.586586306464019","295","10"
"2.5857675533558524","296","10"
"2.5849397642106915","297","10"
"2.584101396290512","298","10"
"2.5832511272484373","299","10"
"2.5823847696526894","300","10"
"2.605125830074273","1","11"
"2.2271197517423134","2","11"
"1.936966653285654","3","11"
"1.8536918586905544","4","11"
"1.8899248243007651","5","11"
"1.9758147802367818","6","11"
"2.0742630644660838","7","11"
"2.1547245660798247","8","11"
"2.1959095003542073","9","11"
"2.19433789109059","10","11"
"2.163770520675976","11","11"
"2.1245633765476737","12","11"
"2.093044357163729","13","11"
"2.0766225720773983","14","11"
"2.07476269119454","15","11"
"2.082369491605946","16","11"
"2.0931102541164455","17","11"
"2.1018544932334366","18","11"
"2.106227494356517","19","11"
"2.106590037792031","20","11"
"2.105000136063279","21","11"
"2.1039634161115113","22","11"
"2.1053622387165003","23","11"
"2.1100120511192197","24","11"
"2.1175322378101655","25","11"
"2.1266143365542955","26","11"
"2.1356098215779653","27","11"
"2.143133754918397","28","11"
"2.1484643555717557","29","11"
"2.1516150673979606","30","11"
"2.153172351237074","31","11"
"2.1540307747515586","32","11"
"2.155027383514716","33","11"
"2.1567473160197315","34","11"
"2.1594574659446644","35","11"
"2.162989234062665","36","11"
"2.1669979286210617","37","11"
"2.1713850347775","38","11"
"2.176480918860146","39","11"
"2.1826703838102817","40","11"
"2.190083240013024","41","11"
"2.198535240470142","42","11"
"2.207549899523532","43","11"
"2.216445547357969","44","11"
"2.224057196374592","45","11"
"2.229481904047382","46","11"
"2.232215195042667","47","11"
"2.232355363811656","48","11"
"2.2295801984985912","49","11"
"2.2236867188578144","50","11"
"2.215251027345516","51","11"
"2.20552803114821","52","11"
"2.195628942425083","53","11"
"2.186082920318183","54","11"
"2.176894152259288","55","11"
"2.1677540906437054","56","11"
"2.1586215223270937","57","11"
"2.1498907270700207","58","11"
"2.142178800081873","59","11"
"2.1359002971086687","60","11"
"2.13098072594299","61","11"
"2.1271869127521468","62","11"
"2.124120831126086","63","11"
"2.1213066565801424","64","11"
"2.1183091166005528","65","11"
"2.114731727515287","66","11"
"2.1104347613376486","67","11"
"2.105255569401735","68","11"
"2.0991535997366446","69","11"
"2.092222298188369","70","11"
"2.0848292771887857","71","11"
"2.077664801807821","72","11"
"2.070939565981251","73","11"
"2.0647163811857454","74","11"
"2.0588493484825134","75","11"
"2.0531447440540376","76","11"
"2.047363002724389","77","11"
"2.041660161425083","78","11"
"2.037475815123157","79","11"
"2.035192342457285","80","11"
"2.034899001841681","81","11"
"2.036016825735253","82","11"
"2.0376406677005217","83","11"
"2.0390031257663863","84","11"
"2.040157314199083","85","11"
"2.0422468426562914","86","11"
"2.0472680141403727","87","11"
"2.0582864694950955","88","11"
"2.0781251989122516","89","11"
"2.1085422625651513","90","11"
"2.149574686166357","91","11"
"2.1983842725349887","92","11"
"2.249895854356144","93","11"
"2.2968266062033433","94","11"
"2.332024174208664","95","11"
"2.350967895181065","96","11"
"2.352788546439898","97","11"
"2.340447303425629","98","11"
"2.319464743959647","99","11"
"2.2953982511847624","100","11"
"2.2710388585765657","101","11"
"2.2454922188637405","102","11"
"2.2145537097589103","103","11"
"2.1717905544865244","104","11"
"2.1093823936145","105","11"
"2.018392806946352","106","11"
"1.890590846344609","107","11"
"1.725848133966605","108","11"
"1.5421464936271112","109","11"
"1.3821457171509417","110","11"
"1.3000782252547753","111","11"
"1.343403047363275","112","11"
"1.534021223044248","113","11"
"1.815605293345152","114","11"
"1.996564165870074","115","11"
"1.9087903064162621","116","11"
"1.6583513619197594","117","11"
"1.5311830258633676","118","11"
"1.6855476293619593","119","11"
"2.0158338453477183","120","11"
"2.275265299587417","121","11"
"2.357522327869323","122","11"
"2.3755441526771315","123","11"
"2.3865518088656903","124","11"
"2.30136203560118","125","11"
"2.1512302644566796","126","11"
"2.065512874788145","127","11"
"2.100637272932924","128","11"
"2.213686029816285","129","11"
"2.318322677039992","130","11"
"2.3611477622244625","131","11"
"2.342126022786303","132","11"
"2.283935707670428","133","11"
"2.20405251242434","134","11"
"2.1161457571093645","135","11"
"2.0380107044350066","136","11"
"1.9930597262542034","137","11"
"1.9995376832147267","138","11"
"2.069966539070738","139","11"
"2.1943497922124857","140","11"
"2.3251631774360293","141","11"
"2.418970024126168","142","11"
"2.474914773853319","143","11"
"2.499450920160775","144","11"
"2.4760541960792195","145","11"
"2.396467426924783","146","11"
"2.2928928446346575","147","11"
"2.2232748078055495","148","11"
"2.2259036333975315","149","11"
"2.280138368221246","150","11"
"2.340376778258842","151","11"
"2.4146527819630785","152","11"
"2.5510524215695836","153","11"
"2.720662362216042","154","11"
"2.8043616301587404","155","11"
"2.7234688230718684","156","11"
"2.5475786163230363","157","11"
"2.3865859694933524","158","11"
"2.2791369108528716","159","11"
"2.2254862125666115","160","11"
"2.21701812355582","161","11"
"2.2428252656034644","162","11"
"2.2950116851143116","163","11"
"2.366014219123905","164","11"
"2.446057418342141","165","11"
"2.5226153519742267","166","11"
"2.5823585431062908","167","11"
"2.61431041070139","168","11"
"2.613575185837637","169","11"
"2.5831687009597553","170","11"
"2.5329825514919015","171","11"
"2.476455087574174","172","11"
"2.426321391199118","173","11"
"2.3914663110350065","174","11"
"2.3758634994479886","175","11"
"2.378990409030403","176","11"
"2.397146452046253","177","11"
"2.4248304450950138","178","11"
"2.4558738603854393","179","11"
"2.4843717579371503","180","11"
"2.5055187291982035","181","11"
"2.5163315596135134","182","11"
"2.516056511463044","183","11"
"2.5061340612784195","184","11"
"2.489687592383713","185","11"
"2.470692299883099","186","11"
"2.4530634324889813","187","11"
"2.4398946207206964","188","11"
"2.432980289290679","189","11"
"2.432690915715707","190","11"
"2.438139205241141","191","11"
"2.4475362429332037","192","11"
"2.4586318351890997","193","11"
"2.4691696174539404","194","11"
"2.477276485376095","195","11"
"2.481758359725403","196","11"
"2.482238812424139","197","11"
"2.4791392313438543","198","11"
"2.4735018462149725","199","11"
"2.4667100522622474","200","11"
"2.460171928518809","201","11"
"2.4550513606277873","202","11"
"2.4520857773643976","203","11"
"2.4515096749082073","204","11"
"2.453089879426526","205","11"
"2.456231995998029","206","11"
"2.4601408533671933","207","11"
"2.463988001215419","208","11"
"2.4670662043545213","209","11"
"2.4689016218201503","210","11"
"2.4693128716989765","211","11"
"2.4684066233057647","212","11"
"2.466520075094215","213","11"
"2.4641286107667004","214","11"
"2.461735383310016","215","11"
"2.4597761060202172","216","11"
"2.458545001077493","217","11"
"2.4581601981362122","218","11"
"2.4585696848858687","219","11"
"2.459580839464676","220","11"
"2.46091949528675","221","11"
"2.462287683522416","222","11"
"2.4634200532316384","223","11"
"2.464133679763063","224","11"
"2.464346136828009","225","11"
"2.4640805654968267","226","11"
"2.4634447370400134","227","11"
"2.4625988758208632","228","11"
"2.4617221598412433","229","11"
"2.4609745930733022","230","11"
"2.4604712196953606","231","11"
"2.4602642724090704","232","11"
"2.460347359871191","233","11"
"2.4606594337342234","234","11"
"2.4611055054141504","235","11"
"2.46158110950767","236","11"
"2.461986408825548","237","11"
"2.46225198015673","238","11"
"2.462341458962091","239","11"
"2.4622577103265315","240","11"
"2.4620344540954218","241","11"
"2.4617252453172904","242","11"
"2.4613942178156845","243","11"
"2.4610999956354953","244","11"
"2.4608877589616958","245","11"
"2.4607788857354684","246","11"
"2.4607758002594218","247","11"
"2.460859328503835","248","11"
"2.460997513752508","249","11"
"2.4611522283371468","250","11"
"2.4612879892832114","251","11"
"2.4613776884797187","252","11"
"2.4614063393287258","253","11"
"2.46137239909221","254","11"
"2.461285344589457","255","11"
"2.4611632478944574","256","11"
"2.461029250077562","257","11"
"2.4609064922091237","258","11"
"2.46081018127823","259","11"
"2.460750014495315","260","11"
"2.4607273142072557","261","11"
"2.460737011417689","262","11"
"2.460769408916182","263","11"
"2.46081018127823","264","11"
"2.4608463254262087","265","11"
"2.4608670421939522","266","11"
"2.4608670421939522","267","11"
"2.4608450030793314","268","11"
"2.46080378993499","269","11"
"2.460748030974999","270","11"
"2.4606863214540606","271","11"
"2.460627477018023","272","11"
"2.4605770074455413","273","11"
"2.460539100168393","274","11"
"2.4605155183157486","275","11"
"2.460504278367292","276","11"
"2.46050207445583","277","11"
"2.4605033968027072","278","11"
"2.460504278367292","279","11"
"2.4605007521089526","280","11"
"2.4604897325516424","281","11"
"2.460470778913068","282","11"
"2.4604452135401083","283","11"
"2.4604141383884928","284","11"
"2.4603795369785377","285","11"
"2.4603444947862907","286","11"
"2.4603125380700903","287","11"
"2.4602843280033753","288","11"
"2.460261848106462","289","11"
"2.4602453187704962","290","11"
"2.46023231569287","291","11"
"2.46022129613556","292","11"
"2.460210276578249","293","11"
"2.460197053109477","294","11"
"2.460181405338096","295","11"
"2.460161790526083","296","11"
"2.4601397514114622","297","11"
"2.4601159491676716","298","11"
"2.4600917061415886","299","11"
"2.460067903897798","300","11"
"2.8319554832287017","1","12"
"2.5567832525444585","2","12"
"2.339152285050504","3","12"
"2.3064951657875357","4","12"
"2.351657058295261","5","12"
"2.4027307229088986","6","12"
"2.4400272961907143","7","12"
"2.446977330986418","8","12"
"2.4249479135759433","9","12"
"2.395684597573448","10","12"
"2.3798882825600587","11","12"
"2.383539723070451","12","12"
"2.4001131372653735","13","12"
"2.4186987226251846","14","12"
"2.4301848479921633","15","12"
"2.4304360938988414","16","12"
"2.4209149759914634","17","12"
"2.4069884594625117","18","12"
"2.3949026497866983","19","12"
"2.3886633764375196","20","12"
"2.38911738219871","21","12"
"2.3944235194348398","22","12"
"2.4014284316259493","23","12"
"2.4072339751993885","24","12"
"2.4101528355397814","25","12"
"2.4098766854335816","26","12"
"2.40712400001743","27","12"
"2.4030535959380948","28","12"
"2.398671779169166","29","12"
"2.3945918982705434","30","12"
"2.390941780107029","31","12"
"2.3877829138084143","32","12"
"2.384404097145883","33","12"
"2.3802316519658526","34","12"
"2.3755285049057506","35","12"
"2.371047732512174","36","12"
"2.3672343045093185","37","12"
"2.364108717273781","38","12"
"2.3612123368303015","39","12"
"2.3575838169991155","40","12"
"2.351963842770784","41","12"
"2.343007366979993","42","12"
"2.3293768357604003","43","12"
"2.3094993175015115","44","12"
"2.281304237384692","45","12"
"2.242013124229684","46","12"
"2.1890727466076556","47","12"
"2.123262628002748","48","12"
"2.0543302280294964","49","12"
"2.002191192615084","50","12"
"1.9855975024347103","51","12"
"2.0166162339167606","52","12"
"2.103389517566783","53","12"
"2.2246632720266666","54","12"
"2.3110142862405527","55","12"
"2.318653043368159","56","12"
"2.288359619148283","57","12"
"2.2798597938124376","58","12"
"2.3086351638172258","59","12"
"2.353034502959068","60","12"
"2.379872634788678","61","12"
"2.3631826336774107","62","12"
"2.3093646585111776","63","12"
"2.2554300964286003","64","12"
"2.2355550024723194","65","12"
"2.2591749827849847","66","12"
"2.3092498347240027","67","12"
"2.3579390875268045","68","12"
"2.390243360564692","69","12"
"2.40888206019074","70","12"
"2.420607971124794","71","12"
"2.426257257375571","72","12"
"2.423043072899258","73","12"
"2.4100518963948176","74","12"
"2.3904608866260006","75","12"
"2.3696916657895497","76","12"
"2.352403743498617","77","12"
"2.3410840134470265","78","12"
"2.3364258261807516","79","12"
"2.338134739128457","80","12"
"2.3450808068835283","81","12"
"2.3554693843423857","82","12"
"2.367091491046575","83","12"
"2.377748725312661","84","12"
"2.38567222780117","85","12"
"2.389799272405081","86","12"
"2.389888090037003","87","12"
"2.3864722476619087","88","12"
"2.3806786052103646","89","12"
"2.3739280244019807","90","12"
"2.3676171239302835","91","12"
"2.362843672094541","92","12"
"2.3602443789161516","93","12"
"2.3599574296437873","94","12"
"2.361679786451411","95","12"
"2.3647941337384917","96","12"
"2.368524033496934","97","12"
"2.3720895214603046","98","12"
"2.374847496263965","99","12"
"2.376388691549405","100","12"
"2.3765835173226537","101","12"
"2.375568836485507","102","12"
"2.373690442746367","103","12"
"2.3714067496893487","104","12"
"2.3691909371053628","105","12"
"2.367438607101854","106","12"
"2.36640519301728","107","12"
"2.3661777493543923","108","12"
"2.366684648990673","109","12"
"2.3677299641971428","110","12"
"2.369047021686888","111","12"
"2.3703537207927616","112","12"
"2.371409835165396","113","12"
"2.372050732618572","114","12"
"2.372210075417281","115","12"
"2.3719176163662614","116","12"
"2.371280906344863","117","12"
"2.3704568638491876","118","12"
"2.3696143084972303","119","12"
"2.3689031062684136","120","12"
"2.3684279429571866","121","12"
"2.3682386269625932","122","12"
"2.3683241387273224","123","12"
"2.3686256338153364","124","12"
"2.3690540742035666","125","12"
"2.3695091819204883","126","12"
"2.369899494640425","127","12"
"2.3701580134549283","128","12"
"2.370252781647798","129","12"
"2.370184460392473","130","12"
"2.369983243275984","131","12"
"2.3697007018265444","132","12"
"2.3693954600890446","133","12"
"2.369121734285453","134","12"
"2.36892250068928","135","12"
"2.3688193576328542","136","12"
"2.368814068245345","137","12"
"2.3688894420173487","138","12"
"2.3690161669264187","139","12"
"2.3691609639094784","140","12"
"2.3692909946857417","141","12"
"2.369380253099956","142","12"
"2.369414854509911","143","12"
"2.3693919338307055","144","12"
"2.369320086317041","145","12"
"2.369215180131446","146","12"
"2.36909749125937","147","12"
"2.3689861937305343","148","12"
"2.3688984780543434","149","12"
"2.3688438210500835","150","12"
"2.3688242062380707","151","12"
"2.3688354461865275","152","12"
"2.368868945640751","153","12"
"2.368912803478847","154","12"
"2.368953355449749","155","12"
"2.3689809043430254","156","12"
"2.368988838424289","157","12"
"2.3689753945643703","158","12"
"2.3689440990216086","159","12"
"2.3689002411835127","160","12"
"2.368850873566762","161","12"
"2.3688026079057423","162","12"
"2.368761394761401","163","12"
"2.368730760392078","164","12"
"2.3687120271446505","165","12"
"2.36870563580141","166","12"
"2.3687082804951647","167","12"
"2.3687153330118433","168","12"
"2.3687230467019607","169","12"
"2.368727234133739","170","12"
"2.3687248098311304","171","12"
"2.368714892229551","172","12"
"2.3686988036758776","173","12"
"2.368677866516988","174","12"
"2.368653843882051","175","12"
"2.3686300416382604","176","12"
"2.3686091044793707","177","12"
"2.3685923547522587","178","12"
"2.36858067402151","179","12"
"2.3685727399402463","180","12"
"2.3685667893792983","181","12"
"2.368563042729813","182","12"
"2.3685595164714734","183","12"
"2.368555549430842","184","12"
"2.368550260043333","185","12"
"2.3685434279178","186","12"
"2.3685341714896597","187","12"
"2.3685218295854717","188","12"
"2.368508165334407","189","12"
"2.368495382647927","190","12"
"2.368482159179154","191","12"
"2.3684689357103816","192","12"
"2.368456593806194","193","12"
"2.368446235422322","194","12"
"2.36843764016762","195","12"
"2.3684299264775026","196","12"
"2.3684226535696777","197","12"
"2.368416482617584","198","12"
"2.3684107524477827","199","12"
"2.3684054630602733","200","12"
"2.3683990717170333","201","12"
"2.3683920192003547","202","12"
"2.36838474629253","203","12"
"2.3683770326024125","204","12"
"2.368369980085734","205","12"
"2.368363588742494","206","12"
"2.3683578585726925","207","12"
"2.3683521284028908","208","12"
"2.368346839015382","209","12"
"2.3683424311924575","210","12"
"2.3683378029783873","211","12"
"2.368333174764317","212","12"
"2.3683285465502464","213","12"
"2.368323918336176","214","12"
"2.3683188493398135","215","12"
"2.368314441516889","216","12"
"2.368309813302819","217","12"
"2.368305846262187","218","12"
"2.368301658830409","219","12"
"2.368298352963216","220","12"
"2.3682957082694616","221","12"
"2.3682935043579993","222","12"
"2.3682915208376834","223","12"
"2.3682895373173674","224","12"
"2.368287774188198","225","12"
"2.3682864518413207","226","12"
"2.3682851294944434","227","12"
"2.36828358675642","228","12"
"2.3682820440183963","229","12"
"2.3682813828449576","230","12"
"2.368280721671519","231","12"
"2.3682811624538114","232","12"
"2.3682811624538114","233","12"
"2.368281603236104","234","12"
"2.36828182362725","235","12"
"2.368282705191835","236","12"
"2.368283807147566","237","12"
"2.3682860110590283","238","12"
"2.368287774188198","239","12"
"2.3682908596642447","240","12"
"2.368295047096023","241","12"
"2.3683001160923856","242","12"
"2.3683047443064558","243","12"
"2.3683102540851113","244","12"
"2.368315323081474","245","12"
"2.368319730904398","246","12"
"2.3683243591184686","247","12"
"2.368329207723685","248","12"
"2.3683349378934864","249","12"
"2.3683397864987032","250","12"
"2.368345957450797","251","12"
"2.3683567566169614","252","12"
"2.368371082041465","253","12"
"2.3683895948977463","254","12"
"2.3684140583149755","255","12"
"2.3684438111197137","256","12"
"2.3684781921385225","257","12"
"2.3685152178510855","258","12"
"2.3685522435636486","259","12"
"2.36858706536475","260","12"
"2.368619683254389","261","12"
"2.3686500972325657","262","12"
"2.3686796296461576","263","12"
"2.3687078397128722","264","12"
"2.368735829388441","265","12"
"2.368765141410887","266","12"
"2.3687966573447947","267","12"
"2.368830817972457","268","12"
"2.368866300946997","269","12"
"2.368903547050706","270","12"
"2.3689440990216086","271","12"
"2.3689872956862654","272","12"
"2.369032475871238","273","12"
"2.369078537620796","274","12"
"2.369126142108377","275","12"
"2.3691772728542975","276","12"
"2.3692306075116805","277","12"
"2.3692846033425017","278","12"
"2.3693381583910305","279","12"
"2.3693917134395592","280","12"
"2.369445268488088","281","12"
"2.369499043927763","282","12"
"2.3695523785851456","283","12"
"2.3696048316779432","284","12"
"2.3696577255530333","285","12"
"2.369711060210416","286","12"
"2.369765056041237","287","12"
"2.369819933436643","288","12"
"2.369874370049757","289","12"
"2.369930129009748","290","12"
"2.369985887969739","291","12"
"2.3700425284943143","292","12"
"2.370099830192329","293","12"
"2.3701573522814896","294","12"
"2.37021487437065","295","12"
"2.3702723964598107","296","12"
"2.370330800113556","297","12"
"2.3703889833761553","298","12"
"2.370447827812193","299","12"
"2.370507113030523","300","12"
"2.6550221651848616","1","13"
"2.3672735341333437","2","13"
"2.1437953691393163","3","13"
"2.07190003059643","4","13"
"2.087166966076625","5","13"
"2.1365605889827113","6","13"
"2.189161784630724","7","13"
"2.2196339460701755","8","13"
"2.216010495235352","9","13"
"2.185166974714538","10","13"
"2.1449032754313095","11","13"
"2.11217761452187","12","13"
"2.097212394520835","13","13"
"2.103195573358119","14","13"
"2.127676621879023","15","13"
"2.163995760427402","16","13"
"2.203020420686643","17","13"
"2.2355267924056044","18","13"
"2.2548138827837994","19","13"
"2.258510944261457","20","13"
"2.248696485738474","21","13"
"2.2303762513186984","22","13"
"2.2092083428987555","23","13"
"2.1895999222293874","24","13"
"2.1737101613700056","25","13"
"2.1613944837286962","26","13"
"2.1509530123947487","27","13"
"2.140403769790305","28","13"
"2.1286020443019553","29","13"
"2.1157662435555924","30","13"
"2.1032581644436426","31","13"
"2.0927133296621228","32","13"
"2.085107631206448","33","13"
"2.0803504883155246","34","13"
"2.077370800018778","35","13"
"2.074557507037419","36","13"
"2.070485119437768","37","13"
"2.0645257428442743","38","13"
"2.056657338142318","39","13"
"2.0472014560142178","40","13"
"2.036805164865243","41","13"
"2.027362506205915","42","13"
"2.0206731941361773","43","13"
"2.016872769210948","44","13"
"2.0162587594776094","45","13"
"2.017606230945532","46","13"
"2.019783254687785","47","13"
"2.020277812419878","48","13"
"2.0169686393595487","49","13"
"2.0089439773349302","50","13"
"1.996750837170913","51","13"
"1.980530048809925","52","13"
"1.9610379946657557","53","13"
"1.9402791322131765","54","13"
"1.9230573272661067","55","13"
"1.9144605298259294","56","13"
"1.9166767831922078","57","13"
"1.9288987945963783","58","13"
"1.9501398728768629","59","13"
"1.9813629069514491","60","13"
"2.0213050555523586","61","13"
"2.067515789524893","62","13"
"2.121738402835566","63","13"
"2.1812545910870345","64","13"
"2.236836356596379","65","13"
"2.2762850494209266","66","13"
"2.3028095646494813","67","13"
"2.3311564942660388","68","13"
"2.370077791077708","69","13"
"2.4195086600875033","70","13"
"2.4738740868609197","71","13"
"2.52268433440299","72","13"
"2.547714597660247","73","13"
"2.5318453331774626","74","13"
"2.476832176825338","75","13"
"2.411469672638381","76","13"
"2.36721270617699","77","13"
"2.3549728430899766","78","13"
"2.362845435223711","79","13"
"2.364481619093167","80","13"
"2.3280350944622796","81","13"
"2.224942948391206","82","13"
"2.0514843171584984","83","13"
"1.8808566101988466","84","13"
"1.8968191001364776","85","13"
"2.2411020272312556","86","13"
"2.7101981905940353","87","13"
"2.8224672036021086","88","13"
"2.537004689910217","89","13"
"2.2835709603234524","90","13"
"2.1887408375414648","91","13"
"2.1999071753552935","92","13"
"2.26765563409111","93","13"
"2.3421749496207616","94","13"
"2.382920864731896","95","13"
"2.3779052030264696","96","13"
"2.3381228380065617","97","13"
"2.293078854762058","98","13"
"2.274687874784349","99","13"
"2.298036333204885","100","13"
"2.353596720773047","101","13"
"2.418150830235709","102","13"
"2.4714916585703994","103","13"
"2.5045661986642878","104","13"
"2.5170579688314185","105","13"
"2.511585436279901","106","13"
"2.492069359500795","107","13"
"2.464515176837151","108","13"
"2.4359414647311444","109","13"
"2.4118930440302484","110","13"
"2.3955796913878524","111","13"
"2.3883559307885576","112","13"
"2.390163358578618","113","13"
"2.3995491563222244","114","13"
"2.4137597570386395","115","13"
"2.429344276160522","116","13"
"2.4430113923103853","117","13"
"2.4522711263183594","118","13"
"2.4558619592635442","119","13"
"2.4538638931320125","120","13"
"2.4474727702830954","121","13"
"2.4385627970241552","122","13"
"2.4291908839227605","123","13"
"2.4211514556913456","124","13"
"2.4156802454867052","125","13"
"2.413337707993649","126","13"
"2.4140359071448394","127","13"
"2.417164359465277","128","13"
"2.421765465424684","129","13"
"2.426744101417547","130","13"
"2.4310747874405556","131","13"
"2.4339780000095677","132","13"
"2.4350354367290787","133","13"
"2.4342199894881054","134","13"
"2.4318580575741824","135","13"
"2.428521115229431","136","13"
"2.4248862040550048","137","13"
"2.42159069524574","138","13"
"2.4191170250206895","139","13"
"2.4177201859360165","140","13"
"2.4174158257631015","141","13"
"2.418011763422451","142","13"
"2.41917631023902","143","13"
"2.4205189331017256","144","13"
"2.421671578796399","145","13"
"2.422350383526723","146","13"
"2.422398649187743","147","13"
"2.421796981358592","148","13"
"2.4206483027045502","149","13"
"2.4191421496113574","150","13"
"2.4175086104356556","151","13"
"2.4159654316298997","152","13"
"2.4146814328120856","153","13"
"2.4137513821750836","154","13"
"2.41318938475225","155","13"
"2.412938138845572","156","13"
"2.412889873184552","157","13"
"2.4129090472142725","158","13"
"2.41286849524337","159","13"
"2.412673889861267","160","13"
"2.412271014845997","161","13"
"2.4116462059464943","162","13"
"2.4108179760190405","163","13"
"2.4098438471527963","164","13"
"2.40880183781352","165","13"
"2.407769966466969","166","13"
"2.4068139096747143","167","13"
"2.405978627230582","168","13"
"2.405276901821052","169","13"
"2.4046913225455744","170","13"
"2.4041859656473172","171","13"
"2.403716973288184","172","13"
"2.403243132323835","173","13"
"2.402726535477121","174","13"
"2.402142939721959","175","13"
"2.4014826478479163","176","13"
"2.4007551366742805","177","13"
"2.3999824453156715","178","13"
"2.399178678805447","179","13"
"2.3983667578228127","180","13"
"2.3975773167370917","181","13"
"2.3968416510910457","182","13"
"2.3961765106117867","183","13"
"2.3955752835649284","184","13"
"2.395020118267628","185","13"
"2.394488975605264","186","13"
"2.393959816463216","187","13"
"2.393414789158641","188","13"
"2.392841551787351","189","13"
"2.392235696526422","190","13"
"2.391599647678463","191","13"
"2.3909431024539063","192","13"
"2.39027663962777","193","13"
"2.3896128214953882","194","13"
"2.3889578190088545","195","13"
"2.3883142768619243","196","13"
"2.387682635836889","197","13"
"2.387066201800942","198","13"
"2.3864656359275225","199","13"
"2.3858756488291206","200","13"
"2.385288747206766","201","13"
"2.3847011844109725","202","13"
"2.3841127400505946","203","13"
"2.3835267199928243","204","13"
"2.382942463064224","205","13"
"2.3823612916116708","206","13"
"2.3817845279820418","207","13"
"2.381213274131068","208","13"
"2.380647309667603","209","13"
"2.3800850918536236","210","13"
"2.379526841080276","211","13"
"2.378976744779338","212","13"
"2.3784403127294653","213","13"
"2.3779171041483647","214","13"
"2.37740403355999","215","13"
"2.376895591185686","216","13"
"2.3763895731139897","217","13"
"2.375883995824586","218","13"
"2.3753793000997674","219","13"
"2.3748774694598493","220","13"
"2.374379605860563","221","13"
"2.373888353995663","222","13"
"2.37340657895005","223","13"
"2.372936705026332","224","13"
"2.3724796137890944","225","13"
"2.372035084847191","226","13"
"2.371603338591767","227","13"
"2.371180407982192","228","13"
"2.3707614444132483","229","13"
"2.3703435828000363","230","13"
"2.3699232968842154","231","13"
"2.369498162363178","232","13"
"2.3690697219749475","233","13"
"2.3686423835424484","234","13"
"2.3682282685787213","235","13"
"2.367841261725978","236","13"
"2.3674771755524406","237","13"
"2.367117056419535","238","13"
"2.366745917729319","239","13"
"2.366370591607325","240","13"
"2.3660062850426415","241","13"
"2.3656629156368476","242","13"
"2.3653356347847274","243","13"
"2.36501805114304","244","13"
"2.364705095715423","245","13"
"2.3643956665461454","246","13"
"2.3640899840263536","247","13"
"2.3637876073737547","248","13"
"2.3634898589352265","249","13"
"2.363196297928476","250","13"
"2.3629082467003806","251","13"
"2.3626250440775016","252","13"
"2.362348232797863","253","13"
"2.3620775924703183","254","13"
"2.3618151066151833","255","13"
"2.3615598936678732","256","13"
"2.361312174019534","257","13"
"2.361071286496728","258","13"
"2.360836349534869","259","13"
"2.360606481569373","260","13"
"2.3603823437736784","261","13"
"2.3601630545832","262","13"
"2.3599481732156464","263","13"
"2.3597383608444553","264","13"
"2.3595336174696273","265","13"
"2.3593346042646","266","13"
"2.3591408804470824","267","13"
"2.3589533275816588","268","13"
"2.3587721660594747","269","13"
"2.3585967347070924","270","13"
"2.3584279150890963","271","13"
"2.3582646052497553","272","13"
"2.358105262451046","273","13"
"2.357950547866407","274","13"
"2.3578011226692777","275","13"
"2.357656105295072","276","13"
"2.3575154957437907","277","13"
"2.3573795144065794","278","13"
"2.3572470593277077","279","13"
"2.357119673245199","280","13"
"2.3569975765501994","281","13"
"2.3568796672869774","282","13"
"2.3567657250643874","283","13"
"2.3566564110558677","284","13"
"2.3565519456525643","285","13"
"2.3564510065076005","286","13"
"2.3563549159678536","287","13"
"2.356263453642177","288","13"
"2.3561755175748393","289","13"
"2.3560922097215724","290","13"
"2.3560130893000832","291","13"
"2.3559383767015185","292","13"
"2.3558656476232693","293","13"
"2.355796885585652","294","13"
"2.355731209024082","295","13"
"2.3556686179385586","296","13"
"2.355609332720228","297","13"
"2.355553132977945","298","13"
"2.355500239102855","299","13"
"2.355451753050689","300","13"
"2.8485271342944545","1","14"
"2.596243626099755","2","14"
"2.3965915071400987","3","14"
"2.3594802828122443","4","14"
"2.3955669087013725","5","14"
"2.4426437798785083","6","14"
"2.4806469271750706","7","14"
"2.4893010263132624","8","14"
"2.462938939359464","9","14"
"2.420063825384804","10","14"
"2.3863591870039036","11","14"
"2.3764171220072656","12","14"
"2.3890715408402987","13","14"
"2.4133447605103275","14","14"
"2.436180589124781","15","14"
"2.4480089819418223","16","14"
"2.4457460056525475","17","14"
"2.4323823681110137","18","14"
"2.4139237280514187","19","14"
"2.3959358434801263","20","14"
"2.382159192930597","21","14"
"2.374540050615003","22","14"
"2.373585095778479","23","14"
"2.378455960500846","24","14"
"2.387062895933749","25","14"
"2.3965234062759198","26","14"
"2.404043813358012","27","14"
"2.4078830271249743","28","14"
"2.407764456688314","29","14"
"2.4044636584915406","30","14"
"2.3989770209066656","31","14"
"2.3920313939338866","32","14"
"2.3842972074399715","33","14"
"2.376932616898249","34","14"
"2.371720366290404","35","14"
"2.370445844291877","36","14"
"2.373879979132107","37","14"
"2.3811431897465734","38","14"
"2.3899524442516964","39","14"
"2.397621835748626","40","14"
"2.4021605710136558","41","14"
"2.40283122127157","42","14"
"2.39996856067346","43","14"
"2.3944556965421864","44","14"
"2.3873976700848405","45","14"
"2.380158482105311","46","14"
"2.3744287530861676","47","14"
"2.3719127677610445","48","14"
"2.3736399731738853","49","14"
"2.3793474426872616","50","14"
"2.387416844114561","51","14"
"2.3954902125824917","52","14"
"2.4014218198915627","53","14"
"2.4040019390402323","54","14"
"2.4030987761230675","55","14"
"2.399323035006214","56","14"
"2.3936274666147326","57","14"
"2.3871739730714383","58","14"
"2.3813730577120693","59","14"
"2.3777672381689428","60","14"
"2.3775719716134014","61","14"
"2.381122913761122","62","14"
"2.387568693614299","63","14"
"2.3951199554568605","64","14"
"2.4017189071566527","65","14"
"2.405792176320889","66","14"
"2.4066730797322866","67","14"
"2.4045524761234627","68","14"
"2.4001647087935862","69","14"
"2.3945284256204356","70","14"
"2.3888661362920316","71","14"
"2.3845438251325795","72","14"
"2.3828221294983942","73","14"
"2.3844080641865144","74","14"
"2.389069998102275","75","14"
"2.3955964411149644","76","14"
"2.402207293936652","77","14"
"2.4072073078706975","78","14"
"2.4095339772012263","79","14"
"2.408944210493971","80","14"
"2.405871076351232","81","14"
"2.4011555873869423","82","14"
"2.3958701669185563","83","14"
"2.391219913733545","84","14"
"2.3883905321985126","85","14"
"2.3882481595180614","86","14"
"2.390990706941487","87","14"
"2.3959874150083396","88","14"
"2.401901831808006","89","14"
"2.407143835220589","90","14"
"2.4104236962584724","91","14"
"2.4111170468044465","92","14"
"2.4093010237596837","93","14"
"2.4055755318241654","94","14"
"2.400847260173396","95","14"
"2.396174306700325","96","14"
"2.392637028803669","97","14"
"2.3911427768323716","98","14"
"2.392156135322641","99","14"
"2.3954763279402806","100","14"
"2.4002272998791097","101","14"
"2.405114693937442","102","14"
"2.4088520869948558","103","14"
"2.410558796031099","104","14"
"2.4099536019436085","105","14"
"2.40732808221882","106","14"
"2.403368314494881","107","14"
"2.398977241297812","108","14"
"2.395119514674568","109","14"
"2.392662153394337","110","14"
"2.392179937566431","111","14"
"2.3937790957233243","112","14"
"2.3970192863548903","113","14"
"2.401008806883567","114","14"
"2.4046340208475603","115","14"
"2.4068974379191275","116","14"
"2.4072350771551196","117","14"
"2.405623356702893","118","14"
"2.402497328685063","119","14"
"2.398578994496612","120","14"
"2.3946930578066534","121","14"
"2.3916274169628853","122","14"
"2.390023850983068","123","14"
"2.3902316798339434","124","14"
"2.392144674983038","125","14"
"2.3951739512876817","126","14"
"2.3983874745905562","127","14"
"2.4007899584753813","128","14"
"2.401668657975317","129","14"
"2.4008214744092893","130","14"
"2.3984584405396356","131","14"
"2.395067502364063","132","14"
"2.391318208184754","133","14"
"2.38793255939669","134","14"
"2.385534262943643","135","14"
"2.384543384350287","136","14"
"2.385076730924113","137","14"
"2.3868989249209696","138","14"
"2.389473534290984","139","14"
"2.392083406244392","140","14"
"2.3939941974820247","141","14"
"2.394670357518594","142","14"
"2.393972599149696","143","14"
"2.3920798799860523","144","14"
"2.389508356092085","145","14"
"2.386894517098045","146","14"
"2.384791985563211","147","14"
"2.383601873373682","148","14"
"2.3835183451292683","149","14"
"2.384536111442462","150","14"
"2.386569219766241","151","14"
"2.3893697300611194","152","14"
"2.3925228661899327","153","14"
"2.39551820225806","154","14"
"2.397935011567389","155","14"
"2.3996547236812584","156","14"
"2.400846378608811","157","14"
"2.4017978071869956","158","14"
"2.4027476930271567","159","14"
"2.4038324582487975","160","14"
"2.4050811944832184","161","14"
"2.406431310644895","162","14"
"2.4076875401782867","163","14"
"2.408682606203421","164","14"
"2.409204492437644","165","14"
"2.4092038312642052","166","14"
"2.4086960500633396","167","14"
"2.4076004856755344","168","14"
"2.405887605687197","169","14"
"2.4034912927544663","170","14"
"2.4002334708312034","171","14"
"2.3959102781071664","172","14"
"2.390169970313005","173","14"
"2.3824747930519683","174","14"
"2.3721106790103406","175","14"
"2.358166531189692","176","14"
"2.3395677223611084","177","14"
"2.3152837035249147","178","14"
"2.284489771011998","179","14"
"2.247436729946743","180","14"
"2.206722551160663","181","14"
"2.168390580273957","182","14"
"2.138553806509026","183","14"
"2.1229966158892735","184","14"
"2.123934159825247","185","14"
"2.140429114772119","186","14"
"2.170086490144036","187","14"
"2.2101108446424815","188","14"
"2.254800659315027","189","14"
"2.3001604630720482","190","14"
"2.3468086734698073","191","14"
"2.394527103273558","192","14"
"2.4349898157618135","193","14"
"2.445885513248098","194","14"
"2.411939987344391","195","14"
"2.3595818831306468","196","14"
"2.3384388789102255","197","14"
"2.361722983116068","198","14"
"2.384724105090178","199","14"
"2.3700255583760566","200","14"
"2.341183409853967","201","14"
"2.335970938854976","202","14"
"2.3604154024456094","203","14"
"2.3989805471650048","204","14"
"2.4334591992513914","205","14"
"2.4535000273496212","206","14"
"2.4583510568688296","207","14"
"2.4518495180556616","208","14"
"2.438040029225347","209","14"
"2.4204638353151733","210","14"
"2.4027494561563265","211","14"
"2.388446731940796","212","14"
"2.380081565595284","213","14"
"2.3784154085299436","214","14"
"2.3825581009052357","215","14"
"2.390669817432607","216","14"
"2.4006222408131164","217","14"
"2.4103846870255934","218","14"
"2.418253312118696","219","14"
"2.4230622469289784","220","14"
"2.424341617532722","221","14"
"2.422328124020956","222","14"
"2.417820904689834","223","14"
"2.4119507865105554","224","14"
"2.4059277168758073","225","14"
"2.400815744239488","226","14"
"2.3973727937534095","227","14"
"2.395950389295776","228","14"
"2.396479328046678","229","14"
"2.398539324090294","230","14"
"2.401487276061987","231","14"
"2.404608675865746","232","14"
"2.4072568958785943","233","14"
"2.408960078656498","234","14"
"2.4094779978500895","235","14"
"2.4088150612822927","236","14"
"2.4071876930586846","237","14"
"2.404956232703318","238","14"
"2.402540304958574","239","14"
"2.4003346303673134","240","14"
"2.3986382797149424","241","14"
"2.3976139016673623","242","14"
"2.3972775847782475","243","14"
"2.397515607216153","244","14"
"2.398121682868228","245","14"
"2.398850957171034","246","14"
"2.3994757660705366","247","14"
"2.3998076751367274","248","14"
"2.3997345052761863","249","14"
"2.3992395067618006","250","14"
"2.398392763978065","251","14"
"2.3973212222251967","252","14"
"2.3961698988774005","253","14"
"2.3950727917515717","254","14"
"2.394133484686429","255","14"
"2.393414568767495","256","14"
"2.392930369419273","257","14"
"2.392652015401611","258","14"
"2.392513830152938","259","14"
"2.392432505819987","260","14"
"2.392325616114076","261","14"
"2.3921266029090487","262","14"
"2.391796677363174","263","14"
"2.391325701483725","264","14"
"2.390726678348329","265","14"
"2.3900328870200624","266","14"
"2.389287964945876","267","14"
"2.388538635048765","268","14"
"2.3878307386871414","269","14"
"2.38719424905689","270","14"
"2.386641287671051","271","14"
"2.386167446706702","272","14"
"2.385752670569536","273","14"
"2.3853702919308635","274","14"
"2.3849898968125065","275","14"
"2.3845852586680665","276","14"
"2.384140729726163","277","14"
"2.3836512409904325","278","14"
"2.383120539110361","279","14"
"2.3825578805140895","280","14"
"2.3819753867146587","281","14"
"2.3813882647011577","282","14"
"2.380811941853821","283","14"
"2.380259641641421","284","14"
"2.3797392981452217","285","14"
"2.3792555395792925","286","14"
"2.378806162032172","287","14"
"2.3783794847731117","288","14"
"2.3779620639421917","289","14"
"2.377539794506055","290","14"
"2.3771038608188535","291","14"
"2.376650516231101","292","14"
"2.3761806423073835","293","14"
"2.3756977653060396","294","14"
"2.375208056179163","295","14"
"2.374719228616871","296","14"
"2.374238555526989","297","14"
"2.3737717670793184","298","14"
"2.373324373052514","299","14"
"2.3728939491439673","300","14"
"2.6550221651848616","1","15"
"2.3672735341333437","2","15"
"2.1437953691393163","3","15"
"2.07190003059643","4","15"
"2.087166966076625","5","15"
"2.1365605889827113","6","15"
"2.189161784630724","7","15"
"2.2196339460701755","8","15"
"2.216010495235352","9","15"
"2.185166974714538","10","15"
"2.1449032754313095","11","15"
"2.11217761452187","12","15"
"2.097212394520835","13","15"
"2.103195573358119","14","15"
"2.127676621879023","15","15"
"2.163995760427402","16","15"
"2.203020420686643","17","15"
"2.2355267924056044","18","15"
"2.2548138827837994","19","15"
"2.258510944261457","20","15"
"2.248696485738474","21","15"
"2.2303762513186984","22","15"
"2.2092083428987555","23","15"
"2.1895999222293874","24","15"
"2.1737101613700056","25","15"
"2.1613944837286962","26","15"
"2.1509530123947487","27","15"
"2.140403769790305","28","15"
"2.1286020443019553","29","15"
"2.1157662435555924","30","15"
"2.1032581644436426","31","15"
"2.0927133296621228","32","15"
"2.085107631206448","33","15"
"2.0803504883155246","34","15"
"2.077370800018778","35","15"
"2.074557507037419","36","15"
"2.070485119437768","37","15"
"2.0645257428442743","38","15"
"2.056657338142318","39","15"
"2.0472014560142178","40","15"
"2.036805164865243","41","15"
"2.027362506205915","42","15"
"2.0206731941361773","43","15"
"2.016872769210948","44","15"
"2.0162587594776094","45","15"
"2.017606230945532","46","15"
"2.019783254687785","47","15"
"2.020277812419878","48","15"
"2.0169686393595487","49","15"
"2.0089439773349302","50","15"
"1.996750837170913","51","15"
"1.980530048809925","52","15"
"1.9610379946657557","53","15"
"1.9402791322131765","54","15"
"1.9230573272661067","55","15"
"1.9144605298259294","56","15"
"1.9166767831922078","57","15"
"1.9288987945963783","58","15"
"1.9501398728768629","59","15"
"1.9813629069514491","60","15"
"2.0213050555523586","61","15"
"2.067515789524893","62","15"
"2.121738402835566","63","15"
"2.1812545910870345","64","15"
"2.236836356596379","65","15"
"2.2762850494209266","66","15"
"2.3028095646494813","67","15"
"2.3311564942660388","68","15"
"2.370077791077708","69","15"
"2.4195086600875033","70","15"
"2.4738740868609197","71","15"
"2.52268433440299","72","15"
"2.547714597660247","73","15"
"2.5318453331774626","74","15"
"2.476832176825338","75","15"
"2.411469672638381","76","15"
"2.36721270617699","77","15"
"2.3549728430899766","78","15"
"2.362845435223711","79","15"
"2.364481619093167","80","15"
"2.3280350944622796","81","15"
"2.224942948391206","82","15"
"2.0514843171584984","83","15"
"1.8808566101988466","84","15"
"1.8968191001364776","85","15"
"2.2411020272312556","86","15"
"2.7101981905940353","87","15"
"2.8224672036021086","88","15"
"2.537004689910217","89","15"
"2.2835709603234524","90","15"
"2.1887408375414648","91","15"
"2.1999071753552935","92","15"
"2.26765563409111","93","15"
"2.3421749496207616","94","15"
"2.382920864731896","95","15"
"2.3779052030264696","96","15"
"2.3381228380065617","97","15"
"2.293078854762058","98","15"
"2.274687874784349","99","15"
"2.298036333204885","100","15"
"2.353596720773047","101","15"
"2.418150830235709","102","15"
"2.4714916585703994","103","15"
"2.5045661986642878","104","15"
"2.5170579688314185","105","15"
"2.511585436279901","106","15"
"2.492069359500795","107","15"
"2.464515176837151","108","15"
"2.4359414647311444","109","15"
"2.4118930440302484","110","15"
"2.3955796913878524","111","15"
"2.3883559307885576","112","15"
"2.390163358578618","113","15"
"2.3995491563222244","114","15"
"2.4137597570386395","115","15"
"2.429344276160522","116","15"
"2.4430113923103853","117","15"
"2.4522711263183594","118","15"
"2.4558619592635442","119","15"
"2.4538638931320125","120","15"
"2.4474727702830954","121","15"
"2.4385627970241552","122","15"
"2.4291908839227605","123","15"
"2.4211514556913456","124","15"
"2.4156802454867052","125","15"
"2.413337707993649","126","15"
"2.4140359071448394","127","15"
"2.417164359465277","128","15"
"2.421765465424684","129","15"
"2.426744101417547","130","15"
"2.4310747874405556","131","15"
"2.4339780000095677","132","15"
"2.4350354367290787","133","15"
"2.4342199894881054","134","15"
"2.4318580575741824","135","15"
"2.428521115229431","136","15"
"2.4248862040550048","137","15"
"2.42159069524574","138","15"
"2.4191170250206895","139","15"
"2.4177201859360165","140","15"
"2.4174158257631015","141","15"
"2.418011763422451","142","15"
"2.41917631023902","143","15"
"2.4205189331017256","144","15"
"2.421671578796399","145","15"
"2.422350383526723","146","15"
"2.422398649187743","147","15"
"2.421796981358592","148","15"
"2.4206483027045502","149","15"
"2.4191421496113574","150","15"
"2.4175086104356556","151","15"
"2.4159654316298997","152","15"
"2.4146814328120856","153","15"
"2.4137513821750836","154","15"
"2.41318938475225","155","15"
"2.412938138845572","156","15"
"2.412889873184552","157","15"
"2.4129090472142725","158","15"
"2.41286849524337","159","15"
"2.412673889861267","160","15"
"2.412271014845997","161","15"
"2.4116462059464943","162","15"
"2.4108179760190405","163","15"
"2.4098438471527963","164","15"
"2.40880183781352","165","15"
"2.407769966466969","166","15"
"2.4068139096747143","167","15"
"2.405978627230582","168","15"
"2.405276901821052","169","15"
"2.4046913225455744","170","15"
"2.4041859656473172","171","15"
"2.403716973288184","172","15"
"2.403243132323835","173","15"
"2.402726535477121","174","15"
"2.402142939721959","175","15"
"2.4014826478479163","176","15"
"2.4007551366742805","177","15"
"2.3999824453156715","178","15"
"2.399178678805447","179","15"
"2.3983667578228127","180","15"
"2.3975773167370917","181","15"
"2.3968416510910457","182","15"
"2.3961765106117867","183","15"
"2.3955752835649284","184","15"
"2.395020118267628","185","15"
"2.394488975605264","186","15"
"2.393959816463216","187","15"
"2.393414789158641","188","15"
"2.392841551787351","189","15"
"2.392235696526422","190","15"
"2.391599647678463","191","15"
"2.3909431024539063","192","15"
"2.39027663962777","193","15"
"2.3896128214953882","194","15"
"2.3889578190088545","195","15"
"2.3883142768619243","196","15"
"2.387682635836889","197","15"
"2.387066201800942","198","15"
"2.3864656359275225","199","15"
"2.3858756488291206","200","15"
"2.385288747206766","201","15"
"2.3847011844109725","202","15"
"2.3841127400505946","203","15"
"2.3835267199928243","204","15"
"2.382942463064224","205","15"
"2.3823612916116708","206","15"
"2.3817845279820418","207","15"
"2.381213274131068","208","15"
"2.380647309667603","209","15"
"2.3800850918536236","210","15"
"2.379526841080276","211","15"
"2.378976744779338","212","15"
"2.3784403127294653","213","15"
"2.3779171041483647","214","15"
"2.37740403355999","215","15"
"2.376895591185686","216","15"
"2.3763895731139897","217","15"
"2.375883995824586","218","15"
"2.3753793000997674","219","15"
"2.3748774694598493","220","15"
"2.374379605860563","221","15"
"2.373888353995663","222","15"
"2.37340657895005","223","15"
"2.372936705026332","224","15"
"2.3724796137890944","225","15"
"2.372035084847191","226","15"
"2.371603338591767","227","15"
"2.371180407982192","228","15"
"2.3707614444132483","229","15"
"2.3703435828000363","230","15"
"2.3699232968842154","231","15"
"2.369498162363178","232","15"
"2.3690697219749475","233","15"
"2.3686423835424484","234","15"
"2.3682282685787213","235","15"
"2.367841261725978","236","15"
"2.3674771755524406","237","15"
"2.367117056419535","238","15"
"2.366745917729319","239","15"
"2.366370591607325","240","15"
"2.3660062850426415","241","15"
"2.3656629156368476","242","15"
"2.3653356347847274","243","15"
"2.36501805114304","244","15"
"2.364705095715423","245","15"
"2.3643956665461454","246","15"
"2.3640899840263536","247","15"
"2.3637876073737547","248","15"
"2.3634898589352265","249","15"
"2.363196297928476","250","15"
"2.3629082467003806","251","15"
"2.3626250440775016","252","15"
"2.362348232797863","253","15"
"2.3620775924703183","254","15"
"2.3618151066151833","255","15"
"2.3615598936678732","256","15"
"2.361312174019534","257","15"
"2.361071286496728","258","15"
"2.360836349534869","259","15"
"2.360606481569373","260","15"
"2.3603823437736784","261","15"
"2.3601630545832","262","15"
"2.3599481732156464","263","15"
"2.3597383608444553","264","15"
"2.3595336174696273","265","15"
"2.3593346042646","266","15"
"2.3591408804470824","267","15"
"2.3589533275816588","268","15"
"2.3587721660594747","269","15"
"2.3585967347070924","270","15"
"2.3584279150890963","271","15"
"2.3582646052497553","272","15"
"2.358105262451046","273","15"
"2.357950547866407","274","15"
"2.3578011226692777","275","15"
"2.357656105295072","276","15"
"2.3575154957437907","277","15"
"2.3573795144065794","278","15"
"2.3572470593277077","279","15"
"2.357119673245199","280","15"
"2.3569975765501994","281","15"
"2.3568796672869774","282","15"
"2.3567657250643874","283","15"
"2.3566564110558677","284","15"
"2.3565519456525643","285","15"
"2.3564510065076005","286","15"
"2.3563549159678536","287","15"
"2.356263453642177","288","15"
"2.3561755175748393","289","15"
"2.3560922097215724","290","15"
"2.3560130893000832","291","15"
"2.3559383767015185","292","15"
"2.3558656476232693","293","15"
"2.355796885585652","294","15"
"2.355731209024082","295","15"
"2.3556686179385586","296","15"
"2.355609332720228","297","15"
"2.355553132977945","298","15"
"2.355500239102855","299","15"
"2.355451753050689","300","15"
"2.825546729088088","1","16"
"2.5335875251882456","2","16"
"2.2985771730776823","3","16"
"2.259378403812936","4","16"
"2.310040377765455","5","16"
"2.3748408845295783","6","16"
"2.4285405096502974","7","16"
"2.448669273815865","8","16"
"2.4324229200819163","9","16"
"2.4004710524868167","10","16"
"2.374782260484687","11","16"
"2.365733000021342","12","16"
"2.3725574118637063","13","16"
"2.3881082111402185","14","16"
"2.403787718846117","15","16"
"2.413305310495156","16","16"
"2.414709202096508","17","16"
"2.4103712431656747","18","16"
"2.4047713245316484","19","16"
"2.4016702007133404","20","16"
"2.402488953821507","21","16"
"2.4063409502749495","22","16"
"2.411133796531558","23","16"
"2.4148681041129247","24","16"
"2.416525225141271","25","16"
"2.416288525050242","26","16"
"2.41515791847019","27","16"
"2.4143164650739637","28","16"
"2.4145406028696583","29","16"
"2.4159418497772553","30","16"
"2.4180734729433895","31","16"
"2.4202388159548938","32","16"
"2.4218366517649095","33","16"
"2.4225903894849448","34","16"
"2.4225943565255763","35","16"
"2.4222000767650083","36","16"
"2.4218291584659384","37","16"
"2.4218005076169313","38","16"
"2.4222384248244486","39","16"
"2.4230633488847095","40","16"
"2.4240656878176683","41","16"
"2.4250168960047067","42","16"
"2.4257492557835594","43","16"
"2.4262065674119433","44","16"
"2.4264236526909593","45","16"
"2.4264829379092894","46","16"
"2.4264692736582245","47","16"
"2.426530101614578","48","16"
"2.4267753969603088","49","16"
"2.427214195732411","50","16"
"2.427798011878719","51","16"
"2.4284430967636728","52","16"
"2.429136447309647","53","16"
"2.4299027473250154","54","16"
"2.4307629339686696","55","16"
"2.4316830670040925","56","16"
"2.4325946047848133","57","16"
"2.4334287852732146","58","16"
"2.4341393263285926","59","16"
"2.434724685212924","60","16"
"2.43524987731434","61","16"
"2.4357865297553594","62","16"
"2.436364836123012","63","16"
"2.437017193915791","64","16"
"2.4377991417025404","65","16"
"2.4387845105172414","66","16"
"2.4400015104266077","67","16"
"2.4414058428102523","68","16"
"2.4428703419768114","69","16"
"2.4442945095636146","70","16"
"2.4456278759981793","71","16"
"2.446869780107068","72","16"
"2.4480512970418946","73","16"
"2.449228626544943","74","16"
"2.4500343765754837","75","16"
"2.4502838593529925","76","16"
"2.4500096927671082","77","16"
"2.449464445071387","78","16"
"2.449521526378255","79","16"
"2.4505007242408623","80","16"
"2.4524895339442527","81","16"
"2.4551062380231934","82","16"
"2.4579175474842363","83","16"
"2.4606429043982576","84","16"
"2.4631926095687504","85","16"
"2.4656147082655884","86","16"
"2.468076036586451","87","16"
"2.47073351302744","88","16"
"2.4737125401507485","89","16"
"2.477048600930915","90","16"
"2.4806469271750706","91","16"
"2.484364264638179","92","16"
"2.487881707331676","93","16"
"2.4909894428843704","94","16"
"2.493764828588581","95","16"
"2.4964152525128913","96","16"
"2.4991304714341873","97","16"
"2.5020643183725224","98","16"
"2.505293709837924","99","16"
"2.5087747879922966","100","16"
"2.512359229594241","101","16"
"2.5158724848559597","102","16"
"2.5192074436803957","103","16"
"2.5223508825987757","104","16"
"2.5253486429695116","105","16"
"2.528251194365085","106","16"
"2.53111760161268","107","16"
"2.5339904002035154","108","16"
"2.536871353266761","109","16"
"2.5397478985070814","110","16"
"2.5426109998874837","111","16"
"2.5454549272381657","112","16"
"2.548275933909642","113","16"
"2.551065204256064","114","16"
"2.553806208941466","115","16"
"2.5564850633236373","116","16"
"2.559122043388029","117","16"
"2.56169687314919","118","16"
"2.5641978718763703","119","16"
"2.5666382630383433","120","16"
"2.5690438323992155","121","16"
"2.571394083582389","122","16"
"2.5736925428462034","123","16"
"2.5759290721979333","124","16"
"2.5781102833719642","125","16"
"2.5802511629662392","126","16"
"2.5823574411505597","127","16"
"2.584409503112912","128","16"
"2.5863738493990738","129","16"
"2.588231085588178","130","16"
"2.5899849583297097","131","16"
"2.5916632369080914","132","16"
"2.5933014042978635","133","16"
"2.5949287725214716","134","16"
"2.596555920353933","135","16"
"2.598176236060862","136","16"
"2.599772969915147","137","16"
"2.601326727495921","138","16"
"2.602825387290143","139","16"
"2.60426674538635","140","16"
"2.6056450716147417","141","16"
"2.6069603659753176","142","16"
"2.6082152731618318","143","16"
"2.609431832288906","144","16"
"2.610628115430529","145","16"
"2.611807869236186","146","16"
"2.612949495373549","147","16"
"2.614046382108232","148","16"
"2.615108226650667","149","16"
"2.616132825089393","150","16"
"2.6171159899926315","151","16"
"2.618057060186944","152","16"
"2.6189562560634774","153","16"
"2.6198100513638916","154","16"
"2.6206118343538","155","16"
"2.621355874863402","156","16"
"2.622039968981235","157","16"
"2.622670728441685","158","16"
"2.623256968890601","159","16"
"2.6238112526233173","160","16"
"2.6243428360679735","161","16"
"2.624854363918325","162","16"
"2.6253451750009322","163","16"
"2.6258121838397495","164","16"
"2.6262454728331965","165","16"
"2.6266421768963726","166","16"
"2.626997888206354","167","16"
"2.6273121659808485","168","16"
"2.627592503518826","169","16"
"2.62784286786092","170","16"
"2.628066785265468","171","16"
"2.628268663555396","172","16"
"2.6284526901624803","173","16"
"2.628622170953915","174","16"
"2.628776885538554","175","16"
"2.628915291178373","176","16"
"2.6290347431796186","177","16"
"2.629134139586559","178","16"
"2.6292128192257556","179","16"
"2.6292707820972083","180","16"
"2.629306044680602","181","16"
"2.629319929322813","182","16"
"2.6293128768061345","183","16"
"2.6292899561269287","184","16"
"2.6292540323700964","185","16"
"2.6292064278825156","186","16"
"2.6291506689225246","187","16"
"2.6290876370547087","188","16"
"2.629018434234799","189","16"
"2.6289390934221637","190","16"
"2.6288482922699257","191","16"
"2.6287438268666223","192","16"
"2.6286243748653773","193","16"
"2.6284890547016047","194","16"
"2.6283407314602063","195","16"
"2.6281802867057658","196","16"
"2.628011907870062","197","16"
"2.627836696908826","198","16"
"2.627657739298104","199","16"
"2.6274743738644584","200","16"
"2.627286380216742","201","16"
"2.627090672878908","202","16"
"2.6268890149801267","203","16"
"2.6266796433912285","204","16"
"2.626461896938774","205","16"
"2.626234453275886","206","16"
"2.62599819396715","207","16"
"2.625755984097466","208","16"
"2.625508484840273","209","16"
"2.6252559165867178","210","16"
"2.624996956989922","211","16"
"2.624733589570202","212","16"
"2.624465593936412","213","16"
"2.624193851653136","214","16"
"2.6239199054583984","215","16"
"2.6236428737876136","216","16"
"2.6233616546850507","217","16"
"2.623081537538219","218","16"
"2.6228124399486976","219","16"
"2.6225614144331657","220","16"
"2.622325816297868","221","16"
"2.622094846376641","222","16"
"2.6218583666767588","223","16"
"2.6216102062461273","224","16"
"2.6213505854758927","225","16"
"2.621081928668664","226","16"
"2.6208095252119494","227","16"
"2.6205371217552353","228","16"
"2.6202662610365444","229","16"
"2.619999367358485","230","16"
"2.619732473680426","231","16"
"2.6194633760909043","232","16"
"2.6191883279404355","233","16"
"2.6189055660998495","234","16"
"2.618611123528514","235","16"
"2.6182997108389205","236","16"
"2.6179759562451395","237","16"
"2.61764977734875","238","16"
"2.617326243146115","239","16"
"2.6170049128549424","240","16"
"2.616686227257524","241","16"
"2.6163666600955207","242","16"
"2.6160426851105933","243","16"
"2.6157090129152327","244","16"
"2.61536035412193","245","16"
"2.6149918601254685","246","16"
"2.6146041920992866","247","16"
"2.614203741386625","248","16"
"2.613797780895308","249","16"
"2.613391159230552","250","16"
"2.6129849783480887","251","16"
"2.6125757119895785","252","16"
"2.6121604950701207","253","16"
"2.6117419722834696","254","16"
"2.611316617371286","255","16"
"2.6108811244663768","256","16"
"2.610434391613011","257","16"
"2.6099766392023347","258","16"
"2.6095094099723717","259","16"
"2.609032703923121","260","16"
"2.6085485045749","261","16"
"2.608058795448023","262","16"
"2.607564017324784","263","16"
"2.607062186684866","264","16"
"2.6065519811813918","265","16"
"2.606030315338315","266","16"
"2.605496968764489","267","16"
"2.6049512802864756","268","16"
"2.604395013033444","269","16"
"2.603829048569979","270","16"
"2.6032533868960805","271","16"
"2.602668468794042","272","16"
"2.6020747350461546","273","16"
"2.6014748303461737","274","16"
"2.6008678731295136","275","16"
"2.6002529818315905","276","16"
"2.599626409802918","277","16"
"2.598986393914327","278","16"
"2.598334917686133","279","16"
"2.597672201509482","280","16"
"2.596999347340106","281","16"
"2.596317677524881","282","16"
"2.5956267512815154","283","16"
"2.594927009392302","284","16"
"2.5942171295103624","285","16"
"2.593498654373721","286","16"
"2.5927720247646695","287","16"
"2.5920343755983075","288","16"
"2.591287470003805","289","16"
"2.590529324460846","290","16"
"2.5897619224897457","291","16"
"2.5889843825259202","292","16"
"2.5881960433959303","293","16"
"2.587396243926338","294","16"
"2.586586306464019","295","16"
"2.5857675533558524","296","16"
"2.5849397642106915","297","16"
"2.584101396290512","298","16"
"2.5832511272484373","299","16"
"2.5823847696526894","300","16"
"2.825546729088088","1","17"
"2.5335875251882456","2","17"
"2.2985771730776823","3","17"
"2.259378403812936","4","17"
"2.310040377765455","5","17"
"2.3748408845295783","6","17"
"2.4285405096502974","7","17"
"2.448669273815865","8","17"
"2.4324229200819163","9","17"
"2.4004710524868167","10","17"
"2.374782260484687","11","17"
"2.365733000021342","12","17"
"2.3725574118637063","13","17"
"2.3881082111402185","14","17"
"2.403787718846117","15","17"
"2.413305310495156","16","17"
"2.414709202096508","17","17"
"2.4103712431656747","18","17"
"2.4047713245316484","19","17"
"2.4016702007133404","20","17"
"2.402488953821507","21","17"
"2.4063409502749495","22","17"
"2.411133796531558","23","17"
"2.4148681041129247","24","17"
"2.416525225141271","25","17"
"2.416288525050242","26","17"
"2.41515791847019","27","17"
"2.4143164650739637","28","17"
"2.4145406028696583","29","17"
"2.4159418497772553","30","17"
"2.4180734729433895","31","17"
"2.4202388159548938","32","17"
"2.4218366517649095","33","17"
"2.4225903894849448","34","17"
"2.4225943565255763","35","17"
"2.4222000767650083","36","17"
"2.4218291584659384","37","17"
"2.4218005076169313","38","17"
"2.4222384248244486","39","17"
"2.4230633488847095","40","17"
"2.4240656878176683","41","17"
"2.4250168960047067","42","17"
"2.4257492557835594","43","17"
"2.4262065674119433","44","17"
"2.4264236526909593","45","17"
"2.4264829379092894","46","17"
"2.4264692736582245","47","17"
"2.426530101614578","48","17"
"2.4267753969603088","49","17"
"2.427214195732411","50","17"
"2.427798011878719","51","17"
"2.4284430967636728","52","17"
"2.429136447309647","53","17"
"2.4299027473250154","54","17"
"2.4307629339686696","55","17"
"2.4316830670040925","56","17"
"2.4325946047848133","57","17"
"2.4334287852732146","58","17"
"2.4341393263285926","59","17"
"2.434724685212924","60","17"
"2.43524987731434","61","17"
"2.4357865297553594","62","17"
"2.436364836123012","63","17"
"2.437017193915791","64","17"
"2.4377991417025404","65","17"
"2.4387845105172414","66","17"
"2.4400015104266077","67","17"
"2.4414058428102523","68","17"
"2.4428703419768114","69","17"
"2.4442945095636146","70","17"
"2.4456278759981793","71","17"
"2.446869780107068","72","17"
"2.4480512970418946","73","17"
"2.449228626544943","74","17"
"2.4500343765754837","75","17"
"2.4502838593529925","76","17"
"2.4500096927671082","77","17"
"2.449464445071387","78","17"
"2.449521526378255","79","17"
"2.4505007242408623","80","17"
"2.4524895339442527","81","17"
"2.4551062380231934","82","17"
"2.4579175474842363","83","17"
"2.4606429043982576","84","17"
"2.4631926095687504","85","17"
"2.4656147082655884","86","17"
"2.468076036586451","87","17"
"2.47073351302744","88","17"
"2.4737125401507485","89","17"
"2.477048600930915","90","17"
"2.4806469271750706","91","17"
"2.484364264638179","92","17"
"2.487881707331676","93","17"
"2.4909894428843704","94","17"
"2.493764828588581","95","17"
"2.4964152525128913","96","17"
"2.4991304714341873","97","17"
"2.5020643183725224","98","17"
"2.505293709837924","99","17"
"2.5087747879922966","100","17"
"2.512359229594241","101","17"
"2.5158724848559597","102","17"
"2.5192074436803957","103","17"
"2.5223508825987757","104","17"
"2.5253486429695116","105","17"
"2.528251194365085","106","17"
"2.53111760161268","107","17"
"2.5339904002035154","108","17"
"2.536871353266761","109","17"
"2.5397478985070814","110","17"
"2.5426109998874837","111","17"
"2.5454549272381657","112","17"
"2.548275933909642","113","17"
"2.551065204256064","114","17"
"2.553806208941466","115","17"
"2.5564850633236373","116","17"
"2.559122043388029","117","17"
"2.56169687314919","118","17"
"2.5641978718763703","119","17"
"2.5666382630383433","120","17"
"2.5690438323992155","121","17"
"2.571394083582389","122","17"
"2.5736925428462034","123","17"
"2.5759290721979333","124","17"
"2.5781102833719642","125","17"
"2.5802511629662392","126","17"
"2.5823574411505597","127","17"
"2.584409503112912","128","17"
"2.5863738493990738","129","17"
"2.588231085588178","130","17"
"2.5899849583297097","131","17"
"2.5916632369080914","132","17"
"2.5933014042978635","133","17"
"2.5949287725214716","134","17"
"2.596555920353933","135","17"
"2.598176236060862","136","17"
"2.599772969915147","137","17"
"2.601326727495921","138","17"
"2.602825387290143","139","17"
"2.60426674538635","140","17"
"2.6056450716147417","141","17"
"2.6069603659753176","142","17"
"2.6082152731618318","143","17"
"2.609431832288906","144","17"
"2.610628115430529","145","17"
"2.611807869236186","146","17"
"2.612949495373549","147","17"
"2.614046382108232","148","17"
"2.615108226650667","149","17"
"2.616132825089393","150","17"
"2.6171159899926315","151","17"
"2.618057060186944","152","17"
"2.6189562560634774","153","17"
"2.6198100513638916","154","17"
"2.6206118343538","155","17"
"2.621355874863402","156","17"
"2.622039968981235","157","17"
"2.622670728441685","158","17"
"2.623256968890601","159","17"
"2.6238112526233173","160","17"
"2.6243428360679735","161","17"
"2.624854363918325","162","17"
"2.6253451750009322","163","17"
"2.6258121838397495","164","17"
"2.6262454728331965","165","17"
"2.6266421768963726","166","17"
"2.626997888206354","167","17"
"2.6273121659808485","168","17"
"2.627592503518826","169","17"
"2.62784286786092","170","17"
"2.628066785265468","171","17"
"2.628268663555396","172","17"
"2.6284526901624803","173","17"
"2.628622170953915","174","17"
"2.628776885538554","175","17"
"2.628915291178373","176","17"
"2.6290347431796186","177","17"
"2.629134139586559","178","17"
"2.6292128192257556","179","17"
"2.6292707820972083","180","17"
"2.629306044680602","181","17"
"2.629319929322813","182","17"
"2.6293128768061345","183","17"
"2.6292899561269287","184","17"
"2.6292540323700964","185","17"
"2.6292064278825156","186","17"
"2.6291506689225246","187","17"
"2.6290876370547087","188","17"
"2.629018434234799","189","17"
"2.6289390934221637","190","17"
"2.6288482922699257","191","17"
"2.6287438268666223","192","17"
"2.6286243748653773","193","17"
"2.6284890547016047","194","17"
"2.6283407314602063","195","17"
"2.6281802867057658","196","17"
"2.628011907870062","197","17"
"2.627836696908826","198","17"
"2.627657739298104","199","17"
"2.6274743738644584","200","17"
"2.627286380216742","201","17"
"2.627090672878908","202","17"
"2.6268890149801267","203","17"
"2.6266796433912285","204","17"
"2.626461896938774","205","17"
"2.626234453275886","206","17"
"2.62599819396715","207","17"
"2.625755984097466","208","17"
"2.625508484840273","209","17"
"2.6252559165867178","210","17"
"2.624996956989922","211","17"
"2.624733589570202","212","17"
"2.624465593936412","213","17"
"2.624193851653136","214","17"
"2.6239199054583984","215","17"
"2.6236428737876136","216","17"
"2.6233616546850507","217","17"
"2.623081537538219","218","17"
"2.6228124399486976","219","17"
"2.6225614144331657","220","17"
"2.622325816297868","221","17"
"2.622094846376641","222","17"
"2.6218583666767588","223","17"
"2.6216102062461273","224","17"
"2.6213505854758927","225","17"
"2.621081928668664","226","17"
"2.6208095252119494","227","17"
"2.6205371217552353","228","17"
"2.6202662610365444","229","17"
"2.619999367358485","230","17"
"2.619732473680426","231","17"
"2.6194633760909043","232","17"
"2.6191883279404355","233","17"
"2.6189055660998495","234","17"
"2.618611123528514","235","17"
"2.6182997108389205","236","17"
"2.6179759562451395","237","17"
"2.61764977734875","238","17"
"2.617326243146115","239","17"
"2.6170049128549424","240","17"
"2.616686227257524","241","17"
"2.6163666600955207","242","17"
"2.6160426851105933","243","17"
"2.6157090129152327","244","17"
"2.61536035412193","245","17"
"2.6149918601254685","246","17"
"2.6146041920992866","247","17"
"2.614203741386625","248","17"
"2.613797780895308","249","17"
"2.613391159230552","250","17"
"2.6129849783480887","251","17"
"2.6125757119895785","252","17"
"2.6121604950701207","253","17"
"2.6117419722834696","254","17"
"2.611316617371286","255","17"
"2.6108811244663768","256","17"
"2.610434391613011","257","17"
"2.6099766392023347","258","17"
"2.6095094099723717","259","17"
"2.609032703923121","260","17"
"2.6085485045749","261","17"
"2.608058795448023","262","17"
"2.607564017324784","263","17"
"2.607062186684866","264","17"
"2.6065519811813918","265","17"
"2.606030315338315","266","17"
"2.605496968764489","267","17"
"2.6049512802864756","268","17"
"2.604395013033444","269","17"
"2.603829048569979","270","17"
"2.6032533868960805","271","17"
"2.602668468794042","272","17"
"2.6020747350461546","273","17"
"2.6014748303461737","274","17"
"2.6008678731295136","275","17"
"2.6002529818315905","276","17"
"2.599626409802918","277","17"
"2.598986393914327","278","17"
"2.598334917686133","279","17"
"2.597672201509482","280","17"
"2.596999347340106","281","17"
"2.596317677524881","282","17"
"2.5956267512815154","283","17"
"2.594927009392302","284","17"
"2.5942171295103624","285","17"
"2.593498654373721","286","17"
"2.5927720247646695","287","17"
"2.5920343755983075","288","17"
"2.591287470003805","289","17"
"2.590529324460846","290","17"
"2.5897619224897457","291","17"
"2.5889843825259202","292","17"
"2.5881960433959303","293","17"
"2.587396243926338","294","17"
"2.586586306464019","295","17"
"2.5857675533558524","296","17"
"2.5849397642106915","297","17"
"2.584101396290512","298","17"
"2.5832511272484373","299","17"
"2.5823847696526894","300","17"
"2.562538326545416","1","18"
"2.145732166532202","2","18"
"1.844805357088685","3","18"
"1.7707991121474083","4","18"
"1.8189459823393894","5","18"
"1.9126656643312026","6","18"
"2.013687235583642","7","18"
"2.0923840652896866","8","18"
"2.129004478534933","9","18"
"2.1217022586875878","10","18"
"2.085587202340599","11","18"
"2.042163094020732","12","18"
"2.008458676030978","13","18"
"1.9922343614116504","14","18"
"1.9928016482219926","15","18"
"2.0045224901596836","16","18"
"2.0202972068407443","17","18"
"2.034136448475797","18","18"
"2.0425002924744318","19","18"
"2.044565357514411","20","18"
"2.041666773159469","21","18"
"2.036244269398141","22","18"
"2.030741984041885","23","18"
"2.0268454685769086","24","18"
"2.025212370183499","25","18"
"2.0256205345862788","26","18"
"2.027338263179832","27","18"
"2.029528289999712","28","18"
"2.0315389184265773","29","18"
"2.033034492744752","30","18"
"2.0339797503708428","31","18"
"2.034534474885851","32","18"
"2.034920600174009","33","18"
"2.0353159818903084","34","18"
"2.035800622020822","35","18"
"2.0363588727941697","36","18"
"2.0369188866966867","37","18"
"2.037405069565224","38","18"
"2.037778191775756","39","18"
"2.038052799143933","40","18"
"2.0382917031464234","41","18"
"2.0385828398505654","42","18"
"2.039020977449229","43","18"
"2.039680608149833","44","18"
"2.0405912643659687","45","18"
"2.0417549296179525","46","18"
"2.043126644111958","47","18"
"2.044618251389501","48","18"
"2.046126608394156","49","18"
"2.0475776637007965","50","18"
"2.0489639240104514","51","18"
"2.0503025798325254","52","18"
"2.051607295418083","53","18"
"2.0529212674317816","54","18"
"2.054309731652899","55","18"
"2.055851147329485","56","18"
"2.057525238476089","57","18"
"2.0592343718149406","58","18"
"2.06092851855585","59","18"
"2.0626821709062355","60","18"
"2.0645872319740666","61","18"
"2.0666827109922226","62","18"
"2.0689608942705857","63","18"
"2.0713752792773064","64","18"
"2.0738452028528713","65","18"
"2.0762761171955577","66","18"
"2.0785827309317817","67","18"
"2.0807130317510385","68","18"
"2.082644539756415","69","18"
"2.0844094320552573","70","18"
"2.0860266622861396","71","18"
"2.087474411725587","72","18"
"2.0887758214439516","73","18"
"2.090006265213237","74","18"
"2.0912494916690023","75","18"
"2.0925575131217533","76","18"
"2.093927905268881","77","18"
"2.095319234574899","78","18"
"2.0966733177772077","79","18"
"2.09794056686791","80","18"
"2.099087923175074","81","18"
"2.1001032651856595","82","18"
"2.1009965105012447","83","18"
"2.101789037063013","84","18"
"2.1025077325908006","85","18"
"2.103193369446657","86","18"
"2.103878785911367","87","18"
"2.104569932545879","88","18"
"2.105255349010589","89","18"
"2.1059174040138013","90","18"
"2.1065353807877716","91","18"
"2.1070951742991424","92","18"
"2.1075906135958205","93","18"
"2.1080236821981213","94","18"
"2.10840165301387","95","18"
"2.1087324601243296","96","18"
"2.1090218336993023","97","18"
"2.109272638823688","98","18"
"2.1094850958886338","99","18"
"2.109660527241016","100","18"
"2.109800475618859","101","18"
"2.109908246889355","102","18"
"2.1099878080931367","103","18"
"2.110045109791151","104","18"
"2.110089188020393","105","18"
"2.110128638035564","106","18"
"2.1101691900064665","107","18"
"2.110212827453416","108","18"
"2.1102577872472428","109","18"
"2.1102998819561685","110","18"
"2.1103322794546613","111","18"
"2.110346825270311","112","18"
"2.1103364668864395","113","18"
"2.1102983392181454","114","18"
"2.110232001483136","115","18"
"2.1101396575928746","116","18"
"2.1100243930234073","117","18"
"2.1098897340330733","118","18"
"2.109735460230727","119","18"
"2.1095661998304385","120","18"
"2.1093901073046175","121","18"
"2.109217761428282","122","18"
"2.109055333153526","123","18"
"2.1088937864433546","124","18"
"2.1087124045300247","125","18"
"2.10849465807757","126","18"
"2.1082420898240146","127","18"
"2.107970788323031","128","18"
"2.1076994868220478","129","18"
"2.1074400864429594","130","18"
"2.107196774617545","131","18"
"2.106969330954657","132","18"
"2.1067559923251267","133","18"
"2.106552130514883","134","18"
"2.1063647980406057","135","18"
"2.106195317249171","136","18"
"2.106026938413467","137","18"
"2.105849964323061","138","18"
"2.1056773980555796","139","18"
"2.105529074814181","140","18"
"2.1054213035436846","141","18"
"2.105376343749858","142","18"
"2.105450395174984","143","18"
"2.105667480454","144","18"
"2.1060011526493607","145","18"
"2.106355762003611","146","18"
"2.1066460171431682","147","18"
"2.10682673788306","148","18"
"2.1068838191899277","149","18"
"2.1068611189018682","150","18"
"2.106855388732067","151","18"
"2.106975281515605","152","18"
"2.107291763201561","153","18"
"2.107830399162896","154","18"
"2.1085731173256206","155","18"
"2.1094661422500596","156","18"
"2.110436965249111","157","18"
"2.1114196893700568","158","18"
"2.1123744238154347","159","18"
"2.1132914713748105","160","18"
"2.1141948546831215","161","18"
"2.115128431578463","162","18"
"2.116138704592686","163","18"
"2.117260936309182","164","18"
"2.118516284277989","165","18"
"2.119917751576733","166","18"
"2.1214743742424074","167","18"
"2.12319739222347","168","18"
"2.1251143544131965","169","18"
"2.1272543524428866","170","18"
"2.129629287434436","171","18"
"2.1322276990482405","172","18"
"2.135027768560827","173","18"
"2.137984536178368","174","18"
"2.1410534828893293","175","18"
"2.1442158754462834","176","18"
"2.147502127827407","177","18"
"2.150967998992691","178","18"
"2.154668145946395","179","18"
"2.158618657242193","180","18"
"2.162640354878216","181","18"
"2.1665842544396274","182","18"
"2.1703705743314994","183","18"
"2.174074247543543","184","18"
"2.1777512534268952","185","18"
"2.181632121120491","186","18"
"2.1858138227286616","187","18"
"2.189912436874712","188","18"
"2.193422386269238","189","18"
"2.19555643373798","190","18"
"2.1952309160150296","191","18"
"2.190962380295252","192","18"
"2.180927089843768","193","18"
"2.1628558974192087","194","18"
"2.133659359934015","195","18"
"2.0890583628933914","196","18"
"2.0225782552040084","197","18"
"1.927538540441976","198","18"
"1.8034075249670647","199","18"
"1.659705665513214","200","18"
"1.5198291351841147","201","18"
"1.4206767012426744","202","18"
"1.4097254651875455","203","18"
"1.5395454373195518","204","18"
"1.8457017980758905","205","18"
"2.2877753622196826","206","18"
"2.7021999755069617","207","18"
"2.9155564567201906","208","18"
"2.9186090944863325","209","18"
"2.8083009015060814","210","18"
"2.706853534559166","211","18"
"2.7156872524815183","212","18"
"2.7751205736620124","213","18"
"2.758443796019518","214","18"
"2.606842897494388","215","18"
"2.4204332009458502","216","18"
"2.3531815038535893","217","18"
"2.4512337451931536","218","18"
"2.665888330257554","219","18"
"2.902166372241112","220","18"
"3.044681866154919","221","18"
"3.0305034425458506","222","18"
"2.90701740176032","223","18"
"2.7741684839103895","224","18"
"2.70403891923093","225","18"
"2.7154005236003003","226","18"
"2.7782849497392825","227","18"
"2.8444357930562294","228","18"
"2.8829707441885937","229","18"
"2.8931387101100956","230","18"
"2.8927040987697716","231","18"
"2.8962246269393153","232","18"
"2.9027424746973027","233","18"
"2.901856722680688","234","18"
"2.8890306191447586","235","18"
"2.87265291228767","236","18"
"2.866455733647417","237","18"
"2.8764528964306066","238","18"
"2.895600258822105","239","18"
"2.909932074668935","240","18"
"2.909943535008538","241","18"
"2.897991061976181","242","18"
"2.885435819158942","243","18"
"2.8824188847584864","244","18"
"2.889843642083124","245","18"
"2.899928520542505","246","18"
"2.9028993931934033","247","18"
"2.895514747057376","248","18"
"2.882649193506275","249","18"
"2.8727148421997546","250","18"
"2.87071170707186","251","18"
"2.874931095566033","252","18"
"2.8795983188693026","253","18"
"2.880160757074428","254","18"
"2.8765946079376192","255","18"
"2.872405413030477","256","18"
"2.8708531981877266","257","18"
"2.8720605008866595","258","18"
"2.8732852144861436","259","18"
"2.871643520838032","260","18"
"2.866653424505566","261","18"
"2.8605318400284627","262","18"
"2.856213495909642","263","18"
"2.8550590870857993","264","18"
"2.8560788369193086","265","18"
"2.8571331881627726","266","18"
"2.8567935654064645","267","18"
"2.855310112601331","268","18"
"2.854025893392371","269","18"
"2.853906661782272","270","18"
"2.8546112522767024","271","18"
"2.8548129101754838","272","18"
"2.8534268702569747","273","18"
"2.8505055856139734","274","18"
"2.8471580644942036","275","18"
"2.844670730018088","276","18"
"2.843626957549642","277","18"
"2.8436741212549306","278","18"
"2.8439943495903726","279","18"
"2.843991925287764","280","18"
"2.8436401810184146","281","18"
"2.843280502667801","282","18"
"2.843136807640473","283","18"
"2.843027052849661","284","18"
"2.842514202652432","285","18"
"2.841308222300376","286","18"
"2.839546635868727","287","18"
"2.8377264253921863","288","18"
"2.836364187717468","289","18"
"2.835672600300664","290","18"
"2.83549783012172","291","18"
"2.8355108331993466","292","18"
"2.8354716035753214","293","18"
"2.8353398096698883","294","18"
"2.835191045646197","295","18"
"2.8350515380506467","296","18"
"2.834813736003887","297","18"
"2.834313668493139","298","18"
"2.8334783860490065","299","18"
"2.832413456030524","300","18"
"2.562538326545416","1","19"
"2.145732166532202","2","19"
"1.844805357088685","3","19"
"1.7707991121474083","4","19"
"1.8189459823393894","5","19"
"1.9126656643312026","6","19"
"2.013687235583642","7","19"
"2.0923840652896866","8","19"
"2.129004478534933","9","19"
"2.1217022586875878","10","19"
"2.085587202340599","11","19"
"2.042163094020732","12","19"
"2.008458676030978","13","19"
"1.9922343614116504","14","19"
"1.9928016482219926","15","19"
"2.0045224901596836","16","19"
"2.0202972068407443","17","19"
"2.034136448475797","18","19"
"2.0425002924744318","19","19"
"2.044565357514411","20","19"
"2.041666773159469","21","19"
"2.036244269398141","22","19"
"2.030741984041885","23","19"
"2.0268454685769086","24","19"
"2.025212370183499","25","19"
"2.0256205345862788","26","19"
"2.027338263179832","27","19"
"2.029528289999712","28","19"
"2.0315389184265773","29","19"
"2.033034492744752","30","19"
"2.0339797503708428","31","19"
"2.034534474885851","32","19"
"2.034920600174009","33","19"
"2.0353159818903084","34","19"
"2.035800622020822","35","19"
"2.0363588727941697","36","19"
"2.0369188866966867","37","19"
"2.037405069565224","38","19"
"2.037778191775756","39","19"
"2.038052799143933","40","19"
"2.0382917031464234","41","19"
"2.0385828398505654","42","19"
"2.039020977449229","43","19"
"2.039680608149833","44","19"
"2.0405912643659687","45","19"
"2.0417549296179525","46","19"
"2.043126644111958","47","19"
"2.044618251389501","48","19"
"2.046126608394156","49","19"
"2.0475776637007965","50","19"
"2.0489639240104514","51","19"
"2.0503025798325254","52","19"
"2.051607295418083","53","19"
"2.0529212674317816","54","19"
"2.054309731652899","55","19"
"2.055851147329485","56","19"
"2.057525238476089","57","19"
"2.0592343718149406","58","19"
"2.06092851855585","59","19"
"2.0626821709062355","60","19"
"2.0645872319740666","61","19"
"2.0666827109922226","62","19"
"2.0689608942705857","63","19"
"2.0713752792773064","64","19"
"2.0738452028528713","65","19"
"2.0762761171955577","66","19"
"2.0785827309317817","67","19"
"2.0807130317510385","68","19"
"2.082644539756415","69","19"
"2.0844094320552573","70","19"
"2.0860266622861396","71","19"
"2.087474411725587","72","19"
"2.0887758214439516","73","19"
"2.090006265213237","74","19"
"2.0912494916690023","75","19"
"2.0925575131217533","76","19"
"2.093927905268881","77","19"
"2.095319234574899","78","19"
"2.0966733177772077","79","19"
"2.09794056686791","80","19"
"2.099087923175074","81","19"
"2.1001032651856595","82","19"
"2.1009965105012447","83","19"
"2.101789037063013","84","19"
"2.1025077325908006","85","19"
"2.103193369446657","86","19"
"2.103878785911367","87","19"
"2.104569932545879","88","19"
"2.105255349010589","89","19"
"2.1059174040138013","90","19"
"2.1065353807877716","91","19"
"2.1070951742991424","92","19"
"2.1075906135958205","93","19"
"2.1080236821981213","94","19"
"2.10840165301387","95","19"
"2.1087324601243296","96","19"
"2.1090218336993023","97","19"
"2.109272638823688","98","19"
"2.1094850958886338","99","19"
"2.109660527241016","100","19"
"2.109800475618859","101","19"
"2.109908246889355","102","19"
"2.1099878080931367","103","19"
"2.110045109791151","104","19"
"2.110089188020393","105","19"
"2.110128638035564","106","19"
"2.1101691900064665","107","19"
"2.110212827453416","108","19"
"2.1102577872472428","109","19"
"2.1102998819561685","110","19"
"2.1103322794546613","111","19"
"2.110346825270311","112","19"
"2.1103364668864395","113","19"
"2.1102983392181454","114","19"
"2.110232001483136","115","19"
"2.1101396575928746","116","19"
"2.1100243930234073","117","19"
"2.1098897340330733","118","19"
"2.109735460230727","119","19"
"2.1095661998304385","120","19"
"2.1093901073046175","121","19"
"2.109217761428282","122","19"
"2.109055333153526","123","19"
"2.1088937864433546","124","19"
"2.1087124045300247","125","19"
"2.10849465807757","126","19"
"2.1082420898240146","127","19"
"2.107970788323031","128","19"
"2.1076994868220478","129","19"
"2.1074400864429594","130","19"
"2.107196774617545","131","19"
"2.106969330954657","132","19"
"2.1067559923251267","133","19"
"2.106552130514883","134","19"
"2.1063647980406057","135","19"
"2.106195317249171","136","19"
"2.106026938413467","137","19"
"2.105849964323061","138","19"
"2.1056773980555796","139","19"
"2.105529074814181","140","19"
"2.1054213035436846","141","19"
"2.105376343749858","142","19"
"2.105450395174984","143","19"
"2.105667480454","144","19"
"2.1060011526493607","145","19"
"2.106355762003611","146","19"
"2.1066460171431682","147","19"
"2.10682673788306","148","19"
"2.1068838191899277","149","19"
"2.1068611189018682","150","19"
"2.106855388732067","151","19"
"2.106975281515605","152","19"
"2.107291763201561","153","19"
"2.107830399162896","154","19"
"2.1085731173256206","155","19"
"2.1094661422500596","156","19"
"2.110436965249111","157","19"
"2.1114196893700568","158","19"
"2.1123744238154347","159","19"
"2.1132914713748105","160","19"
"2.1141948546831215","161","19"
"2.115128431578463","162","19"
"2.116138704592686","163","19"
"2.117260936309182","164","19"
"2.118516284277989","165","19"
"2.119917751576733","166","19"
"2.1214743742424074","167","19"
"2.12319739222347","168","19"
"2.1251143544131965","169","19"
"2.1272543524428866","170","19"
"2.129629287434436","171","19"
"2.1322276990482405","172","19"
"2.135027768560827","173","19"
"2.137984536178368","174","19"
"2.1410534828893293","175","19"
"2.1442158754462834","176","19"
"2.147502127827407","177","19"
"2.150967998992691","178","19"
"2.154668145946395","179","19"
"2.158618657242193","180","19"
"2.162640354878216","181","19"
"2.1665842544396274","182","19"
"2.1703705743314994","183","19"
"2.174074247543543","184","19"
"2.1777512534268952","185","19"
"2.181632121120491","186","19"
"2.1858138227286616","187","19"
"2.189912436874712","188","19"
"2.193422386269238","189","19"
"2.19555643373798","190","19"
"2.1952309160150296","191","19"
"2.190962380295252","192","19"
"2.180927089843768","193","19"
"2.1628558974192087","194","19"
"2.133659359934015","195","19"
"2.0890583628933914","196","19"
"2.0225782552040084","197","19"
"1.927538540441976","198","19"
"1.8034075249670647","199","19"
"1.659705665513214","200","19"
"1.5198291351841147","201","19"
"1.4206767012426744","202","19"
"1.4097254651875455","203","19"
"1.5395454373195518","204","19"
"1.8457017980758905","205","19"
"2.2877753622196826","206","19"
"2.7021999755069617","207","19"
"2.9155564567201906","208","19"
"2.9186090944863325","209","19"
"2.8083009015060814","210","19"
"2.706853534559166","211","19"
"2.7156872524815183","212","19"
"2.7751205736620124","213","19"
"2.758443796019518","214","19"
"2.606842897494388","215","19"
"2.4204332009458502","216","19"
"2.3531815038535893","217","19"
"2.4512337451931536","218","19"
"2.665888330257554","219","19"
"2.902166372241112","220","19"
"3.044681866154919","221","19"
"3.0305034425458506","222","19"
"2.90701740176032","223","19"
"2.7741684839103895","224","19"
"2.70403891923093","225","19"
"2.7154005236003003","226","19"
"2.7782849497392825","227","19"
"2.8444357930562294","228","19"
"2.8829707441885937","229","19"
"2.8931387101100956","230","19"
"2.8927040987697716","231","19"
"2.8962246269393153","232","19"
"2.9027424746973027","233","19"
"2.901856722680688","234","19"
"2.8890306191447586","235","19"
"2.87265291228767","236","19"
"2.866455733647417","237","19"
"2.8764528964306066","238","19"
"2.895600258822105","239","19"
"2.909932074668935","240","19"
"2.909943535008538","241","19"
"2.897991061976181","242","19"
"2.885435819158942","243","19"
"2.8824188847584864","244","19"
"2.889843642083124","245","19"
"2.899928520542505","246","19"
"2.9028993931934033","247","19"
"2.895514747057376","248","19"
"2.882649193506275","249","19"
"2.8727148421997546","250","19"
"2.87071170707186","251","19"
"2.874931095566033","252","19"
"2.8795983188693026","253","19"
"2.880160757074428","254","19"
"2.8765946079376192","255","19"
"2.872405413030477","256","19"
"2.8708531981877266","257","19"
"2.8720605008866595","258","19"
"2.8732852144861436","259","19"
"2.871643520838032","260","19"
"2.866653424505566","261","19"
"2.8605318400284627","262","19"
"2.856213495909642","263","19"
"2.8550590870857993","264","19"
"2.8560788369193086","265","19"
"2.8571331881627726","266","19"
"2.8567935654064645","267","19"
"2.855310112601331","268","19"
"2.854025893392371","269","19"
"2.853906661782272","270","19"
"2.8546112522767024","271","19"
"2.8548129101754838","272","19"
"2.8534268702569747","273","19"
"2.8505055856139734","274","19"
"2.8471580644942036","275","19"
"2.844670730018088","276","19"
"2.843626957549642","277","19"
"2.8436741212549306","278","19"
"2.8439943495903726","279","19"
"2.843991925287764","280","19"
"2.8436401810184146","281","19"
"2.843280502667801","282","19"
"2.843136807640473","283","19"
"2.843027052849661","284","19"
"2.842514202652432","285","19"
"2.841308222300376","286","19"
"2.839546635868727","287","19"
"2.8377264253921863","288","19"
"2.836364187717468","289","19"
"2.835672600300664","290","19"
"2.83549783012172","291","19"
"2.8355108331993466","292","19"
"2.8354716035753214","293","19"
"2.8353398096698883","294","19"
"2.835191045646197","295","19"
"2.8350515380506467","296","19"
"2.834813736003887","297","19"
"2.834313668493139","298","19"
"2.8334783860490065","299","19"
"2.832413456030524","300","19"