"nusselt","time","episode"
"7.101385620737345","1.5","0"
"10.743713170093132","3","0"
"7.073163894258199","4.5","0"
"3.677781010083596","6","0"
"7.1563693717061625","7.5","0"
"9.343268576304883","9","0"
"5.724319913640745","10.5","0"
"4.41484796916275","12","0"
"8.08175587497735","13.5","0"
"8.4109418356543","15","0"
"5.329932288068657","16.5","0"
"6.0997718237356","18","0"
"7.676144018307264","19.5","0"
"7.727863891397523","21","0"
"5.701236712699833","22.5","0"
"5.441950370687657","24","0"
"7.81213580878648","25.5","0"
"8.768903933593029","27","0"
"7.157475729223505","28.5","0"
"5.887066336465864","30","0"
"6.773419363782187","31.5","0"
"7.9846452822913685","33","0"
"8.508957719547123","34.5","0"
"8.08583978800462","36","0"
"7.125018797174628","37.5","0"
"5.905945871650457","39","0"
"5.915493564541773","40.5","0"
"8.232443247268222","42","0"
"7.9047983021622","43.5","0"
"5.8206227914176285","45","0"
"4.981958454789843","46.5","0"
"5.123534270671738","48","0"
"5.270807950970345","49.5","0"
"6.667627437454551","51","0"
"8.092561710738053","52.5","0"
"7.648848773847096","54","0"
"5.960798535269781","55.5","0"
"5.134016823344968","57","0"
"4.889705486178895","58.5","0"
"4.770025692948701","60","0"
"5.634940517717382","61.5","0"
"6.856446444160539","63","0"
"6.652823437534291","64.5","0"
"6.452170101464618","66","0"
"6.310496216475395","67.5","0"
"5.88611324272932","69","0"
"5.671749944017115","70.5","0"
"6.642123555834268","72","0"
"6.933668720442328","73.5","0"
"5.59786990233783","75","0"
"5.34512757879906","76.5","0"
"5.6677227040920695","78","0"
"5.879134073392745","79.5","0"
"6.205416399997452","81","0"
"6.44460103905532","82.5","0"
"6.344978595916824","84","0"
"5.8207292382878935","85.5","0"
"5.790467772938244","87","0"
"6.043008044547343","88.5","0"
"5.740653594511488","90","0"
"5.578747904837632","91.5","0"
"6.394991376606159","93","0"
"6.990959313076482","94.5","0"
"6.21867987715637","96","0"
"5.735364762049962","97.5","0"
"5.616957403167108","99","0"
"5.724704797926289","100.5","0"
"6.157328040735835","102","0"
"6.396490503362398","103.5","0"
"6.24090854627765","105","0"
"5.852515456492181","106.5","0"
"5.7974922807565985","108","0"
"5.926838041178404","109.5","0"
"5.814076801705883","111","0"
"5.741138519142697","112.5","0"
"6.149995526927127","114","0"
"6.325017836503701","115.5","0"
"6.157889843662236","117","0"
"6.119488642404365","118.5","0"
"6.036321604103998","120","0"
"5.982355012117718","121.5","0"
"6.168805575960297","123","0"
"6.272366060489033","124.5","0"
"5.864031923673824","126","0"
"5.358144651165696","127.5","0"
"5.216726041541277","129","0"
"5.340453772699068","130.5","0"
"5.712778805979874","132","0"
"6.220313540929195","133.5","0"
"6.5047568266141225","135","0"
"6.625707082953319","136.5","0"
"5.987497972942212","138","0"
"5.121667507965414","139.5","0"
"4.791801470061768","141","0"
"5.150492433376065","142.5","0"
"5.888749281197145","144","0"
"6.562214481697444","145.5","0"
"7.224847234719473","147","0"
"7.624233920717364","148.5","0"
"6.783153338696468","150","0"
"5.618662524329695","151.5","0"
"4.74029350509287","153","0"
"4.4862890962080355","154.5","0"
"4.918021339288692","156","0"
"5.763474620753412","157.5","0"
"6.469545088987541","159","0"
"6.783835879971087","160.5","0"
"6.5654551975255275","162","0"
"5.943284082634427","163.5","0"
"5.33068973640013","165","0"
"5.0065358543911485","166.5","0"
"5.0713452428569745","168","0"
"5.593326197968163","169.5","0"
"6.332748540456734","171","0"
"6.806323274124262","172.5","0"
"6.794891570191163","174","0"
"6.370912207494846","175.5","0"
"5.81226079838677","177","0"
"5.376343616314008","178.5","0"
"5.299356410204056","180","0"
"5.63827782422404","181.5","0"
"6.09952443332415","183","0"
"6.447634282048304","184.5","0"
"6.542971253039444","186","0"
"6.433621734320851","187.5","0"
"6.228798243546609","189","0"
"5.945809238945725","190.5","0"
"5.587665787079877","192","0"
"5.423606519521483","193.5","0"
"5.5961406335056","195","0"
"5.930567624114373","196.5","0"
"6.25553316350913","198","0"
"6.5304588176874","199.5","0"
"6.705589052562992","201","0"
"6.6011252480657525","202.5","0"
"6.1656397671890675","204","0"
"5.776041757969343","205.5","0"
"5.654606084189352","207","0"
"5.771215673707721","208.5","0"
"6.05784949799603","210","0"
"6.4439958688854775","211.5","0"
"6.773717513580848","213","0"
"6.784944701536353","214.5","0"
"6.44557630922317","216","0"
"6.045221745201198","217.5","0"
"5.797502629757874","219","0"
"5.779270153557812","220.5","0"
"6.024858853167072","222","0"
"6.452046899068477","223.5","0"
"6.800119294264204","225","0"
"6.860471712847246","226.5","0"
"6.677114021957381","228","0"
"6.36412966918251","229.5","0"
"6.06946501990417","231","0"
"5.9611568078377575","232.5","0"
"6.095666719896194","234","0"
"6.352516118512709","235.5","0"
"6.572576296022457","237","0"
"6.703156051644006","238.5","0"
"6.70497747586855","240","0"
"6.5616295167205685","241.5","0"
"6.357163312895134","243","0"
"6.210577101966991","244.5","0"
"6.177030567926646","246","0"
"6.239575003541823","247.5","0"
"6.3700039594304965","249","0"
"6.541383420557984","250.5","0"
"6.666555083798543","252","0"
"6.665056449851888","253.5","0"
"6.546250408015124","255","0"
"6.382279846181951","256.5","0"
"6.25380290905773","258","0"
"6.21400952072347","259.5","0"
"6.285091882391193","261","0"
"6.443648930937946","262.5","0"
"6.6070433983667645","264","0"
"6.687548772100909","265.5","0"
"6.655529947772709","267","0"
"6.535593400748957","268.5","0"
"6.381468681605761","270","0"
"6.2687059637044875","271.5","0"
"6.260784542442228","273","0"
"6.357082492123266","274.5","0"
"6.49878249602047","276","0"
"6.617850712556223","277.5","0"
"6.667209042117258","279","0"
"6.6256568163756935","280.5","0"
"6.507481570807169","282","0"
"6.37092994863989","283.5","0"
"6.2873632417664425","285","0"
"6.296044575408097","286.5","0"
"6.384596051229395","288","0"
"6.507720090646098","289.5","0"
"6.6107251787730315","291","0"
"6.644927642370429","292.5","0"
"6.592454263425374","294","0"
"6.4830416650799565","295.5","0"
"6.3747112765822385","297","0"
"6.316307427096557","298.5","0"
"6.330370241401635","300","0"
"7.752118007911355","1.5","1"
"3.2911479897293927","3","1"
"7.130978343480744","4.5","1"
"10.666883170240654","6","1"
"6.765084968088065","7.5","1"
"4.128218580160703","9","1"
"7.962672874154061","10.5","1"
"8.128895575788684","12","1"
"4.326259039813025","13.5","1"
"4.30502683167173","15","1"
"8.42514855035807","16.5","1"
"10.899401574048145","18","1"
"6.327332070312806","19.5","1"
"3.991057598942112","21","1"
"6.95838509234648","22.5","1"
"8.906728975726818","24","1"
"8.036338050854477","25.5","1"
"6.033509632614484","27","1"
"6.636587825770876","28.5","1"
"8.618305267027377","30","1"
"9.741954487073526","31.5","1"
"8.809857395689349","33","1"
"7.565627033682842","34.5","1"
"7.167530523177335","36","1"
"6.8436979530174895","37.5","1"
"6.362593581707429","39","1"
"5.4641706620459995","40.5","1"
"4.271862225059422","42","1"
"4.725526465891452","43.5","1"
"6.33978389008595","45","1"
"6.848408719836323","46.5","1"
"6.521534528920556","48","1"
"6.481727341917928","49.5","1"
"6.149243992310669","51","1"
"6.262695165201578","52.5","1"
"7.144055538616697","54","1"
"6.882652086629239","55.5","1"
"5.810288574429351","57","1"
"5.453312588469331","58.5","1"
"5.788486678408302","60","1"
"6.10179480708023","61.5","1"
"6.26164449516729","63","1"
"6.9452862135888065","64.5","1"
"6.9324864702489615","66","1"
"6.147650246114194","67.5","1"
"5.935241430214365","69","1"
"5.832384184962799","70.5","1"
"5.638844062436702","72","1"
"5.973641153043482","73.5","1"
"6.842262891507243","75","1"
"6.64070130737322","76.5","1"
"6.203096745282916","78","1"
"6.346985316545163","79.5","1"
"6.241362916714617","81","1"
"5.833493006528065","82.5","1"
"6.072286847585375","84","1"
"6.676284130616978","85.5","1"
"6.453944708778628","87","1"
"6.2431094338823065","88.5","1"
"6.150873220797234","90","1"
"6.0752895363841155","91.5","1"
"6.0081043129111125","93","1"
"6.193764902989638","94.5","1"
"6.45744020716193","96","1"
"6.382997376937074","97.5","1"
"6.342751589404186","99","1"
"6.40937648837954","100.5","1"
"6.240569986093055","102","1"
"6.078475057538728","103.5","1"
"6.33028646377226","105","1"
"6.609479356143257","106.5","1"
"6.398309956348603","108","1"
"6.094991570765343","109.5","1"
"5.993208650408124","111","1"
"6.112778054291376","112.5","1"
"6.227923013724426","114","1"
"6.3200892478484905","115.5","1"
"6.382177341788362","117","1"
"6.330835453649462","118.5","1"
"6.366175814577614","120","1"
"6.448142861539572","121.5","1"
"6.242075519373894","123","1"
"5.993532919114767","124.5","1"
"6.13386439079564","126","1"
"6.353100097870415","127.5","1"
"6.169480725091148","129","1"
"5.829253365672073","130.5","1"
"5.691223807560691","132","1"
"5.721804613521138","133.5","1"
"5.803158112550315","135","1"
"6.057282766973783","136.5","1"
"6.487536581300752","138","1"
"6.664467542398336","139.5","1"
"6.459637645099495","141","1"
"5.99045926573585","142.5","1"
"5.449826946277721","144","1"
"5.267622429815732","145.5","1"
"5.527115751853425","147","1"
"6.055542163521108","148.5","1"
"6.681660683184556","150","1"
"7.089087557554586","151.5","1"
"6.910996029885356","153","1"
"6.278863262051907","154.5","1"
"5.691952672936258","156","1"
"5.305503224152305","157.5","1"
"5.36089502145714","159","1"
"5.817310125390199","160.5","1"
"6.261437515141774","162","1"
"6.671216076849336","163.5","1"
"6.906174380909996","165","1"
"6.665274764497849","166.5","1"
"5.873671279147868","168","1"
"5.085082802836241","169.5","1"
"4.863079969944147","171","1"
"5.161485043969318","172.5","1"
"5.746469733228495","174","1"
"6.2933070181658515","175.5","1"
"6.60028352929532","177","1"
"6.535655987566197","178.5","1"
"6.022696897519595","180","1"
"5.40376994812367","181.5","1"
"5.055565972768865","183","1"
"5.113331141032954","184.5","1"
"5.534287609737564","186","1"
"6.136623138850021","187.5","1"
"6.5865533614598215","189","1"
"6.6424212128233435","190.5","1"
"6.295835624144242","192","1"
"5.802606658625189","193.5","1"
"5.442228808102935","195","1"
"5.298375226321191","196.5","1"
"5.485140695488306","198","1"
"5.941130997559473","199.5","1"
"6.37769474580718","201","1"
"6.558642597828534","202.5","1"
"6.474601808134738","204","1"
"6.2414294460085324","205.5","1"
"5.961754585863832","207","1"
"5.664505150314461","208.5","1"
"5.506430069541411","210","1"
"5.629967083389976","211.5","1"
"5.930531156205116","213","1"
"6.2185335127097545","214.5","1"
"6.394614870083553","216","1"
"6.452103572170702","217.5","1"
"6.3530542665790515","219","1"
"6.064509326721809","220.5","1"
"5.737181258178659","222","1"
"5.604469608294292","223.5","1"
"5.708033542490121","225","1"
"5.9575657043950505","226.5","1"
"6.258421520484251","228","1"
"6.512144042286716","229.5","1"
"6.572626562600083","231","1"
"6.357058344453622","232.5","1"
"6.004314607205827","234","1"
"5.734762055928042","235.5","1"
"5.667584717408392","237","1"
"5.8117206790820894","238.5","1"
"6.122660857700194","240","1"
"6.4702074250691926","241.5","1"
"6.643853810285667","243","1"
"6.551093740612204","244.5","1"
"6.290538906729363","246","1"
"5.9984324320044875","247.5","1"
"5.809685375497846","249","1"
"5.824705718825729","250.5","1"
"6.044987167838946","252","1"
"6.336003054953186","253.5","1"
"6.513654996472985","255","1"
"6.530727891720571","256.5","1"
"6.419110463293821","258","1"
"6.228224613190178","259.5","1"
"6.058157011176797","261","1"
"6.008774533946118","262.5","1"
"6.088473178390334","264","1"
"6.2120422248618965","265.5","1"
"6.32234335888828","267","1"
"6.412889727907888","268.5","1"
"6.443507494587176","270","1"
"6.401602909992651","271.5","1"
"6.330755618496763","273","1"
"6.25962791834726","274.5","1"
"6.176421948089712","276","1"
"6.113467002090594","277.5","1"
"6.149053275001444","279","1"
"6.268787770095525","280.5","1"
"6.404684941134505","282","1"
"6.518349500575528","283.5","1"
"6.565274829217578","285","1"
"6.471700145300833","286.5","1"
"6.248611160084363","288","1"
"6.063434016208293","289.5","1"
"6.035333028077365","291","1"
"6.152976532104147","292.5","1"
"6.365475039348366","294","1"
"6.596509100687155","295.5","1"
"6.6987700463414","297","1"
"6.557850652826143","298.5","1"
"6.282388329010283","300","1"
"4.487023875298618","1.5","2"
"9.854421519224061","3","2"
"10.254313827855714","4.5","2"
"4.030602857650545","6","2"
"5.152322235363545","7.5","2"
"8.764099040143543","9","2"
"7.3445516684288945","10.5","2"
"3.4464892093320816","12","2"
"5.8875965995788535","13.5","2"
"10.140908486256171","15","2"
"7.557040319481423","16.5","2"
"4.8726138641670955","18","2"
"6.908771980230226","19.5","2"
"8.099815867822816","21","2"
"7.362583078318456","22.5","2"
"5.8778478403770364","24","2"
"7.059020259181253","25.5","2"
"8.651721699337397","27","2"
"8.357590270029554","28.5","2"
"6.3854505830490265","30","2"
"6.486466198883082","31.5","2"
"7.947242513251822","33","2"
"8.645395009890784","34.5","2"
"8.099875990592132","36","2"
"6.626671018500724","37.5","2"
"4.504173648841396","39","2"
"3.756954319510668","40.5","2"
"6.123521796044425","42","2"
"8.36165003538718","43.5","2"
"7.137761867412248","45","2"
"6.372226530656874","46.5","2"
"6.116212444286193","48","2"
"5.590656155639003","49.5","2"
"6.390732516176368","51","2"
"6.884563202198173","52.5","2"
"6.194429210309629","54","2"
"6.037452109290984","55.5","2"
"5.978087281115405","57","2"
"5.891546961208707","58.5","2"
"6.039769299957598","60","2"
"6.5316642299312395","61.5","2"
"6.708342379711944","63","2"
"6.1790496087946","64.5","2"
"5.717367356021736","66","2"
"5.618212096369405","67.5","2"
"5.430207703906699","69","2"
"5.683657702008901","70.5","2"
"6.721736944220354","72","2"
"7.771790966527094","73.5","2"
"7.173866083196472","75","2"
"6.1025936514168055","76.5","2"
"5.679329355427688","78","2"
"5.790097180130652","79.5","2"
"6.264200698482416","81","2"
"6.429085914904537","82.5","2"
"6.614164989673279","84","2"
"6.555018476143661","85.5","2"
"6.38421954470679","87","2"
"6.362221510471085","88.5","2"
"6.117369068381161","90","2"
"5.869632211792793","91.5","2"
"6.110901928202947","93","2"
"6.543311291652792","94.5","2"
"6.441096177289912","96","2"
"6.377716429428902","97.5","2"
"6.4276562742997205","99","2"
"6.401922250603446","100.5","2"
"6.422330481119353","102","2"
"6.499116128109219","103.5","2"
"6.356019501849365","105","2"
"6.070038650260601","106.5","2"
"6.037816295573976","108","2"
"6.240504442418309","109.5","2"
"6.344677489260656","111","2"
"6.369645194052936","112.5","2"
"6.433761692242866","114","2"
"6.399033400818741","115.5","2"
"6.310866809282986","117","2"
"6.311476907548674","118.5","2"
"6.15185785434719","120","2"
"5.942935173448556","121.5","2"
"6.0371209412501585","123","2"
"6.211979145235072","124.5","2"
"6.200494710676425","126","2"
"6.024161034795331","127.5","2"
"5.871581766509323","129","2"
"5.878176051560355","130.5","2"
"6.05659874727041","132","2"
"6.243014814442071","133.5","2"
"6.26508578449629","135","2"
"6.313180057472922","136.5","2"
"6.0181571356266055","138","2"
"5.588120157516844","139.5","2"
"5.315734936746994","141","2"
"5.398916266525313","142.5","2"
"5.925990408692956","144","2"
"6.6694700524912305","145.5","2"
"6.990115130258126","147","2"
"6.793577247029136","148.5","2"
"6.302394426905186","150","2"
"5.666313268680221","151.5","2"
"5.055182074102491","153","2"
"4.96143934211741","154.5","2"
"5.324285183039154","156","2"
"5.822627540807629","157.5","2"
"6.356498512765559","159","2"
"6.837639844794461","160.5","2"
"6.75140703806853","162","2"
"5.676494221887699","163.5","2"
"4.5911555261358625","165","2"
"4.39024198660554","166.5","2"
"4.913372666477513","168","2"
"5.6959459089999696","169.5","2"
"6.456474300376187","171","2"
"7.0001842156899095","172.5","2"
"6.815459471012468","174","2"
"5.950119844381894","175.5","2"
"5.130847072097062","177","2"
"4.759922110845999","178.5","2"
"4.891624979510766","180","2"
"5.428735681677611","181.5","2"
"6.1705580068430015","183","2"
"6.742894245304796","184.5","2"
"6.79301938657941","186","2"
"6.361439914469968","187.5","2"
"5.835634264172989","189","2"
"5.413201337953029","190.5","2"
"5.221963621806008","192","2"
"5.427727393267595","193.5","2"
"5.879705732510837","195","2"
"6.292039019104772","196.5","2"
"6.519673187119663","198","2"
"6.539702939874625","199.5","2"
"6.386518501418774","201","2"
"6.069553232819807","202.5","2"
"5.617853330991843","204","2"
"5.400203977969775","205.5","2"
"5.508050427455452","207","2"
"5.802827437319073","208.5","2"
"6.120804936804732","210","2"
"6.415042812982841","211.5","2"
"6.617433795647682","213","2"
"6.549795680166467","214.5","2"
"6.114952822988051","216","2"
"5.670101495956754","217.5","2"
"5.504243966224291","219","2"
"5.590847858567398","220.5","2"
"5.848494623091735","222","2"
"6.235093885989396","223.5","2"
"6.6281277636326905","225","2"
"6.754970544174502","226.5","2"
"6.48495376626806","228","2"
"6.052624237970913","229.5","2"
"5.722866125366285","231","2"
"5.604794369810519","232.5","2"
"5.74112915576059","234","2"
"6.112373950432035","235.5","2"
"6.518055786063129","237","2"
"6.698181631697432","238.5","2"
"6.613532714976285","240","2"
"6.345006686063144","241.5","2"
"6.025008667280779","243","2"
"5.823518540536518","244.5","2"
"5.8565643800389475","246","2"
"6.08848352739161","247.5","2"
"6.327632191349806","249","2"
"6.471875092703352","250.5","2"
"6.538390587950935","252","2"
"6.477439405722649","253.5","2"
"6.3110668899743185","255","2"
"6.168552271833832","256.5","2"
"6.127208504546538","258","2"
"6.130988846869718","259.5","2"
"6.134508000113079","261","2"
"6.224916875258594","262.5","2"
"6.373950378583674","264","2"
"6.481075354837552","265.5","2"
"6.529557468957235","267","2"
"6.52462740187327","268.5","2"
"6.407436789854702","270","2"
"6.176889131575877","271.5","2"
"6.015693580513377","273","2"
"6.045504125093152","274.5","2"
"6.21258382259533","276","2"
"6.450293975376188","277.5","2"
"6.695241529715932","279","2"
"6.770308749684428","280.5","2"
"6.539289965442761","282","2"
"6.187412094635042","283.5","2"
"5.973246905375832","285","2"
"5.960319031544001","286.5","2"
"6.135924827668696","288","2"
"6.461072706609741","289.5","2"
"6.757436563335653","291","2"
"6.788122830547197","292.5","2"
"6.550317072706934","294","2"
"6.247966072338171","295.5","2"
"6.0355848537750765","297","2"
"5.9940730384194465","298.5","2"
"6.162085624465202","300","2"
"3.832147698732813","1.5","3"
"9.19803364925761","3","3"
"10.646003813761906","4.5","3"
"3.600728260298897","6","3"
"3.4412649349261337","7.5","3"
"8.473197484852923","9","3"
"9.861707216122236","10.5","3"
"4.795528588949814","12","3"
"4.924191808097","13.5","3"
"8.812940412450372","15","3"
"7.660581584436362","16.5","3"
"5.028673846548869","18","3"
"5.9715782521225025","19.5","3"
"8.345112331348428","21","3"
"8.483085216357587","22.5","3"
"5.797843161180807","24","3"
"5.808299594946056","25.5","3"
"8.718987250772685","27","3"
"9.920436319933728","28.5","3"
"9.225855707163676","30","3"
"7.53029209366012","31.5","3"
"6.7794045361867","33","3"
"6.628575234735473","34.5","3"
"5.228022222838621","36","3"
"4.335163616196487","37.5","3"
"4.153910715042289","39","3"
"4.41479720977554","40.5","3"
"4.819363817316769","42","3"
"5.06337355501709","43.5","3"
"5.925065897912316","45","3"
"6.735920989683235","46.5","3"
"6.3020790287710655","48","3"
"5.634659123444597","49.5","3"
"5.326483606595888","51","3"
"4.734274328827023","52.5","3"
"4.832506556127469","54","3"
"5.498490907134107","55.5","3"
"5.945429775565612","57","3"
"5.955662966589054","58.5","3"
"5.554410996313593","60","3"
"5.4249440047339865","61.5","3"
"5.705211714808915","63","3"
"5.632130024656622","64.5","3"
"4.73905458179728","66","3"
"4.416890664890762","67.5","3"
"5.150734895691669","69","3"
"5.954801042625654","70.5","3"
"6.20243293077251","72","3"
"6.569535660885706","73.5","3"
"6.411305345093519","75","3"
"5.243660056575961","76.5","3"
"4.652934135656629","78","3"
"4.703894589177078","79.5","3"
"4.747174112512534","81","3"
"5.151437149349671","82.5","3"
"6.1200006715627255","84","3"
"7.011824870886863","85.5","3"
"6.635797852006823","87","3"
"5.553616587263279","88.5","3"
"5.029302671578771","90","3"
"4.663104739862832","91.5","3"
"4.637278560774245","93","3"
"5.3645472332883335","94.5","3"
"6.388783947079008","96","3"
"6.700185395468264","97.5","3"
"6.045362688742383","99","3"
"5.66812237266515","100.5","3"
"5.355015803113308","102","3"
"4.894833662715853","103.5","3"
"4.9910419210525","105","3"
"5.68299980121351","106.5","3"
"6.13156691251241","108","3"
"5.894578232963352","109.5","3"
"5.676187201516517","111","3"
"5.774902875019419","112.5","3"
"5.686314438479278","114","3"
"5.436652667653608","115.5","3"
"5.664642644188554","117","3"
"5.910739923289082","118.5","3"
"5.685550583623206","120","3"
"5.354652602449486","121.5","3"
"5.4142115976013825","123","3"
"5.604175893781893","124.5","3"
"5.682963826113837","126","3"
"5.9129240553678635","127.5","3"
"6.190776012859266","129","3"
"6.018962879297365","130.5","3"
"5.456732686986196","132","3"
"5.160759628260842","133.5","3"
"5.268468091062841","135","3"
"5.462043203069443","136.5","3"
"5.775627305108726","138","3"
"6.288784997417905","139.5","3"
"6.504005784807249","141","3"
"6.111141926470628","142.5","3"
"5.4956227553519525","144","3"
"5.242166843534736","145.5","3"
"5.262080786037326","147","3"
"5.41584673980296","148.5","3"
"5.863431188790242","150","3"
"6.379485615837481","151.5","3"
"6.439978485152124","153","3"
"6.039359282383241","154.5","3"
"5.656999167531988","156","3"
"5.513427472832615","157.5","3"
"5.464209101193595","159","3"
"5.590730077076687","160.5","3"
"5.946718965438827","162","3"
"6.253097698542221","163.5","3"
"6.2499161198642845","165","3"
"6.0369489507051455","166.5","3"
"5.888418605965904","168","3"
"5.797505093805797","169.5","3"
"5.7058637018892915","171","3"
"5.780585955148594","172.5","3"
"5.99262812071751","174","3"
"6.148529418413054","175.5","3"
"6.149151836918357","177","3"
"6.069107732955362","178.5","3"
"6.021995629480763","180","3"
"5.95418503064495","181.5","3"
"5.876394052102577","183","3"
"5.9099474854771055","184.5","3"
"6.019764187681864","186","3"
"6.10891491995799","187.5","3"
"6.130031317846912","189","3"
"6.125283590309237","190.5","3"
"6.133395236071137","192","3"
"6.072650541058783","193.5","3"
"5.964198428593678","195","3"
"5.9240206487834595","196.5","3"
"5.963018149638651","198","3"
"6.03162118628644","199.5","3"
"6.100237035983428","201","3"
"6.172232573811345","202.5","3"
"6.198571274867878","204","3"
"6.107217683748757","205.5","3"
"5.9764063076224625","207","3"
"5.912619006235019","208.5","3"
"5.9229325252207445","210","3"
"5.977994632913508","211.5","3"
"6.063816929255498","213","3"
"6.159650159498294","214.5","3"
"6.189808134835186","216","3"
"6.105497285489048","217.5","3"
"5.988817717009671","219","3"
"5.925276820414509","220.5","3"
"5.921407279556524","222","3"
"5.958634115574382","223.5","3"
"6.032267752461386","225","3"
"6.120702432411143","226.5","3"
"6.15239797365187","228","3"
"6.094069031223042","229.5","3"
"6.010651152844132","231","3"
"5.960437305844296","232.5","3"
"5.947748937470563","234","3"
"5.964202371070354","235.5","3"
"6.015202249357568","237","3"
"6.080372867248879","238.5","3"
"6.101719407213792","240","3"
"6.0670315261756","241.5","3"
"6.023068968755941","243","3"
"5.997467018028329","244.5","3"
"5.98551786403144","246","3"
"5.987829633792623","247.5","3"
"6.016903428043478","249","3"
"6.052653313736402","250.5","3"
"6.054148498015965","252","3"
"6.032012969906167","253.5","3"
"6.020880894200483","255","3"
"6.0221868395995735","256.5","3"
"6.020538884348796","258","3"
"6.020402376093872","259.5","3"
"6.034295663901861","261","3"
"6.041084608738795","262.5","3"
"6.019653305525337","264","3"
"6.000209010556835","265.5","3"
"6.009216091333886","267","3"
"6.030666614121142","268.5","3"
"6.043545206994517","270","3"
"6.052048636376144","271.5","3"
"6.05968570650811","273","3"
"6.043120897942208","274.5","3"
"6.001762839176961","276","3"
"5.980073303741193","277.5","3"
"5.996793347326232","279","3"
"6.02770581413709","280.5","3"
"6.0534304744512575","282","3"
"6.075224978328538","283.5","3"
"6.082622543002406","285","3"
"6.051528229454846","286.5","3"
"5.99961221814993","288","3"
"5.975791774070513","289.5","3"
"5.990070438973629","291","3"
"6.020058887813432","292.5","3"
"6.053657166860156","294","3"
"6.086259970546063","295.5","3"
"6.094469685415292","297","3"
"6.057447858184611","298.5","3"
"6.007489286549578","300","3"
"4.487023875298618","1.5","4"
"9.854421519224061","3","4"
"10.254313827855714","4.5","4"
"4.030602857650545","6","4"
"5.152322235363545","7.5","4"
"8.764099040143543","9","4"
"7.3445516684288945","10.5","4"
"3.4464892093320816","12","4"
"5.8875965995788535","13.5","4"
"10.140908486256171","15","4"
"7.557040319481423","16.5","4"
"4.8726138641670955","18","4"
"6.908771980230226","19.5","4"
"8.099815867822816","21","4"
"7.362583078318456","22.5","4"
"5.8778478403770364","24","4"
"7.059020259181253","25.5","4"
"8.651721699337397","27","4"
"8.357590270029554","28.5","4"
"6.3854505830490265","30","4"
"6.486466198883082","31.5","4"
"7.947242513251822","33","4"
"8.645395009890784","34.5","4"
"8.099875990592132","36","4"
"6.626671018500724","37.5","4"
"4.504173648841396","39","4"
"3.756954319510668","40.5","4"
"6.123521796044425","42","4"
"8.36165003538718","43.5","4"
"7.137761867412248","45","4"
"6.372226530656874","46.5","4"
"6.116212444286193","48","4"
"5.590656155639003","49.5","4"
"6.390732516176368","51","4"
"6.884563202198173","52.5","4"
"6.194429210309629","54","4"
"6.037452109290984","55.5","4"
"5.978087281115405","57","4"
"5.891546961208707","58.5","4"
"6.039769299957598","60","4"
"6.5316642299312395","61.5","4"
"6.708342379711944","63","4"
"6.1790496087946","64.5","4"
"5.717367356021736","66","4"
"5.618212096369405","67.5","4"
"5.430207703906699","69","4"
"5.683657702008901","70.5","4"
"6.721736944220354","72","4"
"7.771790966527094","73.5","4"
"7.173866083196472","75","4"
"6.1025936514168055","76.5","4"
"5.679329355427688","78","4"
"5.790097180130652","79.5","4"
"6.264200698482416","81","4"
"6.429085914904537","82.5","4"
"6.614164989673279","84","4"
"6.555018476143661","85.5","4"
"6.38421954470679","87","4"
"6.362221510471085","88.5","4"
"6.117369068381161","90","4"
"5.869632211792793","91.5","4"
"6.110901928202947","93","4"
"6.543311291652792","94.5","4"
"6.441096177289912","96","4"
"6.377716429428902","97.5","4"
"6.4276562742997205","99","4"
"6.401922250603446","100.5","4"
"6.422330481119353","102","4"
"6.499116128109219","103.5","4"
"6.356019501849365","105","4"
"6.070038650260601","106.5","4"
"6.037816295573976","108","4"
"6.240504442418309","109.5","4"
"6.344677489260656","111","4"
"6.369645194052936","112.5","4"
"6.433761692242866","114","4"
"6.399033400818741","115.5","4"
"6.310866809282986","117","4"
"6.311476907548674","118.5","4"
"6.15185785434719","120","4"
"5.942935173448556","121.5","4"
"6.0371209412501585","123","4"
"6.211979145235072","124.5","4"
"6.200494710676425","126","4"
"6.024161034795331","127.5","4"
"5.871581766509323","129","4"
"5.878176051560355","130.5","4"
"6.05659874727041","132","4"
"6.243014814442071","133.5","4"
"6.26508578449629","135","4"
"6.313180057472922","136.5","4"
"6.0181571356266055","138","4"
"5.588120157516844","139.5","4"
"5.315734936746994","141","4"
"5.398916266525313","142.5","4"
"5.925990408692956","144","4"
"6.6694700524912305","145.5","4"
"6.990115130258126","147","4"
"6.793577247029136","148.5","4"
"6.302394426905186","150","4"
"5.666313268680221","151.5","4"
"5.055182074102491","153","4"
"4.96143934211741","154.5","4"
"5.324285183039154","156","4"
"5.822627540807629","157.5","4"
"6.356498512765559","159","4"
"6.837639844794461","160.5","4"
"6.75140703806853","162","4"
"5.676494221887699","163.5","4"
"4.5911555261358625","165","4"
"4.39024198660554","166.5","4"
"4.913372666477513","168","4"
"5.6959459089999696","169.5","4"
"6.456474300376187","171","4"
"7.0001842156899095","172.5","4"
"6.815459471012468","174","4"
"5.950119844381894","175.5","4"
"5.130847072097062","177","4"
"4.759922110845999","178.5","4"
"4.891624979510766","180","4"
"5.428735681677611","181.5","4"
"6.1705580068430015","183","4"
"6.742894245304796","184.5","4"
"6.79301938657941","186","4"
"6.361439914469968","187.5","4"
"5.835634264172989","189","4"
"5.413201337953029","190.5","4"
"5.221963621806008","192","4"
"5.427727393267595","193.5","4"
"5.879705732510837","195","4"
"6.292039019104772","196.5","4"
"6.519673187119663","198","4"
"6.539702939874625","199.5","4"
"6.386518501418774","201","4"
"6.069553232819807","202.5","4"
"5.617853330991843","204","4"
"5.400203977969775","205.5","4"
"5.508050427455452","207","4"
"5.802827437319073","208.5","4"
"6.120804936804732","210","4"
"6.415042812982841","211.5","4"
"6.617433795647682","213","4"
"6.549795680166467","214.5","4"
"6.114952822988051","216","4"
"5.670101495956754","217.5","4"
"5.504243966224291","219","4"
"5.590847858567398","220.5","4"
"5.848494623091735","222","4"
"6.235093885989396","223.5","4"
"6.6281277636326905","225","4"
"6.754970544174502","226.5","4"
"6.48495376626806","228","4"
"6.052624237970913","229.5","4"
"5.722866125366285","231","4"
"5.604794369810519","232.5","4"
"5.74112915576059","234","4"
"6.112373950432035","235.5","4"
"6.518055786063129","237","4"
"6.698181631697432","238.5","4"
"6.613532714976285","240","4"
"6.345006686063144","241.5","4"
"6.025008667280779","243","4"
"5.823518540536518","244.5","4"
"5.8565643800389475","246","4"
"6.08848352739161","247.5","4"
"6.327632191349806","249","4"
"6.471875092703352","250.5","4"
"6.538390587950935","252","4"
"6.477439405722649","253.5","4"
"6.3110668899743185","255","4"
"6.168552271833832","256.5","4"
"6.127208504546538","258","4"
"6.130988846869718","259.5","4"
"6.134508000113079","261","4"
"6.224916875258594","262.5","4"
"6.373950378583674","264","4"
"6.481075354837552","265.5","4"
"6.529557468957235","267","4"
"6.52462740187327","268.5","4"
"6.407436789854702","270","4"
"6.176889131575877","271.5","4"
"6.015693580513377","273","4"
"6.045504125093152","274.5","4"
"6.21258382259533","276","4"
"6.450293975376188","277.5","4"
"6.695241529715932","279","4"
"6.770308749684428","280.5","4"
"6.539289965442761","282","4"
"6.187412094635042","283.5","4"
"5.973246905375832","285","4"
"5.960319031544001","286.5","4"
"6.135924827668696","288","4"
"6.461072706609741","289.5","4"
"6.757436563335653","291","4"
"6.788122830547197","292.5","4"
"6.550317072706934","294","4"
"6.247966072338171","295.5","4"
"6.0355848537750765","297","4"
"5.9940730384194465","298.5","4"
"6.162085624465202","300","4"
"6.243903350123037","1.5","5"
"10.425762282325039","3","5"
"7.00385663271407","4.5","5"
"2.915291729370404","6","5"
"6.805777733914152","7.5","5"
"11.271399874574385","9","5"
"8.641206128422","10.5","5"
"4.411500806464401","12","5"
"6.575043793612362","13.5","5"
"9.081577816329625","15","5"
"6.5016131942741975","16.5","5"
"3.3160834154938827","18","5"
"6.567890662492436","19.5","5"
"11.037473020974215","21","5"
"8.6043893099785","22.5","5"
"5.159177709494396","24","5"
"6.368276661836605","25.5","5"
"8.327706296821678","27","5"
"7.718557675202644","28.5","5"
"4.781545609797436","30","5"
"5.4904605749536595","31.5","5"
"9.25062530250296","33","5"
"9.312495574606455","34.5","5"
"6.540669339469952","36","5"
"6.138995524190106","37.5","5"
"7.5728609855746365","39","5"
"8.614141026037824","40.5","5"
"7.627727940671912","42","5"
"5.765580396108248","43.5","5"
"6.603940176412774","45","5"
"8.6926948738171","46.5","5"
"8.55981665429315","48","5"
"6.308282023011955","49.5","5"
"5.343785165490711","51","5"
"6.861254294467531","52.5","5"
"8.445746019754448","54","5"
"7.742679718747813","55.5","5"
"5.461536594816512","57","5"
"5.478246289400276","58.5","5"
"6.017101044686887","60","5"
"5.031597193004494","61.5","5"
"5.370699468142012","63","5"
"6.1792605312967925","64.5","5"
"5.666574950569624","66","5"
"5.886853442725333","67.5","5"
"7.807624137039809","69","5"
"7.83179053344759","70.5","5"
"4.9874424398468555","72","5"
"4.155408363369775","73.5","5"
"4.560940384887161","75","5"
"4.211557116196498","76.5","5"
"4.496275882439196","78","5"
"5.5180850162163155","79.5","5"
"6.804457004227523","81","5"
"7.16447214689554","82.5","5"
"7.252170569325961","84","5"
"6.740829373145479","85.5","5"
"4.635243749999586","87","5"
"3.799185390454967","88.5","5"
"4.996941344589299","90","5"
"6.037755679995075","91.5","5"
"5.639583276813546","93","5"
"5.557864605882208","94.5","5"
"6.137608265209562","96","5"
"6.328609925565577","97.5","5"
"5.733948427303929","99","5"
"5.80597451932609","100.5","5"
"6.14719390443889","102","5"
"5.393284931402516","103.5","5"
"4.721752037283287","105","5"
"5.198934137109814","106.5","5"
"5.9176126457553915","108","5"
"5.623588156127398","109.5","5"
"5.503746228543883","111","5"
"6.026858181651642","112.5","5"
"6.170900016694688","114","5"
"5.547072568789872","115.5","5"
"5.3551301349369265","117","5"
"5.6650339349986965","118.5","5"
"5.675080843999174","120","5"
"5.2664805900083005","121.5","5"
"5.417144307439114","123","5"
"5.905065220922844","124.5","5"
"5.901379005230315","126","5"
"5.741651041110642","127.5","5"
"5.878023280589141","129","5"
"6.0149277544189665","130.5","5"
"5.646352509267098","132","5"
"5.129440100733135","133.5","5"
"5.165221526239471","135","5"
"5.445870670932852","136.5","5"
"5.565226195456404","138","5"
"5.942877514727162","139.5","5"
"6.348493806683509","141","5"
"6.304770754721947","142.5","5"
"5.693385763208167","144","5"
"5.259139698436656","145.5","5"
"5.138355026117873","147","5"
"5.1112352218698085","148.5","5"
"5.470271644702884","150","5"
"6.143516559318884","151.5","5"
"6.475260201739713","153","5"
"6.148719642912695","154.5","5"
"5.6777986888580365","156","5"
"5.456679463551064","157.5","5"
"5.221214551237473","159","5"
"5.169418292661606","160.5","5"
"5.620333148821362","162","5"
"6.183597255640944","163.5","5"
"6.266842650665256","165","5"
"5.900905908029135","166.5","5"
"5.696805368915447","168","5"
"5.607359443698167","169.5","5"
"5.403519600854712","171","5"
"5.4604607914934125","172.5","5"
"5.831019102413561","174","5"
"6.08865206826953","175.5","5"
"5.935595267496081","177","5"
"5.715558744846391","178.5","5"
"5.7024509955161955","180","5"
"5.657696493094144","181.5","5"
"5.628108205637006","183","5"
"5.820458193016385","184.5","5"
"6.045600715771727","186","5"
"6.008634083214518","187.5","5"
"5.736688448594097","189","5"
"5.614526866296045","190.5","5"
"5.635315545811234","192","5"
"5.654268509623926","193.5","5"
"5.799927745723507","195","5"
"6.078632756605788","196.5","5"
"6.22246465476581","198","5"
"6.0263954334517384","199.5","5"
"5.6778149515743275","201","5"
"5.529356557034431","202.5","5"
"5.52692404892503","204","5"
"5.610491248608063","205.5","5"
"5.902330620538105","207","5"
"6.265614076370942","208.5","5"
"6.38204428320053","210","5"
"6.094546563710483","211.5","5"
"5.683391584833237","213","5"
"5.4767377992619295","214.5","5"
"5.413771025832783","216","5"
"5.576714572491727","217.5","5"
"6.000678658090924","219","5"
"6.40667835590406","220.5","5"
"6.4947902455759285","222","5"
"6.136125401169614","223.5","5"
"5.708632798944949","225","5"
"5.458489060345578","226.5","5"
"5.379065896459132","228","5"
"5.6094095315699475","229.5","5"
"6.074357140650123","231","5"
"6.445203745177241","232.5","5"
"6.4257584645895705","234","5"
"6.0627406331228135","235.5","5"
"5.717253024198118","237","5"
"5.494823418205792","238.5","5"
"5.452495017368542","240","5"
"5.683971621714267","241.5","5"
"6.072894974612725","243","5"
"6.344282255973837","244.5","5"
"6.266788934420539","246","5"
"5.974604102971717","247.5","5"
"5.721257594882273","249","5"
"5.558687597888428","250.5","5"
"5.559249400814829","252","5"
"5.77225895159824","253.5","5"
"6.093557002064681","255","5"
"6.238456818594451","256.5","5"
"6.080945019176556","258","5"
"5.881294057801883","259.5","5"
"5.731619902016871","261","5"
"5.649042756789225","262.5","5"
"5.716232415548489","264","5"
"5.9355765407318675","265.5","5"
"6.127754537566234","267","5"
"6.07686800548347","268.5","5"
"5.920880958920211","270","5"
"5.817834474788174","271.5","5"
"5.760336409318917","273","5"
"5.7651979758706275","274.5","5"
"5.865959794768633","276","5"
"6.000995041844213","277.5","5"
"6.039354354287396","279","5"
"5.952203936115009","280.5","5"
"5.851492383794629","282","5"
"5.7986779806170565","283.5","5"
"5.797562259717607","285","5"
"5.8526041622174025","286.5","5"
"5.94157255494724","288","5"
"5.996098978621584","289.5","5"
"5.966290405280146","291","5"
"5.888664517948601","292.5","5"
"5.825862342920698","294","5"
"5.8036588070882305","295.5","5"
"5.829923586707078","297","5"
"5.896004916710661","298.5","5"
"5.957306979363155","300","5"
"3.4516686380658346","1.5","6"
"5.5650142873350426","3","6"
"11.010965779039763","4.5","6"
"7.958995529034055","6","6"
"2.8257445317834966","7.5","6"
"6.221179407369271","9","6"
"9.791798234075355","10.5","6"
"7.17858917025492","12","6"
"3.7877790662154736","13.5","6"
"6.851693295717433","15","6"
"9.590386956864624","16.5","6"
"6.453869801721774","18","6"
"5.1254685482911455","19.5","6"
"6.854683171466974","21","6"
"9.026689670420213","22.5","6"
"7.67079161340933","24","6"
"5.306647035198075","25.5","6"
"6.474019307205785","27","6"
"9.136962714300276","28.5","6"
"9.416265503208631","30","6"
"7.708208181117245","31.5","6"
"6.930396464800832","33","6"
"7.203987590624107","34.5","6"
"6.831310691299924","36","6"
"5.98319130998272","37.5","6"
"5.064453793626451","39","6"
"4.465377214296707","40.5","6"
"6.276962988293834","42","6"
"8.172095756781026","43.5","6"
"7.205364500603375","45","6"
"6.713974700453909","46.5","6"
"6.447521921463023","48","6"
"6.035003831274877","49.5","6"
"6.319269705509363","51","6"
"6.487221675976216","52.5","6"
"6.50820747932523","54","6"
"6.558087201426733","55.5","6"
"6.375540675113058","57","6"
"6.210934388915799","58.5","6"
"6.340304297007248","60","6"
"6.581809576398822","61.5","6"
"6.9656486128133475","63","6"
"7.090105209346707","64.5","6"
"6.310379420603853","66","6"
"5.84625283229156","67.5","6"
"6.100216337980876","69","6"
"6.613771234815213","70.5","6"
"6.840335020412434","72","6"
"6.962788838794131","73.5","6"
"6.931174118325272","75","6"
"6.416907111641241","76.5","6"
"6.0891793745250125","78","6"
"6.061885608493598","79.5","6"
"6.1193324217660585","81","6"
"6.321258192183072","82.5","6"
"6.74238812986145","84","6"
"6.870002157403102","85.5","6"
"6.512823133894243","87","6"
"6.254902367240889","88.5","6"
"6.220468775948332","90","6"
"6.179964756193132","91.5","6"
"6.177463254741893","93","6"
"6.434843409280981","94.5","6"
"6.683420999020613","96","6"
"6.623732887757561","97.5","6"
"6.449836155272129","99","6"
"6.298869852756394","100.5","6"
"6.202513258734794","102","6"
"6.2191135495907846","103.5","6"
"6.257475326081891","105","6"
"6.201955891094654","106.5","6"
"6.136953814081263","108","6"
"6.233537100511763","109.5","6"
"6.482063930864184","111","6"
"6.489069711918326","112.5","6"
"6.347927568470847","114","6"
"6.270160244788531","115.5","6"
"6.171150856773231","117","6"
"5.887275287729719","118.5","6"
"5.626375487137684","120","6"
"5.595431480513414","121.5","6"
"5.761907486274503","123","6"
"6.0282050302462515","124.5","6"
"6.434605382251638","126","6"
"6.856968822320175","127.5","6"
"6.72766297947472","129","6"
"6.195457703912611","130.5","6"
"5.584549259267103","132","6"
"5.225501009003999","133.5","6"
"5.271966053494067","135","6"
"5.70184878220386","136.5","6"
"6.3594967662780375","138","6"
"7.008012495940687","139.5","6"
"7.203023162267118","141","6"
"6.694383055419624","142.5","6"
"5.9680659982133255","144","6"
"5.406081717884853","145.5","6"
"5.125614419928176","147","6"
"5.370836962016106","148.5","6"
"5.988798004626289","150","6"
"6.538238802598889","151.5","6"
"6.932105528440095","153","6"
"6.956650402608819","154.5","6"
"6.393359191262087","156","6"
"5.444718974933729","157.5","6"
"4.832246845476404","159","6"
"4.834007161312462","160.5","6"
"5.305725481274942","162","6"
"5.965616241768465","163.5","6"
"6.485711707409116","165","6"
"6.71537674372199","166.5","6"
"6.464358268110019","168","6"
"5.806012958473686","169.5","6"
"5.188096761535697","171","6"
"4.944447760451276","172.5","6"
"5.140768314653475","174","6"
"5.695680777443474","175.5","6"
"6.343087685540858","177","6"
"6.704297398641853","178.5","6"
"6.60646286867615","180","6"
"6.14563317648458","181.5","6"
"5.662450627156419","183","6"
"5.330744438264016","184.5","6"
"5.267171016236273","186","6"
"5.577762778478092","187.5","6"
"6.0890748988930845","189","6"
"6.4697643892526715","190.5","6"
"6.555912925539642","192","6"
"6.412069199949591","193.5","6"
"6.169447706848982","195","6"
"5.875768676739767","196.5","6"
"5.5838524265145315","198","6"
"5.513330389344456","199.5","6"
"5.715966791182409","201","6"
"6.023731304837592","202.5","6"
"6.26919877328905","204","6"
"6.412704924313676","205.5","6"
"6.4405506370798005","207","6"
"6.275408174054538","208.5","6"
"5.935062047525584","210","6"
"5.650200366503363","211.5","6"
"5.599387755858283","213","6"
"5.754295549431349","214.5","6"
"6.027140068734012","216","6"
"6.337991048817311","217.5","6"
"6.562034113389494","219","6"
"6.5268918619143355","220.5","6"
"6.234540460825932","222","6"
"5.890181878659469","223.5","6"
"5.677290109366768","225","6"
"5.670076362667941","226.5","6"
"5.871535935217959","228","6"
"6.221650040522528","229.5","6"
"6.538197899403371","231","6"
"6.616858194052913","232.5","6"
"6.454900266563095","234","6"
"6.179674491347825","235.5","6"
"5.9115205336710295","237","6"
"5.778921244371942","238.5","6"
"5.8650510538947","240","6"
"6.127979258736794","241.5","6"
"6.386603264667318","243","6"
"6.501863048733571","244.5","6"
"6.48128036362473","246","6"
"6.346047007096156","247.5","6"
"6.155247398669811","249","6"
"6.01887910166799","250.5","6"
"6.014200367472152","252","6"
"6.109098245123447","253.5","6"
"6.216791430828326","255","6"
"6.320024196983328","256.5","6"
"6.404795330481447","258","6"
"6.420022161025262","259.5","6"
"6.3729016797877245","261","6"
"6.306439407975276","262.5","6"
"6.223350726398854","264","6"
"6.118382284887022","265.5","6"
"6.068435047872434","267","6"
"6.140793786364175","268.5","6"
"6.280972487073835","270","6"
"6.423457536639248","271.5","6"
"6.536416885564762","273","6"
"6.5528461714949096","274.5","6"
"6.396226850234657","276","6"
"6.150224190574365","277.5","6"
"6.006662844876267","279","6"
"6.028193202816222","280.5","6"
"6.180335349000724","282","6"
"6.41541636264794","283.5","6"
"6.634147432708122","285","6"
"6.666309664625431","286.5","6"
"6.457245054566443","288","6"
"6.185988860554826","289.5","6"
"6.017881655068835","291","6"
"6.010408690528528","292.5","6"
"6.17202460816666","294","6"
"6.442378960638528","295.5","6"
"6.642395093915362","297","6"
"6.605538850705095","298.5","6"
"6.407352519415742","300","6"
"10.001628670228753","1.5","7"
"8.707974927796048","3","7"
"3.9077126563817175","4.5","7"
"6.044989139077285","6","7"
"9.301717828992071","7.5","7"
"7.47966527222842","9","7"
"4.783364077164472","10.5","7"
"7.5949659594901915","12","7"
"8.763029643345043","13.5","7"
"4.429221253506103","15","7"
"4.518362622400122","16.5","7"
"8.045597942948408","18","7"
"10.093074416740187","19.5","7"
"6.744497354883378","21","7"
"4.467624918811897","22.5","7"
"7.339166245288795","24","7"
"9.116665858750482","25.5","7"
"7.671842283443617","27","7"
"6.1398806102039805","28.5","7"
"7.088131506960534","30","7"
"8.236705064555519","31.5","7"
"8.14356947397862","33","7"
"7.200921329388959","34.5","7"
"6.807061995691521","36","7"
"6.437106883702877","37.5","7"
"6.169149557050322","39","7"
"7.429997951057864","40.5","7"
"7.466440234217099","42","7"
"5.95827535019682","43.5","7"
"5.18542376234903","45","7"
"5.978413521060386","46.5","7"
"6.520951042372434","48","7"
"7.063759116146406","49.5","7"
"7.912032746863578","51","7"
"7.849161085684252","52.5","7"
"6.13849581527136","54","7"
"5.128161259861195","55.5","7"
"4.9771106869065","57","7"
"5.158222644519514","58.5","7"
"5.988925642308691","60","7"
"7.404230909119424","61.5","7"
"7.498466943498652","63","7"
"6.64236897500738","64.5","7"
"5.983983254985112","66","7"
"5.476521455854307","67.5","7"
"5.411299092956617","69","7"
"5.887519721283661","70.5","7"
"6.835409388614731","72","7"
"7.272777402104445","73.5","7"
"6.829346845105442","75","7"
"6.668742665544417","76.5","7"
"6.530850601307127","78","7"
"6.309192735124227","79.5","7"
"6.10485269055244","81","7"
"6.106157650332363","82.5","7"
"6.147892708429799","84","7"
"6.139580981976566","85.5","7"
"6.405347277216157","87","7"
"6.560645375980196","88.5","7"
"6.562700391947823","90","7"
"6.6113540038029335","91.5","7"
"6.588609363046617","93","7"
"6.19212433988263","94.5","7"
"5.871120496738173","96","7"
"5.956712158194588","97.5","7"
"6.195699180609047","99","7"
"6.443466098582073","100.5","7"
"6.779780057090137","102","7"
"6.919332889627402","103.5","7"
"6.644812324927641","105","7"
"6.182606215566388","106.5","7"
"5.861922205842312","108","7"
"5.7889987075666625","109.5","7"
"5.969911077297928","111","7"
"6.2810853404686995","112.5","7"
"6.494445771676319","114","7"
"6.5415056373349545","115.5","7"
"6.5887734686382755","117","7"
"6.6122543669139295","118.5","7"
"6.261837676524438","120","7"
"5.879825485239886","121.5","7"
"5.8319071452849425","123","7"
"6.0096773611050365","124.5","7"
"6.083503686539605","126","7"
"6.01329606188448","127.5","7"
"5.957152729963187","129","7"
"5.941349312205434","130.5","7"
"6.037690136320328","132","7"
"6.312835583573314","133.5","7"
"6.391803391403623","135","7"
"6.2373346911704015","136.5","7"
"5.884422413044686","138","7"
"5.538311892805103","139.5","7"
"5.368878043917469","141","7"
"5.53481738004097","142.5","7"
"6.067959979432916","144","7"
"6.795753986964148","145.5","7"
"7.088123622007181","147","7"
"6.8684985953606015","148.5","7"
"6.31321652538218","150","7"
"5.667905536447942","151.5","7"
"4.985780193118125","153","7"
"4.836322380740737","154.5","7"
"5.252567097007345","156","7"
"5.891141871730197","157.5","7"
"6.465343887279145","159","7"
"6.824693737008002","160.5","7"
"6.676137273360778","162","7"
"5.724243528155138","163.5","7"
"4.712144221622656","165","7"
"4.491973654765965","166.5","7"
"4.962696499367629","168","7"
"5.739171716090708","169.5","7"
"6.5225398604730636","171","7"
"7.011575016427489","172.5","7"
"6.861293226424712","174","7"
"6.1098946254121005","175.5","7"
"5.294078912362975","177","7"
"4.839269382056421","178.5","7"
"4.871615431948771","180","7"
"5.354105583810621","181.5","7"
"6.092654174905763","183","7"
"6.707501153751095","184.5","7"
"6.880795180114607","186","7"
"6.574180884029793","187.5","7"
"6.026739414541763","189","7"
"5.548884136822724","190.5","7"
"5.277312051867402","192","7"
"5.33996244154326","193.5","7"
"5.709518377768408","195","7"
"6.173852931725388","196.5","7"
"6.506466875872555","198","7"
"6.605732524871828","199.5","7"
"6.495719191642829","201","7"
"6.202663565658085","202.5","7"
"5.75284077553772","204","7"
"5.4403068507231405","205.5","7"
"5.4613956512753274","207","7"
"5.720511481171245","208.5","7"
"6.069267896070345","210","7"
"6.424438720522112","211.5","7"
"6.693470372069013","213","7"
"6.6956328205260744","214.5","7"
"6.2854654320562915","216","7"
"5.761046547930272","217.5","7"
"5.4998658458750365","219","7"
"5.539144741003014","220.5","7"
"5.786193142601747","222","7"
"6.203593497344155","223.5","7"
"6.666030241590984","225","7"
"6.882244040293221","226.5","7"
"6.66332520978132","228","7"
"6.21163220728754","229.5","7"
"5.805525076984969","231","7"
"5.616717897709011","232.5","7"
"5.711409288144375","234","7"
"6.069281201929129","235.5","7"
"6.504145742729265","237","7"
"6.741401032263571","238.5","7"
"6.700532333415795","240","7"
"6.459089640841461","241.5","7"
"6.130469918377173","243","7"
"5.8928420647969375","244.5","7"
"5.886994879076102","246","7"
"6.097879927740465","247.5","7"
"6.337543084904944","249","7"
"6.499376331569868","250.5","7"
"6.592308391788343","252","7"
"6.555441306767216","253.5","7"
"6.407070139523787","255","7"
"6.263820249483134","256.5","7"
"6.19777440176964","258","7"
"6.165424902210198","259.5","7"
"6.142824161852573","261","7"
"6.225077531183161","262.5","7"
"6.391559450659265","264","7"
"6.530770273344843","265.5","7"
"6.616470845719447","267","7"
"6.629617527006824","268.5","7"
"6.475691410126205","270","7"
"6.196240285532896","271.5","7"
"6.028141457809843","273","7"
"6.068114228832884","274.5","7"
"6.239242849881828","276","7"
"6.478347160977413","277.5","7"
"6.712459310981379","279","7"
"6.775067319032964","280.5","7"
"6.566032770358635","282","7"
"6.255413410780081","283.5","7"
"6.053770020255021","285","7"
"6.018369536557552","286.5","7"
"6.151134902686636","288","7"
"6.4201325503722035","289.5","7"
"6.691344884330795","291","7"
"6.768957958613142","292.5","7"
"6.613311443472816","294","7"
"6.365906740544443","295.5","7"
"6.149826000430038","297","7"
"6.05360246499627","298.5","7"
"6.137877832052318","300","7"
"9.552526367721018","1.5","8"
"4.074813544696032","3","8"
"4.5295153961083585","4.5","8"
"8.992886875395895","6","8"
"9.237818167019348","7.5","8"
"4.553419125007567","9","8"
"6.405172822623221","10.5","8"
"9.83551635794107","12","8"
"6.2521317917564785","13.5","8"
"2.8468444205513364","15","8"
"6.086596559492319","16.5","8"
"10.469324678362034","18","8"
"8.900086888146083","19.5","8"
"4.325700686553716","21","8"
"6.407778306896804","22.5","8"
"9.152586749369249","24","8"
"8.061128344196314","25.5","8"
"6.19037240180951","27","8"
"6.0329749342152335","28.5","8"
"6.013501563481243","30","8"
"5.297854326590309","31.5","8"
"5.224541508742855","33","8"
"4.202509625033513","34.5","8"
"3.4135798780845765","36","8"
"4.043257468567735","37.5","8"
"5.161115929590481","39","8"
"5.856456947549512","40.5","8"
"6.191840481561922","42","8"
"5.76575337227243","43.5","8"
"5.463823231288883","45","8"
"5.36765981862443","46.5","8"
"5.901592391780431","48","8"
"6.955614516862068","49.5","8"
"6.6002367123847865","51","8"
"5.300978739356435","52.5","8"
"4.439124262107888","54","8"
"4.259249749361712","55.5","8"
"4.6526216943800165","57","8"
"5.711203293738027","58.5","8"
"6.5783914491202955","60","8"
"6.208638389061322","61.5","8"
"5.653477550240703","63","8"
"5.403338246927593","64.5","8"
"5.185950575794927","66","8"
"5.133129273283171","67.5","8"
"5.813000505573199","69","8"
"6.212374871331476","70.5","8"
"5.619515084910988","72","8"
"5.317013284809349","73.5","8"
"5.372575101420858","75","8"
"5.219689798382836","76.5","8"
"5.257955477004953","78","8"
"5.669058218066234","79.5","8"
"6.176635334639828","81","8"
"5.980624264856734","82.5","8"
"5.470365771333536","84","8"
"5.493949174002778","85.5","8"
"5.658293285501049","87","8"
"5.429092475816834","88.5","8"
"5.613668884809322","90","8"
"6.048367841589045","91.5","8"
"5.854568501221468","93","8"
"5.297369894768684","94.5","8"
"5.217104519302221","96","8"
"5.377006938014829","97.5","8"
"5.406667175671314","99","8"
"5.65094105930896","100.5","8"
"6.145569604048171","102","8"
"6.258376674812055","103.5","8"
"5.720870246548807","105","8"
"5.287520109602031","106.5","8"
"5.263206363128467","108","8"
"5.3293409165671815","109.5","8"
"5.482121251163692","111","8"
"5.989865430186452","112.5","8"
"6.359317876398841","114","8"
"6.09988516994005","115.5","8"
"5.562927731554004","117","8"
"5.316376574826093","118.5","8"
"5.2885555025391975","120","8"
"5.30886615675736","121.5","8"
"5.670773195420512","123","8"
"6.225568369529386","124.5","8"
"6.350879005072792","126","8"
"5.921229375296496","127.5","8"
"5.540518694124774","129","8"
"5.492782200906534","130.5","8"
"5.482794429056204","132","8"
"5.58095963425315","133.5","8"
"5.953630127052733","135","8"
"6.246256515889323","136.5","8"
"6.151199460742214","138","8"
"5.830182311738973","139.5","8"
"5.676196072089039","141","8"
"5.664673198382797","142.5","8"
"5.655321150896552","144","8"
"5.818123261204727","145.5","8"
"6.103152497485699","147","8"
"6.228718901203494","148.5","8"
"6.088734860279737","150","8"
"5.884467258716881","151.5","8"
"5.822787703922612","153","8"
"5.7907782429765176","154.5","8"
"5.772331394607171","156","8"
"5.9125110809359995","157.5","8"
"6.11761843003095","159","8"
"6.226968441559128","160.5","8"
"6.17606958923675","162","8"
"6.060715678539846","163.5","8"
"6.00152185529011","165","8"
"5.920718824566889","166.5","8"
"5.855789683372015","168","8"
"5.912161678940545","169.5","8"
"6.035905672814627","171","8"
"6.138547067468154","172.5","8"
"6.1828703615037135","174","8"
"6.201858807606495","175.5","8"
"6.174144674999448","177","8"
"6.01683985560707","178.5","8"
"5.8559237275790155","180","8"
"5.831557743289488","181.5","8"
"5.915473359348805","183","8"
"6.031179628898672","184.5","8"
"6.144708172894355","186","8"
"6.2392674903610565","187.5","8"
"6.2327249503164035","189","8"
"6.070357990871398","190.5","8"
"5.882431462323053","192","8"
"5.806194312400804","193.5","8"
"5.846573158521525","195","8"
"5.948855787797491","196.5","8"
"6.079326632500853","198","8"
"6.202040161533613","199.5","8"
"6.2249321523557155","201","8"
"6.104789610925617","202.5","8"
"5.945706734552136","204","8"
"5.854241275657319","205.5","8"
"5.849233344658994","207","8"
"5.905522548217318","208.5","8"
"6.011854593849634","210","8"
"6.132449534478361","211.5","8"
"6.173081191915962","213","8"
"6.100441059151437","214.5","8"
"5.993138671447116","216","8"
"5.921196357054331","217.5","8"
"5.894710798741599","219","8"
"5.907742655395772","220.5","8"
"5.973458813497194","222","8"
"6.066575184500295","223.5","8"
"6.103643828641508","225","8"
"6.066877769585217","226.5","8"
"6.0158369881024845","228","8"
"5.982385566311961","229.5","8"
"5.957130060722297","231","8"
"5.943308723113654","232.5","8"
"5.970212183954096","234","8"
"6.0217965344086","235.5","8"
"6.033917186140917","237","8"
"6.012515451502533","238.5","8"
"6.007504070837116","240","8"
"6.0181408729103145","241.5","8"
"6.0127377086251705","243","8"
"5.994900958521512","244.5","8"
"5.997995802712565","246","8"
"6.00815359386957","247.5","8"
"5.984263663638728","249","8"
"5.959935132877627","250.5","8"
"5.9808908748419825","252","8"
"6.024418281398473","253.5","8"
"6.04428442137136","255","8"
"6.04136058210615","256.5","8"
"6.040629745492244","258","8"
"6.020313670368651","259.5","8"
"5.961707276143714","261","8"
"5.925122571014541","262.5","8"
"5.952208864210855","264","8"
"6.0091392130386945","265.5","8"
"6.048279135863824","267","8"
"6.069811465042117","268.5","8"
"6.081016476566317","270","8"
"6.045033491939895","271.5","8"
"5.963900278795018","273","8"
"5.916114504618322","274.5","8"
"5.936185653378387","276","8"
"5.987397439786962","277.5","8"
"6.033528359378697","279","8"
"6.077960564332445","280.5","8"
"6.1059831957394275","282","8"
"6.066257322318252","283.5","8"
"5.980715927439462","285","8"
"5.931428562458604","286.5","8"
"5.939821602493289","288","8"
"5.973249862233339","289.5","8"
"6.015186479450862","291","8"
"6.07265349791629","292.5","8"
"6.109824153641508","294","8"
"6.07260273852908","295.5","8"
"5.999312589922516","297","8"
"5.9600642489887825","298.5","8"
"5.95969562741953","300","8"
"9.552526367721018","1.5","9"
"4.074813544696032","3","9"
"4.5295153961083585","4.5","9"
"8.992886875395895","6","9"
"9.237818167019348","7.5","9"
"4.553419125007567","9","9"
"6.405172822623221","10.5","9"
"9.83551635794107","12","9"
"6.2521317917564785","13.5","9"
"2.8468444205513364","15","9"
"6.086596559492319","16.5","9"
"10.469324678362034","18","9"
"8.900086888146083","19.5","9"
"4.325700686553716","21","9"
"6.407778306896804","22.5","9"
"9.152586749369249","24","9"
"8.061128344196314","25.5","9"
"6.19037240180951","27","9"
"6.0329749342152335","28.5","9"
"6.013501563481243","30","9"
"5.297854326590309","31.5","9"
"5.224541508742855","33","9"
"4.202509625033513","34.5","9"
"3.4135798780845765","36","9"
"4.043257468567735","37.5","9"
"5.161115929590481","39","9"
"5.856456947549512","40.5","9"
"6.191840481561922","42","9"
"5.76575337227243","43.5","9"
"5.463823231288883","45","9"
"5.36765981862443","46.5","9"
"5.901592391780431","48","9"
"6.955614516862068","49.5","9"
"6.6002367123847865","51","9"
"5.300978739356435","52.5","9"
"4.439124262107888","54","9"
"4.259249749361712","55.5","9"
"4.6526216943800165","57","9"
"5.711203293738027","58.5","9"
"6.5783914491202955","60","9"
"6.208638389061322","61.5","9"
"5.653477550240703","63","9"
"5.403338246927593","64.5","9"
"5.185950575794927","66","9"
"5.133129273283171","67.5","9"
"5.813000505573199","69","9"
"6.212374871331476","70.5","9"
"5.619515084910988","72","9"
"5.317013284809349","73.5","9"
"5.372575101420858","75","9"
"5.219689798382836","76.5","9"
"5.257955477004953","78","9"
"5.669058218066234","79.5","9"
"6.176635334639828","81","9"
"5.980624264856734","82.5","9"
"5.470365771333536","84","9"
"5.493949174002778","85.5","9"
"5.658293285501049","87","9"
"5.429092475816834","88.5","9"
"5.613668884809322","90","9"
"6.048367841589045","91.5","9"
"5.854568501221468","93","9"
"5.297369894768684","94.5","9"
"5.217104519302221","96","9"
"5.377006938014829","97.5","9"
"5.406667175671314","99","9"
"5.65094105930896","100.5","9"
"6.145569604048171","102","9"
"6.258376674812055","103.5","9"
"5.720870246548807","105","9"
"5.287520109602031","106.5","9"
"5.263206363128467","108","9"
"5.3293409165671815","109.5","9"
"5.482121251163692","111","9"
"5.989865430186452","112.5","9"
"6.359317876398841","114","9"
"6.09988516994005","115.5","9"
"5.562927731554004","117","9"
"5.316376574826093","118.5","9"
"5.2885555025391975","120","9"
"5.30886615675736","121.5","9"
"5.670773195420512","123","9"
"6.225568369529386","124.5","9"
"6.350879005072792","126","9"
"5.921229375296496","127.5","9"
"5.540518694124774","129","9"
"5.492782200906534","130.5","9"
"5.482794429056204","132","9"
"5.58095963425315","133.5","9"
"5.953630127052733","135","9"
"6.246256515889323","136.5","9"
"6.151199460742214","138","9"
"5.830182311738973","139.5","9"
"5.676196072089039","141","9"
"5.664673198382797","142.5","9"
"5.655321150896552","144","9"
"5.818123261204727","145.5","9"
"6.103152497485699","147","9"
"6.228718901203494","148.5","9"
"6.088734860279737","150","9"
"5.884467258716881","151.5","9"
"5.822787703922612","153","9"
"5.7907782429765176","154.5","9"
"5.772331394607171","156","9"
"5.9125110809359995","157.5","9"
"6.11761843003095","159","9"
"6.226968441559128","160.5","9"
"6.17606958923675","162","9"
"6.060715678539846","163.5","9"
"6.00152185529011","165","9"
"5.920718824566889","166.5","9"
"5.855789683372015","168","9"
"5.912161678940545","169.5","9"
"6.035905672814627","171","9"
"6.138547067468154","172.5","9"
"6.1828703615037135","174","9"
"6.201858807606495","175.5","9"
"6.174144674999448","177","9"
"6.01683985560707","178.5","9"
"5.8559237275790155","180","9"
"5.831557743289488","181.5","9"
"5.915473359348805","183","9"
"6.031179628898672","184.5","9"
"6.144708172894355","186","9"
"6.2392674903610565","187.5","9"
"6.2327249503164035","189","9"
"6.070357990871398","190.5","9"
"5.882431462323053","192","9"
"5.806194312400804","193.5","9"
"5.846573158521525","195","9"
"5.948855787797491","196.5","9"
"6.079326632500853","198","9"
"6.202040161533613","199.5","9"
"6.2249321523557155","201","9"
"6.104789610925617","202.5","9"
"5.945706734552136","204","9"
"5.854241275657319","205.5","9"
"5.849233344658994","207","9"
"5.905522548217318","208.5","9"
"6.011854593849634","210","9"
"6.132449534478361","211.5","9"
"6.173081191915962","213","9"
"6.100441059151437","214.5","9"
"5.993138671447116","216","9"
"5.921196357054331","217.5","9"
"5.894710798741599","219","9"
"5.907742655395772","220.5","9"
"5.973458813497194","222","9"
"6.066575184500295","223.5","9"
"6.103643828641508","225","9"
"6.066877769585217","226.5","9"
"6.0158369881024845","228","9"
"5.982385566311961","229.5","9"
"5.957130060722297","231","9"
"5.943308723113654","232.5","9"
"5.970212183954096","234","9"
"6.0217965344086","235.5","9"
"6.033917186140917","237","9"
"6.012515451502533","238.5","9"
"6.007504070837116","240","9"
"6.0181408729103145","241.5","9"
"6.0127377086251705","243","9"
"5.994900958521512","244.5","9"
"5.997995802712565","246","9"
"6.00815359386957","247.5","9"
"5.984263663638728","249","9"
"5.959935132877627","250.5","9"
"5.9808908748419825","252","9"
"6.024418281398473","253.5","9"
"6.04428442137136","255","9"
"6.04136058210615","256.5","9"
"6.040629745492244","258","9"
"6.020313670368651","259.5","9"
"5.961707276143714","261","9"
"5.925122571014541","262.5","9"
"5.952208864210855","264","9"
"6.0091392130386945","265.5","9"
"6.048279135863824","267","9"
"6.069811465042117","268.5","9"
"6.081016476566317","270","9"
"6.045033491939895","271.5","9"
"5.963900278795018","273","9"
"5.916114504618322","274.5","9"
"5.936185653378387","276","9"
"5.987397439786962","277.5","9"
"6.033528359378697","279","9"
"6.077960564332445","280.5","9"
"6.1059831957394275","282","9"
"6.066257322318252","283.5","9"
"5.980715927439462","285","9"
"5.931428562458604","286.5","9"
"5.939821602493289","288","9"
"5.973249862233339","289.5","9"
"6.015186479450862","291","9"
"6.07265349791629","292.5","9"
"6.109824153641508","294","9"
"6.07260273852908","295.5","9"
"5.999312589922516","297","9"
"5.9600642489887825","298.5","9"
"5.95969562741953","300","9"
"3.4516686380658346","1.5","10"
"5.5650142873350426","3","10"
"11.010965779039763","4.5","10"
"7.958995529034055","6","10"
"2.8257445317834966","7.5","10"
"6.221179407369271","9","10"
"9.791798234075355","10.5","10"
"7.17858917025492","12","10"
"3.7877790662154736","13.5","10"
"6.851693295717433","15","10"
"9.590386956864624","16.5","10"
"6.453869801721774","18","10"
"5.1254685482911455","19.5","10"
"6.854683171466974","21","10"
"9.026689670420213","22.5","10"
"7.67079161340933","24","10"
"5.306647035198075","25.5","10"
"6.474019307205785","27","10"
"9.136962714300276","28.5","10"
"9.416265503208631","30","10"
"7.708208181117245","31.5","10"
"6.930396464800832","33","10"
"7.203987590624107","34.5","10"
"6.831310691299924","36","10"
"5.98319130998272","37.5","10"
"5.064453793626451","39","10"
"4.465377214296707","40.5","10"
"6.276962988293834","42","10"
"8.172095756781026","43.5","10"
"7.205364500603375","45","10"
"6.713974700453909","46.5","10"
"6.447521921463023","48","10"
"6.035003831274877","49.5","10"
"6.319269705509363","51","10"
"6.487221675976216","52.5","10"
"6.50820747932523","54","10"
"6.558087201426733","55.5","10"
"6.375540675113058","57","10"
"6.210934388915799","58.5","10"
"6.340304297007248","60","10"
"6.581809576398822","61.5","10"
"6.9656486128133475","63","10"
"7.090105209346707","64.5","10"
"6.310379420603853","66","10"
"5.84625283229156","67.5","10"
"6.100216337980876","69","10"
"6.613771234815213","70.5","10"
"6.840335020412434","72","10"
"6.962788838794131","73.5","10"
"6.931174118325272","75","10"
"6.416907111641241","76.5","10"
"6.0891793745250125","78","10"
"6.061885608493598","79.5","10"
"6.1193324217660585","81","10"
"6.321258192183072","82.5","10"
"6.74238812986145","84","10"
"6.870002157403102","85.5","10"
"6.512823133894243","87","10"
"6.254902367240889","88.5","10"
"6.220468775948332","90","10"
"6.179964756193132","91.5","10"
"6.177463254741893","93","10"
"6.434843409280981","94.5","10"
"6.683420999020613","96","10"
"6.623732887757561","97.5","10"
"6.449836155272129","99","10"
"6.298869852756394","100.5","10"
"6.202513258734794","102","10"
"6.2191135495907846","103.5","10"
"6.257475326081891","105","10"
"6.201955891094654","106.5","10"
"6.136953814081263","108","10"
"6.233537100511763","109.5","10"
"6.482063930864184","111","10"
"6.489069711918326","112.5","10"
"6.347927568470847","114","10"
"6.270160244788531","115.5","10"
"6.171150856773231","117","10"
"5.887275287729719","118.5","10"
"5.626375487137684","120","10"
"5.595431480513414","121.5","10"
"5.761907486274503","123","10"
"6.0282050302462515","124.5","10"
"6.434605382251638","126","10"
"6.856968822320175","127.5","10"
"6.72766297947472","129","10"
"6.195457703912611","130.5","10"
"5.584549259267103","132","10"
"5.225501009003999","133.5","10"
"5.271966053494067","135","10"
"5.70184878220386","136.5","10"
"6.3594967662780375","138","10"
"7.008012495940687","139.5","10"
"7.203023162267118","141","10"
"6.694383055419624","142.5","10"
"5.9680659982133255","144","10"
"5.406081717884853","145.5","10"
"5.125614419928176","147","10"
"5.370836962016106","148.5","10"
"5.988798004626289","150","10"
"6.538238802598889","151.5","10"
"6.932105528440095","153","10"
"6.956650402608819","154.5","10"
"6.393359191262087","156","10"
"5.444718974933729","157.5","10"
"4.832246845476404","159","10"
"4.834007161312462","160.5","10"
"5.305725481274942","162","10"
"5.965616241768465","163.5","10"
"6.485711707409116","165","10"
"6.71537674372199","166.5","10"
"6.464358268110019","168","10"
"5.806012958473686","169.5","10"
"5.188096761535697","171","10"
"4.944447760451276","172.5","10"
"5.140768314653475","174","10"
"5.695680777443474","175.5","10"
"6.343087685540858","177","10"
"6.704297398641853","178.5","10"
"6.60646286867615","180","10"
"6.14563317648458","181.5","10"
"5.662450627156419","183","10"
"5.330744438264016","184.5","10"
"5.267171016236273","186","10"
"5.577762778478092","187.5","10"
"6.0890748988930845","189","10"
"6.4697643892526715","190.5","10"
"6.555912925539642","192","10"
"6.412069199949591","193.5","10"
"6.169447706848982","195","10"
"5.875768676739767","196.5","10"
"5.5838524265145315","198","10"
"5.513330389344456","199.5","10"
"5.715966791182409","201","10"
"6.023731304837592","202.5","10"
"6.26919877328905","204","10"
"6.412704924313676","205.5","10"
"6.4405506370798005","207","10"
"6.275408174054538","208.5","10"
"5.935062047525584","210","10"
"5.650200366503363","211.5","10"
"5.599387755858283","213","10"
"5.754295549431349","214.5","10"
"6.027140068734012","216","10"
"6.337991048817311","217.5","10"
"6.562034113389494","219","10"
"6.5268918619143355","220.5","10"
"6.234540460825932","222","10"
"5.890181878659469","223.5","10"
"5.677290109366768","225","10"
"5.670076362667941","226.5","10"
"5.871535935217959","228","10"
"6.221650040522528","229.5","10"
"6.538197899403371","231","10"
"6.616858194052913","232.5","10"
"6.454900266563095","234","10"
"6.179674491347825","235.5","10"
"5.9115205336710295","237","10"
"5.778921244371942","238.5","10"
"5.8650510538947","240","10"
"6.127979258736794","241.5","10"
"6.386603264667318","243","10"
"6.501863048733571","244.5","10"
"6.48128036362473","246","10"
"6.346047007096156","247.5","10"
"6.155247398669811","249","10"
"6.01887910166799","250.5","10"
"6.014200367472152","252","10"
"6.109098245123447","253.5","10"
"6.216791430828326","255","10"
"6.320024196983328","256.5","10"
"6.404795330481447","258","10"
"6.420022161025262","259.5","10"
"6.3729016797877245","261","10"
"6.306439407975276","262.5","10"
"6.223350726398854","264","10"
"6.118382284887022","265.5","10"
"6.068435047872434","267","10"
"6.140793786364175","268.5","10"
"6.280972487073835","270","10"
"6.423457536639248","271.5","10"
"6.536416885564762","273","10"
"6.5528461714949096","274.5","10"
"6.396226850234657","276","10"
"6.150224190574365","277.5","10"
"6.006662844876267","279","10"
"6.028193202816222","280.5","10"
"6.180335349000724","282","10"
"6.41541636264794","283.5","10"
"6.634147432708122","285","10"
"6.666309664625431","286.5","10"
"6.457245054566443","288","10"
"6.185988860554826","289.5","10"
"6.017881655068835","291","10"
"6.010408690528528","292.5","10"
"6.17202460816666","294","10"
"6.442378960638528","295.5","10"
"6.642395093915362","297","10"
"6.605538850705095","298.5","10"
"6.407352519415742","300","10"
"6.243903350123037","1.5","11"
"10.425762282325039","3","11"
"7.00385663271407","4.5","11"
"2.915291729370404","6","11"
"6.805777733914152","7.5","11"
"11.271399874574385","9","11"
"8.641206128422","10.5","11"
"4.411500806464401","12","11"
"6.575043793612362","13.5","11"
"9.081577816329625","15","11"
"6.5016131942741975","16.5","11"
"3.3160834154938827","18","11"
"6.567890662492436","19.5","11"
"11.037473020974215","21","11"
"8.6043893099785","22.5","11"
"5.159177709494396","24","11"
"6.368276661836605","25.5","11"
"8.327706296821678","27","11"
"7.718557675202644","28.5","11"
"4.781545609797436","30","11"
"5.4904605749536595","31.5","11"
"9.25062530250296","33","11"
"9.312495574606455","34.5","11"
"6.540669339469952","36","11"
"6.138995524190106","37.5","11"
"7.5728609855746365","39","11"
"8.614141026037824","40.5","11"
"7.627727940671912","42","11"
"5.765580396108248","43.5","11"
"6.603940176412774","45","11"
"8.6926948738171","46.5","11"
"8.55981665429315","48","11"
"6.308282023011955","49.5","11"
"5.343785165490711","51","11"
"6.861254294467531","52.5","11"
"8.445746019754448","54","11"
"7.742679718747813","55.5","11"
"5.461536594816512","57","11"
"5.478246289400276","58.5","11"
"6.017101044686887","60","11"
"5.031597193004494","61.5","11"
"5.370699468142012","63","11"
"6.1792605312967925","64.5","11"
"5.666574950569624","66","11"
"5.886853442725333","67.5","11"
"7.807624137039809","69","11"
"7.83179053344759","70.5","11"
"4.9874424398468555","72","11"
"4.155408363369775","73.5","11"
"4.560940384887161","75","11"
"4.211557116196498","76.5","11"
"4.496275882439196","78","11"
"5.5180850162163155","79.5","11"
"6.804457004227523","81","11"
"7.16447214689554","82.5","11"
"7.252170569325961","84","11"
"6.740829373145479","85.5","11"
"4.635243749999586","87","11"
"3.799185390454967","88.5","11"
"4.996941344589299","90","11"
"6.037755679995075","91.5","11"
"5.639583276813546","93","11"
"5.557864605882208","94.5","11"
"6.137608265209562","96","11"
"6.328609925565577","97.5","11"
"5.733948427303929","99","11"
"5.80597451932609","100.5","11"
"6.14719390443889","102","11"
"5.393284931402516","103.5","11"
"4.721752037283287","105","11"
"5.198934137109814","106.5","11"
"5.9176126457553915","108","11"
"5.623588156127398","109.5","11"
"5.503746228543883","111","11"
"6.026858181651642","112.5","11"
"6.170900016694688","114","11"
"5.547072568789872","115.5","11"
"5.3551301349369265","117","11"
"5.6650339349986965","118.5","11"
"5.675080843999174","120","11"
"5.2664805900083005","121.5","11"
"5.417144307439114","123","11"
"5.905065220922844","124.5","11"
"5.901379005230315","126","11"
"5.741651041110642","127.5","11"
"5.878023280589141","129","11"
"6.0149277544189665","130.5","11"
"5.646352509267098","132","11"
"5.129440100733135","133.5","11"
"5.165221526239471","135","11"
"5.445870670932852","136.5","11"
"5.565226195456404","138","11"
"5.942877514727162","139.5","11"
"6.348493806683509","141","11"
"6.304770754721947","142.5","11"
"5.693385763208167","144","11"
"5.259139698436656","145.5","11"
"5.138355026117873","147","11"
"5.1112352218698085","148.5","11"
"5.470271644702884","150","11"
"6.143516559318884","151.5","11"
"6.475260201739713","153","11"
"6.148719642912695","154.5","11"
"5.6777986888580365","156","11"
"5.456679463551064","157.5","11"
"5.221214551237473","159","11"
"5.169418292661606","160.5","11"
"5.620333148821362","162","11"
"6.183597255640944","163.5","11"
"6.266842650665256","165","11"
"5.900905908029135","166.5","11"
"5.696805368915447","168","11"
"5.607359443698167","169.5","11"
"5.403519600854712","171","11"
"5.4604607914934125","172.5","11"
"5.831019102413561","174","11"
"6.08865206826953","175.5","11"
"5.935595267496081","177","11"
"5.715558744846391","178.5","11"
"5.7024509955161955","180","11"
"5.657696493094144","181.5","11"
"5.628108205637006","183","11"
"5.820458193016385","184.5","11"
"6.045600715771727","186","11"
"6.008634083214518","187.5","11"
"5.736688448594097","189","11"
"5.614526866296045","190.5","11"
"5.635315545811234","192","11"
"5.654268509623926","193.5","11"
"5.799927745723507","195","11"
"6.078632756605788","196.5","11"
"6.22246465476581","198","11"
"6.0263954334517384","199.5","11"
"5.6778149515743275","201","11"
"5.529356557034431","202.5","11"
"5.52692404892503","204","11"
"5.610491248608063","205.5","11"
"5.902330620538105","207","11"
"6.265614076370942","208.5","11"
"6.38204428320053","210","11"
"6.094546563710483","211.5","11"
"5.683391584833237","213","11"
"5.4767377992619295","214.5","11"
"5.413771025832783","216","11"
"5.576714572491727","217.5","11"
"6.000678658090924","219","11"
"6.40667835590406","220.5","11"
"6.4947902455759285","222","11"
"6.136125401169614","223.5","11"
"5.708632798944949","225","11"
"5.458489060345578","226.5","11"
"5.379065896459132","228","11"
"5.6094095315699475","229.5","11"
"6.074357140650123","231","11"
"6.445203745177241","232.5","11"
"6.4257584645895705","234","11"
"6.0627406331228135","235.5","11"
"5.717253024198118","237","11"
"5.494823418205792","238.5","11"
"5.452495017368542","240","11"
"5.683971621714267","241.5","11"
"6.072894974612725","243","11"
"6.344282255973837","244.5","11"
"6.266788934420539","246","11"
"5.974604102971717","247.5","11"
"5.721257594882273","249","11"
"5.558687597888428","250.5","11"
"5.559249400814829","252","11"
"5.77225895159824","253.5","11"
"6.093557002064681","255","11"
"6.238456818594451","256.5","11"
"6.080945019176556","258","11"
"5.881294057801883","259.5","11"
"5.731619902016871","261","11"
"5.649042756789225","262.5","11"
"5.716232415548489","264","11"
"5.9355765407318675","265.5","11"
"6.127754537566234","267","11"
"6.07686800548347","268.5","11"
"5.920880958920211","270","11"
"5.817834474788174","271.5","11"
"5.760336409318917","273","11"
"5.7651979758706275","274.5","11"
"5.865959794768633","276","11"
"6.000995041844213","277.5","11"
"6.039354354287396","279","11"
"5.952203936115009","280.5","11"
"5.851492383794629","282","11"
"5.7986779806170565","283.5","11"
"5.797562259717607","285","11"
"5.8526041622174025","286.5","11"
"5.94157255494724","288","11"
"5.996098978621584","289.5","11"
"5.966290405280146","291","11"
"5.888664517948601","292.5","11"
"5.825862342920698","294","11"
"5.8036588070882305","295.5","11"
"5.829923586707078","297","11"
"5.896004916710661","298.5","11"
"5.957306979363155","300","11"
"9.552526367721018","1.5","12"
"4.074813544696032","3","12"
"4.5295153961083585","4.5","12"
"8.992886875395895","6","12"
"9.237818167019348","7.5","12"
"4.553419125007567","9","12"
"6.405172822623221","10.5","12"
"9.83551635794107","12","12"
"6.2521317917564785","13.5","12"
"2.8468444205513364","15","12"
"6.086596559492319","16.5","12"
"10.469324678362034","18","12"
"8.900086888146083","19.5","12"
"4.325700686553716","21","12"
"6.407778306896804","22.5","12"
"9.152586749369249","24","12"
"8.061128344196314","25.5","12"
"6.19037240180951","27","12"
"6.0329749342152335","28.5","12"
"6.013501563481243","30","12"
"5.297854326590309","31.5","12"
"5.224541508742855","33","12"
"4.202509625033513","34.5","12"
"3.4135798780845765","36","12"
"4.043257468567735","37.5","12"
"5.161115929590481","39","12"
"5.856456947549512","40.5","12"
"6.191840481561922","42","12"
"5.76575337227243","43.5","12"
"5.463823231288883","45","12"
"5.36765981862443","46.5","12"
"5.901592391780431","48","12"
"6.955614516862068","49.5","12"
"6.6002367123847865","51","12"
"5.300978739356435","52.5","12"
"4.439124262107888","54","12"
"4.259249749361712","55.5","12"
"4.6526216943800165","57","12"
"5.711203293738027","58.5","12"
"6.5783914491202955","60","12"
"6.208638389061322","61.5","12"
"5.653477550240703","63","12"
"5.403338246927593","64.5","12"
"5.185950575794927","66","12"
"5.133129273283171","67.5","12"
"5.813000505573199","69","12"
"6.212374871331476","70.5","12"
"5.619515084910988","72","12"
"5.317013284809349","73.5","12"
"5.372575101420858","75","12"
"5.219689798382836","76.5","12"
"5.257955477004953","78","12"
"5.669058218066234","79.5","12"
"6.176635334639828","81","12"
"5.980624264856734","82.5","12"
"5.470365771333536","84","12"
"5.493949174002778","85.5","12"
"5.658293285501049","87","12"
"5.429092475816834","88.5","12"
"5.613668884809322","90","12"
"6.048367841589045","91.5","12"
"5.854568501221468","93","12"
"5.297369894768684","94.5","12"
"5.217104519302221","96","12"
"5.377006938014829","97.5","12"
"5.406667175671314","99","12"
"5.65094105930896","100.5","12"
"6.145569604048171","102","12"
"6.258376674812055","103.5","12"
"5.720870246548807","105","12"
"5.287520109602031","106.5","12"
"5.263206363128467","108","12"
"5.3293409165671815","109.5","12"
"5.482121251163692","111","12"
"5.989865430186452","112.5","12"
"6.359317876398841","114","12"
"6.09988516994005","115.5","12"
"5.562927731554004","117","12"
"5.316376574826093","118.5","12"
"5.2885555025391975","120","12"
"5.30886615675736","121.5","12"
"5.670773195420512","123","12"
"6.225568369529386","124.5","12"
"6.350879005072792","126","12"
"5.921229375296496","127.5","12"
"5.540518694124774","129","12"
"5.492782200906534","130.5","12"
"5.482794429056204","132","12"
"5.58095963425315","133.5","12"
"5.953630127052733","135","12"
"6.246256515889323","136.5","12"
"6.151199460742214","138","12"
"5.830182311738973","139.5","12"
"5.676196072089039","141","12"
"5.664673198382797","142.5","12"
"5.655321150896552","144","12"
"5.818123261204727","145.5","12"
"6.103152497485699","147","12"
"6.228718901203494","148.5","12"
"6.088734860279737","150","12"
"5.884467258716881","151.5","12"
"5.822787703922612","153","12"
"5.7907782429765176","154.5","12"
"5.772331394607171","156","12"
"5.9125110809359995","157.5","12"
"6.11761843003095","159","12"
"6.226968441559128","160.5","12"
"6.17606958923675","162","12"
"6.060715678539846","163.5","12"
"6.00152185529011","165","12"
"5.920718824566889","166.5","12"
"5.855789683372015","168","12"
"5.912161678940545","169.5","12"
"6.035905672814627","171","12"
"6.138547067468154","172.5","12"
"6.1828703615037135","174","12"
"6.201858807606495","175.5","12"
"6.174144674999448","177","12"
"6.01683985560707","178.5","12"
"5.8559237275790155","180","12"
"5.831557743289488","181.5","12"
"5.915473359348805","183","12"
"6.031179628898672","184.5","12"
"6.144708172894355","186","12"
"6.2392674903610565","187.5","12"
"6.2327249503164035","189","12"
"6.070357990871398","190.5","12"
"5.882431462323053","192","12"
"5.806194312400804","193.5","12"
"5.846573158521525","195","12"
"5.948855787797491","196.5","12"
"6.079326632500853","198","12"
"6.202040161533613","199.5","12"
"6.2249321523557155","201","12"
"6.104789610925617","202.5","12"
"5.945706734552136","204","12"
"5.854241275657319","205.5","12"
"5.849233344658994","207","12"
"5.905522548217318","208.5","12"
"6.011854593849634","210","12"
"6.132449534478361","211.5","12"
"6.173081191915962","213","12"
"6.100441059151437","214.5","12"
"5.993138671447116","216","12"
"5.921196357054331","217.5","12"
"5.894710798741599","219","12"
"5.907742655395772","220.5","12"
"5.973458813497194","222","12"
"6.066575184500295","223.5","12"
"6.103643828641508","225","12"
"6.066877769585217","226.5","12"
"6.0158369881024845","228","12"
"5.982385566311961","229.5","12"
"5.957130060722297","231","12"
"5.943308723113654","232.5","12"
"5.970212183954096","234","12"
"6.0217965344086","235.5","12"
"6.033917186140917","237","12"
"6.012515451502533","238.5","12"
"6.007504070837116","240","12"
"6.0181408729103145","241.5","12"
"6.0127377086251705","243","12"
"5.994900958521512","244.5","12"
"5.997995802712565","246","12"
"6.00815359386957","247.5","12"
"5.984263663638728","249","12"
"5.959935132877627","250.5","12"
"5.9808908748419825","252","12"
"6.024418281398473","253.5","12"
"6.04428442137136","255","12"
"6.04136058210615","256.5","12"
"6.040629745492244","258","12"
"6.020313670368651","259.5","12"
"5.961707276143714","261","12"
"5.925122571014541","262.5","12"
"5.952208864210855","264","12"
"6.0091392130386945","265.5","12"
"6.048279135863824","267","12"
"6.069811465042117","268.5","12"
"6.081016476566317","270","12"
"6.045033491939895","271.5","12"
"5.963900278795018","273","12"
"5.916114504618322","274.5","12"
"5.936185653378387","276","12"
"5.987397439786962","277.5","12"
"6.033528359378697","279","12"
"6.077960564332445","280.5","12"
"6.1059831957394275","282","12"
"6.066257322318252","283.5","12"
"5.980715927439462","285","12"
"5.931428562458604","286.5","12"
"5.939821602493289","288","12"
"5.973249862233339","289.5","12"
"6.015186479450862","291","12"
"6.07265349791629","292.5","12"
"6.109824153641508","294","12"
"6.07260273852908","295.5","12"
"5.999312589922516","297","12"
"5.9600642489887825","298.5","12"
"5.95969562741953","300","12"
"10.156674450485497","1.5","13"
"5.053918017518088","3","13"
"3.8510959808544523","4.5","13"
"9.037167787807181","6","13"
"10.595105454249113","7.5","13"
"5.698134476365012","9","13"
"4.43882315545172","10.5","13"
"8.379486785490839","12","13"
"9.15092795230761","13.5","13"
"4.329222303845","15","13"
"3.3588344005498953","16.5","13"
"9.351341782919187","18","13"
"10.94977952663964","19.5","13"
"5.398493928711343","21","13"
"4.773343287071976","22.5","13"
"7.0088680133794865","24","13"
"8.424068311748709","25.5","13"
"6.730538523400642","27","13"
"4.659417538551135","28.5","13"
"7.6225879367049245","30","13"
"8.82618220598757","31.5","13"
"6.756820058545365","33","13"
"6.526746975896474","34.5","13"
"7.623596225114939","36","13"
"8.368830271034257","37.5","13"
"7.95191484092306","39","13"
"6.720002747292279","40.5","13"
"6.997374215438733","42","13"
"8.168155744152447","43.5","13"
"7.290824089091127","45","13"
"5.75344890256507","46.5","13"
"5.8813556589999525","48","13"
"5.608327321722248","49.5","13"
"4.236008356544155","51","13"
"4.573477953528018","52.5","13"
"6.162625743769882","54","13"
"6.401618679899356","55.5","13"
"6.67797151063452","57","13"
"6.83934200909954","58.5","13"
"5.841739682116136","60","13"
"5.396641457482972","61.5","13"
"6.621012578850776","63","13"
"7.289208166463347","64.5","13"
"5.531265208555443","66","13"
"4.6218398221090675","67.5","13"
"4.982947030816475","69","13"
"4.565145036262649","70.5","13"
"4.563091005914193","72","13"
"5.751665917488124","73.5","13"
"7.096042579221518","75","13"
"6.959289397934152","76.5","13"
"6.903400355758493","78","13"
"6.252671911061159","79.5","13"
"4.414167891936054","81","13"
"3.9715265694867274","82.5","13"
"5.441476780676892","84","13"
"6.499645405603039","85.5","13"
"5.803950057552707","87","13"
"5.79414511805825","88.5","13"
"6.494479775537655","90","13"
"6.015476744296169","91.5","13"
"5.397905514067375","93","13"
"5.822117975697191","94.5","13"
"6.38514849077369","96","13"
"5.397457550155008","97.5","13"
"5.039126337837441","99","13"
"5.7127610648348295","100.5","13"
"5.886910115827558","102","13"
"5.345772173735668","103.5","13"
"5.586629901333127","105","13"
"6.401888246742112","106.5","13"
"6.092098778503961","108","13"
"5.350177398612073","109.5","13"
"5.603756020015846","111","13"
"5.811678297457817","112.5","13"
"5.297778433914286","114","13"
"5.269227017823068","115.5","13"
"5.973349409769421","117","13"
"6.3558613099727195","118.5","13"
"5.7418935034262475","120","13"
"5.5201035642746845","121.5","13"
"5.778779315211588","123","13"
"5.669301666001008","124.5","13"
"5.334032463812218","126","13"
"5.58329062358813","127.5","13"
"6.100207960217938","129","13"
"5.984224238871963","130.5","13"
"5.530956216945921","132","13"
"5.630337183387983","133.5","13"
"5.9069314908195825","135","13"
"5.673245128296679","136.5","13"
"5.452918833611267","138","13"
"5.665779063090555","139.5","13"
"5.959814394529409","141","13"
"5.757357868189821","142.5","13"
"5.66118804900077","144","13"
"5.885392262307105","145.5","13"
"6.035147238863985","147","13"
"5.672078155200434","148.5","13"
"5.420271677062749","150","13"
"5.571679044156666","151.5","13"
"5.764537611027314","153","13"
"5.753575061818719","154.5","13"
"5.90846609986591","156","13"
"6.145158108045061","157.5","13"
"6.0934342924781255","159","13"
"5.603954622278424","160.5","13"
"5.347398938174309","162","13"
"5.434836171524911","163.5","13"
"5.473030392757265","165","13"
"5.688495613700552","166.5","13"
"6.097246667424302","168","13"
"6.312619240165691","169.5","13"
"6.068680467045547","171","13"
"5.616725782662364","172.5","13"
"5.4235355549413065","174","13"
"5.3754442388221815","175.5","13"
"5.416885089597634","177","13"
"5.788689223147557","178.5","13"
"6.222062522144808","180","13"
"6.260411978396299","181.5","13"
"5.934285379620313","183","13"
"5.676180794991917","184.5","13"
"5.563403785612691","186","13"
"5.460149335835968","187.5","13"
"5.56683620436917","189","13"
"5.929126156079527","190.5","13"
"6.1340319460543915","192","13"
"5.98053851598902","193.5","13"
"5.759711526765692","195","13"
"5.707795515460777","196.5","13"
"5.673850791276106","198","13"
"5.646089348948942","199.5","13"
"5.836704153781075","201","13"
"6.051560262077842","202.5","13"
"5.985782009968766","204","13"
"5.735036058057059","205.5","13"
"5.638344353517955","207","13"
"5.6935074871755535","208.5","13"
"5.720510495552077","210","13"
"5.849647304710027","211.5","13"
"6.070940984609935","213","13"
"6.102321620526127","214.5","13"
"5.854990346225854","216","13"
"5.618682236713077","217.5","13"
"5.595567495958754","219","13"
"5.650018519766659","220.5","13"
"5.7736728222963505","222","13"
"6.025723241178395","223.5","13"
"6.1909741223122605","225","13"
"6.061250869748681","226.5","13"
"5.77642812068364","228","13"
"5.62361427503538","229.5","13"
"5.603902877272045","231","13"
"5.653787034659809","232.5","13"
"5.857873282295546","234","13"
"6.110575195448382","235.5","13"
"6.153636404137876","237","13"
"5.954144620259017","238.5","13"
"5.75374261707747","240","13"
"5.676115251317171","241.5","13"
"5.65848893090612","243","13"
"5.748332060648558","244.5","13"
"5.958781465640166","246","13"
"6.097442312829373","247.5","13"
"6.021271692201041","249","13"
"5.850808856900841","250.5","13"
"5.757331256472255","252","13"
"5.729543695237108","253.5","13"
"5.753332599503114","255","13"
"5.8811284737814695","256.5","13"
"6.0236391494452795","258","13"
"6.021615180481481","259.5","13"
"5.888841436589459","261","13"
"5.784002111188782","262.5","13"
"5.76204005205275","264","13"
"5.7810758078756495","265.5","13"
"5.863200061095083","267","13"
"5.98918042486391","268.5","13"
"6.033268648727632","270","13"
"5.938207158294262","271.5","13"
"5.8106907070503535","273","13"
"5.759091079498728","274.5","13"
"5.772666505124674","276","13"
"5.836195574289806","277.5","13"
"5.950227769680913","279","13"
"6.033441624891814","280.5","13"
"5.997105788602845","282","13"
"5.877152978862803","283.5","13"
"5.786631743132008","285","13"
"5.766449712215416","286.5","13"
"5.80116913306702","288","13"
"5.891697760941583","289.5","13"
"5.994707777164363","291","13"
"6.019996300996193","292.5","13"
"5.944624031894852","294","13"
"5.846828433886329","295.5","13"
"5.796360789950443","297","13"
"5.796916679161829","298.5","13"
"5.847833765438836","300","13"
"9.552526367721018","1.5","14"
"4.074813544696032","3","14"
"4.5295153961083585","4.5","14"
"8.992886875395895","6","14"
"9.237818167019348","7.5","14"
"4.553419125007567","9","14"
"6.405172822623221","10.5","14"
"9.83551635794107","12","14"
"6.2521317917564785","13.5","14"
"2.8468444205513364","15","14"
"6.086596559492319","16.5","14"
"10.469324678362034","18","14"
"8.900086888146083","19.5","14"
"4.325700686553716","21","14"
"6.407778306896804","22.5","14"
"9.152586749369249","24","14"
"8.061128344196314","25.5","14"
"6.19037240180951","27","14"
"6.0329749342152335","28.5","14"
"6.013501563481243","30","14"
"5.297854326590309","31.5","14"
"5.224541508742855","33","14"
"4.202509625033513","34.5","14"
"3.4135798780845765","36","14"
"4.043257468567735","37.5","14"
"5.161115929590481","39","14"
"5.856456947549512","40.5","14"
"6.191840481561922","42","14"
"5.76575337227243","43.5","14"
"5.463823231288883","45","14"
"5.36765981862443","46.5","14"
"5.901592391780431","48","14"
"6.955614516862068","49.5","14"
"6.6002367123847865","51","14"
"5.300978739356435","52.5","14"
"4.439124262107888","54","14"
"4.259249749361712","55.5","14"
"4.6526216943800165","57","14"
"5.711203293738027","58.5","14"
"6.5783914491202955","60","14"
"6.208638389061322","61.5","14"
"5.653477550240703","63","14"
"5.403338246927593","64.5","14"
"5.185950575794927","66","14"
"5.133129273283171","67.5","14"
"5.813000505573199","69","14"
"6.212374871331476","70.5","14"
"5.619515084910988","72","14"
"5.317013284809349","73.5","14"
"5.372575101420858","75","14"
"5.219689798382836","76.5","14"
"5.257955477004953","78","14"
"5.669058218066234","79.5","14"
"6.176635334639828","81","14"
"5.980624264856734","82.5","14"
"5.470365771333536","84","14"
"5.493949174002778","85.5","14"
"5.658293285501049","87","14"
"5.429092475816834","88.5","14"
"5.613668884809322","90","14"
"6.048367841589045","91.5","14"
"5.854568501221468","93","14"
"5.297369894768684","94.5","14"
"5.217104519302221","96","14"
"5.377006938014829","97.5","14"
"5.406667175671314","99","14"
"5.65094105930896","100.5","14"
"6.145569604048171","102","14"
"6.258376674812055","103.5","14"
"5.720870246548807","105","14"
"5.287520109602031","106.5","14"
"5.263206363128467","108","14"
"5.3293409165671815","109.5","14"
"5.482121251163692","111","14"
"5.989865430186452","112.5","14"
"6.359317876398841","114","14"
"6.09988516994005","115.5","14"
"5.562927731554004","117","14"
"5.316376574826093","118.5","14"
"5.2885555025391975","120","14"
"5.30886615675736","121.5","14"
"5.670773195420512","123","14"
"6.225568369529386","124.5","14"
"6.350879005072792","126","14"
"5.921229375296496","127.5","14"
"5.540518694124774","129","14"
"5.492782200906534","130.5","14"
"5.482794429056204","132","14"
"5.58095963425315","133.5","14"
"5.953630127052733","135","14"
"6.246256515889323","136.5","14"
"6.151199460742214","138","14"
"5.830182311738973","139.5","14"
"5.676196072089039","141","14"
"5.664673198382797","142.5","14"
"5.655321150896552","144","14"
"5.818123261204727","145.5","14"
"6.103152497485699","147","14"
"6.228718901203494","148.5","14"
"6.088734860279737","150","14"
"5.884467258716881","151.5","14"
"5.822787703922612","153","14"
"5.7907782429765176","154.5","14"
"5.772331394607171","156","14"
"5.9125110809359995","157.5","14"
"6.11761843003095","159","14"
"6.226968441559128","160.5","14"
"6.17606958923675","162","14"
"6.060715678539846","163.5","14"
"6.00152185529011","165","14"
"5.920718824566889","166.5","14"
"5.855789683372015","168","14"
"5.912161678940545","169.5","14"
"6.035905672814627","171","14"
"6.138547067468154","172.5","14"
"6.1828703615037135","174","14"
"6.201858807606495","175.5","14"
"6.174144674999448","177","14"
"6.01683985560707","178.5","14"
"5.8559237275790155","180","14"
"5.831557743289488","181.5","14"
"5.915473359348805","183","14"
"6.031179628898672","184.5","14"
"6.144708172894355","186","14"
"6.2392674903610565","187.5","14"
"6.2327249503164035","189","14"
"6.070357990871398","190.5","14"
"5.882431462323053","192","14"
"5.806194312400804","193.5","14"
"5.846573158521525","195","14"
"5.948855787797491","196.5","14"
"6.079326632500853","198","14"
"6.202040161533613","199.5","14"
"6.2249321523557155","201","14"
"6.104789610925617","202.5","14"
"5.945706734552136","204","14"
"5.854241275657319","205.5","14"
"5.849233344658994","207","14"
"5.905522548217318","208.5","14"
"6.011854593849634","210","14"
"6.132449534478361","211.5","14"
"6.173081191915962","213","14"
"6.100441059151437","214.5","14"
"5.993138671447116","216","14"
"5.921196357054331","217.5","14"
"5.894710798741599","219","14"
"5.907742655395772","220.5","14"
"5.973458813497194","222","14"
"6.066575184500295","223.5","14"
"6.103643828641508","225","14"
"6.066877769585217","226.5","14"
"6.0158369881024845","228","14"
"5.982385566311961","229.5","14"
"5.957130060722297","231","14"
"5.943308723113654","232.5","14"
"5.970212183954096","234","14"
"6.0217965344086","235.5","14"
"6.033917186140917","237","14"
"6.012515451502533","238.5","14"
"6.007504070837116","240","14"
"6.0181408729103145","241.5","14"
"6.0127377086251705","243","14"
"5.994900958521512","244.5","14"
"5.997995802712565","246","14"
"6.00815359386957","247.5","14"
"5.984263663638728","249","14"
"5.959935132877627","250.5","14"
"5.9808908748419825","252","14"
"6.024418281398473","253.5","14"
"6.04428442137136","255","14"
"6.04136058210615","256.5","14"
"6.040629745492244","258","14"
"6.020313670368651","259.5","14"
"5.961707276143714","261","14"
"5.925122571014541","262.5","14"
"5.952208864210855","264","14"
"6.0091392130386945","265.5","14"
"6.048279135863824","267","14"
"6.069811465042117","268.5","14"
"6.081016476566317","270","14"
"6.045033491939895","271.5","14"
"5.963900278795018","273","14"
"5.916114504618322","274.5","14"
"5.936185653378387","276","14"
"5.987397439786962","277.5","14"
"6.033528359378697","279","14"
"6.077960564332445","280.5","14"
"6.1059831957394275","282","14"
"6.066257322318252","283.5","14"
"5.980715927439462","285","14"
"5.931428562458604","286.5","14"
"5.939821602493289","288","14"
"5.973249862233339","289.5","14"
"6.015186479450862","291","14"
"6.07265349791629","292.5","14"
"6.109824153641508","294","14"
"6.07260273852908","295.5","14"
"5.999312589922516","297","14"
"5.9600642489887825","298.5","14"
"5.95969562741953","300","14"
"3.4516686380658346","1.5","15"
"5.5650142873350426","3","15"
"11.010965779039763","4.5","15"
"7.958995529034055","6","15"
"2.8257445317834966","7.5","15"
"6.221179407369271","9","15"
"9.791798234075355","10.5","15"
"7.17858917025492","12","15"
"3.7877790662154736","13.5","15"
"6.851693295717433","15","15"
"9.590386956864624","16.5","15"
"6.453869801721774","18","15"
"5.1254685482911455","19.5","15"
"6.854683171466974","21","15"
"9.026689670420213","22.5","15"
"7.67079161340933","24","15"
"5.306647035198075","25.5","15"
"6.474019307205785","27","15"
"9.136962714300276","28.5","15"
"9.416265503208631","30","15"
"7.708208181117245","31.5","15"
"6.930396464800832","33","15"
"7.203987590624107","34.5","15"
"6.831310691299924","36","15"
"5.98319130998272","37.5","15"
"5.064453793626451","39","15"
"4.465377214296707","40.5","15"
"6.276962988293834","42","15"
"8.172095756781026","43.5","15"
"7.205364500603375","45","15"
"6.713974700453909","46.5","15"
"6.447521921463023","48","15"
"6.035003831274877","49.5","15"
"6.319269705509363","51","15"
"6.487221675976216","52.5","15"
"6.50820747932523","54","15"
"6.558087201426733","55.5","15"
"6.375540675113058","57","15"
"6.210934388915799","58.5","15"
"6.340304297007248","60","15"
"6.581809576398822","61.5","15"
"6.9656486128133475","63","15"
"7.090105209346707","64.5","15"
"6.310379420603853","66","15"
"5.84625283229156","67.5","15"
"6.100216337980876","69","15"
"6.613771234815213","70.5","15"
"6.840335020412434","72","15"
"6.962788838794131","73.5","15"
"6.931174118325272","75","15"
"6.416907111641241","76.5","15"
"6.0891793745250125","78","15"
"6.061885608493598","79.5","15"
"6.1193324217660585","81","15"
"6.321258192183072","82.5","15"
"6.74238812986145","84","15"
"6.870002157403102","85.5","15"
"6.512823133894243","87","15"
"6.254902367240889","88.5","15"
"6.220468775948332","90","15"
"6.179964756193132","91.5","15"
"6.177463254741893","93","15"
"6.434843409280981","94.5","15"
"6.683420999020613","96","15"
"6.623732887757561","97.5","15"
"6.449836155272129","99","15"
"6.298869852756394","100.5","15"
"6.202513258734794","102","15"
"6.2191135495907846","103.5","15"
"6.257475326081891","105","15"
"6.201955891094654","106.5","15"
"6.136953814081263","108","15"
"6.233537100511763","109.5","15"
"6.482063930864184","111","15"
"6.489069711918326","112.5","15"
"6.347927568470847","114","15"
"6.270160244788531","115.5","15"
"6.171150856773231","117","15"
"5.887275287729719","118.5","15"
"5.626375487137684","120","15"
"5.595431480513414","121.5","15"
"5.761907486274503","123","15"
"6.0282050302462515","124.5","15"
"6.434605382251638","126","15"
"6.856968822320175","127.5","15"
"6.72766297947472","129","15"
"6.195457703912611","130.5","15"
"5.584549259267103","132","15"
"5.225501009003999","133.5","15"
"5.271966053494067","135","15"
"5.70184878220386","136.5","15"
"6.3594967662780375","138","15"
"7.008012495940687","139.5","15"
"7.203023162267118","141","15"
"6.694383055419624","142.5","15"
"5.9680659982133255","144","15"
"5.406081717884853","145.5","15"
"5.125614419928176","147","15"
"5.370836962016106","148.5","15"
"5.988798004626289","150","15"
"6.538238802598889","151.5","15"
"6.932105528440095","153","15"
"6.956650402608819","154.5","15"
"6.393359191262087","156","15"
"5.444718974933729","157.5","15"
"4.832246845476404","159","15"
"4.834007161312462","160.5","15"
"5.305725481274942","162","15"
"5.965616241768465","163.5","15"
"6.485711707409116","165","15"
"6.71537674372199","166.5","15"
"6.464358268110019","168","15"
"5.806012958473686","169.5","15"
"5.188096761535697","171","15"
"4.944447760451276","172.5","15"
"5.140768314653475","174","15"
"5.695680777443474","175.5","15"
"6.343087685540858","177","15"
"6.704297398641853","178.5","15"
"6.60646286867615","180","15"
"6.14563317648458","181.5","15"
"5.662450627156419","183","15"
"5.330744438264016","184.5","15"
"5.267171016236273","186","15"
"5.577762778478092","187.5","15"
"6.0890748988930845","189","15"
"6.4697643892526715","190.5","15"
"6.555912925539642","192","15"
"6.412069199949591","193.5","15"
"6.169447706848982","195","15"
"5.875768676739767","196.5","15"
"5.5838524265145315","198","15"
"5.513330389344456","199.5","15"
"5.715966791182409","201","15"
"6.023731304837592","202.5","15"
"6.26919877328905","204","15"
"6.412704924313676","205.5","15"
"6.4405506370798005","207","15"
"6.275408174054538","208.5","15"
"5.935062047525584","210","15"
"5.650200366503363","211.5","15"
"5.599387755858283","213","15"
"5.754295549431349","214.5","15"
"6.027140068734012","216","15"
"6.337991048817311","217.5","15"
"6.562034113389494","219","15"
"6.5268918619143355","220.5","15"
"6.234540460825932","222","15"
"5.890181878659469","223.5","15"
"5.677290109366768","225","15"
"5.670076362667941","226.5","15"
"5.871535935217959","228","15"
"6.221650040522528","229.5","15"
"6.538197899403371","231","15"
"6.616858194052913","232.5","15"
"6.454900266563095","234","15"
"6.179674491347825","235.5","15"
"5.9115205336710295","237","15"
"5.778921244371942","238.5","15"
"5.8650510538947","240","15"
"6.127979258736794","241.5","15"
"6.386603264667318","243","15"
"6.501863048733571","244.5","15"
"6.48128036362473","246","15"
"6.346047007096156","247.5","15"
"6.155247398669811","249","15"
"6.01887910166799","250.5","15"
"6.014200367472152","252","15"
"6.109098245123447","253.5","15"
"6.216791430828326","255","15"
"6.320024196983328","256.5","15"
"6.404795330481447","258","15"
"6.420022161025262","259.5","15"
"6.3729016797877245","261","15"
"6.306439407975276","262.5","15"
"6.223350726398854","264","15"
"6.118382284887022","265.5","15"
"6.068435047872434","267","15"
"6.140793786364175","268.5","15"
"6.280972487073835","270","15"
"6.423457536639248","271.5","15"
"6.536416885564762","273","15"
"6.5528461714949096","274.5","15"
"6.396226850234657","276","15"
"6.150224190574365","277.5","15"
"6.006662844876267","279","15"
"6.028193202816222","280.5","15"
"6.180335349000724","282","15"
"6.41541636264794","283.5","15"
"6.634147432708122","285","15"
"6.666309664625431","286.5","15"
"6.457245054566443","288","15"
"6.185988860554826","289.5","15"
"6.017881655068835","291","15"
"6.010408690528528","292.5","15"
"6.17202460816666","294","15"
"6.442378960638528","295.5","15"
"6.642395093915362","297","15"
"6.605538850705095","298.5","15"
"6.407352519415742","300","15"
"6.243903350123037","1.5","16"
"10.425762282325039","3","16"
"7.00385663271407","4.5","16"
"2.915291729370404","6","16"
"6.805777733914152","7.5","16"
"11.271399874574385","9","16"
"8.641206128422","10.5","16"
"4.411500806464401","12","16"
"6.575043793612362","13.5","16"
"9.081577816329625","15","16"
"6.5016131942741975","16.5","16"
"3.3160834154938827","18","16"
"6.567890662492436","19.5","16"
"11.037473020974215","21","16"
"8.6043893099785","22.5","16"
"5.159177709494396","24","16"
"6.368276661836605","25.5","16"
"8.327706296821678","27","16"
"7.718557675202644","28.5","16"
"4.781545609797436","30","16"
"5.4904605749536595","31.5","16"
"9.25062530250296","33","16"
"9.312495574606455","34.5","16"
"6.540669339469952","36","16"
"6.138995524190106","37.5","16"
"7.5728609855746365","39","16"
"8.614141026037824","40.5","16"
"7.627727940671912","42","16"
"5.765580396108248","43.5","16"
"6.603940176412774","45","16"
"8.6926948738171","46.5","16"
"8.55981665429315","48","16"
"6.308282023011955","49.5","16"
"5.343785165490711","51","16"
"6.861254294467531","52.5","16"
"8.445746019754448","54","16"
"7.742679718747813","55.5","16"
"5.461536594816512","57","16"
"5.478246289400276","58.5","16"
"6.017101044686887","60","16"
"5.031597193004494","61.5","16"
"5.370699468142012","63","16"
"6.1792605312967925","64.5","16"
"5.666574950569624","66","16"
"5.886853442725333","67.5","16"
"7.807624137039809","69","16"
"7.83179053344759","70.5","16"
"4.9874424398468555","72","16"
"4.155408363369775","73.5","16"
"4.560940384887161","75","16"
"4.211557116196498","76.5","16"
"4.496275882439196","78","16"
"5.5180850162163155","79.5","16"
"6.804457004227523","81","16"
"7.16447214689554","82.5","16"
"7.252170569325961","84","16"
"6.740829373145479","85.5","16"
"4.635243749999586","87","16"
"3.799185390454967","88.5","16"
"4.996941344589299","90","16"
"6.037755679995075","91.5","16"
"5.639583276813546","93","16"
"5.557864605882208","94.5","16"
"6.137608265209562","96","16"
"6.328609925565577","97.5","16"
"5.733948427303929","99","16"
"5.80597451932609","100.5","16"
"6.14719390443889","102","16"
"5.393284931402516","103.5","16"
"4.721752037283287","105","16"
"5.198934137109814","106.5","16"
"5.9176126457553915","108","16"
"5.623588156127398","109.5","16"
"5.503746228543883","111","16"
"6.026858181651642","112.5","16"
"6.170900016694688","114","16"
"5.547072568789872","115.5","16"
"5.3551301349369265","117","16"
"5.6650339349986965","118.5","16"
"5.675080843999174","120","16"
"5.2664805900083005","121.5","16"
"5.417144307439114","123","16"
"5.905065220922844","124.5","16"
"5.901379005230315","126","16"
"5.741651041110642","127.5","16"
"5.878023280589141","129","16"
"6.0149277544189665","130.5","16"
"5.646352509267098","132","16"
"5.129440100733135","133.5","16"
"5.165221526239471","135","16"
"5.445870670932852","136.5","16"
"5.565226195456404","138","16"
"5.942877514727162","139.5","16"
"6.348493806683509","141","16"
"6.304770754721947","142.5","16"
"5.693385763208167","144","16"
"5.259139698436656","145.5","16"
"5.138355026117873","147","16"
"5.1112352218698085","148.5","16"
"5.470271644702884","150","16"
"6.143516559318884","151.5","16"
"6.475260201739713","153","16"
"6.148719642912695","154.5","16"
"5.6777986888580365","156","16"
"5.456679463551064","157.5","16"
"5.221214551237473","159","16"
"5.169418292661606","160.5","16"
"5.620333148821362","162","16"
"6.183597255640944","163.5","16"
"6.266842650665256","165","16"
"5.900905908029135","166.5","16"
"5.696805368915447","168","16"
"5.607359443698167","169.5","16"
"5.403519600854712","171","16"
"5.4604607914934125","172.5","16"
"5.831019102413561","174","16"
"6.08865206826953","175.5","16"
"5.935595267496081","177","16"
"5.715558744846391","178.5","16"
"5.7024509955161955","180","16"
"5.657696493094144","181.5","16"
"5.628108205637006","183","16"
"5.820458193016385","184.5","16"
"6.045600715771727","186","16"
"6.008634083214518","187.5","16"
"5.736688448594097","189","16"
"5.614526866296045","190.5","16"
"5.635315545811234","192","16"
"5.654268509623926","193.5","16"
"5.799927745723507","195","16"
"6.078632756605788","196.5","16"
"6.22246465476581","198","16"
"6.0263954334517384","199.5","16"
"5.6778149515743275","201","16"
"5.529356557034431","202.5","16"
"5.52692404892503","204","16"
"5.610491248608063","205.5","16"
"5.902330620538105","207","16"
"6.265614076370942","208.5","16"
"6.38204428320053","210","16"
"6.094546563710483","211.5","16"
"5.683391584833237","213","16"
"5.4767377992619295","214.5","16"
"5.413771025832783","216","16"
"5.576714572491727","217.5","16"
"6.000678658090924","219","16"
"6.40667835590406","220.5","16"
"6.4947902455759285","222","16"
"6.136125401169614","223.5","16"
"5.708632798944949","225","16"
"5.458489060345578","226.5","16"
"5.379065896459132","228","16"
"5.6094095315699475","229.5","16"
"6.074357140650123","231","16"
"6.445203745177241","232.5","16"
"6.4257584645895705","234","16"
"6.0627406331228135","235.5","16"
"5.717253024198118","237","16"
"5.494823418205792","238.5","16"
"5.452495017368542","240","16"
"5.683971621714267","241.5","16"
"6.072894974612725","243","16"
"6.344282255973837","244.5","16"
"6.266788934420539","246","16"
"5.974604102971717","247.5","16"
"5.721257594882273","249","16"
"5.558687597888428","250.5","16"
"5.559249400814829","252","16"
"5.77225895159824","253.5","16"
"6.093557002064681","255","16"
"6.238456818594451","256.5","16"
"6.080945019176556","258","16"
"5.881294057801883","259.5","16"
"5.731619902016871","261","16"
"5.649042756789225","262.5","16"
"5.716232415548489","264","16"
"5.9355765407318675","265.5","16"
"6.127754537566234","267","16"
"6.07686800548347","268.5","16"
"5.920880958920211","270","16"
"5.817834474788174","271.5","16"
"5.760336409318917","273","16"
"5.7651979758706275","274.5","16"
"5.865959794768633","276","16"
"6.000995041844213","277.5","16"
"6.039354354287396","279","16"
"5.952203936115009","280.5","16"
"5.851492383794629","282","16"
"5.7986779806170565","283.5","16"
"5.797562259717607","285","16"
"5.8526041622174025","286.5","16"
"5.94157255494724","288","16"
"5.996098978621584","289.5","16"
"5.966290405280146","291","16"
"5.888664517948601","292.5","16"
"5.825862342920698","294","16"
"5.8036588070882305","295.5","16"
"5.829923586707078","297","16"
"5.896004916710661","298.5","16"
"5.957306979363155","300","16"
"7.752118007911355","1.5","17"
"3.2911479897293927","3","17"
"7.130978343480744","4.5","17"
"10.666883170240654","6","17"
"6.765084968088065","7.5","17"
"4.128218580160703","9","17"
"7.962672874154061","10.5","17"
"8.128895575788684","12","17"
"4.326259039813025","13.5","17"
"4.30502683167173","15","17"
"8.42514855035807","16.5","17"
"10.899401574048145","18","17"
"6.327332070312806","19.5","17"
"3.991057598942112","21","17"
"6.95838509234648","22.5","17"
"8.906728975726818","24","17"
"8.036338050854477","25.5","17"
"6.033509632614484","27","17"
"6.636587825770876","28.5","17"
"8.618305267027377","30","17"
"9.741954487073526","31.5","17"
"8.809857395689349","33","17"
"7.565627033682842","34.5","17"
"7.167530523177335","36","17"
"6.8436979530174895","37.5","17"
"6.362593581707429","39","17"
"5.4641706620459995","40.5","17"
"4.271862225059422","42","17"
"4.725526465891452","43.5","17"
"6.33978389008595","45","17"
"6.848408719836323","46.5","17"
"6.521534528920556","48","17"
"6.481727341917928","49.5","17"
"6.149243992310669","51","17"
"6.262695165201578","52.5","17"
"7.144055538616697","54","17"
"6.882652086629239","55.5","17"
"5.810288574429351","57","17"
"5.453312588469331","58.5","17"
"5.788486678408302","60","17"
"6.10179480708023","61.5","17"
"6.26164449516729","63","17"
"6.9452862135888065","64.5","17"
"6.9324864702489615","66","17"
"6.147650246114194","67.5","17"
"5.935241430214365","69","17"
"5.832384184962799","70.5","17"
"5.638844062436702","72","17"
"5.973641153043482","73.5","17"
"6.842262891507243","75","17"
"6.64070130737322","76.5","17"
"6.203096745282916","78","17"
"6.346985316545163","79.5","17"
"6.241362916714617","81","17"
"5.833493006528065","82.5","17"
"6.072286847585375","84","17"
"6.676284130616978","85.5","17"
"6.453944708778628","87","17"
"6.2431094338823065","88.5","17"
"6.150873220797234","90","17"
"6.0752895363841155","91.5","17"
"6.0081043129111125","93","17"
"6.193764902989638","94.5","17"
"6.45744020716193","96","17"
"6.382997376937074","97.5","17"
"6.342751589404186","99","17"
"6.40937648837954","100.5","17"
"6.240569986093055","102","17"
"6.078475057538728","103.5","17"
"6.33028646377226","105","17"
"6.609479356143257","106.5","17"
"6.398309956348603","108","17"
"6.094991570765343","109.5","17"
"5.993208650408124","111","17"
"6.112778054291376","112.5","17"
"6.227923013724426","114","17"
"6.3200892478484905","115.5","17"
"6.382177341788362","117","17"
"6.330835453649462","118.5","17"
"6.366175814577614","120","17"
"6.448142861539572","121.5","17"
"6.242075519373894","123","17"
"5.993532919114767","124.5","17"
"6.13386439079564","126","17"
"6.353100097870415","127.5","17"
"6.169480725091148","129","17"
"5.829253365672073","130.5","17"
"5.691223807560691","132","17"
"5.721804613521138","133.5","17"
"5.803158112550315","135","17"
"6.057282766973783","136.5","17"
"6.487536581300752","138","17"
"6.664467542398336","139.5","17"
"6.459637645099495","141","17"
"5.99045926573585","142.5","17"
"5.449826946277721","144","17"
"5.267622429815732","145.5","17"
"5.527115751853425","147","17"
"6.055542163521108","148.5","17"
"6.681660683184556","150","17"
"7.089087557554586","151.5","17"
"6.910996029885356","153","17"
"6.278863262051907","154.5","17"
"5.691952672936258","156","17"
"5.305503224152305","157.5","17"
"5.36089502145714","159","17"
"5.817310125390199","160.5","17"
"6.261437515141774","162","17"
"6.671216076849336","163.5","17"
"6.906174380909996","165","17"
"6.665274764497849","166.5","17"
"5.873671279147868","168","17"
"5.085082802836241","169.5","17"
"4.863079969944147","171","17"
"5.161485043969318","172.5","17"
"5.746469733228495","174","17"
"6.2933070181658515","175.5","17"
"6.60028352929532","177","17"
"6.535655987566197","178.5","17"
"6.022696897519595","180","17"
"5.40376994812367","181.5","17"
"5.055565972768865","183","17"
"5.113331141032954","184.5","17"
"5.534287609737564","186","17"
"6.136623138850021","187.5","17"
"6.5865533614598215","189","17"
"6.6424212128233435","190.5","17"
"6.295835624144242","192","17"
"5.802606658625189","193.5","17"
"5.442228808102935","195","17"
"5.298375226321191","196.5","17"
"5.485140695488306","198","17"
"5.941130997559473","199.5","17"
"6.37769474580718","201","17"
"6.558642597828534","202.5","17"
"6.474601808134738","204","17"
"6.2414294460085324","205.5","17"
"5.961754585863832","207","17"
"5.664505150314461","208.5","17"
"5.506430069541411","210","17"
"5.629967083389976","211.5","17"
"5.930531156205116","213","17"
"6.2185335127097545","214.5","17"
"6.394614870083553","216","17"
"6.452103572170702","217.5","17"
"6.3530542665790515","219","17"
"6.064509326721809","220.5","17"
"5.737181258178659","222","17"
"5.604469608294292","223.5","17"
"5.708033542490121","225","17"
"5.9575657043950505","226.5","17"
"6.258421520484251","228","17"
"6.512144042286716","229.5","17"
"6.572626562600083","231","17"
"6.357058344453622","232.5","17"
"6.004314607205827","234","17"
"5.734762055928042","235.5","17"
"5.667584717408392","237","17"
"5.8117206790820894","238.5","17"
"6.122660857700194","240","17"
"6.4702074250691926","241.5","17"
"6.643853810285667","243","17"
"6.551093740612204","244.5","17"
"6.290538906729363","246","17"
"5.9984324320044875","247.5","17"
"5.809685375497846","249","17"
"5.824705718825729","250.5","17"
"6.044987167838946","252","17"
"6.336003054953186","253.5","17"
"6.513654996472985","255","17"
"6.530727891720571","256.5","17"
"6.419110463293821","258","17"
"6.228224613190178","259.5","17"
"6.058157011176797","261","17"
"6.008774533946118","262.5","17"
"6.088473178390334","264","17"
"6.2120422248618965","265.5","17"
"6.32234335888828","267","17"
"6.412889727907888","268.5","17"
"6.443507494587176","270","17"
"6.401602909992651","271.5","17"
"6.330755618496763","273","17"
"6.25962791834726","274.5","17"
"6.176421948089712","276","17"
"6.113467002090594","277.5","17"
"6.149053275001444","279","17"
"6.268787770095525","280.5","17"
"6.404684941134505","282","17"
"6.518349500575528","283.5","17"
"6.565274829217578","285","17"
"6.471700145300833","286.5","17"
"6.248611160084363","288","17"
"6.063434016208293","289.5","17"
"6.035333028077365","291","17"
"6.152976532104147","292.5","17"
"6.365475039348366","294","17"
"6.596509100687155","295.5","17"
"6.6987700463414","297","17"
"6.557850652826143","298.5","17"
"6.282388329010283","300","17"
"7.752118007911355","1.5","18"
"3.2911479897293927","3","18"
"7.130978343480744","4.5","18"
"10.666883170240654","6","18"
"6.765084968088065","7.5","18"
"4.128218580160703","9","18"
"7.962672874154061","10.5","18"
"8.128895575788684","12","18"
"4.326259039813025","13.5","18"
"4.30502683167173","15","18"
"8.42514855035807","16.5","18"
"10.899401574048145","18","18"
"6.327332070312806","19.5","18"
"3.991057598942112","21","18"
"6.95838509234648","22.5","18"
"8.906728975726818","24","18"
"8.036338050854477","25.5","18"
"6.033509632614484","27","18"
"6.636587825770876","28.5","18"
"8.618305267027377","30","18"
"9.741954487073526","31.5","18"
"8.809857395689349","33","18"
"7.565627033682842","34.5","18"
"7.167530523177335","36","18"
"6.8436979530174895","37.5","18"
"6.362593581707429","39","18"
"5.4641706620459995","40.5","18"
"4.271862225059422","42","18"
"4.725526465891452","43.5","18"
"6.33978389008595","45","18"
"6.848408719836323","46.5","18"
"6.521534528920556","48","18"
"6.481727341917928","49.5","18"
"6.149243992310669","51","18"
"6.262695165201578","52.5","18"
"7.144055538616697","54","18"
"6.882652086629239","55.5","18"
"5.810288574429351","57","18"
"5.453312588469331","58.5","18"
"5.788486678408302","60","18"
"6.10179480708023","61.5","18"
"6.26164449516729","63","18"
"6.9452862135888065","64.5","18"
"6.9324864702489615","66","18"
"6.147650246114194","67.5","18"
"5.935241430214365","69","18"
"5.832384184962799","70.5","18"
"5.638844062436702","72","18"
"5.973641153043482","73.5","18"
"6.842262891507243","75","18"
"6.64070130737322","76.5","18"
"6.203096745282916","78","18"
"6.346985316545163","79.5","18"
"6.241362916714617","81","18"
"5.833493006528065","82.5","18"
"6.072286847585375","84","18"
"6.676284130616978","85.5","18"
"6.453944708778628","87","18"
"6.2431094338823065","88.5","18"
"6.150873220797234","90","18"
"6.0752895363841155","91.5","18"
"6.0081043129111125","93","18"
"6.193764902989638","94.5","18"
"6.45744020716193","96","18"
"6.382997376937074","97.5","18"
"6.342751589404186","99","18"
"6.40937648837954","100.5","18"
"6.240569986093055","102","18"
"6.078475057538728","103.5","18"
"6.33028646377226","105","18"
"6.609479356143257","106.5","18"
"6.398309956348603","108","18"
"6.094991570765343","109.5","18"
"5.993208650408124","111","18"
"6.112778054291376","112.5","18"
"6.227923013724426","114","18"
"6.3200892478484905","115.5","18"
"6.382177341788362","117","18"
"6.330835453649462","118.5","18"
"6.366175814577614","120","18"
"6.448142861539572","121.5","18"
"6.242075519373894","123","18"
"5.993532919114767","124.5","18"
"6.13386439079564","126","18"
"6.353100097870415","127.5","18"
"6.169480725091148","129","18"
"5.829253365672073","130.5","18"
"5.691223807560691","132","18"
"5.721804613521138","133.5","18"
"5.803158112550315","135","18"
"6.057282766973783","136.5","18"
"6.487536581300752","138","18"
"6.664467542398336","139.5","18"
"6.459637645099495","141","18"
"5.99045926573585","142.5","18"
"5.449826946277721","144","18"
"5.267622429815732","145.5","18"
"5.527115751853425","147","18"
"6.055542163521108","148.5","18"
"6.681660683184556","150","18"
"7.089087557554586","151.5","18"
"6.910996029885356","153","18"
"6.278863262051907","154.5","18"
"5.691952672936258","156","18"
"5.305503224152305","157.5","18"
"5.36089502145714","159","18"
"5.817310125390199","160.5","18"
"6.261437515141774","162","18"
"6.671216076849336","163.5","18"
"6.906174380909996","165","18"
"6.665274764497849","166.5","18"
"5.873671279147868","168","18"
"5.085082802836241","169.5","18"
"4.863079969944147","171","18"
"5.161485043969318","172.5","18"
"5.746469733228495","174","18"
"6.2933070181658515","175.5","18"
"6.60028352929532","177","18"
"6.535655987566197","178.5","18"
"6.022696897519595","180","18"
"5.40376994812367","181.5","18"
"5.055565972768865","183","18"
"5.113331141032954","184.5","18"
"5.534287609737564","186","18"
"6.136623138850021","187.5","18"
"6.5865533614598215","189","18"
"6.6424212128233435","190.5","18"
"6.295835624144242","192","18"
"5.802606658625189","193.5","18"
"5.442228808102935","195","18"
"5.298375226321191","196.5","18"
"5.485140695488306","198","18"
"5.941130997559473","199.5","18"
"6.37769474580718","201","18"
"6.558642597828534","202.5","18"
"6.474601808134738","204","18"
"6.2414294460085324","205.5","18"
"5.961754585863832","207","18"
"5.664505150314461","208.5","18"
"5.506430069541411","210","18"
"5.629967083389976","211.5","18"
"5.930531156205116","213","18"
"6.2185335127097545","214.5","18"
"6.394614870083553","216","18"
"6.452103572170702","217.5","18"
"6.3530542665790515","219","18"
"6.064509326721809","220.5","18"
"5.737181258178659","222","18"
"5.604469608294292","223.5","18"
"5.708033542490121","225","18"
"5.9575657043950505","226.5","18"
"6.258421520484251","228","18"
"6.512144042286716","229.5","18"
"6.572626562600083","231","18"
"6.357058344453622","232.5","18"
"6.004314607205827","234","18"
"5.734762055928042","235.5","18"
"5.667584717408392","237","18"
"5.8117206790820894","238.5","18"
"6.122660857700194","240","18"
"6.4702074250691926","241.5","18"
"6.643853810285667","243","18"
"6.551093740612204","244.5","18"
"6.290538906729363","246","18"
"5.9984324320044875","247.5","18"
"5.809685375497846","249","18"
"5.824705718825729","250.5","18"
"6.044987167838946","252","18"
"6.336003054953186","253.5","18"
"6.513654996472985","255","18"
"6.530727891720571","256.5","18"
"6.419110463293821","258","18"
"6.228224613190178","259.5","18"
"6.058157011176797","261","18"
"6.008774533946118","262.5","18"
"6.088473178390334","264","18"
"6.2120422248618965","265.5","18"
"6.32234335888828","267","18"
"6.412889727907888","268.5","18"
"6.443507494587176","270","18"
"6.401602909992651","271.5","18"
"6.330755618496763","273","18"
"6.25962791834726","274.5","18"
"6.176421948089712","276","18"
"6.113467002090594","277.5","18"
"6.149053275001444","279","18"
"6.268787770095525","280.5","18"
"6.404684941134505","282","18"
"6.518349500575528","283.5","18"
"6.565274829217578","285","18"
"6.471700145300833","286.5","18"
"6.248611160084363","288","18"
"6.063434016208293","289.5","18"
"6.035333028077365","291","18"
"6.152976532104147","292.5","18"
"6.365475039348366","294","18"
"6.596509100687155","295.5","18"
"6.6987700463414","297","18"
"6.557850652826143","298.5","18"
"6.282388329010283","300","18"
"10.156674450485497","1.5","19"
"5.053918017518088","3","19"
"3.8510959808544523","4.5","19"
"9.037167787807181","6","19"
"10.595105454249113","7.5","19"
"5.698134476365012","9","19"
"4.43882315545172","10.5","19"
"8.379486785490839","12","19"
"9.15092795230761","13.5","19"
"4.329222303845","15","19"
"3.3588344005498953","16.5","19"
"9.351341782919187","18","19"
"10.94977952663964","19.5","19"
"5.398493928711343","21","19"
"4.773343287071976","22.5","19"
"7.0088680133794865","24","19"
"8.424068311748709","25.5","19"
"6.730538523400642","27","19"
"4.659417538551135","28.5","19"
"7.6225879367049245","30","19"
"8.82618220598757","31.5","19"
"6.756820058545365","33","19"
"6.526746975896474","34.5","19"
"7.623596225114939","36","19"
"8.368830271034257","37.5","19"
"7.95191484092306","39","19"
"6.720002747292279","40.5","19"
"6.997374215438733","42","19"
"8.168155744152447","43.5","19"
"7.290824089091127","45","19"
"5.75344890256507","46.5","19"
"5.8813556589999525","48","19"
"5.608327321722248","49.5","19"
"4.236008356544155","51","19"
"4.573477953528018","52.5","19"
"6.162625743769882","54","19"
"6.401618679899356","55.5","19"
"6.67797151063452","57","19"
"6.83934200909954","58.5","19"
"5.841739682116136","60","19"
"5.396641457482972","61.5","19"
"6.621012578850776","63","19"
"7.289208166463347","64.5","19"
"5.531265208555443","66","19"
"4.6218398221090675","67.5","19"
"4.982947030816475","69","19"
"4.565145036262649","70.5","19"
"4.563091005914193","72","19"
"5.751665917488124","73.5","19"
"7.096042579221518","75","19"
"6.959289397934152","76.5","19"
"6.903400355758493","78","19"
"6.252671911061159","79.5","19"
"4.414167891936054","81","19"
"3.9715265694867274","82.5","19"
"5.441476780676892","84","19"
"6.499645405603039","85.5","19"
"5.803950057552707","87","19"
"5.79414511805825","88.5","19"
"6.494479775537655","90","19"
"6.015476744296169","91.5","19"
"5.397905514067375","93","19"
"5.822117975697191","94.5","19"
"6.38514849077369","96","19"
"5.397457550155008","97.5","19"
"5.039126337837441","99","19"
"5.7127610648348295","100.5","19"
"5.886910115827558","102","19"
"5.345772173735668","103.5","19"
"5.586629901333127","105","19"
"6.401888246742112","106.5","19"
"6.092098778503961","108","19"
"5.350177398612073","109.5","19"
"5.603756020015846","111","19"
"5.811678297457817","112.5","19"
"5.297778433914286","114","19"
"5.269227017823068","115.5","19"
"5.973349409769421","117","19"
"6.3558613099727195","118.5","19"
"5.7418935034262475","120","19"
"5.5201035642746845","121.5","19"
"5.778779315211588","123","19"
"5.669301666001008","124.5","19"
"5.334032463812218","126","19"
"5.58329062358813","127.5","19"
"6.100207960217938","129","19"
"5.984224238871963","130.5","19"
"5.530956216945921","132","19"
"5.630337183387983","133.5","19"
"5.9069314908195825","135","19"
"5.673245128296679","136.5","19"
"5.452918833611267","138","19"
"5.665779063090555","139.5","19"
"5.959814394529409","141","19"
"5.757357868189821","142.5","19"
"5.66118804900077","144","19"
"5.885392262307105","145.5","19"
"6.035147238863985","147","19"
"5.672078155200434","148.5","19"
"5.420271677062749","150","19"
"5.571679044156666","151.5","19"
"5.764537611027314","153","19"
"5.753575061818719","154.5","19"
"5.90846609986591","156","19"
"6.145158108045061","157.5","19"
"6.0934342924781255","159","19"
"5.603954622278424","160.5","19"
"5.347398938174309","162","19"
"5.434836171524911","163.5","19"
"5.473030392757265","165","19"
"5.688495613700552","166.5","19"
"6.097246667424302","168","19"
"6.312619240165691","169.5","19"
"6.068680467045547","171","19"
"5.616725782662364","172.5","19"
"5.4235355549413065","174","19"
"5.3754442388221815","175.5","19"
"5.416885089597634","177","19"
"5.788689223147557","178.5","19"
"6.222062522144808","180","19"
"6.260411978396299","181.5","19"
"5.934285379620313","183","19"
"5.676180794991917","184.5","19"
"5.563403785612691","186","19"
"5.460149335835968","187.5","19"
"5.56683620436917","189","19"
"5.929126156079527","190.5","19"
"6.1340319460543915","192","19"
"5.98053851598902","193.5","19"
"5.759711526765692","195","19"
"5.707795515460777","196.5","19"
"5.673850791276106","198","19"
"5.646089348948942","199.5","19"
"5.836704153781075","201","19"
"6.051560262077842","202.5","19"
"5.985782009968766","204","19"
"5.735036058057059","205.5","19"
"5.638344353517955","207","19"
"5.6935074871755535","208.5","19"
"5.720510495552077","210","19"
"5.849647304710027","211.5","19"
"6.070940984609935","213","19"
"6.102321620526127","214.5","19"
"5.854990346225854","216","19"
"5.618682236713077","217.5","19"
"5.595567495958754","219","19"
"5.650018519766659","220.5","19"
"5.7736728222963505","222","19"
"6.025723241178395","223.5","19"
"6.1909741223122605","225","19"
"6.061250869748681","226.5","19"
"5.77642812068364","228","19"
"5.62361427503538","229.5","19"
"5.603902877272045","231","19"
"5.653787034659809","232.5","19"
"5.857873282295546","234","19"
"6.110575195448382","235.5","19"
"6.153636404137876","237","19"
"5.954144620259017","238.5","19"
"5.75374261707747","240","19"
"5.676115251317171","241.5","19"
"5.65848893090612","243","19"
"5.748332060648558","244.5","19"
"5.958781465640166","246","19"
"6.097442312829373","247.5","19"
"6.021271692201041","249","19"
"5.850808856900841","250.5","19"
"5.757331256472255","252","19"
"5.729543695237108","253.5","19"
"5.753332599503114","255","19"
"5.8811284737814695","256.5","19"
"6.0236391494452795","258","19"
"6.021615180481481","259.5","19"
"5.888841436589459","261","19"
"5.784002111188782","262.5","19"
"5.76204005205275","264","19"
"5.7810758078756495","265.5","19"
"5.863200061095083","267","19"
"5.98918042486391","268.5","19"
"6.033268648727632","270","19"
"5.938207158294262","271.5","19"
"5.8106907070503535","273","19"
"5.759091079498728","274.5","19"
"5.772666505124674","276","19"
"5.836195574289806","277.5","19"
"5.950227769680913","279","19"
"6.033441624891814","280.5","19"
"5.997105788602845","282","19"
"5.877152978862803","283.5","19"
"5.786631743132008","285","19"
"5.766449712215416","286.5","19"
"5.80116913306702","288","19"
"5.891697760941583","289.5","19"
"5.994707777164363","291","19"
"6.019996300996193","292.5","19"
"5.944624031894852","294","19"
"5.846828433886329","295.5","19"
"5.796360789950443","297","19"
"5.796916679161829","298.5","19"
"5.847833765438836","300","19"