"nusselt","time","episode"
"7.049667226075839","1.5","0"
"10.149661770097172","3","0"
"5.7518788112286545","4.5","0"
"2.7015887955015128","6","0"
"6.3124053608059905","7.5","0"
"9.66944938413517","9","0"
"6.510732142826944","10.5","0"
"3.4433549403742636","12","0"
"7.657396063281749","13.5","0"
"9.564483899480845","15","0"
"4.646330487223491","16.5","0"
"1.885810782385606","18","0"
"6.064753760275752","19.5","0"
"9.98406592225411","21","0"
"6.150833796030469","22.5","0"
"3.264571508048309","24","0"
"7.947130152666541","25.5","0"
"9.582083115364744","27","0"
"5.308803077130536","28.5","0"
"2.2111136499409954","30","0"
"5.4161695300808494","31.5","0"
"8.876119586810466","33","0"
"6.293535189003504","34.5","0"
"4.467546069278367","36","0"
"8.252229059278825","37.5","0"
"8.530735960708112","39","0"
"4.275557804134057","40.5","0"
"2.42623193293675","42","0"
"6.14248905133507","43.5","0"
"9.048673905987549","45","0"
"5.459118378185064","46.5","0"
"4.04537605697177","48","0"
"8.521666293113823","49.5","0"
"8.92238553622837","51","0"
"4.302079337546462","52.5","0"
"1.8914934929075935","54","0"
"5.760278257787939","55.5","0"
"9.032471312466301","57","0"
"5.778464409887053","58.5","0"
"4.714796029997187","60","0"
"8.329227107199639","61.5","0"
"8.048120635211784","63","0"
"4.118977168426193","64.5","0"
"2.339988777209543","66","0"
"6.0785721410268865","67.5","0"
"8.8137535482649","69","0"
"5.201756457600603","70.5","0"
"5.058422297120989","72","0"
"8.702507698264911","73.5","0"
"8.221185997928059","75","0"
"4.024286763609998","76.5","0"
"2.124814313921148","78","0"
"6.040605105013015","79.5","0"
"8.899387098536003","81","0"
"5.189008459267138","82.5","0"
"4.994794666038945","84","0"
"8.60732842634083","85.5","0"
"8.098548854380905","87","0"
"4.2704591961721725","88.5","0"
"2.479737008747087","90","0"
"6.094598308716862","91.5","0"
"8.789944931615514","93","0"
"4.857047980629101","94.5","0"
"4.258947657086375","96","0"
"8.614943320041492","97.5","0"
"9.02582429678972","99","0"
"4.699124192398512","100.5","0"
"2.281437577658077","102","0"
"5.67589693667121","103.5","0"
"8.970502478445892","105","0"
"5.40711612520285","106.5","0"
"3.1316696336643","108","0"
"7.332873066893931","109.5","0"
"9.513546115201287","111","0"
"6.242262787016028","112.5","0"
"2.919381309707896","114","0"
"4.828844488104584","115.5","0"
"8.425460006015514","117","0"
"6.221823509496295","118.5","0"
"2.410718780024304","120","0"
"5.464808850458008","121.5","0"
"9.585657956091161","123","0"
"7.635214703880587","124.5","0"
"3.1311536620292633","126","0"
"3.865625239431319","127.5","0"
"8.138931642978301","129","0"
"7.908219386298232","130.5","0"
"2.8397528906294807","132","0"
"3.2233149680574824","133.5","0"
"8.194843847204435","135","0"
"8.998947447666845","136.5","0"
"4.281897799439455","138","0"
"3.3227949892260407","139.5","0"
"7.172780423681681","141","0"
"8.623571430248013","142.5","0"
"4.338802522168897","144","0"
"2.424257737740992","145.5","0"
"6.50028704368214","147","0"
"8.873843792148955","148.5","0"
"5.016825718516815","150","0"
"3.2012538541949533","151.5","0"
"6.944814102006795","153","0"
"9.087151492731028","154.5","0"
"5.080323247868535","156","0"
"2.182109341841564","157.5","0"
"5.616841100105152","159","0"
"8.778901068825466","160.5","0"
"5.635383553533903","162","0"
"2.8802450829546506","163.5","0"
"6.655180052967669","165","0"
"9.267196517593463","166.5","0"
"5.4285838963255655","168","0"
"2.4253714874021037","169.5","0"
"5.488444490943214","171","0"
"8.536456494365716","172.5","0"
"5.672407844812507","174","0"
"2.700422315214853","175.5","0"
"6.706021246568653","177","0"
"9.383240361708754","178.5","0"
"5.305161707110203","180","0"
"2.3884285097049536","181.5","0"
"5.622137324710446","183","0"
"8.614014866784176","184.5","0"
"5.638988948454563","186","0"
"2.5584005066589293","187.5","0"
"6.676509344597123","189","0"
"9.447342075611148","190.5","0"
"5.450030969445729","192","0"
"2.405375245698892","193.5","0"
"5.532765813740435","195","0"
"8.51965168753213","196.5","0"
"5.71732990249331","198","0"
"2.6287702656673755","199.5","0"
"6.592248269019026","201","0"
"9.43013612177573","202.5","0"
"5.523345265721937","204","0"
"2.2959481094707304","205.5","0"
"5.385657717462241","207","0"
"8.613777332564416","208.5","0"
"5.975136337323045","210","0"
"2.5438123573367077","211.5","0"
"6.167547925900493","213","0"
"9.417405864587309","214.5","0"
"5.952952021064375","216","0"
"2.2548095973754063","217.5","0"
"5.037243805224413","219","0"
"8.563488085698143","220.5","0"
"6.412521106338635","222","0"
"2.667136477444742","223.5","0"
"5.694994786501764","225","0"
"9.085174340677762","226.5","0"
"6.201861271654417","228","0"
"2.2125723663113006","229.5","0"
"4.813502832927566","231","0"
"8.68189051648515","232.5","0"
"6.690386369688821","234","0"
"2.8112736711424007","235.5","0"
"5.438288302664772","237","0"
"8.914128018829441","238.5","0"
"6.572243156743292","240","0"
"2.2193701817207567","241.5","0"
"4.449851248335062","243","0"
"8.598052764340194","244.5","0"
"6.907375357867575","246","0"
"3.1237228327084363","247.5","0"
"5.397993726983012","249","0"
"8.796275563538805","250.5","0"
"6.628901474680454","252","0"
"2.1664843211534226","253.5","0"
"4.2403894337509165","255","0"
"8.635716229649974","256.5","0"
"7.021692397198559","258","0"
"3.09710717266538","259.5","0"
"5.417133465628254","261","0"
"8.85128494060602","262.5","0"
"6.8775515074290166","264","0"
"2.153351438534414","265.5","0"
"3.927361960137397","267","0"
"8.566056609252882","268.5","0"
"7.217245646877594","270","0"
"3.0186136940602117","271.5","0"
"5.283248436123043","273","0"
"8.964510899516782","274.5","0"
"7.263180921064258","276","0"
"2.3722081750386605","277.5","0"
"3.702104612748852","279","0"
"8.566935781551742","280.5","0"
"7.550698352937688","282","0"
"2.7155242185289814","283.5","0"
"4.566190778201091","285","0"
"9.049085894800244","286.5","0"
"8.131470998677608","288","0"
"2.81905143841076","289.5","0"
"3.464253023617225","291","0"
"8.47605183796671","292.5","0"
"8.144995172106759","294","0"
"2.837379026860643","295.5","0"
"3.2334254494943684","297","0"
"8.40483691052074","298.5","0"
"9.207366477170057","300","0"
"9.64596996428827","1.5","1"
"3.7093967161716246","3","1"
"3.7582405525263765","4.5","1"
"8.875730267238662","6","1"
"9.61382498070642","7.5","1"
"5.457433955025029","9","1"
"4.939389070065742","10.5","1"
"8.83042923898733","12","1"
"7.360003220143271","13.5","1"
"2.439698201239715","15","1"
"3.0682884073745362","16.5","1"
"9.425944283449441","18","1"
"10.674620280718287","19.5","1"
"4.161870082642559","21","1"
"3.7439059537354122","22.5","1"
"9.215772823063526","24","1"
"9.653387734155105","25.5","1"
"4.814400731990639","27","1"
"2.7168609645271076","28.5","1"
"6.288417361467822","30","1"
"9.959318010536547","31.5","1"
"7.342959400661173","33","1"
"4.375804637016195","34.5","1"
"7.021723937011971","36","1"
"9.175460999046306","37.5","1"
"6.093556509255097","39","1"
"3.7226981396685535","40.5","1"
"5.132192442262918","42","1"
"8.669502269148415","43.5","1"
"8.499233600824533","45","1"
"3.9694227653702296","46.5","1"
"4.800553275474015","48","1"
"9.813665180961566","49.5","1"
"9.37913328663101","51","1"
"3.7021425590868633","52.5","1"
"2.0494909561710752","54","1"
"6.2813337164993195","55.5","1"
"10.247925044401445","57","1"
"7.388897631705344","58.5","1"
"3.0984281487568","60","1"
"6.333101392119281","61.5","1"
"9.827793046131806","63","1"
"7.632578172603178","64.5","1"
"3.2809468313289467","66","1"
"3.2965755480889727","67.5","1"
"7.472530867872708","69","1"
"8.93389066878957","70.5","1"
"5.157756446652518","72","1"
"4.754378003019669","73.5","1"
"8.466441065448569","75","1"
"8.616188157052097","76.5","1"
"4.009571715819752","78","1"
"2.2262709943333867","79.5","1"
"6.255908191602981","81","1"
"9.620320211030956","82.5","1"
"6.431389799712367","84","1"
"3.5038665364531196","85.5","1"
"7.177379815534404","87","1"
"9.517477750066927","88.5","1"
"6.378138767242872","90","1"
"2.119225360422624","91.5","1"
"3.918642680157731","93","1"
"8.418247244935856","94.5","1"
"8.027799631992345","96","1"
"4.72230644806592","97.5","1"
"6.784042859996603","99","1"
"8.676723900800596","100.5","1"
"6.605053433264301","102","1"
"3.0341830272652976","103.5","1"
"3.5126471712260634","105","1"
"7.770415042166996","106.5","1"
"8.33306707948255","108","1"
"4.56068215266485","109.5","1"
"6.055319413588886","111","1"
"8.855682773338655","112.5","1"
"7.595612525665137","114","1"
"3.676654200968494","115.5","1"
"2.7180557813648796","117","1"
"6.907078686497669","118.5","1"
"9.02975691727453","120","1"
"5.152900793815822","121.5","1"
"4.649773254981245","123","1"
"8.027666573404513","124.5","1"
"8.51797317808711","126","1"
"4.9446404489988405","127.5","1"
"2.538690094514764","129","1"
"5.721661698741615","130.5","1"
"9.042955343568286","132","1"
"5.8419249785199305","133.5","1"
"3.1299078393994892","135","1"
"6.835095468909365","136.5","1"
"9.604158027895641","138","1"
"6.6993377629828155","139.5","1"
"2.533781464647728","141","1"
"4.072026460090538","142.5","1"
"8.590151055461316","144","1"
"7.596121105156406","145.5","1"
"2.5317274342992713","147","1"
"4.196588517874994","148.5","1"
"9.17133224034684","150","1"
"8.995051295091294","151.5","1"
"3.9907486073325913","153","1"
"2.7936865290933235","154.5","1"
"7.031261280902011","156","1"
"8.751948327026568","157.5","1"
"4.102917489684467","159","1"
"2.385501467177444","160.5","1"
"7.040421132650276","162","1"
"9.53304363360492","163.5","1"
"5.588277856583904","165","1"
"2.852107873319257","166.5","1"
"5.948521662899157","168","1"
"8.814703685143938","169.5","1"
"5.715875128599681","171","1"
"2.042050517063349","172.5","1"
"5.188571337165632","174","1"
"9.074377868299166","175.5","1"
"6.635578551741692","177","1"
"2.849675365209856","178.5","1"
"5.426808796201971","180","1"
"8.970161454213375","181.5","1"
"6.95889712150484","183","1"
"2.454733328855135","184.5","1"
"4.094224575017575","186","1"
"8.172555548123423","187.5","1"
"7.226077287442541","189","1"
"3.0324843126273104","190.5","1"
"5.170205802377738","192","1"
"9.155060653483753","193.5","1"
"7.102034158150629","195","1"
"2.62734506034882","196.5","1"
"4.107849774411561","198","1"
"8.071076198470294","199.5","1"
"7.295610748585984","201","1"
"2.742836218515025","202.5","1"
"5.083698993522789","204","1"
"9.38961041839881","205.5","1"
"7.217054929568369","207","1"
"2.7275906612069964","208.5","1"
"4.197723951157826","210","1"
"7.917813896100082","211.5","1"
"7.083300494603067","213","1"
"2.734642519957295","214.5","1"
"5.229134001261394","216","1"
"9.496782704372805","217.5","1"
"7.158128701923051","219","1"
"2.7487790092952653","220.5","1"
"4.156102732074423","222","1"
"7.942184808485456","223.5","1"
"7.180570757594446","225","1"
"2.782613097728202","226.5","1"
"4.959084205112785","228","1"
"9.488546870595595","229.5","1"
"7.645719432985123","231","1"
"3.096244509487603","232.5","1"
"3.7224320224928897","234","1"
"7.6311184706137025","235.5","1"
"7.6452729475015095","237","1"
"3.208298567206276","238.5","1"
"4.214430688884082","240","1"
"9.096643005329703","241.5","1"
"8.243653186888267","243","1"
"3.475583701585488","244.5","1"
"3.1897644915404615","246","1"
"7.199234442181001","247.5","1"
"8.264490161742742","249","1"
"3.779363849749483","250.5","1"
"3.260671905805665","252","1"
"8.196899355981646","253.5","1"
"8.97100218736464","255","1"
"4.195377191916139","256.5","1"
"2.6925679160560945","258","1"
"6.477096410251794","259.5","1"
"8.62682101664862","261","1"
"4.807377702601038","262.5","1"
"2.7757746255280193","264","1"
"7.102559493167773","265.5","1"
"9.13279058835737","267","1"
"4.829732530975966","268.5","1"
"2.3793958028295057","270","1"
"5.997565087135658","271.5","1"
"8.916749765819313","273","1"
"5.595050045894963","274.5","1"
"2.6755548971730327","276","1"
"6.193201128824899","277.5","1"
"8.991356208826243","279","1"
"5.486581177903983","280.5","1"
"2.191282499448612","282","1"
"5.490390103183067","283.5","1"
"8.950051866305715","285","1"
"6.031934613182221","286.5","1"
"2.9295824681083418","288","1"
"5.935923478679399","289.5","1"
"8.907316404751617","291","1"
"5.802086251703891","292.5","1"
"2.0250034943189523","294","1"
"5.069280863507242","295.5","1"
"8.956706766935648","297","1"
"6.381870321417179","298.5","1"
"3.092019652919148","300","1"
"7.049667226075839","1.5","2"
"10.149661770097172","3","2"
"5.7518788112286545","4.5","2"
"2.7015887955015128","6","2"
"6.3124053608059905","7.5","2"
"9.66944938413517","9","2"
"6.510732142826944","10.5","2"
"3.4433549403742636","12","2"
"7.657396063281749","13.5","2"
"9.564483899480845","15","2"
"4.646330487223491","16.5","2"
"1.885810782385606","18","2"
"6.064753760275752","19.5","2"
"9.98406592225411","21","2"
"6.150833796030469","22.5","2"
"3.264571508048309","24","2"
"7.947130152666541","25.5","2"
"9.582083115364744","27","2"
"5.308803077130536","28.5","2"
"2.2111136499409954","30","2"
"5.4161695300808494","31.5","2"
"8.876119586810466","33","2"
"6.293535189003504","34.5","2"
"4.467546069278367","36","2"
"8.252229059278825","37.5","2"
"8.530735960708112","39","2"
"4.275557804134057","40.5","2"
"2.42623193293675","42","2"
"6.14248905133507","43.5","2"
"9.048673905987549","45","2"
"5.459118378185064","46.5","2"
"4.04537605697177","48","2"
"8.521666293113823","49.5","2"
"8.92238553622837","51","2"
"4.302079337546462","52.5","2"
"1.8914934929075935","54","2"
"5.760278257787939","55.5","2"
"9.032471312466301","57","2"
"5.778464409887053","58.5","2"
"4.714796029997187","60","2"
"8.329227107199639","61.5","2"
"8.048120635211784","63","2"
"4.118977168426193","64.5","2"
"2.339988777209543","66","2"
"6.0785721410268865","67.5","2"
"8.8137535482649","69","2"
"5.201756457600603","70.5","2"
"5.058422297120989","72","2"
"8.702507698264911","73.5","2"
"8.221185997928059","75","2"
"4.024286763609998","76.5","2"
"2.124814313921148","78","2"
"6.040605105013015","79.5","2"
"8.899387098536003","81","2"
"5.189008459267138","82.5","2"
"4.994794666038945","84","2"
"8.60732842634083","85.5","2"
"8.098548854380905","87","2"
"4.2704591961721725","88.5","2"
"2.479737008747087","90","2"
"6.094598308716862","91.5","2"
"8.789944931615514","93","2"
"4.857047980629101","94.5","2"
"4.258947657086375","96","2"
"8.614943320041492","97.5","2"
"9.02582429678972","99","2"
"4.699124192398512","100.5","2"
"2.281437577658077","102","2"
"5.67589693667121","103.5","2"
"8.970502478445892","105","2"
"5.40711612520285","106.5","2"
"3.1316696336643","108","2"
"7.332873066893931","109.5","2"
"9.513546115201287","111","2"
"6.242262787016028","112.5","2"
"2.919381309707896","114","2"
"4.828844488104584","115.5","2"
"8.425460006015514","117","2"
"6.221823509496295","118.5","2"
"2.410718780024304","120","2"
"5.464808850458008","121.5","2"
"9.585657956091161","123","2"
"7.635214703880587","124.5","2"
"3.1311536620292633","126","2"
"3.865625239431319","127.5","2"
"8.138931642978301","129","2"
"7.908219386298232","130.5","2"
"2.8397528906294807","132","2"
"3.2233149680574824","133.5","2"
"8.194843847204435","135","2"
"8.998947447666845","136.5","2"
"4.281897799439455","138","2"
"3.3227949892260407","139.5","2"
"7.172780423681681","141","2"
"8.623571430248013","142.5","2"
"4.338802522168897","144","2"
"2.424257737740992","145.5","2"
"6.50028704368214","147","2"
"8.873843792148955","148.5","2"
"5.016825718516815","150","2"
"3.2012538541949533","151.5","2"
"6.944814102006795","153","2"
"9.087151492731028","154.5","2"
"5.080323247868535","156","2"
"2.182109341841564","157.5","2"
"5.616841100105152","159","2"
"8.778901068825466","160.5","2"
"5.635383553533903","162","2"
"2.8802450829546506","163.5","2"
"6.655180052967669","165","2"
"9.267196517593463","166.5","2"
"5.4285838963255655","168","2"
"2.4253714874021037","169.5","2"
"5.488444490943214","171","2"
"8.536456494365716","172.5","2"
"5.672407844812507","174","2"
"2.700422315214853","175.5","2"
"6.706021246568653","177","2"
"9.383240361708754","178.5","2"
"5.305161707110203","180","2"
"2.3884285097049536","181.5","2"
"5.622137324710446","183","2"
"8.614014866784176","184.5","2"
"5.638988948454563","186","2"
"2.5584005066589293","187.5","2"
"6.676509344597123","189","2"
"9.447342075611148","190.5","2"
"5.450030969445729","192","2"
"2.405375245698892","193.5","2"
"5.532765813740435","195","2"
"8.51965168753213","196.5","2"
"5.71732990249331","198","2"
"2.6287702656673755","199.5","2"
"6.592248269019026","201","2"
"9.43013612177573","202.5","2"
"5.523345265721937","204","2"
"2.2959481094707304","205.5","2"
"5.385657717462241","207","2"
"8.613777332564416","208.5","2"
"5.975136337323045","210","2"
"2.5438123573367077","211.5","2"
"6.167547925900493","213","2"
"9.417405864587309","214.5","2"
"5.952952021064375","216","2"
"2.2548095973754063","217.5","2"
"5.037243805224413","219","2"
"8.563488085698143","220.5","2"
"6.412521106338635","222","2"
"2.667136477444742","223.5","2"
"5.694994786501764","225","2"
"9.085174340677762","226.5","2"
"6.201861271654417","228","2"
"2.2125723663113006","229.5","2"
"4.813502832927566","231","2"
"8.68189051648515","232.5","2"
"6.690386369688821","234","2"
"2.8112736711424007","235.5","2"
"5.438288302664772","237","2"
"8.914128018829441","238.5","2"
"6.572243156743292","240","2"
"2.2193701817207567","241.5","2"
"4.449851248335062","243","2"
"8.598052764340194","244.5","2"
"6.907375357867575","246","2"
"3.1237228327084363","247.5","2"
"5.397993726983012","249","2"
"8.796275563538805","250.5","2"
"6.628901474680454","252","2"
"2.1664843211534226","253.5","2"
"4.2403894337509165","255","2"
"8.635716229649974","256.5","2"
"7.021692397198559","258","2"
"3.09710717266538","259.5","2"
"5.417133465628254","261","2"
"8.85128494060602","262.5","2"
"6.8775515074290166","264","2"
"2.153351438534414","265.5","2"
"3.927361960137397","267","2"
"8.566056609252882","268.5","2"
"7.217245646877594","270","2"
"3.0186136940602117","271.5","2"
"5.283248436123043","273","2"
"8.964510899516782","274.5","2"
"7.263180921064258","276","2"
"2.3722081750386605","277.5","2"
"3.702104612748852","279","2"
"8.566935781551742","280.5","2"
"7.550698352937688","282","2"
"2.7155242185289814","283.5","2"
"4.566190778201091","285","2"
"9.049085894800244","286.5","2"
"8.131470998677608","288","2"
"2.81905143841076","289.5","2"
"3.464253023617225","291","2"
"8.47605183796671","292.5","2"
"8.144995172106759","294","2"
"2.837379026860643","295.5","2"
"3.2334254494943684","297","2"
"8.40483691052074","298.5","2"
"9.207366477170057","300","2"
"9.64596996428827","1.5","3"
"3.7093967161716246","3","3"
"3.7582405525263765","4.5","3"
"8.875730267238662","6","3"
"9.61382498070642","7.5","3"
"5.457433955025029","9","3"
"4.939389070065742","10.5","3"
"8.83042923898733","12","3"
"7.360003220143271","13.5","3"
"2.439698201239715","15","3"
"3.0682884073745362","16.5","3"
"9.425944283449441","18","3"
"10.674620280718287","19.5","3"
"4.161870082642559","21","3"
"3.7439059537354122","22.5","3"
"9.215772823063526","24","3"
"9.653387734155105","25.5","3"
"4.814400731990639","27","3"
"2.7168609645271076","28.5","3"
"6.288417361467822","30","3"
"9.959318010536547","31.5","3"
"7.342959400661173","33","3"
"4.375804637016195","34.5","3"
"7.021723937011971","36","3"
"9.175460999046306","37.5","3"
"6.093556509255097","39","3"
"3.7226981396685535","40.5","3"
"5.132192442262918","42","3"
"8.669502269148415","43.5","3"
"8.499233600824533","45","3"
"3.9694227653702296","46.5","3"
"4.800553275474015","48","3"
"9.813665180961566","49.5","3"
"9.37913328663101","51","3"
"3.7021425590868633","52.5","3"
"2.0494909561710752","54","3"
"6.2813337164993195","55.5","3"
"10.247925044401445","57","3"
"7.388897631705344","58.5","3"
"3.0984281487568","60","3"
"6.333101392119281","61.5","3"
"9.827793046131806","63","3"
"7.632578172603178","64.5","3"
"3.2809468313289467","66","3"
"3.2965755480889727","67.5","3"
"7.472530867872708","69","3"
"8.93389066878957","70.5","3"
"5.157756446652518","72","3"
"4.754378003019669","73.5","3"
"8.466441065448569","75","3"
"8.616188157052097","76.5","3"
"4.009571715819752","78","3"
"2.2262709943333867","79.5","3"
"6.255908191602981","81","3"
"9.620320211030956","82.5","3"
"6.431389799712367","84","3"
"3.5038665364531196","85.5","3"
"7.177379815534404","87","3"
"9.517477750066927","88.5","3"
"6.378138767242872","90","3"
"2.119225360422624","91.5","3"
"3.918642680157731","93","3"
"8.418247244935856","94.5","3"
"8.027799631992345","96","3"
"4.72230644806592","97.5","3"
"6.784042859996603","99","3"
"8.676723900800596","100.5","3"
"6.605053433264301","102","3"
"3.0341830272652976","103.5","3"
"3.5126471712260634","105","3"
"7.770415042166996","106.5","3"
"8.33306707948255","108","3"
"4.56068215266485","109.5","3"
"6.055319413588886","111","3"
"8.855682773338655","112.5","3"
"7.595612525665137","114","3"
"3.676654200968494","115.5","3"
"2.7180557813648796","117","3"
"6.907078686497669","118.5","3"
"9.02975691727453","120","3"
"5.152900793815822","121.5","3"
"4.649773254981245","123","3"
"8.027666573404513","124.5","3"
"8.51797317808711","126","3"
"4.9446404489988405","127.5","3"
"2.538690094514764","129","3"
"5.721661698741615","130.5","3"
"9.042955343568286","132","3"
"5.8419249785199305","133.5","3"
"3.1299078393994892","135","3"
"6.835095468909365","136.5","3"
"9.604158027895641","138","3"
"6.6993377629828155","139.5","3"
"2.533781464647728","141","3"
"4.072026460090538","142.5","3"
"8.590151055461316","144","3"
"7.596121105156406","145.5","3"
"2.5317274342992713","147","3"
"4.196588517874994","148.5","3"
"9.17133224034684","150","3"
"8.995051295091294","151.5","3"
"3.9907486073325913","153","3"
"2.7936865290933235","154.5","3"
"7.031261280902011","156","3"
"8.751948327026568","157.5","3"
"4.102917489684467","159","3"
"2.385501467177444","160.5","3"
"7.040421132650276","162","3"
"9.53304363360492","163.5","3"
"5.588277856583904","165","3"
"2.852107873319257","166.5","3"
"5.948521662899157","168","3"
"8.814703685143938","169.5","3"
"5.715875128599681","171","3"
"2.042050517063349","172.5","3"
"5.188571337165632","174","3"
"9.074377868299166","175.5","3"
"6.635578551741692","177","3"
"2.849675365209856","178.5","3"
"5.426808796201971","180","3"
"8.970161454213375","181.5","3"
"6.95889712150484","183","3"
"2.454733328855135","184.5","3"
"4.094224575017575","186","3"
"8.172555548123423","187.5","3"
"7.226077287442541","189","3"
"3.0324843126273104","190.5","3"
"5.170205802377738","192","3"
"9.155060653483753","193.5","3"
"7.102034158150629","195","3"
"2.62734506034882","196.5","3"
"4.107849774411561","198","3"
"8.071076198470294","199.5","3"
"7.295610748585984","201","3"
"2.742836218515025","202.5","3"
"5.083698993522789","204","3"
"9.38961041839881","205.5","3"
"7.217054929568369","207","3"
"2.7275906612069964","208.5","3"
"4.197723951157826","210","3"
"7.917813896100082","211.5","3"
"7.083300494603067","213","3"
"2.734642519957295","214.5","3"
"5.229134001261394","216","3"
"9.496782704372805","217.5","3"
"7.158128701923051","219","3"
"2.7487790092952653","220.5","3"
"4.156102732074423","222","3"
"7.942184808485456","223.5","3"
"7.180570757594446","225","3"
"2.782613097728202","226.5","3"
"4.959084205112785","228","3"
"9.488546870595595","229.5","3"
"7.645719432985123","231","3"
"3.096244509487603","232.5","3"
"3.7224320224928897","234","3"
"7.6311184706137025","235.5","3"
"7.6452729475015095","237","3"
"3.208298567206276","238.5","3"
"4.214430688884082","240","3"
"9.096643005329703","241.5","3"
"8.243653186888267","243","3"
"3.475583701585488","244.5","3"
"3.1897644915404615","246","3"
"7.199234442181001","247.5","3"
"8.264490161742742","249","3"
"3.779363849749483","250.5","3"
"3.260671905805665","252","3"
"8.196899355981646","253.5","3"
"8.97100218736464","255","3"
"4.195377191916139","256.5","3"
"2.6925679160560945","258","3"
"6.477096410251794","259.5","3"
"8.62682101664862","261","3"
"4.807377702601038","262.5","3"
"2.7757746255280193","264","3"
"7.102559493167773","265.5","3"
"9.13279058835737","267","3"
"4.829732530975966","268.5","3"
"2.3793958028295057","270","3"
"5.997565087135658","271.5","3"
"8.916749765819313","273","3"
"5.595050045894963","274.5","3"
"2.6755548971730327","276","3"
"6.193201128824899","277.5","3"
"8.991356208826243","279","3"
"5.486581177903983","280.5","3"
"2.191282499448612","282","3"
"5.490390103183067","283.5","3"
"8.950051866305715","285","3"
"6.031934613182221","286.5","3"
"2.9295824681083418","288","3"
"5.935923478679399","289.5","3"
"8.907316404751617","291","3"
"5.802086251703891","292.5","3"
"2.0250034943189523","294","3"
"5.069280863507242","295.5","3"
"8.956706766935648","297","3"
"6.381870321417179","298.5","3"
"3.092019652919148","300","3"
"7.049667226075839","1.5","4"
"10.149661770097172","3","4"
"5.7518788112286545","4.5","4"
"2.7015887955015128","6","4"
"6.3124053608059905","7.5","4"
"9.66944938413517","9","4"
"6.510732142826944","10.5","4"
"3.4433549403742636","12","4"
"7.657396063281749","13.5","4"
"9.564483899480845","15","4"
"4.646330487223491","16.5","4"
"1.885810782385606","18","4"
"6.064753760275752","19.5","4"
"9.98406592225411","21","4"
"6.150833796030469","22.5","4"
"3.264571508048309","24","4"
"7.947130152666541","25.5","4"
"9.582083115364744","27","4"
"5.308803077130536","28.5","4"
"2.2111136499409954","30","4"
"5.4161695300808494","31.5","4"
"8.876119586810466","33","4"
"6.293535189003504","34.5","4"
"4.467546069278367","36","4"
"8.252229059278825","37.5","4"
"8.530735960708112","39","4"
"4.275557804134057","40.5","4"
"2.42623193293675","42","4"
"6.14248905133507","43.5","4"
"9.048673905987549","45","4"
"5.459118378185064","46.5","4"
"4.04537605697177","48","4"
"8.521666293113823","49.5","4"
"8.92238553622837","51","4"
"4.302079337546462","52.5","4"
"1.8914934929075935","54","4"
"5.760278257787939","55.5","4"
"9.032471312466301","57","4"
"5.778464409887053","58.5","4"
"4.714796029997187","60","4"
"8.329227107199639","61.5","4"
"8.048120635211784","63","4"
"4.118977168426193","64.5","4"
"2.339988777209543","66","4"
"6.0785721410268865","67.5","4"
"8.8137535482649","69","4"
"5.201756457600603","70.5","4"
"5.058422297120989","72","4"
"8.702507698264911","73.5","4"
"8.221185997928059","75","4"
"4.024286763609998","76.5","4"
"2.124814313921148","78","4"
"6.040605105013015","79.5","4"
"8.899387098536003","81","4"
"5.189008459267138","82.5","4"
"4.994794666038945","84","4"
"8.60732842634083","85.5","4"
"8.098548854380905","87","4"
"4.2704591961721725","88.5","4"
"2.479737008747087","90","4"
"6.094598308716862","91.5","4"
"8.789944931615514","93","4"
"4.857047980629101","94.5","4"
"4.258947657086375","96","4"
"8.614943320041492","97.5","4"
"9.02582429678972","99","4"
"4.699124192398512","100.5","4"
"2.281437577658077","102","4"
"5.67589693667121","103.5","4"
"8.970502478445892","105","4"
"5.40711612520285","106.5","4"
"3.1316696336643","108","4"
"7.332873066893931","109.5","4"
"9.513546115201287","111","4"
"6.242262787016028","112.5","4"
"2.919381309707896","114","4"
"4.828844488104584","115.5","4"
"8.425460006015514","117","4"
"6.221823509496295","118.5","4"
"2.410718780024304","120","4"
"5.464808850458008","121.5","4"
"9.585657956091161","123","4"
"7.635214703880587","124.5","4"
"3.1311536620292633","126","4"
"3.865625239431319","127.5","4"
"8.138931642978301","129","4"
"7.908219386298232","130.5","4"
"2.8397528906294807","132","4"
"3.2233149680574824","133.5","4"
"8.194843847204435","135","4"
"8.998947447666845","136.5","4"
"4.281897799439455","138","4"
"3.3227949892260407","139.5","4"
"7.172780423681681","141","4"
"8.623571430248013","142.5","4"
"4.338802522168897","144","4"
"2.424257737740992","145.5","4"
"6.50028704368214","147","4"
"8.873843792148955","148.5","4"
"5.016825718516815","150","4"
"3.2012538541949533","151.5","4"
"6.944814102006795","153","4"
"9.087151492731028","154.5","4"
"5.080323247868535","156","4"
"2.182109341841564","157.5","4"
"5.616841100105152","159","4"
"8.778901068825466","160.5","4"
"5.635383553533903","162","4"
"2.8802450829546506","163.5","4"
"6.655180052967669","165","4"
"9.267196517593463","166.5","4"
"5.4285838963255655","168","4"
"2.4253714874021037","169.5","4"
"5.488444490943214","171","4"
"8.536456494365716","172.5","4"
"5.672407844812507","174","4"
"2.700422315214853","175.5","4"
"6.706021246568653","177","4"
"9.383240361708754","178.5","4"
"5.305161707110203","180","4"
"2.3884285097049536","181.5","4"
"5.622137324710446","183","4"
"8.614014866784176","184.5","4"
"5.638988948454563","186","4"
"2.5584005066589293","187.5","4"
"6.676509344597123","189","4"
"9.447342075611148","190.5","4"
"5.450030969445729","192","4"
"2.405375245698892","193.5","4"
"5.532765813740435","195","4"
"8.51965168753213","196.5","4"
"5.71732990249331","198","4"
"2.6287702656673755","199.5","4"
"6.592248269019026","201","4"
"9.43013612177573","202.5","4"
"5.523345265721937","204","4"
"2.2959481094707304","205.5","4"
"5.385657717462241","207","4"
"8.613777332564416","208.5","4"
"5.975136337323045","210","4"
"2.5438123573367077","211.5","4"
"6.167547925900493","213","4"
"9.417405864587309","214.5","4"
"5.952952021064375","216","4"
"2.2548095973754063","217.5","4"
"5.037243805224413","219","4"
"8.563488085698143","220.5","4"
"6.412521106338635","222","4"
"2.667136477444742","223.5","4"
"5.694994786501764","225","4"
"9.085174340677762","226.5","4"
"6.201861271654417","228","4"
"2.2125723663113006","229.5","4"
"4.813502832927566","231","4"
"8.68189051648515","232.5","4"
"6.690386369688821","234","4"
"2.8112736711424007","235.5","4"
"5.438288302664772","237","4"
"8.914128018829441","238.5","4"
"6.572243156743292","240","4"
"2.2193701817207567","241.5","4"
"4.449851248335062","243","4"
"8.598052764340194","244.5","4"
"6.907375357867575","246","4"
"3.1237228327084363","247.5","4"
"5.397993726983012","249","4"
"8.796275563538805","250.5","4"
"6.628901474680454","252","4"
"2.1664843211534226","253.5","4"
"4.2403894337509165","255","4"
"8.635716229649974","256.5","4"
"7.021692397198559","258","4"
"3.09710717266538","259.5","4"
"5.417133465628254","261","4"
"8.85128494060602","262.5","4"
"6.8775515074290166","264","4"
"2.153351438534414","265.5","4"
"3.927361960137397","267","4"
"8.566056609252882","268.5","4"
"7.217245646877594","270","4"
"3.0186136940602117","271.5","4"
"5.283248436123043","273","4"
"8.964510899516782","274.5","4"
"7.263180921064258","276","4"
"2.3722081750386605","277.5","4"
"3.702104612748852","279","4"
"8.566935781551742","280.5","4"
"7.550698352937688","282","4"
"2.7155242185289814","283.5","4"
"4.566190778201091","285","4"
"9.049085894800244","286.5","4"
"8.131470998677608","288","4"
"2.81905143841076","289.5","4"
"3.464253023617225","291","4"
"8.47605183796671","292.5","4"
"8.144995172106759","294","4"
"2.837379026860643","295.5","4"
"3.2334254494943684","297","4"
"8.40483691052074","298.5","4"
"9.207366477170057","300","4"
"9.402618620192925","1.5","5"
"3.473939688811387","3","5"
"3.3880912735614146","4.5","5"
"8.176426074600577","6","5"
"8.708218375730823","7.5","5"
"3.451746009170611","9","5"
"3.2789053676248963","10.5","5"
"7.694560805291952","12","5"
"8.28662766109088","13.5","5"
"4.4724781076006686","15","5"
"4.554899524999593","16.5","5"
"7.714632446861602","18","5"
"7.274927530321892","19.5","5"
"3.063283433233719","21","5"
"3.6629669075668523","22.5","5"
"8.0650649071578","24","5"
"8.117064203282506","25.5","5"
"3.603160768408298","27","5"
"4.347320243028477","28.5","5"
"8.170813959051578","30","5"
"8.172751686338078","31.5","5"
"3.3220833721859324","33","5"
"2.9279010018058145","34.5","5"
"7.302451931238882","36","5"
"8.216841388630556","37.5","5"
"4.245617650633541","39","5"
"4.481082562947131","40.5","5"
"7.856831174058384","42","5"
"7.828875564754902","43.5","5"
"3.374715435817217","45","5"
"2.9391171015456665","46.5","5"
"7.358846103238717","48","5"
"8.297442860233689","49.5","5"
"3.9284431843659275","51","5"
"4.228872473759689","52.5","5"
"8.053837719202294","54","5"
"8.387783727656535","55.5","5"
"3.580030996961645","57","5"
"2.4804397552146735","58.5","5"
"6.951043707965251","60","5"
"8.502593576572082","61.5","5"
"4.3804365543014985","63","5"
"4.148068457417299","64.5","5"
"7.783367556478054","66","5"
"8.324034865416687","67.5","5"
"3.833395246196133","69","5"
"2.4396811993090477","70.5","5"
"6.840703149172103","72","5"
"8.643654406438108","73.5","5"
"4.360028816595177","75","5"
"3.7415584552793484","76.5","5"
"7.754611131599658","78","5"
"8.842008292986213","79.5","5"
"4.216644882347522","81","5"
"2.0501227380584846","82.5","5"
"6.442087217364467","84","5"
"8.941510490586076","85.5","5"
"4.873608353908742","87","5"
"3.253910065495882","88.5","5"
"7.228715789958288","90","5"
"9.091237869806221","91.5","5"
"4.882542498867277","93","5"
"2.03621910124922","94.5","5"
"6.062291190781693","96","5"
"9.14904837655209","97.5","5"
"5.290618896269761","99","5"
"2.481006732641713","100.5","5"
"6.435960608609185","102","5"
"9.576839621384998","103.5","5"
"5.912100077742474","105","5"
"2.0699574614203557","106.5","5"
"5.480509271012587","108","5"
"9.328979069590906","109.5","5"
"6.370579561025266","111","5"
"2.062037148979662","112.5","5"
"4.938987430254323","114","5"
"9.440886270053378","115.5","5"
"7.457361696050286","117","5"
"2.626102687386138","118.5","5"
"4.797331779219729","120","5"
"9.142751255680547","121.5","5"
"7.424288259211122","123","5"
"2.361084477095914","124.5","5"
"3.2845845052773956","126","5"
"8.55823867800338","127.5","5"
"8.942723787783269","129","5"
"3.5081980862966327","130.5","5"
"4.074071866271265","132","5"
"8.684242203822683","133.5","5"
"8.545080662095561","135","5"
"3.6793175903682624","136.5","5"
"2.201374254121285","138","5"
"6.8486265416727","139.5","5"
"9.457622083545123","141","5"
"4.924516569613227","142.5","5"
"3.868870883355248","144","5"
"8.143173747882216","145.5","5"
"8.936304450134758","147","5"
"4.724943472152915","148.5","5"
"1.9749275108003976","150","5"
"5.4091538928350165","151.5","5"
"9.270592961250268","153","5"
"6.13983625734137","154.5","5"
"3.747958080544478","156","5"
"7.684461165665927","157.5","5"
"9.247631977086328","159","5"
"5.650020983814581","160.5","5"
"2.1397972037206046","162","5"
"4.229253908378141","163.5","5"
"8.759797798089481","165","5"
"7.218239643809657","166.5","5"
"3.763037807427301","168","5"
"7.107907462779446","169.5","5"
"9.329677873581815","171","5"
"6.445892200166875","172.5","5"
"2.6051176232515014","174","5"
"3.437528206251188","175.5","5"
"8.12097908262227","177","5"
"7.933972629568305","178.5","5"
"3.794241524702635","180","5"
"6.427086093610382","181.5","5"
"9.403628879841278","183","5"
"7.208779178214809","184.5","5"
"3.023059575727343","186","5"
"2.798814705630282","187.5","5"
"7.456205564764903","189","5"
"8.542088322298097","190.5","5"
"4.103182621240962","192","5"
"5.6138083499217535","193.5","5"
"9.190876082851423","195","5"
"7.921082702074486","196.5","5"
"3.634560131088703","198","5"
"2.4433348895689946","199.5","5"
"6.726731076550312","201","5"
"8.889378135873537","202.5","5"
"4.600152750721222","204","5"
"4.720413566451615","205.5","5"
"8.855690658292009","207","5"
"8.642246942264597","208.5","5"
"4.282843008222645","210","5"
"2.2495853229694585","211.5","5"
"5.979470104809688","213","5"
"9.106923013263678","214.5","5"
"5.298082990237546","216","5"
"3.7834963045208325","217.5","5"
"8.097346891804156","219","5"
"9.345021992806757","220.5","5"
"5.391768063501233","222","5"
"2.3710983678542257","223.5","5"
"5.044246629421047","225","5"
"8.89817380133881","226.5","5"
"6.327272933162659","228","5"
"3.0986809600736804","229.5","5"
"6.638212126161595","231","5"
"9.626833182500535","232.5","5"
"6.816169116814239","234","5"
"2.791642354936558","235.5","5"
"4.0089727057697155","237","5"
"8.371739818821515","238.5","5"
"7.5739535444236115","240","5"
"2.8009929239940483","241.5","5"
"4.674999191995835","243","5"
"9.311878577006583","244.5","5"
"8.52322455702021","246","5"
"3.7235585852032","247.5","5"
"3.0020429717792947","249","5"
"7.303790402070554","250.5","5"
"8.705480325678993","252","5"
"3.796709761506917","253.5","5"
"2.70927884266382","255","5"
"7.731475200033198","256.5","5"
"9.662210996957114","258","5"
"5.394637200902556","259.5","5"
"2.5997829594986115","261","5"
"5.831518318522723","262.5","5"
"8.94194613425883","264","5"
"5.626304522557507","265.5","5"
"2.0007439568996896","267","5"
"5.559382459402661","268.5","5"
"9.564924471249444","270","5"
"7.048650067093302","271.5","5"
"2.7841960021138172","273","5"
"4.608778396879821","274.5","5"
"8.621590335718071","276","5"
"7.377079072248364","277.5","5"
"2.4406892413142702","279","5"
"3.6060513430265497","280.5","5"
"8.489136918056015","282","5"
"8.33035169867161","283.5","5"
"3.601754043449164","285","5"
"3.95295651872124","286.5","5"
"7.95160486369437","288","5"
"8.235725359101409","289.5","5"
"3.4107802268346763","291","5"
"2.689444488909137","292.5","5"
"7.255917893406974","294","5"
"8.673471357542484","295.5","5"
"4.272331872593511","297","5"
"3.810282230275355","298.5","5"
"7.593848760161988","300","5"
"9.779990516429235","1.5","6"
"7.619566028332387","3","6"
"2.800063485117563","4.5","6"
"4.690887373002132","6","6"
"9.030254654954938","7.5","6"
"7.912203258979837","9","6"
"3.2566532900483494","10.5","6"
"5.386970562195516","12","6"
"9.160526897395721","13.5","6"
"6.946842506256854","15","6"
"2.6085286047910516","16.5","6"
"4.5628258743576975","18","6"
"8.808093137376614","19.5","6"
"7.396238523276988","21","6"
"3.1891366521297284","22.5","6"
"5.899465425613459","24","6"
"9.281754112721442","25.5","6"
"6.910284905654833","27","6"
"2.348491713781586","28.5","6"
"4.155849427947958","30","6"
"8.567735118697902","31.5","6"
"7.35590846530514","33","6"
"3.7038747847766005","34.5","6"
"6.450683787757577","36","6"
"9.039678159830943","37.5","6"
"6.462821687825353","39","6"
"2.399270074160538","40.5","6"
"4.161393042964702","42","6"
"8.543913688999316","43.5","6"
"7.121057593733914","45","6"
"4.0186263527217125","46.5","6"
"7.108532345332671","48","6"
"9.243345519319803","49.5","6"
"6.421441452628802","51","6"
"2.4513987328011924","52.5","6"
"3.904777728900855","54","6"
"8.588695295948519","55.5","6"
"7.619137776803401","57","6"
"4.378494884538322","58.5","6"
"7.1212419045185404","60","6"
"9.259410126157373","61.5","6"
"6.647876614924452","63","6"
"2.852934561397361","64.5","6"
"3.623931706778442","66","6"
"8.506647428214693","67.5","6"
"8.46636320153421","69","6"
"4.47948487427398","70.5","6"
"6.523985270984586","72","6"
"9.52042672262095","73.5","6"
"7.543517131671441","75","6"
"3.2815561903802584","76.5","6"
"2.9528950719108678","78","6"
"7.970765793151748","79.5","6"
"9.832817732656007","81","6"
"5.240158644477644","82.5","6"
"5.240064025037407","84","6"
"9.253123847096694","85.5","6"
"8.798777064990043","87","6"
"4.258062078262916","88.5","6"
"2.6538587088078724","90","6"
"6.472072216537178","91.5","6"
"10.223136722297946","93","6"
"6.8729969612484885","94.5","6"
"4.2596642022223286","96","6"
"8.028543774465035","97.5","6"
"9.599488164272326","99","6"
"5.653161166487415","100.5","6"
"3.1407210673039616","102","6"
"5.107205025087256","103.5","6"
"9.187232248783168","105","6"
"8.326027787376658","106.5","6"
"4.202509132223929","108","6"
"6.239417304474763","109.5","6"
"9.74014784713652","111","6"
"7.4205527625601375","112.5","6"
"3.5554824267210363","114","6"
"3.6741066218210974","115.5","6"
"7.761225129034073","117","6"
"9.201692267613403","118.5","6"
"4.829023870793365","120","6"
"4.343818338120575","121.5","6"
"9.053859248436318","123","6"
"9.230224956940408","124.5","6"
"4.537277639874804","126","6"
"2.3402265578340944","127.5","6"
"5.719076912470584","129","6"
"9.312342803635241","130.5","6"
"6.395210184061704","132","6"
"3.7191775079964384","133.5","6"
"7.7546540060335145","135","6"
"9.246656214108894","136.5","6"
"5.637041364976372","138","6"
"2.3062525114791415","139.5","6"
"4.533116355742758","141","6"
"8.637157204875235","142.5","6"
"6.96628285874868","144","6"
"4.324449935828096","145.5","6"
"7.480594711104906","147","6"
"8.995366693225414","148.5","6"
"5.574956227894008","150","6"
"2.0985480558735468","151.5","6"
"4.230663343789989","153","6"
"8.69420681362254","154.5","6"
"7.09665317029679","156","6"
"4.112713558606402","157.5","6"
"7.622802308874209","159","6"
"9.111198629219343","160.5","6"
"5.977239648629958","162","6"
"2.507382887226672","163.5","6"
"4.083501038457493","165","6"
"8.333220836072934","166.5","6"
"7.009141522698919","168","6"
"3.9067610410739273","169.5","6"
"7.126135503693248","171","6"
"9.416985005202093","172.5","6"
"6.415656853725206","174","6"
"2.7609972373253253","175.5","6"
"3.9568903712300108","177","6"
"8.278037990031953","178.5","6"
"7.411284492703269","180","6"
"3.063985194082136","181.5","6"
"5.419053944579294","183","6"
"9.472624192918378","184.5","6"
"8.101036557163777","186","6"
"3.6377234758120105","187.5","6"
"3.255368781866187","189","6"
"7.45020856493036","190.5","6"
"8.307362131551766","192","6"
"3.4911968948436","193.5","6"
"3.2416588192236557","195","6"
"8.18704809238624","196.5","6"
"9.34244854115617","198","6"
"4.995080002788407","199.5","6"
"2.9095238859926833","201","6"
"6.3516251187838195","202.5","6"
"8.763515553595422","204","6"
"4.898049245255124","205.5","6"
"2.131566051634448","207","6"
"6.132766903850819","208.5","6"
"9.533025892459877","210","6"
"6.343552897788684","211.5","6"
"2.8545672395510167","213","6"
"5.360144472459851","214.5","6"
"8.801051874032385","216","6"
"6.792594091907933","217.5","6"
"2.3274403667578256","219","6"
"4.272913880712879","220.5","6"
"8.44731019737585","222","6"
"7.304995814314394","223.5","6"
"3.173317957274854","225","6"
"4.959319768094207","226.5","6"
"8.745358477261798","228","6"
"7.437114121458948","229.5","6"
"2.746774013500472","231","6"
"3.7218810613773488","232.5","6"
"7.927441916953681","234","6"
"7.757824250091006","235.5","6"
"3.1837687237298806","237","6"
"4.466541723345028","238.5","6"
"8.83407800115143","240","6"
"7.758999108140603","241.5","6"
"3.0696682742113115","243","6"
"3.766698643426224","244.5","6"
"7.686590103071238","246","6"
"7.667541041389555","247.5","6"
"3.1319002685498756","249","6"
"4.385782552674834","250.5","6"
"8.991635139051107","252","6"
"7.697239718193635","253.5","6"
"2.9567325801458564","255","6"
"3.8756154753295715","256.5","6"
"7.7962422068747514","258","6"
"7.641879953511796","259.5","6"
"3.059279848168732","261","6"
"4.314019620970829","262.5","6"
"9.022188347674819","264","6"
"7.780846342643432","265.5","6"
"2.9843631815283196","267","6"
"3.7575311531293987","268.5","6"
"7.735366424512904","270","6"
"7.691608383070838","271.5","6"
"3.168589449310976","273","6"
"4.194985901105996","274.5","6"
"8.903196516624673","276","6"
"7.939379243520541","277.5","6"
"3.087113240695243","279","6"
"3.517362619735951","280.5","6"
"7.606516430533169","282","6"
"7.92086290899977","283.5","6"
"3.37163636153287","285","6"
"3.897115525480076","286.5","6"
"8.550976635965267","288","6"
"8.234632800252434","289.5","6"
"3.333515076119031","291","6"
"3.2345399383698568","292.5","6"
"7.361627520533989","294","6"
"8.216066199154039","295.5","6"
"3.775792951499742","297","6"
"3.5679293183983334","298.5","6"
"8.058999406791003","300","6"
"9.347492940063752","1.5","7"
"7.824348123101526","3","7"
"2.6110204964553922","4.5","7"
"4.088485068190967","6","7"
"9.143281518793538","7.5","7"
"8.31528848090987","9","7"
"2.8312465043903456","10.5","7"
"3.733327549597984","12","7"
"8.62467926619411","13.5","7"
"8.479794233951878","15","7"
"3.383815904010542","16.5","7"
"3.8226290816069866","18","7"
"8.391492612589953","19.5","7"
"8.328981688026527","21","7"
"3.76751473609826","22.5","7"
"3.3973058271735663","24","7"
"7.794470063608665","25.5","7"
"8.423883015344913","27","7"
"3.40350069005631","28.5","7"
"3.129000084144725","30","7"
"8.216051907676086","31.5","7"
"9.279385669858033","33","7"
"4.340688504449018","34.5","7"
"2.447451328028846","36","7"
"6.755862036712975","37.5","7"
"9.187215493257293","39","7"
"4.6944158896276","40.5","7"
"2.206085513749703","42","7"
"6.785693772104888","43.5","7"
"9.704210200991877","45","7"
"6.047053025617433","46.5","7"
"2.5017466240080295","48","7"
"5.359534374194163","49.5","7"
"8.882269850425807","51","7"
"6.1501118299890845","52.5","7"
"2.118443271611923","54","7"
"5.144344140999062","55.5","7"
"9.409900374614422","57","7"
"7.271068831274767","58.5","7"
"2.7050478259755577","60","7"
"4.316419110838064","61.5","7"
"8.617021005250008","63","7"
"7.631709842115178","64.5","7"
"2.4426833952982028","66","7"
"3.369339868868808","67.5","7"
"8.4586891706834","69","7"
"8.633922402762167","70.5","7"
"3.742100299417575","72","7"
"3.6072505951505827","73.5","7"
"7.700909178360288","75","7"
"8.37195961189623","76.5","7"
"3.6479766256236275","78","7"
"2.5423161874379754","79.5","7"
"7.189323055816278","81","7"
"8.909268916325653","82.5","7"
"4.446027045958856","84","7"
"3.4416621394512914","85.5","7"
"7.277118068925272","87","7"
"8.776547410249595","88.5","7"
"4.441300016423732","90","7"
"2.1104774974870533","91.5","7"
"6.181204172298307","93","7"
"8.928586066421337","94.5","7"
"5.2049912597136725","96","7"
"3.377098909372954","97.5","7"
"6.831683748155438","99","7"
"8.886124606996257","100.5","7"
"5.147720872272485","102","7"
"2.086957667254219","103.5","7"
"5.5130829989330055","105","7"
"8.747996979777545","106.5","7"
"5.63976413793108","108","7"
"3.2366839064674964","109.5","7"
"6.566123940131779","111","7"
"9.030419253356182","112.5","7"
"5.589652795324834","114","7"
"2.0178969337047676","115.5","7"
"5.075606567334687","117","7"
"8.690427949728113","118.5","7"
"6.04987830296573","120","7"
"3.165012144536636","121.5","7"
"6.282077858972008","123","7"
"9.021290448611746","124.5","7"
"5.929896417460199","126","7"
"2.06322506648325","127.5","7"
"4.8018582352539365","129","7"
"8.58296983419507","130.5","7"
"6.269727065163701","132","7"
"3.176444587684111","133.5","7"
"6.1446692409371755","135","7"
"9.007151741630643","136.5","7"
"6.091273815259403","138","7"
"2.052197712814285","139.5","7"
"4.63447299580933","141","7"
"8.573216146897408","142.5","7"
"6.447103033316145","144","7"
"3.189666668837926","145.5","7"
"6.012828878398315","147","7"
"8.996957482564381","148.5","7"
"6.254695880024958","150","7"
"2.066536377284322","151.5","7"
"4.4624927997982615","153","7"
"8.562832648950675","154.5","7"
"6.607345983451686","156","7"
"3.1742602092005376","157.5","7"
"5.86559117319938","159","7"
"9.013489272888119","160.5","7"
"6.4676246100365","162","7"
"2.0733068417618354","163.5","7"
"4.241456366501495","165","7"
"8.568640902714328","166.5","7"
"6.841988396568642","168","7"
"3.0989692536806497","169.5","7"
"5.6569001128054905","171","7"
"9.005177546434886","172.5","7"
"6.80665789183218","174","7"
"2.1278273517211637","175.5","7"
"3.9257494871767085","177","7"
"8.525910369256076","178.5","7"
"7.17732856333761","180","7"
"2.973516442572097","181.5","7"
"5.296918481189224","183","7"
"9.03773254759109","184.5","7"
"7.3253582135389355","186","7"
"2.3798762921744543","187.5","7"
"3.6062886308415165","189","7"
"8.478071371644246","190.5","7"
"7.656938735987275","192","7"
"2.796085279746182","193.5","7"
"4.47567644180448","195","7"
"8.973466235287452","196.5","7"
"8.207233572969923","198","7"
"2.894073566302269","199.5","7"
"3.3312698356517636","201","7"
"8.360119368817529","202.5","7"
"8.274517358359837","204","7"
"2.9743187365757646","205.5","7"
"3.1417064400682944","207","7"
"8.284453385203788","208.5","7"
"9.264059291778137","210","7"
"3.841449726046224","211.5","7"
"3.125358960529184","213","7"
"8.022179631489994","214.5","7"
"8.968447462478267","216","7"
"3.9452718924643633","217.5","7"
"1.9895436270665434","219","7"
"6.722094723978747","220.5","7"
"9.822603761206363","222","7"
"5.4220788098093395","223.5","7"
"3.302545443396364","225","7"
"7.407718029739789","226.5","7"
"9.147311715576091","228","7"
"5.284383869405875","229.5","7"
"1.960967570496097","231","7"
"4.993391637151695","232.5","7"
"9.245254663650398","234","7"
"6.767335629460762","235.5","7"
"3.5991342676976292","237","7"
"7.101632025529626","238.5","7"
"9.298595387464283","240","7"
"6.109650684667742","241.5","7"
"2.218523042044894","243","7"
"3.69531591431671","244.5","7"
"8.56109105987883","246","7"
"7.857241684442325","247.5","7"
"3.8800039446801016","249","7"
"6.6240955956117995","250.5","7"
"9.249392292922385","252","7"
"6.95494823830374","253.5","7"
"2.9117122069529335","255","7"
"2.9105927899815995","256.5","7"
"7.559076608684836","258","7"
"8.341830219515241","259.5","7"
"4.3707040578159715","261","7"
"6.2753130618047175","262.5","7"
"9.143179014399948","264","7"
"7.314771185233777","265.5","7"
"3.2276406041859804","267","7"
"2.562941254171089","268.5","7"
"7.067943562328927","270","7"
"8.669049869949788","271.5","7"
"4.636725628420366","273","7"
"5.839217482662344","274.5","7"
"9.055684615137537","276","7"
"7.812455642206861","277.5","7"
"3.645463050337566","279","7"
"2.292417868011716","280.5","7"
"6.530960990654069","282","7"
"8.864785951984695","283.5","7"
"4.984562460634671","285","7"
"5.407385692045605","286.5","7"
"8.84488432972172","288","7"
"8.133347124766038","289.5","7"
"4.075217894960165","291","7"
"2.2535672244127243","292.5","7"
"6.078845650346319","294","7"
"8.941921493779601","295.5","7"
"5.201644097015324","297","7"
"4.704841769198607","298.5","7"
"8.670981683521273","300","7"
"10.317277151617768","1.5","8"
"5.3519239157797625","3","8"
"3.012949094290457","4.5","8"
"6.9493578063764625","6","8"
"9.278180257614194","7.5","8"
"5.0753517847794685","9","8"
"2.7207334622426003","10.5","8"
"7.5077081088283695","12","8"
"9.88059660749852","13.5","8"
"5.900803403635546","15","8"
"4.028943814184115","16.5","8"
"6.732082003019492","18","8"
"8.236656276406647","19.5","8"
"4.79772504126821","21","8"
"2.790276779577735","22.5","8"
"7.4781976852855925","24","8"
"9.828444540402598","25.5","8"
"5.30656227194953","27","8"
"3.8898024776499596","28.5","8"
"7.123255031671479","30","8"
"8.853589318223433","31.5","8"
"5.133476704040287","33","8"
"2.1879429752988235","34.5","8"
"6.586417346014482","36","8"
"9.88577702185144","37.5","8"
"6.045000966507314","39","8"
"4.153217331956809","40.5","8"
"6.851631694519362","42","8"
"8.509848719276011","43.5","8"
"5.508404264737168","45","8"
"2.5134400098305307","46.5","8"
"6.188042890903282","48","8"
"9.616613297335876","49.5","8"
"5.949381122814635","51","8"
"3.850464198967043","52.5","8"
"6.937643229741825","54","8"
"8.996253750477626","55.5","8"
"5.92234115371927","57","8"
"2.2063309329228153","58.5","8"
"5.503989676478657","60","8"
"9.747601099293444","61.5","8"
"6.8609423460005035","63","8"
"3.726935562881415","64.5","8"
"6.294816001113783","66","8"
"8.83175785362731","67.5","8"
"6.734887075174822","69","8"
"2.7167656058724945","70.5","8"
"4.773099839137202","72","8"
"9.319383081360304","73.5","8"
"7.522489932317325","75","8"
"3.523831731152504","76.5","8"
"5.729631415343161","78","8"
"8.86128897517264","79.5","8"
"7.524114232708043","81","8"
"3.0360037122754644","82.5","8"
"3.9238142239381313","84","8"
"8.942164941714376","85.5","8"
"8.791675678876496","87","8"
"3.8347778234856236","88.5","8"
"4.600581987869376","90","8"
"8.248648304837394","91.5","8"
"8.644684378469844","93","8"
"4.175634254339393","94.5","8"
"3.132263222808906","96","8"
"7.8659353383235935","97.5","8"
"9.64021197710224","99","8"
"4.87955410154649","100.5","8"
"3.4857942233680403","102","8"
"7.1137206446389465","103.5","8"
"9.196080152064404","105","8"
"5.78431504527498","106.5","8"
"2.81383233850545","108","8"
"6.441572724158184","109.5","8"
"9.961034959129163","111","8"
"6.625895336214622","112.5","8"
"2.784876572150098","114","8"
"5.357016117217047","115.5","8"
"9.217120164467719","117","8"
"7.87596598460778","118.5","8"
"3.3911062825997687","120","8"
"4.619659632506963","121.5","8"
"8.901469711840365","123","8"
"8.509786625268356","124.5","8"
"3.573582337142851","126","8"
"3.5858986342802392","127.5","8"
"7.9425765921051825","129","8"
"9.207390132030115","130.5","8"
"4.856043634695762","132","8"
"3.4770719865308672","133.5","8"
"7.318439166971677","135","8"
"9.40387429901439","136.5","8"
"5.328351847730965","138","8"
"2.639661850295793","139.5","8"
"6.2553680722983005","141","8"
"9.483102310305348","142.5","8"
"6.730680452560996","144","8"
"3.1750196287703485","145.5","8"
"5.681850076452726","147","8"
"9.094023229578168","148.5","8"
"7.441017173368683","150","8"
"3.0044018048558034","151.5","8"
"4.566755537985","153","8"
"8.649934771783773","154.5","8"
"8.175807105762367","156","8"
"3.788428589247927","157.5","8"
"4.386637577304049","159","8"
"8.122423014705038","160.5","8"
"8.84569549429791","162","8"
"4.182469523277276","163.5","8"
"3.3503701495302405","165","8"
"7.384725505762437","166.5","8"
"9.201160033262076","168","8"
"5.287942447416001","169.5","8"
"3.250423930494686","171","8"
"6.60206355751476","172.5","8"
"9.345088029291087","174","8"
"6.440302261049181","175.5","8"
"2.998137209416844","177","8"
"5.634157936097097","178.5","8"
"9.09565541492224","180","8"
"7.367089329159696","181.5","8"
"3.236162267522237","183","8"
"4.845520178827013","184.5","8"
"8.66075489902243","186","8"
"8.507144180275933","187.5","8"
"3.839094342636807","189","8"
"4.005024315378201","190.5","8"
"7.9657189301962426","192","8"
"9.017919631053337","193.5","8"
"4.743371100948464","195","8"
"3.3108793462809016","196.5","8"
"6.929850431781136","198","8"
"9.43533132041619","199.5","8"
"6.324729542896732","201","8"
"3.147503112806712","202.5","8"
"5.8468782076543695","204","8"
"9.213476330399464","205.5","8"
"7.486552778982267","207","8"
"3.311996545609105","208.5","8"
"4.61973059708714","210","8"
"8.49344604506343","211.5","8"
"8.986949505521086","213","8"
"4.44855811598517","214.5","8"
"3.655133206410645","216","8"
"7.427293412057785","217.5","8"
"9.401564993301129","219","8"
"5.836274423823336","220.5","8"
"3.045879862754891","222","8"
"5.907771731161262","223.5","8"
"9.388768699628377","225","8"
"8.292909012055715","226.5","8"
"3.495436535699592","228","8"
"4.182635107297688","229.5","8"
"8.320919323223082","231","8"
"9.360602660632287","232.5","8"
"5.170430030738713","234","8"
"3.2208937945685263","235.5","8"
"6.471971190572343","237","8"
"9.723329241634566","238.5","8"
"8.30496806258996","240","8"
"3.396680944620341","241.5","8"
"4.076697555737814","243","8"
"8.335833712490285","244.5","8"
"9.659200916014607","246","8"
"5.729047928795039","247.5","8"
"3.2787994135642156","249","8"
"6.017226218321366","250.5","8"
"9.556462930682505","252","8"
"9.454836723773177","253.5","8"
"4.222880894830577","255","8"
"3.0165209781593667","256.5","8"
"7.101544305423574","258","8"
"10.047840410592356","259.5","8"
"7.791922730866061","261","8"
"3.8937592458044126","262.5","8"
"4.584294631099582","264","8"
"8.138750289051183","265.5","8"
"10.490997458271927","267","8"
"7.861690769371756","268.5","8"
"2.6621664927844284","270","8"
"3.9315237370790284","271.5","8"
"8.195951190340947","273","8"
"9.885366018657916","274.5","8"
"7.452867272639075","276","8"
"4.406750614878803","277.5","8"
"5.227319969180619","279","8"
"8.294628917505838","280.5","8"
"10.438084493177442","282","8"
"8.041632797031017","283.5","8"
"3.135812683841718","285","8"
"3.851762259412781","286.5","8"
"7.534396211880357","288","8"
"9.748482242830642","289.5","8"
"8.662295421783773","291","8"
"5.5002186975375835","292.5","8"
"4.6292615344525805","294","8"
"6.90684657318334","295.5","8"
"10.027418381408083","297","8"
"10.071064555074454","298.5","8"
"5.304390952919947","300","8"
"5.994038541748528","1.5","9"
"9.567380634218905","3","9"
"7.414241350210644","4.5","9"
"3.3039097867312255","6","9"
"5.557502390837555","7.5","9"
"9.022080915185382","9","9"
"6.042253553073378","10.5","9"
"2.0273571528948233","12","9"
"5.641006018084179","13.5","9"
"9.858056482719796","15","9"
"7.678497676883135","16.5","9"
"3.692935644023273","18","9"
"5.525447591409681","19.5","9"
"8.556346289198661","21","9"
"6.684883657867595","22.5","9"
"2.668706815185951","24","9"
"4.88191416664696","25.5","9"
"8.905248575734792","27","9"
"7.509567972200509","28.5","9"
"3.9834599535769106","30","9"
"5.940584471730192","31.5","9"
"8.627189638217873","33","9"
"6.668667758487563","34.5","9"
"2.5554517805096992","36","9"
"4.268992102038929","37.5","9"
"8.779383036599167","39","9"
"8.227122874993285","40.5","9"
"3.9256105148738616","42","9"
"5.5237271931499725","43.5","9"
"8.687970801139484","45","9"
"7.760681067252715","46.5","9"
"3.431038150427291","48","9"
"3.32984044145174","49.5","9"
"7.738092647134704","51","9"
"9.119174259535905","52.5","9"
"4.717739088836194","54","9"
"4.747164749130427","55.5","9"
"7.968407699289616","57","9"
"8.479012637950762","58.5","9"
"4.698982756047742","60","9"
"2.831052091009236","61.5","9"
"6.5700348769948675","63","9"
"9.687726706007426","64.5","9"
"6.337957044955976","66","9"
"3.691452287173739","67.5","9"
"6.699322978695279","69","9"
"9.217517368992876","70.5","9"
"6.888788058766628","72","9"
"2.8560059971331473","73.5","9"
"4.470277219996012","75","9"
"9.093640809340547","76.5","9"
"9.287312019216138","78","9"
"4.29364342307792","79.5","9"
"4.381934695438568","81","9"
"7.915148781866767","82.5","9"
"9.08733876037316","84","9"
"5.235023075796917","85.5","9"
"2.9189042700300396","87","9"
"6.57069080655192","88.5","9"
"10.245685717649192","90","9"
"7.460891198294924","91.5","9"
"3.3739215195764864","93","9"
"5.237015997756888","94.5","9"
"8.923568279231322","96","9"
"8.472508537053704","97.5","9"
"3.826907654420159","99","9"
"3.6561099550072482","100.5","9"
"8.407385721692096","102","9"
"10.613720843496381","103.5","9"
"5.936806100645351","105","9"
"2.9760635289099087","106.5","9"
"5.937728640187652","108","9"
"9.562395372461468","109.5","9"
"8.017735474656408","111","9"
"3.403294695649963","112.5","9"
"4.433008002353882","114","9"
"9.22178411437602","115.5","9"
"10.278671434382305","117","9"
"5.161350999762317","118.5","9"
"3.110012130851528","120","9"
"6.389012117916661","121.5","9"
"9.57569926000632","123","9"
"7.480940663433268","124.5","9"
"3.497293442214224","126","9"
"5.147884977864144","127.5","9"
"9.55562416876958","129","9"
"9.527610900744703","130.5","9"
"4.343927249038764","132","9"
"3.3342690747834114","133.5","9"
"7.048985177610804","135","9"
"9.714099903734878","136.5","9"
"6.829319247768707","138","9"
"3.3170788908546993","139.5","9"
"5.704006302565075","141","9"
"9.92683397396052","142.5","9"
"9.051444481471961","144","9"
"3.718118213794421","145.5","9"
"3.292113896515135","147","9"
"7.462325274186001","148.5","9"
"9.93044922507287","150","9"
"6.615481284073645","151.5","9"
"3.3150741414646987","153","9"
"5.961701362428699","154.5","9"
"9.808109245705207","156","9"
"8.389710613132173","157.5","9"
"3.4704323629980554","159","9"
"3.609077933090141","160.5","9"
"7.833366538499021","162","9"
"9.692284209045463","163.5","9"
"5.964470459484357","165","9"
"3.507767370719725","166.5","9"
"6.589232274361503","168","9"
"9.817609628876406","169.5","9"
"7.241077918387042","171","9"
"2.8611925716058764","172.5","9"
"4.2988351720512865","174","9"
"8.685702891431326","175.5","9"
"9.372032886136632","177","9"
"4.83913632346859","178.5","9"
"3.754531913997751","180","9"
"7.50001239435584","181.5","9"
"9.858936640637824","183","9"
"5.976418627862077","184.5","9"
"2.506448520254341","186","9"
"5.253002740680098","187.5","9"
"9.439404884442183","189","9"
"8.663363832963105","190.5","9"
"3.9738871273967824","192","9"
"4.438923688606971","193.5","9"
"8.334501155373628","195","9"
"9.221298204125642","196.5","9"
"4.56113356624431","198","9"
"2.8440920790215545","199.5","9"
"6.618352392713307","201","9"
"9.732848351569977","202.5","9"
"7.01899870000934","204","9"
"3.395588139366573","205.5","9"
"5.646058301945114","207","9"
"9.252393503292371","208.5","9"
"7.742555037922918","210","9"
"2.964440614858","211.5","9"
"3.833570440003445","213","9"
"8.384010777477123","214.5","9"
"9.51868020545326","216","9"
"4.9545562706498245","217.5","9"
"3.625275598515544","219","9"
"7.218311594009004","220.5","9"
"9.559970749305421","222","9"
"5.772943464111198","223.5","9"
"2.554895152083936","225","9"
"5.619528883579356","226.5","9"
"9.479879335622309","228","9"
"7.943510959077513","229.5","9"
"3.61924705886759","231","9"
"4.921606529016385","232.5","9"
"8.656916897977856","234","9"
"8.329446900274354","235.5","9"
"3.5114469334828615","237","9"
"3.466567257426331","238.5","9"
"7.828644437059742","240","9"
"9.49320490678888","241.5","9"
"5.29619109424241","243","9"
"3.4970310211104443","244.5","9"
"6.932513574776113","246","9"
"9.476910650684903","247.5","9"
"5.8614895190270655","249","9"
"2.4846697862837663","250.5","9"
"5.603854581932758","252","9"
"9.507940898986472","253.5","9"
"7.8233772882199375","255","9"
"3.4913422736710458","256.5","9"
"4.977093438571041","258","9"
"8.735085368662006","259.5","9"
"8.249217007097979","261","9"
"3.3864561313598363","262.5","9"
"3.6175099050820068","264","9"
"7.975750069290013","265.5","9"
"9.253232265205297","267","9"
"4.970324206117489","268.5","9"
"3.730859312793702","270","9"
"7.293539962711652","271.5","9"
"9.294372009324583","273","9"
"5.182425016026967","274.5","9"
"2.6296898483521693","276","9"
"6.255076821833824","277.5","9"
"9.616617239812552","279","9"
"6.981664431502048","280.5","9"
"3.226169321171269","282","9"
"5.604463694579278","283.5","9"
"9.218772062195173","285","9"
"7.5004352249793955","286.5","9"
"2.81448802165771","288","9"
"4.2690019582306205","289.5","9"
"8.654703197324002","291","9"
"8.727290106653394","292.5","9"
"4.1450652758089745","294","9"
"4.289835976227589","295.5","9"
"8.116726135907495","297","9"
"8.897991461792524","298.5","9"
"4.089789288756512","300","9"
"7.752415172090847","1.5","10"
"3.5076242095354093","3","10"
"7.062992304432827","4.5","10"
"10.015671772150448","6","10"
"5.518833101165682","7.5","10"
"1.466881239502301","9","10"
"5.467743531534078","10.5","10"
"11.000443308790182","12","10"
"7.901939020952567","13.5","10"
"3.3659685585008154","15","10"
"6.686744506858903","16.5","10"
"9.941174732871291","18","10"
"6.684164155874133","19.5","10"
"3.1974557707267297","21","10"
"4.442073234661911","22.5","10"
"9.134588357721853","24","10"
"8.909408874247669","25.5","10"
"4.75642168436685","27","10"
"5.747233588084567","28.5","10"
"9.170085432097897","30","10"
"7.410624127859955","31.5","10"
"3.9899086133957042","33","10"
"4.0815179726892135","34.5","10"
"7.782514503087176","36","10"
"9.576752886898115","37.5","10"
"5.567039734727595","39","10"
"3.9921787407469917","40.5","10"
"8.279412928772883","42","10"
"10.06356497881658","43.5","10"
"5.466971298915069","45","10"
"2.419622124383804","46.5","10"
"4.892192696152183","48","10"
"9.362400429996772","49.5","10"
"8.885550976639825","51","10"
"3.949348413347865","52.5","10"
"4.891396808673114","54","10"
"9.325092773207045","55.5","10"
"8.987929210975196","57","10"
"4.341758394057104","58.5","10"
"2.738827951758985","60","10"
"6.17617110801117","61.5","10"
"9.516891306661298","63","10"
"7.156854789146957","64.5","10"
"3.4922379550909883","66","10"
"6.611176592352491","67.5","10"
"9.768366123948573","69","10"
"7.257322893532563","70.5","10"
"2.6886744739332578","72","10"
"3.2568669230032574","73.5","10"
"7.882158629847394","75","10"
"9.329485677843836","76.5","10"
"5.028770930037028","78","10"
"4.3588372030197045","79.5","10"
"8.270117554388863","81","10"
"9.072842273633668","82.5","10"
"4.833212752262146","84","10"
"2.0311485834336556","85.5","10"
"5.434169400156998","87","10"
"9.248102117430001","88.5","10"
"7.137020681797066","90","10"
"4.252989096399428","91.5","10"
"7.098965925677143","93","10"
"9.045785056202844","94.5","10"
"6.5302375461839315","96","10"
"2.6165833310459345","97.5","10"
"3.760513390330379","99","10"
"8.177182044503295","100.5","10"
"8.378804737025805","102","10"
"4.8548470930244445","103.5","10"
"6.216622889950405","105","10"
"8.62960144832472","106.5","10"
"7.3877178455599015","108","10"
"3.7348296332117306","109.5","10"
"3.047338579125196","111","10"
"7.119148449403319","112.5","10"
"9.096108799740037","114","10"
"5.330727682738141","115.5","10"
"4.582317479046317","117","10"
"7.833395121454926","118.5","10"
"8.70586668839329","120","10"
"5.197649382522859","121.5","10"
"2.4592548567934966","123","10"
"5.430312672348211","124.5","10"
"9.216718031846716","126","10"
"6.655140628200904","127.5","10"
"3.193408818418302","129","10"
"6.069580830156543","130.5","10"
"9.41810466857822","132","10"
"7.502535579428801","133.5","10"
"2.9402683047352047","135","10"
"3.3978144066648346","136.5","10"
"8.099223017892585","138","10"
"8.551443819451432","139.5","10"
"3.279421832069518","141","10"
"3.292272334796572","142.5","10"
"8.292269345214951","144","10"
"9.60980266887722","145.5","10"
"4.954644976375046","147","10"
"2.3882584903982793","148.5","10"
"6.087211093044269","150","10"
"9.06260957541981","151.5","10"
"5.349072519523483","153","10"
"2.0277895933052767","154.5","10"
"5.831103865662105","156","10"
"9.594140194660653","157.5","10"
"6.84842892502929","159","10"
"2.7807941375515814","160.5","10"
"4.847018319964083","162","10"
"8.660307427919648","163.5","10"
"7.08307183095583","165","10"
"2.398079199799443","166.5","10"
"3.966960688685755","168","10"
"8.4721192174819","169.5","10"
"7.86860932312943","171","10"
"3.316955195648974","172.5","10"
"4.435792376506661","174","10"
"8.360953202634608","175.5","10"
"7.991710200495658","177","10"
"3.216368324153488","178.5","10"
"3.1709943600836414","180","10"
"7.381151650655189","181.5","10"
"8.120573993143761","183","10"
"3.6727533667018886","184.5","10"
"4.102422955266358","186","10"
"8.42635494822108","187.5","10"
"8.304301784031631","189","10"
"3.455880435180299","190.5","10"
"3.1586583505628707","192","10"
"7.161435454235465","193.5","10"
"8.136715971086108","195","10"
"3.6063105608680295","196.5","10"
"3.7567130892190246","198","10"
"8.66226486758953","199.5","10"
"8.493195697794473","201","10"
"3.4932080507582","202.5","10"
"3.228875831409687","204","10"
"7.1752449644140786","205.5","10"
"8.084449079356984","207","10"
"3.60976047436476","208.5","10"
"3.6268047866564417","210","10"
"8.774521962857042","211.5","10"
"8.651596525702919","213","10"
"3.6651340377149664","214.5","10"
"3.091001015507857","216","10"
"7.0291796532168185","217.5","10"
"8.166225409009716","219","10"
"3.8641544492261914","220.5","10"
"3.436133801531668","222","10"
"8.61921597913965","223.5","10"
"8.937994787009806","225","10"
"4.155449759374878","226.5","10"
"2.822181272082317","228","10"
"6.558984114870636","229.5","10"
"8.36575119674991","231","10"
"4.430212786390243","232.5","10"
"2.993730259706893","234","10"
"8.007834930102545","235.5","10"
"9.336280536395785","237","10"
"4.827890408748871","238.5","10"
"2.544852678369719","240","10"
"5.847253235748221","241.5","10"
"8.568251583142525","243","10"
"5.379501540131885","244.5","10"
"2.54878653087849","246","10"
"6.869362983371924","247.5","10"
"9.618407124223683","249","10"
"5.782558671915599","250.5","10"
"2.3899990938509545","252","10"
"5.019455350460041","253.5","10"
"8.528556756725177","255","10"
"6.4847630489588335","256.5","10"
"2.4877530494495823","258","10"
"5.506039764350437","259.5","10"
"9.291786730243967","261","10"
"6.70078662316143","262.5","10"
"2.418230183712207","264","10"
"4.379224242723474","265.5","10"
"8.369222547463568","267","10"
"7.2923611621853786","268.5","10"
"2.8519109958902242","270","10"
"4.701357605435749","271.5","10"
"8.695980928126964","273","10"
"7.277743444288083","274.5","10"
"2.595126648138872","276","10"
"3.8844651034443545","277.5","10"
"8.2429913436162","279","10"
"7.718814921805785","280.5","10"
"3.2959900903025123","282","10"
"4.478288332602662","283.5","10"
"8.418554758116622","285","10"
"7.583277008953951","286.5","10"
"2.704970947680366","288","10"
"3.4711878400911895","289.5","10"
"8.095387480895935","291","10"
"7.917829666006788","292.5","10"
"3.538265384669965","294","10"
"4.592120447302436","295.5","10"
"8.27744366167297","297","10"
"7.664584676691764","298.5","10"
"2.774748842377752","300","10"
"3.705788117988665","1.5","11"
"8.47838282730169","3","11"
"8.842615434394393","4.5","11"
"3.5128765740876773","6","11"
"2.807329223227562","7.5","11"
"7.902704847046977","9","11"
"9.654569491538886","10.5","11"
"4.43104957706483","12","11"
"3.511724878088555","13.5","11"
"8.023685164770832","15","11"
"9.159585631089206","16.5","11"
"4.741966100822876","18","11"
"2.4114698218311776","19.5","11"
"6.4383142671850555","21","11"
"9.224795180937697","22.5","11"
"5.36167809588701","24","11"
"3.584497083821743","25.5","11"
"7.562422785764016","27","11"
"9.065903514683027","28.5","11"
"5.17211790356584","30","11"
"2.294942285108638","31.5","11"
"5.623719736286477","33","11"
"9.304336619124438","34.5","11"
"5.976683759418571","36","11"
"2.9252637313140277","37.5","11"
"6.698143192549836","39","11"
"9.663463718921072","40.5","11"
"6.60685169543837","42","11"
"2.4681690429638574","43.5","11"
"4.150042652613057","45","11"
"8.663542230032716","46.5","11"
"7.473614556149161","48","11"
"2.988169642759481","49.5","11"
"5.152949581964694","51","11"
"9.285192938002519","52.5","11"
"7.9981127826182945","54","11"
"3.4716417177185717","55.5","11"
"3.2571931629482376","57","11"
"7.672120720858895","58.5","11"
"8.383435175882354","60","11"
"3.3853300614591104","61.5","11"
"3.3846921194518944","63","11"
"8.435781409954593","64.5","11"
"9.330308669850055","66","11"
"4.64215047632723","67.5","11"
"2.5507141555685067","69","11"
"6.373201308015139","70.5","11"
"9.043218503886441","72","11"
"4.9607158976472725","73.5","11"
"2.1933688088248577","75","11"
"6.518500300308404","76.5","11"
"9.77867865731513","78","11"
"6.4802922804076815","79.5","11"
"2.5917548449612946","81","11"
"4.896283508513636","82.5","11"
"8.76634526622998","84","11"
"6.742974080457495","85.5","11"
"2.181144913484575","87","11"
"4.358930836840772","88.5","11"
"9.08907542134916","90","11"
"8.009060054729769","91.5","11"
"3.220076962682114","93","11"
"3.8701029073166544","94.5","11"
"8.113426282929264","96","11"
"8.174646539190721","97.5","11"
"3.1046005888034465","99","11"
"2.7851318475149016","100.5","11"
"7.691167318492655","102","11"
"8.897940209595728","103.5","11"
"4.268834402971869","105","11"
"3.5111369562541714","106.5","11"
"7.340105047547387","108","11"
"8.598435184577815","109.5","11"
"4.2095149132780705","111","11"
"2.2976855096611057","112.5","11"
"6.480404148183378","114","11"
"8.866201301111559","115.5","11"
"4.908954135742325","117","11"
"3.4142813925282014","118.5","11"
"7.019049952206134","120","11"
"8.930378907689976","121.5","11"
"4.936253322679169","123","11"
"2.091653403380724","124.5","11"
"5.678167803236874","126","11"
"8.74562459443746","127.5","11"
"5.52525736691004","129","11"
"3.2994195522014835","130.5","11"
"6.6799545764028","132","11"
"8.98782276410493","133.5","11"
"5.370042060156206","135","11"
"2.129658139327814","136.5","11"
"5.316729919298226","138","11"
"8.661925814595351","139.5","11"
"5.792178807815845","141","11"
"3.12806744200594","142.5","11"
"6.4909621007230465","144","11"
"9.114785297375791","145.5","11"
"5.644860281845042","147","11"
"2.076239058789983","148.5","11"
"5.085895938650769","150","11"
"8.605507987735455","151.5","11"
"6.019412814448071","153","11"
"3.130599744056215","154.5","11"
"6.350817403874721","156","11"
"9.045482471117923","157.5","11"
"5.734024812789536","159","11"
"2.0894810987319716","160.5","11"
"5.017579717181196","162","11"
"8.622087087779311","163.5","11"
"6.087006577066676","165","11"
"3.118057493724305","166.5","11"
"6.278747451799535","168","11"
"9.039738282600261","169.5","11"
"5.843766115127857","171","11"
"2.0439098876259036","172.5","11"
"4.905458637359023","174","11"
"8.63199058919068","175.5","11"
"6.2010545423644885","177","11"
"3.201587979093287","178.5","11"
"6.210731844176544","180","11"
"8.966423000704884","181.5","11"
"5.889861552429503","183","11"
"2.024614174747148","184.5","11"
"4.821662774028753","186","11"
"8.693162057303265","187.5","11"
"6.287258766134515","189","11"
"3.159197977057967","190.5","11"
"6.116924554135886","192","11"
"9.040894413885644","193.5","11"
"6.103657134500292","195","11"
"1.9759960451821255","196.5","11"
"4.582846756540137","198","11"
"8.72861280757836","199.5","11"
"6.535382971056349","201","11"
"3.0868101628007367","202.5","11"
"5.934581065371051","204","11"
"9.052378848444292","205.5","11"
"6.454242858577288","207","11"
"2.026827875401003","208.5","11"
"4.28296226814211","210","11"
"8.72961616789253","211.5","11"
"6.853926215945085","213","11"
"2.844756386341545","214.5","11"
"5.546734994224447","216","11"
"9.200534165089682","217.5","11"
"7.090691652752336","219","11"
"2.297090934897331","220.5","11"
"3.9794038842911683","222","11"
"8.73013263233715","223.5","11"
"7.361106127993521","225","11"
"2.528662158683292","226.5","11"
"4.533893516457613","228","11"
"9.164735491247885","229.5","11"
"8.154437403746979","231","11"
"2.7884893592145263","232.5","11"
"3.6355351548517603","234","11"
"8.602085917980254","235.5","11"
"8.134001083084753","237","11"
"2.7994346600876616","238.5","11"
"3.055044149789417","240","11"
"8.304310654604153","241.5","11"
"9.320185375363971","243","11"
"3.8747821343220763","244.5","11"
"3.385201930967124","246","11"
"8.169396638686376","247.5","11"
"8.845727034111322","249","11"
"3.915870626244567","250.5","11"
"1.9693903023082524","252","11"
"6.616789200711074","253.5","11"
"9.735237492435937","255","11"
"5.39697607519089","256.5","11"
"3.5667145427723868","258","11"
"7.669519179061989","259.5","11"
"9.051416884135225","261","11"
"5.119991955377902","262.5","11"
"1.923520078986751","264","11"
"4.964507081781313","265.5","11"
"9.204097178386068","267","11"
"6.6870396998000565","268.5","11"
"3.8533779356357694","270","11"
"7.354617304193586","271.5","11"
"9.156079783704628","273","11"
"5.935728326083913","274.5","11"
"2.2467112574722896","276","11"
"3.8453471106457373","277.5","11"
"8.520228274746069","279","11"
"7.56844590450654","280.5","11"
"4.064205818388322","282","11"
"6.965891075128953","283.5","11"
"9.173762777217902","285","11"
"6.556610743911383","286.5","11"
"2.690480867465472","288","11"
"3.1985961321054077","289.5","11"
"7.83179053344759","291","11"
"8.0536396097493","292.5","11"
"4.30797974670243","294","11"
"6.6358624100624","295.5","11"
"9.185552753718978","297","11"
"6.968769575912383","298.5","11"
"2.956707446857044","300","11"
"9.347492940063752","1.5","12"
"7.824348123101526","3","12"
"2.6110204964553922","4.5","12"
"4.088485068190967","6","12"
"9.143281518793538","7.5","12"
"8.31528848090987","9","12"
"2.8312465043903456","10.5","12"
"3.733327549597984","12","12"
"8.62467926619411","13.5","12"
"8.479794233951878","15","12"
"3.383815904010542","16.5","12"
"3.8226290816069866","18","12"
"8.391492612589953","19.5","12"
"8.328981688026527","21","12"
"3.76751473609826","22.5","12"
"3.3973058271735663","24","12"
"7.794470063608665","25.5","12"
"8.423883015344913","27","12"
"3.40350069005631","28.5","12"
"3.129000084144725","30","12"
"8.216051907676086","31.5","12"
"9.279385669858033","33","12"
"4.340688504449018","34.5","12"
"2.447451328028846","36","12"
"6.755862036712975","37.5","12"
"9.187215493257293","39","12"
"4.6944158896276","40.5","12"
"2.206085513749703","42","12"
"6.785693772104888","43.5","12"
"9.704210200991877","45","12"
"6.047053025617433","46.5","12"
"2.5017466240080295","48","12"
"5.359534374194163","49.5","12"
"8.882269850425807","51","12"
"6.1501118299890845","52.5","12"
"2.118443271611923","54","12"
"5.144344140999062","55.5","12"
"9.409900374614422","57","12"
"7.271068831274767","58.5","12"
"2.7050478259755577","60","12"
"4.316419110838064","61.5","12"
"8.617021005250008","63","12"
"7.631709842115178","64.5","12"
"2.4426833952982028","66","12"
"3.369339868868808","67.5","12"
"8.4586891706834","69","12"
"8.633922402762167","70.5","12"
"3.742100299417575","72","12"
"3.6072505951505827","73.5","12"
"7.700909178360288","75","12"
"8.37195961189623","76.5","12"
"3.6479766256236275","78","12"
"2.5423161874379754","79.5","12"
"7.189323055816278","81","12"
"8.909268916325653","82.5","12"
"4.446027045958856","84","12"
"3.4416621394512914","85.5","12"
"7.277118068925272","87","12"
"8.776547410249595","88.5","12"
"4.441300016423732","90","12"
"2.1104774974870533","91.5","12"
"6.181204172298307","93","12"
"8.928586066421337","94.5","12"
"5.2049912597136725","96","12"
"3.377098909372954","97.5","12"
"6.831683748155438","99","12"
"8.886124606996257","100.5","12"
"5.147720872272485","102","12"
"2.086957667254219","103.5","12"
"5.5130829989330055","105","12"
"8.747996979777545","106.5","12"
"5.63976413793108","108","12"
"3.2366839064674964","109.5","12"
"6.566123940131779","111","12"
"9.030419253356182","112.5","12"
"5.589652795324834","114","12"
"2.0178969337047676","115.5","12"
"5.075606567334687","117","12"
"8.690427949728113","118.5","12"
"6.04987830296573","120","12"
"3.165012144536636","121.5","12"
"6.282077858972008","123","12"
"9.021290448611746","124.5","12"
"5.929896417460199","126","12"
"2.06322506648325","127.5","12"
"4.8018582352539365","129","12"
"8.58296983419507","130.5","12"
"6.269727065163701","132","12"
"3.176444587684111","133.5","12"
"6.1446692409371755","135","12"
"9.007151741630643","136.5","12"
"6.091273815259403","138","12"
"2.052197712814285","139.5","12"
"4.63447299580933","141","12"
"8.573216146897408","142.5","12"
"6.447103033316145","144","12"
"3.189666668837926","145.5","12"
"6.012828878398315","147","12"
"8.996957482564381","148.5","12"
"6.254695880024958","150","12"
"2.066536377284322","151.5","12"
"4.4624927997982615","153","12"
"8.562832648950675","154.5","12"
"6.607345983451686","156","12"
"3.1742602092005376","157.5","12"
"5.86559117319938","159","12"
"9.013489272888119","160.5","12"
"6.4676246100365","162","12"
"2.0733068417618354","163.5","12"
"4.241456366501495","165","12"
"8.568640902714328","166.5","12"
"6.841988396568642","168","12"
"3.0989692536806497","169.5","12"
"5.6569001128054905","171","12"
"9.005177546434886","172.5","12"
"6.80665789183218","174","12"
"2.1278273517211637","175.5","12"
"3.9257494871767085","177","12"
"8.525910369256076","178.5","12"
"7.17732856333761","180","12"
"2.973516442572097","181.5","12"
"5.296918481189224","183","12"
"9.03773254759109","184.5","12"
"7.3253582135389355","186","12"
"2.3798762921744543","187.5","12"
"3.6062886308415165","189","12"
"8.478071371644246","190.5","12"
"7.656938735987275","192","12"
"2.796085279746182","193.5","12"
"4.47567644180448","195","12"
"8.973466235287452","196.5","12"
"8.207233572969923","198","12"
"2.894073566302269","199.5","12"
"3.3312698356517636","201","12"
"8.360119368817529","202.5","12"
"8.274517358359837","204","12"
"2.9743187365757646","205.5","12"
"3.1417064400682944","207","12"
"8.284453385203788","208.5","12"
"9.264059291778137","210","12"
"3.841449726046224","211.5","12"
"3.125358960529184","213","12"
"8.022179631489994","214.5","12"
"8.968447462478267","216","12"
"3.9452718924643633","217.5","12"
"1.9895436270665434","219","12"
"6.722094723978747","220.5","12"
"9.822603761206363","222","12"
"5.4220788098093395","223.5","12"
"3.302545443396364","225","12"
"7.407718029739789","226.5","12"
"9.147311715576091","228","12"
"5.284383869405875","229.5","12"
"1.960967570496097","231","12"
"4.993391637151695","232.5","12"
"9.245254663650398","234","12"
"6.767335629460762","235.5","12"
"3.5991342676976292","237","12"
"7.101632025529626","238.5","12"
"9.298595387464283","240","12"
"6.109650684667742","241.5","12"
"2.218523042044894","243","12"
"3.69531591431671","244.5","12"
"8.56109105987883","246","12"
"7.857241684442325","247.5","12"
"3.8800039446801016","249","12"
"6.6240955956117995","250.5","12"
"9.249392292922385","252","12"
"6.95494823830374","253.5","12"
"2.9117122069529335","255","12"
"2.9105927899815995","256.5","12"
"7.559076608684836","258","12"
"8.341830219515241","259.5","12"
"4.3707040578159715","261","12"
"6.2753130618047175","262.5","12"
"9.143179014399948","264","12"
"7.314771185233777","265.5","12"
"3.2276406041859804","267","12"
"2.562941254171089","268.5","12"
"7.067943562328927","270","12"
"8.669049869949788","271.5","12"
"4.636725628420366","273","12"
"5.839217482662344","274.5","12"
"9.055684615137537","276","12"
"7.812455642206861","277.5","12"
"3.645463050337566","279","12"
"2.292417868011716","280.5","12"
"6.530960990654069","282","12"
"8.864785951984695","283.5","12"
"4.984562460634671","285","12"
"5.407385692045605","286.5","12"
"8.84488432972172","288","12"
"8.133347124766038","289.5","12"
"4.075217894960165","291","12"
"2.2535672244127243","292.5","12"
"6.078845650346319","294","12"
"8.941921493779601","295.5","12"
"5.201644097015324","297","12"
"4.704841769198607","298.5","12"
"8.670981683521273","300","12"
"5.994038541748528","1.5","13"
"9.567380634218905","3","13"
"7.414241350210644","4.5","13"
"3.3039097867312255","6","13"
"5.557502390837555","7.5","13"
"9.022080915185382","9","13"
"6.042253553073378","10.5","13"
"2.0273571528948233","12","13"
"5.641006018084179","13.5","13"
"9.858056482719796","15","13"
"7.678497676883135","16.5","13"
"3.692935644023273","18","13"
"5.525447591409681","19.5","13"
"8.556346289198661","21","13"
"6.684883657867595","22.5","13"
"2.668706815185951","24","13"
"4.88191416664696","25.5","13"
"8.905248575734792","27","13"
"7.509567972200509","28.5","13"
"3.9834599535769106","30","13"
"5.940584471730192","31.5","13"
"8.627189638217873","33","13"
"6.668667758487563","34.5","13"
"2.5554517805096992","36","13"
"4.268992102038929","37.5","13"
"8.779383036599167","39","13"
"8.227122874993285","40.5","13"
"3.9256105148738616","42","13"
"5.5237271931499725","43.5","13"
"8.687970801139484","45","13"
"7.760681067252715","46.5","13"
"3.431038150427291","48","13"
"3.32984044145174","49.5","13"
"7.738092647134704","51","13"
"9.119174259535905","52.5","13"
"4.717739088836194","54","13"
"4.747164749130427","55.5","13"
"7.968407699289616","57","13"
"8.479012637950762","58.5","13"
"4.698982756047742","60","13"
"2.831052091009236","61.5","13"
"6.5700348769948675","63","13"
"9.687726706007426","64.5","13"
"6.337957044955976","66","13"
"3.691452287173739","67.5","13"
"6.699322978695279","69","13"
"9.217517368992876","70.5","13"
"6.888788058766628","72","13"
"2.8560059971331473","73.5","13"
"4.470277219996012","75","13"
"9.093640809340547","76.5","13"
"9.287312019216138","78","13"
"4.29364342307792","79.5","13"
"4.381934695438568","81","13"
"7.915148781866767","82.5","13"
"9.08733876037316","84","13"
"5.235023075796917","85.5","13"
"2.9189042700300396","87","13"
"6.57069080655192","88.5","13"
"10.245685717649192","90","13"
"7.460891198294924","91.5","13"
"3.3739215195764864","93","13"
"5.237015997756888","94.5","13"
"8.923568279231322","96","13"
"8.472508537053704","97.5","13"
"3.826907654420159","99","13"
"3.6561099550072482","100.5","13"
"8.407385721692096","102","13"
"10.613720843496381","103.5","13"
"5.936806100645351","105","13"
"2.9760635289099087","106.5","13"
"5.937728640187652","108","13"
"9.562395372461468","109.5","13"
"8.017735474656408","111","13"
"3.403294695649963","112.5","13"
"4.433008002353882","114","13"
"9.22178411437602","115.5","13"
"10.278671434382305","117","13"
"5.161350999762317","118.5","13"
"3.110012130851528","120","13"
"6.389012117916661","121.5","13"
"9.57569926000632","123","13"
"7.480940663433268","124.5","13"
"3.497293442214224","126","13"
"5.147884977864144","127.5","13"
"9.55562416876958","129","13"
"9.527610900744703","130.5","13"
"4.343927249038764","132","13"
"3.3342690747834114","133.5","13"
"7.048985177610804","135","13"
"9.714099903734878","136.5","13"
"6.829319247768707","138","13"
"3.3170788908546993","139.5","13"
"5.704006302565075","141","13"
"9.92683397396052","142.5","13"
"9.051444481471961","144","13"
"3.718118213794421","145.5","13"
"3.292113896515135","147","13"
"7.462325274186001","148.5","13"
"9.93044922507287","150","13"
"6.615481284073645","151.5","13"
"3.3150741414646987","153","13"
"5.961701362428699","154.5","13"
"9.808109245705207","156","13"
"8.389710613132173","157.5","13"
"3.4704323629980554","159","13"
"3.609077933090141","160.5","13"
"7.833366538499021","162","13"
"9.692284209045463","163.5","13"
"5.964470459484357","165","13"
"3.507767370719725","166.5","13"
"6.589232274361503","168","13"
"9.817609628876406","169.5","13"
"7.241077918387042","171","13"
"2.8611925716058764","172.5","13"
"4.2988351720512865","174","13"
"8.685702891431326","175.5","13"
"9.372032886136632","177","13"
"4.83913632346859","178.5","13"
"3.754531913997751","180","13"
"7.50001239435584","181.5","13"
"9.858936640637824","183","13"
"5.976418627862077","184.5","13"
"2.506448520254341","186","13"
"5.253002740680098","187.5","13"
"9.439404884442183","189","13"
"8.663363832963105","190.5","13"
"3.9738871273967824","192","13"
"4.438923688606971","193.5","13"
"8.334501155373628","195","13"
"9.221298204125642","196.5","13"
"4.56113356624431","198","13"
"2.8440920790215545","199.5","13"
"6.618352392713307","201","13"
"9.732848351569977","202.5","13"
"7.01899870000934","204","13"
"3.395588139366573","205.5","13"
"5.646058301945114","207","13"
"9.252393503292371","208.5","13"
"7.742555037922918","210","13"
"2.964440614858","211.5","13"
"3.833570440003445","213","13"
"8.384010777477123","214.5","13"
"9.51868020545326","216","13"
"4.9545562706498245","217.5","13"
"3.625275598515544","219","13"
"7.218311594009004","220.5","13"
"9.559970749305421","222","13"
"5.772943464111198","223.5","13"
"2.554895152083936","225","13"
"5.619528883579356","226.5","13"
"9.479879335622309","228","13"
"7.943510959077513","229.5","13"
"3.61924705886759","231","13"
"4.921606529016385","232.5","13"
"8.656916897977856","234","13"
"8.329446900274354","235.5","13"
"3.5114469334828615","237","13"
"3.466567257426331","238.5","13"
"7.828644437059742","240","13"
"9.49320490678888","241.5","13"
"5.29619109424241","243","13"
"3.4970310211104443","244.5","13"
"6.932513574776113","246","13"
"9.476910650684903","247.5","13"
"5.8614895190270655","249","13"
"2.4846697862837663","250.5","13"
"5.603854581932758","252","13"
"9.507940898986472","253.5","13"
"7.8233772882199375","255","13"
"3.4913422736710458","256.5","13"
"4.977093438571041","258","13"
"8.735085368662006","259.5","13"
"8.249217007097979","261","13"
"3.3864561313598363","262.5","13"
"3.6175099050820068","264","13"
"7.975750069290013","265.5","13"
"9.253232265205297","267","13"
"4.970324206117489","268.5","13"
"3.730859312793702","270","13"
"7.293539962711652","271.5","13"
"9.294372009324583","273","13"
"5.182425016026967","274.5","13"
"2.6296898483521693","276","13"
"6.255076821833824","277.5","13"
"9.616617239812552","279","13"
"6.981664431502048","280.5","13"
"3.226169321171269","282","13"
"5.604463694579278","283.5","13"
"9.218772062195173","285","13"
"7.5004352249793955","286.5","13"
"2.81448802165771","288","13"
"4.2690019582306205","289.5","13"
"8.654703197324002","291","13"
"8.727290106653394","292.5","13"
"4.1450652758089745","294","13"
"4.289835976227589","295.5","13"
"8.116726135907495","297","13"
"8.897991461792524","298.5","13"
"4.089789288756512","300","13"
"3.705788117988665","1.5","14"
"8.47838282730169","3","14"
"8.842615434394393","4.5","14"
"3.5128765740876773","6","14"
"2.807329223227562","7.5","14"
"7.902704847046977","9","14"
"9.654569491538886","10.5","14"
"4.43104957706483","12","14"
"3.511724878088555","13.5","14"
"8.023685164770832","15","14"
"9.159585631089206","16.5","14"
"4.741966100822876","18","14"
"2.4114698218311776","19.5","14"
"6.4383142671850555","21","14"
"9.224795180937697","22.5","14"
"5.36167809588701","24","14"
"3.584497083821743","25.5","14"
"7.562422785764016","27","14"
"9.065903514683027","28.5","14"
"5.17211790356584","30","14"
"2.294942285108638","31.5","14"
"5.623719736286477","33","14"
"9.304336619124438","34.5","14"
"5.976683759418571","36","14"
"2.9252637313140277","37.5","14"
"6.698143192549836","39","14"
"9.663463718921072","40.5","14"
"6.60685169543837","42","14"
"2.4681690429638574","43.5","14"
"4.150042652613057","45","14"
"8.663542230032716","46.5","14"
"7.473614556149161","48","14"
"2.988169642759481","49.5","14"
"5.152949581964694","51","14"
"9.285192938002519","52.5","14"
"7.9981127826182945","54","14"
"3.4716417177185717","55.5","14"
"3.2571931629482376","57","14"
"7.672120720858895","58.5","14"
"8.383435175882354","60","14"
"3.3853300614591104","61.5","14"
"3.3846921194518944","63","14"
"8.435781409954593","64.5","14"
"9.330308669850055","66","14"
"4.64215047632723","67.5","14"
"2.5507141555685067","69","14"
"6.373201308015139","70.5","14"
"9.043218503886441","72","14"
"4.9607158976472725","73.5","14"
"2.1933688088248577","75","14"
"6.518500300308404","76.5","14"
"9.77867865731513","78","14"
"6.4802922804076815","79.5","14"
"2.5917548449612946","81","14"
"4.896283508513636","82.5","14"
"8.76634526622998","84","14"
"6.742974080457495","85.5","14"
"2.181144913484575","87","14"
"4.358930836840772","88.5","14"
"9.08907542134916","90","14"
"8.009060054729769","91.5","14"
"3.220076962682114","93","14"
"3.8701029073166544","94.5","14"
"8.113426282929264","96","14"
"8.174646539190721","97.5","14"
"3.1046005888034465","99","14"
"2.7851318475149016","100.5","14"
"7.691167318492655","102","14"
"8.897940209595728","103.5","14"
"4.268834402971869","105","14"
"3.5111369562541714","106.5","14"
"7.340105047547387","108","14"
"8.598435184577815","109.5","14"
"4.2095149132780705","111","14"
"2.2976855096611057","112.5","14"
"6.480404148183378","114","14"
"8.866201301111559","115.5","14"
"4.908954135742325","117","14"
"3.4142813925282014","118.5","14"
"7.019049952206134","120","14"
"8.930378907689976","121.5","14"
"4.936253322679169","123","14"
"2.091653403380724","124.5","14"
"5.678167803236874","126","14"
"8.74562459443746","127.5","14"
"5.52525736691004","129","14"
"3.2994195522014835","130.5","14"
"6.6799545764028","132","14"
"8.98782276410493","133.5","14"
"5.370042060156206","135","14"
"2.129658139327814","136.5","14"
"5.316729919298226","138","14"
"8.661925814595351","139.5","14"
"5.792178807815845","141","14"
"3.12806744200594","142.5","14"
"6.4909621007230465","144","14"
"9.114785297375791","145.5","14"
"5.644860281845042","147","14"
"2.076239058789983","148.5","14"
"5.085895938650769","150","14"
"8.605507987735455","151.5","14"
"6.019412814448071","153","14"
"3.130599744056215","154.5","14"
"6.350817403874721","156","14"
"9.045482471117923","157.5","14"
"5.734024812789536","159","14"
"2.0894810987319716","160.5","14"
"5.017579717181196","162","14"
"8.622087087779311","163.5","14"
"6.087006577066676","165","14"
"3.118057493724305","166.5","14"
"6.278747451799535","168","14"
"9.039738282600261","169.5","14"
"5.843766115127857","171","14"
"2.0439098876259036","172.5","14"
"4.905458637359023","174","14"
"8.63199058919068","175.5","14"
"6.2010545423644885","177","14"
"3.201587979093287","178.5","14"
"6.210731844176544","180","14"
"8.966423000704884","181.5","14"
"5.889861552429503","183","14"
"2.024614174747148","184.5","14"
"4.821662774028753","186","14"
"8.693162057303265","187.5","14"
"6.287258766134515","189","14"
"3.159197977057967","190.5","14"
"6.116924554135886","192","14"
"9.040894413885644","193.5","14"
"6.103657134500292","195","14"
"1.9759960451821255","196.5","14"
"4.582846756540137","198","14"
"8.72861280757836","199.5","14"
"6.535382971056349","201","14"
"3.0868101628007367","202.5","14"
"5.934581065371051","204","14"
"9.052378848444292","205.5","14"
"6.454242858577288","207","14"
"2.026827875401003","208.5","14"
"4.28296226814211","210","14"
"8.72961616789253","211.5","14"
"6.853926215945085","213","14"
"2.844756386341545","214.5","14"
"5.546734994224447","216","14"
"9.200534165089682","217.5","14"
"7.090691652752336","219","14"
"2.297090934897331","220.5","14"
"3.9794038842911683","222","14"
"8.73013263233715","223.5","14"
"7.361106127993521","225","14"
"2.528662158683292","226.5","14"
"4.533893516457613","228","14"
"9.164735491247885","229.5","14"
"8.154437403746979","231","14"
"2.7884893592145263","232.5","14"
"3.6355351548517603","234","14"
"8.602085917980254","235.5","14"
"8.134001083084753","237","14"
"2.7994346600876616","238.5","14"
"3.055044149789417","240","14"
"8.304310654604153","241.5","14"
"9.320185375363971","243","14"
"3.8747821343220763","244.5","14"
"3.385201930967124","246","14"
"8.169396638686376","247.5","14"
"8.845727034111322","249","14"
"3.915870626244567","250.5","14"
"1.9693903023082524","252","14"
"6.616789200711074","253.5","14"
"9.735237492435937","255","14"
"5.39697607519089","256.5","14"
"3.5667145427723868","258","14"
"7.669519179061989","259.5","14"
"9.051416884135225","261","14"
"5.119991955377902","262.5","14"
"1.923520078986751","264","14"
"4.964507081781313","265.5","14"
"9.204097178386068","267","14"
"6.6870396998000565","268.5","14"
"3.8533779356357694","270","14"
"7.354617304193586","271.5","14"
"9.156079783704628","273","14"
"5.935728326083913","274.5","14"
"2.2467112574722896","276","14"
"3.8453471106457373","277.5","14"
"8.520228274746069","279","14"
"7.56844590450654","280.5","14"
"4.064205818388322","282","14"
"6.965891075128953","283.5","14"
"9.173762777217902","285","14"
"6.556610743911383","286.5","14"
"2.690480867465472","288","14"
"3.1985961321054077","289.5","14"
"7.83179053344759","291","14"
"8.0536396097493","292.5","14"
"4.30797974670243","294","14"
"6.6358624100624","295.5","14"
"9.185552753718978","297","14"
"6.968769575912383","298.5","14"
"2.956707446857044","300","14"
"9.779990516429235","1.5","15"
"7.619566028332387","3","15"
"2.800063485117563","4.5","15"
"4.690887373002132","6","15"
"9.030254654954938","7.5","15"
"7.912203258979837","9","15"
"3.2566532900483494","10.5","15"
"5.386970562195516","12","15"
"9.160526897395721","13.5","15"
"6.946842506256854","15","15"
"2.6085286047910516","16.5","15"
"4.5628258743576975","18","15"
"8.808093137376614","19.5","15"
"7.396238523276988","21","15"
"3.1891366521297284","22.5","15"
"5.899465425613459","24","15"
"9.281754112721442","25.5","15"
"6.910284905654833","27","15"
"2.348491713781586","28.5","15"
"4.155849427947958","30","15"
"8.567735118697902","31.5","15"
"7.35590846530514","33","15"
"3.7038747847766005","34.5","15"
"6.450683787757577","36","15"
"9.039678159830943","37.5","15"
"6.462821687825353","39","15"
"2.399270074160538","40.5","15"
"4.161393042964702","42","15"
"8.543913688999316","43.5","15"
"7.121057593733914","45","15"
"4.0186263527217125","46.5","15"
"7.108532345332671","48","15"
"9.243345519319803","49.5","15"
"6.421441452628802","51","15"
"2.4513987328011924","52.5","15"
"3.904777728900855","54","15"
"8.588695295948519","55.5","15"
"7.619137776803401","57","15"
"4.378494884538322","58.5","15"
"7.1212419045185404","60","15"
"9.259410126157373","61.5","15"
"6.647876614924452","63","15"
"2.852934561397361","64.5","15"
"3.623931706778442","66","15"
"8.506647428214693","67.5","15"
"8.46636320153421","69","15"
"4.47948487427398","70.5","15"
"6.523985270984586","72","15"
"9.52042672262095","73.5","15"
"7.543517131671441","75","15"
"3.2815561903802584","76.5","15"
"2.9528950719108678","78","15"
"7.970765793151748","79.5","15"
"9.832817732656007","81","15"
"5.240158644477644","82.5","15"
"5.240064025037407","84","15"
"9.253123847096694","85.5","15"
"8.798777064990043","87","15"
"4.258062078262916","88.5","15"
"2.6538587088078724","90","15"
"6.472072216537178","91.5","15"
"10.223136722297946","93","15"
"6.8729969612484885","94.5","15"
"4.2596642022223286","96","15"
"8.028543774465035","97.5","15"
"9.599488164272326","99","15"
"5.653161166487415","100.5","15"
"3.1407210673039616","102","15"
"5.107205025087256","103.5","15"
"9.187232248783168","105","15"
"8.326027787376658","106.5","15"
"4.202509132223929","108","15"
"6.239417304474763","109.5","15"
"9.74014784713652","111","15"
"7.4205527625601375","112.5","15"
"3.5554824267210363","114","15"
"3.6741066218210974","115.5","15"
"7.761225129034073","117","15"
"9.201692267613403","118.5","15"
"4.829023870793365","120","15"
"4.343818338120575","121.5","15"
"9.053859248436318","123","15"
"9.230224956940408","124.5","15"
"4.537277639874804","126","15"
"2.3402265578340944","127.5","15"
"5.719076912470584","129","15"
"9.312342803635241","130.5","15"
"6.395210184061704","132","15"
"3.7191775079964384","133.5","15"
"7.7546540060335145","135","15"
"9.246656214108894","136.5","15"
"5.637041364976372","138","15"
"2.3062525114791415","139.5","15"
"4.533116355742758","141","15"
"8.637157204875235","142.5","15"
"6.96628285874868","144","15"
"4.324449935828096","145.5","15"
"7.480594711104906","147","15"
"8.995366693225414","148.5","15"
"5.574956227894008","150","15"
"2.0985480558735468","151.5","15"
"4.230663343789989","153","15"
"8.69420681362254","154.5","15"
"7.09665317029679","156","15"
"4.112713558606402","157.5","15"
"7.622802308874209","159","15"
"9.111198629219343","160.5","15"
"5.977239648629958","162","15"
"2.507382887226672","163.5","15"
"4.083501038457493","165","15"
"8.333220836072934","166.5","15"
"7.009141522698919","168","15"
"3.9067610410739273","169.5","15"
"7.126135503693248","171","15"
"9.416985005202093","172.5","15"
"6.415656853725206","174","15"
"2.7609972373253253","175.5","15"
"3.9568903712300108","177","15"
"8.278037990031953","178.5","15"
"7.411284492703269","180","15"
"3.063985194082136","181.5","15"
"5.419053944579294","183","15"
"9.472624192918378","184.5","15"
"8.101036557163777","186","15"
"3.6377234758120105","187.5","15"
"3.255368781866187","189","15"
"7.45020856493036","190.5","15"
"8.307362131551766","192","15"
"3.4911968948436","193.5","15"
"3.2416588192236557","195","15"
"8.18704809238624","196.5","15"
"9.34244854115617","198","15"
"4.995080002788407","199.5","15"
"2.9095238859926833","201","15"
"6.3516251187838195","202.5","15"
"8.763515553595422","204","15"
"4.898049245255124","205.5","15"
"2.131566051634448","207","15"
"6.132766903850819","208.5","15"
"9.533025892459877","210","15"
"6.343552897788684","211.5","15"
"2.8545672395510167","213","15"
"5.360144472459851","214.5","15"
"8.801051874032385","216","15"
"6.792594091907933","217.5","15"
"2.3274403667578256","219","15"
"4.272913880712879","220.5","15"
"8.44731019737585","222","15"
"7.304995814314394","223.5","15"
"3.173317957274854","225","15"
"4.959319768094207","226.5","15"
"8.745358477261798","228","15"
"7.437114121458948","229.5","15"
"2.746774013500472","231","15"
"3.7218810613773488","232.5","15"
"7.927441916953681","234","15"
"7.757824250091006","235.5","15"
"3.1837687237298806","237","15"
"4.466541723345028","238.5","15"
"8.83407800115143","240","15"
"7.758999108140603","241.5","15"
"3.0696682742113115","243","15"
"3.766698643426224","244.5","15"
"7.686590103071238","246","15"
"7.667541041389555","247.5","15"
"3.1319002685498756","249","15"
"4.385782552674834","250.5","15"
"8.991635139051107","252","15"
"7.697239718193635","253.5","15"
"2.9567325801458564","255","15"
"3.8756154753295715","256.5","15"
"7.7962422068747514","258","15"
"7.641879953511796","259.5","15"
"3.059279848168732","261","15"
"4.314019620970829","262.5","15"
"9.022188347674819","264","15"
"7.780846342643432","265.5","15"
"2.9843631815283196","267","15"
"3.7575311531293987","268.5","15"
"7.735366424512904","270","15"
"7.691608383070838","271.5","15"
"3.168589449310976","273","15"
"4.194985901105996","274.5","15"
"8.903196516624673","276","15"
"7.939379243520541","277.5","15"
"3.087113240695243","279","15"
"3.517362619735951","280.5","15"
"7.606516430533169","282","15"
"7.92086290899977","283.5","15"
"3.37163636153287","285","15"
"3.897115525480076","286.5","15"
"8.550976635965267","288","15"
"8.234632800252434","289.5","15"
"3.333515076119031","291","15"
"3.2345399383698568","292.5","15"
"7.361627520533989","294","15"
"8.216066199154039","295.5","15"
"3.775792951499742","297","15"
"3.5679293183983334","298.5","15"
"8.058999406791003","300","15"
"9.64596996428827","1.5","16"
"3.7093967161716246","3","16"
"3.7582405525263765","4.5","16"
"8.875730267238662","6","16"
"9.61382498070642","7.5","16"
"5.457433955025029","9","16"
"4.939389070065742","10.5","16"
"8.83042923898733","12","16"
"7.360003220143271","13.5","16"
"2.439698201239715","15","16"
"3.0682884073745362","16.5","16"
"9.425944283449441","18","16"
"10.674620280718287","19.5","16"
"4.161870082642559","21","16"
"3.7439059537354122","22.5","16"
"9.215772823063526","24","16"
"9.653387734155105","25.5","16"
"4.814400731990639","27","16"
"2.7168609645271076","28.5","16"
"6.288417361467822","30","16"
"9.959318010536547","31.5","16"
"7.342959400661173","33","16"
"4.375804637016195","34.5","16"
"7.021723937011971","36","16"
"9.175460999046306","37.5","16"
"6.093556509255097","39","16"
"3.7226981396685535","40.5","16"
"5.132192442262918","42","16"
"8.669502269148415","43.5","16"
"8.499233600824533","45","16"
"3.9694227653702296","46.5","16"
"4.800553275474015","48","16"
"9.813665180961566","49.5","16"
"9.37913328663101","51","16"
"3.7021425590868633","52.5","16"
"2.0494909561710752","54","16"
"6.2813337164993195","55.5","16"
"10.247925044401445","57","16"
"7.388897631705344","58.5","16"
"3.0984281487568","60","16"
"6.333101392119281","61.5","16"
"9.827793046131806","63","16"
"7.632578172603178","64.5","16"
"3.2809468313289467","66","16"
"3.2965755480889727","67.5","16"
"7.472530867872708","69","16"
"8.93389066878957","70.5","16"
"5.157756446652518","72","16"
"4.754378003019669","73.5","16"
"8.466441065448569","75","16"
"8.616188157052097","76.5","16"
"4.009571715819752","78","16"
"2.2262709943333867","79.5","16"
"6.255908191602981","81","16"
"9.620320211030956","82.5","16"
"6.431389799712367","84","16"
"3.5038665364531196","85.5","16"
"7.177379815534404","87","16"
"9.517477750066927","88.5","16"
"6.378138767242872","90","16"
"2.119225360422624","91.5","16"
"3.918642680157731","93","16"
"8.418247244935856","94.5","16"
"8.027799631992345","96","16"
"4.72230644806592","97.5","16"
"6.784042859996603","99","16"
"8.676723900800596","100.5","16"
"6.605053433264301","102","16"
"3.0341830272652976","103.5","16"
"3.5126471712260634","105","16"
"7.770415042166996","106.5","16"
"8.33306707948255","108","16"
"4.56068215266485","109.5","16"
"6.055319413588886","111","16"
"8.855682773338655","112.5","16"
"7.595612525665137","114","16"
"3.676654200968494","115.5","16"
"2.7180557813648796","117","16"
"6.907078686497669","118.5","16"
"9.02975691727453","120","16"
"5.152900793815822","121.5","16"
"4.649773254981245","123","16"
"8.027666573404513","124.5","16"
"8.51797317808711","126","16"
"4.9446404489988405","127.5","16"
"2.538690094514764","129","16"
"5.721661698741615","130.5","16"
"9.042955343568286","132","16"
"5.8419249785199305","133.5","16"
"3.1299078393994892","135","16"
"6.835095468909365","136.5","16"
"9.604158027895641","138","16"
"6.6993377629828155","139.5","16"
"2.533781464647728","141","16"
"4.072026460090538","142.5","16"
"8.590151055461316","144","16"
"7.596121105156406","145.5","16"
"2.5317274342992713","147","16"
"4.196588517874994","148.5","16"
"9.17133224034684","150","16"
"8.995051295091294","151.5","16"
"3.9907486073325913","153","16"
"2.7936865290933235","154.5","16"
"7.031261280902011","156","16"
"8.751948327026568","157.5","16"
"4.102917489684467","159","16"
"2.385501467177444","160.5","16"
"7.040421132650276","162","16"
"9.53304363360492","163.5","16"
"5.588277856583904","165","16"
"2.852107873319257","166.5","16"
"5.948521662899157","168","16"
"8.814703685143938","169.5","16"
"5.715875128599681","171","16"
"2.042050517063349","172.5","16"
"5.188571337165632","174","16"
"9.074377868299166","175.5","16"
"6.635578551741692","177","16"
"2.849675365209856","178.5","16"
"5.426808796201971","180","16"
"8.970161454213375","181.5","16"
"6.95889712150484","183","16"
"2.454733328855135","184.5","16"
"4.094224575017575","186","16"
"8.172555548123423","187.5","16"
"7.226077287442541","189","16"
"3.0324843126273104","190.5","16"
"5.170205802377738","192","16"
"9.155060653483753","193.5","16"
"7.102034158150629","195","16"
"2.62734506034882","196.5","16"
"4.107849774411561","198","16"
"8.071076198470294","199.5","16"
"7.295610748585984","201","16"
"2.742836218515025","202.5","16"
"5.083698993522789","204","16"
"9.38961041839881","205.5","16"
"7.217054929568369","207","16"
"2.7275906612069964","208.5","16"
"4.197723951157826","210","16"
"7.917813896100082","211.5","16"
"7.083300494603067","213","16"
"2.734642519957295","214.5","16"
"5.229134001261394","216","16"
"9.496782704372805","217.5","16"
"7.158128701923051","219","16"
"2.7487790092952653","220.5","16"
"4.156102732074423","222","16"
"7.942184808485456","223.5","16"
"7.180570757594446","225","16"
"2.782613097728202","226.5","16"
"4.959084205112785","228","16"
"9.488546870595595","229.5","16"
"7.645719432985123","231","16"
"3.096244509487603","232.5","16"
"3.7224320224928897","234","16"
"7.6311184706137025","235.5","16"
"7.6452729475015095","237","16"
"3.208298567206276","238.5","16"
"4.214430688884082","240","16"
"9.096643005329703","241.5","16"
"8.243653186888267","243","16"
"3.475583701585488","244.5","16"
"3.1897644915404615","246","16"
"7.199234442181001","247.5","16"
"8.264490161742742","249","16"
"3.779363849749483","250.5","16"
"3.260671905805665","252","16"
"8.196899355981646","253.5","16"
"8.97100218736464","255","16"
"4.195377191916139","256.5","16"
"2.6925679160560945","258","16"
"6.477096410251794","259.5","16"
"8.62682101664862","261","16"
"4.807377702601038","262.5","16"
"2.7757746255280193","264","16"
"7.102559493167773","265.5","16"
"9.13279058835737","267","16"
"4.829732530975966","268.5","16"
"2.3793958028295057","270","16"
"5.997565087135658","271.5","16"
"8.916749765819313","273","16"
"5.595050045894963","274.5","16"
"2.6755548971730327","276","16"
"6.193201128824899","277.5","16"
"8.991356208826243","279","16"
"5.486581177903983","280.5","16"
"2.191282499448612","282","16"
"5.490390103183067","283.5","16"
"8.950051866305715","285","16"
"6.031934613182221","286.5","16"
"2.9295824681083418","288","16"
"5.935923478679399","289.5","16"
"8.907316404751617","291","16"
"5.802086251703891","292.5","16"
"2.0250034943189523","294","16"
"5.069280863507242","295.5","16"
"8.956706766935648","297","16"
"6.381870321417179","298.5","16"
"3.092019652919148","300","16"
"9.779990516429235","1.5","17"
"7.619566028332387","3","17"
"2.800063485117563","4.5","17"
"4.690887373002132","6","17"
"9.030254654954938","7.5","17"
"7.912203258979837","9","17"
"3.2566532900483494","10.5","17"
"5.386970562195516","12","17"
"9.160526897395721","13.5","17"
"6.946842506256854","15","17"
"2.6085286047910516","16.5","17"
"4.5628258743576975","18","17"
"8.808093137376614","19.5","17"
"7.396238523276988","21","17"
"3.1891366521297284","22.5","17"
"5.899465425613459","24","17"
"9.281754112721442","25.5","17"
"6.910284905654833","27","17"
"2.348491713781586","28.5","17"
"4.155849427947958","30","17"
"8.567735118697902","31.5","17"
"7.35590846530514","33","17"
"3.7038747847766005","34.5","17"
"6.450683787757577","36","17"
"9.039678159830943","37.5","17"
"6.462821687825353","39","17"
"2.399270074160538","40.5","17"
"4.161393042964702","42","17"
"8.543913688999316","43.5","17"
"7.121057593733914","45","17"
"4.0186263527217125","46.5","17"
"7.108532345332671","48","17"
"9.243345519319803","49.5","17"
"6.421441452628802","51","17"
"2.4513987328011924","52.5","17"
"3.904777728900855","54","17"
"8.588695295948519","55.5","17"
"7.619137776803401","57","17"
"4.378494884538322","58.5","17"
"7.1212419045185404","60","17"
"9.259410126157373","61.5","17"
"6.647876614924452","63","17"
"2.852934561397361","64.5","17"
"3.623931706778442","66","17"
"8.506647428214693","67.5","17"
"8.46636320153421","69","17"
"4.47948487427398","70.5","17"
"6.523985270984586","72","17"
"9.52042672262095","73.5","17"
"7.543517131671441","75","17"
"3.2815561903802584","76.5","17"
"2.9528950719108678","78","17"
"7.970765793151748","79.5","17"
"9.832817732656007","81","17"
"5.240158644477644","82.5","17"
"5.240064025037407","84","17"
"9.253123847096694","85.5","17"
"8.798777064990043","87","17"
"4.258062078262916","88.5","17"
"2.6538587088078724","90","17"
"6.472072216537178","91.5","17"
"10.223136722297946","93","17"
"6.8729969612484885","94.5","17"
"4.2596642022223286","96","17"
"8.028543774465035","97.5","17"
"9.599488164272326","99","17"
"5.653161166487415","100.5","17"
"3.1407210673039616","102","17"
"5.107205025087256","103.5","17"
"9.187232248783168","105","17"
"8.326027787376658","106.5","17"
"4.202509132223929","108","17"
"6.239417304474763","109.5","17"
"9.74014784713652","111","17"
"7.4205527625601375","112.5","17"
"3.5554824267210363","114","17"
"3.6741066218210974","115.5","17"
"7.761225129034073","117","17"
"9.201692267613403","118.5","17"
"4.829023870793365","120","17"
"4.343818338120575","121.5","17"
"9.053859248436318","123","17"
"9.230224956940408","124.5","17"
"4.537277639874804","126","17"
"2.3402265578340944","127.5","17"
"5.719076912470584","129","17"
"9.312342803635241","130.5","17"
"6.395210184061704","132","17"
"3.7191775079964384","133.5","17"
"7.7546540060335145","135","17"
"9.246656214108894","136.5","17"
"5.637041364976372","138","17"
"2.3062525114791415","139.5","17"
"4.533116355742758","141","17"
"8.637157204875235","142.5","17"
"6.96628285874868","144","17"
"4.324449935828096","145.5","17"
"7.480594711104906","147","17"
"8.995366693225414","148.5","17"
"5.574956227894008","150","17"
"2.0985480558735468","151.5","17"
"4.230663343789989","153","17"
"8.69420681362254","154.5","17"
"7.09665317029679","156","17"
"4.112713558606402","157.5","17"
"7.622802308874209","159","17"
"9.111198629219343","160.5","17"
"5.977239648629958","162","17"
"2.507382887226672","163.5","17"
"4.083501038457493","165","17"
"8.333220836072934","166.5","17"
"7.009141522698919","168","17"
"3.9067610410739273","169.5","17"
"7.126135503693248","171","17"
"9.416985005202093","172.5","17"
"6.415656853725206","174","17"
"2.7609972373253253","175.5","17"
"3.9568903712300108","177","17"
"8.278037990031953","178.5","17"
"7.411284492703269","180","17"
"3.063985194082136","181.5","17"
"5.419053944579294","183","17"
"9.472624192918378","184.5","17"
"8.101036557163777","186","17"
"3.6377234758120105","187.5","17"
"3.255368781866187","189","17"
"7.45020856493036","190.5","17"
"8.307362131551766","192","17"
"3.4911968948436","193.5","17"
"3.2416588192236557","195","17"
"8.18704809238624","196.5","17"
"9.34244854115617","198","17"
"4.995080002788407","199.5","17"
"2.9095238859926833","201","17"
"6.3516251187838195","202.5","17"
"8.763515553595422","204","17"
"4.898049245255124","205.5","17"
"2.131566051634448","207","17"
"6.132766903850819","208.5","17"
"9.533025892459877","210","17"
"6.343552897788684","211.5","17"
"2.8545672395510167","213","17"
"5.360144472459851","214.5","17"
"8.801051874032385","216","17"
"6.792594091907933","217.5","17"
"2.3274403667578256","219","17"
"4.272913880712879","220.5","17"
"8.44731019737585","222","17"
"7.304995814314394","223.5","17"
"3.173317957274854","225","17"
"4.959319768094207","226.5","17"
"8.745358477261798","228","17"
"7.437114121458948","229.5","17"
"2.746774013500472","231","17"
"3.7218810613773488","232.5","17"
"7.927441916953681","234","17"
"7.757824250091006","235.5","17"
"3.1837687237298806","237","17"
"4.466541723345028","238.5","17"
"8.83407800115143","240","17"
"7.758999108140603","241.5","17"
"3.0696682742113115","243","17"
"3.766698643426224","244.5","17"
"7.686590103071238","246","17"
"7.667541041389555","247.5","17"
"3.1319002685498756","249","17"
"4.385782552674834","250.5","17"
"8.991635139051107","252","17"
"7.697239718193635","253.5","17"
"2.9567325801458564","255","17"
"3.8756154753295715","256.5","17"
"7.7962422068747514","258","17"
"7.641879953511796","259.5","17"
"3.059279848168732","261","17"
"4.314019620970829","262.5","17"
"9.022188347674819","264","17"
"7.780846342643432","265.5","17"
"2.9843631815283196","267","17"
"3.7575311531293987","268.5","17"
"7.735366424512904","270","17"
"7.691608383070838","271.5","17"
"3.168589449310976","273","17"
"4.194985901105996","274.5","17"
"8.903196516624673","276","17"
"7.939379243520541","277.5","17"
"3.087113240695243","279","17"
"3.517362619735951","280.5","17"
"7.606516430533169","282","17"
"7.92086290899977","283.5","17"
"3.37163636153287","285","17"
"3.897115525480076","286.5","17"
"8.550976635965267","288","17"
"8.234632800252434","289.5","17"
"3.333515076119031","291","17"
"3.2345399383698568","292.5","17"
"7.361627520533989","294","17"
"8.216066199154039","295.5","17"
"3.775792951499742","297","17"
"3.5679293183983334","298.5","17"
"8.058999406791003","300","17"
"10.317277151617768","1.5","18"
"5.3519239157797625","3","18"
"3.012949094290457","4.5","18"
"6.9493578063764625","6","18"
"9.278180257614194","7.5","18"
"5.0753517847794685","9","18"
"2.7207334622426003","10.5","18"
"7.5077081088283695","12","18"
"9.88059660749852","13.5","18"
"5.900803403635546","15","18"
"4.028943814184115","16.5","18"
"6.732082003019492","18","18"
"8.236656276406647","19.5","18"
"4.79772504126821","21","18"
"2.790276779577735","22.5","18"
"7.4781976852855925","24","18"
"9.828444540402598","25.5","18"
"5.30656227194953","27","18"
"3.8898024776499596","28.5","18"
"7.123255031671479","30","18"
"8.853589318223433","31.5","18"
"5.133476704040287","33","18"
"2.1879429752988235","34.5","18"
"6.586417346014482","36","18"
"9.88577702185144","37.5","18"
"6.045000966507314","39","18"
"4.153217331956809","40.5","18"
"6.851631694519362","42","18"
"8.509848719276011","43.5","18"
"5.508404264737168","45","18"
"2.5134400098305307","46.5","18"
"6.188042890903282","48","18"
"9.616613297335876","49.5","18"
"5.949381122814635","51","18"
"3.850464198967043","52.5","18"
"6.937643229741825","54","18"
"8.996253750477626","55.5","18"
"5.92234115371927","57","18"
"2.2063309329228153","58.5","18"
"5.503989676478657","60","18"
"9.747601099293444","61.5","18"
"6.8609423460005035","63","18"
"3.726935562881415","64.5","18"
"6.294816001113783","66","18"
"8.83175785362731","67.5","18"
"6.734887075174822","69","18"
"2.7167656058724945","70.5","18"
"4.773099839137202","72","18"
"9.319383081360304","73.5","18"
"7.522489932317325","75","18"
"3.523831731152504","76.5","18"
"5.729631415343161","78","18"
"8.86128897517264","79.5","18"
"7.524114232708043","81","18"
"3.0360037122754644","82.5","18"
"3.9238142239381313","84","18"
"8.942164941714376","85.5","18"
"8.791675678876496","87","18"
"3.8347778234856236","88.5","18"
"4.600581987869376","90","18"
"8.248648304837394","91.5","18"
"8.644684378469844","93","18"
"4.175634254339393","94.5","18"
"3.132263222808906","96","18"
"7.8659353383235935","97.5","18"
"9.64021197710224","99","18"
"4.87955410154649","100.5","18"
"3.4857942233680403","102","18"
"7.1137206446389465","103.5","18"
"9.196080152064404","105","18"
"5.78431504527498","106.5","18"
"2.81383233850545","108","18"
"6.441572724158184","109.5","18"
"9.961034959129163","111","18"
"6.625895336214622","112.5","18"
"2.784876572150098","114","18"
"5.357016117217047","115.5","18"
"9.217120164467719","117","18"
"7.87596598460778","118.5","18"
"3.3911062825997687","120","18"
"4.619659632506963","121.5","18"
"8.901469711840365","123","18"
"8.509786625268356","124.5","18"
"3.573582337142851","126","18"
"3.5858986342802392","127.5","18"
"7.9425765921051825","129","18"
"9.207390132030115","130.5","18"
"4.856043634695762","132","18"
"3.4770719865308672","133.5","18"
"7.318439166971677","135","18"
"9.40387429901439","136.5","18"
"5.328351847730965","138","18"
"2.639661850295793","139.5","18"
"6.2553680722983005","141","18"
"9.483102310305348","142.5","18"
"6.730680452560996","144","18"
"3.1750196287703485","145.5","18"
"5.681850076452726","147","18"
"9.094023229578168","148.5","18"
"7.441017173368683","150","18"
"3.0044018048558034","151.5","18"
"4.566755537985","153","18"
"8.649934771783773","154.5","18"
"8.175807105762367","156","18"
"3.788428589247927","157.5","18"
"4.386637577304049","159","18"
"8.122423014705038","160.5","18"
"8.84569549429791","162","18"
"4.182469523277276","163.5","18"
"3.3503701495302405","165","18"
"7.384725505762437","166.5","18"
"9.201160033262076","168","18"
"5.287942447416001","169.5","18"
"3.250423930494686","171","18"
"6.60206355751476","172.5","18"
"9.345088029291087","174","18"
"6.440302261049181","175.5","18"
"2.998137209416844","177","18"
"5.634157936097097","178.5","18"
"9.09565541492224","180","18"
"7.367089329159696","181.5","18"
"3.236162267522237","183","18"
"4.845520178827013","184.5","18"
"8.66075489902243","186","18"
"8.507144180275933","187.5","18"
"3.839094342636807","189","18"
"4.005024315378201","190.5","18"
"7.9657189301962426","192","18"
"9.017919631053337","193.5","18"
"4.743371100948464","195","18"
"3.3108793462809016","196.5","18"
"6.929850431781136","198","18"
"9.43533132041619","199.5","18"
"6.324729542896732","201","18"
"3.147503112806712","202.5","18"
"5.8468782076543695","204","18"
"9.213476330399464","205.5","18"
"7.486552778982267","207","18"
"3.311996545609105","208.5","18"
"4.61973059708714","210","18"
"8.49344604506343","211.5","18"
"8.986949505521086","213","18"
"4.44855811598517","214.5","18"
"3.655133206410645","216","18"
"7.427293412057785","217.5","18"
"9.401564993301129","219","18"
"5.836274423823336","220.5","18"
"3.045879862754891","222","18"
"5.907771731161262","223.5","18"
"9.388768699628377","225","18"
"8.292909012055715","226.5","18"
"3.495436535699592","228","18"
"4.182635107297688","229.5","18"
"8.320919323223082","231","18"
"9.360602660632287","232.5","18"
"5.170430030738713","234","18"
"3.2208937945685263","235.5","18"
"6.471971190572343","237","18"
"9.723329241634566","238.5","18"
"8.30496806258996","240","18"
"3.396680944620341","241.5","18"
"4.076697555737814","243","18"
"8.335833712490285","244.5","18"
"9.659200916014607","246","18"
"5.729047928795039","247.5","18"
"3.2787994135642156","249","18"
"6.017226218321366","250.5","18"
"9.556462930682505","252","18"
"9.454836723773177","253.5","18"
"4.222880894830577","255","18"
"3.0165209781593667","256.5","18"
"7.101544305423574","258","18"
"10.047840410592356","259.5","18"
"7.791922730866061","261","18"
"3.8937592458044126","262.5","18"
"4.584294631099582","264","18"
"8.138750289051183","265.5","18"
"10.490997458271927","267","18"
"7.861690769371756","268.5","18"
"2.6621664927844284","270","18"
"3.9315237370790284","271.5","18"
"8.195951190340947","273","18"
"9.885366018657916","274.5","18"
"7.452867272639075","276","18"
"4.406750614878803","277.5","18"
"5.227319969180619","279","18"
"8.294628917505838","280.5","18"
"10.438084493177442","282","18"
"8.041632797031017","283.5","18"
"3.135812683841718","285","18"
"3.851762259412781","286.5","18"
"7.534396211880357","288","18"
"9.748482242830642","289.5","18"
"8.662295421783773","291","18"
"5.5002186975375835","292.5","18"
"4.6292615344525805","294","18"
"6.90684657318334","295.5","18"
"10.027418381408083","297","18"
"10.071064555074454","298.5","18"
"5.304390952919947","300","18"
"10.317277151617768","1.5","19"
"5.3519239157797625","3","19"
"3.012949094290457","4.5","19"
"6.9493578063764625","6","19"
"9.278180257614194","7.5","19"
"5.0753517847794685","9","19"
"2.7207334622426003","10.5","19"
"7.5077081088283695","12","19"
"9.88059660749852","13.5","19"
"5.900803403635546","15","19"
"4.028943814184115","16.5","19"
"6.732082003019492","18","19"
"8.236656276406647","19.5","19"
"4.79772504126821","21","19"
"2.790276779577735","22.5","19"
"7.4781976852855925","24","19"
"9.828444540402598","25.5","19"
"5.30656227194953","27","19"
"3.8898024776499596","28.5","19"
"7.123255031671479","30","19"
"8.853589318223433","31.5","19"
"5.133476704040287","33","19"
"2.1879429752988235","34.5","19"
"6.586417346014482","36","19"
"9.88577702185144","37.5","19"
"6.045000966507314","39","19"
"4.153217331956809","40.5","19"
"6.851631694519362","42","19"
"8.509848719276011","43.5","19"
"5.508404264737168","45","19"
"2.5134400098305307","46.5","19"
"6.188042890903282","48","19"
"9.616613297335876","49.5","19"
"5.949381122814635","51","19"
"3.850464198967043","52.5","19"
"6.937643229741825","54","19"
"8.996253750477626","55.5","19"
"5.92234115371927","57","19"
"2.2063309329228153","58.5","19"
"5.503989676478657","60","19"
"9.747601099293444","61.5","19"
"6.8609423460005035","63","19"
"3.726935562881415","64.5","19"
"6.294816001113783","66","19"
"8.83175785362731","67.5","19"
"6.734887075174822","69","19"
"2.7167656058724945","70.5","19"
"4.773099839137202","72","19"
"9.319383081360304","73.5","19"
"7.522489932317325","75","19"
"3.523831731152504","76.5","19"
"5.729631415343161","78","19"
"8.86128897517264","79.5","19"
"7.524114232708043","81","19"
"3.0360037122754644","82.5","19"
"3.9238142239381313","84","19"
"8.942164941714376","85.5","19"
"8.791675678876496","87","19"
"3.8347778234856236","88.5","19"
"4.600581987869376","90","19"
"8.248648304837394","91.5","19"
"8.644684378469844","93","19"
"4.175634254339393","94.5","19"
"3.132263222808906","96","19"
"7.8659353383235935","97.5","19"
"9.64021197710224","99","19"
"4.87955410154649","100.5","19"
"3.4857942233680403","102","19"
"7.1137206446389465","103.5","19"
"9.196080152064404","105","19"
"5.78431504527498","106.5","19"
"2.81383233850545","108","19"
"6.441572724158184","109.5","19"
"9.961034959129163","111","19"
"6.625895336214622","112.5","19"
"2.784876572150098","114","19"
"5.357016117217047","115.5","19"
"9.217120164467719","117","19"
"7.87596598460778","118.5","19"
"3.3911062825997687","120","19"
"4.619659632506963","121.5","19"
"8.901469711840365","123","19"
"8.509786625268356","124.5","19"
"3.573582337142851","126","19"
"3.5858986342802392","127.5","19"
"7.9425765921051825","129","19"
"9.207390132030115","130.5","19"
"4.856043634695762","132","19"
"3.4770719865308672","133.5","19"
"7.318439166971677","135","19"
"9.40387429901439","136.5","19"
"5.328351847730965","138","19"
"2.639661850295793","139.5","19"
"6.2553680722983005","141","19"
"9.483102310305348","142.5","19"
"6.730680452560996","144","19"
"3.1750196287703485","145.5","19"
"5.681850076452726","147","19"
"9.094023229578168","148.5","19"
"7.441017173368683","150","19"
"3.0044018048558034","151.5","19"
"4.566755537985","153","19"
"8.649934771783773","154.5","19"
"8.175807105762367","156","19"
"3.788428589247927","157.5","19"
"4.386637577304049","159","19"
"8.122423014705038","160.5","19"
"8.84569549429791","162","19"
"4.182469523277276","163.5","19"
"3.3503701495302405","165","19"
"7.384725505762437","166.5","19"
"9.201160033262076","168","19"
"5.287942447416001","169.5","19"
"3.250423930494686","171","19"
"6.60206355751476","172.5","19"
"9.345088029291087","174","19"
"6.440302261049181","175.5","19"
"2.998137209416844","177","19"
"5.634157936097097","178.5","19"
"9.09565541492224","180","19"
"7.367089329159696","181.5","19"
"3.236162267522237","183","19"
"4.845520178827013","184.5","19"
"8.66075489902243","186","19"
"8.507144180275933","187.5","19"
"3.839094342636807","189","19"
"4.005024315378201","190.5","19"
"7.9657189301962426","192","19"
"9.017919631053337","193.5","19"
"4.743371100948464","195","19"
"3.3108793462809016","196.5","19"
"6.929850431781136","198","19"
"9.43533132041619","199.5","19"
"6.324729542896732","201","19"
"3.147503112806712","202.5","19"
"5.8468782076543695","204","19"
"9.213476330399464","205.5","19"
"7.486552778982267","207","19"
"3.311996545609105","208.5","19"
"4.61973059708714","210","19"
"8.49344604506343","211.5","19"
"8.986949505521086","213","19"
"4.44855811598517","214.5","19"
"3.655133206410645","216","19"
"7.427293412057785","217.5","19"
"9.401564993301129","219","19"
"5.836274423823336","220.5","19"
"3.045879862754891","222","19"
"5.907771731161262","223.5","19"
"9.388768699628377","225","19"
"8.292909012055715","226.5","19"
"3.495436535699592","228","19"
"4.182635107297688","229.5","19"
"8.320919323223082","231","19"
"9.360602660632287","232.5","19"
"5.170430030738713","234","19"
"3.2208937945685263","235.5","19"
"6.471971190572343","237","19"
"9.723329241634566","238.5","19"
"8.30496806258996","240","19"
"3.396680944620341","241.5","19"
"4.076697555737814","243","19"
"8.335833712490285","244.5","19"
"9.659200916014607","246","19"
"5.729047928795039","247.5","19"
"3.2787994135642156","249","19"
"6.017226218321366","250.5","19"
"9.556462930682505","252","19"
"9.454836723773177","253.5","19"
"4.222880894830577","255","19"
"3.0165209781593667","256.5","19"
"7.101544305423574","258","19"
"10.047840410592356","259.5","19"
"7.791922730866061","261","19"
"3.8937592458044126","262.5","19"
"4.584294631099582","264","19"
"8.138750289051183","265.5","19"
"10.490997458271927","267","19"
"7.861690769371756","268.5","19"
"2.6621664927844284","270","19"
"3.9315237370790284","271.5","19"
"8.195951190340947","273","19"
"9.885366018657916","274.5","19"
"7.452867272639075","276","19"
"4.406750614878803","277.5","19"
"5.227319969180619","279","19"
"8.294628917505838","280.5","19"
"10.438084493177442","282","19"
"8.041632797031017","283.5","19"
"3.135812683841718","285","19"
"3.851762259412781","286.5","19"
"7.534396211880357","288","19"
"9.748482242830642","289.5","19"
"8.662295421783773","291","19"
"5.5002186975375835","292.5","19"
"4.6292615344525805","294","19"
"6.90684657318334","295.5","19"
"10.027418381408083","297","19"
"10.071064555074454","298.5","19"
"5.304390952919947","300","19"