"nusselt","time","episode"
"8.07381414254627","1.5","0"
"9.820406103862197","3","0"
"33.8807800619197","4.5","0"
"27.343604437572406","6","0"
"9.377414888784374","7.5","0"
"18.117992227683853","9","0"
"28.16827374734029","10.5","0"
"12.613674360741065","12","0"
"14.659667401374762","13.5","0"
"33.06187442939657","15","0"
"20.037753244574066","16.5","0"
"5.483898019183072","18","0"
"22.400583882066897","19.5","0"
"34.936529619046134","21","0"
"9.466338950314077","22.5","0"
"11.627306723676044","24","0"
"35.07922070478857","25.5","0"
"23.46567415071361","27","0"
"5.504358812050182","28.5","0"
"20.71271678764808","30","0"
"35.4916337651973","31.5","0"
"16.556298788451176","33","0"
"7.378058325469776","34.5","0"
"32.768034915304085","36","0"
"28.835084858180874","37.5","0"
"12.72058290731318","39","0"
"11.58568819994367","40.5","0"
"29.051604328412953","42","0"
"24.297711837467","43.5","0"
"10.566455580403112","45","0"
"20.488295782861908","46.5","0"
"14.028252900288017","48","0"
"16.413438695244192","49.5","0"
"28.55154260301114","51","0"
"26.20596989269765","52.5","0"
"5.219874383824192","54","0"
"11.342338359127586","55.5","0"
"39.522615121141115","57","0"
"27.63613370822836","58.5","0"
"8.367739902716027","60","0"
"14.289224818387472","61.5","0"
"35.12772410477022","63","0"
"20.331690329986294","64.5","0"
"6.628234494082599","66","0"
"23.704791835535893","67.5","0"
"23.682622237814556","69","0"
"22.355268973426803","70.5","0"
"21.79344808731841","72","0"
"23.139186576097515","73.5","0"
"20.092797407668417","75","0"
"25.604970637022923","76.5","0"
"29.875832824897","78","0"
"14.936789115236483","79.5","0"
"7.690467752523125","81","0"
"24.445624731160613","82.5","0"
"26.84276388395766","84","0"
"12.40638583429456","85.5","0"
"18.291313738445236","87","0"
"27.88042093065196","88.5","0"
"17.85870864188493","90","0"
"15.497705724292269","91.5","0"
"28.080104121193592","93","0"
"18.200363329685896","94.5","0"
"4.16639989367549","96","0"
"32.56357769947509","97.5","0"
"35.21188982211752","99","0"
"1.575519273460782","100.5","0"
"8.034213254318557","102","0"
"38.79598407957382","103.5","0"
"25.932677853135793","105","0"
"5.928569726008948","106.5","0"
"19.729082889880825","108","0"
"33.820348568099604","109.5","0"
"12.927395773575942","111","0"
"5.516265562162426","112.5","0"
"27.545394123213462","114","0"
"27.52401206543004","115.5","0"
"16.853957522773555","117","0"
"17.362877330131926","118.5","0"
"23.326046107473076","120","0"
"19.638139450501466","121.5","0"
"13.79671441619568","123","0"
"21.555637161242668","124.5","0"
"17.77657624114726","126","0"
"20.647058258841817","127.5","0"
"25.385752274392985","129","0"
"12.305160817097407","130.5","0"
"11.827180700994667","132","0"
"24.62084017093198","133.5","0"
"29.834664697345932","135","0"
"6.405473944077034","136.5","0"
"16.139435778924216","138","0"
"32.229423806879275","139.5","0"
"24.849221525892673","141","0"
"10.591459973431949","142.5","0"
"17.641201262040468","144","0"
"30.85118012986618","145.5","0"
"18.48338462370201","147","0"
"13.586022218800682","148.5","0"
"25.474723379237563","150","0"
"22.72391955458633","151.5","0"
"8.141201948760457","153","0"
"14.62729114667043","154.5","0"
"21.19450305639325","156","0"
"16.19580586656006","157.5","0"
"28.370539093165085","159","0"
"22.91203880139356","160.5","0"
"7.51597538592484","162","0"
"17.233002934175584","163.5","0"
"30.49641429597491","165","0"
"21.643473999495246","166.5","0"
"13.904133469851443","168","0"
"22.51624945458584","169.5","0"
"26.969005490598615","171","0"
"15.926209340733426","172.5","0"
"12.008232125328096","174","0"
"21.169728652903803","175.5","0"
"19.98388342200661","177","0"
"13.924015368593835","178.5","0"
"25.938113969521407","180","0"
"29.800905020715263","181.5","0"
"10.250484800179187","183","0"
"15.506236245389696","184.5","0"
"27.48233343079532","186","0"
"23.9215273565474","187.5","0"
"7.262954659211846","189","0"
"17.759114459603463","190.5","0"
"29.207728894069838","192","0"
"22.293569052450064","193.5","0"
"13.331577125053958","195","0"
"19.286819975011078","196.5","0"
"18.774486913806737","198","0"
"16.137074901455463","199.5","0"
"19.871688600718482","201","0"
"23.31063332364386","202.5","0"
"15.043199351139917","204","0"
"9.591427124568087","205.5","0"
"23.233942266326785","207","0"
"21.269789783644036","208.5","0"
"15.69063035859678","210","0"
"20.62373522873353","211.5","0"
"23.45197060732487","213","0"
"12.337361094957204","214.5","0"
"18.961743699841243","216","0"
"24.68970984156475","217.5","0"
"20.16778793626999","219","0"
"14.301231317750702","220.5","0"
"18.948700505205757","222","0"
"29.00948139580441","223.5","0"
"19.004305703388624","225","0"
"6.421907742073549","226.5","0"
"15.742304826470047","228","0"
"26.556730075444516","229.5","0"
"19.804406206376516","231","0"
"16.261187362512057","232.5","0"
"19.101669684075993","234","0"
"13.41498317998326","235.5","0"
"13.168940544976802","237","0"
"24.68522330320162","238.5","0"
"29.68029293075441","240","0"
"14.678000355416252","241.5","0"
"6.983897200060246","243","0"
"24.014615622616084","244.5","0"
"27.494139560484083","246","0"
"11.722431791044338","247.5","0"
"15.410443859888169","249","0"
"24.905711835333197","250.5","0"
"12.396415265058444","252","0"
"13.769706326422144","253.5","0"
"20.419689206323447","255","0"
"27.696868370077652","256.5","0"
"10.248677988418967","258","0"
"6.977058931539591","259.5","0"
"20.201430875785967","261","0"
"27.024016549138054","262.5","0"
"11.751645689582038","264","0"
"12.768764844643187","265.5","0"
"24.955110800642487","267","0"
"16.97069289511967","268.5","0"
"12.763723369399028","270","0"
"22.03138271988882","271.5","0"
"19.545843951405686","273","0"
"7.325285309076916","274.5","0"
"15.531909698896763","276","0"
"27.357323662066104","277.5","0"
"18.433126682309993","279","0"
"9.528106822745636","280.5","0"
"17.15664814944262","282","0"
"28.556778349722286","283.5","0"
"14.16994562234809","285","0"
"9.028317774335603","286.5","0"
"23.01119739742618","288","0"
"26.202971316960582","289.5","0"
"13.926580100427048","291","0"
"11.92454381050954","292.5","0"
"21.830913731754272","294","0"
"16.244619403950896","295.5","0"
"14.26320550939882","297","0"
"21.898103781811486","298.5","0"
"23.49526613811531","300","0"
"27.089241234040465","1.5","1"
"32.11293758986751","3","1"
"8.810859180151011","4.5","1"
"11.577259606028472","6","1"
"25.013536855372887","7.5","1"
"13.975352692710494","9","1"
"11.175872104750564","10.5","1"
"22.48603719236578","12","1"
"17.036407178965785","13.5","1"
"10.4114739930632","15","1"
"28.948225772801496","16.5","1"
"27.057079287770566","18","1"
"2.3570920064573877","19.5","1"
"11.59848398158981","21","1"
"32.964724757143635","22.5","1"
"16.149285255183155","24","1"
"2.0792393788701","25.5","1"
"21.8408050242931","27","1"
"22.942007135314263","28.5","1"
"10.349448253572325","30","1"
"18.924408731280035","31.5","1"
"22.269766877468044","33","1"
"6.859218041293904","34.5","1"
"14.838533053911474","36","1"
"34.13322145892173","37.5","1"
"18.129937744972246","39","1"
"3.951239016953567","40.5","1"
"17.0987970685607","42","1"
"34.66079655414574","43.5","1"
"14.019445346336322","45","1"
"11.766669059304785","46.5","1"
"25.728701524525523","48","1"
"19.75981088621952","49.5","1"
"14.319966753486126","51","1"
"18.934469031283413","52.5","1"
"27.86297308786813","54","1"
"5.544089504980052","55.5","1"
"13.852942502714397","57","1"
"29.67986082919555","58.5","1"
"22.982859898421165","60","1"
"6.043231707810546","61.5","1"
"14.99135064876711","63","1"
"28.832835490791826","64.5","1"
"10.497930894079431","66","1"
"19.333887682716533","67.5","1"
"27.158260746342837","69","1"
"13.248324396484248","70.5","1"
"8.753590042497548","72","1"
"26.382755185309865","73.5","1"
"30.099473259125237","75","1"
"2.300233191050339","76.5","1"
"7.484397125228398","78","1"
"31.899880159141265","79.5","1"
"24.763327402309955","81","1"
"10.659865309123445","82.5","1"
"15.16146101770199","84","1"
"23.252959961951465","85.5","1"
"12.208711567532617","87","1"
"16.389394334307813","88.5","1"
"24.098596651393866","90","1"
"10.272092491639512","91.5","1"
"10.770107832844237","93","1"
"20.783590155025546","94.5","1"
"26.336896665031208","96","1"
"11.756837877668298","97.5","1"
"14.214875472744204","99","1"
"25.38319102724976","100.5","1"
"15.573952483635516","102","1"
"6.822339567121486","103.5","1"
"24.749348568411943","105","1"
"30.56067197940488","106.5","1"
"6.078120423998229","108","1"
"10.574512183661794","109.5","1"
"32.74468400767587","111","1"
"20.77654411186419","112.5","1"
"2.7507620083713413","114","1"
"17.642504536097018","115.5","1"
"26.712957439456133","117","1"
"15.113962950782671","118.5","1"
"7.486451349977962","120","1"
"22.438671543666114","121.5","1"
"19.11736647013946","123","1"
"11.285227774868703","124.5","1"
"23.855344381897524","126","1"
"29.38877422019578","127.5","1"
"4.9088723359408695","129","1"
"6.479265303735529","130.5","1"
"32.77062055527724","132","1"
"23.126094595802158","133.5","1"
"6.970193221085258","135","1"
"17.06403205886769","136.5","1"
"30.918033907339282","138","1"
"16.997141692149683","139.5","1"
"6.982645760767308","141","1"
"20.12634800289964","142.5","1"
"22.880678333821542","144","1"
"17.76486071339826","145.5","1"
"17.598925003072335","147","1"
"28.92200696531087","148.5","1"
"7.186493591434166","150","1"
"5.030255849148433","151.5","1"
"24.982091012896095","153","1"
"25.750066158858992","154.5","1"
"6.995883226869781","156","1"
"15.07127375605063","157.5","1"
"28.74124389907418","159","1"
"13.178602719148735","160.5","1"
"10.477400842998755","162","1"
"20.379364373750146","163.5","1"
"32.96659255097869","165","1"
"11.065802944356813","166.5","1"
"9.13055857866507","168","1"
"24.932530009502234","169.5","1"
"24.62590865252357","171","1"
"12.89617992063854","172.5","1"
"17.569568232245015","174","1"
"19.64192033914146","175.5","1"
"11.881977451099672","177","1"
"14.5032684163811","178.5","1"
"27.802562502187982","180","1"
"14.471346042548069","181.5","1"
"5.188041305172174","183","1"
"20.405478640541048","184.5","1"
"32.23877671481453","186","1"
"17.25207290015012","187.5","1"
"7.107899893382129","189","1"
"20.71129154944185","190.5","1"
"25.68580499073903","192","1"
"18.03932535114201","193.5","1"
"11.534746388140965","195","1"
"22.258145436348794","196.5","1"
"16.40165521604037","198","1"
"9.572425110048368","199.5","1"
"22.545994768347132","201","1"
"27.706806705931356","202.5","1"
"11.424193727010993","204","1"
"12.588352860923067","205.5","1"
"26.89869838534465","207","1"
"18.229981452262525","208.5","1"
"10.975593032220512","210","1"
"16.324659248349107","211.5","1"
"24.936561795821568","213","1"
"18.09915922062869","214.5","1"
"10.940884648739853","216","1"
"20.351195882209684","217.5","1"
"24.77547154692782","219","1"
"15.413466828455169","220.5","1"
"11.593442506345651","222","1"
"25.502564309918895","223.5","1"
"17.72852410851941","225","1"
"16.697075037043675","226.5","1"
"18.724730767773394","228","1"
"23.37109966436386","229.5","1"
"12.540579503494477","231","1"
"12.31753669359966","232.5","1"
"28.69031515485894","234","1"
"25.410094576323573","235.5","1"
"5.9305986867560785","237","1"
"9.52628781457045","238.5","1"
"29.770058544916886","240","1"
"21.76483878249411","241.5","1"
"12.411562341275864","243","1"
"16.800742821924366","244.5","1"
"27.25276553889277","246","1"
"9.906943152748216","247.5","1"
"14.699044398270567","249","1"
"18.755632998611624","250.5","1"
"23.9220953610159","252","1"
"8.916317224514463","253.5","1"
"14.0676386089088","255","1"
"29.376407055418507","256.5","1"
"21.121014429177702","258","1"
"6.44114410199515","259.5","1"
"16.286709232004526","261","1"
"29.341128053951856","262.5","1"
"16.826911101410122","264","1"
"10.254957399782352","265.5","1"
"22.003268241043212","267","1"
"29.139868041189402","268.5","1"
"11.138242679885133","270","1"
"10.942328181568532","271.5","1"
"22.284508858474037","273","1"
"22.3402273090816","274.5","1"
"11.595058531328874","276","1"
"15.50117821786808","277.5","1"
"24.061477733612083","279","1"
"12.885307687867309","280.5","1"
"14.698868421426033","282","1"
"20.437065612962467","283.5","1"
"26.71716520262","285","1"
"12.366614196257299","286.5","1"
"13.629897950474584","288","1"
"29.163579614231658","289.5","1"
"21.10132941541979","291","1"
"5.43386179119172","292.5","1"
"14.619637025105684","294","1"
"29.89810696331806","295.5","1"
"19.53116295247453","297","1"
"11.77848825658101","298.5","1"
"15.8151104544474","300","1"
"13.429500398484846","1.5","2"
"10.293648783922473","3","2"
"21.633694217036126","4.5","2"
"22.39337928551096","6","2"
"7.8537455155585825","7.5","2"
"13.178077402132626","9","2"
"27.191344393115294","10.5","2"
"11.507547511590433","12","2"
"6.426068026336291","13.5","2"
"32.421458102891144","15","2"
"22.23895002153459","16.5","2"
"3.2658775945333187","18","2"
"16.033025543020784","19.5","2"
"31.585439157823295","21","2"
"16.74828255645818","22.5","2"
"9.997367373318948","24","2"
"20.06772157849477","25.5","2"
"24.342385563148788","27","2"
"12.953576249476667","28.5","2"
"18.76712376385622","30","2"
"28.943040554095216","31.5","2"
"7.792691133402636","33","2"
"12.128683048376876","34.5","2"
"29.90123621492978","36","2"
"17.641988801978385","37.5","2"
"8.514721513009606","39","2"
"19.844145611031365","40.5","2"
"27.094543189861437","42","2"
"19.111254323895633","43.5","2"
"17.892306280431033","45","2"
"22.99836328419014","46.5","2"
"8.045159536752092","48","2"
"11.712239072821308","49.5","2"
"29.35374263171848","51","2"
"25.053898277191088","52.5","2"
"-1.1528625312379035","54","2"
"13.296566444716596","55.5","2"
"35.7485076878676","57","2"
"20.328460022364844","58.5","2"
"6.759237058423459","60","2"
"17.82328328343867","61.5","2"
"22.118337931573734","63","2"
"14.332534287937872","64.5","2"
"15.65829940486233","66","2"
"23.156216256082452","67.5","2"
"18.24918557880171","69","2"
"16.85847193865661","70.5","2"
"27.170812599689622","72","2"
"17.02626150405763","73.5","2"
"11.328120823965206","75","2"
"26.286300708710087","76.5","2"
"27.350298527044693","78","2"
"8.470383188739428","79.5","2"
"9.09580489421453","81","2"
"27.020221721738096","82.5","2"
"17.627434994231894","84","2"
"13.412000285351153","85.5","2"
"24.394842343924985","87","2"
"22.00259743821999","88.5","2"
"6.343592383634526","90","2"
"18.01853569065702","91.5","2"
"29.564723187210213","93","2"
"12.419588453497125","94.5","2"
"8.97815043488335","96","2"
"31.100331979516913","97.5","2"
"25.370020641429612","99","2"
"10.133757268385553","100.5","2"
"8.357810278587301","102","2"
"33.57037084692106","103.5","2"
"21.45277782443984","105","2"
"3.733325235138928","106.5","2"
"23.205587343871816","108","2"
"24.503092496143548","109.5","2"
"6.271459736411643","111","2"
"13.361866921626309","112.5","2"
"28.599937977603084","114","2"
"14.637280010528999","115.5","2"
"8.789537233269929","117","2"
"26.75859990895536","118.5","2"
"27.66818588676355","120","2"
"3.869071333729737","121.5","2"
"9.096913025631597","123","2"
"27.527022837582074","124.5","2"
"22.77439180441278","126","2"
"13.40149481620145","127.5","2"
"22.790653110254752","129","2"
"22.77886614636094","130.5","2"
"11.266915728967158","132","2"
"14.191968863089816","133.5","2"
"31.774783273162278","135","2"
"22.992212806356417","136.5","2"
"4.966371898719973","138","2"
"14.443270766464858","139.5","2"
"25.743724023075774","141","2"
"13.646299515088685","142.5","2"
"12.979155616353982","144","2"
"18.97074813877742","145.5","2"
"15.978288032645622","147","2"
"10.36125176974359","148.5","2"
"20.921122157236628","150","2"
"26.860269224126338","151.5","2"
"7.901019691145993","153","2"
"9.492468898209935","154.5","2"
"29.582049065844366","156","2"
"26.262500276073066","157.5","2"
"-0.7967769799091868","159","2"
"10.788283975836142","160.5","2"
"35.12519073514693","162","2"
"24.838405048161295","163.5","2"
"5.724561599602514","165","2"
"12.061309180922652","166.5","2"
"26.77704263073156","168","2"
"13.912568161974125","169.5","2"
"11.9154888435685","171","2"
"28.481522984681416","172.5","2"
"19.454363869767747","174","2"
"4.7534364321434115","175.5","2"
"17.7889190130946","177","2"
"28.713711363457033","178.5","2"
"12.506514916489614","180","2"
"13.96524796290973","181.5","2"
"21.158556736793365","183","2"
"20.737188023108327","184.5","2"
"20.854568063102732","186","2"
"13.956907357416801","187.5","2"
"17.640457280727436","189","2"
"17.93863174916845","190.5","2"
"16.435409665636055","192","2"
"26.735972074500236","193.5","2"
"16.0338514145486","195","2"
"13.476781543452239","196.5","2"
"20.522755882180725","198","2"
"30.43890994174707","199.5","2"
"12.706591005827702","201","2"
"9.204066371675564","202.5","2"
"20.93646873195602","204","2"
"29.64010400109075","205.5","2"
"19.69582500860883","207","2"
"16.921654595224425","208.5","2"
"16.346222510012048","210","2"
"17.501693440604612","211.5","2"
"18.95526740349338","213","2"
"26.488132210631033","214.5","2"
"27.42647036555314","216","2"
"13.00881207052051","217.5","2"
"4.550706315791095","219","2"
"19.622040182744065","220.5","2"
"22.77769877521403","222","2"
"20.614100060909024","223.5","2"
"17.30239008127198","225","2"
"19.844222274211162","226.5","2"
"17.69644927949928","228","2"
"14.09811048053317","229.5","2"
"23.716484712799954","231","2"
"23.05087582000619","232.5","2"
"15.866053137422602","234","2"
"14.488993383833874","235.5","2"
"24.596773159510665","237","2"
"27.06214951170715","238.5","2"
"13.514200144573227","240","2"
"7.538246039655911","241.5","2"
"27.38515239633247","243","2"
"23.881422059443523","244.5","2"
"6.846012808573846","246","2"
"14.705463197233584","247.5","2"
"27.42487263519237","249","2"
"13.03530442617541","250.5","2"
"16.80882904504797","252","2"
"19.640362682715583","253.5","2"
"21.906217882455014","255","2"
"11.504032330562236","256.5","2"
"21.54140394497533","258","2"
"29.316620229246706","259.5","2"
"13.500235249435178","261","2"
"5.172686018727805","262.5","2"
"20.187305684908345","264","2"
"33.01592182248816","265.5","2"
"17.28512344236767","267","2"
"7.650132465879854","268.5","2"
"28.917234682368502","270","2"
"22.74639232033687","271.5","2"
"9.154183905630056","273","2"
"14.450614750620426","274.5","2"
"27.759801871311126","276","2"
"14.84710539128879","277.5","2"
"11.935668683305103","279","2"
"24.700407839836444","280.5","2"
"22.81356668928912","282","2"
"13.80181600234218","283.5","2"
"12.9119167806369","285","2"
"24.394767423090183","286.5","2"
"17.224493321218098","288","2"
"6.844134560668816","289.5","2"
"23.409403376742507","291","2"
"26.632361787004392","292.5","2"
"10.736640870172792","294","2"
"13.008198765082133","295.5","2"
"29.64170695848651","297","2"
"18.119156114140775","298.5","2"
"7.347515017700595","300","2"
"26.117091132137826","1.5","3"
"31.034980103429838","3","3"
"10.473198306869875","4.5","3"
"16.255448078097242","6","3"
"25.23545411040068","7.5","3"
"17.423261780637148","9","3"
"14.88036675725078","10.5","3"
"31.002454007055903","12","3"
"10.804507821260714","13.5","3"
"8.24509972318054","15","3"
"32.18504279515671","16.5","3"
"35.26556798673548","18","3"
"8.067198458598776","19.5","3"
"5.044432439203421","21","3"
"28.98317547106402","22.5","3"
"22.6037900941892","24","3"
"10.39871915652445","25.5","3"
"21.702337382819493","27","3"
"18.693084555622132","28.5","3"
"10.219213192201932","30","3"
"22.823735014682217","31.5","3"
"25.70892242413786","33","3"
"5.484149788034906","34.5","3"
"9.518158032821962","36","3"
"29.064089972649914","37.5","3"
"13.686335989565247","39","3"
"10.401648909634199","40.5","3"
"26.756235546796617","42","3"
"31.805002504762317","43.5","3"
"8.241232588463273","45","3"
"10.060783504116147","46.5","3"
"27.991589510737807","48","3"
"21.813188856116174","49.5","3"
"15.65175341471465","51","3"
"23.12399332773772","52.5","3"
"24.31408988042366","54","3"
"2.3922368473593925","55.5","3"
"15.805339383713253","57","3"
"32.79378328964595","58.5","3"
"14.03369337253612","60","3"
"9.025612783730262","61.5","3"
"26.69395194024642","63","3"
"22.00374912826194","64.5","3"
"9.823418618359225","66","3"
"16.96215888933225","67.5","3"
"27.001420076892845","69","3"
"10.648964327659789","70.5","3"
"9.86034413584652","72","3"
"29.527545029698587","73.5","3"
"22.04808832370462","75","3"
"2.9101789526901407","76.5","3"
"23.942315274687395","78","3"
"36.6373789260256","79.5","3"
"2.6047545867233097","81","3"
"3.1773168119351554","82.5","3"
"30.77405000161027","84","3"
"33.27651390937862","85.5","3"
"5.582389732668708","87","3"
"7.088889602723682","88.5","3"
"28.44118944038314","90","3"
"19.71179882752656","91.5","3"
"16.076580683215536","93","3"
"20.526230118101534","94.5","3"
"16.03979978036286","96","3"
"6.0185862378507595","97.5","3"
"21.451673177712763","99","3"
"33.19858927180481","100.5","3"
"4.924184063760354","102","3"
"4.567831389164532","103.5","3"
"26.091921216334427","105","3"
"34.31766958482367","106.5","3"
"4.001683389260089","108","3"
"8.104083902151174","109.5","3"
"28.904569576597012","111","3"
"19.62635074426266","112.5","3"
"7.208666238259246","114","3"
"24.278941554831665","115.5","3"
"21.62470197451492","117","3"
"10.01744964173581","118.5","3"
"14.34910747353402","120","3"
"31.68795525266203","121.5","3"
"15.353491829023866","123","3"
"6.50927937421236","124.5","3"
"22.204941189569578","126","3"
"24.493509598668904","127.5","3"
"8.92864605770184","129","3"
"24.988119526580142","130.5","3"
"27.28112917307272","132","3"
"10.028853289730636","133.5","3"
"10.40963756143806","135","3"
"29.00937511275969","136.5","3"
"20.089669898401695","138","3"
"5.430063479101771","139.5","3"
"21.29818129534391","141","3"
"27.15030694143888","142.5","3"
"13.775906461088239","144","3"
"7.901345509660131","145.5","3"
"27.652685985684563","147","3"
"18.2205048378326","148.5","3"
"6.2241058485406935","150","3"
"24.09946085451158","151.5","3"
"31.285152967247868","153","3"
"9.90578536449878","154.5","3"
"6.3520405789309216","156","3"
"31.770382109703924","157.5","3"
"24.574112220500627","159","3"
"6.99416788822182","160.5","3"
"14.16726241105519","162","3"
"32.637498428249486","163.5","3"
"19.064803406318543","165","3"
"10.001555099515368","166.5","3"
"24.07641137256757","168","3"
"17.50554925007941","169.5","3"
"13.14208578156286","171","3"
"17.82388787715207","172.5","3"
"26.011180949248068","174","3"
"11.735414003604987","175.5","3"
"11.783754494329576","177","3"
"31.227997082019105","178.5","3"
"18.567045061000638","180","3"
"0.6023006240414376","181.5","3"
"12.34342009967867","183","3"
"34.85366020637541","184.5","3"
"14.910207899986817","186","3"
"3.418409662602836","187.5","3"
"20.927877228783753","189","3"
"30.746698669872643","190.5","3"
"13.824097110143224","192","3"
"13.062138281449405","193.5","3"
"22.859301503073105","195","3"
"12.807295061871235","196.5","3"
"18.836247816858315","198","3"
"27.070897825929002","199.5","3"
"21.93144529564326","201","3"
"1.2170117536919114","202.5","3"
"11.989932275841518","204","3"
"33.78623693777987","205.5","3"
"20.06631550608349","207","3"
"4.706176630902213","208.5","3"
"15.459673817732902","210","3"
"28.396120202387397","211.5","3"
"11.279630491571014","213","3"
"12.659304633825325","214.5","3"
"27.78172754073311","216","3"
"22.89974481510609","217.5","3"
"11.038581417321343","219","3"
"17.298928041766143","220.5","3"
"28.60843887883559","222","3"
"13.07463089506635","223.5","3"
"11.229062412769819","225","3"
"22.009941422375555","226.5","3"
"23.168841287919047","228","3"
"14.409512832179184","229.5","3"
"22.57629589016195","231","3"
"33.718700161068575","232.5","3"
"13.189395675222677","234","3"
"3.5440124820098595","235.5","3"
"22.96364009077702","237","3"
"33.351047943591404","238.5","3"
"12.447235112711471","240","3"
"9.040863529474906","241.5","3"
"25.228430717724265","243","3"
"22.27969998628676","244.5","3"
"3.7016781518151682","246","3"
"16.238411428732324","247.5","3"
"32.854866420494325","249","3"
"13.655256910709983","250.5","3"
"5.881418385743713","252","3"
"20.582948674736453","253.5","3"
"36.31500328559862","255","3"
"18.838159169318256","256.5","3"
"3.296191783935606","258","3"
"21.759953247127036","259.5","3"
"23.43711885858417","261","3"
"14.331525470185541","262.5","3"
"11.886612959959907","264","3"
"23.512625121304378","265.5","3"
"12.450684955802343","267","3"
"18.00839698512885","268.5","3"
"26.60527354936107","270","3"
"16.104912955185565","271.5","3"
"7.00884627363548","273","3"
"21.32449593180928","274.5","3"
"35.62978778457174","276","3"
"18.075952927635093","277.5","3"
"2.4761081084024648","279","3"
"19.644446739384776","280.5","3"
"29.53529149554809","282","3"
"18.877699946643627","283.5","3"
"12.775210649953632","285","3"
"28.151453148754797","286.5","3"
"14.090263829846432","288","3"
"6.527960361666679","289.5","3"
"21.388560214944764","291","3"
"29.262656320049498","292.5","3"
"16.57852588355736","294","3"
"10.590827502198623","295.5","3"
"17.317957933805786","297","3"
"17.72400795029136","298.5","3"
"20.486103912857708","300","3"
"33.10305301101761","1.5","4"
"18.521906129205078","3","4"
"2.167410311775545","4.5","4"
"18.27886468345318","6","4"
"33.366851012699584","7.5","4"
"23.152330826742734","9","4"
"5.993713391869074","10.5","4"
"18.932325946939084","12","4"
"27.25769811757472","13.5","4"
"17.59512843332738","15","4"
"19.92018851601015","16.5","4"
"14.56786759943017","18","4"
"8.58784076308613","19.5","4"
"18.934638038747966","21","4"
"32.983399210804215","22.5","4"
"14.427327438584545","24","4"
"6.2044034113328275","25.5","4"
"20.953794610590176","27","4"
"32.46352179576984","28.5","4"
"13.409985263363986","30","4"
"7.724398178963343","31.5","4"
"26.301608951839583","33","4"
"14.37980585000779","34.5","4"
"13.067002908676534","36","4"
"25.011433844963452","37.5","4"
"28.430953163535225","39","4"
"10.151560549548446","40.5","4"
"7.028826614870111","42","4"
"31.26191705438935","43.5","4"
"20.13325640080636","45","4"
"13.783145033371586","46.5","4"
"22.088486334767722","48","4"
"29.150059017067434","49.5","4"
"13.400943364010411","51","4"
"9.630311037830198","52.5","4"
"28.643754469547144","54","4"
"23.079399749925713","55.5","4"
"5.331228959238293","57","4"
"12.775609646957575","58.5","4"
"29.30317281057229","60","4"
"13.35149212835126","61.5","4"
"6.8636510025484245","63","4"
"29.660193238887594","64.5","4"
"25.48872312127552","66","4"
"2.892687986867673","67.5","4"
"15.50788276141034","69","4"
"34.36417277275062","70.5","4"
"23.11450625923782","72","4"
"11.96823485361393","73.5","4"
"14.775021094139529","75","4"
"25.159517488466616","76.5","4"
"13.935613288055645","78","4"
"15.392347864766052","79.5","4"
"26.231185109470925","81","4"
"21.349784327072367","82.5","4"
"10.179458106442127","84","4"
"15.906905900529503","85.5","4"
"26.659857733376636","87","4"
"10.427360694731163","88.5","4"
"8.862137264537827","90","4"
"32.16082768441078","91.5","4"
"17.343192316374015","93","4"
"1.5733297991809505","94.5","4"
"19.930801139377067","96","4"
"28.775630819903192","97.5","4"
"13.814907111465041","99","4"
"8.77778772979352","100.5","4"
"21.013943844521016","102","4"
"18.08322199095586","103.5","4"
"14.253750674281338","105","4"
"19.838864563350338","106.5","4"
"27.47395972074748","108","4"
"18.96158688879166","109.5","4"
"11.322885948426558","111","4"
"26.00488062974474","112.5","4"
"22.592839455893177","114","4"
"9.571477274370876","115.5","4"
"16.106768552605658","117","4"
"25.000230566643097","118.5","4"
"11.843074372042611","120","4"
"8.177452307562039","121.5","4"
"24.73933356937844","123","4"
"28.72301025869743","124.5","4"
"10.836507729446039","126","4"
"9.107742570950442","127.5","4"
"25.928700079511316","129","4"
"28.608595689885174","130.5","4"
"4.59408243003757","132","4"
"11.417777541565469","133.5","4"
"29.96669960109656","135","4"
"24.081410160359344","136.5","4"
"8.720139632103558","138","4"
"16.66741684053215","139.5","4"
"19.614832101498138","141","4"
"20.516516544752236","142.5","4"
"23.461678953639183","144","4"
"22.01678012648246","145.5","4"
"8.864616621466265","147","4"
"14.05054881802152","148.5","4"
"27.53297991512131","150","4"
"20.68350811614537","151.5","4"
"14.903989470698273","153","4"
"14.782460907269844","154.5","4"
"26.715793977108625","156","4"
"24.361223797238942","157.5","4"
"8.468074581620536","159","4"
"12.976522061893451","160.5","4"
"26.911018506807054","162","4"
"22.78591393186729","163.5","4"
"10.326660123377623","165","4"
"15.015813172502382","166.5","4"
"20.955329616531113","168","4"
"14.768414121917012","169.5","4"
"20.423341161433783","171","4"
"28.707846630202553","172.5","4"
"13.097900783652277","174","4"
"6.383441120437834","175.5","4"
"24.876889964419462","177","4"
"35.335882061369425","178.5","4"
"13.221271876913331","180","4"
"2.0748120802368146","181.5","4"
"15.83344689317888","183","4"
"30.359417193677412","184.5","4"
"15.904910915509783","186","4"
"6.001477281168531","187.5","4"
"21.7501804340479","189","4"
"24.94014754182208","190.5","4"
"18.595980184339073","192","4"
"16.512585094861844","193.5","4"
"22.991930546467163","195","4"
"17.724450505920185","196.5","4"
"13.657813801990718","198","4"
"24.486963608521226","199.5","4"
"23.348565916538487","201","4"
"6.818721152152311","202.5","4"
"11.719444540549743","204","4"
"28.041796924124952","205.5","4"
"27.513307097778366","207","4"
"6.9893942985207005","208.5","4"
"12.202423444444255","210","4"
"26.960642234620746","211.5","4"
"20.878483490509453","213","4"
"13.616129069148517","214.5","4"
"16.568084009999993","216","4"
"21.765141950523308","217.5","4"
"12.729946269318404","219","4"
"16.36722299424148","220.5","4"
"26.876948692767204","222","4"
"17.16827655994185","223.5","4"
"12.845414956852867","225","4"
"22.778329504102363","226.5","4"
"24.56803143646672","228","4"
"9.818608003826956","229.5","4"
"6.697916968655715","231","4"
"25.743537592161267","232.5","4"
"26.821721583448337","234","4"
"9.049046452745754","235.5","4"
"4.756080876260164","237","4"
"27.911633298899375","238.5","4"
"29.433050691218625","240","4"
"10.776016124723604","241.5","4"
"14.929765722560067","243","4"
"18.99275744075918","244.5","4"
"14.537610036240231","246","4"
"18.340528015185015","247.5","4"
"23.926209037550013","249","4"
"15.752389519303362","250.5","4"
"9.884121046826104","252","4"
"20.912657845249026","253.5","4"
"36.16171874228422","255","4"
"17.915392351619946","256.5","4"
"-2.4239730080710418","258","4"
"14.170619909861307","259.5","4"
"40.993067180000224","261","4"
"17.322923617042647","262.5","4"
"5.297606927862258","264","4"
"10.316334115762446","265.5","4"
"33.7118875921366","267","4"
"23.324786392041407","268.5","4"
"9.538783041704887","270","4"
"17.923645839863106","271.5","4"
"21.805052104987702","273","4"
"16.04914571891813","274.5","4"
"20.065848557624726","276","4"
"22.701143620806597","277.5","4"
"15.058061553950589","279","4"
"2.644615955527834","280.5","4"
"20.6565871436216","282","4"
"33.26699025163382","283.5","4"
"16.025470735120773","285","4"
"7.051300251793145","286.5","4"
"22.75759037162224","288","4"
"33.85384340829098","289.5","4"
"11.474024793879137","291","4"
"4.998991210551161","292.5","4"
"20.56763520457197","294","4"
"22.28290067404329","295.5","4"
"15.769825165672227","297","4"
"22.479763008037384","298.5","4"
"17.24998382850065","300","4"
"13.429500398484846","1.5","5"
"10.293648783922473","3","5"
"21.633694217036126","4.5","5"
"22.39337928551096","6","5"
"7.8537455155585825","7.5","5"
"13.178077402132626","9","5"
"27.191344393115294","10.5","5"
"11.507547511590433","12","5"
"6.426068026336291","13.5","5"
"32.421458102891144","15","5"
"22.23895002153459","16.5","5"
"3.2658775945333187","18","5"
"16.033025543020784","19.5","5"
"31.585439157823295","21","5"
"16.74828255645818","22.5","5"
"9.997367373318948","24","5"
"20.06772157849477","25.5","5"
"24.342385563148788","27","5"
"12.953576249476667","28.5","5"
"18.76712376385622","30","5"
"28.943040554095216","31.5","5"
"7.792691133402636","33","5"
"12.128683048376876","34.5","5"
"29.90123621492978","36","5"
"17.641988801978385","37.5","5"
"8.514721513009606","39","5"
"19.844145611031365","40.5","5"
"27.094543189861437","42","5"
"19.111254323895633","43.5","5"
"17.892306280431033","45","5"
"22.99836328419014","46.5","5"
"8.045159536752092","48","5"
"11.712239072821308","49.5","5"
"29.35374263171848","51","5"
"25.053898277191088","52.5","5"
"-1.1528625312379035","54","5"
"13.296566444716596","55.5","5"
"35.7485076878676","57","5"
"20.328460022364844","58.5","5"
"6.759237058423459","60","5"
"17.82328328343867","61.5","5"
"22.118337931573734","63","5"
"14.332534287937872","64.5","5"
"15.65829940486233","66","5"
"23.156216256082452","67.5","5"
"18.24918557880171","69","5"
"16.85847193865661","70.5","5"
"27.170812599689622","72","5"
"17.02626150405763","73.5","5"
"11.328120823965206","75","5"
"26.286300708710087","76.5","5"
"27.350298527044693","78","5"
"8.470383188739428","79.5","5"
"9.09580489421453","81","5"
"27.020221721738096","82.5","5"
"17.627434994231894","84","5"
"13.412000285351153","85.5","5"
"24.394842343924985","87","5"
"22.00259743821999","88.5","5"
"6.343592383634526","90","5"
"18.01853569065702","91.5","5"
"29.564723187210213","93","5"
"12.419588453497125","94.5","5"
"8.97815043488335","96","5"
"31.100331979516913","97.5","5"
"25.370020641429612","99","5"
"10.133757268385553","100.5","5"
"8.357810278587301","102","5"
"33.57037084692106","103.5","5"
"21.45277782443984","105","5"
"3.733325235138928","106.5","5"
"23.205587343871816","108","5"
"24.503092496143548","109.5","5"
"6.271459736411643","111","5"
"13.361866921626309","112.5","5"
"28.599937977603084","114","5"
"14.637280010528999","115.5","5"
"8.789537233269929","117","5"
"26.75859990895536","118.5","5"
"27.66818588676355","120","5"
"3.869071333729737","121.5","5"
"9.096913025631597","123","5"
"27.527022837582074","124.5","5"
"22.77439180441278","126","5"
"13.40149481620145","127.5","5"
"22.790653110254752","129","5"
"22.77886614636094","130.5","5"
"11.266915728967158","132","5"
"14.191968863089816","133.5","5"
"31.774783273162278","135","5"
"22.992212806356417","136.5","5"
"4.966371898719973","138","5"
"14.443270766464858","139.5","5"
"25.743724023075774","141","5"
"13.646299515088685","142.5","5"
"12.979155616353982","144","5"
"18.97074813877742","145.5","5"
"15.978288032645622","147","5"
"10.36125176974359","148.5","5"
"20.921122157236628","150","5"
"26.860269224126338","151.5","5"
"7.901019691145993","153","5"
"9.492468898209935","154.5","5"
"29.582049065844366","156","5"
"26.262500276073066","157.5","5"
"-0.7967769799091868","159","5"
"10.788283975836142","160.5","5"
"35.12519073514693","162","5"
"24.838405048161295","163.5","5"
"5.724561599602514","165","5"
"12.061309180922652","166.5","5"
"26.77704263073156","168","5"
"13.912568161974125","169.5","5"
"11.9154888435685","171","5"
"28.481522984681416","172.5","5"
"19.454363869767747","174","5"
"4.7534364321434115","175.5","5"
"17.7889190130946","177","5"
"28.713711363457033","178.5","5"
"12.506514916489614","180","5"
"13.96524796290973","181.5","5"
"21.158556736793365","183","5"
"20.737188023108327","184.5","5"
"20.854568063102732","186","5"
"13.956907357416801","187.5","5"
"17.640457280727436","189","5"
"17.93863174916845","190.5","5"
"16.435409665636055","192","5"
"26.735972074500236","193.5","5"
"16.0338514145486","195","5"
"13.476781543452239","196.5","5"
"20.522755882180725","198","5"
"30.43890994174707","199.5","5"
"12.706591005827702","201","5"
"9.204066371675564","202.5","5"
"20.93646873195602","204","5"
"29.64010400109075","205.5","5"
"19.69582500860883","207","5"
"16.921654595224425","208.5","5"
"16.346222510012048","210","5"
"17.501693440604612","211.5","5"
"18.95526740349338","213","5"
"26.488132210631033","214.5","5"
"27.42647036555314","216","5"
"13.00881207052051","217.5","5"
"4.550706315791095","219","5"
"19.622040182744065","220.5","5"
"22.77769877521403","222","5"
"20.614100060909024","223.5","5"
"17.30239008127198","225","5"
"19.844222274211162","226.5","5"
"17.69644927949928","228","5"
"14.09811048053317","229.5","5"
"23.716484712799954","231","5"
"23.05087582000619","232.5","5"
"15.866053137422602","234","5"
"14.488993383833874","235.5","5"
"24.596773159510665","237","5"
"27.06214951170715","238.5","5"
"13.514200144573227","240","5"
"7.538246039655911","241.5","5"
"27.38515239633247","243","5"
"23.881422059443523","244.5","5"
"6.846012808573846","246","5"
"14.705463197233584","247.5","5"
"27.42487263519237","249","5"
"13.03530442617541","250.5","5"
"16.80882904504797","252","5"
"19.640362682715583","253.5","5"
"21.906217882455014","255","5"
"11.504032330562236","256.5","5"
"21.54140394497533","258","5"
"29.316620229246706","259.5","5"
"13.500235249435178","261","5"
"5.172686018727805","262.5","5"
"20.187305684908345","264","5"
"33.01592182248816","265.5","5"
"17.28512344236767","267","5"
"7.650132465879854","268.5","5"
"28.917234682368502","270","5"
"22.74639232033687","271.5","5"
"9.154183905630056","273","5"
"14.450614750620426","274.5","5"
"27.759801871311126","276","5"
"14.84710539128879","277.5","5"
"11.935668683305103","279","5"
"24.700407839836444","280.5","5"
"22.81356668928912","282","5"
"13.80181600234218","283.5","5"
"12.9119167806369","285","5"
"24.394767423090183","286.5","5"
"17.224493321218098","288","5"
"6.844134560668816","289.5","5"
"23.409403376742507","291","5"
"26.632361787004392","292.5","5"
"10.736640870172792","294","5"
"13.008198765082133","295.5","5"
"29.64170695848651","297","5"
"18.119156114140775","298.5","5"
"7.347515017700595","300","5"
"13.429500398484846","1.5","6"
"10.293648783922473","3","6"
"21.633694217036126","4.5","6"
"22.39337928551096","6","6"
"7.8537455155585825","7.5","6"
"13.178077402132626","9","6"
"27.191344393115294","10.5","6"
"11.507547511590433","12","6"
"6.426068026336291","13.5","6"
"32.421458102891144","15","6"
"22.23895002153459","16.5","6"
"3.2658775945333187","18","6"
"16.033025543020784","19.5","6"
"31.585439157823295","21","6"
"16.74828255645818","22.5","6"
"9.997367373318948","24","6"
"20.06772157849477","25.5","6"
"24.342385563148788","27","6"
"12.953576249476667","28.5","6"
"18.76712376385622","30","6"
"28.943040554095216","31.5","6"
"7.792691133402636","33","6"
"12.128683048376876","34.5","6"
"29.90123621492978","36","6"
"17.641988801978385","37.5","6"
"8.514721513009606","39","6"
"19.844145611031365","40.5","6"
"27.094543189861437","42","6"
"19.111254323895633","43.5","6"
"17.892306280431033","45","6"
"22.99836328419014","46.5","6"
"8.045159536752092","48","6"
"11.712239072821308","49.5","6"
"29.35374263171848","51","6"
"25.053898277191088","52.5","6"
"-1.1528625312379035","54","6"
"13.296566444716596","55.5","6"
"35.7485076878676","57","6"
"20.328460022364844","58.5","6"
"6.759237058423459","60","6"
"17.82328328343867","61.5","6"
"22.118337931573734","63","6"
"14.332534287937872","64.5","6"
"15.65829940486233","66","6"
"23.156216256082452","67.5","6"
"18.24918557880171","69","6"
"16.85847193865661","70.5","6"
"27.170812599689622","72","6"
"17.02626150405763","73.5","6"
"11.328120823965206","75","6"
"26.286300708710087","76.5","6"
"27.350298527044693","78","6"
"8.470383188739428","79.5","6"
"9.09580489421453","81","6"
"27.020221721738096","82.5","6"
"17.627434994231894","84","6"
"13.412000285351153","85.5","6"
"24.394842343924985","87","6"
"22.00259743821999","88.5","6"
"6.343592383634526","90","6"
"18.01853569065702","91.5","6"
"29.564723187210213","93","6"
"12.419588453497125","94.5","6"
"8.97815043488335","96","6"
"31.100331979516913","97.5","6"
"25.370020641429612","99","6"
"10.133757268385553","100.5","6"
"8.357810278587301","102","6"
"33.57037084692106","103.5","6"
"21.45277782443984","105","6"
"3.733325235138928","106.5","6"
"23.205587343871816","108","6"
"24.503092496143548","109.5","6"
"6.271459736411643","111","6"
"13.361866921626309","112.5","6"
"28.599937977603084","114","6"
"14.637280010528999","115.5","6"
"8.789537233269929","117","6"
"26.75859990895536","118.5","6"
"27.66818588676355","120","6"
"3.869071333729737","121.5","6"
"9.096913025631597","123","6"
"27.527022837582074","124.5","6"
"22.77439180441278","126","6"
"13.40149481620145","127.5","6"
"22.790653110254752","129","6"
"22.77886614636094","130.5","6"
"11.266915728967158","132","6"
"14.191968863089816","133.5","6"
"31.774783273162278","135","6"
"22.992212806356417","136.5","6"
"4.966371898719973","138","6"
"14.443270766464858","139.5","6"
"25.743724023075774","141","6"
"13.646299515088685","142.5","6"
"12.979155616353982","144","6"
"18.97074813877742","145.5","6"
"15.978288032645622","147","6"
"10.36125176974359","148.5","6"
"20.921122157236628","150","6"
"26.860269224126338","151.5","6"
"7.901019691145993","153","6"
"9.492468898209935","154.5","6"
"29.582049065844366","156","6"
"26.262500276073066","157.5","6"
"-0.7967769799091868","159","6"
"10.788283975836142","160.5","6"
"35.12519073514693","162","6"
"24.838405048161295","163.5","6"
"5.724561599602514","165","6"
"12.061309180922652","166.5","6"
"26.77704263073156","168","6"
"13.912568161974125","169.5","6"
"11.9154888435685","171","6"
"28.481522984681416","172.5","6"
"19.454363869767747","174","6"
"4.7534364321434115","175.5","6"
"17.7889190130946","177","6"
"28.713711363457033","178.5","6"
"12.506514916489614","180","6"
"13.96524796290973","181.5","6"
"21.158556736793365","183","6"
"20.737188023108327","184.5","6"
"20.854568063102732","186","6"
"13.956907357416801","187.5","6"
"17.640457280727436","189","6"
"17.93863174916845","190.5","6"
"16.435409665636055","192","6"
"26.735972074500236","193.5","6"
"16.0338514145486","195","6"
"13.476781543452239","196.5","6"
"20.522755882180725","198","6"
"30.43890994174707","199.5","6"
"12.706591005827702","201","6"
"9.204066371675564","202.5","6"
"20.93646873195602","204","6"
"29.64010400109075","205.5","6"
"19.69582500860883","207","6"
"16.921654595224425","208.5","6"
"16.346222510012048","210","6"
"17.501693440604612","211.5","6"
"18.95526740349338","213","6"
"26.488132210631033","214.5","6"
"27.42647036555314","216","6"
"13.00881207052051","217.5","6"
"4.550706315791095","219","6"
"19.622040182744065","220.5","6"
"22.77769877521403","222","6"
"20.614100060909024","223.5","6"
"17.30239008127198","225","6"
"19.844222274211162","226.5","6"
"17.69644927949928","228","6"
"14.09811048053317","229.5","6"
"23.716484712799954","231","6"
"23.05087582000619","232.5","6"
"15.866053137422602","234","6"
"14.488993383833874","235.5","6"
"24.596773159510665","237","6"
"27.06214951170715","238.5","6"
"13.514200144573227","240","6"
"7.538246039655911","241.5","6"
"27.38515239633247","243","6"
"23.881422059443523","244.5","6"
"6.846012808573846","246","6"
"14.705463197233584","247.5","6"
"27.42487263519237","249","6"
"13.03530442617541","250.5","6"
"16.80882904504797","252","6"
"19.640362682715583","253.5","6"
"21.906217882455014","255","6"
"11.504032330562236","256.5","6"
"21.54140394497533","258","6"
"29.316620229246706","259.5","6"
"13.500235249435178","261","6"
"5.172686018727805","262.5","6"
"20.187305684908345","264","6"
"33.01592182248816","265.5","6"
"17.28512344236767","267","6"
"7.650132465879854","268.5","6"
"28.917234682368502","270","6"
"22.74639232033687","271.5","6"
"9.154183905630056","273","6"
"14.450614750620426","274.5","6"
"27.759801871311126","276","6"
"14.84710539128879","277.5","6"
"11.935668683305103","279","6"
"24.700407839836444","280.5","6"
"22.81356668928912","282","6"
"13.80181600234218","283.5","6"
"12.9119167806369","285","6"
"24.394767423090183","286.5","6"
"17.224493321218098","288","6"
"6.844134560668816","289.5","6"
"23.409403376742507","291","6"
"26.632361787004392","292.5","6"
"10.736640870172792","294","6"
"13.008198765082133","295.5","6"
"29.64170695848651","297","6"
"18.119156114140775","298.5","6"
"7.347515017700595","300","6"
"27.089241234040465","1.5","7"
"32.11293758986751","3","7"
"8.810859180151011","4.5","7"
"11.577259606028472","6","7"
"25.013536855372887","7.5","7"
"13.975352692710494","9","7"
"11.175872104750564","10.5","7"
"22.48603719236578","12","7"
"17.036407178965785","13.5","7"
"10.4114739930632","15","7"
"28.948225772801496","16.5","7"
"27.057079287770566","18","7"
"2.3570920064573877","19.5","7"
"11.59848398158981","21","7"
"32.964724757143635","22.5","7"
"16.149285255183155","24","7"
"2.0792393788701","25.5","7"
"21.8408050242931","27","7"
"22.942007135314263","28.5","7"
"10.349448253572325","30","7"
"18.924408731280035","31.5","7"
"22.269766877468044","33","7"
"6.859218041293904","34.5","7"
"14.838533053911474","36","7"
"34.13322145892173","37.5","7"
"18.129937744972246","39","7"
"3.951239016953567","40.5","7"
"17.0987970685607","42","7"
"34.66079655414574","43.5","7"
"14.019445346336322","45","7"
"11.766669059304785","46.5","7"
"25.728701524525523","48","7"
"19.75981088621952","49.5","7"
"14.319966753486126","51","7"
"18.934469031283413","52.5","7"
"27.86297308786813","54","7"
"5.544089504980052","55.5","7"
"13.852942502714397","57","7"
"29.67986082919555","58.5","7"
"22.982859898421165","60","7"
"6.043231707810546","61.5","7"
"14.99135064876711","63","7"
"28.832835490791826","64.5","7"
"10.497930894079431","66","7"
"19.333887682716533","67.5","7"
"27.158260746342837","69","7"
"13.248324396484248","70.5","7"
"8.753590042497548","72","7"
"26.382755185309865","73.5","7"
"30.099473259125237","75","7"
"2.300233191050339","76.5","7"
"7.484397125228398","78","7"
"31.899880159141265","79.5","7"
"24.763327402309955","81","7"
"10.659865309123445","82.5","7"
"15.16146101770199","84","7"
"23.252959961951465","85.5","7"
"12.208711567532617","87","7"
"16.389394334307813","88.5","7"
"24.098596651393866","90","7"
"10.272092491639512","91.5","7"
"10.770107832844237","93","7"
"20.783590155025546","94.5","7"
"26.336896665031208","96","7"
"11.756837877668298","97.5","7"
"14.214875472744204","99","7"
"25.38319102724976","100.5","7"
"15.573952483635516","102","7"
"6.822339567121486","103.5","7"
"24.749348568411943","105","7"
"30.56067197940488","106.5","7"
"6.078120423998229","108","7"
"10.574512183661794","109.5","7"
"32.74468400767587","111","7"
"20.77654411186419","112.5","7"
"2.7507620083713413","114","7"
"17.642504536097018","115.5","7"
"26.712957439456133","117","7"
"15.113962950782671","118.5","7"
"7.486451349977962","120","7"
"22.438671543666114","121.5","7"
"19.11736647013946","123","7"
"11.285227774868703","124.5","7"
"23.855344381897524","126","7"
"29.38877422019578","127.5","7"
"4.9088723359408695","129","7"
"6.479265303735529","130.5","7"
"32.77062055527724","132","7"
"23.126094595802158","133.5","7"
"6.970193221085258","135","7"
"17.06403205886769","136.5","7"
"30.918033907339282","138","7"
"16.997141692149683","139.5","7"
"6.982645760767308","141","7"
"20.12634800289964","142.5","7"
"22.880678333821542","144","7"
"17.76486071339826","145.5","7"
"17.598925003072335","147","7"
"28.92200696531087","148.5","7"
"7.186493591434166","150","7"
"5.030255849148433","151.5","7"
"24.982091012896095","153","7"
"25.750066158858992","154.5","7"
"6.995883226869781","156","7"
"15.07127375605063","157.5","7"
"28.74124389907418","159","7"
"13.178602719148735","160.5","7"
"10.477400842998755","162","7"
"20.379364373750146","163.5","7"
"32.96659255097869","165","7"
"11.065802944356813","166.5","7"
"9.13055857866507","168","7"
"24.932530009502234","169.5","7"
"24.62590865252357","171","7"
"12.89617992063854","172.5","7"
"17.569568232245015","174","7"
"19.64192033914146","175.5","7"
"11.881977451099672","177","7"
"14.5032684163811","178.5","7"
"27.802562502187982","180","7"
"14.471346042548069","181.5","7"
"5.188041305172174","183","7"
"20.405478640541048","184.5","7"
"32.23877671481453","186","7"
"17.25207290015012","187.5","7"
"7.107899893382129","189","7"
"20.71129154944185","190.5","7"
"25.68580499073903","192","7"
"18.03932535114201","193.5","7"
"11.534746388140965","195","7"
"22.258145436348794","196.5","7"
"16.40165521604037","198","7"
"9.572425110048368","199.5","7"
"22.545994768347132","201","7"
"27.706806705931356","202.5","7"
"11.424193727010993","204","7"
"12.588352860923067","205.5","7"
"26.89869838534465","207","7"
"18.229981452262525","208.5","7"
"10.975593032220512","210","7"
"16.324659248349107","211.5","7"
"24.936561795821568","213","7"
"18.09915922062869","214.5","7"
"10.940884648739853","216","7"
"20.351195882209684","217.5","7"
"24.77547154692782","219","7"
"15.413466828455169","220.5","7"
"11.593442506345651","222","7"
"25.502564309918895","223.5","7"
"17.72852410851941","225","7"
"16.697075037043675","226.5","7"
"18.724730767773394","228","7"
"23.37109966436386","229.5","7"
"12.540579503494477","231","7"
"12.31753669359966","232.5","7"
"28.69031515485894","234","7"
"25.410094576323573","235.5","7"
"5.9305986867560785","237","7"
"9.52628781457045","238.5","7"
"29.770058544916886","240","7"
"21.76483878249411","241.5","7"
"12.411562341275864","243","7"
"16.800742821924366","244.5","7"
"27.25276553889277","246","7"
"9.906943152748216","247.5","7"
"14.699044398270567","249","7"
"18.755632998611624","250.5","7"
"23.9220953610159","252","7"
"8.916317224514463","253.5","7"
"14.0676386089088","255","7"
"29.376407055418507","256.5","7"
"21.121014429177702","258","7"
"6.44114410199515","259.5","7"
"16.286709232004526","261","7"
"29.341128053951856","262.5","7"
"16.826911101410122","264","7"
"10.254957399782352","265.5","7"
"22.003268241043212","267","7"
"29.139868041189402","268.5","7"
"11.138242679885133","270","7"
"10.942328181568532","271.5","7"
"22.284508858474037","273","7"
"22.3402273090816","274.5","7"
"11.595058531328874","276","7"
"15.50117821786808","277.5","7"
"24.061477733612083","279","7"
"12.885307687867309","280.5","7"
"14.698868421426033","282","7"
"20.437065612962467","283.5","7"
"26.71716520262","285","7"
"12.366614196257299","286.5","7"
"13.629897950474584","288","7"
"29.163579614231658","289.5","7"
"21.10132941541979","291","7"
"5.43386179119172","292.5","7"
"14.619637025105684","294","7"
"29.89810696331806","295.5","7"
"19.53116295247453","297","7"
"11.77848825658101","298.5","7"
"15.8151104544474","300","7"
"6.123971974896903","1.5","8"
"24.20169294711607","3","8"
"28.784053315610905","4.5","8"
"8.636888645878846","6","8"
"10.429186672286333","7.5","8"
"34.67341461660235","9","8"
"15.917006274467777","10.5","8"
"5.297251053896949","12","8"
"22.51892569649876","13.5","8"
"30.680838029046914","15","8"
"9.106519444763679","16.5","8"
"12.167840509803264","18","8"
"24.960755998427548","19.5","8"
"17.932439455054837","21","8"
"9.902406086380221","22.5","8"
"25.208507002701985","24","8"
"17.433674034329595","25.5","8"
"7.709176181911121","27","8"
"19.707503947112926","28.5","8"
"32.10188066852676","30","8"
"11.373563794962461","31.5","8"
"8.763955252875121","33","8"
"23.16059302671087","34.5","8"
"26.02633935070796","36","8"
"10.346089012421213","37.5","8"
"17.632456432508608","39","8"
"24.29313469716411","40.5","8"
"13.336275358334024","42","8"
"12.548194422296827","43.5","8"
"24.33490219139359","45","8"
"12.221895020940233","46.5","8"
"5.290987759224772","48","8"
"26.217624438371807","49.5","8"
"26.735877987870484","51","8"
"8.478999955914126","52.5","8"
"13.658912350510311","54","8"
"27.622738559903805","55.5","8"
"14.04844754995708","57","8"
"13.891971901783624","58.5","8"
"30.451733600913137","60","8"
"19.809603621497764","61.5","8"
"5.492221201226048","63","8"
"18.45279775730794","64.5","8"
"30.932436131071174","66","8"
"6.615117249784808","67.5","8"
"12.157084142974226","69","8"
"26.05022690059475","70.5","8"
"12.142000662349139","72","8"
"12.236716278643515","73.5","8"
"28.87039870654743","75","8"
"27.107654335951743","76.5","8"
"3.5054999060248906","78","8"
"12.414844919247178","79.5","8"
"28.073322914471536","81","8"
"14.588965654979342","82.5","8"
"6.84564081791733","84","8"
"25.1237715385412","85.5","8"
"18.549518812692014","87","8"
"10.040037402256042","88.5","8"
"17.01639808903873","90","8"
"24.262990386398872","91.5","8"
"15.252172725196962","93","8"
"14.728064896513779","94.5","8"
"20.871766750552226","96","8"
"15.117083490669415","97.5","8"
"18.562241415848348","99","8"
"27.933541544871403","100.5","8"
"20.088350943240183","102","8"
"5.403778898087571","103.5","8"
"16.258251511194825","105","8"
"31.198579329116946","106.5","8"
"15.860787770846535","108","8"
"9.70368031441356","109.5","8"
"18.76804197966879","111","8"
"26.47593405331831","112.5","8"
"11.972091534261226","114","8"
"13.179131520854837","115.5","8"
"20.867276727499107","117","8"
"11.487882534799969","118.5","8"
"12.102537419376059","120","8"
"32.64736010092339","121.5","8"
"23.12667479668562","123","8"
"2.1934845046315514","124.5","8"
"12.950757135274126","126","8"
"39.594971224109656","127.5","8"
"17.13605537394211","129","8"
"3.3713460929667436","130.5","8"
"22.297881356313653","132","8"
"33.40397689986135","133.5","8"
"11.214140099056804","135","8"
"6.1706768392570694","136.5","8"
"27.71658823073547","138","8"
"21.22625903627922","139.5","8"
"6.460491971996454","141","8"
"22.443743509947694","142.5","8"
"30.230497602778538","144","8"
"3.533951964213355","145.5","8"
"3.9025274067449605","147","8"
"32.58355542719222","148.5","8"
"35.97882827280816","150","8"
"-1.9206511373897326","151.5","8"
"8.289492931318073","153","8"
"29.274911974747067","154.5","8"
"28.620279855424258","156","8"
"11.004972453532773","157.5","8"
"10.948877656406204","159","8"
"20.203537370885396","160.5","8"
"13.069977962756163","162","8"
"25.021748527336158","163.5","8"
"26.651600760443486","165","8"
"4.0318076630578785","166.5","8"
"6.083978187872729","168","8"
"34.14738672373425","169.5","8"
"30.23073107700792","171","8"
"5.467327447104418","172.5","8"
"9.814605837372545","174","8"
"28.03720236037211","175.5","8"
"21.257954034090353","177","8"
"5.082378535271763","178.5","8"
"16.164598725347634","180","8"
"27.161046755990466","181.5","8"
"12.40914135290477","183","8"
"12.991812010400492","184.5","8"
"22.23463423298101","186","8"
"10.161721905561558","187.5","8"
"12.195299866930606","189","8"
"27.373661631087874","190.5","8"
"33.107060404507","192","8"
"5.514825078437488","193.5","8"
"5.986352419849801","195","8"
"32.645520184608266","196.5","8"
"22.95087044430581","198","8"
"6.435872201625349","199.5","8"
"15.660972162085256","201","8"
"28.89835463199846","202.5","8"
"12.29958182842217","204","8"
"12.003216785258868","205.5","8"
"24.01012734190796","207","8"
"14.348040287224343","208.5","8"
"9.824674849100901","210","8"
"19.665487297549102","211.5","8"
"34.12790730668579","213","8"
"9.919030671153731","214.5","8"
"5.883907761155876","216","8"
"29.181532737064153","217.5","8"
"25.3178339241277","219","8"
"8.885163224824398","220.5","8"
"13.624371232149208","222","8"
"27.03679839202423","223.5","8"
"8.000545050800143","225","8"
"3.3660145172808513","226.5","8"
"26.862790397334667","228","8"
"23.96352484031627","229.5","8"
"2.716338716090552","231","8"
"13.895986264653","232.5","8"
"36.268883413570656","234","8"
"20.075753788923517","235.5","8"
"1.7765053024727124","237","8"
"19.58833974584324","238.5","8"
"28.739346485374202","240","8"
"13.316160856534749","241.5","8"
"9.002418687151634","243","8"
"26.740847155797333","244.5","8"
"17.764315359414702","246","8"
"6.198357038612577","247.5","8"
"24.22543239767825","249","8"
"31.38738331750736","250.5","8"
"14.91211228306678","252","8"
"6.291319855841592","253.5","8"
"29.151090485304707","255","8"
"16.7630506726391","256.5","8"
"8.161920173100636","258","8"
"19.538001656581436","259.5","8"
"29.311835749889365","261","8"
"10.846947860658414","262.5","8"
"6.307925274820153","264","8"
"19.507034958978377","265.5","8"
"25.437451135096186","267","8"
"12.80200965832772","268.5","8"
"15.111253604314841","270","8"
"25.099307272460933","271.5","8"
"13.596757677489775","273","8"
"10.224317391865927","274.5","8"
"24.0011560075267","276","8"
"21.083313568167462","277.5","8"
"11.98464077409052","279","8"
"13.656838959965798","280.5","8"
"19.909525364638366","282","8"
"13.139677860779232","283.5","8"
"13.637539004451867","285","8"
"24.05520529162868","286.5","8"
"19.59945067987884","288","8"
"12.60445125750797","289.5","8"
"15.358861736299657","291","8"
"23.726933555737304","292.5","8"
"12.578137492215097","294","8"
"12.017060587419735","295.5","8"
"27.57983505673733","297","8"
"29.172186798508882","298.5","8"
"6.599523697662319","300","8"
"27.089241234040465","1.5","9"
"32.11293758986751","3","9"
"8.810859180151011","4.5","9"
"11.577259606028472","6","9"
"25.013536855372887","7.5","9"
"13.975352692710494","9","9"
"11.175872104750564","10.5","9"
"22.48603719236578","12","9"
"17.036407178965785","13.5","9"
"10.4114739930632","15","9"
"28.948225772801496","16.5","9"
"27.057079287770566","18","9"
"2.3570920064573877","19.5","9"
"11.59848398158981","21","9"
"32.964724757143635","22.5","9"
"16.149285255183155","24","9"
"2.0792393788701","25.5","9"
"21.8408050242931","27","9"
"22.942007135314263","28.5","9"
"10.349448253572325","30","9"
"18.924408731280035","31.5","9"
"22.269766877468044","33","9"
"6.859218041293904","34.5","9"
"14.838533053911474","36","9"
"34.13322145892173","37.5","9"
"18.129937744972246","39","9"
"3.951239016953567","40.5","9"
"17.0987970685607","42","9"
"34.66079655414574","43.5","9"
"14.019445346336322","45","9"
"11.766669059304785","46.5","9"
"25.728701524525523","48","9"
"19.75981088621952","49.5","9"
"14.319966753486126","51","9"
"18.934469031283413","52.5","9"
"27.86297308786813","54","9"
"5.544089504980052","55.5","9"
"13.852942502714397","57","9"
"29.67986082919555","58.5","9"
"22.982859898421165","60","9"
"6.043231707810546","61.5","9"
"14.99135064876711","63","9"
"28.832835490791826","64.5","9"
"10.497930894079431","66","9"
"19.333887682716533","67.5","9"
"27.158260746342837","69","9"
"13.248324396484248","70.5","9"
"8.753590042497548","72","9"
"26.382755185309865","73.5","9"
"30.099473259125237","75","9"
"2.300233191050339","76.5","9"
"7.484397125228398","78","9"
"31.899880159141265","79.5","9"
"24.763327402309955","81","9"
"10.659865309123445","82.5","9"
"15.16146101770199","84","9"
"23.252959961951465","85.5","9"
"12.208711567532617","87","9"
"16.389394334307813","88.5","9"
"24.098596651393866","90","9"
"10.272092491639512","91.5","9"
"10.770107832844237","93","9"
"20.783590155025546","94.5","9"
"26.336896665031208","96","9"
"11.756837877668298","97.5","9"
"14.214875472744204","99","9"
"25.38319102724976","100.5","9"
"15.573952483635516","102","9"
"6.822339567121486","103.5","9"
"24.749348568411943","105","9"
"30.56067197940488","106.5","9"
"6.078120423998229","108","9"
"10.574512183661794","109.5","9"
"32.74468400767587","111","9"
"20.77654411186419","112.5","9"
"2.7507620083713413","114","9"
"17.642504536097018","115.5","9"
"26.712957439456133","117","9"
"15.113962950782671","118.5","9"
"7.486451349977962","120","9"
"22.438671543666114","121.5","9"
"19.11736647013946","123","9"
"11.285227774868703","124.5","9"
"23.855344381897524","126","9"
"29.38877422019578","127.5","9"
"4.9088723359408695","129","9"
"6.479265303735529","130.5","9"
"32.77062055527724","132","9"
"23.126094595802158","133.5","9"
"6.970193221085258","135","9"
"17.06403205886769","136.5","9"
"30.918033907339282","138","9"
"16.997141692149683","139.5","9"
"6.982645760767308","141","9"
"20.12634800289964","142.5","9"
"22.880678333821542","144","9"
"17.76486071339826","145.5","9"
"17.598925003072335","147","9"
"28.92200696531087","148.5","9"
"7.186493591434166","150","9"
"5.030255849148433","151.5","9"
"24.982091012896095","153","9"
"25.750066158858992","154.5","9"
"6.995883226869781","156","9"
"15.07127375605063","157.5","9"
"28.74124389907418","159","9"
"13.178602719148735","160.5","9"
"10.477400842998755","162","9"
"20.379364373750146","163.5","9"
"32.96659255097869","165","9"
"11.065802944356813","166.5","9"
"9.13055857866507","168","9"
"24.932530009502234","169.5","9"
"24.62590865252357","171","9"
"12.89617992063854","172.5","9"
"17.569568232245015","174","9"
"19.64192033914146","175.5","9"
"11.881977451099672","177","9"
"14.5032684163811","178.5","9"
"27.802562502187982","180","9"
"14.471346042548069","181.5","9"
"5.188041305172174","183","9"
"20.405478640541048","184.5","9"
"32.23877671481453","186","9"
"17.25207290015012","187.5","9"
"7.107899893382129","189","9"
"20.71129154944185","190.5","9"
"25.68580499073903","192","9"
"18.03932535114201","193.5","9"
"11.534746388140965","195","9"
"22.258145436348794","196.5","9"
"16.40165521604037","198","9"
"9.572425110048368","199.5","9"
"22.545994768347132","201","9"
"27.706806705931356","202.5","9"
"11.424193727010993","204","9"
"12.588352860923067","205.5","9"
"26.89869838534465","207","9"
"18.229981452262525","208.5","9"
"10.975593032220512","210","9"
"16.324659248349107","211.5","9"
"24.936561795821568","213","9"
"18.09915922062869","214.5","9"
"10.940884648739853","216","9"
"20.351195882209684","217.5","9"
"24.77547154692782","219","9"
"15.413466828455169","220.5","9"
"11.593442506345651","222","9"
"25.502564309918895","223.5","9"
"17.72852410851941","225","9"
"16.697075037043675","226.5","9"
"18.724730767773394","228","9"
"23.37109966436386","229.5","9"
"12.540579503494477","231","9"
"12.31753669359966","232.5","9"
"28.69031515485894","234","9"
"25.410094576323573","235.5","9"
"5.9305986867560785","237","9"
"9.52628781457045","238.5","9"
"29.770058544916886","240","9"
"21.76483878249411","241.5","9"
"12.411562341275864","243","9"
"16.800742821924366","244.5","9"
"27.25276553889277","246","9"
"9.906943152748216","247.5","9"
"14.699044398270567","249","9"
"18.755632998611624","250.5","9"
"23.9220953610159","252","9"
"8.916317224514463","253.5","9"
"14.0676386089088","255","9"
"29.376407055418507","256.5","9"
"21.121014429177702","258","9"
"6.44114410199515","259.5","9"
"16.286709232004526","261","9"
"29.341128053951856","262.5","9"
"16.826911101410122","264","9"
"10.254957399782352","265.5","9"
"22.003268241043212","267","9"
"29.139868041189402","268.5","9"
"11.138242679885133","270","9"
"10.942328181568532","271.5","9"
"22.284508858474037","273","9"
"22.3402273090816","274.5","9"
"11.595058531328874","276","9"
"15.50117821786808","277.5","9"
"24.061477733612083","279","9"
"12.885307687867309","280.5","9"
"14.698868421426033","282","9"
"20.437065612962467","283.5","9"
"26.71716520262","285","9"
"12.366614196257299","286.5","9"
"13.629897950474584","288","9"
"29.163579614231658","289.5","9"
"21.10132941541979","291","9"
"5.43386179119172","292.5","9"
"14.619637025105684","294","9"
"29.89810696331806","295.5","9"
"19.53116295247453","297","9"
"11.77848825658101","298.5","9"
"15.8151104544474","300","9"
"6.123971974896903","1.5","10"
"24.20169294711607","3","10"
"28.784053315610905","4.5","10"
"8.636888645878846","6","10"
"10.429186672286333","7.5","10"
"34.67341461660235","9","10"
"15.917006274467777","10.5","10"
"5.297251053896949","12","10"
"22.51892569649876","13.5","10"
"30.680838029046914","15","10"
"9.106519444763679","16.5","10"
"12.167840509803264","18","10"
"24.960755998427548","19.5","10"
"17.932439455054837","21","10"
"9.902406086380221","22.5","10"
"25.208507002701985","24","10"
"17.433674034329595","25.5","10"
"7.709176181911121","27","10"
"19.707503947112926","28.5","10"
"32.10188066852676","30","10"
"11.373563794962461","31.5","10"
"8.763955252875121","33","10"
"23.16059302671087","34.5","10"
"26.02633935070796","36","10"
"10.346089012421213","37.5","10"
"17.632456432508608","39","10"
"24.29313469716411","40.5","10"
"13.336275358334024","42","10"
"12.548194422296827","43.5","10"
"24.33490219139359","45","10"
"12.221895020940233","46.5","10"
"5.290987759224772","48","10"
"26.217624438371807","49.5","10"
"26.735877987870484","51","10"
"8.478999955914126","52.5","10"
"13.658912350510311","54","10"
"27.622738559903805","55.5","10"
"14.04844754995708","57","10"
"13.891971901783624","58.5","10"
"30.451733600913137","60","10"
"19.809603621497764","61.5","10"
"5.492221201226048","63","10"
"18.45279775730794","64.5","10"
"30.932436131071174","66","10"
"6.615117249784808","67.5","10"
"12.157084142974226","69","10"
"26.05022690059475","70.5","10"
"12.142000662349139","72","10"
"12.236716278643515","73.5","10"
"28.87039870654743","75","10"
"27.107654335951743","76.5","10"
"3.5054999060248906","78","10"
"12.414844919247178","79.5","10"
"28.073322914471536","81","10"
"14.588965654979342","82.5","10"
"6.84564081791733","84","10"
"25.1237715385412","85.5","10"
"18.549518812692014","87","10"
"10.040037402256042","88.5","10"
"17.01639808903873","90","10"
"24.262990386398872","91.5","10"
"15.252172725196962","93","10"
"14.728064896513779","94.5","10"
"20.871766750552226","96","10"
"15.117083490669415","97.5","10"
"18.562241415848348","99","10"
"27.933541544871403","100.5","10"
"20.088350943240183","102","10"
"5.403778898087571","103.5","10"
"16.258251511194825","105","10"
"31.198579329116946","106.5","10"
"15.860787770846535","108","10"
"9.70368031441356","109.5","10"
"18.76804197966879","111","10"
"26.47593405331831","112.5","10"
"11.972091534261226","114","10"
"13.179131520854837","115.5","10"
"20.867276727499107","117","10"
"11.487882534799969","118.5","10"
"12.102537419376059","120","10"
"32.64736010092339","121.5","10"
"23.12667479668562","123","10"
"2.1934845046315514","124.5","10"
"12.950757135274126","126","10"
"39.594971224109656","127.5","10"
"17.13605537394211","129","10"
"3.3713460929667436","130.5","10"
"22.297881356313653","132","10"
"33.40397689986135","133.5","10"
"11.214140099056804","135","10"
"6.1706768392570694","136.5","10"
"27.71658823073547","138","10"
"21.22625903627922","139.5","10"
"6.460491971996454","141","10"
"22.443743509947694","142.5","10"
"30.230497602778538","144","10"
"3.533951964213355","145.5","10"
"3.9025274067449605","147","10"
"32.58355542719222","148.5","10"
"35.97882827280816","150","10"
"-1.9206511373897326","151.5","10"
"8.289492931318073","153","10"
"29.274911974747067","154.5","10"
"28.620279855424258","156","10"
"11.004972453532773","157.5","10"
"10.948877656406204","159","10"
"20.203537370885396","160.5","10"
"13.069977962756163","162","10"
"25.021748527336158","163.5","10"
"26.651600760443486","165","10"
"4.0318076630578785","166.5","10"
"6.083978187872729","168","10"
"34.14738672373425","169.5","10"
"30.23073107700792","171","10"
"5.467327447104418","172.5","10"
"9.814605837372545","174","10"
"28.03720236037211","175.5","10"
"21.257954034090353","177","10"
"5.082378535271763","178.5","10"
"16.164598725347634","180","10"
"27.161046755990466","181.5","10"
"12.40914135290477","183","10"
"12.991812010400492","184.5","10"
"22.23463423298101","186","10"
"10.161721905561558","187.5","10"
"12.195299866930606","189","10"
"27.373661631087874","190.5","10"
"33.107060404507","192","10"
"5.514825078437488","193.5","10"
"5.986352419849801","195","10"
"32.645520184608266","196.5","10"
"22.95087044430581","198","10"
"6.435872201625349","199.5","10"
"15.660972162085256","201","10"
"28.89835463199846","202.5","10"
"12.29958182842217","204","10"
"12.003216785258868","205.5","10"
"24.01012734190796","207","10"
"14.348040287224343","208.5","10"
"9.824674849100901","210","10"
"19.665487297549102","211.5","10"
"34.12790730668579","213","10"
"9.919030671153731","214.5","10"
"5.883907761155876","216","10"
"29.181532737064153","217.5","10"
"25.3178339241277","219","10"
"8.885163224824398","220.5","10"
"13.624371232149208","222","10"
"27.03679839202423","223.5","10"
"8.000545050800143","225","10"
"3.3660145172808513","226.5","10"
"26.862790397334667","228","10"
"23.96352484031627","229.5","10"
"2.716338716090552","231","10"
"13.895986264653","232.5","10"
"36.268883413570656","234","10"
"20.075753788923517","235.5","10"
"1.7765053024727124","237","10"
"19.58833974584324","238.5","10"
"28.739346485374202","240","10"
"13.316160856534749","241.5","10"
"9.002418687151634","243","10"
"26.740847155797333","244.5","10"
"17.764315359414702","246","10"
"6.198357038612577","247.5","10"
"24.22543239767825","249","10"
"31.38738331750736","250.5","10"
"14.91211228306678","252","10"
"6.291319855841592","253.5","10"
"29.151090485304707","255","10"
"16.7630506726391","256.5","10"
"8.161920173100636","258","10"
"19.538001656581436","259.5","10"
"29.311835749889365","261","10"
"10.846947860658414","262.5","10"
"6.307925274820153","264","10"
"19.507034958978377","265.5","10"
"25.437451135096186","267","10"
"12.80200965832772","268.5","10"
"15.111253604314841","270","10"
"25.099307272460933","271.5","10"
"13.596757677489775","273","10"
"10.224317391865927","274.5","10"
"24.0011560075267","276","10"
"21.083313568167462","277.5","10"
"11.98464077409052","279","10"
"13.656838959965798","280.5","10"
"19.909525364638366","282","10"
"13.139677860779232","283.5","10"
"13.637539004451867","285","10"
"24.05520529162868","286.5","10"
"19.59945067987884","288","10"
"12.60445125750797","289.5","10"
"15.358861736299657","291","10"
"23.726933555737304","292.5","10"
"12.578137492215097","294","10"
"12.017060587419735","295.5","10"
"27.57983505673733","297","10"
"29.172186798508882","298.5","10"
"6.599523697662319","300","10"
"22.741909266663733","1.5","11"
"27.078935263392736","3","11"
"7.449823773484881","4.5","11"
"9.532159517204912","6","11"
"29.8855829874912","7.5","11"
"12.374831095255557","9","11"
"8.021713671321631","10.5","11"
"25.536444208354247","12","11"
"27.39521269633585","13.5","11"
"7.771177528572062","15","11"
"14.416193854064005","16.5","11"
"23.753025172043266","18","11"
"17.005968411896326","19.5","11"
"13.871823424256938","21","11"
"28.63444337789178","22.5","11"
"23.048736220351852","24","11"
"8.735179554103762","25.5","11"
"17.942794211362436","27","11"
"21.299461918915522","28.5","11"
"10.772392918305691","30","11"
"15.79853029947127","31.5","11"
"33.877434759528555","33","11"
"13.00086000796155","34.5","11"
"7.700018416615353","36","11"
"22.461508459520687","37.5","11"
"28.838965060485606","39","11"
"9.85177963902168","40.5","11"
"12.249814357146358","42","11"
"28.716129738310634","43.5","11"
"16.60726760660131","45","11"
"8.743564589394076","46.5","11"
"24.442945004557703","48","11"
"18.758516579578995","49.5","11"
"9.708875116017314","51","11"
"16.300639280242663","52.5","11"
"23.49379908362919","54","11"
"18.24894339284735","55.5","11"
"15.937285427869117","57","11"
"20.086713138944518","58.5","11"
"12.966577627832265","60","11"
"11.903826457341859","61.5","11"
"20.95969941777955","63","11"
"27.22535148273531","64.5","11"
"15.954006712789873","66","11"
"13.182898470734868","67.5","11"
"21.309368892559306","69","11"
"15.64730869263141","70.5","11"
"12.417536842265054","72","11"
"24.72761978397444","73.5","11"
"29.00617790969315","75","11"
"7.21067516203893","76.5","11"
"5.52446503771073","78","11"
"26.78294569557594","79.5","11"
"28.34640761497894","81","11"
"15.40448329765894","82.5","11"
"14.81879925449369","84","11"
"16.294241389419593","85.5","11"
"14.107310062108827","87","11"
"22.75936582117254","88.5","11"
"27.82425469738058","90","11"
"7.670938678642299","91.5","11"
"8.198140912037294","93","11"
"24.556246214917902","94.5","11"
"27.80757000170473","96","11"
"16.70805529520462","97.5","11"
"5.543129037301344","99","11"
"21.756994745324867","100.5","11"
"25.466865403308358","102","11"
"14.56166136655659","103.5","11"
"17.837063490007207","105","11"
"23.46773360249816","106.5","11"
"9.236807647656429","108","11"
"13.449174958172787","109.5","11"
"28.290018361548146","111","11"
"14.181500854357514","112.5","11"
"9.68147325627482","114","11"
"15.917407013816717","115.5","11"
"25.91391105519045","117","11"
"17.781561090179068","118.5","11"
"13.262152517540159","120","11"
"20.628876888814926","121.5","11"
"15.929307230135228","123","11"
"17.033246565144147","124.5","11"
"17.774171805053623","126","11"
"21.090342187878864","127.5","11"
"14.384085920488964","129","11"
"13.321558641330466","130.5","11"
"23.701125941665595","132","11"
"17.75011002066729","133.5","11"
"6.819121455915002","135","11"
"19.049127528395022","136.5","11"
"30.747165618331408","138","11"
"11.551857958340685","139.5","11"
"5.769351626812747","141","11"
"23.275267204927438","142.5","11"
"23.918478252805468","144","11"
"14.306036705247987","145.5","11"
"19.511892616825524","147","11"
"28.646582295474662","148.5","11"
"14.322786738861165","150","11"
"8.315209943450023","151.5","11"
"22.862381969024955","153","11"
"21.93314233966877","154.5","11"
"11.452492894426111","156","11"
"22.783765620487976","157.5","11"
"26.45229043173087","159","11"
"12.810208262703526","160.5","11"
"8.595352883533751","162","11"
"27.13832831959558","163.5","11"
"30.379475069264338","165","11"
"6.755706196290301","166.5","11"
"7.7895679799984","168","11"
"29.072251116608317","169.5","11"
"20.13832139770796","171","11"
"6.14429425133688","172.5","11"
"17.2642884809128","174","11"
"28.699474662499703","175.5","11"
"8.084163671818885","177","11"
"8.746788798808044","178.5","11"
"25.56259854908004","180","11"
"23.231633659207894","181.5","11"
"12.282284698480439","183","11"
"20.12657102305905","184.5","11"
"21.528470518074553","186","11"
"7.309120703382188","187.5","11"
"13.004226218492644","189","11"
"28.570420911036187","190.5","11"
"33.00488929397736","192","11"
"10.830406908444683","193.5","11"
"12.089273818098656","195","11"
"23.764087320418994","196.5","11"
"17.27523214982884","198","11"
"15.938764678770204","199.5","11"
"22.627937253480308","201","11"
"18.61589170294639","202.5","11"
"12.35566965616876","204","11"
"22.760062759170697","205.5","11"
"27.6752336722699","207","11"
"7.977944222692447","208.5","11"
"11.240906874048479","210","11"
"30.09277916965295","211.5","11"
"18.112500356258387","213","11"
"9.454809853479583","214.5","11"
"14.39972172447759","216","11"
"27.00277387895426","217.5","11"
"19.459144864435096","219","11"
"12.43623830227307","220.5","11"
"16.91048093676899","222","11"
"20.623491300434175","223.5","11"
"9.665258993747724","225","11"
"18.7982716653388","226.5","11"
"30.728553889090655","228","11"
"8.482326963682825","229.5","11"
"5.37888949982843","231","11"
"18.241590696966806","232.5","11"
"29.30667492401302","234","11"
"19.633306185484255","235.5","11"
"10.971693664120831","237","11"
"20.71620496232885","238.5","11"
"19.932609693482284","240","11"
"17.078432540254582","241.5","11"
"22.71738227616363","243","11"
"23.448264639519678","244.5","11"
"5.167587917271295","246","11"
"14.743348746813336","247.5","11"
"32.856901479448936","249","11"
"24.548727996262794","250.5","11"
"-1.6181489017732942","252","11"
"11.771210481535268","253.5","11"
"32.99758538375668","255","11"
"26.53850166210275","256.5","11"
"3.847871350998333","258","11"
"9.575909800039147","259.5","11"
"23.62159834669603","261","11"
"22.2385301163907","262.5","11"
"19.9788985729748","264","11"
"21.742456618683335","265.5","11"
"12.594651438081401","267","11"
"13.41850533039144","268.5","11"
"21.511773625983732","270","11"
"30.496233092095387","271.5","11"
"6.329918895696957","273","11"
"3.414511819055025","274.5","11"
"22.675133894715422","276","11"
"27.12542102786973","277.5","11"
"8.32092135034491","279","11"
"9.910719685525724","280.5","11"
"24.03635486112356","282","11"
"12.92974706814722","283.5","11"
"16.39981878441523","285","11"
"22.667457122665734","286.5","11"
"23.382174009154557","288","11"
"13.250597285530734","289.5","11"
"6.007649538314698","291","11"
"25.31138724764476","292.5","11"
"22.370747966365844","294","11"
"8.858283197408024","295.5","11"
"12.03345344030886","297","11"
"31.150413944064393","298.5","11"
"16.704330161604478","300","11"
"23.002996179532882","1.5","12"
"1.9492730742152475","3","12"
"26.63587783920509","4.5","12"
"32.08979576363874","6","12"
"12.11599877681044","7.5","12"
"13.797226665624324","9","12"
"31.90543475498657","10.5","12"
"17.36347669681034","12","12"
"12.11245049122733","13.5","12"
"27.041255310522438","15","12"
"21.266143055568683","16.5","12"
"11.85920500200993","18","12"
"21.922358966492304","19.5","12"
"30.87115785758332","21","12"
"5.102840634897619","22.5","12"
"11.221227087325552","24","12"
"33.371680793026805","25.5","12"
"14.616054763795162","27","12"
"12.473433883234648","28.5","12"
"28.135184873532843","30","12"
"16.516501886411483","31.5","12"
"8.646759030277728","33","12"
"20.914279968439732","34.5","12"
"21.773820570945343","36","12"
"6.447512808539547","37.5","12"
"14.725420016810777","39","12"
"32.79427463093465","40.5","12"
"12.389762120693549","42","12"
"8.702383394255543","43.5","12"
"28.58686342075768","45","12"
"26.62436965051054","46.5","12"
"5.447368449595981","48","12"
"22.228950703606046","49.5","12"
"27.583703062627094","51","12"
"9.588008643687132","52.5","12"
"9.722737212800634","54","12"
"31.227153787041335","55.5","12"
"15.964018227133382","57","12"
"4.910726626602213","58.5","12"
"22.978199125558497","60","12"
"30.25836118394481","61.5","12"
"10.29747758704984","63","12"
"8.937582545183194","64.5","12"
"29.63858119156478","66","12"
"19.307979012635087","67.5","12"
"12.265278540152938","69","12"
"24.304170710364907","70.5","12"
"23.864648504172905","72","12"
"10.729422334856894","73.5","12"
"11.98297422110243","75","12"
"30.07759637536312","76.5","12"
"8.92746300544997","78","12"
"12.661040009440732","79.5","12"
"31.748735215481204","81","12"
"30.83481254097949","82.5","12"
"2.604801630038185","84","12"
"9.728591491985144","85.5","12"
"30.309624458399163","87","12"
"20.83567407397273","88.5","12"
"4.1257117821706535","90","12"
"23.108019508819986","91.5","12"
"27.91712865501483","93","12"
"6.72761611027463","94.5","12"
"14.01941224178141","96","12"
"27.142180644380385","97.5","12"
"14.481766136792997","99","12"
"9.793661108182965","100.5","12"
"26.63601722680472","102","12"
"22.66613642515923","103.5","12"
"7.210000874525715","105","12"
"15.963505977704736","106.5","12"
"27.738848430396573","108","12"
"7.084745435152147","109.5","12"
"12.712532402261981","111","12"
"34.84857255898887","112.5","12"
"22.527001465552388","114","12"
"6.389242258099984","115.5","12"
"13.820338871988168","117","12"
"32.587116780362805","118.5","12"
"11.040659163728344","120","12"
"12.071379934996004","121.5","12"
"26.017101437542404","123","12"
"20.333788113360743","124.5","12"
"11.738977099120559","126","12"
"19.420963116206128","127.5","12"
"25.493978033781616","129","12"
"6.913975153050264","130.5","12"
"12.7111272010232","132","12"
"33.2219123019131","133.5","12"
"23.085201758760363","135","12"
"2.0189335516827973","136.5","12"
"19.598211872587118","138","12"
"32.516353180720046","139.5","12"
"14.281990601966614","141","12"
"14.301172078020858","142.5","12"
"23.705300600274548","144","12"
"19.316612332087242","145.5","12"
"7.426739444640963","147","12"
"19.18734949922428","148.5","12"
"34.66773108722739","150","12"
"7.673518220407973","151.5","12"
"3.3490037852977377","153","12"
"27.953899103797536","154.5","12"
"30.684239086477916","156","12"
"9.058076155684361","157.5","12"
"13.146837156365288","159","12"
"24.87734123177327","160.5","12"
"16.518197188091996","162","12"
"10.83148890468682","163.5","12"
"26.909988780914777","165","12"
"24.388433999031943","166.5","12"
"10.33369048543402","168","12"
"17.232457580192026","169.5","12"
"29.913021436478598","171","12"
"14.113901353226387","172.5","12"
"9.05179935783847","174","12"
"28.161537841588114","175.5","12"
"26.014324139619752","177","12"
"3.205118757647215","178.5","12"
"11.120176304627938","180","12"
"32.345843814781226","181.5","12"
"25.55462557838114","183","12"
"8.931135868700252","184.5","12"
"16.981026743287323","186","12"
"21.830007712356668","187.5","12"
"19.8687353259513","189","12"
"19.173457782576037","190.5","12"
"18.494826603286732","192","12"
"11.049367404015301","193.5","12"
"15.946877037068738","195","12"
"28.29946187142316","196.5","12"
"20.218087693941893","198","12"
"6.266671336778063","199.5","12"
"20.076604053281265","201","12"
"28.709209143988947","202.5","12"
"15.795056063550463","204","12"
"9.708040532764523","205.5","12"
"19.133810722205947","207","12"
"27.454581359708758","208.5","12"
"14.996501020573483","210","12"
"12.075415206005326","211.5","12"
"27.282465551684183","213","12"
"14.771386562479147","214.5","12"
"11.95671621084941","216","12"
"18.879829092227997","217.5","12"
"23.437369756263507","219","12"
"10.881849644433563","220.5","12"
"20.431294966337735","222","12"
"30.64334624943612","223.5","12"
"13.327485227832284","225","12"
"7.612535274396838","226.5","12"
"24.990050044835034","228","12"
"27.04036671457479","229.5","12"
"13.199789634292673","231","12"
"8.025626978181275","232.5","12"
"30.977813764131103","234","12"
"23.206444577609545","235.5","12"
"10.952921639140502","237","12"
"17.97756619043543","238.5","12"
"30.94941702539624","240","12"
"17.956023836912433","241.5","12"
"12.101021579230071","243","12"
"25.107456220004373","244.5","12"
"16.624192745886525","246","12"
"16.127000662692122","247.5","12"
"21.231820601504502","249","12"
"24.405125664087773","250.5","12"
"13.757353971577329","252","12"
"17.00426265614584","253.5","12"
"32.117673283564976","255","12"
"13.39693335700352","256.5","12"
"9.939987596758279","258","12"
"21.811064937566794","259.5","12"
"27.79285764056366","261","12"
"11.080515305497883","262.5","12"
"11.623921347350002","264","12"
"27.059781664858416","265.5","12"
"24.045258244050004","267","12"
"18.88509097411407","268.5","12"
"19.44899918952694","270","12"
"21.69901647325828","271.5","12"
"5.33805895162022","273","12"
"14.760350549278348","274.5","12"
"34.00572710622909","276","12"
"18.66540217833538","277.5","12"
"-1.4620191090814219","279","12"
"11.599650481564224","280.5","12"
"37.57440509516618","282","12"
"30.329166599867456","283.5","12"
"3.2707838202472117","285","12"
"10.781962748192868","286.5","12"
"23.037947620140397","288","12"
"16.76925516316768","289.5","12"
"10.259282771233407","291","12"
"25.92780799887368","292.5","12"
"19.078569674127117","294","12"
"15.142922466951044","295.5","12"
"12.168113186795043","297","12"
"23.40070210583553","298.5","12"
"19.785261319567173","300","12"
"8.519752534183795","1.5","13"
"6.111889683526374","3","13"
"31.396530628733156","4.5","13"
"25.128461931268788","6","13"
"5.414485608084241","7.5","13"
"21.00710514041411","9","13"
"29.401782567931363","10.5","13"
"9.09984887694883","12","13"
"7.70479244190272","13.5","13"
"26.05034886474443","15","13"
"14.64682980344873","16.5","13"
"12.72088171947989","18","13"
"32.48293848839846","19.5","13"
"18.893868908200844","21","13"
"1.307523309305538","22.5","13"
"17.560572505033818","24","13"
"41.35750999799589","25.5","13"
"10.467785712141698","27","13"
"3.324848785454153","28.5","13"
"22.441729359133024","30","13"
"28.960953602992817","31.5","13"
"20.05167109639724","33","13"
"18.70210990269825","34.5","13"
"17.737399613925923","36","13"
"7.769679983048524","37.5","13"
"14.975977938872788","39","13"
"28.42549439666467","40.5","13"
"13.402626469275956","42","13"
"11.074439748498959","43.5","13"
"24.23231117572005","45","13"
"29.683756712605245","46.5","13"
"4.237746743305453","48","13"
"9.466755370767975","49.5","13"
"26.018666063348263","51","13"
"20.411167396950994","52.5","13"
"12.936280861879931","54","13"
"24.214687356091684","55.5","13"
"17.256900938132347","57","13"
"12.995673046910277","58.5","13"
"18.45193006950024","60","13"
"30.926313530757373","61.5","13"
"14.352167031345923","63","13"
"9.58408314041252","64.5","13"
"22.25069168445852","66","13"
"22.807072969491305","67.5","13"
"11.865699592980246","69","13"
"16.750225271128038","70.5","13"
"24.72029148092383","72","13"
"7.86562482373715","73.5","13"
"10.991346444496328","75","13"
"27.486779895223556","76.5","13"
"31.313497435632865","78","13"
"4.3839316663498895","79.5","13"
"2.4425823415874257","81","13"
"29.558293934177225","82.5","13"
"28.630503935857206","84","13"
"23.78474630502933","85.5","13"
"13.623583692211293","87","13"
"16.88847163478723","88.5","13"
"17.246406794225116","90","13"
"26.139271183929136","91.5","13"
"20.751191249836275","93","13"
"9.709381267238475","94.5","13"
"10.33660020157632","96","13"
"27.448622539824523","97.5","13"
"27.88829458768613","99","13"
"11.308590007739385","100.5","13"
"3.911997922967401","102","13"
"25.583938790583574","103.5","13"
"22.662744079453205","105","13"
"16.990712439116695","106.5","13"
"18.165779523872406","108","13"
"25.854972751031404","109.5","13"
"12.272865581435363","111","13"
"12.176026917764103","112.5","13"
"28.35159109134022","114","13"
"17.42070576052891","115.5","13"
"10.689147159115963","117","13"
"16.09595033252928","118.5","13"
"24.92580107313004","120","13"
"11.592134005254113","121.5","13"
"9.920880170366338","123","13"
"29.374741373602912","124.5","13"
"18.045681425685192","126","13"
"4.752395816594914","127.5","13"
"17.0549579261317","129","13"
"27.85336231287356","130.5","13"
"15.992592685057772","132","13"
"7.882716356969425","133.5","13"
"23.451587291425888","135","13"
"10.713174096602387","136.5","13"
"14.871968654373001","138","13"
"22.69596188679031","139.5","13"
"30.3970239680579","141","13"
"10.28956037139079","142.5","13"
"5.99571795978627","144","13"
"29.220012426287333","145.5","13"
"26.132219913732794","147","13"
"15.547181352781353","148.5","13"
"15.558299256196936","150","13"
"17.668514262188197","151.5","13"
"10.069420308258293","153","13"
"12.017069299144712","154.5","13"
"28.957787762136196","156","13"
"19.44916993933649","157.5","13"
"7.6909015964269765","159","13"
"17.14382623262155","160.5","13"
"30.73259961416995","162","13"
"20.047499922478277","163.5","13"
"4.473354474134522","165","13"
"18.745652846478034","166.5","13"
"27.156626426737162","168","13"
"12.451814866531853","169.5","13"
"9.708233933059011","171","13"
"27.965520544916785","172.5","13"
"20.4025863478487","174","13"
"11.100574923429804","175.5","13"
"19.097887053091004","177","13"
"26.03345508766913","178.5","13"
"15.190169636191024","180","13"
"14.13764515965106","181.5","13"
"22.690321916040233","183","13"
"17.085205035251665","184.5","13"
"14.740247372721543","186","13"
"24.16105100775361","187.5","13"
"32.933578598006044","189","13"
"6.235253371821197","190.5","13"
"6.624819062305386","192","13"
"31.83071603220428","193.5","13"
"25.325528119627343","195","13"
"16.830810469509803","196.5","13"
"12.747504751009442","198","13"
"19.8686586627715","199.5","13"
"15.166367461209006","201","13"
"14.966128462613849","202.5","13"
"27.267643422808405","204","13"
"20.13871342533192","205.5","13"
"2.33512626310051","207","13"
"17.245281239358093","208.5","13"
"33.907361277169365","210","13"
"28.918461293245254","211.5","13"
"8.810323409064928","213","13"
"21.26278904145256","214.5","13"
"27.341583317377754","216","13"
"12.624794006501642","217.5","13"
"8.498279003288113","219","13"
"17.534114996278824","220.5","13"
"27.970712733003047","222","13"
"16.640776385552645","223.5","13"
"12.481533173945717","225","13"
"21.31408367811683","226.5","13"
"16.59218412597622","228","13"
"18.888638388524686","229.5","13"
"26.283711584046937","231","13"
"19.686736937112876","232.5","13"
"13.84569347636108","234","13"
"16.034638954486514","235.5","13"
"29.493785353067917","237","13"
"18.278615528118838","238.5","13"
"7.955717998758758","240","13"
"17.594269457244653","241.5","13"
"28.900654527392373","243","13"
"17.341265282809115","244.5","13"
"9.281853363994735","246","13"
"19.35497702654073","247.5","13"
"20.151841994872182","249","13"
"17.162850897626207","250.5","13"
"23.5573249821611","252","13"
"22.268296338291936","253.5","13"
"7.749065428235572","255","13"
"13.342152288003474","256.5","13"
"28.141431180341318","258","13"
"23.518751206308167","259.5","13"
"4.941055625936961","261","13"
"10.693673771413986","262.5","13"
"29.418888911096097","264","13"
"23.62884650187685","265.5","13"
"8.290993090359104","267","13"
"19.508137863360457","268.5","13"
"28.81511584218871","270","13"
"15.273584402845305","271.5","13"
"9.364173066819413","273","13"
"27.446848832619217","274.5","13"
"23.14774497471487","276","13"
"8.619538374414756","277.5","13"
"10.559161253079912","279","13"
"25.474101362074208","280.5","13"
"21.000921558025475","282","13"
"12.664901045950517","283.5","13"
"11.181571315230483","285","13"
"27.179269942297246","286.5","13"
"16.832601600165066","288","13"
"13.332465721001606","289.5","13"
"22.31582925211116","291","13"
"23.696691673652328","292.5","13"
"5.426100079823509","294","13"
"10.789303247658445","295.5","13"
"31.090808321772112","297","13"
"20.878129794475388","298.5","13"
"7.044976846218627","300","13"
"13.429500398484846","1.5","14"
"10.293648783922473","3","14"
"21.633694217036126","4.5","14"
"22.39337928551096","6","14"
"7.8537455155585825","7.5","14"
"13.178077402132626","9","14"
"27.191344393115294","10.5","14"
"11.507547511590433","12","14"
"6.426068026336291","13.5","14"
"32.421458102891144","15","14"
"22.23895002153459","16.5","14"
"3.2658775945333187","18","14"
"16.033025543020784","19.5","14"
"31.585439157823295","21","14"
"16.74828255645818","22.5","14"
"9.997367373318948","24","14"
"20.06772157849477","25.5","14"
"24.342385563148788","27","14"
"12.953576249476667","28.5","14"
"18.76712376385622","30","14"
"28.943040554095216","31.5","14"
"7.792691133402636","33","14"
"12.128683048376876","34.5","14"
"29.90123621492978","36","14"
"17.641988801978385","37.5","14"
"8.514721513009606","39","14"
"19.844145611031365","40.5","14"
"27.094543189861437","42","14"
"19.111254323895633","43.5","14"
"17.892306280431033","45","14"
"22.99836328419014","46.5","14"
"8.045159536752092","48","14"
"11.712239072821308","49.5","14"
"29.35374263171848","51","14"
"25.053898277191088","52.5","14"
"-1.1528625312379035","54","14"
"13.296566444716596","55.5","14"
"35.7485076878676","57","14"
"20.328460022364844","58.5","14"
"6.759237058423459","60","14"
"17.82328328343867","61.5","14"
"22.118337931573734","63","14"
"14.332534287937872","64.5","14"
"15.65829940486233","66","14"
"23.156216256082452","67.5","14"
"18.24918557880171","69","14"
"16.85847193865661","70.5","14"
"27.170812599689622","72","14"
"17.02626150405763","73.5","14"
"11.328120823965206","75","14"
"26.286300708710087","76.5","14"
"27.350298527044693","78","14"
"8.470383188739428","79.5","14"
"9.09580489421453","81","14"
"27.020221721738096","82.5","14"
"17.627434994231894","84","14"
"13.412000285351153","85.5","14"
"24.394842343924985","87","14"
"22.00259743821999","88.5","14"
"6.343592383634526","90","14"
"18.01853569065702","91.5","14"
"29.564723187210213","93","14"
"12.419588453497125","94.5","14"
"8.97815043488335","96","14"
"31.100331979516913","97.5","14"
"25.370020641429612","99","14"
"10.133757268385553","100.5","14"
"8.357810278587301","102","14"
"33.57037084692106","103.5","14"
"21.45277782443984","105","14"
"3.733325235138928","106.5","14"
"23.205587343871816","108","14"
"24.503092496143548","109.5","14"
"6.271459736411643","111","14"
"13.361866921626309","112.5","14"
"28.599937977603084","114","14"
"14.637280010528999","115.5","14"
"8.789537233269929","117","14"
"26.75859990895536","118.5","14"
"27.66818588676355","120","14"
"3.869071333729737","121.5","14"
"9.096913025631597","123","14"
"27.527022837582074","124.5","14"
"22.77439180441278","126","14"
"13.40149481620145","127.5","14"
"22.790653110254752","129","14"
"22.77886614636094","130.5","14"
"11.266915728967158","132","14"
"14.191968863089816","133.5","14"
"31.774783273162278","135","14"
"22.992212806356417","136.5","14"
"4.966371898719973","138","14"
"14.443270766464858","139.5","14"
"25.743724023075774","141","14"
"13.646299515088685","142.5","14"
"12.979155616353982","144","14"
"18.97074813877742","145.5","14"
"15.978288032645622","147","14"
"10.36125176974359","148.5","14"
"20.921122157236628","150","14"
"26.860269224126338","151.5","14"
"7.901019691145993","153","14"
"9.492468898209935","154.5","14"
"29.582049065844366","156","14"
"26.262500276073066","157.5","14"
"-0.7967769799091868","159","14"
"10.788283975836142","160.5","14"
"35.12519073514693","162","14"
"24.838405048161295","163.5","14"
"5.724561599602514","165","14"
"12.061309180922652","166.5","14"
"26.77704263073156","168","14"
"13.912568161974125","169.5","14"
"11.9154888435685","171","14"
"28.481522984681416","172.5","14"
"19.454363869767747","174","14"
"4.7534364321434115","175.5","14"
"17.7889190130946","177","14"
"28.713711363457033","178.5","14"
"12.506514916489614","180","14"
"13.96524796290973","181.5","14"
"21.158556736793365","183","14"
"20.737188023108327","184.5","14"
"20.854568063102732","186","14"
"13.956907357416801","187.5","14"
"17.640457280727436","189","14"
"17.93863174916845","190.5","14"
"16.435409665636055","192","14"
"26.735972074500236","193.5","14"
"16.0338514145486","195","14"
"13.476781543452239","196.5","14"
"20.522755882180725","198","14"
"30.43890994174707","199.5","14"
"12.706591005827702","201","14"
"9.204066371675564","202.5","14"
"20.93646873195602","204","14"
"29.64010400109075","205.5","14"
"19.69582500860883","207","14"
"16.921654595224425","208.5","14"
"16.346222510012048","210","14"
"17.501693440604612","211.5","14"
"18.95526740349338","213","14"
"26.488132210631033","214.5","14"
"27.42647036555314","216","14"
"13.00881207052051","217.5","14"
"4.550706315791095","219","14"
"19.622040182744065","220.5","14"
"22.77769877521403","222","14"
"20.614100060909024","223.5","14"
"17.30239008127198","225","14"
"19.844222274211162","226.5","14"
"17.69644927949928","228","14"
"14.09811048053317","229.5","14"
"23.716484712799954","231","14"
"23.05087582000619","232.5","14"
"15.866053137422602","234","14"
"14.488993383833874","235.5","14"
"24.596773159510665","237","14"
"27.06214951170715","238.5","14"
"13.514200144573227","240","14"
"7.538246039655911","241.5","14"
"27.38515239633247","243","14"
"23.881422059443523","244.5","14"
"6.846012808573846","246","14"
"14.705463197233584","247.5","14"
"27.42487263519237","249","14"
"13.03530442617541","250.5","14"
"16.80882904504797","252","14"
"19.640362682715583","253.5","14"
"21.906217882455014","255","14"
"11.504032330562236","256.5","14"
"21.54140394497533","258","14"
"29.316620229246706","259.5","14"
"13.500235249435178","261","14"
"5.172686018727805","262.5","14"
"20.187305684908345","264","14"
"33.01592182248816","265.5","14"
"17.28512344236767","267","14"
"7.650132465879854","268.5","14"
"28.917234682368502","270","14"
"22.74639232033687","271.5","14"
"9.154183905630056","273","14"
"14.450614750620426","274.5","14"
"27.759801871311126","276","14"
"14.84710539128879","277.5","14"
"11.935668683305103","279","14"
"24.700407839836444","280.5","14"
"22.81356668928912","282","14"
"13.80181600234218","283.5","14"
"12.9119167806369","285","14"
"24.394767423090183","286.5","14"
"17.224493321218098","288","14"
"6.844134560668816","289.5","14"
"23.409403376742507","291","14"
"26.632361787004392","292.5","14"
"10.736640870172792","294","14"
"13.008198765082133","295.5","14"
"29.64170695848651","297","14"
"18.119156114140775","298.5","14"
"7.347515017700595","300","14"
"8.519752534183795","1.5","15"
"6.111889683526374","3","15"
"31.396530628733156","4.5","15"
"25.128461931268788","6","15"
"5.414485608084241","7.5","15"
"21.00710514041411","9","15"
"29.401782567931363","10.5","15"
"9.09984887694883","12","15"
"7.70479244190272","13.5","15"
"26.05034886474443","15","15"
"14.64682980344873","16.5","15"
"12.72088171947989","18","15"
"32.48293848839846","19.5","15"
"18.893868908200844","21","15"
"1.307523309305538","22.5","15"
"17.560572505033818","24","15"
"41.35750999799589","25.5","15"
"10.467785712141698","27","15"
"3.324848785454153","28.5","15"
"22.441729359133024","30","15"
"28.960953602992817","31.5","15"
"20.05167109639724","33","15"
"18.70210990269825","34.5","15"
"17.737399613925923","36","15"
"7.769679983048524","37.5","15"
"14.975977938872788","39","15"
"28.42549439666467","40.5","15"
"13.402626469275956","42","15"
"11.074439748498959","43.5","15"
"24.23231117572005","45","15"
"29.683756712605245","46.5","15"
"4.237746743305453","48","15"
"9.466755370767975","49.5","15"
"26.018666063348263","51","15"
"20.411167396950994","52.5","15"
"12.936280861879931","54","15"
"24.214687356091684","55.5","15"
"17.256900938132347","57","15"
"12.995673046910277","58.5","15"
"18.45193006950024","60","15"
"30.926313530757373","61.5","15"
"14.352167031345923","63","15"
"9.58408314041252","64.5","15"
"22.25069168445852","66","15"
"22.807072969491305","67.5","15"
"11.865699592980246","69","15"
"16.750225271128038","70.5","15"
"24.72029148092383","72","15"
"7.86562482373715","73.5","15"
"10.991346444496328","75","15"
"27.486779895223556","76.5","15"
"31.313497435632865","78","15"
"4.3839316663498895","79.5","15"
"2.4425823415874257","81","15"
"29.558293934177225","82.5","15"
"28.630503935857206","84","15"
"23.78474630502933","85.5","15"
"13.623583692211293","87","15"
"16.88847163478723","88.5","15"
"17.246406794225116","90","15"
"26.139271183929136","91.5","15"
"20.751191249836275","93","15"
"9.709381267238475","94.5","15"
"10.33660020157632","96","15"
"27.448622539824523","97.5","15"
"27.88829458768613","99","15"
"11.308590007739385","100.5","15"
"3.911997922967401","102","15"
"25.583938790583574","103.5","15"
"22.662744079453205","105","15"
"16.990712439116695","106.5","15"
"18.165779523872406","108","15"
"25.854972751031404","109.5","15"
"12.272865581435363","111","15"
"12.176026917764103","112.5","15"
"28.35159109134022","114","15"
"17.42070576052891","115.5","15"
"10.689147159115963","117","15"
"16.09595033252928","118.5","15"
"24.92580107313004","120","15"
"11.592134005254113","121.5","15"
"9.920880170366338","123","15"
"29.374741373602912","124.5","15"
"18.045681425685192","126","15"
"4.752395816594914","127.5","15"
"17.0549579261317","129","15"
"27.85336231287356","130.5","15"
"15.992592685057772","132","15"
"7.882716356969425","133.5","15"
"23.451587291425888","135","15"
"10.713174096602387","136.5","15"
"14.871968654373001","138","15"
"22.69596188679031","139.5","15"
"30.3970239680579","141","15"
"10.28956037139079","142.5","15"
"5.99571795978627","144","15"
"29.220012426287333","145.5","15"
"26.132219913732794","147","15"
"15.547181352781353","148.5","15"
"15.558299256196936","150","15"
"17.668514262188197","151.5","15"
"10.069420308258293","153","15"
"12.017069299144712","154.5","15"
"28.957787762136196","156","15"
"19.44916993933649","157.5","15"
"7.6909015964269765","159","15"
"17.14382623262155","160.5","15"
"30.73259961416995","162","15"
"20.047499922478277","163.5","15"
"4.473354474134522","165","15"
"18.745652846478034","166.5","15"
"27.156626426737162","168","15"
"12.451814866531853","169.5","15"
"9.708233933059011","171","15"
"27.965520544916785","172.5","15"
"20.4025863478487","174","15"
"11.100574923429804","175.5","15"
"19.097887053091004","177","15"
"26.03345508766913","178.5","15"
"15.190169636191024","180","15"
"14.13764515965106","181.5","15"
"22.690321916040233","183","15"
"17.085205035251665","184.5","15"
"14.740247372721543","186","15"
"24.16105100775361","187.5","15"
"32.933578598006044","189","15"
"6.235253371821197","190.5","15"
"6.624819062305386","192","15"
"31.83071603220428","193.5","15"
"25.325528119627343","195","15"
"16.830810469509803","196.5","15"
"12.747504751009442","198","15"
"19.8686586627715","199.5","15"
"15.166367461209006","201","15"
"14.966128462613849","202.5","15"
"27.267643422808405","204","15"
"20.13871342533192","205.5","15"
"2.33512626310051","207","15"
"17.245281239358093","208.5","15"
"33.907361277169365","210","15"
"28.918461293245254","211.5","15"
"8.810323409064928","213","15"
"21.26278904145256","214.5","15"
"27.341583317377754","216","15"
"12.624794006501642","217.5","15"
"8.498279003288113","219","15"
"17.534114996278824","220.5","15"
"27.970712733003047","222","15"
"16.640776385552645","223.5","15"
"12.481533173945717","225","15"
"21.31408367811683","226.5","15"
"16.59218412597622","228","15"
"18.888638388524686","229.5","15"
"26.283711584046937","231","15"
"19.686736937112876","232.5","15"
"13.84569347636108","234","15"
"16.034638954486514","235.5","15"
"29.493785353067917","237","15"
"18.278615528118838","238.5","15"
"7.955717998758758","240","15"
"17.594269457244653","241.5","15"
"28.900654527392373","243","15"
"17.341265282809115","244.5","15"
"9.281853363994735","246","15"
"19.35497702654073","247.5","15"
"20.151841994872182","249","15"
"17.162850897626207","250.5","15"
"23.5573249821611","252","15"
"22.268296338291936","253.5","15"
"7.749065428235572","255","15"
"13.342152288003474","256.5","15"
"28.141431180341318","258","15"
"23.518751206308167","259.5","15"
"4.941055625936961","261","15"
"10.693673771413986","262.5","15"
"29.418888911096097","264","15"
"23.62884650187685","265.5","15"
"8.290993090359104","267","15"
"19.508137863360457","268.5","15"
"28.81511584218871","270","15"
"15.273584402845305","271.5","15"
"9.364173066819413","273","15"
"27.446848832619217","274.5","15"
"23.14774497471487","276","15"
"8.619538374414756","277.5","15"
"10.559161253079912","279","15"
"25.474101362074208","280.5","15"
"21.000921558025475","282","15"
"12.664901045950517","283.5","15"
"11.181571315230483","285","15"
"27.179269942297246","286.5","15"
"16.832601600165066","288","15"
"13.332465721001606","289.5","15"
"22.31582925211116","291","15"
"23.696691673652328","292.5","15"
"5.426100079823509","294","15"
"10.789303247658445","295.5","15"
"31.090808321772112","297","15"
"20.878129794475388","298.5","15"
"7.044976846218627","300","15"
"6.123971974896903","1.5","16"
"24.20169294711607","3","16"
"28.784053315610905","4.5","16"
"8.636888645878846","6","16"
"10.429186672286333","7.5","16"
"34.67341461660235","9","16"
"15.917006274467777","10.5","16"
"5.297251053896949","12","16"
"22.51892569649876","13.5","16"
"30.680838029046914","15","16"
"9.106519444763679","16.5","16"
"12.167840509803264","18","16"
"24.960755998427548","19.5","16"
"17.932439455054837","21","16"
"9.902406086380221","22.5","16"
"25.208507002701985","24","16"
"17.433674034329595","25.5","16"
"7.709176181911121","27","16"
"19.707503947112926","28.5","16"
"32.10188066852676","30","16"
"11.373563794962461","31.5","16"
"8.763955252875121","33","16"
"23.16059302671087","34.5","16"
"26.02633935070796","36","16"
"10.346089012421213","37.5","16"
"17.632456432508608","39","16"
"24.29313469716411","40.5","16"
"13.336275358334024","42","16"
"12.548194422296827","43.5","16"
"24.33490219139359","45","16"
"12.221895020940233","46.5","16"
"5.290987759224772","48","16"
"26.217624438371807","49.5","16"
"26.735877987870484","51","16"
"8.478999955914126","52.5","16"
"13.658912350510311","54","16"
"27.622738559903805","55.5","16"
"14.04844754995708","57","16"
"13.891971901783624","58.5","16"
"30.451733600913137","60","16"
"19.809603621497764","61.5","16"
"5.492221201226048","63","16"
"18.45279775730794","64.5","16"
"30.932436131071174","66","16"
"6.615117249784808","67.5","16"
"12.157084142974226","69","16"
"26.05022690059475","70.5","16"
"12.142000662349139","72","16"
"12.236716278643515","73.5","16"
"28.87039870654743","75","16"
"27.107654335951743","76.5","16"
"3.5054999060248906","78","16"
"12.414844919247178","79.5","16"
"28.073322914471536","81","16"
"14.588965654979342","82.5","16"
"6.84564081791733","84","16"
"25.1237715385412","85.5","16"
"18.549518812692014","87","16"
"10.040037402256042","88.5","16"
"17.01639808903873","90","16"
"24.262990386398872","91.5","16"
"15.252172725196962","93","16"
"14.728064896513779","94.5","16"
"20.871766750552226","96","16"
"15.117083490669415","97.5","16"
"18.562241415848348","99","16"
"27.933541544871403","100.5","16"
"20.088350943240183","102","16"
"5.403778898087571","103.5","16"
"16.258251511194825","105","16"
"31.198579329116946","106.5","16"
"15.860787770846535","108","16"
"9.70368031441356","109.5","16"
"18.76804197966879","111","16"
"26.47593405331831","112.5","16"
"11.972091534261226","114","16"
"13.179131520854837","115.5","16"
"20.867276727499107","117","16"
"11.487882534799969","118.5","16"
"12.102537419376059","120","16"
"32.64736010092339","121.5","16"
"23.12667479668562","123","16"
"2.1934845046315514","124.5","16"
"12.950757135274126","126","16"
"39.594971224109656","127.5","16"
"17.13605537394211","129","16"
"3.3713460929667436","130.5","16"
"22.297881356313653","132","16"
"33.40397689986135","133.5","16"
"11.214140099056804","135","16"
"6.1706768392570694","136.5","16"
"27.71658823073547","138","16"
"21.22625903627922","139.5","16"
"6.460491971996454","141","16"
"22.443743509947694","142.5","16"
"30.230497602778538","144","16"
"3.533951964213355","145.5","16"
"3.9025274067449605","147","16"
"32.58355542719222","148.5","16"
"35.97882827280816","150","16"
"-1.9206511373897326","151.5","16"
"8.289492931318073","153","16"
"29.274911974747067","154.5","16"
"28.620279855424258","156","16"
"11.004972453532773","157.5","16"
"10.948877656406204","159","16"
"20.203537370885396","160.5","16"
"13.069977962756163","162","16"
"25.021748527336158","163.5","16"
"26.651600760443486","165","16"
"4.0318076630578785","166.5","16"
"6.083978187872729","168","16"
"34.14738672373425","169.5","16"
"30.23073107700792","171","16"
"5.467327447104418","172.5","16"
"9.814605837372545","174","16"
"28.03720236037211","175.5","16"
"21.257954034090353","177","16"
"5.082378535271763","178.5","16"
"16.164598725347634","180","16"
"27.161046755990466","181.5","16"
"12.40914135290477","183","16"
"12.991812010400492","184.5","16"
"22.23463423298101","186","16"
"10.161721905561558","187.5","16"
"12.195299866930606","189","16"
"27.373661631087874","190.5","16"
"33.107060404507","192","16"
"5.514825078437488","193.5","16"
"5.986352419849801","195","16"
"32.645520184608266","196.5","16"
"22.95087044430581","198","16"
"6.435872201625349","199.5","16"
"15.660972162085256","201","16"
"28.89835463199846","202.5","16"
"12.29958182842217","204","16"
"12.003216785258868","205.5","16"
"24.01012734190796","207","16"
"14.348040287224343","208.5","16"
"9.824674849100901","210","16"
"19.665487297549102","211.5","16"
"34.12790730668579","213","16"
"9.919030671153731","214.5","16"
"5.883907761155876","216","16"
"29.181532737064153","217.5","16"
"25.3178339241277","219","16"
"8.885163224824398","220.5","16"
"13.624371232149208","222","16"
"27.03679839202423","223.5","16"
"8.000545050800143","225","16"
"3.3660145172808513","226.5","16"
"26.862790397334667","228","16"
"23.96352484031627","229.5","16"
"2.716338716090552","231","16"
"13.895986264653","232.5","16"
"36.268883413570656","234","16"
"20.075753788923517","235.5","16"
"1.7765053024727124","237","16"
"19.58833974584324","238.5","16"
"28.739346485374202","240","16"
"13.316160856534749","241.5","16"
"9.002418687151634","243","16"
"26.740847155797333","244.5","16"
"17.764315359414702","246","16"
"6.198357038612577","247.5","16"
"24.22543239767825","249","16"
"31.38738331750736","250.5","16"
"14.91211228306678","252","16"
"6.291319855841592","253.5","16"
"29.151090485304707","255","16"
"16.7630506726391","256.5","16"
"8.161920173100636","258","16"
"19.538001656581436","259.5","16"
"29.311835749889365","261","16"
"10.846947860658414","262.5","16"
"6.307925274820153","264","16"
"19.507034958978377","265.5","16"
"25.437451135096186","267","16"
"12.80200965832772","268.5","16"
"15.111253604314841","270","16"
"25.099307272460933","271.5","16"
"13.596757677489775","273","16"
"10.224317391865927","274.5","16"
"24.0011560075267","276","16"
"21.083313568167462","277.5","16"
"11.98464077409052","279","16"
"13.656838959965798","280.5","16"
"19.909525364638366","282","16"
"13.139677860779232","283.5","16"
"13.637539004451867","285","16"
"24.05520529162868","286.5","16"
"19.59945067987884","288","16"
"12.60445125750797","289.5","16"
"15.358861736299657","291","16"
"23.726933555737304","292.5","16"
"12.578137492215097","294","16"
"12.017060587419735","295.5","16"
"27.57983505673733","297","16"
"29.172186798508882","298.5","16"
"6.599523697662319","300","16"
"8.519752534183795","1.5","17"
"6.111889683526374","3","17"
"31.396530628733156","4.5","17"
"25.128461931268788","6","17"
"5.414485608084241","7.5","17"
"21.00710514041411","9","17"
"29.401782567931363","10.5","17"
"9.09984887694883","12","17"
"7.70479244190272","13.5","17"
"26.05034886474443","15","17"
"14.64682980344873","16.5","17"
"12.72088171947989","18","17"
"32.48293848839846","19.5","17"
"18.893868908200844","21","17"
"1.307523309305538","22.5","17"
"17.560572505033818","24","17"
"41.35750999799589","25.5","17"
"10.467785712141698","27","17"
"3.324848785454153","28.5","17"
"22.441729359133024","30","17"
"28.960953602992817","31.5","17"
"20.05167109639724","33","17"
"18.70210990269825","34.5","17"
"17.737399613925923","36","17"
"7.769679983048524","37.5","17"
"14.975977938872788","39","17"
"28.42549439666467","40.5","17"
"13.402626469275956","42","17"
"11.074439748498959","43.5","17"
"24.23231117572005","45","17"
"29.683756712605245","46.5","17"
"4.237746743305453","48","17"
"9.466755370767975","49.5","17"
"26.018666063348263","51","17"
"20.411167396950994","52.5","17"
"12.936280861879931","54","17"
"24.214687356091684","55.5","17"
"17.256900938132347","57","17"
"12.995673046910277","58.5","17"
"18.45193006950024","60","17"
"30.926313530757373","61.5","17"
"14.352167031345923","63","17"
"9.58408314041252","64.5","17"
"22.25069168445852","66","17"
"22.807072969491305","67.5","17"
"11.865699592980246","69","17"
"16.750225271128038","70.5","17"
"24.72029148092383","72","17"
"7.86562482373715","73.5","17"
"10.991346444496328","75","17"
"27.486779895223556","76.5","17"
"31.313497435632865","78","17"
"4.3839316663498895","79.5","17"
"2.4425823415874257","81","17"
"29.558293934177225","82.5","17"
"28.630503935857206","84","17"
"23.78474630502933","85.5","17"
"13.623583692211293","87","17"
"16.88847163478723","88.5","17"
"17.246406794225116","90","17"
"26.139271183929136","91.5","17"
"20.751191249836275","93","17"
"9.709381267238475","94.5","17"
"10.33660020157632","96","17"
"27.448622539824523","97.5","17"
"27.88829458768613","99","17"
"11.308590007739385","100.5","17"
"3.911997922967401","102","17"
"25.583938790583574","103.5","17"
"22.662744079453205","105","17"
"16.990712439116695","106.5","17"
"18.165779523872406","108","17"
"25.854972751031404","109.5","17"
"12.272865581435363","111","17"
"12.176026917764103","112.5","17"
"28.35159109134022","114","17"
"17.42070576052891","115.5","17"
"10.689147159115963","117","17"
"16.09595033252928","118.5","17"
"24.92580107313004","120","17"
"11.592134005254113","121.5","17"
"9.920880170366338","123","17"
"29.374741373602912","124.5","17"
"18.045681425685192","126","17"
"4.752395816594914","127.5","17"
"17.0549579261317","129","17"
"27.85336231287356","130.5","17"
"15.992592685057772","132","17"
"7.882716356969425","133.5","17"
"23.451587291425888","135","17"
"10.713174096602387","136.5","17"
"14.871968654373001","138","17"
"22.69596188679031","139.5","17"
"30.3970239680579","141","17"
"10.28956037139079","142.5","17"
"5.99571795978627","144","17"
"29.220012426287333","145.5","17"
"26.132219913732794","147","17"
"15.547181352781353","148.5","17"
"15.558299256196936","150","17"
"17.668514262188197","151.5","17"
"10.069420308258293","153","17"
"12.017069299144712","154.5","17"
"28.957787762136196","156","17"
"19.44916993933649","157.5","17"
"7.6909015964269765","159","17"
"17.14382623262155","160.5","17"
"30.73259961416995","162","17"
"20.047499922478277","163.5","17"
"4.473354474134522","165","17"
"18.745652846478034","166.5","17"
"27.156626426737162","168","17"
"12.451814866531853","169.5","17"
"9.708233933059011","171","17"
"27.965520544916785","172.5","17"
"20.4025863478487","174","17"
"11.100574923429804","175.5","17"
"19.097887053091004","177","17"
"26.03345508766913","178.5","17"
"15.190169636191024","180","17"
"14.13764515965106","181.5","17"
"22.690321916040233","183","17"
"17.085205035251665","184.5","17"
"14.740247372721543","186","17"
"24.16105100775361","187.5","17"
"32.933578598006044","189","17"
"6.235253371821197","190.5","17"
"6.624819062305386","192","17"
"31.83071603220428","193.5","17"
"25.325528119627343","195","17"
"16.830810469509803","196.5","17"
"12.747504751009442","198","17"
"19.8686586627715","199.5","17"
"15.166367461209006","201","17"
"14.966128462613849","202.5","17"
"27.267643422808405","204","17"
"20.13871342533192","205.5","17"
"2.33512626310051","207","17"
"17.245281239358093","208.5","17"
"33.907361277169365","210","17"
"28.918461293245254","211.5","17"
"8.810323409064928","213","17"
"21.26278904145256","214.5","17"
"27.341583317377754","216","17"
"12.624794006501642","217.5","17"
"8.498279003288113","219","17"
"17.534114996278824","220.5","17"
"27.970712733003047","222","17"
"16.640776385552645","223.5","17"
"12.481533173945717","225","17"
"21.31408367811683","226.5","17"
"16.59218412597622","228","17"
"18.888638388524686","229.5","17"
"26.283711584046937","231","17"
"19.686736937112876","232.5","17"
"13.84569347636108","234","17"
"16.034638954486514","235.5","17"
"29.493785353067917","237","17"
"18.278615528118838","238.5","17"
"7.955717998758758","240","17"
"17.594269457244653","241.5","17"
"28.900654527392373","243","17"
"17.341265282809115","244.5","17"
"9.281853363994735","246","17"
"19.35497702654073","247.5","17"
"20.151841994872182","249","17"
"17.162850897626207","250.5","17"
"23.5573249821611","252","17"
"22.268296338291936","253.5","17"
"7.749065428235572","255","17"
"13.342152288003474","256.5","17"
"28.141431180341318","258","17"
"23.518751206308167","259.5","17"
"4.941055625936961","261","17"
"10.693673771413986","262.5","17"
"29.418888911096097","264","17"
"23.62884650187685","265.5","17"
"8.290993090359104","267","17"
"19.508137863360457","268.5","17"
"28.81511584218871","270","17"
"15.273584402845305","271.5","17"
"9.364173066819413","273","17"
"27.446848832619217","274.5","17"
"23.14774497471487","276","17"
"8.619538374414756","277.5","17"
"10.559161253079912","279","17"
"25.474101362074208","280.5","17"
"21.000921558025475","282","17"
"12.664901045950517","283.5","17"
"11.181571315230483","285","17"
"27.179269942297246","286.5","17"
"16.832601600165066","288","17"
"13.332465721001606","289.5","17"
"22.31582925211116","291","17"
"23.696691673652328","292.5","17"
"5.426100079823509","294","17"
"10.789303247658445","295.5","17"
"31.090808321772112","297","17"
"20.878129794475388","298.5","17"
"7.044976846218627","300","17"
"20.417504305699225","1.5","18"
"27.51769258013176","3","18"
"5.16371991138153","4.5","18"
"16.11165408797273","6","18"
"28.280850142182405","7.5","18"
"16.06546452214495","9","18"
"12.573978514711103","10.5","18"
"22.282067833135496","12","18"
"15.015642422692833","13.5","18"
"4.778392475098626","15","18"
"22.906269897113823","16.5","18"
"26.001047470754884","18","18"
"15.757609584909549","19.5","18"
"12.185531409713953","21","18"
"24.08293471223031","22.5","18"
"14.446956697302605","24","18"
"15.327694669022126","25.5","18"
"29.810156872640782","27","18"
"15.406042696429814","28.5","18"
"6.765867552303415","30","18"
"25.137745145404224","31.5","18"
"31.2787899233247","33","18"
"1.709402805251519","34.5","18"
"7.900597172484611","36","18"
"32.15047118575819","37.5","18"
"25.80921180207249","39","18"
"11.021240728754726","40.5","18"
"18.410383853085172","42","18"
"22.983333816259908","43.5","18"
"14.173439895236344","45","18"
"16.72362489008342","46.5","18"
"26.413206148794288","48","18"
"13.265879393485296","49.5","18"
"12.960552598838207","51","18"
"25.212735674005796","52.5","18"
"27.439764457867962","54","18"
"11.365313791409292","55.5","18"
"17.658751903179027","57","18"
"28.194673758710433","58.5","18"
"11.443524173562343","60","18"
"9.526024720476146","61.5","18"
"28.977589513008798","63","18"
"25.973337215948206","64.5","18"
"11.715781260196936","66","18"
"18.102004470006158","67.5","18"
"20.54777247162453","69","18"
"18.72183324804606","70.5","18"
"14.22002410220558","72","18"
"25.41868259480585","73.5","18"
"17.60520441443572","75","18"
"5.255169937568298","76.5","18"
"18.81194384651762","78","18"
"30.187827573841446","79.5","18"
"12.76829876735692","81","18"
"7.90591132472055","82.5","18"
"26.73913617301186","84","18"
"19.90517821387487","85.5","18"
"10.619076141608875","87","18"
"17.525138434862576","88.5","18"
"18.226512443376706","90","18"
"15.315470376534472","91.5","18"
"19.19903889179835","93","18"
"30.495243440138008","94.5","18"
"4.189644082672735","96","18"
"4.534501636161474","97.5","18"
"23.04960913519454","99","18"
"28.85312858295313","100.5","18"
"11.327349836304746","102","18"
"10.17292257036442","103.5","18"
"17.640016467443605","105","18"
"17.438866222415857","106.5","18"
"19.406735126973775","108","18"
"23.886805905479275","109.5","18"
"18.456613492847847","111","18"
"6.7344940171439305","112.5","18"
"15.65458821002215","114","18"
"30.19329505243698","115.5","18"
"16.34711807533968","117","18"
"9.175420477606362","118.5","18"
"27.37856807459489","120","18"
"24.803235814429353","121.5","18"
"12.81680478085607","123","18"
"14.551766589327773","124.5","18"
"22.502199184543016","126","18"
"19.361343555153883","127.5","18"
"13.582627259577166","129","18"
"17.277279405198424","130.5","18"
"22.521772688221223","132","18"
"18.417544891016224","133.5","18"
"11.581109317295786","135","18"
"19.509338339062282","136.5","18"
"19.479091229942316","138","18"
"16.38748298184787","139.5","18"
"19.38319953077605","141","18"
"18.568360531472155","142.5","18"
"8.061447848941492","144","18"
"19.224977181744716","145.5","18"
"25.216229075721554","147","18"
"9.978061319597533","148.5","18"
"9.71966632974626","150","18"
"26.75088306297078","151.5","18"
"22.53013768654409","153","18"
"9.002732309250804","154.5","18"
"15.037643012949617","156","18"
"32.29374073003909","157.5","18"
"20.961356387870165","159","18"
"0.8811753003133646","160.5","18"
"18.393784532314093","162","18"
"31.673221983381016","163.5","18"
"12.49641105786135","165","18"
"9.028456290762737","166.5","18"
"22.238247856501445","168","18"
"18.7152053676836","169.5","18"
"8.992247748241047","171","18"
"22.93683759771294","172.5","18"
"26.891936344417545","174","18"
"4.368027105645724","175.5","18"
"9.688977536169965","177","18"
"26.752383222011808","178.5","18"
"27.06571086487773","180","18"
"8.049985832389321","181.5","18"
"13.441870176779616","183","18"
"27.127337607364662","184.5","18"
"16.393814663561116","186","18"
"12.461676539205758","187.5","18"
"17.858994386464175","189","18"
"16.793808288842715","190.5","18"
"11.537156922442085","192","18"
"18.70254723129209","193.5","18"
"28.090321232246556","195","18"
"11.023444795173894","196.5","18"
"6.884547381664381","198","18"
"22.44029366685682","199.5","18"
"26.34520939300421","201","18"
"13.3491338644","202.5","18"
"15.665423853548477","204","18"
"24.615627074705777","205.5","18"
"12.274460698278642","207","18"
"18.27893960428798","208.5","18"
"27.219946728559613","210","18"
"23.257265296435072","211.5","18"
"5.761211390994286","213","18"
"14.491251462947899","214.5","18"
"34.76623630388674","216","18"
"21.1778549499623","217.5","18"
"1.9956262026794698","219","18"
"15.986971880102645","220.5","18"
"35.52597190036644","222","18"
"16.4854672373536","223.5","18"
"9.355631220479516","225","18"
"18.248507806598504","226.5","18"
"24.39225147691684","228","18"
"12.969173721875395","229.5","18"
"14.126239769311239","231","18"
"29.293269321618492","232.5","18"
"9.312810478700321","234","18"
"10.496220782466457","235.5","18"
"24.913902599156525","237","18"
"27.424313342448848","238.5","18"
"5.952435932169546","240","18"
"12.954987548922933","241.5","18"
"33.24936468966046","243","18"
"20.948079719005296","244.5","18"
"14.794674745687525","246","18"
"18.29940867329382","247.5","18"
"28.6443381551206","249","18"
"10.42564274256571","250.5","18"
"17.481015290199327","252","18"
"25.725807489488183","253.5","18"
"18.013123967101343","255","18"
"14.558916302016353","256.5","18"
"25.712133565964365","258","18"
"26.247697312992234","259.5","18"
"10.53347473198538","261","18"
"9.762891295564385","262.5","18"
"36.462165228599225","264","18"
"27.033172572088827","265.5","18"
"5.865721599680247","267","18"
"15.411606004000094","268.5","18"
"34.007964277203165","270","18"
"18.16028765244694","271.5","18"
"12.634126877469447","273","18"
"22.257899765704444","274.5","18"
"20.108201479772656","276","18"
"19.287412372309507","277.5","18"
"22.952447266526637","279","18"
"15.770903677224373","280.5","18"
"11.457950790124169","282","18"
"16.28533452180316","283.5","18"
"36.16350987293948","285","18"
"21.503689145205126","286.5","18"
"9.641634537955236","288","18"
"14.248490534740256","289.5","18"
"22.857768239477164","291","18"
"21.101407820944583","292.5","18"
"12.717850910360408","294","18"
"16.004036406987492","295.5","18"
"29.45704975118512","297","18"
"16.679400689410443","298.5","18"
"13.038144448517896","300","18"
"14.41656236003053","1.5","19"
"4.655419943255268","3","19"
"19.174682651107798","4.5","19"
"24.737653948802887","6","19"
"16.73223555905064","7.5","19"
"17.42683533022269","9","19"
"19.103682092545668","10.5","19"
"7.232272399429283","12","19"
"15.910566567364818","13.5","19"
"25.44229485418337","15","19"
"16.424283050495497","16.5","19"
"10.906225922091561","18","19"
"25.622766948805832","19.5","19"
"26.697178763177885","21","19"
"7.557734168429344","22.5","19"
"8.070103818878588","24","19"
"27.242534489079844","25.5","19"
"13.73848785996725","27","19"
"11.833645672100062","28.5","19"
"29.0097497169337","30","19"
"23.233687883957458","31.5","19"
"10.375072050247022","33","19"
"10.397601442209908","34.5","19"
"27.67816603889714","36","19"
"12.205489971636142","37.5","19"
"12.53793288144648","39","19"
"21.898814658569602","40.5","19"
"19.00970000349435","42","19"
"16.038865883445332","43.5","19"
"19.612840601168408","45","19"
"20.535980280695732","46.5","19"
"7.998836681532164","48","19"
"12.544842150525698","49.5","19"
"24.77219942302648","51","19"
"16.799211300673417","52.5","19"
"14.390162348660386","54","19"
"19.185873733013185","55.5","19"
"21.804435314859337","57","19"
"11.821584288869476","58.5","19"
"14.771654883608436","60","19"
"28.39888007686009","61.5","19"
"15.45346932720432","63","19"
"11.065974565338859","64.5","19"
"21.32176393485651","66","19"
"23.944803343340812","67.5","19"
"11.313411947514126","69","19"
"13.520692122026048","70.5","19"
"26.676425691937798","72","19"
"19.6494263613816","73.5","19"
"11.640457072528749","75","19"
"24.054388131825846","76.5","19"
"23.348022304899924","78","19"
"7.614569462178955","79.5","19"
"15.148935299530134","81","19"
"30.799585809862702","82.5","19"
"21.921148036720506","84","19"
"9.90399336267102","85.5","19"
"19.782290621350036","87","19"
"28.320307286948","88.5","19"
"11.909787890743585","90","19"
"10.322244149986808","91.5","19"
"27.968597526178645","93","19"
"21.556591966300143","94.5","19"
"8.474167562069415","96","19"
"16.962096164912417","97.5","19"
"27.839535062990148","99","19"
"12.617585925255714","100.5","19"
"9.09829906107543","102","19"
"22.280680926519164","103.5","19"
"27.34945000503194","105","19"
"14.532447468018892","106.5","19"
"11.459584238557348","108","19"
"27.676564823846377","109.5","19"
"16.211966116392297","111","19"
"8.855148718761319","112.5","19"
"20.59708780437404","114","19"
"18.70214474959816","115.5","19"
"11.941967260463436","117","19"
"18.64865998527468","118.5","19"
"28.22456542945134","120","19"
"12.584752304990094","121.5","19"
"10.862162017158157","123","19"
"24.688110368858982","124.5","19"
"27.12643855734704","126","19"
"9.274171364910062","127.5","19"
"10.421637962593806","129","19"
"29.713299914347072","130.5","19"
"18.772904864550924","132","19"
"15.561191548889282","133.5","19"
"16.220111579245746","135","19"
"22.149572950306084","136.5","19"
"10.202583380393436","138","19"
"17.49703092539695","139.5","19"
"27.72623733731994","141","19"
"12.084405706181537","142.5","19"
"9.43604741139673","144","19"
"20.657641262343812","145.5","19"
"25.276630949676726","147","19"
"8.768852113484664","148.5","19"
"14.189302204074371","150","19"
"28.75793382178502","151.5","19"
"22.976317392963473","153","19"
"6.5424740954782745","154.5","19"
"14.757916493319788","156","19"
"24.14469735762688","157.5","19"
"15.102662101142574","159","19"
"15.735933070821906","160.5","19"
"22.72497890034353","162","19"
"17.959339519438657","163.5","19"
"12.641699979991907","165","19"
"18.747018844954418","166.5","19"
"22.077774397736068","168","19"
"11.044218774553926","169.5","19"
"11.180156531094227","171","19"
"30.616430503947342","172.5","19"
"21.170521419876703","174","19"
"-0.1902584108753164","175.5","19"
"14.393595639473801","177","19"
"27.899691266300973","178.5","19"
"17.03002671159267","180","19"
"7.743085700211394","181.5","19"
"22.336068331577607","183","19"
"24.19025270987634","184.5","19"
"9.875727299810814","186","19"
"16.261448714261366","187.5","19"
"23.06968094954143","189","19"
"15.61546559549567","190.5","19"
"8.61267353513292","192","19"
"21.137873359353094","193.5","19"
"23.14604793068936","195","19"
"13.109622409608761","196.5","19"
"11.128138821256869","198","19"
"23.92834166782437","199.5","19"
"16.744499925473185","201","19"
"9.848377710418182","202.5","19"
"24.68625999847388","204","19"
"24.856734517512795","205.5","19"
"12.366458256380211","207","19"
"13.878362445024635","208.5","19"
"25.66805746461599","210","19"
"16.417787588352684","211.5","19"
"8.200569740960868","213","19"
"22.293964564764014","214.5","19"
"32.783963433251934","216","19"
"12.386034373575912","217.5","19"
"4.0357096446750536","219","19"
"25.422993156324445","220.5","19"
"35.04833938209028","222","19"
"7.287668080626453","223.5","19"
"6.220322781969454","225","19"
"23.176239284769473","226.5","19"
"24.88049139152493","228","19"
"25.223581771602095","229.5","19"
"15.929603428784445","231","19"
"18.515018639438303","232.5","19"
"12.047572532979","234","19"
"16.641696343710212","235.5","19"
"23.60928519461361","237","19"
"15.977662530792278","238.5","19"
"12.573292030782918","240","19"
"20.254546262970422","241.5","19"
"28.01521570887529","243","19"
"9.911900124260098","244.5","19"
"8.939966073136887","246","19"
"28.787318470132266","247.5","19"
"22.781641701938597","249","19"
"12.264240973708183","250.5","19"
"16.004437146336432","252","19"
"30.89328912371476","253.5","19"
"14.253651360616601","255","19"
"15.916448724069253","256.5","19"
"16.660783733134704","258","19"
"20.44318647093127","259.5","19"
"17.23504844720017","261","19"
"24.592302302252495","262.5","19"
"33.053187097249555","264","19"
"12.769460911468846","265.5","19"
"7.715912087663297","267","19"
"23.442485281169972","268.5","19"
"31.22529993196624","270","19"
"19.57793620387577","271.5","19"
"5.881369164497593","273","19"
"20.876965908018466","274.5","19"
"23.087278633994867","276","19"
"13.409003451959084","277.5","19"
"19.77203866339716","279","19"
"25.801813805222064","280.5","19"
"12.842145446469019","282","19"
"8.670462762767507","283.5","19"
"25.980139330810207","285","19"
"25.74432687444418","286.5","19"
"17.976548660958123","288","19"
"13.686329020185266","289.5","19"
"22.90879629735714","291","19"
"22.106706036384512","292.5","19"
"9.63659567622857","294","19"
"19.609115467568266","295.5","19"
"31.51045211391171","297","19"
"14.265717970882172","298.5","19"
"6.843112239742771","300","19"