"cell_dist","time","episode"
"3.1415926535897927","1.5","0"
"3.141592653589793","3","0"
"3.1415926535897927","4.5","0"
"3.141592653589793","6","0"
"0","7.5","0"
"3.1415926535897922","9","0"
"2.945243112740431","10.5","0"
"3.141592653589793","12","0"
"3.1415926535897927","13.5","0"
"3.141592653589793","15","0"
"3.141592653589793","16.5","0"
"0","18","0"
"3.141592653589793","19.5","0"
"0","21","0"
"3.1415926535897927","22.5","0"
"3.1415926535897927","24","0"
"3.141592653589793","25.5","0"
"0","27","0"
"3.0106929596902186","28.5","0"
"0","30","0"
"3.1415926535897922","31.5","0"
"3.141592653589793","33","0"
"3.141592653589793","34.5","0"
"3.0106929596902186","36","0"
"3.0761428066400054","37.5","0"
"3.0106929596902186","39","0"
"3.141592653589793","40.5","0"
"0","42","0"
"3.1415926535897922","43.5","0"
"3.1415926535897927","45","0"
"3.076142806640006","46.5","0"
"3.141592653589793","48","0"
"0","49.5","0"
"3.141592653589793","51","0"
"0","52.5","0"
"3.0761428066400054","54","0"
"3.0106929596902186","55.5","0"
"3.1415926535897927","57","0"
"3.1415926535897927","58.5","0"
"3.0761428066400054","60","0"
"0","61.5","0"
"3.141592653589793","63","0"
"0","64.5","0"
"3.0761428066400063","66","0"
"3.0106929596902177","67.5","0"
"3.141592653589793","69","0"
"3.0761428066400054","70.5","0"
"3.0761428066400054","72","0"
"3.141592653589793","73.5","0"
"3.076142806640006","75","0"
"3.141592653589793","76.5","0"
"3.1415926535897922","78","0"
"0","79.5","0"
"3.076142806640006","81","0"
"3.0761428066400054","82.5","0"
"3.141592653589793","84","0"
"3.0761428066400054","85.5","0"
"3.141592653589793","87","0"
"3.076142806640006","88.5","0"
"3.0761428066400054","90","0"
"3.1415926535897927","91.5","0"
"3.141592653589793","93","0"
"3.1415926535897927","94.5","0"
"0","96","0"
"3.1415926535897927","97.5","0"
"3.076142806640006","99","0"
"3.1415926535897927","100.5","0"
"0","102","0"
"3.1415926535897927","103.5","0"
"3.076142806640006","105","0"
"3.141592653589793","106.5","0"
"0","108","0"
"3.1415926535897927","109.5","0"
"3.141592653589793","111","0"
"3.0761428066400063","112.5","0"
"3.141592653589793","114","0"
"3.0761428066400063","115.5","0"
"3.1415926535897927","117","0"
"3.141592653589793","118.5","0"
"0","120","0"
"3.141592653589793","121.5","0"
"3.0106929596902186","123","0"
"3.1415926535897922","124.5","0"
"3.0106929596902186","126","0"
"3.0761428066400063","127.5","0"
"3.141592653589793","129","0"
"3.141592653589793","130.5","0"
"3.1415926535897927","132","0"
"3.0761428066400054","133.5","0"
"3.076142806640006","135","0"
"0","136.5","0"
"3.141592653589793","138","0"
"3.1415926535897927","139.5","0"
"3.076142806640006","141","0"
"3.0761428066400054","142.5","0"
"3.076142806640006","144","0"
"0","145.5","0"
"3.010692959690219","147","0"
"0","148.5","0"
"3.076142806640006","150","0"
"3.076142806640006","151.5","0"
"3.0761428066400054","153","0"
"0","154.5","0"
"3.141592653589793","156","0"
"3.076142806640006","157.5","0"
"3.1415926535897922","159","0"
"3.0106929596902186","160.5","0"
"3.0761428066400063","162","0"
"3.076142806640006","163.5","0"
"3.141592653589793","165","0"
"3.1415926535897927","166.5","0"
"3.0761428066400054","168","0"
"3.1415926535897927","169.5","0"
"0","171","0"
"3.076142806640006","172.5","0"
"3.1415926535897927","174","0"
"3.141592653589793","175.5","0"
"0","177","0"
"3.1415926535897927","178.5","0"
"3.141592653589793","180","0"
"3.1415926535897922","181.5","0"
"3.0761428066400054","183","0"
"3.076142806640006","184.5","0"
"3.076142806640006","186","0"
"3.0761428066400054","187.5","0"
"3.076142806640006","189","0"
"0","190.5","0"
"3.1415926535897927","192","0"
"0","193.5","0"
"3.141592653589793","195","0"
"3.1415926535897927","196.5","0"
"3.076142806640006","198","0"
"0","199.5","0"
"3.141592653589793","201","0"
"3.141592653589793","202.5","0"
"3.1415926535897922","204","0"
"0","205.5","0"
"3.076142806640006","207","0"
"3.076142806640006","208.5","0"
"3.141592653589793","210","0"
"3.1415926535897927","211.5","0"
"3.0761428066400054","213","0"
"3.0106929596902177","214.5","0"
"3.141592653589793","216","0"
"3.141592653589793","217.5","0"
"3.1415926535897927","219","0"
"3.1415926535897927","220.5","0"
"3.141592653589793","222","0"
"3.141592653589793","223.5","0"
"3.076142806640006","225","0"
"3.1415926535897922","226.5","0"
"0","228","0"
"0","229.5","0"
"3.0761428066400054","231","0"
"3.141592653589793","232.5","0"
"3.1415926535897927","234","0"
"3.0761428066400054","235.5","0"
"3.0761428066400054","237","0"
"0","238.5","0"
"3.0761428066400054","240","0"
"3.1415926535897927","241.5","0"
"3.076142806640006","243","0"
"0","244.5","0"
"3.076142806640006","246","0"
"3.0761428066400054","247.5","0"
"3.0761428066400054","249","0"
"3.0761428066400054","250.5","0"
"3.141592653589793","252","0"
"3.0761428066400054","253.5","0"
"3.0761428066400054","255","0"
"3.141592653589793","256.5","0"
"3.076142806640006","258","0"
"3.0761428066400054","259.5","0"
"0","261","0"
"3.0761428066400054","262.5","0"
"3.0761428066400054","264","0"
"3.1415926535897927","265.5","0"
"0","267","0"
"3.076142806640006","268.5","0"
"3.141592653589793","270","0"
"0","271.5","0"
"3.010692959690218","273","0"
"3.141592653589793","274.5","0"
"3.141592653589793","276","0"
"0","277.5","0"
"3.1415926535897927","279","0"
"3.141592653589793","280.5","0"
"3.141592653589793","282","0"
"0","283.5","0"
"3.1415926535897922","285","0"
"3.076142806640006","286.5","0"
"2.945243112740431","288","0"
"0","289.5","0"
"3.0761428066400054","291","0"
"3.0761428066400063","292.5","0"
"0","294","0"
"3.141592653589793","295.5","0"
"3.0761428066400063","297","0"
"3.141592653589793","298.5","0"
"3.1415926535897927","300","0"
"0","1.5","1"
"3.010692959690219","3","1"
"3.141592653589793","4.5","1"
"0","6","1"
"0","7.5","1"
"3.141592653589793","9","1"
"0","10.5","1"
"0","12","1"
"3.141592653589793","13.5","1"
"3.141592653589793","15","1"
"3.0761428066400063","16.5","1"
"3.076142806640006","18","1"
"0","19.5","1"
"0","21","1"
"3.141592653589793","22.5","1"
"3.0761428066400054","24","1"
"3.141592653589793","25.5","1"
"3.141592653589793","27","1"
"3.0761428066400063","28.5","1"
"0","30","1"
"0","31.5","1"
"0","33","1"
"3.076142806640006","34.5","1"
"3.0761428066400054","36","1"
"3.0106929596902186","37.5","1"
"3.141592653589793","39","1"
"3.0761428066400063","40.5","1"
"0","42","1"
"0","43.5","1"
"0","45","1"
"3.1415926535897927","46.5","1"
"3.0761428066400054","48","1"
"3.141592653589793","49.5","1"
"3.141592653589793","51","1"
"3.141592653589793","52.5","1"
"0","54","1"
"0","55.5","1"
"0","57","1"
"3.1415926535897927","58.5","1"
"3.1415926535897927","60","1"
"3.0106929596902186","61.5","1"
"3.0761428066400054","63","1"
"0","64.5","1"
"3.1415926535897927","66","1"
"0","67.5","1"
"0","69","1"
"3.076142806640006","70.5","1"
"3.1415926535897927","72","1"
"3.010692959690218","73.5","1"
"3.0761428066400054","75","1"
"3.0761428066400054","76.5","1"
"0","78","1"
"0","79.5","1"
"0","81","1"
"3.0761428066400054","82.5","1"
"3.076142806640006","84","1"
"3.0761428066400054","85.5","1"
"3.0761428066400054","87","1"
"3.0761428066400054","88.5","1"
"3.076142806640006","90","1"
"0","91.5","1"
"0","93","1"
"3.0761428066400054","94.5","1"
"0","96","1"
"3.0106929596902186","97.5","1"
"3.0106929596902186","99","1"
"3.0106929596902177","100.5","1"
"0","102","1"
"0","103.5","1"
"3.0106929596902186","105","1"
"3.0761428066400063","106.5","1"
"0","108","1"
"3.010692959690218","109.5","1"
"2.9452431127404313","111","1"
"3.0106929596902186","112.5","1"
"0","114","1"
"2.9452431127404313","115.5","1"
"2.9452431127404313","117","1"
"0","118.5","1"
"0","120","1"
"3.0106929596902186","121.5","1"
"2.945243112740431","123","1"
"3.010692959690218","124.5","1"
"0","126","1"
"2.8797932657906435","127.5","1"
"3.0106929596902186","129","1"
"2.879793265790644","130.5","1"
"0","132","1"
"2.945243112740431","133.5","1"
"2.9452431127404313","135","1"
"3.0761428066400054","136.5","1"
"2.9452431127404313","138","1"
"3.0106929596902186","139.5","1"
"3.0106929596902177","141","1"
"3.0761428066400054","142.5","1"
"3.076142806640006","144","1"
"2.945243112740431","145.5","1"
"2.8797932657906435","147","1"
"0","148.5","1"
"2.879793265790644","150","1"
"3.0761428066400054","151.5","1"
"3.141592653589793","153","1"
"0","154.5","1"
"0","156","1"
"3.0106929596902186","157.5","1"
"3.141592653589793","159","1"
"0","160.5","1"
"3.141592653589793","162","1"
"3.141592653589793","163.5","1"
"3.141592653589793","165","1"
"0","166.5","1"
"3.0761428066400054","168","1"
"3.0106929596902186","169.5","1"
"3.0761428066400063","171","1"
"2.879793265790643","172.5","1"
"3.0761428066400054","174","1"
"3.1415926535897927","175.5","1"
"0","177","1"
"3.0761428066400063","178.5","1"
"3.0106929596902186","180","1"
"3.141592653589793","181.5","1"
"3.141592653589793","183","1"
"3.076142806640006","184.5","1"
"3.0761428066400063","186","1"
"3.0761428066400054","187.5","1"
"0","189","1"
"3.0761428066400063","190.5","1"
"2.945243112740431","192","1"
"3.141592653589793","193.5","1"
"3.0106929596902177","195","1"
"3.076142806640006","196.5","1"
"3.0761428066400063","198","1"
"3.0761428066400063","199.5","1"
"0","201","1"
"3.0761428066400054","202.5","1"
"3.076142806640006","204","1"
"3.076142806640006","205.5","1"
"3.076142806640006","207","1"
"3.141592653589793","208.5","1"
"3.0106929596902186","210","1"
"3.076142806640006","211.5","1"
"0","213","1"
"2.945243112740431","214.5","1"
"3.0761428066400063","216","1"
"3.0761428066400063","217.5","1"
"2.9452431127404313","219","1"
"3.0761428066400054","220.5","1"
"3.0761428066400063","222","1"
"3.0761428066400063","223.5","1"
"0","225","1"
"3.0761428066400054","226.5","1"
"3.0106929596902186","228","1"
"0","229.5","1"
"3.0761428066400054","231","1"
"3.0761428066400063","232.5","1"
"3.0761428066400063","234","1"
"3.076142806640006","235.5","1"
"3.1415926535897927","237","1"
"3.1415926535897927","238.5","1"
"3.0761428066400054","240","1"
"0","241.5","1"
"3.0761428066400063","243","1"
"3.076142806640006","244.5","1"
"3.076142806640006","246","1"
"3.076142806640006","247.5","1"
"3.0761428066400063","249","1"
"3.1415926535897927","250.5","1"
"3.0761428066400063","252","1"
"0","253.5","1"
"3.076142806640006","255","1"
"3.076142806640006","256.5","1"
"3.0761428066400054","258","1"
"3.0106929596902186","259.5","1"
"3.0761428066400063","261","1"
"3.076142806640006","262.5","1"
"0","264","1"
"3.076142806640006","265.5","1"
"3.0761428066400063","267","1"
"3.141592653589793","268.5","1"
"0","270","1"
"3.0761428066400063","271.5","1"
"3.1415926535897927","273","1"
"0","274.5","1"
"3.1415926535897922","276","1"
"3.141592653589793","277.5","1"
"3.141592653589793","279","1"
"0","280.5","1"
"3.076142806640006","282","1"
"0","283.5","1"
"2.945243112740431","285","1"
"0","286.5","1"
"3.0761428066400063","288","1"
"3.1415926535897927","289.5","1"
"3.0761428066400054","291","1"
"0","292.5","1"
"3.0761428066400054","294","1"
"3.141592653589793","295.5","1"
"3.1415926535897927","297","1"
"0","298.5","1"
"3.1415926535897927","300","1"
"3.141592653589793","1.5","2"
"0","3","2"
"3.1415926535897927","4.5","2"
"3.141592653589793","6","2"
"0","7.5","2"
"3.141592653589793","9","2"
"3.0761428066400054","10.5","2"
"3.1415926535897927","12","2"
"2.945243112740431","13.5","2"
"3.141592653589793","15","2"
"3.0106929596902186","16.5","2"
"3.0761428066400054","18","2"
"3.0761428066400054","19.5","2"
"3.1415926535897927","21","2"
"0","22.5","2"
"0","24","2"
"3.0761428066400054","25.5","2"
"3.010692959690218","27","2"
"3.0761428066400054","28.5","2"
"3.0761428066400054","30","2"
"0","31.5","2"
"3.1415926535897927","33","2"
"0","34.5","2"
"3.0761428066400054","36","2"
"3.076142806640006","37.5","2"
"3.076142806640006","39","2"
"3.1415926535897927","40.5","2"
"2.9452431127404304","42","2"
"3.141592653589793","43.5","2"
"0","45","2"
"0","46.5","2"
"0","48","2"
"3.076142806640006","49.5","2"
"3.1415926535897927","51","2"
"3.141592653589793","52.5","2"
"0","54","2"
"3.0761428066400054","55.5","2"
"0","57","2"
"3.1415926535897927","58.5","2"
"3.0761428066400054","60","2"
"3.0761428066400063","61.5","2"
"3.1415926535897927","63","2"
"3.010692959690218","64.5","2"
"3.076142806640006","66","2"
"0","67.5","2"
"0","69","2"
"3.010692959690218","70.5","2"
"3.0761428066400054","72","2"
"3.141592653589793","73.5","2"
"3.076142806640006","75","2"
"3.010692959690218","76.5","2"
"0","78","2"
"3.141592653589793","79.5","2"
"3.0761428066400054","81","2"
"3.1415926535897927","82.5","2"
"3.0106929596902177","84","2"
"3.0761428066400063","85.5","2"
"3.0761428066400054","87","2"
"3.0761428066400054","88.5","2"
"3.1415926535897927","90","2"
"0","91.5","2"
"3.076142806640006","93","2"
"3.076142806640006","94.5","2"
"0","96","2"
"3.141592653589793","97.5","2"
"3.1415926535897927","99","2"
"3.141592653589793","100.5","2"
"0","102","2"
"3.141592653589793","103.5","2"
"3.010692959690218","105","2"
"3.076142806640006","106.5","2"
"0","108","2"
"3.1415926535897927","109.5","2"
"3.1415926535897927","111","2"
"3.0761428066400054","112.5","2"
"3.1415926535897927","114","2"
"0","115.5","2"
"0","117","2"
"3.0106929596902186","118.5","2"
"3.0761428066400054","120","2"
"3.141592653589793","121.5","2"
"3.0761428066400063","123","2"
"3.0761428066400054","124.5","2"
"3.0106929596902177","126","2"
"3.076142806640006","127.5","2"
"0","129","2"
"3.076142806640006","130.5","2"
"3.1415926535897922","132","2"
"3.141592653589793","133.5","2"
"3.0761428066400054","135","2"
"3.0761428066400054","136.5","2"
"0","138","2"
"3.141592653589793","139.5","2"
"3.0761428066400054","141","2"
"3.0761428066400054","142.5","2"
"0","144","2"
"3.0761428066400063","145.5","2"
"3.0761428066400054","147","2"
"3.141592653589793","148.5","2"
"3.1415926535897927","150","2"
"0","151.5","2"
"3.141592653589793","153","2"
"3.076142806640006","154.5","2"
"0","156","2"
"3.0106929596902186","157.5","2"
"3.0761428066400063","159","2"
"3.0761428066400054","160.5","2"
"2.945243112740431","162","2"
"3.141592653589793","163.5","2"
"3.0761428066400054","165","2"
"3.076142806640006","166.5","2"
"0","168","2"
"3.141592653589793","169.5","2"
"3.141592653589793","171","2"
"3.141592653589793","172.5","2"
"0","174","2"
"0","175.5","2"
"0","177","2"
"3.076142806640006","178.5","2"
"3.0761428066400054","180","2"
"0","181.5","2"
"3.141592653589793","183","2"
"3.141592653589793","184.5","2"
"3.141592653589793","186","2"
"3.0761428066400054","187.5","2"
"3.0761428066400063","189","2"
"3.0761428066400054","190.5","2"
"3.141592653589793","192","2"
"3.141592653589793","193.5","2"
"3.1415926535897927","195","2"
"3.076142806640006","196.5","2"
"0","198","2"
"3.0761428066400054","199.5","2"
"3.141592653589793","201","2"
"0","202.5","2"
"0","204","2"
"3.141592653589793","205.5","2"
"3.141592653589793","207","2"
"3.076142806640006","208.5","2"
"3.0761428066400063","210","2"
"0","211.5","2"
"3.0761428066400063","213","2"
"3.076142806640006","214.5","2"
"3.0761428066400054","216","2"
"3.0106929596902186","217.5","2"
"3.141592653589793","219","2"
"3.141592653589793","220.5","2"
"3.141592653589793","222","2"
"3.141592653589793","223.5","2"
"3.0761428066400054","225","2"
"3.076142806640006","226.5","2"
"3.1415926535897927","228","2"
"3.0761428066400054","229.5","2"
"3.141592653589793","231","2"
"3.0761428066400054","232.5","2"
"0","234","2"
"3.076142806640006","235.5","2"
"3.141592653589793","237","2"
"3.1415926535897927","238.5","2"
"3.076142806640006","240","2"
"3.0761428066400063","241.5","2"
"3.0761428066400063","243","2"
"3.141592653589793","244.5","2"
"3.141592653589793","246","2"
"0","247.5","2"
"3.0761428066400054","249","2"
"3.141592653589793","250.5","2"
"3.141592653589793","252","2"
"2.945243112740431","253.5","2"
"3.0761428066400063","255","2"
"3.010692959690218","256.5","2"
"3.0761428066400063","258","2"
"0","259.5","2"
"3.141592653589793","261","2"
"0","262.5","2"
"3.141592653589793","264","2"
"3.0761428066400054","265.5","2"
"3.0761428066400063","267","2"
"3.141592653589793","268.5","2"
"3.0761428066400063","270","2"
"0","271.5","2"
"3.076142806640006","273","2"
"0","274.5","2"
"3.1415926535897927","276","2"
"0","277.5","2"
"3.0761428066400063","279","2"
"3.076142806640006","280.5","2"
"3.0761428066400063","282","2"
"0","283.5","2"
"3.1415926535897927","285","2"
"3.0761428066400063","286.5","2"
"3.1415926535897927","288","2"
"3.010692959690218","289.5","2"
"3.141592653589793","291","2"
"3.076142806640006","292.5","2"
"3.0106929596902186","294","2"
"3.0106929596902186","295.5","2"
"0","297","2"
"3.0761428066400054","298.5","2"
"3.1415926535897927","300","2"
"0","1.5","3"
"3.010692959690219","3","3"
"3.141592653589793","4.5","3"
"0","6","3"
"0","7.5","3"
"3.141592653589793","9","3"
"0","10.5","3"
"0","12","3"
"3.141592653589793","13.5","3"
"3.141592653589793","15","3"
"3.0761428066400063","16.5","3"
"3.076142806640006","18","3"
"0","19.5","3"
"0","21","3"
"3.141592653589793","22.5","3"
"3.0761428066400054","24","3"
"3.141592653589793","25.5","3"
"3.141592653589793","27","3"
"3.0761428066400063","28.5","3"
"0","30","3"
"0","31.5","3"
"0","33","3"
"3.076142806640006","34.5","3"
"3.0761428066400054","36","3"
"3.0106929596902186","37.5","3"
"3.141592653589793","39","3"
"3.0761428066400063","40.5","3"
"0","42","3"
"0","43.5","3"
"0","45","3"
"3.1415926535897927","46.5","3"
"3.0761428066400054","48","3"
"3.141592653589793","49.5","3"
"3.141592653589793","51","3"
"3.141592653589793","52.5","3"
"0","54","3"
"0","55.5","3"
"0","57","3"
"3.1415926535897927","58.5","3"
"3.1415926535897927","60","3"
"3.0106929596902186","61.5","3"
"3.0761428066400054","63","3"
"0","64.5","3"
"3.1415926535897927","66","3"
"0","67.5","3"
"0","69","3"
"3.076142806640006","70.5","3"
"3.1415926535897927","72","3"
"3.010692959690218","73.5","3"
"3.0761428066400054","75","3"
"3.0761428066400054","76.5","3"
"0","78","3"
"0","79.5","3"
"0","81","3"
"3.0761428066400054","82.5","3"
"3.076142806640006","84","3"
"3.0761428066400054","85.5","3"
"3.0761428066400054","87","3"
"3.0761428066400054","88.5","3"
"3.076142806640006","90","3"
"0","91.5","3"
"0","93","3"
"3.0761428066400054","94.5","3"
"0","96","3"
"3.0106929596902186","97.5","3"
"3.0106929596902186","99","3"
"3.0106929596902177","100.5","3"
"0","102","3"
"0","103.5","3"
"3.0106929596902186","105","3"
"3.0761428066400063","106.5","3"
"0","108","3"
"3.010692959690218","109.5","3"
"2.9452431127404313","111","3"
"3.0106929596902186","112.5","3"
"0","114","3"
"2.9452431127404313","115.5","3"
"2.9452431127404313","117","3"
"0","118.5","3"
"0","120","3"
"3.0106929596902186","121.5","3"
"2.945243112740431","123","3"
"3.010692959690218","124.5","3"
"0","126","3"
"2.8797932657906435","127.5","3"
"3.0106929596902186","129","3"
"2.879793265790644","130.5","3"
"0","132","3"
"2.945243112740431","133.5","3"
"2.9452431127404313","135","3"
"3.0761428066400054","136.5","3"
"2.9452431127404313","138","3"
"3.0106929596902186","139.5","3"
"3.0106929596902177","141","3"
"3.0761428066400054","142.5","3"
"3.076142806640006","144","3"
"2.945243112740431","145.5","3"
"2.8797932657906435","147","3"
"0","148.5","3"
"2.879793265790644","150","3"
"3.0761428066400054","151.5","3"
"3.141592653589793","153","3"
"0","154.5","3"
"0","156","3"
"3.0106929596902186","157.5","3"
"3.141592653589793","159","3"
"0","160.5","3"
"3.141592653589793","162","3"
"3.141592653589793","163.5","3"
"3.141592653589793","165","3"
"0","166.5","3"
"3.0761428066400054","168","3"
"3.0106929596902186","169.5","3"
"3.0761428066400063","171","3"
"2.879793265790643","172.5","3"
"3.0761428066400054","174","3"
"3.1415926535897927","175.5","3"
"0","177","3"
"3.0761428066400063","178.5","3"
"3.0106929596902186","180","3"
"3.141592653589793","181.5","3"
"3.141592653589793","183","3"
"3.076142806640006","184.5","3"
"3.0761428066400063","186","3"
"3.0761428066400054","187.5","3"
"0","189","3"
"3.0761428066400063","190.5","3"
"2.945243112740431","192","3"
"3.141592653589793","193.5","3"
"3.0106929596902177","195","3"
"3.076142806640006","196.5","3"
"3.0761428066400063","198","3"
"3.0761428066400063","199.5","3"
"0","201","3"
"3.0761428066400054","202.5","3"
"3.076142806640006","204","3"
"3.076142806640006","205.5","3"
"3.076142806640006","207","3"
"3.141592653589793","208.5","3"
"3.0106929596902186","210","3"
"3.076142806640006","211.5","3"
"0","213","3"
"2.945243112740431","214.5","3"
"3.0761428066400063","216","3"
"3.0761428066400063","217.5","3"
"2.9452431127404313","219","3"
"3.0761428066400054","220.5","3"
"3.0761428066400063","222","3"
"3.0761428066400063","223.5","3"
"0","225","3"
"3.0761428066400054","226.5","3"
"3.0106929596902186","228","3"
"0","229.5","3"
"3.0761428066400054","231","3"
"3.0761428066400063","232.5","3"
"3.0761428066400063","234","3"
"3.076142806640006","235.5","3"
"3.1415926535897927","237","3"
"3.1415926535897927","238.5","3"
"3.0761428066400054","240","3"
"0","241.5","3"
"3.0761428066400063","243","3"
"3.076142806640006","244.5","3"
"3.076142806640006","246","3"
"3.076142806640006","247.5","3"
"3.0761428066400063","249","3"
"3.1415926535897927","250.5","3"
"3.0761428066400063","252","3"
"0","253.5","3"
"3.076142806640006","255","3"
"3.076142806640006","256.5","3"
"3.0761428066400054","258","3"
"3.0106929596902186","259.5","3"
"3.0761428066400063","261","3"
"3.076142806640006","262.5","3"
"0","264","3"
"3.076142806640006","265.5","3"
"3.0761428066400063","267","3"
"3.141592653589793","268.5","3"
"0","270","3"
"3.0761428066400063","271.5","3"
"3.1415926535897927","273","3"
"0","274.5","3"
"3.1415926535897922","276","3"
"3.141592653589793","277.5","3"
"3.141592653589793","279","3"
"0","280.5","3"
"3.076142806640006","282","3"
"0","283.5","3"
"2.945243112740431","285","3"
"0","286.5","3"
"3.0761428066400063","288","3"
"3.1415926535897927","289.5","3"
"3.0761428066400054","291","3"
"0","292.5","3"
"3.0761428066400054","294","3"
"3.141592653589793","295.5","3"
"3.1415926535897927","297","3"
"0","298.5","3"
"3.1415926535897927","300","3"
"3.1415926535897927","1.5","4"
"3.141592653589793","3","4"
"3.1415926535897927","4.5","4"
"3.141592653589793","6","4"
"0","7.5","4"
"3.1415926535897922","9","4"
"2.945243112740431","10.5","4"
"3.141592653589793","12","4"
"3.1415926535897927","13.5","4"
"3.141592653589793","15","4"
"3.141592653589793","16.5","4"
"0","18","4"
"3.141592653589793","19.5","4"
"0","21","4"
"3.1415926535897927","22.5","4"
"3.1415926535897927","24","4"
"3.141592653589793","25.5","4"
"0","27","4"
"3.0106929596902186","28.5","4"
"0","30","4"
"3.1415926535897922","31.5","4"
"3.141592653589793","33","4"
"3.141592653589793","34.5","4"
"3.0106929596902186","36","4"
"3.0761428066400054","37.5","4"
"3.0106929596902186","39","4"
"3.141592653589793","40.5","4"
"0","42","4"
"3.1415926535897922","43.5","4"
"3.1415926535897927","45","4"
"3.076142806640006","46.5","4"
"3.141592653589793","48","4"
"0","49.5","4"
"3.141592653589793","51","4"
"0","52.5","4"
"3.0761428066400054","54","4"
"3.0106929596902186","55.5","4"
"3.1415926535897927","57","4"
"3.1415926535897927","58.5","4"
"3.0761428066400054","60","4"
"0","61.5","4"
"3.141592653589793","63","4"
"0","64.5","4"
"3.0761428066400063","66","4"
"3.0106929596902177","67.5","4"
"3.141592653589793","69","4"
"3.0761428066400054","70.5","4"
"3.0761428066400054","72","4"
"3.141592653589793","73.5","4"
"3.076142806640006","75","4"
"3.141592653589793","76.5","4"
"3.1415926535897922","78","4"
"0","79.5","4"
"3.076142806640006","81","4"
"3.0761428066400054","82.5","4"
"3.141592653589793","84","4"
"3.0761428066400054","85.5","4"
"3.141592653589793","87","4"
"3.076142806640006","88.5","4"
"3.0761428066400054","90","4"
"3.1415926535897927","91.5","4"
"3.141592653589793","93","4"
"3.1415926535897927","94.5","4"
"0","96","4"
"3.1415926535897927","97.5","4"
"3.076142806640006","99","4"
"3.1415926535897927","100.5","4"
"0","102","4"
"3.1415926535897927","103.5","4"
"3.076142806640006","105","4"
"3.141592653589793","106.5","4"
"0","108","4"
"3.1415926535897927","109.5","4"
"3.141592653589793","111","4"
"3.0761428066400063","112.5","4"
"3.141592653589793","114","4"
"3.0761428066400063","115.5","4"
"3.1415926535897927","117","4"
"3.141592653589793","118.5","4"
"0","120","4"
"3.141592653589793","121.5","4"
"3.0106929596902186","123","4"
"3.1415926535897922","124.5","4"
"3.0106929596902186","126","4"
"3.0761428066400063","127.5","4"
"3.141592653589793","129","4"
"3.141592653589793","130.5","4"
"3.1415926535897927","132","4"
"3.0761428066400054","133.5","4"
"3.076142806640006","135","4"
"0","136.5","4"
"3.141592653589793","138","4"
"3.1415926535897927","139.5","4"
"3.076142806640006","141","4"
"3.0761428066400054","142.5","4"
"3.076142806640006","144","4"
"0","145.5","4"
"3.010692959690219","147","4"
"0","148.5","4"
"3.076142806640006","150","4"
"3.076142806640006","151.5","4"
"3.0761428066400054","153","4"
"0","154.5","4"
"3.141592653589793","156","4"
"3.076142806640006","157.5","4"
"3.1415926535897922","159","4"
"3.0106929596902186","160.5","4"
"3.0761428066400063","162","4"
"3.076142806640006","163.5","4"
"3.141592653589793","165","4"
"3.1415926535897927","166.5","4"
"3.0761428066400054","168","4"
"3.1415926535897927","169.5","4"
"0","171","4"
"3.076142806640006","172.5","4"
"3.1415926535897927","174","4"
"3.141592653589793","175.5","4"
"0","177","4"
"3.1415926535897927","178.5","4"
"3.141592653589793","180","4"
"3.1415926535897922","181.5","4"
"3.0761428066400054","183","4"
"3.076142806640006","184.5","4"
"3.076142806640006","186","4"
"3.0761428066400054","187.5","4"
"3.076142806640006","189","4"
"0","190.5","4"
"3.1415926535897927","192","4"
"0","193.5","4"
"3.141592653589793","195","4"
"3.1415926535897927","196.5","4"
"3.076142806640006","198","4"
"0","199.5","4"
"3.141592653589793","201","4"
"3.141592653589793","202.5","4"
"3.1415926535897922","204","4"
"0","205.5","4"
"3.076142806640006","207","4"
"3.076142806640006","208.5","4"
"3.141592653589793","210","4"
"3.1415926535897927","211.5","4"
"3.0761428066400054","213","4"
"3.0106929596902177","214.5","4"
"3.141592653589793","216","4"
"3.141592653589793","217.5","4"
"3.1415926535897927","219","4"
"3.1415926535897927","220.5","4"
"3.141592653589793","222","4"
"3.141592653589793","223.5","4"
"3.076142806640006","225","4"
"3.1415926535897922","226.5","4"
"0","228","4"
"0","229.5","4"
"3.0761428066400054","231","4"
"3.141592653589793","232.5","4"
"3.1415926535897927","234","4"
"3.0761428066400054","235.5","4"
"3.0761428066400054","237","4"
"0","238.5","4"
"3.0761428066400054","240","4"
"3.1415926535897927","241.5","4"
"3.076142806640006","243","4"
"0","244.5","4"
"3.076142806640006","246","4"
"3.0761428066400054","247.5","4"
"3.0761428066400054","249","4"
"3.0761428066400054","250.5","4"
"3.141592653589793","252","4"
"3.0761428066400054","253.5","4"
"3.0761428066400054","255","4"
"3.141592653589793","256.5","4"
"3.076142806640006","258","4"
"3.0761428066400054","259.5","4"
"0","261","4"
"3.0761428066400054","262.5","4"
"3.0761428066400054","264","4"
"3.1415926535897927","265.5","4"
"0","267","4"
"3.076142806640006","268.5","4"
"3.141592653589793","270","4"
"0","271.5","4"
"3.010692959690218","273","4"
"3.141592653589793","274.5","4"
"3.141592653589793","276","4"
"0","277.5","4"
"3.1415926535897927","279","4"
"3.141592653589793","280.5","4"
"3.141592653589793","282","4"
"0","283.5","4"
"3.1415926535897922","285","4"
"3.076142806640006","286.5","4"
"2.945243112740431","288","4"
"0","289.5","4"
"3.0761428066400054","291","4"
"3.0761428066400063","292.5","4"
"0","294","4"
"3.141592653589793","295.5","4"
"3.0761428066400063","297","4"
"3.141592653589793","298.5","4"
"3.1415926535897927","300","4"
"3.141592653589793","1.5","5"
"0","3","5"
"3.141592653589793","4.5","5"
"3.141592653589793","6","5"
"0","7.5","5"
"0","9","5"
"0","10.5","5"
"3.0106929596902186","12","5"
"0","13.5","5"
"3.1415926535897927","15","5"
"3.141592653589793","16.5","5"
"3.1415926535897927","18","5"
"3.141592653589793","19.5","5"
"0","21","5"
"0","22.5","5"
"3.076142806640006","24","5"
"3.076142806640006","25.5","5"
"3.0761428066400054","27","5"
"3.0761428066400054","28.5","5"
"3.1415926535897927","30","5"
"3.1415926535897927","31.5","5"
"2.9452431127404313","33","5"
"3.0761428066400063","34.5","5"
"3.0761428066400063","36","5"
"0","37.5","5"
"3.0761428066400054","39","5"
"2.945243112740431","40.5","5"
"3.076142806640006","42","5"
"0","43.5","5"
"0","45","5"
"0","46.5","5"
"3.141592653589793","48","5"
"3.010692959690218","49.5","5"
"3.0761428066400054","51","5"
"3.076142806640006","52.5","5"
"3.141592653589793","54","5"
"0","55.5","5"
"0","57","5"
"0","58.5","5"
"3.0761428066400054","60","5"
"3.1415926535897927","61.5","5"
"3.141592653589793","63","5"
"3.010692959690218","64.5","5"
"3.0761428066400054","66","5"
"0","67.5","5"
"0","69","5"
"0","70.5","5"
"0","72","5"
"3.076142806640006","73.5","5"
"3.0761428066400054","75","5"
"3.076142806640006","76.5","5"
"3.0761428066400054","78","5"
"0","79.5","5"
"0","81","5"
"3.1415926535897927","82.5","5"
"0","84","5"
"3.010692959690218","85.5","5"
"3.0761428066400063","87","5"
"3.0761428066400054","88.5","5"
"3.0761428066400054","90","5"
"0","91.5","5"
"0","93","5"
"3.0761428066400054","94.5","5"
"0","96","5"
"3.1415926535897927","97.5","5"
"3.141592653589793","99","5"
"3.141592653589793","100.5","5"
"3.1415926535897927","102","5"
"0","103.5","5"
"0","105","5"
"3.076142806640006","106.5","5"
"3.0106929596902186","108","5"
"3.010692959690218","109.5","5"
"3.0106929596902177","111","5"
"3.0761428066400054","112.5","5"
"0","114","5"
"0","115.5","5"
"0","117","5"
"3.0761428066400054","118.5","5"
"0","120","5"
"3.0761428066400054","121.5","5"
"3.0106929596902186","123","5"
"3.0761428066400054","124.5","5"
"0","126","5"
"2.945243112740431","127.5","5"
"3.0761428066400054","129","5"
"3.0761428066400063","130.5","5"
"3.010692959690218","132","5"
"3.0106929596902186","133.5","5"
"3.0106929596902186","135","5"
"3.0106929596902177","136.5","5"
"2.879793265790643","138","5"
"0","139.5","5"
"2.9452431127404313","141","5"
"0","142.5","5"
"3.0106929596902186","144","5"
"2.945243112740431","145.5","5"
"2.9452431127404313","147","5"
"3.0761428066400054","148.5","5"
"2.879793265790643","150","5"
"2.945243112740431","151.5","5"
"3.0106929596902186","153","5"
"0","154.5","5"
"3.0106929596902186","156","5"
"3.0761428066400054","157.5","5"
"2.8797932657906435","159","5"
"3.010692959690218","160.5","5"
"2.8797932657906435","162","5"
"2.945243112740431","163.5","5"
"3.0761428066400054","165","5"
"0","166.5","5"
"2.945243112740431","168","5"
"2.945243112740431","169.5","5"
"3.010692959690218","171","5"
"2.8797932657906435","172.5","5"
"3.141592653589793","174","5"
"3.0106929596902177","175.5","5"
"3.1415926535897927","177","5"
"0","178.5","5"
"3.0106929596902186","180","5"
"2.945243112740431","181.5","5"
"0","183","5"
"3.0761428066400054","184.5","5"
"2.945243112740431","186","5"
"3.010692959690218","187.5","5"
"0","189","5"
"3.0761428066400054","190.5","5"
"2.945243112740431","192","5"
"2.945243112740431","193.5","5"
"3.0106929596902186","195","5"
"3.0761428066400054","196.5","5"
"3.0761428066400054","198","5"
"3.0761428066400054","199.5","5"
"0","201","5"
"3.141592653589793","202.5","5"
"3.0106929596902186","204","5"
"3.0761428066400063","205.5","5"
"0","207","5"
"3.141592653589793","208.5","5"
"3.1415926535897927","210","5"
"0","211.5","5"
"3.141592653589793","213","5"
"3.076142806640006","214.5","5"
"3.076142806640006","216","5"
"0","217.5","5"
"3.141592653589793","219","5"
"3.0106929596902186","220.5","5"
"3.0761428066400063","222","5"
"0","223.5","5"
"3.0761428066400054","225","5"
"3.076142806640006","226.5","5"
"3.1415926535897927","228","5"
"0","229.5","5"
"3.0761428066400063","231","5"
"3.0761428066400054","232.5","5"
"2.945243112740431","234","5"
"0","235.5","5"
"3.0761428066400054","237","5"
"3.076142806640006","238.5","5"
"3.0761428066400063","240","5"
"3.010692959690218","241.5","5"
"3.0761428066400054","243","5"
"3.0106929596902186","244.5","5"
"3.141592653589793","246","5"
"3.0761428066400063","247.5","5"
"3.141592653589793","249","5"
"3.0761428066400054","250.5","5"
"0","252","5"
"3.0761428066400054","253.5","5"
"3.0761428066400063","255","5"
"3.0761428066400063","256.5","5"
"0","258","5"
"0","259.5","5"
"0","261","5"
"3.0761428066400054","262.5","5"
"3.076142806640006","264","5"
"3.0106929596902177","265.5","5"
"3.1415926535897927","267","5"
"3.1415926535897927","268.5","5"
"0","270","5"
"3.0761428066400054","271.5","5"
"3.0761428066400054","273","5"
"3.141592653589793","274.5","5"
"0","276","5"
"3.141592653589793","277.5","5"
"3.0761428066400054","279","5"
"2.945243112740431","280.5","5"
"3.141592653589793","282","5"
"3.1415926535897927","283.5","5"
"0","285","5"
"0","286.5","5"
"3.141592653589793","288","5"
"3.141592653589793","289.5","5"
"3.010692959690218","291","5"
"0","292.5","5"
"3.1415926535897927","294","5"
"0","295.5","5"
"3.0761428066400054","297","5"
"2.945243112740431","298.5","5"
"3.0761428066400063","300","5"
"3.141592653589793","1.5","6"
"3.141592653589793","3","6"
"3.1415926535897927","4.5","6"
"3.141592653589793","6","6"
"0","7.5","6"
"3.0761428066400054","9","6"
"3.141592653589793","10.5","6"
"0","12","6"
"0","13.5","6"
"3.1415926535897927","15","6"
"3.1415926535897927","16.5","6"
"0","18","6"
"3.0761428066400054","19.5","6"
"3.1415926535897927","21","6"
"3.141592653589793","22.5","6"
"0","24","6"
"3.0761428066400054","25.5","6"
"3.1415926535897927","27","6"
"3.141592653589793","28.5","6"
"3.0761428066400054","30","6"
"3.0761428066400063","31.5","6"
"3.141592653589793","33","6"
"0","34.5","6"
"0","36","6"
"3.0761428066400054","37.5","6"
"3.141592653589793","39","6"
"3.141592653589793","40.5","6"
"3.0761428066400054","42","6"
"3.0761428066400054","43.5","6"
"0","45","6"
"3.0106929596902186","46.5","6"
"3.1415926535897927","48","6"
"3.0761428066400054","49.5","6"
"3.0761428066400054","51","6"
"0","52.5","6"
"3.0761428066400054","54","6"
"3.1415926535897927","55.5","6"
"3.141592653589793","57","6"
"0","58.5","6"
"3.141592653589793","60","6"
"3.0761428066400054","61.5","6"
"0","63","6"
"2.945243112740431","64.5","6"
"3.1415926535897927","66","6"
"0","67.5","6"
"2.945243112740431","69","6"
"3.076142806640006","70.5","6"
"3.010692959690218","72","6"
"3.0761428066400063","73.5","6"
"3.076142806640006","75","6"
"0","76.5","6"
"0","78","6"
"3.1415926535897927","79.5","6"
"3.141592653589793","81","6"
"0","82.5","6"
"2.945243112740431","84","6"
"3.1415926535897927","85.5","6"
"3.0761428066400054","87","6"
"0","88.5","6"
"3.0761428066400054","90","6"
"3.1415926535897927","91.5","6"
"0","93","6"
"0","94.5","6"
"3.141592653589793","96","6"
"3.010692959690218","97.5","6"
"3.0106929596902186","99","6"
"3.0761428066400054","100.5","6"
"0","102","6"
"3.0761428066400054","103.5","6"
"3.0761428066400054","105","6"
"0","106.5","6"
"3.010692959690218","108","6"
"3.0761428066400054","109.5","6"
"0","111","6"
"2.814343418840856","112.5","6"
"3.0761428066400054","114","6"
"3.010692959690218","115.5","6"
"0","117","6"
"0","118.5","6"
"0","120","6"
"3.010692959690218","121.5","6"
"3.0106929596902186","123","6"
"0","124.5","6"
"2.945243112740431","126","6"
"3.010692959690218","127.5","6"
"3.0761428066400054","129","6"
"0","130.5","6"
"3.0761428066400054","132","6"
"2.945243112740431","133.5","6"
"3.0106929596902186","135","6"
"2.8797932657906435","136.5","6"
"3.0106929596902186","138","6"
"0","139.5","6"
"3.010692959690218","141","6"
"0","142.5","6"
"2.945243112740431","144","6"
"2.945243112740431","145.5","6"
"0","147","6"
"3.076142806640006","148.5","6"
"3.010692959690218","150","6"
"2.8143434188408563","151.5","6"
"2.8143434188408563","153","6"
"0","154.5","6"
"0","156","6"
"2.945243112740431","157.5","6"
"2.945243112740431","159","6"
"3.076142806640006","160.5","6"
"0","162","6"
"2.945243112740431","163.5","6"
"3.010692959690218","165","6"
"2.8797932657906435","166.5","6"
"3.0761428066400054","168","6"
"3.0761428066400054","169.5","6"
"3.0761428066400054","171","6"
"0","172.5","6"
"3.0761428066400054","174","6"
"2.945243112740431","175.5","6"
"3.010692959690218","177","6"
"0","178.5","6"
"0","180","6"
"3.010692959690218","181.5","6"
"3.0106929596902186","183","6"
"3.0761428066400054","184.5","6"
"0","186","6"
"3.010692959690218","187.5","6"
"3.010692959690218","189","6"
"0","190.5","6"
"0","192","6"
"0","193.5","6"
"2.945243112740431","195","6"
"0","196.5","6"
"3.0106929596902186","198","6"
"2.945243112740431","199.5","6"
"3.010692959690218","201","6"
"0","202.5","6"
"3.010692959690218","204","6"
"3.0761428066400054","205.5","6"
"3.0761428066400054","207","6"
"0","208.5","6"
"0","210","6"
"2.945243112740431","211.5","6"
"3.010692959690218","213","6"
"3.0761428066400054","214.5","6"
"0","216","6"
"0","217.5","6"
"3.0761428066400054","219","6"
"0","220.5","6"
"3.141592653589793","222","6"
"0","223.5","6"
"3.0761428066400054","225","6"
"3.010692959690218","226.5","6"
"3.076142806640006","228","6"
"3.076142806640006","229.5","6"
"3.0761428066400054","231","6"
"0","232.5","6"
"0","234","6"
"0","235.5","6"
"3.0761428066400054","237","6"
"2.8797932657906435","238.5","6"
"0","240","6"
"3.0106929596902186","241.5","6"
"3.141592653589793","243","6"
"3.1415926535897927","244.5","6"
"2.945243112740431","246","6"
"0","247.5","6"
"3.141592653589793","249","6"
"0","250.5","6"
"3.141592653589793","252","6"
"0","253.5","6"
"3.1415926535897927","255","6"
"0","256.5","6"
"0","258","6"
"0","259.5","6"
"3.0761428066400054","261","6"
"0","262.5","6"
"3.0761428066400054","264","6"
"3.010692959690218","265.5","6"
"3.0761428066400054","267","6"
"0","268.5","6"
"0","270","6"
"0","271.5","6"
"3.076142806640006","273","6"
"3.076142806640006","274.5","6"
"3.0761428066400054","276","6"
"0","277.5","6"
"3.1415926535897927","279","6"
"0","280.5","6"
"0","282","6"
"0","283.5","6"
"3.141592653589793","285","6"
"0","286.5","6"
"0","288","6"
"3.0761428066400063","289.5","6"
"3.1415926535897927","291","6"
"0","292.5","6"
"0","294","6"
"0","295.5","6"
"3.076142806640006","297","6"
"0","298.5","6"
"3.141592653589793","300","6"
"0","1.5","7"
"3.1415926535897927","3","7"
"3.1415926535897927","4.5","7"
"3.010692959690218","6","7"
"3.141592653589793","7.5","7"
"3.1415926535897927","9","7"
"3.141592653589793","10.5","7"
"3.0761428066400063","12","7"
"0","13.5","7"
"3.1415926535897927","15","7"
"3.0761428066400063","16.5","7"
"3.141592653589793","18","7"
"3.1415926535897927","19.5","7"
"0","21","7"
"3.076142806640006","22.5","7"
"0","24","7"
"3.141592653589793","25.5","7"
"3.076142806640006","27","7"
"3.141592653589793","28.5","7"
"0","30","7"
"0","31.5","7"
"0","33","7"
"3.141592653589793","34.5","7"
"3.076142806640006","36","7"
"0","37.5","7"
"3.1415926535897927","39","7"
"0","40.5","7"
"3.141592653589793","42","7"
"3.1415926535897927","43.5","7"
"0","45","7"
"3.0761428066400063","46.5","7"
"3.141592653589793","48","7"
"3.1415926535897927","49.5","7"
"3.0106929596902186","51","7"
"3.141592653589793","52.5","7"
"0","54","7"
"0","55.5","7"
"0","57","7"
"0","58.5","7"
"3.141592653589793","60","7"
"3.076142806640006","61.5","7"
"3.0761428066400054","63","7"
"2.945243112740431","64.5","7"
"3.0106929596902186","66","7"
"0","67.5","7"
"3.141592653589793","69","7"
"3.1415926535897927","70.5","7"
"0","72","7"
"3.1415926535897927","73.5","7"
"3.0761428066400063","75","7"
"3.141592653589793","76.5","7"
"3.1415926535897927","78","7"
"0","79.5","7"
"3.141592653589793","81","7"
"0","82.5","7"
"3.141592653589793","84","7"
"3.0106929596902186","85.5","7"
"3.1415926535897927","87","7"
"0","88.5","7"
"0","90","7"
"3.1415926535897927","91.5","7"
"3.0761428066400063","93","7"
"3.141592653589793","94.5","7"
"3.0761428066400063","96","7"
"3.1415926535897927","97.5","7"
"3.0761428066400063","99","7"
"3.0761428066400054","100.5","7"
"0","102","7"
"3.141592653589793","103.5","7"
"3.141592653589793","105","7"
"0","106.5","7"
"3.076142806640006","108","7"
"3.076142806640006","109.5","7"
"3.141592653589793","111","7"
"3.1415926535897927","112.5","7"
"3.1415926535897927","114","7"
"3.0761428066400054","115.5","7"
"3.1415926535897927","117","7"
"0","118.5","7"
"3.076142806640006","120","7"
"0","121.5","7"
"3.141592653589793","123","7"
"0","124.5","7"
"3.010692959690218","126","7"
"3.141592653589793","127.5","7"
"3.0761428066400054","129","7"
"3.0106929596902177","130.5","7"
"3.141592653589793","132","7"
"0","133.5","7"
"3.0761428066400054","135","7"
"3.1415926535897927","136.5","7"
"3.141592653589793","138","7"
"3.076142806640006","139.5","7"
"3.141592653589793","141","7"
"0","142.5","7"
"3.076142806640006","144","7"
"3.141592653589793","145.5","7"
"3.141592653589793","147","7"
"0","148.5","7"
"0","150","7"
"3.076142806640006","151.5","7"
"0","153","7"
"3.076142806640006","154.5","7"
"3.076142806640006","156","7"
"3.0761428066400054","157.5","7"
"3.1415926535897927","159","7"
"2.945243112740431","160.5","7"
"3.141592653589793","162","7"
"3.076142806640006","163.5","7"
"3.076142806640006","165","7"
"2.9452431127404304","166.5","7"
"3.076142806640006","168","7"
"3.141592653589793","169.5","7"
"3.0761428066400054","171","7"
"0","172.5","7"
"0","174","7"
"3.0761428066400054","175.5","7"
"0","177","7"
"3.0761428066400054","178.5","7"
"3.141592653589793","180","7"
"3.0761428066400054","181.5","7"
"0","183","7"
"0","184.5","7"
"2.945243112740431","186","7"
"3.0761428066400054","187.5","7"
"3.076142806640006","189","7"
"3.0761428066400054","190.5","7"
"3.076142806640006","192","7"
"3.076142806640006","193.5","7"
"3.0761428066400054","195","7"
"0","196.5","7"
"3.0106929596902186","198","7"
"3.0106929596902177","199.5","7"
"3.0761428066400054","201","7"
"2.8797932657906435","202.5","7"
"3.0761428066400054","204","7"
"3.0106929596902186","205.5","7"
"2.945243112740431","207","7"
"0","208.5","7"
"3.0106929596902186","210","7"
"0","211.5","7"
"3.0761428066400054","213","7"
"0","214.5","7"
"3.141592653589793","216","7"
"3.076142806640006","217.5","7"
"3.010692959690218","219","7"
"3.076142806640006","220.5","7"
"3.0761428066400054","222","7"
"2.9452431127404304","223.5","7"
"3.076142806640006","225","7"
"3.0761428066400054","226.5","7"
"3.010692959690218","228","7"
"2.945243112740431","229.5","7"
"2.945243112740431","231","7"
"0","232.5","7"
"0","234","7"
"0","235.5","7"
"3.076142806640006","237","7"
"3.0106929596902186","238.5","7"
"3.0106929596902186","240","7"
"3.0761428066400054","241.5","7"
"3.0106929596902186","243","7"
"3.0761428066400054","244.5","7"
"3.0761428066400054","246","7"
"0","247.5","7"
"3.0761428066400054","249","7"
"2.945243112740431","250.5","7"
"3.076142806640006","252","7"
"3.010692959690218","253.5","7"
"3.076142806640006","255","7"
"0","256.5","7"
"3.0106929596902177","258","7"
"0","259.5","7"
"0","261","7"
"3.0761428066400063","262.5","7"
"3.076142806640006","264","7"
"3.010692959690218","265.5","7"
"0","267","7"
"3.076142806640006","268.5","7"
"0","270","7"
"0","271.5","7"
"3.141592653589793","273","7"
"2.945243112740431","274.5","7"
"3.1415926535897927","276","7"
"3.010692959690218","277.5","7"
"2.9452431127404304","279","7"
"3.0761428066400063","280.5","7"
"3.141592653589793","282","7"
"3.076142806640006","283.5","7"
"3.1415926535897922","285","7"
"3.1415926535897927","286.5","7"
"3.1415926535897927","288","7"
"3.141592653589793","289.5","7"
"0","291","7"
"0","292.5","7"
"3.076142806640006","294","7"
"3.141592653589793","295.5","7"
"0","297","7"
"3.141592653589793","298.5","7"
"3.076142806640006","300","7"
"3.1415926535897927","1.5","8"
"0","3","8"
"3.010692959690219","4.5","8"
"3.0761428066400054","6","8"
"3.141592653589793","7.5","8"
"3.0761428066400054","9","8"
"3.0106929596902186","10.5","8"
"3.1415926535897927","12","8"
"3.141592653589793","13.5","8"
"3.1415926535897927","15","8"
"3.0761428066400054","16.5","8"
"3.1415926535897927","18","8"
"0","19.5","8"
"3.0761428066400063","21","8"
"3.076142806640006","22.5","8"
"3.1415926535897927","24","8"
"3.141592653589793","25.5","8"
"3.1415926535897927","27","8"
"0","28.5","8"
"3.0761428066400063","30","8"
"3.1415926535897927","31.5","8"
"3.0761428066400054","33","8"
"3.076142806640006","34.5","8"
"0","36","8"
"0","37.5","8"
"3.0761428066400054","39","8"
"3.076142806640006","40.5","8"
"3.0761428066400063","42","8"
"3.0761428066400054","43.5","8"
"3.076142806640005","45","8"
"0","46.5","8"
"3.076142806640006","48","8"
"3.0761428066400054","49.5","8"
"0","51","8"
"3.0761428066400054","52.5","8"
"3.141592653589793","54","8"
"3.076142806640005","55.5","8"
"0","57","8"
"3.010692959690218","58.5","8"
"3.076142806640006","60","8"
"0","61.5","8"
"3.0761428066400054","63","8"
"3.0761428066400063","64.5","8"
"3.010692959690218","66","8"
"3.0106929596902177","67.5","8"
"3.0761428066400054","69","8"
"3.0761428066400054","70.5","8"
"3.0761428066400054","72","8"
"0","73.5","8"
"3.0106929596902186","75","8"
"3.076142806640006","76.5","8"
"3.0106929596902177","78","8"
"3.1415926535897927","79.5","8"
"3.0106929596902186","81","8"
"3.076142806640006","82.5","8"
"3.0106929596902186","84","8"
"3.010692959690218","85.5","8"
"3.010692959690218","87","8"
"3.0106929596902177","88.5","8"
"0","90","8"
"3.010692959690218","91.5","8"
"3.0761428066400054","93","8"
"0","94.5","8"
"3.010692959690218","96","8"
"2.9452431127404313","97.5","8"
"3.076142806640005","99","8"
"0","100.5","8"
"2.945243112740431","102","8"
"0","103.5","8"
"3.0106929596902186","105","8"
"3.010692959690218","106.5","8"
"3.0106929596902186","108","8"
"2.9452431127404313","109.5","8"
"3.0106929596902177","111","8"
"0","112.5","8"
"3.010692959690218","114","8"
"3.010692959690218","115.5","8"
"3.010692959690218","117","8"
"3.010692959690218","118.5","8"
"2.9452431127404313","120","8"
"3.076142806640005","121.5","8"
"0","123","8"
"0","124.5","8"
"0","126","8"
"3.010692959690218","127.5","8"
"2.9452431127404313","129","8"
"2.945243112740431","130.5","8"
"3.010692959690218","132","8"
"3.0106929596902177","133.5","8"
"3.010692959690218","135","8"
"3.010692959690218","136.5","8"
"3.0761428066400054","138","8"
"3.0761428066400054","139.5","8"
"2.9452431127404313","141","8"
"3.0761428066400054","142.5","8"
"3.076142806640006","144","8"
"3.0761428066400054","145.5","8"
"2.8797932657906435","147","8"
"2.945243112740431","148.5","8"
"2.9452431127404313","150","8"
"3.0106929596902186","151.5","8"
"2.945243112740431","153","8"
"3.010692959690218","154.5","8"
"2.945243112740431","156","8"
"0","157.5","8"
"3.0106929596902177","159","8"
"2.879793265790643","160.5","8"
"3.0761428066400054","162","8"
"3.010692959690218","163.5","8"
"2.9452431127404313","165","8"
"3.010692959690218","166.5","8"
"2.9452431127404304","168","8"
"3.0106929596902186","169.5","8"
"2.8797932657906435","171","8"
"2.945243112740431","172.5","8"
"3.0106929596902186","174","8"
"2.879793265790644","175.5","8"
"3.010692959690218","177","8"
"2.9452431127404304","178.5","8"
"3.0761428066400054","180","8"
"2.945243112740431","181.5","8"
"2.879793265790643","183","8"
"2.8797932657906435","184.5","8"
"3.010692959690218","186","8"
"2.9452431127404313","187.5","8"
"3.0106929596902186","189","8"
"0","190.5","8"
"3.010692959690218","192","8"
"0","193.5","8"
"2.945243112740431","195","8"
"2.8797932657906435","196.5","8"
"3.010692959690218","198","8"
"3.0106929596902186","199.5","8"
"2.9452431127404313","201","8"
"3.010692959690218","202.5","8"
"3.0106929596902177","204","8"
"3.0761428066400054","205.5","8"
"2.945243112740431","207","8"
"2.879793265790643","208.5","8"
"2.879793265790643","210","8"
"3.010692959690218","211.5","8"
"2.8797932657906435","213","8"
"3.010692959690218","214.5","8"
"2.8797932657906435","216","8"
"3.0106929596902186","217.5","8"
"3.0106929596902186","219","8"
"2.945243112740431","220.5","8"
"2.8797932657906435","222","8"
"3.010692959690218","223.5","8"
"3.0106929596902186","225","8"
"2.9452431127404304","226.5","8"
"2.8797932657906435","228","8"
"3.010692959690218","229.5","8"
"3.0106929596902186","231","8"
"2.9452431127404313","232.5","8"
"2.879793265790643","234","8"
"2.879793265790643","235.5","8"
"3.010692959690218","237","8"
"0","238.5","8"
"2.9452431127404304","240","8"
"2.9452431127404304","241.5","8"
"3.0106929596902186","243","8"
"3.0106929596902186","244.5","8"
"2.945243112740431","246","8"
"2.8143434188408563","247.5","8"
"3.010692959690218","249","8"
"2.9452431127404313","250.5","8"
"2.9452431127404304","252","8"
"2.8797932657906435","253.5","8"
"2.945243112740431","255","8"
"3.0106929596902186","256.5","8"
"2.9452431127404313","258","8"
"2.879793265790643","259.5","8"
"2.879793265790643","261","8"
"3.010692959690218","262.5","8"
"0","264","8"
"2.9452431127404304","265.5","8"
"2.9452431127404304","267","8"
"2.9452431127404313","268.5","8"
"2.9452431127404313","270","8"
"2.945243112740431","271.5","8"
"2.8143434188408563","273","8"
"3.010692959690218","274.5","8"
"3.0106929596902186","276","8"
"2.9452431127404304","277.5","8"
"2.8797932657906435","279","8"
"2.945243112740431","280.5","8"
"3.010692959690218","282","8"
"2.9452431127404313","283.5","8"
"2.879793265790643","285","8"
"2.879793265790643","286.5","8"
"3.010692959690218","288","8"
"0","289.5","8"
"2.9452431127404304","291","8"
"2.9452431127404304","292.5","8"
"2.9452431127404313","294","8"
"2.9452431127404313","295.5","8"
"2.8797932657906435","297","8"
"2.8143434188408563","298.5","8"
"2.9452431127404304","300","8"
"3.1415926535897927","1.5","9"
"3.141592653589793","3","9"
"3.1415926535897927","4.5","9"
"3.141592653589793","6","9"
"0","7.5","9"
"3.1415926535897922","9","9"
"2.945243112740431","10.5","9"
"3.141592653589793","12","9"
"3.1415926535897927","13.5","9"
"3.141592653589793","15","9"
"3.141592653589793","16.5","9"
"0","18","9"
"3.141592653589793","19.5","9"
"0","21","9"
"3.1415926535897927","22.5","9"
"3.1415926535897927","24","9"
"3.141592653589793","25.5","9"
"0","27","9"
"3.0106929596902186","28.5","9"
"0","30","9"
"3.1415926535897922","31.5","9"
"3.141592653589793","33","9"
"3.141592653589793","34.5","9"
"3.0106929596902186","36","9"
"3.0761428066400054","37.5","9"
"3.0106929596902186","39","9"
"3.141592653589793","40.5","9"
"0","42","9"
"3.1415926535897922","43.5","9"
"3.1415926535897927","45","9"
"3.076142806640006","46.5","9"
"3.141592653589793","48","9"
"0","49.5","9"
"3.141592653589793","51","9"
"0","52.5","9"
"3.0761428066400054","54","9"
"3.0106929596902186","55.5","9"
"3.1415926535897927","57","9"
"3.1415926535897927","58.5","9"
"3.0761428066400054","60","9"
"0","61.5","9"
"3.141592653589793","63","9"
"0","64.5","9"
"3.0761428066400063","66","9"
"3.0106929596902177","67.5","9"
"3.141592653589793","69","9"
"3.0761428066400054","70.5","9"
"3.0761428066400054","72","9"
"3.141592653589793","73.5","9"
"3.076142806640006","75","9"
"3.141592653589793","76.5","9"
"3.1415926535897922","78","9"
"0","79.5","9"
"3.076142806640006","81","9"
"3.0761428066400054","82.5","9"
"3.141592653589793","84","9"
"3.0761428066400054","85.5","9"
"3.141592653589793","87","9"
"3.076142806640006","88.5","9"
"3.0761428066400054","90","9"
"3.1415926535897927","91.5","9"
"3.141592653589793","93","9"
"3.1415926535897927","94.5","9"
"0","96","9"
"3.1415926535897927","97.5","9"
"3.076142806640006","99","9"
"3.1415926535897927","100.5","9"
"0","102","9"
"3.1415926535897927","103.5","9"
"3.076142806640006","105","9"
"3.141592653589793","106.5","9"
"0","108","9"
"3.1415926535897927","109.5","9"
"3.141592653589793","111","9"
"3.0761428066400063","112.5","9"
"3.141592653589793","114","9"
"3.0761428066400063","115.5","9"
"3.1415926535897927","117","9"
"3.141592653589793","118.5","9"
"0","120","9"
"3.141592653589793","121.5","9"
"3.0106929596902186","123","9"
"3.1415926535897922","124.5","9"
"3.0106929596902186","126","9"
"3.0761428066400063","127.5","9"
"3.141592653589793","129","9"
"3.141592653589793","130.5","9"
"3.1415926535897927","132","9"
"3.0761428066400054","133.5","9"
"3.076142806640006","135","9"
"0","136.5","9"
"3.141592653589793","138","9"
"3.1415926535897927","139.5","9"
"3.076142806640006","141","9"
"3.0761428066400054","142.5","9"
"3.076142806640006","144","9"
"0","145.5","9"
"3.010692959690219","147","9"
"0","148.5","9"
"3.076142806640006","150","9"
"3.076142806640006","151.5","9"
"3.0761428066400054","153","9"
"0","154.5","9"
"3.141592653589793","156","9"
"3.076142806640006","157.5","9"
"3.1415926535897922","159","9"
"3.0106929596902186","160.5","9"
"3.0761428066400063","162","9"
"3.076142806640006","163.5","9"
"3.141592653589793","165","9"
"3.1415926535897927","166.5","9"
"3.0761428066400054","168","9"
"3.1415926535897927","169.5","9"
"0","171","9"
"3.076142806640006","172.5","9"
"3.1415926535897927","174","9"
"3.141592653589793","175.5","9"
"0","177","9"
"3.1415926535897927","178.5","9"
"3.141592653589793","180","9"
"3.1415926535897922","181.5","9"
"3.0761428066400054","183","9"
"3.076142806640006","184.5","9"
"3.076142806640006","186","9"
"3.0761428066400054","187.5","9"
"3.076142806640006","189","9"
"0","190.5","9"
"3.1415926535897927","192","9"
"0","193.5","9"
"3.141592653589793","195","9"
"3.1415926535897927","196.5","9"
"3.076142806640006","198","9"
"0","199.5","9"
"3.141592653589793","201","9"
"3.141592653589793","202.5","9"
"3.1415926535897922","204","9"
"0","205.5","9"
"3.076142806640006","207","9"
"3.076142806640006","208.5","9"
"3.141592653589793","210","9"
"3.1415926535897927","211.5","9"
"3.0761428066400054","213","9"
"3.0106929596902177","214.5","9"
"3.141592653589793","216","9"
"3.141592653589793","217.5","9"
"3.1415926535897927","219","9"
"3.1415926535897927","220.5","9"
"3.141592653589793","222","9"
"3.141592653589793","223.5","9"
"3.076142806640006","225","9"
"3.1415926535897922","226.5","9"
"0","228","9"
"0","229.5","9"
"3.0761428066400054","231","9"
"3.141592653589793","232.5","9"
"3.1415926535897927","234","9"
"3.0761428066400054","235.5","9"
"3.0761428066400054","237","9"
"0","238.5","9"
"3.0761428066400054","240","9"
"3.1415926535897927","241.5","9"
"3.076142806640006","243","9"
"0","244.5","9"
"3.076142806640006","246","9"
"3.0761428066400054","247.5","9"
"3.0761428066400054","249","9"
"3.0761428066400054","250.5","9"
"3.141592653589793","252","9"
"3.0761428066400054","253.5","9"
"3.0761428066400054","255","9"
"3.141592653589793","256.5","9"
"3.076142806640006","258","9"
"3.0761428066400054","259.5","9"
"0","261","9"
"3.0761428066400054","262.5","9"
"3.0761428066400054","264","9"
"3.1415926535897927","265.5","9"
"0","267","9"
"3.076142806640006","268.5","9"
"3.141592653589793","270","9"
"0","271.5","9"
"3.010692959690218","273","9"
"3.141592653589793","274.5","9"
"3.141592653589793","276","9"
"0","277.5","9"
"3.1415926535897927","279","9"
"3.141592653589793","280.5","9"
"3.141592653589793","282","9"
"0","283.5","9"
"3.1415926535897922","285","9"
"3.076142806640006","286.5","9"
"2.945243112740431","288","9"
"0","289.5","9"
"3.0761428066400054","291","9"
"3.0761428066400063","292.5","9"
"0","294","9"
"3.141592653589793","295.5","9"
"3.0761428066400063","297","9"
"3.141592653589793","298.5","9"
"3.1415926535897927","300","9"
"3.141592653589793","1.5","10"
"3.141592653589793","3","10"
"3.1415926535897927","4.5","10"
"3.076142806640006","6","10"
"0","7.5","10"
"3.141592653589793","9","10"
"3.0106929596902186","10.5","10"
"3.0761428066400063","12","10"
"3.0761428066400063","13.5","10"
"3.141592653589793","15","10"
"3.076142806640006","16.5","10"
"2.945243112740431","18","10"
"3.0106929596902186","19.5","10"
"0","21","10"
"3.141592653589793","22.5","10"
"3.141592653589793","24","10"
"3.141592653589793","25.5","10"
"3.1415926535897927","27","10"
"3.141592653589793","28.5","10"
"2.945243112740431","30","10"
"3.141592653589793","31.5","10"
"3.1415926535897927","33","10"
"3.141592653589793","34.5","10"
"0","36","10"
"3.0761428066400054","37.5","10"
"3.0761428066400054","39","10"
"3.1415926535897927","40.5","10"
"0","42","10"
"0","43.5","10"
"3.0106929596902186","45","10"
"3.0761428066400063","46.5","10"
"3.0761428066400054","48","10"
"3.0761428066400054","49.5","10"
"3.076142806640006","51","10"
"0","52.5","10"
"0","54","10"
"0","55.5","10"
"3.0761428066400054","57","10"
"3.0761428066400054","58.5","10"
"0","60","10"
"3.076142806640006","61.5","10"
"3.1415926535897927","63","10"
"0","64.5","10"
"3.0761428066400063","66","10"
"3.0761428066400054","67.5","10"
"3.0761428066400063","69","10"
"0","70.5","10"
"3.0761428066400054","72","10"
"3.141592653589793","73.5","10"
"3.141592653589793","75","10"
"0","76.5","10"
"0","78","10"
"3.0761428066400054","79.5","10"
"3.141592653589793","81","10"
"3.0761428066400054","82.5","10"
"3.076142806640006","84","10"
"3.1415926535897927","85.5","10"
"2.945243112740431","87","10"
"0","88.5","10"
"3.141592653589793","90","10"
"3.141592653589793","91.5","10"
"0","93","10"
"3.0761428066400054","94.5","10"
"3.1415926535897927","96","10"
"3.141592653589793","97.5","10"
"0","99","10"
"3.076142806640006","100.5","10"
"3.141592653589793","102","10"
"0","103.5","10"
"3.0761428066400054","105","10"
"3.1415926535897927","106.5","10"
"3.141592653589793","108","10"
"0","109.5","10"
"0","111","10"
"0","112.5","10"
"3.0761428066400063","114","10"
"3.141592653589793","115.5","10"
"3.0761428066400054","117","10"
"3.1415926535897927","118.5","10"
"2.945243112740431","120","10"
"0","121.5","10"
"0","123","10"
"3.0761428066400054","124.5","10"
"3.0761428066400063","126","10"
"3.1415926535897927","127.5","10"
"3.1415926535897927","129","10"
"3.141592653589793","130.5","10"
"0","132","10"
"3.1415926535897927","133.5","10"
"3.076142806640006","135","10"
"3.141592653589793","136.5","10"
"3.0761428066400054","138","10"
"3.1415926535897927","139.5","10"
"3.1415926535897927","141","10"
"0","142.5","10"
"0","144","10"
"0","145.5","10"
"3.141592653589793","147","10"
"3.0761428066400063","148.5","10"
"3.0761428066400054","150","10"
"3.141592653589793","151.5","10"
"3.0761428066400054","153","10"
"0","154.5","10"
"3.1415926535897927","156","10"
"3.0761428066400054","157.5","10"
"3.0761428066400063","159","10"
"3.076142806640006","160.5","10"
"3.1415926535897927","162","10"
"3.0761428066400063","163.5","10"
"3.0761428066400063","165","10"
"0","166.5","10"
"3.0761428066400063","168","10"
"3.0761428066400054","169.5","10"
"0","171","10"
"3.076142806640006","172.5","10"
"3.076142806640006","174","10"
"3.0106929596902186","175.5","10"
"0","177","10"
"0","178.5","10"
"0","180","10"
"3.141592653589793","181.5","10"
"3.1415926535897927","183","10"
"3.141592653589793","184.5","10"
"3.0106929596902186","186","10"
"3.0106929596902177","187.5","10"
"0","189","10"
"0","190.5","10"
"3.076142806640006","192","10"
"0","193.5","10"
"3.076142806640006","195","10"
"3.0106929596902186","196.5","10"
"3.0106929596902186","198","10"
"0","199.5","10"
"0","201","10"
"0","202.5","10"
"0","204","10"
"0","205.5","10"
"3.1415926535897927","207","10"
"0","208.5","10"
"0","210","10"
"0","211.5","10"
"0","213","10"
"3.0106929596902186","214.5","10"
"0","216","10"
"3.141592653589793","217.5","10"
"0","219","10"
"3.0106929596902186","220.5","10"
"0","222","10"
"0","223.5","10"
"0","225","10"
"3.076142806640006","226.5","10"
"0","228","10"
"3.0761428066400063","229.5","10"
"2.9452431127404317","231","10"
"3.076142806640006","232.5","10"
"0","234","10"
"0","235.5","10"
"3.076142806640006","237","10"
"0","238.5","10"
"3.076142806640006","240","10"
"3.0106929596902186","241.5","10"
"2.945243112740431","243","10"
"0","244.5","10"
"3.0761428066400054","246","10"
"0","247.5","10"
"3.0761428066400063","249","10"
"3.010692959690218","250.5","10"
"3.0761428066400063","252","10"
"3.141592653589793","253.5","10"
"3.0761428066400063","255","10"
"0","256.5","10"
"3.0761428066400054","258","10"
"2.945243112740431","259.5","10"
"3.0761428066400063","261","10"
"0","262.5","10"
"3.141592653589793","264","10"
"3.0106929596902186","265.5","10"
"3.076142806640006","267","10"
"0","268.5","10"
"3.0106929596902186","270","10"
"0","271.5","10"
"3.1415926535897927","273","10"
"3.0106929596902186","274.5","10"
"3.1415926535897927","276","10"
"2.945243112740431","277.5","10"
"3.076142806640006","279","10"
"3.1415926535897922","280.5","10"
"0","282","10"
"3.0106929596902186","283.5","10"
"3.0761428066400063","285","10"
"3.010692959690218","286.5","10"
"0","288","10"
"3.0106929596902186","289.5","10"
"3.0761428066400063","291","10"
"3.1415926535897922","292.5","10"
"0","294","10"
"3.141592653589793","295.5","10"
"3.1415926535897927","297","10"
"0","298.5","10"
"3.141592653589793","300","10"
"3.0761428066400054","1.5","11"
"3.141592653589793","3","11"
"3.141592653589793","4.5","11"
"3.0761428066400054","6","11"
"3.076142806640006","7.5","11"
"3.0761428066400063","9","11"
"3.1415926535897927","10.5","11"
"3.0106929596902186","12","11"
"3.141592653589793","13.5","11"
"3.0106929596902186","15","11"
"3.141592653589793","16.5","11"
"0","18","11"
"3.076142806640006","19.5","11"
"0","21","11"
"3.0106929596902186","22.5","11"
"0","24","11"
"3.141592653589793","25.5","11"
"3.076142806640006","27","11"
"0","28.5","11"
"3.141592653589793","30","11"
"3.076142806640006","31.5","11"
"3.0761428066400063","33","11"
"3.1415926535897927","34.5","11"
"0","36","11"
"3.141592653589793","37.5","11"
"3.141592653589793","39","11"
"3.1415926535897927","40.5","11"
"3.0106929596902186","42","11"
"3.141592653589793","43.5","11"
"2.945243112740431","45","11"
"3.0106929596902186","46.5","11"
"0","48","11"
"3.141592653589793","49.5","11"
"3.141592653589793","51","11"
"3.141592653589793","52.5","11"
"3.141592653589793","54","11"
"3.141592653589793","55.5","11"
"0","57","11"
"0","58.5","11"
"0","60","11"
"3.141592653589793","61.5","11"
"0","63","11"
"3.1415926535897927","64.5","11"
"0","66","11"
"3.0761428066400063","67.5","11"
"2.945243112740431","69","11"
"0","70.5","11"
"3.0106929596902186","72","11"
"3.0761428066400054","73.5","11"
"0","75","11"
"3.0761428066400054","76.5","11"
"3.076142806640006","78","11"
"3.1415926535897927","79.5","11"
"3.141592653589793","81","11"
"3.076142806640006","82.5","11"
"0","84","11"
"3.0761428066400054","85.5","11"
"0","87","11"
"0","88.5","11"
"3.141592653589793","90","11"
"3.141592653589793","91.5","11"
"0","93","11"
"3.1415926535897927","94.5","11"
"0","96","11"
"3.0761428066400054","97.5","11"
"3.0761428066400054","99","11"
"3.1415926535897927","100.5","11"
"3.076142806640006","102","11"
"3.076142806640006","103.5","11"
"3.141592653589793","105","11"
"3.0106929596902186","106.5","11"
"0","108","11"
"0","109.5","11"
"3.141592653589793","111","11"
"3.141592653589793","112.5","11"
"3.141592653589793","114","11"
"3.0761428066400063","115.5","11"
"3.0761428066400063","117","11"
"0","118.5","11"
"3.0106929596902186","120","11"
"3.141592653589793","121.5","11"
"0","123","11"
"3.1415926535897927","124.5","11"
"3.076142806640006","126","11"
"3.1415926535897927","127.5","11"
"3.0106929596902186","129","11"
"3.076142806640006","130.5","11"
"3.0761428066400063","132","11"
"3.141592653589793","133.5","11"
"0","135","11"
"3.0761428066400054","136.5","11"
"3.076142806640006","138","11"
"3.1415926535897927","139.5","11"
"3.141592653589793","141","11"
"3.076142806640006","142.5","11"
"0","144","11"
"3.141592653589793","145.5","11"
"0","147","11"
"0","148.5","11"
"3.141592653589793","150","11"
"3.141592653589793","151.5","11"
"0","153","11"
"3.1415926535897927","154.5","11"
"0","156","11"
"3.141592653589793","157.5","11"
"3.141592653589793","159","11"
"3.1415926535897927","160.5","11"
"3.0106929596902186","162","11"
"3.141592653589793","163.5","11"
"3.141592653589793","165","11"
"3.0106929596902186","166.5","11"
"3.0761428066400063","168","11"
"3.076142806640006","169.5","11"
"3.141592653589793","171","11"
"0","172.5","11"
"3.141592653589793","174","11"
"3.141592653589793","175.5","11"
"3.1415926535897927","177","11"
"0","178.5","11"
"3.0761428066400063","180","11"
"3.141592653589793","181.5","11"
"0","183","11"
"3.1415926535897927","184.5","11"
"0","186","11"
"3.1415926535897927","187.5","11"
"3.141592653589793","189","11"
"3.1415926535897927","190.5","11"
"3.0761428066400063","192","11"
"3.141592653589793","193.5","11"
"3.141592653589793","195","11"
"3.0761428066400054","196.5","11"
"3.076142806640006","198","11"
"3.1415926535897927","199.5","11"
"3.141592653589793","201","11"
"0","202.5","11"
"3.141592653589793","204","11"
"3.141592653589793","205.5","11"
"2.945243112740431","207","11"
"0","208.5","11"
"3.141592653589793","210","11"
"3.141592653589793","211.5","11"
"0","213","11"
"3.1415926535897927","214.5","11"
"3.0761428066400063","216","11"
"3.141592653589793","217.5","11"
"3.0761428066400054","219","11"
"3.1415926535897927","220.5","11"
"0","222","11"
"3.141592653589793","223.5","11"
"3.141592653589793","225","11"
"3.076142806640006","226.5","11"
"0","228","11"
"3.141592653589793","229.5","11"
"3.141592653589793","231","11"
"0","232.5","11"
"3.141592653589793","234","11"
"3.141592653589793","235.5","11"
"3.1415926535897927","237","11"
"3.1415926535897927","238.5","11"
"3.0761428066400063","240","11"
"3.141592653589793","241.5","11"
"0","243","11"
"3.0761428066400063","244.5","11"
"0","246","11"
"3.141592653589793","247.5","11"
"0","249","11"
"3.1415926535897927","250.5","11"
"3.0106929596902186","252","11"
"3.141592653589793","253.5","11"
"0","255","11"
"3.141592653589793","256.5","11"
"3.076142806640006","258","11"
"3.141592653589793","259.5","11"
"3.076142806640006","261","11"
"3.141592653589793","262.5","11"
"3.0761428066400054","264","11"
"3.0761428066400063","265.5","11"
"3.141592653589793","267","11"
"0","268.5","11"
"0","270","11"
"3.141592653589793","271.5","11"
"0","273","11"
"3.0761428066400054","274.5","11"
"3.0106929596902186","276","11"
"3.141592653589793","277.5","11"
"0","279","11"
"3.1415926535897927","280.5","11"
"3.1415926535897927","282","11"
"3.141592653589793","283.5","11"
"3.0106929596902186","285","11"
"3.076142806640006","286.5","11"
"0","288","11"
"3.0761428066400063","289.5","11"
"3.0106929596902186","291","11"
"0","292.5","11"
"3.141592653589793","294","11"
"3.141592653589793","295.5","11"
"0","297","11"
"3.1415926535897927","298.5","11"
"0","300","11"
"3.1415926535897927","1.5","12"
"3.141592653589793","3","12"
"3.1415926535897927","4.5","12"
"3.141592653589793","6","12"
"0","7.5","12"
"3.1415926535897922","9","12"
"2.945243112740431","10.5","12"
"3.141592653589793","12","12"
"3.1415926535897927","13.5","12"
"3.141592653589793","15","12"
"3.141592653589793","16.5","12"
"0","18","12"
"3.141592653589793","19.5","12"
"0","21","12"
"3.1415926535897927","22.5","12"
"3.1415926535897927","24","12"
"3.141592653589793","25.5","12"
"0","27","12"
"3.0106929596902186","28.5","12"
"0","30","12"
"3.1415926535897922","31.5","12"
"3.141592653589793","33","12"
"3.141592653589793","34.5","12"
"3.0106929596902186","36","12"
"3.0761428066400054","37.5","12"
"3.0106929596902186","39","12"
"3.141592653589793","40.5","12"
"0","42","12"
"3.1415926535897922","43.5","12"
"3.1415926535897927","45","12"
"3.076142806640006","46.5","12"
"3.141592653589793","48","12"
"0","49.5","12"
"3.141592653589793","51","12"
"0","52.5","12"
"3.0761428066400054","54","12"
"3.0106929596902186","55.5","12"
"3.1415926535897927","57","12"
"3.1415926535897927","58.5","12"
"3.0761428066400054","60","12"
"0","61.5","12"
"3.141592653589793","63","12"
"0","64.5","12"
"3.0761428066400063","66","12"
"3.0106929596902177","67.5","12"
"3.141592653589793","69","12"
"3.0761428066400054","70.5","12"
"3.0761428066400054","72","12"
"3.141592653589793","73.5","12"
"3.076142806640006","75","12"
"3.141592653589793","76.5","12"
"3.1415926535897922","78","12"
"0","79.5","12"
"3.076142806640006","81","12"
"3.0761428066400054","82.5","12"
"3.141592653589793","84","12"
"3.0761428066400054","85.5","12"
"3.141592653589793","87","12"
"3.076142806640006","88.5","12"
"3.0761428066400054","90","12"
"3.1415926535897927","91.5","12"
"3.141592653589793","93","12"
"3.1415926535897927","94.5","12"
"0","96","12"
"3.1415926535897927","97.5","12"
"3.076142806640006","99","12"
"3.1415926535897927","100.5","12"
"0","102","12"
"3.1415926535897927","103.5","12"
"3.076142806640006","105","12"
"3.141592653589793","106.5","12"
"0","108","12"
"3.1415926535897927","109.5","12"
"3.141592653589793","111","12"
"3.0761428066400063","112.5","12"
"3.141592653589793","114","12"
"3.0761428066400063","115.5","12"
"3.1415926535897927","117","12"
"3.141592653589793","118.5","12"
"0","120","12"
"3.141592653589793","121.5","12"
"3.0106929596902186","123","12"
"3.1415926535897922","124.5","12"
"3.0106929596902186","126","12"
"3.0761428066400063","127.5","12"
"3.141592653589793","129","12"
"3.141592653589793","130.5","12"
"3.1415926535897927","132","12"
"3.0761428066400054","133.5","12"
"3.076142806640006","135","12"
"0","136.5","12"
"3.141592653589793","138","12"
"3.1415926535897927","139.5","12"
"3.076142806640006","141","12"
"3.0761428066400054","142.5","12"
"3.076142806640006","144","12"
"0","145.5","12"
"3.010692959690219","147","12"
"0","148.5","12"
"3.076142806640006","150","12"
"3.076142806640006","151.5","12"
"3.0761428066400054","153","12"
"0","154.5","12"
"3.141592653589793","156","12"
"3.076142806640006","157.5","12"
"3.1415926535897922","159","12"
"3.0106929596902186","160.5","12"
"3.0761428066400063","162","12"
"3.076142806640006","163.5","12"
"3.141592653589793","165","12"
"3.1415926535897927","166.5","12"
"3.0761428066400054","168","12"
"3.1415926535897927","169.5","12"
"0","171","12"
"3.076142806640006","172.5","12"
"3.1415926535897927","174","12"
"3.141592653589793","175.5","12"
"0","177","12"
"3.1415926535897927","178.5","12"
"3.141592653589793","180","12"
"3.1415926535897922","181.5","12"
"3.0761428066400054","183","12"
"3.076142806640006","184.5","12"
"3.076142806640006","186","12"
"3.0761428066400054","187.5","12"
"3.076142806640006","189","12"
"0","190.5","12"
"3.1415926535897927","192","12"
"0","193.5","12"
"3.141592653589793","195","12"
"3.1415926535897927","196.5","12"
"3.076142806640006","198","12"
"0","199.5","12"
"3.141592653589793","201","12"
"3.141592653589793","202.5","12"
"3.1415926535897922","204","12"
"0","205.5","12"
"3.076142806640006","207","12"
"3.076142806640006","208.5","12"
"3.141592653589793","210","12"
"3.1415926535897927","211.5","12"
"3.0761428066400054","213","12"
"3.0106929596902177","214.5","12"
"3.141592653589793","216","12"
"3.141592653589793","217.5","12"
"3.1415926535897927","219","12"
"3.1415926535897927","220.5","12"
"3.141592653589793","222","12"
"3.141592653589793","223.5","12"
"3.076142806640006","225","12"
"3.1415926535897922","226.5","12"
"0","228","12"
"0","229.5","12"
"3.0761428066400054","231","12"
"3.141592653589793","232.5","12"
"3.1415926535897927","234","12"
"3.0761428066400054","235.5","12"
"3.0761428066400054","237","12"
"0","238.5","12"
"3.0761428066400054","240","12"
"3.1415926535897927","241.5","12"
"3.076142806640006","243","12"
"0","244.5","12"
"3.076142806640006","246","12"
"3.0761428066400054","247.5","12"
"3.0761428066400054","249","12"
"3.0761428066400054","250.5","12"
"3.141592653589793","252","12"
"3.0761428066400054","253.5","12"
"3.0761428066400054","255","12"
"3.141592653589793","256.5","12"
"3.076142806640006","258","12"
"3.0761428066400054","259.5","12"
"0","261","12"
"3.0761428066400054","262.5","12"
"3.0761428066400054","264","12"
"3.1415926535897927","265.5","12"
"0","267","12"
"3.076142806640006","268.5","12"
"3.141592653589793","270","12"
"0","271.5","12"
"3.010692959690218","273","12"
"3.141592653589793","274.5","12"
"3.141592653589793","276","12"
"0","277.5","12"
"3.1415926535897927","279","12"
"3.141592653589793","280.5","12"
"3.141592653589793","282","12"
"0","283.5","12"
"3.1415926535897922","285","12"
"3.076142806640006","286.5","12"
"2.945243112740431","288","12"
"0","289.5","12"
"3.0761428066400054","291","12"
"3.0761428066400063","292.5","12"
"0","294","12"
"3.141592653589793","295.5","12"
"3.0761428066400063","297","12"
"3.141592653589793","298.5","12"
"3.1415926535897927","300","12"
"3.141592653589793","1.5","13"
"0","3","13"
"3.1415926535897927","4.5","13"
"3.141592653589793","6","13"
"0","7.5","13"
"3.141592653589793","9","13"
"3.0761428066400054","10.5","13"
"3.1415926535897927","12","13"
"2.945243112740431","13.5","13"
"3.141592653589793","15","13"
"3.0106929596902186","16.5","13"
"3.0761428066400054","18","13"
"3.0761428066400054","19.5","13"
"3.1415926535897927","21","13"
"0","22.5","13"
"0","24","13"
"3.0761428066400054","25.5","13"
"3.010692959690218","27","13"
"3.0761428066400054","28.5","13"
"3.0761428066400054","30","13"
"0","31.5","13"
"3.1415926535897927","33","13"
"0","34.5","13"
"3.0761428066400054","36","13"
"3.076142806640006","37.5","13"
"3.076142806640006","39","13"
"3.1415926535897927","40.5","13"
"2.9452431127404304","42","13"
"3.141592653589793","43.5","13"
"0","45","13"
"0","46.5","13"
"0","48","13"
"3.076142806640006","49.5","13"
"3.1415926535897927","51","13"
"3.141592653589793","52.5","13"
"0","54","13"
"3.0761428066400054","55.5","13"
"0","57","13"
"3.1415926535897927","58.5","13"
"3.0761428066400054","60","13"
"3.0761428066400063","61.5","13"
"3.1415926535897927","63","13"
"3.010692959690218","64.5","13"
"3.076142806640006","66","13"
"0","67.5","13"
"0","69","13"
"3.010692959690218","70.5","13"
"3.0761428066400054","72","13"
"3.141592653589793","73.5","13"
"3.076142806640006","75","13"
"3.010692959690218","76.5","13"
"0","78","13"
"3.141592653589793","79.5","13"
"3.0761428066400054","81","13"
"3.1415926535897927","82.5","13"
"3.0106929596902177","84","13"
"3.0761428066400063","85.5","13"
"3.0761428066400054","87","13"
"3.0761428066400054","88.5","13"
"3.1415926535897927","90","13"
"0","91.5","13"
"3.076142806640006","93","13"
"3.076142806640006","94.5","13"
"0","96","13"
"3.141592653589793","97.5","13"
"3.1415926535897927","99","13"
"3.141592653589793","100.5","13"
"0","102","13"
"3.141592653589793","103.5","13"
"3.010692959690218","105","13"
"3.076142806640006","106.5","13"
"0","108","13"
"3.1415926535897927","109.5","13"
"3.1415926535897927","111","13"
"3.0761428066400054","112.5","13"
"3.1415926535897927","114","13"
"0","115.5","13"
"0","117","13"
"3.0106929596902186","118.5","13"
"3.0761428066400054","120","13"
"3.141592653589793","121.5","13"
"3.0761428066400063","123","13"
"3.0761428066400054","124.5","13"
"3.0106929596902177","126","13"
"3.076142806640006","127.5","13"
"0","129","13"
"3.076142806640006","130.5","13"
"3.1415926535897922","132","13"
"3.141592653589793","133.5","13"
"3.0761428066400054","135","13"
"3.0761428066400054","136.5","13"
"0","138","13"
"3.141592653589793","139.5","13"
"3.0761428066400054","141","13"
"3.0761428066400054","142.5","13"
"0","144","13"
"3.0761428066400063","145.5","13"
"3.0761428066400054","147","13"
"3.141592653589793","148.5","13"
"3.1415926535897927","150","13"
"0","151.5","13"
"3.141592653589793","153","13"
"3.076142806640006","154.5","13"
"0","156","13"
"3.0106929596902186","157.5","13"
"3.0761428066400063","159","13"
"3.0761428066400054","160.5","13"
"2.945243112740431","162","13"
"3.141592653589793","163.5","13"
"3.0761428066400054","165","13"
"3.076142806640006","166.5","13"
"0","168","13"
"3.141592653589793","169.5","13"
"3.141592653589793","171","13"
"3.141592653589793","172.5","13"
"0","174","13"
"0","175.5","13"
"0","177","13"
"3.076142806640006","178.5","13"
"3.0761428066400054","180","13"
"0","181.5","13"
"3.141592653589793","183","13"
"3.141592653589793","184.5","13"
"3.141592653589793","186","13"
"3.0761428066400054","187.5","13"
"3.0761428066400063","189","13"
"3.0761428066400054","190.5","13"
"3.141592653589793","192","13"
"3.141592653589793","193.5","13"
"3.1415926535897927","195","13"
"3.076142806640006","196.5","13"
"0","198","13"
"3.0761428066400054","199.5","13"
"3.141592653589793","201","13"
"0","202.5","13"
"0","204","13"
"3.141592653589793","205.5","13"
"3.141592653589793","207","13"
"3.076142806640006","208.5","13"
"3.0761428066400063","210","13"
"0","211.5","13"
"3.0761428066400063","213","13"
"3.076142806640006","214.5","13"
"3.0761428066400054","216","13"
"3.0106929596902186","217.5","13"
"3.141592653589793","219","13"
"3.141592653589793","220.5","13"
"3.141592653589793","222","13"
"3.141592653589793","223.5","13"
"3.0761428066400054","225","13"
"3.076142806640006","226.5","13"
"3.1415926535897927","228","13"
"3.0761428066400054","229.5","13"
"3.141592653589793","231","13"
"3.0761428066400054","232.5","13"
"0","234","13"
"3.076142806640006","235.5","13"
"3.141592653589793","237","13"
"3.1415926535897927","238.5","13"
"3.076142806640006","240","13"
"3.0761428066400063","241.5","13"
"3.0761428066400063","243","13"
"3.141592653589793","244.5","13"
"3.141592653589793","246","13"
"0","247.5","13"
"3.0761428066400054","249","13"
"3.141592653589793","250.5","13"
"3.141592653589793","252","13"
"2.945243112740431","253.5","13"
"3.0761428066400063","255","13"
"3.010692959690218","256.5","13"
"3.0761428066400063","258","13"
"0","259.5","13"
"3.141592653589793","261","13"
"0","262.5","13"
"3.141592653589793","264","13"
"3.0761428066400054","265.5","13"
"3.0761428066400063","267","13"
"3.141592653589793","268.5","13"
"3.0761428066400063","270","13"
"0","271.5","13"
"3.076142806640006","273","13"
"0","274.5","13"
"3.1415926535897927","276","13"
"0","277.5","13"
"3.0761428066400063","279","13"
"3.076142806640006","280.5","13"
"3.0761428066400063","282","13"
"0","283.5","13"
"3.1415926535897927","285","13"
"3.0761428066400063","286.5","13"
"3.1415926535897927","288","13"
"3.010692959690218","289.5","13"
"3.141592653589793","291","13"
"3.076142806640006","292.5","13"
"3.0106929596902186","294","13"
"3.0106929596902186","295.5","13"
"0","297","13"
"3.0761428066400054","298.5","13"
"3.1415926535897927","300","13"
"3.141592653589793","1.5","14"
"3.141592653589793","3","14"
"3.1415926535897927","4.5","14"
"3.076142806640006","6","14"
"0","7.5","14"
"3.141592653589793","9","14"
"3.0106929596902186","10.5","14"
"3.0761428066400063","12","14"
"3.0761428066400063","13.5","14"
"3.141592653589793","15","14"
"3.076142806640006","16.5","14"
"2.945243112740431","18","14"
"3.0106929596902186","19.5","14"
"0","21","14"
"3.141592653589793","22.5","14"
"3.141592653589793","24","14"
"3.141592653589793","25.5","14"
"3.1415926535897927","27","14"
"3.141592653589793","28.5","14"
"2.945243112740431","30","14"
"3.141592653589793","31.5","14"
"3.1415926535897927","33","14"
"3.141592653589793","34.5","14"
"0","36","14"
"3.0761428066400054","37.5","14"
"3.0761428066400054","39","14"
"3.1415926535897927","40.5","14"
"0","42","14"
"0","43.5","14"
"3.0106929596902186","45","14"
"3.0761428066400063","46.5","14"
"3.0761428066400054","48","14"
"3.0761428066400054","49.5","14"
"3.076142806640006","51","14"
"0","52.5","14"
"0","54","14"
"0","55.5","14"
"3.0761428066400054","57","14"
"3.0761428066400054","58.5","14"
"0","60","14"
"3.076142806640006","61.5","14"
"3.1415926535897927","63","14"
"0","64.5","14"
"3.0761428066400063","66","14"
"3.0761428066400054","67.5","14"
"3.0761428066400063","69","14"
"0","70.5","14"
"3.0761428066400054","72","14"
"3.141592653589793","73.5","14"
"3.141592653589793","75","14"
"0","76.5","14"
"0","78","14"
"3.0761428066400054","79.5","14"
"3.141592653589793","81","14"
"3.0761428066400054","82.5","14"
"3.076142806640006","84","14"
"3.1415926535897927","85.5","14"
"2.945243112740431","87","14"
"0","88.5","14"
"3.141592653589793","90","14"
"3.141592653589793","91.5","14"
"0","93","14"
"3.0761428066400054","94.5","14"
"3.1415926535897927","96","14"
"3.141592653589793","97.5","14"
"0","99","14"
"3.076142806640006","100.5","14"
"3.141592653589793","102","14"
"0","103.5","14"
"3.0761428066400054","105","14"
"3.1415926535897927","106.5","14"
"3.141592653589793","108","14"
"0","109.5","14"
"0","111","14"
"0","112.5","14"
"3.0761428066400063","114","14"
"3.141592653589793","115.5","14"
"3.0761428066400054","117","14"
"3.1415926535897927","118.5","14"
"2.945243112740431","120","14"
"0","121.5","14"
"0","123","14"
"3.0761428066400054","124.5","14"
"3.0761428066400063","126","14"
"3.1415926535897927","127.5","14"
"3.1415926535897927","129","14"
"3.141592653589793","130.5","14"
"0","132","14"
"3.1415926535897927","133.5","14"
"3.076142806640006","135","14"
"3.141592653589793","136.5","14"
"3.0761428066400054","138","14"
"3.1415926535897927","139.5","14"
"3.1415926535897927","141","14"
"0","142.5","14"
"0","144","14"
"0","145.5","14"
"3.141592653589793","147","14"
"3.0761428066400063","148.5","14"
"3.0761428066400054","150","14"
"3.141592653589793","151.5","14"
"3.0761428066400054","153","14"
"0","154.5","14"
"3.1415926535897927","156","14"
"3.0761428066400054","157.5","14"
"3.0761428066400063","159","14"
"3.076142806640006","160.5","14"
"3.1415926535897927","162","14"
"3.0761428066400063","163.5","14"
"3.0761428066400063","165","14"
"0","166.5","14"
"3.0761428066400063","168","14"
"3.0761428066400054","169.5","14"
"0","171","14"
"3.076142806640006","172.5","14"
"3.076142806640006","174","14"
"3.0106929596902186","175.5","14"
"0","177","14"
"0","178.5","14"
"0","180","14"
"3.141592653589793","181.5","14"
"3.1415926535897927","183","14"
"3.141592653589793","184.5","14"
"3.0106929596902186","186","14"
"3.0106929596902177","187.5","14"
"0","189","14"
"0","190.5","14"
"3.076142806640006","192","14"
"0","193.5","14"
"3.076142806640006","195","14"
"3.0106929596902186","196.5","14"
"3.0106929596902186","198","14"
"0","199.5","14"
"0","201","14"
"0","202.5","14"
"0","204","14"
"0","205.5","14"
"3.1415926535897927","207","14"
"0","208.5","14"
"0","210","14"
"0","211.5","14"
"0","213","14"
"3.0106929596902186","214.5","14"
"0","216","14"
"3.141592653589793","217.5","14"
"0","219","14"
"3.0106929596902186","220.5","14"
"0","222","14"
"0","223.5","14"
"0","225","14"
"3.076142806640006","226.5","14"
"0","228","14"
"3.0761428066400063","229.5","14"
"2.9452431127404317","231","14"
"3.076142806640006","232.5","14"
"0","234","14"
"0","235.5","14"
"3.076142806640006","237","14"
"0","238.5","14"
"3.076142806640006","240","14"
"3.0106929596902186","241.5","14"
"2.945243112740431","243","14"
"0","244.5","14"
"3.0761428066400054","246","14"
"0","247.5","14"
"3.0761428066400063","249","14"
"3.010692959690218","250.5","14"
"3.0761428066400063","252","14"
"3.141592653589793","253.5","14"
"3.0761428066400063","255","14"
"0","256.5","14"
"3.0761428066400054","258","14"
"2.945243112740431","259.5","14"
"3.0761428066400063","261","14"
"0","262.5","14"
"3.141592653589793","264","14"
"3.0106929596902186","265.5","14"
"3.076142806640006","267","14"
"0","268.5","14"
"3.0106929596902186","270","14"
"0","271.5","14"
"3.1415926535897927","273","14"
"3.0106929596902186","274.5","14"
"3.1415926535897927","276","14"
"2.945243112740431","277.5","14"
"3.076142806640006","279","14"
"3.1415926535897922","280.5","14"
"0","282","14"
"3.0106929596902186","283.5","14"
"3.0761428066400063","285","14"
"3.010692959690218","286.5","14"
"0","288","14"
"3.0106929596902186","289.5","14"
"3.0761428066400063","291","14"
"3.1415926535897922","292.5","14"
"0","294","14"
"3.141592653589793","295.5","14"
"3.1415926535897927","297","14"
"0","298.5","14"
"3.141592653589793","300","14"
"0","1.5","15"
"3.1415926535897927","3","15"
"3.1415926535897927","4.5","15"
"3.010692959690218","6","15"
"3.141592653589793","7.5","15"
"3.1415926535897927","9","15"
"3.141592653589793","10.5","15"
"3.0761428066400063","12","15"
"0","13.5","15"
"3.1415926535897927","15","15"
"3.0761428066400063","16.5","15"
"3.141592653589793","18","15"
"3.1415926535897927","19.5","15"
"0","21","15"
"3.076142806640006","22.5","15"
"0","24","15"
"3.141592653589793","25.5","15"
"3.076142806640006","27","15"
"3.141592653589793","28.5","15"
"0","30","15"
"0","31.5","15"
"0","33","15"
"3.141592653589793","34.5","15"
"3.076142806640006","36","15"
"0","37.5","15"
"3.1415926535897927","39","15"
"0","40.5","15"
"3.141592653589793","42","15"
"3.1415926535897927","43.5","15"
"0","45","15"
"3.0761428066400063","46.5","15"
"3.141592653589793","48","15"
"3.1415926535897927","49.5","15"
"3.0106929596902186","51","15"
"3.141592653589793","52.5","15"
"0","54","15"
"0","55.5","15"
"0","57","15"
"0","58.5","15"
"3.141592653589793","60","15"
"3.076142806640006","61.5","15"
"3.0761428066400054","63","15"
"2.945243112740431","64.5","15"
"3.0106929596902186","66","15"
"0","67.5","15"
"3.141592653589793","69","15"
"3.1415926535897927","70.5","15"
"0","72","15"
"3.1415926535897927","73.5","15"
"3.0761428066400063","75","15"
"3.141592653589793","76.5","15"
"3.1415926535897927","78","15"
"0","79.5","15"
"3.141592653589793","81","15"
"0","82.5","15"
"3.141592653589793","84","15"
"3.0106929596902186","85.5","15"
"3.1415926535897927","87","15"
"0","88.5","15"
"0","90","15"
"3.1415926535897927","91.5","15"
"3.0761428066400063","93","15"
"3.141592653589793","94.5","15"
"3.0761428066400063","96","15"
"3.1415926535897927","97.5","15"
"3.0761428066400063","99","15"
"3.0761428066400054","100.5","15"
"0","102","15"
"3.141592653589793","103.5","15"
"3.141592653589793","105","15"
"0","106.5","15"
"3.076142806640006","108","15"
"3.076142806640006","109.5","15"
"3.141592653589793","111","15"
"3.1415926535897927","112.5","15"
"3.1415926535897927","114","15"
"3.0761428066400054","115.5","15"
"3.1415926535897927","117","15"
"0","118.5","15"
"3.076142806640006","120","15"
"0","121.5","15"
"3.141592653589793","123","15"
"0","124.5","15"
"3.010692959690218","126","15"
"3.141592653589793","127.5","15"
"3.0761428066400054","129","15"
"3.0106929596902177","130.5","15"
"3.141592653589793","132","15"
"0","133.5","15"
"3.0761428066400054","135","15"
"3.1415926535897927","136.5","15"
"3.141592653589793","138","15"
"3.076142806640006","139.5","15"
"3.141592653589793","141","15"
"0","142.5","15"
"3.076142806640006","144","15"
"3.141592653589793","145.5","15"
"3.141592653589793","147","15"
"0","148.5","15"
"0","150","15"
"3.076142806640006","151.5","15"
"0","153","15"
"3.076142806640006","154.5","15"
"3.076142806640006","156","15"
"3.0761428066400054","157.5","15"
"3.1415926535897927","159","15"
"2.945243112740431","160.5","15"
"3.141592653589793","162","15"
"3.076142806640006","163.5","15"
"3.076142806640006","165","15"
"2.9452431127404304","166.5","15"
"3.076142806640006","168","15"
"3.141592653589793","169.5","15"
"3.0761428066400054","171","15"
"0","172.5","15"
"0","174","15"
"3.0761428066400054","175.5","15"
"0","177","15"
"3.0761428066400054","178.5","15"
"3.141592653589793","180","15"
"3.0761428066400054","181.5","15"
"0","183","15"
"0","184.5","15"
"2.945243112740431","186","15"
"3.0761428066400054","187.5","15"
"3.076142806640006","189","15"
"3.0761428066400054","190.5","15"
"3.076142806640006","192","15"
"3.076142806640006","193.5","15"
"3.0761428066400054","195","15"
"0","196.5","15"
"3.0106929596902186","198","15"
"3.0106929596902177","199.5","15"
"3.0761428066400054","201","15"
"2.8797932657906435","202.5","15"
"3.0761428066400054","204","15"
"3.0106929596902186","205.5","15"
"2.945243112740431","207","15"
"0","208.5","15"
"3.0106929596902186","210","15"
"0","211.5","15"
"3.0761428066400054","213","15"
"0","214.5","15"
"3.141592653589793","216","15"
"3.076142806640006","217.5","15"
"3.010692959690218","219","15"
"3.076142806640006","220.5","15"
"3.0761428066400054","222","15"
"2.9452431127404304","223.5","15"
"3.076142806640006","225","15"
"3.0761428066400054","226.5","15"
"3.010692959690218","228","15"
"2.945243112740431","229.5","15"
"2.945243112740431","231","15"
"0","232.5","15"
"0","234","15"
"0","235.5","15"
"3.076142806640006","237","15"
"3.0106929596902186","238.5","15"
"3.0106929596902186","240","15"
"3.0761428066400054","241.5","15"
"3.0106929596902186","243","15"
"3.0761428066400054","244.5","15"
"3.0761428066400054","246","15"
"0","247.5","15"
"3.0761428066400054","249","15"
"2.945243112740431","250.5","15"
"3.076142806640006","252","15"
"3.010692959690218","253.5","15"
"3.076142806640006","255","15"
"0","256.5","15"
"3.0106929596902177","258","15"
"0","259.5","15"
"0","261","15"
"3.0761428066400063","262.5","15"
"3.076142806640006","264","15"
"3.010692959690218","265.5","15"
"0","267","15"
"3.076142806640006","268.5","15"
"0","270","15"
"0","271.5","15"
"3.141592653589793","273","15"
"2.945243112740431","274.5","15"
"3.1415926535897927","276","15"
"3.010692959690218","277.5","15"
"2.9452431127404304","279","15"
"3.0761428066400063","280.5","15"
"3.141592653589793","282","15"
"3.076142806640006","283.5","15"
"3.1415926535897922","285","15"
"3.1415926535897927","286.5","15"
"3.1415926535897927","288","15"
"3.141592653589793","289.5","15"
"0","291","15"
"0","292.5","15"
"3.076142806640006","294","15"
"3.141592653589793","295.5","15"
"0","297","15"
"3.141592653589793","298.5","15"
"3.076142806640006","300","15"
"0","1.5","16"
"0","3","16"
"0","4.5","16"
"0","6","16"
"0","7.5","16"
"0","9","16"
"0","10.5","16"
"0","12","16"
"0","13.5","16"
"0","15","16"
"0","16.5","16"
"0","18","16"
"0","19.5","16"
"0","21","16"
"0","22.5","16"
"0","24","16"
"0","25.5","16"
"0","27","16"
"0","28.5","16"
"0","30","16"
"0","31.5","16"
"0","33","16"
"0","34.5","16"
"0","36","16"
"0","37.5","16"
"0","39","16"
"0","40.5","16"
"0","42","16"
"0","43.5","16"
"0","45","16"
"0","46.5","16"
"0","48","16"
"0","49.5","16"
"0","51","16"
"0","52.5","16"
"0","54","16"
"0","55.5","16"
"0","57","16"
"0","58.5","16"
"0","60","16"
"0","61.5","16"
"0","63","16"
"0","64.5","16"
"0","66","16"
"0","67.5","16"
"0","69","16"
"0","70.5","16"
"0","72","16"
"0","73.5","16"
"0","75","16"
"0","76.5","16"
"0","78","16"
"0","79.5","16"
"0","81","16"
"0","82.5","16"
"0","84","16"
"0","85.5","16"
"0","87","16"
"0","88.5","16"
"0","90","16"
"0","91.5","16"
"0","93","16"
"0","94.5","16"
"0","96","16"
"0","97.5","16"
"0","99","16"
"0","100.5","16"
"0","102","16"
"0","103.5","16"
"0","105","16"
"0","106.5","16"
"0","108","16"
"0","109.5","16"
"0","111","16"
"0","112.5","16"
"0","114","16"
"0","115.5","16"
"0","117","16"
"0","118.5","16"
"0","120","16"
"0","121.5","16"
"0","123","16"
"0","124.5","16"
"0","126","16"
"0","127.5","16"
"0","129","16"
"0","130.5","16"
"0","132","16"
"0","133.5","16"
"0","135","16"
"0","136.5","16"
"0","138","16"
"0","139.5","16"
"0","141","16"
"0","142.5","16"
"0","144","16"
"0","145.5","16"
"0","147","16"
"0","148.5","16"
"0","150","16"
"0","151.5","16"
"0","153","16"
"0","154.5","16"
"0","156","16"
"0","157.5","16"
"0","159","16"
"0","160.5","16"
"0","162","16"
"0","163.5","16"
"0","165","16"
"0","166.5","16"
"0","168","16"
"0","169.5","16"
"0","171","16"
"0","172.5","16"
"0","174","16"
"0","175.5","16"
"0","177","16"
"0","178.5","16"
"0","180","16"
"0","181.5","16"
"0","183","16"
"0","184.5","16"
"0","186","16"
"0","187.5","16"
"0","189","16"
"0","190.5","16"
"0","192","16"
"0","193.5","16"
"0","195","16"
"0","196.5","16"
"0","198","16"
"0","199.5","16"
"0","201","16"
"0","202.5","16"
"0","204","16"
"0","205.5","16"
"0","207","16"
"0","208.5","16"
"0","210","16"
"0","211.5","16"
"0","213","16"
"0","214.5","16"
"0","216","16"
"0","217.5","16"
"0","219","16"
"0","220.5","16"
"0","222","16"
"0","223.5","16"
"0","225","16"
"0","226.5","16"
"0","228","16"
"0","229.5","16"
"0","231","16"
"0","232.5","16"
"0","234","16"
"0","235.5","16"
"0","237","16"
"0","238.5","16"
"0","240","16"
"0","241.5","16"
"0","243","16"
"0","244.5","16"
"0","246","16"
"0","247.5","16"
"0","249","16"
"0","250.5","16"
"0","252","16"
"0","253.5","16"
"0","255","16"
"0","256.5","16"
"0","258","16"
"0","259.5","16"
"0","261","16"
"0","262.5","16"
"0","264","16"
"0","265.5","16"
"0","267","16"
"0","268.5","16"
"0","270","16"
"0","271.5","16"
"0","273","16"
"0","274.5","16"
"0","276","16"
"0","277.5","16"
"0","279","16"
"0","280.5","16"
"0","282","16"
"0","283.5","16"
"0","285","16"
"0","286.5","16"
"0","288","16"
"0","289.5","16"
"0","291","16"
"0","292.5","16"
"0","294","16"
"0","295.5","16"
"0","297","16"
"0","298.5","16"
"0","300","16"
"3.141592653589793","1.5","17"
"3.141592653589793","3","17"
"3.1415926535897927","4.5","17"
"3.141592653589793","6","17"
"0","7.5","17"
"3.0761428066400054","9","17"
"3.141592653589793","10.5","17"
"0","12","17"
"0","13.5","17"
"3.1415926535897927","15","17"
"3.1415926535897927","16.5","17"
"0","18","17"
"3.0761428066400054","19.5","17"
"3.1415926535897927","21","17"
"3.141592653589793","22.5","17"
"0","24","17"
"3.0761428066400054","25.5","17"
"3.1415926535897927","27","17"
"3.141592653589793","28.5","17"
"3.0761428066400054","30","17"
"3.0761428066400063","31.5","17"
"3.141592653589793","33","17"
"0","34.5","17"
"0","36","17"
"3.0761428066400054","37.5","17"
"3.141592653589793","39","17"
"3.141592653589793","40.5","17"
"3.0761428066400054","42","17"
"3.0761428066400054","43.5","17"
"0","45","17"
"3.0106929596902186","46.5","17"
"3.1415926535897927","48","17"
"3.0761428066400054","49.5","17"
"3.0761428066400054","51","17"
"0","52.5","17"
"3.0761428066400054","54","17"
"3.1415926535897927","55.5","17"
"3.141592653589793","57","17"
"0","58.5","17"
"3.141592653589793","60","17"
"3.0761428066400054","61.5","17"
"0","63","17"
"2.945243112740431","64.5","17"
"3.1415926535897927","66","17"
"0","67.5","17"
"2.945243112740431","69","17"
"3.076142806640006","70.5","17"
"3.010692959690218","72","17"
"3.0761428066400063","73.5","17"
"3.076142806640006","75","17"
"0","76.5","17"
"0","78","17"
"3.1415926535897927","79.5","17"
"3.141592653589793","81","17"
"0","82.5","17"
"2.945243112740431","84","17"
"3.1415926535897927","85.5","17"
"3.0761428066400054","87","17"
"0","88.5","17"
"3.0761428066400054","90","17"
"3.1415926535897927","91.5","17"
"0","93","17"
"0","94.5","17"
"3.141592653589793","96","17"
"3.010692959690218","97.5","17"
"3.0106929596902186","99","17"
"3.0761428066400054","100.5","17"
"0","102","17"
"3.0761428066400054","103.5","17"
"3.0761428066400054","105","17"
"0","106.5","17"
"3.010692959690218","108","17"
"3.0761428066400054","109.5","17"
"0","111","17"
"2.814343418840856","112.5","17"
"3.0761428066400054","114","17"
"3.010692959690218","115.5","17"
"0","117","17"
"0","118.5","17"
"0","120","17"
"3.010692959690218","121.5","17"
"3.0106929596902186","123","17"
"0","124.5","17"
"2.945243112740431","126","17"
"3.010692959690218","127.5","17"
"3.0761428066400054","129","17"
"0","130.5","17"
"3.0761428066400054","132","17"
"2.945243112740431","133.5","17"
"3.0106929596902186","135","17"
"2.8797932657906435","136.5","17"
"3.0106929596902186","138","17"
"0","139.5","17"
"3.010692959690218","141","17"
"0","142.5","17"
"2.945243112740431","144","17"
"2.945243112740431","145.5","17"
"0","147","17"
"3.076142806640006","148.5","17"
"3.010692959690218","150","17"
"2.8143434188408563","151.5","17"
"2.8143434188408563","153","17"
"0","154.5","17"
"0","156","17"
"2.945243112740431","157.5","17"
"2.945243112740431","159","17"
"3.076142806640006","160.5","17"
"0","162","17"
"2.945243112740431","163.5","17"
"3.010692959690218","165","17"
"2.8797932657906435","166.5","17"
"3.0761428066400054","168","17"
"3.0761428066400054","169.5","17"
"3.0761428066400054","171","17"
"0","172.5","17"
"3.0761428066400054","174","17"
"2.945243112740431","175.5","17"
"3.010692959690218","177","17"
"0","178.5","17"
"0","180","17"
"3.010692959690218","181.5","17"
"3.0106929596902186","183","17"
"3.0761428066400054","184.5","17"
"0","186","17"
"3.010692959690218","187.5","17"
"3.010692959690218","189","17"
"0","190.5","17"
"0","192","17"
"0","193.5","17"
"2.945243112740431","195","17"
"0","196.5","17"
"3.0106929596902186","198","17"
"2.945243112740431","199.5","17"
"3.010692959690218","201","17"
"0","202.5","17"
"3.010692959690218","204","17"
"3.0761428066400054","205.5","17"
"3.0761428066400054","207","17"
"0","208.5","17"
"0","210","17"
"2.945243112740431","211.5","17"
"3.010692959690218","213","17"
"3.0761428066400054","214.5","17"
"0","216","17"
"0","217.5","17"
"3.0761428066400054","219","17"
"0","220.5","17"
"3.141592653589793","222","17"
"0","223.5","17"
"3.0761428066400054","225","17"
"3.010692959690218","226.5","17"
"3.076142806640006","228","17"
"3.076142806640006","229.5","17"
"3.0761428066400054","231","17"
"0","232.5","17"
"0","234","17"
"0","235.5","17"
"3.0761428066400054","237","17"
"2.8797932657906435","238.5","17"
"0","240","17"
"3.0106929596902186","241.5","17"
"3.141592653589793","243","17"
"3.1415926535897927","244.5","17"
"2.945243112740431","246","17"
"0","247.5","17"
"3.141592653589793","249","17"
"0","250.5","17"
"3.141592653589793","252","17"
"0","253.5","17"
"3.1415926535897927","255","17"
"0","256.5","17"
"0","258","17"
"0","259.5","17"
"3.0761428066400054","261","17"
"0","262.5","17"
"3.0761428066400054","264","17"
"3.010692959690218","265.5","17"
"3.0761428066400054","267","17"
"0","268.5","17"
"0","270","17"
"0","271.5","17"
"3.076142806640006","273","17"
"3.076142806640006","274.5","17"
"3.0761428066400054","276","17"
"0","277.5","17"
"3.1415926535897927","279","17"
"0","280.5","17"
"0","282","17"
"0","283.5","17"
"3.141592653589793","285","17"
"0","286.5","17"
"0","288","17"
"3.0761428066400063","289.5","17"
"3.1415926535897927","291","17"
"0","292.5","17"
"0","294","17"
"0","295.5","17"
"3.076142806640006","297","17"
"0","298.5","17"
"3.141592653589793","300","17"
"3.0761428066400054","1.5","18"
"3.141592653589793","3","18"
"3.141592653589793","4.5","18"
"3.0761428066400054","6","18"
"3.076142806640006","7.5","18"
"3.0761428066400063","9","18"
"3.1415926535897927","10.5","18"
"3.0106929596902186","12","18"
"3.141592653589793","13.5","18"
"3.0106929596902186","15","18"
"3.141592653589793","16.5","18"
"0","18","18"
"3.076142806640006","19.5","18"
"0","21","18"
"3.0106929596902186","22.5","18"
"0","24","18"
"3.141592653589793","25.5","18"
"3.076142806640006","27","18"
"0","28.5","18"
"3.141592653589793","30","18"
"3.076142806640006","31.5","18"
"3.0761428066400063","33","18"
"3.1415926535897927","34.5","18"
"0","36","18"
"3.141592653589793","37.5","18"
"3.141592653589793","39","18"
"3.1415926535897927","40.5","18"
"3.0106929596902186","42","18"
"3.141592653589793","43.5","18"
"2.945243112740431","45","18"
"3.0106929596902186","46.5","18"
"0","48","18"
"3.141592653589793","49.5","18"
"3.141592653589793","51","18"
"3.141592653589793","52.5","18"
"3.141592653589793","54","18"
"3.141592653589793","55.5","18"
"0","57","18"
"0","58.5","18"
"0","60","18"
"3.141592653589793","61.5","18"
"0","63","18"
"3.1415926535897927","64.5","18"
"0","66","18"
"3.0761428066400063","67.5","18"
"2.945243112740431","69","18"
"0","70.5","18"
"3.0106929596902186","72","18"
"3.0761428066400054","73.5","18"
"0","75","18"
"3.0761428066400054","76.5","18"
"3.076142806640006","78","18"
"3.1415926535897927","79.5","18"
"3.141592653589793","81","18"
"3.076142806640006","82.5","18"
"0","84","18"
"3.0761428066400054","85.5","18"
"0","87","18"
"0","88.5","18"
"3.141592653589793","90","18"
"3.141592653589793","91.5","18"
"0","93","18"
"3.1415926535897927","94.5","18"
"0","96","18"
"3.0761428066400054","97.5","18"
"3.0761428066400054","99","18"
"3.1415926535897927","100.5","18"
"3.076142806640006","102","18"
"3.076142806640006","103.5","18"
"3.141592653589793","105","18"
"3.0106929596902186","106.5","18"
"0","108","18"
"0","109.5","18"
"3.141592653589793","111","18"
"3.141592653589793","112.5","18"
"3.141592653589793","114","18"
"3.0761428066400063","115.5","18"
"3.0761428066400063","117","18"
"0","118.5","18"
"3.0106929596902186","120","18"
"3.141592653589793","121.5","18"
"0","123","18"
"3.1415926535897927","124.5","18"
"3.076142806640006","126","18"
"3.1415926535897927","127.5","18"
"3.0106929596902186","129","18"
"3.076142806640006","130.5","18"
"3.0761428066400063","132","18"
"3.141592653589793","133.5","18"
"0","135","18"
"3.0761428066400054","136.5","18"
"3.076142806640006","138","18"
"3.1415926535897927","139.5","18"
"3.141592653589793","141","18"
"3.076142806640006","142.5","18"
"0","144","18"
"3.141592653589793","145.5","18"
"0","147","18"
"0","148.5","18"
"3.141592653589793","150","18"
"3.141592653589793","151.5","18"
"0","153","18"
"3.1415926535897927","154.5","18"
"0","156","18"
"3.141592653589793","157.5","18"
"3.141592653589793","159","18"
"3.1415926535897927","160.5","18"
"3.0106929596902186","162","18"
"3.141592653589793","163.5","18"
"3.141592653589793","165","18"
"3.0106929596902186","166.5","18"
"3.0761428066400063","168","18"
"3.076142806640006","169.5","18"
"3.141592653589793","171","18"
"0","172.5","18"
"3.141592653589793","174","18"
"3.141592653589793","175.5","18"
"3.1415926535897927","177","18"
"0","178.5","18"
"3.0761428066400063","180","18"
"3.141592653589793","181.5","18"
"0","183","18"
"3.1415926535897927","184.5","18"
"0","186","18"
"3.1415926535897927","187.5","18"
"3.141592653589793","189","18"
"3.1415926535897927","190.5","18"
"3.0761428066400063","192","18"
"3.141592653589793","193.5","18"
"3.141592653589793","195","18"
"3.0761428066400054","196.5","18"
"3.076142806640006","198","18"
"3.1415926535897927","199.5","18"
"3.141592653589793","201","18"
"0","202.5","18"
"3.141592653589793","204","18"
"3.141592653589793","205.5","18"
"2.945243112740431","207","18"
"0","208.5","18"
"3.141592653589793","210","18"
"3.141592653589793","211.5","18"
"0","213","18"
"3.1415926535897927","214.5","18"
"3.0761428066400063","216","18"
"3.141592653589793","217.5","18"
"3.0761428066400054","219","18"
"3.1415926535897927","220.5","18"
"0","222","18"
"3.141592653589793","223.5","18"
"3.141592653589793","225","18"
"3.076142806640006","226.5","18"
"0","228","18"
"3.141592653589793","229.5","18"
"3.141592653589793","231","18"
"0","232.5","18"
"3.141592653589793","234","18"
"3.141592653589793","235.5","18"
"3.1415926535897927","237","18"
"3.1415926535897927","238.5","18"
"3.0761428066400063","240","18"
"3.141592653589793","241.5","18"
"0","243","18"
"3.0761428066400063","244.5","18"
"0","246","18"
"3.141592653589793","247.5","18"
"0","249","18"
"3.1415926535897927","250.5","18"
"3.0106929596902186","252","18"
"3.141592653589793","253.5","18"
"0","255","18"
"3.141592653589793","256.5","18"
"3.076142806640006","258","18"
"3.141592653589793","259.5","18"
"3.076142806640006","261","18"
"3.141592653589793","262.5","18"
"3.0761428066400054","264","18"
"3.0761428066400063","265.5","18"
"3.141592653589793","267","18"
"0","268.5","18"
"0","270","18"
"3.141592653589793","271.5","18"
"0","273","18"
"3.0761428066400054","274.5","18"
"3.0106929596902186","276","18"
"3.141592653589793","277.5","18"
"0","279","18"
"3.1415926535897927","280.5","18"
"3.1415926535897927","282","18"
"3.141592653589793","283.5","18"
"3.0106929596902186","285","18"
"3.076142806640006","286.5","18"
"0","288","18"
"3.0761428066400063","289.5","18"
"3.0106929596902186","291","18"
"0","292.5","18"
"3.141592653589793","294","18"
"3.141592653589793","295.5","18"
"0","297","18"
"3.1415926535897927","298.5","18"
"0","300","18"
"3.1415926535897927","1.5","19"
"3.141592653589793","3","19"
"3.1415926535897927","4.5","19"
"3.141592653589793","6","19"
"0","7.5","19"
"3.1415926535897922","9","19"
"2.945243112740431","10.5","19"
"3.141592653589793","12","19"
"3.1415926535897927","13.5","19"
"3.141592653589793","15","19"
"3.141592653589793","16.5","19"
"0","18","19"
"3.141592653589793","19.5","19"
"0","21","19"
"3.1415926535897927","22.5","19"
"3.1415926535897927","24","19"
"3.141592653589793","25.5","19"
"0","27","19"
"3.0106929596902186","28.5","19"
"0","30","19"
"3.1415926535897922","31.5","19"
"3.141592653589793","33","19"
"3.141592653589793","34.5","19"
"3.0106929596902186","36","19"
"3.0761428066400054","37.5","19"
"3.0106929596902186","39","19"
"3.141592653589793","40.5","19"
"0","42","19"
"3.1415926535897922","43.5","19"
"3.1415926535897927","45","19"
"3.076142806640006","46.5","19"
"3.141592653589793","48","19"
"0","49.5","19"
"3.141592653589793","51","19"
"0","52.5","19"
"3.0761428066400054","54","19"
"3.0106929596902186","55.5","19"
"3.1415926535897927","57","19"
"3.1415926535897927","58.5","19"
"3.0761428066400054","60","19"
"0","61.5","19"
"3.141592653589793","63","19"
"0","64.5","19"
"3.0761428066400063","66","19"
"3.0106929596902177","67.5","19"
"3.141592653589793","69","19"
"3.0761428066400054","70.5","19"
"3.0761428066400054","72","19"
"3.141592653589793","73.5","19"
"3.076142806640006","75","19"
"3.141592653589793","76.5","19"
"3.1415926535897922","78","19"
"0","79.5","19"
"3.076142806640006","81","19"
"3.0761428066400054","82.5","19"
"3.141592653589793","84","19"
"3.0761428066400054","85.5","19"
"3.141592653589793","87","19"
"3.076142806640006","88.5","19"
"3.0761428066400054","90","19"
"3.1415926535897927","91.5","19"
"3.141592653589793","93","19"
"3.1415926535897927","94.5","19"
"0","96","19"
"3.1415926535897927","97.5","19"
"3.076142806640006","99","19"
"3.1415926535897927","100.5","19"
"0","102","19"
"3.1415926535897927","103.5","19"
"3.076142806640006","105","19"
"3.141592653589793","106.5","19"
"0","108","19"
"3.1415926535897927","109.5","19"
"3.141592653589793","111","19"
"3.0761428066400063","112.5","19"
"3.141592653589793","114","19"
"3.0761428066400063","115.5","19"
"3.1415926535897927","117","19"
"3.141592653589793","118.5","19"
"0","120","19"
"3.141592653589793","121.5","19"
"3.0106929596902186","123","19"
"3.1415926535897922","124.5","19"
"3.0106929596902186","126","19"
"3.0761428066400063","127.5","19"
"3.141592653589793","129","19"
"3.141592653589793","130.5","19"
"3.1415926535897927","132","19"
"3.0761428066400054","133.5","19"
"3.076142806640006","135","19"
"0","136.5","19"
"3.141592653589793","138","19"
"3.1415926535897927","139.5","19"
"3.076142806640006","141","19"
"3.0761428066400054","142.5","19"
"3.076142806640006","144","19"
"0","145.5","19"
"3.010692959690219","147","19"
"0","148.5","19"
"3.076142806640006","150","19"
"3.076142806640006","151.5","19"
"3.0761428066400054","153","19"
"0","154.5","19"
"3.141592653589793","156","19"
"3.076142806640006","157.5","19"
"3.1415926535897922","159","19"
"3.0106929596902186","160.5","19"
"3.0761428066400063","162","19"
"3.076142806640006","163.5","19"
"3.141592653589793","165","19"
"3.1415926535897927","166.5","19"
"3.0761428066400054","168","19"
"3.1415926535897927","169.5","19"
"0","171","19"
"3.076142806640006","172.5","19"
"3.1415926535897927","174","19"
"3.141592653589793","175.5","19"
"0","177","19"
"3.1415926535897927","178.5","19"
"3.141592653589793","180","19"
"3.1415926535897922","181.5","19"
"3.0761428066400054","183","19"
"3.076142806640006","184.5","19"
"3.076142806640006","186","19"
"3.0761428066400054","187.5","19"
"3.076142806640006","189","19"
"0","190.5","19"
"3.1415926535897927","192","19"
"0","193.5","19"
"3.141592653589793","195","19"
"3.1415926535897927","196.5","19"
"3.076142806640006","198","19"
"0","199.5","19"
"3.141592653589793","201","19"
"3.141592653589793","202.5","19"
"3.1415926535897922","204","19"
"0","205.5","19"
"3.076142806640006","207","19"
"3.076142806640006","208.5","19"
"3.141592653589793","210","19"
"3.1415926535897927","211.5","19"
"3.0761428066400054","213","19"
"3.0106929596902177","214.5","19"
"3.141592653589793","216","19"
"3.141592653589793","217.5","19"
"3.1415926535897927","219","19"
"3.1415926535897927","220.5","19"
"3.141592653589793","222","19"
"3.141592653589793","223.5","19"
"3.076142806640006","225","19"
"3.1415926535897922","226.5","19"
"0","228","19"
"0","229.5","19"
"3.0761428066400054","231","19"
"3.141592653589793","232.5","19"
"3.1415926535897927","234","19"
"3.0761428066400054","235.5","19"
"3.0761428066400054","237","19"
"0","238.5","19"
"3.0761428066400054","240","19"
"3.1415926535897927","241.5","19"
"3.076142806640006","243","19"
"0","244.5","19"
"3.076142806640006","246","19"
"3.0761428066400054","247.5","19"
"3.0761428066400054","249","19"
"3.0761428066400054","250.5","19"
"3.141592653589793","252","19"
"3.0761428066400054","253.5","19"
"3.0761428066400054","255","19"
"3.141592653589793","256.5","19"
"3.076142806640006","258","19"
"3.0761428066400054","259.5","19"
"0","261","19"
"3.0761428066400054","262.5","19"
"3.0761428066400054","264","19"
"3.1415926535897927","265.5","19"
"0","267","19"
"3.076142806640006","268.5","19"
"3.141592653589793","270","19"
"0","271.5","19"
"3.010692959690218","273","19"
"3.141592653589793","274.5","19"
"3.141592653589793","276","19"
"0","277.5","19"
"3.1415926535897927","279","19"
"3.141592653589793","280.5","19"
"3.141592653589793","282","19"
"0","283.5","19"
"3.1415926535897922","285","19"
"3.076142806640006","286.5","19"
"2.945243112740431","288","19"
"0","289.5","19"
"3.0761428066400054","291","19"
"3.0761428066400063","292.5","19"
"0","294","19"
"3.141592653589793","295.5","19"
"3.0761428066400063","297","19"
"3.141592653589793","298.5","19"
"3.1415926535897927","300","19"