"cell_dist","time","episode"
"3.141592653589793","1.5","0"
"0","3","0"
"2.8143434188408563","4.5","0"
"3.0761428066400054","6","0"
"3.076142806640006","7.5","0"
"2.879793265790643","9","0"
"3.076142806640005","10.5","0"
"3.1415926535897927","12","0"
"3.010692959690218","13.5","0"
"2.945243112740431","15","0"
"2.945243112740431","16.5","0"
"3.076142806640005","18","0"
"0","19.5","0"
"3.1415926535897927","21","0"
"3.1415926535897927","22.5","0"
"2.9452431127404313","24","0"
"2.945243112740431","25.5","0"
"3.076142806640006","27","0"
"0","28.5","0"
"0","30","0"
"3.0761428066400063","31.5","0"
"3.141592653589793","33","0"
"3.141592653589793","34.5","0"
"3.0106929596902186","36","0"
"3.141592653589793","37.5","0"
"0","39","0"
"0","40.5","0"
"3.076142806640006","42","0"
"3.141592653589793","43.5","0"
"3.1415926535897927","45","0"
"2.945243112740431","46.5","0"
"3.076142806640006","48","0"
"3.010692959690218","49.5","0"
"0","51","0"
"3.076142806640006","52.5","0"
"3.076142806640006","54","0"
"3.0106929596902186","55.5","0"
"0","57","0"
"3.1415926535897927","58.5","0"
"0","60","0"
"0","61.5","0"
"3.0761428066400063","63","0"
"3.010692959690218","64.5","0"
"0","66","0"
"2.945243112740431","67.5","0"
"3.1415926535897927","69","0"
"0","70.5","0"
"0","72","0"
"3.0761428066400063","73.5","0"
"3.1415926535897927","75","0"
"0","76.5","0"
"2.9452431127404304","78","0"
"0","79.5","0"
"0","81","0"
"0","82.5","0"
"3.0761428066400063","84","0"
"3.1415926535897927","85.5","0"
"3.0106929596902177","87","0"
"2.8797932657906435","88.5","0"
"3.076142806640006","90","0"
"0","91.5","0"
"0","93","0"
"3.010692959690218","94.5","0"
"3.0761428066400063","96","0"
"3.076142806640006","97.5","0"
"2.945243112740431","99","0"
"3.1415926535897927","100.5","0"
"3.010692959690218","102","0"
"0","103.5","0"
"3.1415926535897927","105","0"
"0","106.5","0"
"3.0106929596902177","108","0"
"0","109.5","0"
"3.076142806640006","111","0"
"3.0761428066400063","112.5","0"
"0","114","0"
"0","115.5","0"
"3.1415926535897927","117","0"
"0","118.5","0"
"3.1415926535897927","120","0"
"3.141592653589793","121.5","0"
"3.076142806640006","123","0"
"0","124.5","0"
"3.0761428066400063","126","0"
"3.1415926535897927","127.5","0"
"0","129","0"
"0","130.5","0"
"3.1415926535897927","132","0"
"3.141592653589793","133.5","0"
"0","135","0"
"3.010692959690218","136.5","0"
"0","138","0"
"2.945243112740431","139.5","0"
"2.9452431127404304","141","0"
"0","142.5","0"
"3.0761428066400054","144","0"
"0","145.5","0"
"3.0761428066400063","147","0"
"0","148.5","0"
"0","150","0"
"0","151.5","0"
"2.814343418840856","153","0"
"3.141592653589793","154.5","0"
"3.010692959690219","156","0"
"0","157.5","0"
"3.076142806640006","159","0"
"0","160.5","0"
"0","162","0"
"0","163.5","0"
"2.945243112740431","165","0"
"3.076142806640006","166.5","0"
"0","168","0"
"3.1415926535897927","169.5","0"
"0","171","0"
"0","172.5","0"
"0","174","0"
"3.1415926535897927","175.5","0"
"3.0761428066400054","177","0"
"0","178.5","0"
"3.076142806640006","180","0"
"3.0761428066400054","181.5","0"
"0","183","0"
"3.0106929596902186","184.5","0"
"3.0106929596902177","186","0"
"3.076142806640006","187.5","0"
"0","189","0"
"3.010692959690218","190.5","0"
"3.0761428066400054","192","0"
"3.0106929596902177","193.5","0"
"0","195","0"
"0","196.5","0"
"3.0106929596902186","198","0"
"0","199.5","0"
"3.141592653589793","201","0"
"3.076142806640006","202.5","0"
"0","204","0"
"2.9452431127404304","205.5","0"
"0","207","0"
"3.076142806640006","208.5","0"
"3.0106929596902186","210","0"
"3.141592653589793","211.5","0"
"3.0761428066400054","213","0"
"0","214.5","0"
"0","216","0"
"0","217.5","0"
"0","219","0"
"3.0106929596902186","220.5","0"
"0","222","0"
"3.1415926535897927","223.5","0"
"0","225","0"
"2.9452431127404304","226.5","0"
"2.814343418840856","228","0"
"2.945243112740431","229.5","0"
"3.1415926535897927","231","0"
"0","232.5","0"
"3.010692959690218","234","0"
"3.0761428066400054","235.5","0"
"0","237","0"
"0","238.5","0"
"0","240","0"
"3.0761428066400054","241.5","0"
"2.879793265790644","243","0"
"3.010692959690219","244.5","0"
"3.0106929596902177","246","0"
"0","247.5","0"
"3.141592653589793","249","0"
"0","250.5","0"
"2.9452431127404304","252","0"
"3.010692959690218","253.5","0"
"3.0761428066400054","255","0"
"0","256.5","0"
"2.683443724941281","258","0"
"0","259.5","0"
"0","261","0"
"0","262.5","0"
"3.1415926535897927","264","0"
"3.1415926535897927","265.5","0"
"3.076142806640006","267","0"
"3.076142806640006","268.5","0"
"2.945243112740431","270","0"
"3.076142806640006","271.5","0"
"3.076142806640006","273","0"
"0","274.5","0"
"2.8797932657906435","276","0"
"0","277.5","0"
"3.076142806640006","279","0"
"3.141592653589793","280.5","0"
"0","282","0"
"2.945243112740431","283.5","0"
"3.076142806640006","285","0"
"2.8797932657906435","286.5","0"
"3.0761428066400054","288","0"
"0","289.5","0"
"3.141592653589793","291","0"
"0","292.5","0"
"0","294","0"
"3.141592653589793","295.5","0"
"0","297","0"
"2.9452431127404304","298.5","0"
"0","300","0"
"3.0761428066400063","1.5","1"
"3.0761428066400063","3","1"
"0","4.5","1"
"3.0761428066400054","6","1"
"3.0761428066400054","7.5","1"
"2.9452431127404304","9","1"
"3.141592653589793","10.5","1"
"3.0106929596902186","12","1"
"3.010692959690218","13.5","1"
"0","15","1"
"3.141592653589793","16.5","1"
"3.0761428066400054","18","1"
"3.1415926535897927","19.5","1"
"3.0761428066400063","21","1"
"3.0761428066400054","22.5","1"
"3.141592653589793","24","1"
"2.945243112740431","25.5","1"
"0","27","1"
"0","28.5","1"
"0","30","1"
"3.141592653589793","31.5","1"
"3.0761428066400063","33","1"
"3.141592653589793","34.5","1"
"3.0761428066400054","36","1"
"3.1415926535897922","37.5","1"
"0","39","1"
"0","40.5","1"
"0","42","1"
"0","43.5","1"
"3.141592653589793","45","1"
"0","46.5","1"
"3.1415926535897922","48","1"
"0","49.5","1"
"0","51","1"
"0","52.5","1"
"0","54","1"
"0","55.5","1"
"0","57","1"
"3.0761428066400063","58.5","1"
"3.076142806640006","60","1"
"0","61.5","1"
"3.0106929596902186","63","1"
"3.1415926535897922","64.5","1"
"3.0761428066400054","66","1"
"3.0761428066400063","67.5","1"
"3.0761428066400054","69","1"
"3.076142806640006","70.5","1"
"3.0761428066400054","72","1"
"3.076142806640006","73.5","1"
"3.141592653589793","75","1"
"3.0106929596902186","76.5","1"
"0","78","1"
"3.076142806640006","79.5","1"
"3.0761428066400054","81","1"
"0","82.5","1"
"3.0761428066400063","84","1"
"3.141592653589793","85.5","1"
"3.0106929596902186","87","1"
"0","88.5","1"
"3.0761428066400063","90","1"
"3.141592653589793","91.5","1"
"0","93","1"
"3.1415926535897927","94.5","1"
"3.076142806640006","96","1"
"0","97.5","1"
"0","99","1"
"3.076142806640006","100.5","1"
"3.0761428066400054","102","1"
"0","103.5","1"
"0","105","1"
"3.0761428066400063","106.5","1"
"3.0761428066400063","108","1"
"0","109.5","1"
"3.076142806640006","111","1"
"3.141592653589793","112.5","1"
"3.1415926535897927","114","1"
"0","115.5","1"
"3.076142806640006","117","1"
"3.141592653589793","118.5","1"
"3.0761428066400054","120","1"
"0","121.5","1"
"3.141592653589793","123","1"
"3.0761428066400054","124.5","1"
"3.141592653589793","126","1"
"3.1415926535897927","127.5","1"
"3.1415926535897927","129","1"
"2.879793265790644","130.5","1"
"3.0106929596902186","132","1"
"3.141592653589793","133.5","1"
"3.141592653589793","135","1"
"0","136.5","1"
"3.076142806640006","138","1"
"3.0106929596902186","139.5","1"
"0","141","1"
"2.945243112740431","142.5","1"
"3.1415926535897927","144","1"
"3.0106929596902177","145.5","1"
"3.0106929596902186","147","1"
"3.0761428066400054","148.5","1"
"3.076142806640006","150","1"
"3.0761428066400063","151.5","1"
"0","153","1"
"0","154.5","1"
"3.141592653589793","156","1"
"3.141592653589793","157.5","1"
"0","159","1"
"3.0106929596902186","160.5","1"
"0","162","1"
"0","163.5","1"
"3.0761428066400054","165","1"
"0","166.5","1"
"0","168","1"
"3.076142806640006","169.5","1"
"3.076142806640006","171","1"
"3.141592653589793","172.5","1"
"3.1415926535897927","174","1"
"0","175.5","1"
"3.0761428066400054","177","1"
"0","178.5","1"
"3.0106929596902186","180","1"
"3.141592653589793","181.5","1"
"0","183","1"
"0","184.5","1"
"3.141592653589793","186","1"
"3.1415926535897927","187.5","1"
"3.141592653589793","189","1"
"3.1415926535897927","190.5","1"
"3.141592653589793","192","1"
"3.1415926535897927","193.5","1"
"3.141592653589793","195","1"
"3.0761428066400054","196.5","1"
"2.945243112740431","198","1"
"3.076142806640006","199.5","1"
"3.141592653589793","201","1"
"3.0761428066400054","202.5","1"
"0","204","1"
"3.076142806640006","205.5","1"
"3.0761428066400054","207","1"
"3.141592653589793","208.5","1"
"3.141592653589793","210","1"
"3.076142806640006","211.5","1"
"3.1415926535897927","213","1"
"3.0761428066400063","214.5","1"
"3.0761428066400063","216","1"
"0","217.5","1"
"2.8143434188408563","219","1"
"0","220.5","1"
"3.076142806640006","222","1"
"3.0106929596902186","223.5","1"
"3.0761428066400054","225","1"
"3.010692959690218","226.5","1"
"3.0106929596902186","228","1"
"0","229.5","1"
"3.1415926535897927","231","1"
"3.141592653589793","232.5","1"
"3.0761428066400063","234","1"
"3.0106929596902177","235.5","1"
"3.0761428066400054","237","1"
"0","238.5","1"
"3.076142806640006","240","1"
"0","241.5","1"
"3.0106929596902186","243","1"
"0","244.5","1"
"3.141592653589793","246","1"
"2.814343418840856","247.5","1"
"3.010692959690218","249","1"
"3.0761428066400063","250.5","1"
"3.076142806640006","252","1"
"3.076142806640006","253.5","1"
"2.552544031041707","255","1"
"3.0106929596902186","256.5","1"
"3.010692959690219","258","1"
"3.076142806640006","259.5","1"
"3.0761428066400063","261","1"
"3.076142806640006","262.5","1"
"3.0761428066400063","264","1"
"3.1415926535897927","265.5","1"
"0","267","1"
"3.141592653589793","268.5","1"
"3.1415926535897927","270","1"
"3.141592653589793","271.5","1"
"0","273","1"
"0","274.5","1"
"3.141592653589793","276","1"
"3.141592653589793","277.5","1"
"3.141592653589793","279","1"
"3.141592653589793","280.5","1"
"3.1415926535897927","282","1"
"0","283.5","1"
"3.0761428066400054","285","1"
"3.0761428066400063","286.5","1"
"3.076142806640006","288","1"
"2.945243112740431","289.5","1"
"3.076142806640006","291","1"
"3.0761428066400054","292.5","1"
"3.0761428066400054","294","1"
"3.076142806640006","295.5","1"
"3.141592653589793","297","1"
"3.076142806640006","298.5","1"
"0","300","1"
"3.1415926535897927","1.5","2"
"3.0761428066400063","3","2"
"3.010692959690218","4.5","2"
"3.076142806640006","6","2"
"2.945243112740431","7.5","2"
"0","9","2"
"0","10.5","2"
"3.0761428066400054","12","2"
"3.0761428066400063","13.5","2"
"0","15","2"
"3.076142806640006","16.5","2"
"3.076142806640006","18","2"
"0","19.5","2"
"0","21","2"
"3.010692959690219","22.5","2"
"0","24","2"
"0","25.5","2"
"3.0106929596902186","27","2"
"3.010692959690218","28.5","2"
"0","30","2"
"3.141592653589793","31.5","2"
"3.141592653589793","33","2"
"3.141592653589793","34.5","2"
"2.945243112740431","36","2"
"0","37.5","2"
"3.010692959690218","39","2"
"0","40.5","2"
"0","42","2"
"3.076142806640006","43.5","2"
"0","45","2"
"3.0761428066400054","46.5","2"
"3.076142806640006","48","2"
"3.010692959690218","49.5","2"
"3.076142806640006","51","2"
"2.9452431127404304","52.5","2"
"3.076142806640006","54","2"
"0","55.5","2"
"0","57","2"
"3.141592653589793","58.5","2"
"0","60","2"
"0","61.5","2"
"2.879793265790643","63","2"
"0","64.5","2"
"2.879793265790644","66","2"
"0","67.5","2"
"3.0106929596902186","69","2"
"3.1415926535897927","70.5","2"
"0","72","2"
"0","73.5","2"
"3.1415926535897927","75","2"
"3.0106929596902186","76.5","2"
"3.076142806640006","78","2"
"3.1415926535897927","79.5","2"
"3.1415926535897927","81","2"
"3.076142806640006","82.5","2"
"3.010692959690219","84","2"
"3.1415926535897927","85.5","2"
"0","87","2"
"0","88.5","2"
"3.0761428066400063","90","2"
"2.9452431127404313","91.5","2"
"0","93","2"
"3.010692959690218","94.5","2"
"3.076142806640006","96","2"
"3.0761428066400054","97.5","2"
"0","99","2"
"3.0761428066400063","100.5","2"
"3.076142806640006","102","2"
"0","103.5","2"
"3.0761428066400054","105","2"
"3.076142806640006","106.5","2"
"3.0761428066400054","108","2"
"0","109.5","2"
"3.076142806640006","111","2"
"3.1415926535897927","112.5","2"
"0","114","2"
"0","115.5","2"
"3.076142806640006","117","2"
"3.0761428066400063","118.5","2"
"3.141592653589793","120","2"
"3.076142806640006","121.5","2"
"3.1415926535897927","123","2"
"3.076142806640006","124.5","2"
"0","126","2"
"2.945243112740431","127.5","2"
"3.0761428066400054","129","2"
"0","130.5","2"
"0","132","2"
"3.076142806640006","133.5","2"
"0","135","2"
"0","136.5","2"
"3.141592653589793","138","2"
"3.141592653589793","139.5","2"
"0","141","2"
"3.141592653589793","142.5","2"
"3.0761428066400054","144","2"
"0","145.5","2"
"0","147","2"
"3.0106929596902186","148.5","2"
"3.0106929596902186","150","2"
"0","151.5","2"
"0","153","2"
"3.141592653589793","154.5","2"
"3.0761428066400054","156","2"
"0","157.5","2"
"3.076142806640006","159","2"
"3.141592653589793","160.5","2"
"0","162","2"
"3.0106929596902186","163.5","2"
"3.1415926535897927","165","2"
"3.0106929596902177","166.5","2"
"0","168","2"
"3.0106929596902177","169.5","2"
"3.0761428066400063","171","2"
"0","172.5","2"
"0","174","2"
"3.076142806640006","175.5","2"
"3.0761428066400054","177","2"
"0","178.5","2"
"3.076142806640006","180","2"
"3.0106929596902186","181.5","2"
"0","183","2"
"0","184.5","2"
"3.0761428066400054","186","2"
"3.0761428066400054","187.5","2"
"0","189","2"
"0","190.5","2"
"3.1415926535897927","192","2"
"3.076142806640006","193.5","2"
"0","195","2"
"3.0761428066400063","196.5","2"
"3.1415926535897927","198","2"
"0","199.5","2"
"0","201","2"
"3.141592653589793","202.5","2"
"0","204","2"
"3.0106929596902186","205.5","2"
"3.141592653589793","207","2"
"3.1415926535897927","208.5","2"
"0","210","2"
"0","211.5","2"
"0","213","2"
"3.0106929596902186","214.5","2"
"0","216","2"
"3.0761428066400063","217.5","2"
"3.076142806640006","219","2"
"3.0761428066400054","220.5","2"
"0","222","2"
"3.0761428066400054","223.5","2"
"3.076142806640006","225","2"
"2.8797932657906435","226.5","2"
"3.076142806640006","228","2"
"3.141592653589793","229.5","2"
"3.0106929596902177","231","2"
"3.010692959690218","232.5","2"
"3.141592653589793","234","2"
"3.0761428066400063","235.5","2"
"0","237","2"
"3.0761428066400054","238.5","2"
"3.141592653589793","240","2"
"3.076142806640006","241.5","2"
"0","243","2"
"3.0106929596902177","244.5","2"
"3.141592653589793","246","2"
"0","247.5","2"
"3.0106929596902186","249","2"
"3.076142806640006","250.5","2"
"3.141592653589793","252","2"
"0","253.5","2"
"3.1415926535897927","255","2"
"3.141592653589793","256.5","2"
"3.1415926535897927","258","2"
"3.0106929596902186","259.5","2"
"3.141592653589793","261","2"
"3.141592653589793","262.5","2"
"0","264","2"
"3.141592653589793","265.5","2"
"2.945243112740431","267","2"
"3.0761428066400054","268.5","2"
"3.0761428066400054","270","2"
"3.076142806640006","271.5","2"
"3.076142806640006","273","2"
"3.010692959690218","274.5","2"
"0","276","2"
"3.1415926535897927","277.5","2"
"3.1415926535897927","279","2"
"0","280.5","2"
"3.076142806640006","282","2"
"3.1415926535897927","283.5","2"
"3.1415926535897927","285","2"
"0","286.5","2"
"3.076142806640006","288","2"
"3.076142806640006","289.5","2"
"0","291","2"
"0","292.5","2"
"3.141592653589793","294","2"
"3.0761428066400054","295.5","2"
"0","297","2"
"3.076142806640006","298.5","2"
"0","300","2"
"0","1.5","3"
"3.0761428066400063","3","3"
"3.1415926535897927","4.5","3"
"0","6","3"
"0","7.5","3"
"3.141592653589793","9","3"
"0","10.5","3"
"3.0761428066400054","12","3"
"3.0761428066400054","13.5","3"
"0","15","3"
"0","16.5","3"
"0","18","3"
"3.141592653589793","19.5","3"
"2.945243112740431","21","3"
"0","22.5","3"
"3.0761428066400054","24","3"
"3.0761428066400054","25.5","3"
"0","27","3"
"0","28.5","3"
"3.0761428066400054","30","3"
"0","31.5","3"
"0","33","3"
"3.010692959690218","34.5","3"
"3.076142806640006","36","3"
"0","37.5","3"
"3.1415926535897927","39","3"
"3.141592653589793","40.5","3"
"0","42","3"
"0","43.5","3"
"0","45","3"
"3.010692959690218","46.5","3"
"0","48","3"
"0","49.5","3"
"3.0761428066400054","51","3"
"0","52.5","3"
"3.1415926535897927","54","3"
"3.010692959690218","55.5","3"
"0","57","3"
"2.945243112740431","58.5","3"
"2.945243112740431","60","3"
"2.945243112740431","61.5","3"
"3.0761428066400054","63","3"
"3.010692959690218","64.5","3"
"3.010692959690218","66","3"
"0","67.5","3"
"0","69","3"
"3.0761428066400054","70.5","3"
"3.010692959690218","72","3"
"0","73.5","3"
"3.0761428066400054","75","3"
"3.0761428066400054","76.5","3"
"3.076142806640006","78","3"
"0","79.5","3"
"3.0761428066400054","81","3"
"3.1415926535897927","82.5","3"
"0","84","3"
"3.0761428066400054","85.5","3"
"3.0761428066400054","87","3"
"0","88.5","3"
"3.0106929596902177","90","3"
"3.010692959690218","91.5","3"
"0","93","3"
"0","94.5","3"
"3.010692959690218","96","3"
"3.010692959690218","97.5","3"
"0","99","3"
"2.945243112740431","100.5","3"
"3.076142806640006","102","3"
"3.010692959690218","103.5","3"
"0","105","3"
"3.010692959690218","106.5","3"
"3.141592653589793","108","3"
"0","109.5","3"
"0","111","3"
"3.076142806640006","112.5","3"
"3.010692959690218","114","3"
"3.010692959690218","115.5","3"
"0","117","3"
"3.010692959690218","118.5","3"
"3.1415926535897927","120","3"
"0","121.5","3"
"0","123","3"
"2.8797932657906435","124.5","3"
"3.0761428066400054","126","3"
"3.0761428066400054","127.5","3"
"3.141592653589793","129","3"
"3.1415926535897927","130.5","3"
"0","132","3"
"0","133.5","3"
"3.0761428066400054","135","3"
"2.945243112740431","136.5","3"
"3.0761428066400054","138","3"
"0","139.5","3"
"0","141","3"
"0","142.5","3"
"3.076142806640006","144","3"
"3.1415926535897927","145.5","3"
"0","147","3"
"3.1415926535897927","148.5","3"
"3.076142806640006","150","3"
"3.0761428066400054","151.5","3"
"3.0106929596902177","153","3"
"3.076142806640006","154.5","3"
"3.076142806640006","156","3"
"0","157.5","3"
"0","159","3"
"3.0106929596902186","160.5","3"
"0","162","3"
"0","163.5","3"
"3.141592653589793","165","3"
"3.0761428066400054","166.5","3"
"0","168","3"
"0","169.5","3"
"3.141592653589793","171","3"
"3.0761428066400054","172.5","3"
"0","174","3"
"3.0761428066400054","175.5","3"
"3.076142806640006","177","3"
"2.8143434188408563","178.5","3"
"3.141592653589793","180","3"
"0","181.5","3"
"3.0106929596902186","183","3"
"0","184.5","3"
"0","186","3"
"3.076142806640006","187.5","3"
"3.0761428066400054","189","3"
"0","190.5","3"
"3.0761428066400054","192","3"
"3.0106929596902186","193.5","3"
"3.141592653589793","195","3"
"0","196.5","3"
"3.076142806640006","198","3"
"3.0761428066400054","199.5","3"
"0","201","3"
"0","202.5","3"
"3.0761428066400054","204","3"
"3.141592653589793","205.5","3"
"0","207","3"
"3.076142806640006","208.5","3"
"3.141592653589793","210","3"
"0","211.5","3"
"3.0761428066400054","213","3"
"0","214.5","3"
"3.141592653589793","216","3"
"0","217.5","3"
"0","219","3"
"3.076142806640006","220.5","3"
"0","222","3"
"3.1415926535897927","223.5","3"
"3.141592653589793","225","3"
"0","226.5","3"
"3.010692959690218","228","3"
"3.076142806640006","229.5","3"
"3.076142806640006","231","3"
"0","232.5","3"
"0","234","3"
"3.0106929596902186","235.5","3"
"3.141592653589793","237","3"
"0","238.5","3"
"3.141592653589793","240","3"
"3.076142806640006","241.5","3"
"3.1415926535897927","243","3"
"0","244.5","3"
"3.010692959690218","246","3"
"3.0106929596902186","247.5","3"
"0","249","3"
"0","250.5","3"
"0","252","3"
"3.141592653589793","253.5","3"
"3.0106929596902186","255","3"
"3.0761428066400054","256.5","3"
"0","258","3"
"0","259.5","3"
"3.1415926535897927","261","3"
"0","262.5","3"
"3.076142806640006","264","3"
"0","265.5","3"
"0","267","3"
"3.076142806640006","268.5","3"
"3.0761428066400054","270","3"
"0","271.5","3"
"0","273","3"
"3.141592653589793","274.5","3"
"2.945243112740431","276","3"
"0","277.5","3"
"0","279","3"
"3.076142806640006","280.5","3"
"3.0761428066400054","282","3"
"2.9452431127404304","283.5","3"
"0","285","3"
"3.010692959690218","286.5","3"
"3.076142806640006","288","3"
"3.076142806640006","289.5","3"
"3.1415926535897927","291","3"
"3.141592653589793","292.5","3"
"0","294","3"
"0","295.5","3"
"3.076142806640006","297","3"
"0","298.5","3"
"0","300","3"
"3.0761428066400054","1.5","4"
"0","3","4"
"3.1415926535897927","4.5","4"
"3.0761428066400054","6","4"
"0","7.5","4"
"3.1415926535897927","9","4"
"3.0106929596902186","10.5","4"
"0","12","4"
"3.0761428066400054","13.5","4"
"3.1415926535897927","15","4"
"3.1415926535897927","16.5","4"
"3.1415926535897927","18","4"
"3.0761428066400054","19.5","4"
"3.141592653589793","21","4"
"0","22.5","4"
"3.076142806640006","24","4"
"3.141592653589793","25.5","4"
"3.010692959690219","27","4"
"0","28.5","4"
"3.076142806640006","30","4"
"3.141592653589793","31.5","4"
"0","33","4"
"3.141592653589793","34.5","4"
"3.141592653589793","36","4"
"3.0106929596902186","37.5","4"
"3.0761428066400063","39","4"
"0","40.5","4"
"3.141592653589793","42","4"
"0","43.5","4"
"3.141592653589793","45","4"
"0","46.5","4"
"3.010692959690219","48","4"
"0","49.5","4"
"3.0761428066400054","51","4"
"3.141592653589793","52.5","4"
"0","54","4"
"0","55.5","4"
"3.1415926535897927","57","4"
"3.010692959690219","58.5","4"
"0","60","4"
"0","61.5","4"
"3.0761428066400054","63","4"
"3.1415926535897927","64.5","4"
"0","66","4"
"3.1415926535897927","67.5","4"
"3.0761428066400063","69","4"
"0","70.5","4"
"3.076142806640006","72","4"
"3.0106929596902186","73.5","4"
"0","75","4"
"3.1415926535897927","76.5","4"
"3.141592653589793","78","4"
"0","79.5","4"
"0","81","4"
"3.076142806640006","82.5","4"
"3.0761428066400063","84","4"
"0","85.5","4"
"3.1415926535897927","87","4"
"3.076142806640006","88.5","4"
"0","90","4"
"0","91.5","4"
"0","93","4"
"2.8797932657906435","94.5","4"
"0","96","4"
"3.0106929596902186","97.5","4"
"3.141592653589793","99","4"
"3.0761428066400054","100.5","4"
"0","102","4"
"3.0761428066400054","103.5","4"
"3.0761428066400063","105","4"
"0","106.5","4"
"3.076142806640006","108","4"
"3.076142806640006","109.5","4"
"3.1415926535897927","111","4"
"0","112.5","4"
"3.0761428066400054","114","4"
"3.0761428066400063","115.5","4"
"0","117","4"
"3.076142806640006","118.5","4"
"3.0761428066400054","120","4"
"0","121.5","4"
"0","123","4"
"3.076142806640006","124.5","4"
"3.076142806640006","126","4"
"0","127.5","4"
"0","129","4"
"3.1415926535897927","130.5","4"
"3.0761428066400063","132","4"
"0","133.5","4"
"3.0761428066400054","135","4"
"3.076142806640006","136.5","4"
"3.0106929596902186","138","4"
"0","139.5","4"
"3.1415926535897927","141","4"
"3.0761428066400063","142.5","4"
"0","144","4"
"3.1415926535897927","145.5","4"
"3.141592653589793","147","4"
"0","148.5","4"
"3.0106929596902186","150","4"
"3.076142806640006","151.5","4"
"3.141592653589793","153","4"
"3.0106929596902186","154.5","4"
"3.0761428066400054","156","4"
"0","157.5","4"
"0","159","4"
"2.9452431127404313","160.5","4"
"3.141592653589793","162","4"
"3.141592653589793","163.5","4"
"0","165","4"
"3.0106929596902186","166.5","4"
"3.141592653589793","168","4"
"0","169.5","4"
"0","171","4"
"3.0106929596902186","172.5","4"
"0","174","4"
"0","175.5","4"
"3.076142806640006","177","4"
"3.076142806640006","178.5","4"
"3.141592653589793","180","4"
"0","181.5","4"
"0","183","4"
"3.0761428066400063","184.5","4"
"0","186","4"
"0","187.5","4"
"0","189","4"
"3.0761428066400054","190.5","4"
"0","192","4"
"3.1415926535897927","193.5","4"
"3.1415926535897927","195","4"
"0","196.5","4"
"3.0106929596902177","198","4"
"3.0761428066400063","199.5","4"
"0","201","4"
"0","202.5","4"
"3.1415926535897927","204","4"
"3.141592653589793","205.5","4"
"0","207","4"
"0","208.5","4"
"3.1415926535897927","210","4"
"3.141592653589793","211.5","4"
"0","213","4"
"3.010692959690218","214.5","4"
"3.141592653589793","216","4"
"3.010692959690219","217.5","4"
"0","219","4"
"3.141592653589793","220.5","4"
"3.141592653589793","222","4"
"0","223.5","4"
"0","225","4"
"3.1415926535897927","226.5","4"
"3.076142806640006","228","4"
"3.0761428066400054","229.5","4"
"3.076142806640006","231","4"
"3.0761428066400063","232.5","4"
"0","234","4"
"3.0761428066400054","235.5","4"
"3.0761428066400063","237","4"
"0","238.5","4"
"3.141592653589793","240","4"
"2.814343418840856","241.5","4"
"3.141592653589793","243","4"
"0","244.5","4"
"0","246","4"
"3.0761428066400063","247.5","4"
"3.0106929596902186","249","4"
"0","250.5","4"
"3.0106929596902186","252","4"
"3.076142806640006","253.5","4"
"3.0106929596902186","255","4"
"0","256.5","4"
"3.141592653589793","258","4"
"3.076142806640006","259.5","4"
"2.945243112740431","261","4"
"0","262.5","4"
"3.076142806640006","264","4"
"3.0761428066400054","265.5","4"
"0","267","4"
"3.076142806640006","268.5","4"
"3.0761428066400063","270","4"
"0","271.5","4"
"0","273","4"
"3.076142806640006","274.5","4"
"3.141592653589793","276","4"
"0","277.5","4"
"0","279","4"
"3.0761428066400063","280.5","4"
"3.0761428066400054","282","4"
"0","283.5","4"
"3.0761428066400063","285","4"
"3.141592653589793","286.5","4"
"0","288","4"
"3.0761428066400063","289.5","4"
"3.076142806640006","291","4"
"3.0761428066400054","292.5","4"
"0","294","4"
"3.076142806640006","295.5","4"
"3.0761428066400063","297","4"
"0","298.5","4"
"0","300","4"
"3.0761428066400054","1.5","5"
"0","3","5"
"3.1415926535897927","4.5","5"
"3.0761428066400054","6","5"
"0","7.5","5"
"3.1415926535897927","9","5"
"3.0106929596902186","10.5","5"
"0","12","5"
"3.0761428066400054","13.5","5"
"3.1415926535897927","15","5"
"3.1415926535897927","16.5","5"
"3.1415926535897927","18","5"
"3.0761428066400054","19.5","5"
"3.141592653589793","21","5"
"0","22.5","5"
"3.076142806640006","24","5"
"3.141592653589793","25.5","5"
"3.010692959690219","27","5"
"0","28.5","5"
"3.076142806640006","30","5"
"3.141592653589793","31.5","5"
"0","33","5"
"3.141592653589793","34.5","5"
"3.141592653589793","36","5"
"3.0106929596902186","37.5","5"
"3.0761428066400063","39","5"
"0","40.5","5"
"3.141592653589793","42","5"
"0","43.5","5"
"3.141592653589793","45","5"
"0","46.5","5"
"3.010692959690219","48","5"
"0","49.5","5"
"3.0761428066400054","51","5"
"3.141592653589793","52.5","5"
"0","54","5"
"0","55.5","5"
"3.1415926535897927","57","5"
"3.010692959690219","58.5","5"
"0","60","5"
"0","61.5","5"
"3.0761428066400054","63","5"
"3.1415926535897927","64.5","5"
"0","66","5"
"3.1415926535897927","67.5","5"
"3.0761428066400063","69","5"
"0","70.5","5"
"3.076142806640006","72","5"
"3.0106929596902186","73.5","5"
"0","75","5"
"3.1415926535897927","76.5","5"
"3.141592653589793","78","5"
"0","79.5","5"
"0","81","5"
"3.076142806640006","82.5","5"
"3.0761428066400063","84","5"
"0","85.5","5"
"3.1415926535897927","87","5"
"3.076142806640006","88.5","5"
"0","90","5"
"0","91.5","5"
"0","93","5"
"2.8797932657906435","94.5","5"
"0","96","5"
"3.0106929596902186","97.5","5"
"3.141592653589793","99","5"
"3.0761428066400054","100.5","5"
"0","102","5"
"3.0761428066400054","103.5","5"
"3.0761428066400063","105","5"
"0","106.5","5"
"3.076142806640006","108","5"
"3.076142806640006","109.5","5"
"3.1415926535897927","111","5"
"0","112.5","5"
"3.0761428066400054","114","5"
"3.0761428066400063","115.5","5"
"0","117","5"
"3.076142806640006","118.5","5"
"3.0761428066400054","120","5"
"0","121.5","5"
"0","123","5"
"3.076142806640006","124.5","5"
"3.076142806640006","126","5"
"0","127.5","5"
"0","129","5"
"3.1415926535897927","130.5","5"
"3.0761428066400063","132","5"
"0","133.5","5"
"3.0761428066400054","135","5"
"3.076142806640006","136.5","5"
"3.0106929596902186","138","5"
"0","139.5","5"
"3.1415926535897927","141","5"
"3.0761428066400063","142.5","5"
"0","144","5"
"3.1415926535897927","145.5","5"
"3.141592653589793","147","5"
"0","148.5","5"
"3.0106929596902186","150","5"
"3.076142806640006","151.5","5"
"3.141592653589793","153","5"
"3.0106929596902186","154.5","5"
"3.0761428066400054","156","5"
"0","157.5","5"
"0","159","5"
"2.9452431127404313","160.5","5"
"3.141592653589793","162","5"
"3.141592653589793","163.5","5"
"0","165","5"
"3.0106929596902186","166.5","5"
"3.141592653589793","168","5"
"0","169.5","5"
"0","171","5"
"3.0106929596902186","172.5","5"
"0","174","5"
"0","175.5","5"
"3.076142806640006","177","5"
"3.076142806640006","178.5","5"
"3.141592653589793","180","5"
"0","181.5","5"
"0","183","5"
"3.0761428066400063","184.5","5"
"0","186","5"
"0","187.5","5"
"0","189","5"
"3.0761428066400054","190.5","5"
"0","192","5"
"3.1415926535897927","193.5","5"
"3.1415926535897927","195","5"
"0","196.5","5"
"3.0106929596902177","198","5"
"3.0761428066400063","199.5","5"
"0","201","5"
"0","202.5","5"
"3.1415926535897927","204","5"
"3.141592653589793","205.5","5"
"0","207","5"
"0","208.5","5"
"3.1415926535897927","210","5"
"3.141592653589793","211.5","5"
"0","213","5"
"3.010692959690218","214.5","5"
"3.141592653589793","216","5"
"3.010692959690219","217.5","5"
"0","219","5"
"3.141592653589793","220.5","5"
"3.141592653589793","222","5"
"0","223.5","5"
"0","225","5"
"3.1415926535897927","226.5","5"
"3.076142806640006","228","5"
"3.0761428066400054","229.5","5"
"3.076142806640006","231","5"
"3.0761428066400063","232.5","5"
"0","234","5"
"3.0761428066400054","235.5","5"
"3.0761428066400063","237","5"
"0","238.5","5"
"3.141592653589793","240","5"
"2.814343418840856","241.5","5"
"3.141592653589793","243","5"
"0","244.5","5"
"0","246","5"
"3.0761428066400063","247.5","5"
"3.0106929596902186","249","5"
"0","250.5","5"
"3.0106929596902186","252","5"
"3.076142806640006","253.5","5"
"3.0106929596902186","255","5"
"0","256.5","5"
"3.141592653589793","258","5"
"3.076142806640006","259.5","5"
"2.945243112740431","261","5"
"0","262.5","5"
"3.076142806640006","264","5"
"3.0761428066400054","265.5","5"
"0","267","5"
"3.076142806640006","268.5","5"
"3.0761428066400063","270","5"
"0","271.5","5"
"0","273","5"
"3.076142806640006","274.5","5"
"3.141592653589793","276","5"
"0","277.5","5"
"0","279","5"
"3.0761428066400063","280.5","5"
"3.0761428066400054","282","5"
"0","283.5","5"
"3.0761428066400063","285","5"
"3.141592653589793","286.5","5"
"0","288","5"
"3.0761428066400063","289.5","5"
"3.076142806640006","291","5"
"3.0761428066400054","292.5","5"
"0","294","5"
"3.076142806640006","295.5","5"
"3.0761428066400063","297","5"
"0","298.5","5"
"0","300","5"
"3.141592653589793","1.5","6"
"3.141592653589793","3","6"
"0","4.5","6"
"0","6","6"
"3.0761428066400054","7.5","6"
"0","9","6"
"2.945243112740431","10.5","6"
"3.0761428066400054","12","6"
"3.141592653589793","13.5","6"
"3.141592653589793","15","6"
"3.141592653589793","16.5","6"
"3.0761428066400054","18","6"
"0","19.5","6"
"0","21","6"
"3.0761428066400054","22.5","6"
"3.141592653589793","24","6"
"0","25.5","6"
"0","27","6"
"3.141592653589793","28.5","6"
"0","30","6"
"0","31.5","6"
"3.076142806640006","33","6"
"3.0761428066400054","34.5","6"
"0","36","6"
"0","37.5","6"
"3.076142806640006","39","6"
"0","40.5","6"
"0","42","6"
"3.0761428066400054","43.5","6"
"3.0761428066400063","45","6"
"0","46.5","6"
"3.0761428066400054","48","6"
"3.076142806640006","49.5","6"
"0","51","6"
"0","52.5","6"
"3.141592653589793","54","6"
"0","55.5","6"
"0","57","6"
"3.141592653589793","58.5","6"
"3.1415926535897927","60","6"
"0","61.5","6"
"3.141592653589793","63","6"
"3.0761428066400054","64.5","6"
"3.0106929596902186","66","6"
"0","67.5","6"
"0","69","6"
"3.076142806640006","70.5","6"
"0","72","6"
"0","73.5","6"
"2.814343418840856","75","6"
"3.141592653589793","76.5","6"
"0","78","6"
"3.141592653589793","79.5","6"
"3.0761428066400054","81","6"
"0","82.5","6"
"0","84","6"
"3.0761428066400063","85.5","6"
"3.0761428066400054","87","6"
"0","88.5","6"
"3.141592653589793","90","6"
"3.0761428066400054","91.5","6"
"0","93","6"
"0","94.5","6"
"3.010692959690218","96","6"
"3.1415926535897927","97.5","6"
"3.1415926535897927","99","6"
"3.076142806640006","100.5","6"
"3.0761428066400054","102","6"
"0","103.5","6"
"3.010692959690218","105","6"
"3.076142806640006","106.5","6"
"0","108","6"
"0","109.5","6"
"3.0761428066400054","111","6"
"3.010692959690218","112.5","6"
"0","114","6"
"0","115.5","6"
"3.076142806640006","117","6"
"0","118.5","6"
"3.0106929596902177","120","6"
"3.1415926535897927","121.5","6"
"3.141592653589793","123","6"
"0","124.5","6"
"0","126","6"
"2.8143434188408563","127.5","6"
"3.1415926535897927","129","6"
"0","130.5","6"
"3.0106929596902177","132","6"
"3.076142806640006","133.5","6"
"0","135","6"
"3.076142806640006","136.5","6"
"3.010692959690218","138","6"
"3.0761428066400054","139.5","6"
"0","141","6"
"0","142.5","6"
"3.0761428066400054","144","6"
"0","145.5","6"
"3.076142806640006","147","6"
"3.0761428066400054","148.5","6"
"3.0761428066400063","150","6"
"0","151.5","6"
"2.879793265790643","153","6"
"3.076142806640006","154.5","6"
"0","156","6"
"3.0106929596902186","157.5","6"
"3.0761428066400063","159","6"
"3.076142806640006","160.5","6"
"0","162","6"
"0","163.5","6"
"3.1415926535897927","165","6"
"3.0761428066400063","166.5","6"
"0","168","6"
"3.1415926535897927","169.5","6"
"3.0761428066400063","171","6"
"2.945243112740431","172.5","6"
"2.9452431127404304","174","6"
"3.141592653589793","175.5","6"
"3.010692959690218","177","6"
"0","178.5","6"
"3.1415926535897927","180","6"
"2.945243112740431","181.5","6"
"0","183","6"
"0","184.5","6"
"3.1415926535897927","186","6"
"3.0761428066400054","187.5","6"
"0","189","6"
"3.0761428066400054","190.5","6"
"3.0761428066400054","192","6"
"2.879793265790643","193.5","6"
"0","195","6"
"3.076142806640006","196.5","6"
"3.0761428066400054","198","6"
"0","199.5","6"
"3.0761428066400054","201","6"
"3.0761428066400054","202.5","6"
"3.0761428066400054","204","6"
"0","205.5","6"
"3.141592653589793","207","6"
"3.141592653589793","208.5","6"
"0","210","6"
"0","211.5","6"
"3.076142806640006","213","6"
"3.141592653589793","214.5","6"
"0","216","6"
"3.076142806640006","217.5","6"
"3.0761428066400054","219","6"
"0","220.5","6"
"0","222","6"
"3.1415926535897927","223.5","6"
"3.0106929596902177","225","6"
"0","226.5","6"
"3.141592653589793","228","6"
"3.0761428066400054","229.5","6"
"0","231","6"
"3.141592653589793","232.5","6"
"3.0761428066400054","234","6"
"3.0761428066400063","235.5","6"
"0","237","6"
"3.0761428066400054","238.5","6"
"3.0106929596902186","240","6"
"0","241.5","6"
"0","243","6"
"3.0761428066400063","244.5","6"
"0","246","6"
"0","247.5","6"
"0","249","6"
"3.1415926535897927","250.5","6"
"0","252","6"
"3.0761428066400054","253.5","6"
"3.010692959690218","255","6"
"3.0106929596902186","256.5","6"
"0","258","6"
"0","259.5","6"
"3.0106929596902186","261","6"
"3.0761428066400054","262.5","6"
"0","264","6"
"3.0106929596902186","265.5","6"
"3.076142806640006","267","6"
"0","268.5","6"
"3.076142806640006","270","6"
"3.076142806640006","271.5","6"
"3.0761428066400054","273","6"
"0","274.5","6"
"3.0761428066400063","276","6"
"3.141592653589793","277.5","6"
"0","279","6"
"0","280.5","6"
"3.0761428066400063","282","6"
"3.141592653589793","283.5","6"
"0","285","6"
"3.1415926535897927","286.5","6"
"3.0761428066400063","288","6"
"0","289.5","6"
"0","291","6"
"3.0761428066400063","292.5","6"
"3.1415926535897927","294","6"
"3.0106929596902186","295.5","6"
"3.076142806640006","297","6"
"3.076142806640006","298.5","6"
"3.0761428066400054","300","6"
"0","1.5","7"
"0","3","7"
"3.1415926535897927","4.5","7"
"3.076142806640006","6","7"
"3.0761428066400054","7.5","7"
"3.0761428066400054","9","7"
"3.1415926535897927","10.5","7"
"0","12","7"
"0","13.5","7"
"3.1415926535897927","15","7"
"3.141592653589793","16.5","7"
"0","18","7"
"3.0761428066400054","19.5","7"
"3.1415926535897927","21","7"
"0","22.5","7"
"2.945243112740431","24","7"
"0","25.5","7"
"0","27","7"
"0","28.5","7"
"0","30","7"
"3.1415926535897927","31.5","7"
"0","33","7"
"0","34.5","7"
"3.1415926535897927","36","7"
"3.0106929596902186","37.5","7"
"0","39","7"
"2.879793265790643","40.5","7"
"3.0761428066400054","42","7"
"0","43.5","7"
"0","45","7"
"3.0761428066400054","46.5","7"
"3.0761428066400054","48","7"
"2.8143434188408563","49.5","7"
"3.141592653589793","51","7"
"2.9452431127404317","52.5","7"
"0","54","7"
"0","55.5","7"
"3.010692959690218","57","7"
"3.0761428066400054","58.5","7"
"0","60","7"
"3.0106929596902186","61.5","7"
"3.1415926535897927","63","7"
"0","64.5","7"
"2.8143434188408563","66","7"
"3.1415926535897927","67.5","7"
"0","69","7"
"0","70.5","7"
"3.1415926535897927","72","7"
"3.076142806640006","73.5","7"
"0","75","7"
"3.0761428066400054","76.5","7"
"3.141592653589793","78","7"
"0","79.5","7"
"0","81","7"
"3.1415926535897927","82.5","7"
"3.0106929596902186","84","7"
"3.1415926535897927","85.5","7"
"3.0761428066400054","87","7"
"3.141592653589793","88.5","7"
"2.879793265790643","90","7"
"0","91.5","7"
"3.0761428066400054","93","7"
"3.0761428066400054","94.5","7"
"0","96","7"
"3.010692959690218","97.5","7"
"3.076142806640006","99","7"
"0","100.5","7"
"0","102","7"
"3.010692959690218","103.5","7"
"0","105","7"
"3.0761428066400054","106.5","7"
"3.1415926535897927","108","7"
"3.141592653589793","109.5","7"
"0","111","7"
"0","112.5","7"
"3.010692959690219","114","7"
"3.0106929596902186","115.5","7"
"0","117","7"
"3.1415926535897927","118.5","7"
"3.076142806640006","120","7"
"0","121.5","7"
"2.9452431127404313","123","7"
"3.0761428066400063","124.5","7"
"3.0761428066400054","126","7"
"0","127.5","7"
"0","129","7"
"3.076142806640006","130.5","7"
"0","132","7"
"0","133.5","7"
"3.0106929596902186","135","7"
"0","136.5","7"
"0","138","7"
"3.010692959690218","139.5","7"
"0","141","7"
"0","142.5","7"
"0","144","7"
"3.0761428066400054","145.5","7"
"3.0761428066400063","147","7"
"3.141592653589793","148.5","7"
"3.0761428066400063","150","7"
"3.076142806640006","151.5","7"
"0","153","7"
"0","154.5","7"
"3.1415926535897927","156","7"
"3.0761428066400054","157.5","7"
"0","159","7"
"3.0761428066400054","160.5","7"
"3.1415926535897927","162","7"
"0","163.5","7"
"0","165","7"
"3.010692959690218","166.5","7"
"3.076142806640006","168","7"
"0","169.5","7"
"3.0761428066400063","171","7"
"3.141592653589793","172.5","7"
"3.076142806640006","174","7"
"0","175.5","7"
"3.0761428066400063","177","7"
"3.0761428066400063","178.5","7"
"0","180","7"
"3.0761428066400063","181.5","7"
"3.141592653589793","183","7"
"0","184.5","7"
"0","186","7"
"3.1415926535897927","187.5","7"
"3.0106929596902186","189","7"
"0","190.5","7"
"3.141592653589793","192","7"
"3.010692959690218","193.5","7"
"3.141592653589793","195","7"
"0","196.5","7"
"2.945243112740431","198","7"
"0","199.5","7"
"0","201","7"
"0","202.5","7"
"3.010692959690218","204","7"
"0","205.5","7"
"2.879793265790643","207","7"
"3.0761428066400054","208.5","7"
"0","210","7"
"0","211.5","7"
"0","213","7"
"3.0761428066400054","214.5","7"
"3.076142806640006","216","7"
"0","217.5","7"
"2.945243112740431","219","7"
"3.0761428066400054","220.5","7"
"0","222","7"
"0","223.5","7"
"3.1415926535897927","225","7"
"3.0761428066400054","226.5","7"
"0","228","7"
"0","229.5","7"
"3.0106929596902186","231","7"
"0","232.5","7"
"0","234","7"
"3.141592653589793","235.5","7"
"0","237","7"
"3.076142806640006","238.5","7"
"3.0761428066400063","240","7"
"3.076142806640006","241.5","7"
"0","243","7"
"2.879793265790643","244.5","7"
"3.076142806640006","246","7"
"3.0761428066400054","247.5","7"
"0","249","7"
"3.1415926535897927","250.5","7"
"3.141592653589793","252","7"
"0","253.5","7"
"2.7488935718910685","255","7"
"3.141592653589793","256.5","7"
"3.0761428066400063","258","7"
"0","259.5","7"
"3.0761428066400063","261","7"
"3.076142806640006","262.5","7"
"2.879793265790643","264","7"
"3.0761428066400054","265.5","7"
"3.076142806640006","267","7"
"3.0761428066400063","268.5","7"
"3.0761428066400063","270","7"
"0","271.5","7"
"3.076142806640006","273","7"
"3.0106929596902186","274.5","7"
"0","276","7"
"2.9452431127404304","277.5","7"
"3.141592653589793","279","7"
"0","280.5","7"
"0","282","7"
"3.076142806640006","283.5","7"
"3.076142806640006","285","7"
"2.945243112740431","286.5","7"
"2.8797932657906435","288","7"
"3.141592653589793","289.5","7"
"0","291","7"
"0","292.5","7"
"0","294","7"
"3.076142806640006","295.5","7"
"3.0761428066400054","297","7"
"3.0106929596902186","298.5","7"
"3.076142806640006","300","7"
"3.0761428066400063","1.5","8"
"3.0761428066400063","3","8"
"0","4.5","8"
"3.0761428066400054","6","8"
"3.0761428066400054","7.5","8"
"2.9452431127404304","9","8"
"3.141592653589793","10.5","8"
"3.0106929596902186","12","8"
"3.010692959690218","13.5","8"
"0","15","8"
"3.141592653589793","16.5","8"
"3.0761428066400054","18","8"
"3.1415926535897927","19.5","8"
"3.0761428066400063","21","8"
"3.0761428066400054","22.5","8"
"3.141592653589793","24","8"
"2.945243112740431","25.5","8"
"0","27","8"
"0","28.5","8"
"0","30","8"
"3.141592653589793","31.5","8"
"3.0761428066400063","33","8"
"3.141592653589793","34.5","8"
"3.0761428066400054","36","8"
"3.1415926535897922","37.5","8"
"0","39","8"
"0","40.5","8"
"0","42","8"
"0","43.5","8"
"3.141592653589793","45","8"
"0","46.5","8"
"3.1415926535897922","48","8"
"0","49.5","8"
"0","51","8"
"0","52.5","8"
"0","54","8"
"0","55.5","8"
"0","57","8"
"3.0761428066400063","58.5","8"
"3.076142806640006","60","8"
"0","61.5","8"
"3.0106929596902186","63","8"
"3.1415926535897922","64.5","8"
"3.0761428066400054","66","8"
"3.0761428066400063","67.5","8"
"3.0761428066400054","69","8"
"3.076142806640006","70.5","8"
"3.0761428066400054","72","8"
"3.076142806640006","73.5","8"
"3.141592653589793","75","8"
"3.0106929596902186","76.5","8"
"0","78","8"
"3.076142806640006","79.5","8"
"3.0761428066400054","81","8"
"0","82.5","8"
"3.0761428066400063","84","8"
"3.141592653589793","85.5","8"
"3.0106929596902186","87","8"
"0","88.5","8"
"3.0761428066400063","90","8"
"3.141592653589793","91.5","8"
"0","93","8"
"3.1415926535897927","94.5","8"
"3.076142806640006","96","8"
"0","97.5","8"
"0","99","8"
"3.076142806640006","100.5","8"
"3.0761428066400054","102","8"
"0","103.5","8"
"0","105","8"
"3.0761428066400063","106.5","8"
"3.0761428066400063","108","8"
"0","109.5","8"
"3.076142806640006","111","8"
"3.141592653589793","112.5","8"
"3.1415926535897927","114","8"
"0","115.5","8"
"3.076142806640006","117","8"
"3.141592653589793","118.5","8"
"3.0761428066400054","120","8"
"0","121.5","8"
"3.141592653589793","123","8"
"3.0761428066400054","124.5","8"
"3.141592653589793","126","8"
"3.1415926535897927","127.5","8"
"3.1415926535897927","129","8"
"2.879793265790644","130.5","8"
"3.0106929596902186","132","8"
"3.141592653589793","133.5","8"
"3.141592653589793","135","8"
"0","136.5","8"
"3.076142806640006","138","8"
"3.0106929596902186","139.5","8"
"0","141","8"
"2.945243112740431","142.5","8"
"3.1415926535897927","144","8"
"3.0106929596902177","145.5","8"
"3.0106929596902186","147","8"
"3.0761428066400054","148.5","8"
"3.076142806640006","150","8"
"3.0761428066400063","151.5","8"
"0","153","8"
"0","154.5","8"
"3.141592653589793","156","8"
"3.141592653589793","157.5","8"
"0","159","8"
"3.0106929596902186","160.5","8"
"0","162","8"
"0","163.5","8"
"3.0761428066400054","165","8"
"0","166.5","8"
"0","168","8"
"3.076142806640006","169.5","8"
"3.076142806640006","171","8"
"3.141592653589793","172.5","8"
"3.1415926535897927","174","8"
"0","175.5","8"
"3.0761428066400054","177","8"
"0","178.5","8"
"3.0106929596902186","180","8"
"3.141592653589793","181.5","8"
"0","183","8"
"0","184.5","8"
"3.141592653589793","186","8"
"3.1415926535897927","187.5","8"
"3.141592653589793","189","8"
"3.1415926535897927","190.5","8"
"3.141592653589793","192","8"
"3.1415926535897927","193.5","8"
"3.141592653589793","195","8"
"3.0761428066400054","196.5","8"
"2.945243112740431","198","8"
"3.076142806640006","199.5","8"
"3.141592653589793","201","8"
"3.0761428066400054","202.5","8"
"0","204","8"
"3.076142806640006","205.5","8"
"3.0761428066400054","207","8"
"3.141592653589793","208.5","8"
"3.141592653589793","210","8"
"3.076142806640006","211.5","8"
"3.1415926535897927","213","8"
"3.0761428066400063","214.5","8"
"3.0761428066400063","216","8"
"0","217.5","8"
"2.8143434188408563","219","8"
"0","220.5","8"
"3.076142806640006","222","8"
"3.0106929596902186","223.5","8"
"3.0761428066400054","225","8"
"3.010692959690218","226.5","8"
"3.0106929596902186","228","8"
"0","229.5","8"
"3.1415926535897927","231","8"
"3.141592653589793","232.5","8"
"3.0761428066400063","234","8"
"3.0106929596902177","235.5","8"
"3.0761428066400054","237","8"
"0","238.5","8"
"3.076142806640006","240","8"
"0","241.5","8"
"3.0106929596902186","243","8"
"0","244.5","8"
"3.141592653589793","246","8"
"2.814343418840856","247.5","8"
"3.010692959690218","249","8"
"3.0761428066400063","250.5","8"
"3.076142806640006","252","8"
"3.076142806640006","253.5","8"
"2.552544031041707","255","8"
"3.0106929596902186","256.5","8"
"3.010692959690219","258","8"
"3.076142806640006","259.5","8"
"3.0761428066400063","261","8"
"3.076142806640006","262.5","8"
"3.0761428066400063","264","8"
"3.1415926535897927","265.5","8"
"0","267","8"
"3.141592653589793","268.5","8"
"3.1415926535897927","270","8"
"3.141592653589793","271.5","8"
"0","273","8"
"0","274.5","8"
"3.141592653589793","276","8"
"3.141592653589793","277.5","8"
"3.141592653589793","279","8"
"3.141592653589793","280.5","8"
"3.1415926535897927","282","8"
"0","283.5","8"
"3.0761428066400054","285","8"
"3.0761428066400063","286.5","8"
"3.076142806640006","288","8"
"2.945243112740431","289.5","8"
"3.076142806640006","291","8"
"3.0761428066400054","292.5","8"
"3.0761428066400054","294","8"
"3.076142806640006","295.5","8"
"3.141592653589793","297","8"
"3.076142806640006","298.5","8"
"0","300","8"
"3.0761428066400054","1.5","9"
"0","3","9"
"3.141592653589793","4.5","9"
"3.1415926535897927","6","9"
"2.879793265790643","7.5","9"
"3.1415926535897927","9","9"
"3.0761428066400054","10.5","9"
"3.0761428066400054","12","9"
"0","13.5","9"
"3.141592653589793","15","9"
"3.141592653589793","16.5","9"
"0","18","9"
"3.076142806640006","19.5","9"
"3.0761428066400054","21","9"
"0","22.5","9"
"0","24","9"
"3.076142806640006","25.5","9"
"3.141592653589793","27","9"
"0","28.5","9"
"0","30","9"
"3.141592653589793","31.5","9"
"0","33","9"
"0","34.5","9"
"3.141592653589793","36","9"
"3.0761428066400063","37.5","9"
"0","39","9"
"3.141592653589793","40.5","9"
"3.1415926535897927","42","9"
"0","43.5","9"
"0","45","9"
"0","46.5","9"
"3.0761428066400063","48","9"
"0","49.5","9"
"3.141592653589793","51","9"
"3.0761428066400054","52.5","9"
"0","54","9"
"0","55.5","9"
"0","57","9"
"3.0106929596902186","58.5","9"
"0","60","9"
"3.0761428066400054","61.5","9"
"3.0761428066400054","63","9"
"3.0761428066400054","64.5","9"
"3.0761428066400054","66","9"
"3.076142806640006","67.5","9"
"0","69","9"
"2.9452431127404313","70.5","9"
"3.1415926535897927","72","9"
"0","73.5","9"
"0","75","9"
"0","76.5","9"
"3.010692959690219","78","9"
"3.076142806640006","79.5","9"
"3.0106929596902186","81","9"
"3.1415926535897927","82.5","9"
"3.1415926535897927","84","9"
"0","85.5","9"
"0","87","9"
"3.141592653589793","88.5","9"
"3.141592653589793","90","9"
"0","91.5","9"
"3.141592653589793","93","9"
"3.141592653589793","94.5","9"
"2.945243112740431","96","9"
"0","97.5","9"
"2.9452431127404304","99","9"
"2.9452431127404313","100.5","9"
"0","102","9"
"3.1415926535897927","103.5","9"
"3.0761428066400054","105","9"
"0","106.5","9"
"3.010692959690218","108","9"
"3.076142806640006","109.5","9"
"3.010692959690218","111","9"
"0","112.5","9"
"3.076142806640006","114","9"
"3.0106929596902186","115.5","9"
"0","117","9"
"0","118.5","9"
"3.0761428066400063","120","9"
"0","121.5","9"
"0","123","9"
"3.141592653589793","124.5","9"
"3.141592653589793","126","9"
"0","127.5","9"
"3.0761428066400063","129","9"
"2.945243112740431","130.5","9"
"0","132","9"
"3.0761428066400054","133.5","9"
"0","135","9"
"3.141592653589793","136.5","9"
"0","138","9"
"3.0761428066400054","139.5","9"
"3.010692959690218","141","9"
"0","142.5","9"
"0","144","9"
"3.1415926535897927","145.5","9"
"3.076142806640006","147","9"
"0","148.5","9"
"3.1415926535897927","150","9"
"3.141592653589793","151.5","9"
"0","153","9"
"3.076142806640006","154.5","9"
"3.076142806640006","156","9"
"3.076142806640006","157.5","9"
"0","159","9"
"3.1415926535897927","160.5","9"
"3.076142806640006","162","9"
"0","163.5","9"
"3.141592653589793","165","9"
"3.1415926535897927","166.5","9"
"3.1415926535897927","168","9"
"0","169.5","9"
"0","171","9"
"3.141592653589793","172.5","9"
"0","174","9"
"3.141592653589793","175.5","9"
"3.076142806640006","177","9"
"3.076142806640006","178.5","9"
"3.010692959690218","180","9"
"3.1415926535897927","181.5","9"
"3.076142806640006","183","9"
"0","184.5","9"
"0","186","9"
"3.0761428066400054","187.5","9"
"3.141592653589793","189","9"
"0","190.5","9"
"3.1415926535897927","192","9"
"3.141592653589793","193.5","9"
"2.945243112740431","195","9"
"3.0761428066400054","196.5","9"
"3.1415926535897927","198","9"
"3.141592653589793","199.5","9"
"0","201","9"
"3.0761428066400063","202.5","9"
"3.0761428066400054","204","9"
"0","205.5","9"
"0","207","9"
"3.141592653589793","208.5","9"
"3.010692959690219","210","9"
"0","211.5","9"
"3.1415926535897927","213","9"
"3.141592653589793","214.5","9"
"0","216","9"
"0","217.5","9"
"3.010692959690218","219","9"
"3.141592653589793","220.5","9"
"0","222","9"
"3.141592653589793","223.5","9"
"3.0761428066400054","225","9"
"0","226.5","9"
"3.076142806640006","228","9"
"3.141592653589793","229.5","9"
"0","231","9"
"0","232.5","9"
"3.141592653589793","234","9"
"3.0106929596902186","235.5","9"
"0","237","9"
"3.076142806640006","238.5","9"
"3.076142806640006","240","9"
"3.0761428066400054","241.5","9"
"0","243","9"
"3.076142806640006","244.5","9"
"3.010692959690218","246","9"
"3.0761428066400054","247.5","9"
"0","249","9"
"3.0761428066400054","250.5","9"
"3.076142806640006","252","9"
"3.0106929596902186","253.5","9"
"3.076142806640006","255","9"
"3.0106929596902186","256.5","9"
"3.0761428066400054","258","9"
"3.0106929596902186","259.5","9"
"0","261","9"
"3.0761428066400054","262.5","9"
"3.0761428066400063","264","9"
"3.1415926535897927","265.5","9"
"3.0761428066400063","267","9"
"0","268.5","9"
"0","270","9"
"3.141592653589793","271.5","9"
"3.076142806640006","273","9"
"0","274.5","9"
"3.141592653589793","276","9"
"3.0761428066400063","277.5","9"
"3.0761428066400063","279","9"
"0","280.5","9"
"0","282","9"
"3.141592653589793","283.5","9"
"0","285","9"
"3.1415926535897927","286.5","9"
"3.076142806640006","288","9"
"3.141592653589793","289.5","9"
"0","291","9"
"3.1415926535897927","292.5","9"
"3.076142806640006","294","9"
"3.1415926535897927","295.5","9"
"2.9452431127404304","297","9"
"0","298.5","9"
"3.0761428066400054","300","9"
"0","1.5","10"
"0","3","10"
"3.1415926535897927","4.5","10"
"3.076142806640006","6","10"
"3.0761428066400054","7.5","10"
"3.0761428066400054","9","10"
"3.1415926535897927","10.5","10"
"0","12","10"
"0","13.5","10"
"3.1415926535897927","15","10"
"3.141592653589793","16.5","10"
"0","18","10"
"3.0761428066400054","19.5","10"
"3.1415926535897927","21","10"
"0","22.5","10"
"2.945243112740431","24","10"
"0","25.5","10"
"0","27","10"
"0","28.5","10"
"0","30","10"
"3.1415926535897927","31.5","10"
"0","33","10"
"0","34.5","10"
"3.1415926535897927","36","10"
"3.0106929596902186","37.5","10"
"0","39","10"
"2.879793265790643","40.5","10"
"3.0761428066400054","42","10"
"0","43.5","10"
"0","45","10"
"3.0761428066400054","46.5","10"
"3.0761428066400054","48","10"
"2.8143434188408563","49.5","10"
"3.141592653589793","51","10"
"2.9452431127404317","52.5","10"
"0","54","10"
"0","55.5","10"
"3.010692959690218","57","10"
"3.0761428066400054","58.5","10"
"0","60","10"
"3.0106929596902186","61.5","10"
"3.1415926535897927","63","10"
"0","64.5","10"
"2.8143434188408563","66","10"
"3.1415926535897927","67.5","10"
"0","69","10"
"0","70.5","10"
"3.1415926535897927","72","10"
"3.076142806640006","73.5","10"
"0","75","10"
"3.0761428066400054","76.5","10"
"3.141592653589793","78","10"
"0","79.5","10"
"0","81","10"
"3.1415926535897927","82.5","10"
"3.0106929596902186","84","10"
"3.1415926535897927","85.5","10"
"3.0761428066400054","87","10"
"3.141592653589793","88.5","10"
"2.879793265790643","90","10"
"0","91.5","10"
"3.0761428066400054","93","10"
"3.0761428066400054","94.5","10"
"0","96","10"
"3.010692959690218","97.5","10"
"3.076142806640006","99","10"
"0","100.5","10"
"0","102","10"
"3.010692959690218","103.5","10"
"0","105","10"
"3.0761428066400054","106.5","10"
"3.1415926535897927","108","10"
"3.141592653589793","109.5","10"
"0","111","10"
"0","112.5","10"
"3.010692959690219","114","10"
"3.0106929596902186","115.5","10"
"0","117","10"
"3.1415926535897927","118.5","10"
"3.076142806640006","120","10"
"0","121.5","10"
"2.9452431127404313","123","10"
"3.0761428066400063","124.5","10"
"3.0761428066400054","126","10"
"0","127.5","10"
"0","129","10"
"3.076142806640006","130.5","10"
"0","132","10"
"0","133.5","10"
"3.0106929596902186","135","10"
"0","136.5","10"
"0","138","10"
"3.010692959690218","139.5","10"
"0","141","10"
"0","142.5","10"
"0","144","10"
"3.0761428066400054","145.5","10"
"3.0761428066400063","147","10"
"3.141592653589793","148.5","10"
"3.0761428066400063","150","10"
"3.076142806640006","151.5","10"
"0","153","10"
"0","154.5","10"
"3.1415926535897927","156","10"
"3.0761428066400054","157.5","10"
"0","159","10"
"3.0761428066400054","160.5","10"
"3.1415926535897927","162","10"
"0","163.5","10"
"0","165","10"
"3.010692959690218","166.5","10"
"3.076142806640006","168","10"
"0","169.5","10"
"3.0761428066400063","171","10"
"3.141592653589793","172.5","10"
"3.076142806640006","174","10"
"0","175.5","10"
"3.0761428066400063","177","10"
"3.0761428066400063","178.5","10"
"0","180","10"
"3.0761428066400063","181.5","10"
"3.141592653589793","183","10"
"0","184.5","10"
"0","186","10"
"3.1415926535897927","187.5","10"
"3.0106929596902186","189","10"
"0","190.5","10"
"3.141592653589793","192","10"
"3.010692959690218","193.5","10"
"3.141592653589793","195","10"
"0","196.5","10"
"2.945243112740431","198","10"
"0","199.5","10"
"0","201","10"
"0","202.5","10"
"3.010692959690218","204","10"
"0","205.5","10"
"2.879793265790643","207","10"
"3.0761428066400054","208.5","10"
"0","210","10"
"0","211.5","10"
"0","213","10"
"3.0761428066400054","214.5","10"
"3.076142806640006","216","10"
"0","217.5","10"
"2.945243112740431","219","10"
"3.0761428066400054","220.5","10"
"0","222","10"
"0","223.5","10"
"3.1415926535897927","225","10"
"3.0761428066400054","226.5","10"
"0","228","10"
"0","229.5","10"
"3.0106929596902186","231","10"
"0","232.5","10"
"0","234","10"
"3.141592653589793","235.5","10"
"0","237","10"
"3.076142806640006","238.5","10"
"3.0761428066400063","240","10"
"3.076142806640006","241.5","10"
"0","243","10"
"2.879793265790643","244.5","10"
"3.076142806640006","246","10"
"3.0761428066400054","247.5","10"
"0","249","10"
"3.1415926535897927","250.5","10"
"3.141592653589793","252","10"
"0","253.5","10"
"2.7488935718910685","255","10"
"3.141592653589793","256.5","10"
"3.0761428066400063","258","10"
"0","259.5","10"
"3.0761428066400063","261","10"
"3.076142806640006","262.5","10"
"2.879793265790643","264","10"
"3.0761428066400054","265.5","10"
"3.076142806640006","267","10"
"3.0761428066400063","268.5","10"
"3.0761428066400063","270","10"
"0","271.5","10"
"3.076142806640006","273","10"
"3.0106929596902186","274.5","10"
"0","276","10"
"2.9452431127404304","277.5","10"
"3.141592653589793","279","10"
"0","280.5","10"
"0","282","10"
"3.076142806640006","283.5","10"
"3.076142806640006","285","10"
"2.945243112740431","286.5","10"
"2.8797932657906435","288","10"
"3.141592653589793","289.5","10"
"0","291","10"
"0","292.5","10"
"0","294","10"
"3.076142806640006","295.5","10"
"3.0761428066400054","297","10"
"3.0106929596902186","298.5","10"
"3.076142806640006","300","10"
"3.0761428066400054","1.5","11"
"0","3","11"
"3.0106929596902186","4.5","11"
"0","6","11"
"3.1415926535897927","7.5","11"
"0","9","11"
"3.141592653589793","10.5","11"
"0","12","11"
"0","13.5","11"
"3.076142806640006","15","11"
"3.0761428066400054","16.5","11"
"3.0106929596902177","18","11"
"0","19.5","11"
"3.141592653589793","21","11"
"0","22.5","11"
"0","24","11"
"3.076142806640006","25.5","11"
"0","27","11"
"2.9452431127404304","28.5","11"
"3.0106929596902186","30","11"
"3.0761428066400054","31.5","11"
"0","33","11"
"3.0761428066400054","34.5","11"
"3.141592653589793","36","11"
"3.1415926535897927","37.5","11"
"2.945243112740431","39","11"
"3.010692959690218","40.5","11"
"3.076142806640006","42","11"
"0","43.5","11"
"0","45","11"
"3.076142806640006","46.5","11"
"0","48","11"
"0","49.5","11"
"3.141592653589793","51","11"
"3.0761428066400054","52.5","11"
"3.1415926535897927","54","11"
"3.141592653589793","55.5","11"
"0","57","11"
"3.076142806640006","58.5","11"
"0","60","11"
"3.141592653589793","61.5","11"
"3.141592653589793","63","11"
"3.0761428066400063","64.5","11"
"3.076142806640006","66","11"
"3.010692959690218","67.5","11"
"2.8143434188408563","69","11"
"2.945243112740431","70.5","11"
"0","72","11"
"0","73.5","11"
"3.0761428066400063","75","11"
"3.141592653589793","76.5","11"
"0","78","11"
"3.141592653589793","79.5","11"
"2.879793265790643","81","11"
"3.076142806640006","82.5","11"
"3.141592653589793","84","11"
"0","85.5","11"
"0","87","11"
"3.141592653589793","88.5","11"
"3.076142806640006","90","11"
"0","91.5","11"
"3.0106929596902177","93","11"
"3.076142806640006","94.5","11"
"3.0761428066400054","96","11"
"0","97.5","11"
"0","99","11"
"0","100.5","11"
"0","102","11"
"3.0106929596902177","103.5","11"
"0","105","11"
"0","106.5","11"
"0","108","11"
"3.076142806640006","109.5","11"
"3.0761428066400054","111","11"
"0","112.5","11"
"3.1415926535897927","114","11"
"0","115.5","11"
"0","117","11"
"3.010692959690218","118.5","11"
"0","120","11"
"2.945243112740431","121.5","11"
"3.0106929596902186","123","11"
"3.010692959690218","124.5","11"
"0","126","11"
"0","127.5","11"
"3.010692959690218","129","11"
"0","130.5","11"
"0","132","11"
"3.1415926535897927","133.5","11"
"2.879793265790644","135","11"
"3.0761428066400054","136.5","11"
"3.141592653589793","138","11"
"3.0761428066400054","139.5","11"
"0","141","11"
"0","142.5","11"
"0","144","11"
"3.076142806640006","145.5","11"
"0","147","11"
"0","148.5","11"
"0","150","11"
"0","151.5","11"
"0","153","11"
"3.0106929596902186","154.5","11"
"0","156","11"
"0","157.5","11"
"0","159","11"
"0","160.5","11"
"0","162","11"
"3.0761428066400054","163.5","11"
"3.010692959690219","165","11"
"3.0761428066400054","166.5","11"
"0","168","11"
"0","169.5","11"
"2.945243112740431","171","11"
"0","172.5","11"
"3.010692959690218","174","11"
"3.076142806640006","175.5","11"
"2.879793265790644","177","11"
"0","178.5","11"
"0","180","11"
"3.0106929596902177","181.5","11"
"0","183","11"
"0","184.5","11"
"3.0761428066400054","186","11"
"3.0761428066400063","187.5","11"
"3.076142806640006","189","11"
"0","190.5","11"
"0","192","11"
"3.0761428066400054","193.5","11"
"0","195","11"
"3.076142806640006","196.5","11"
"0","198","11"
"2.9452431127404313","199.5","11"
"0","201","11"
"3.141592653589793","202.5","11"
"0","204","11"
"0","205.5","11"
"3.1415926535897927","207","11"
"2.9452431127404313","208.5","11"
"0","210","11"
"3.010692959690219","211.5","11"
"3.010692959690218","213","11"
"3.076142806640006","214.5","11"
"0","216","11"
"3.1415926535897927","217.5","11"
"3.010692959690218","219","11"
"3.0761428066400054","220.5","11"
"0","222","11"
"0","223.5","11"
"2.6834437249412812","225","11"
"0","226.5","11"
"3.0761428066400063","228","11"
"3.0106929596902186","229.5","11"
"0","231","11"
"0","232.5","11"
"0","234","11"
"0","235.5","11"
"0","237","11"
"3.0761428066400054","238.5","11"
"3.0761428066400054","240","11"
"0","241.5","11"
"3.010692959690218","243","11"
"0","244.5","11"
"2.9452431127404304","246","11"
"2.8797932657906435","247.5","11"
"0","249","11"
"3.0106929596902186","250.5","11"
"0","252","11"
"3.0761428066400063","253.5","11"
"3.0761428066400063","255","11"
"3.0106929596902186","256.5","11"
"0","258","11"
"0","259.5","11"
"3.076142806640006","261","11"
"0","262.5","11"
"0","264","11"
"0","265.5","11"
"3.010692959690218","267","11"
"0","268.5","11"
"0","270","11"
"3.0761428066400063","271.5","11"
"3.0761428066400054","273","11"
"0","274.5","11"
"0","276","11"
"0","277.5","11"
"3.141592653589793","279","11"
"0","280.5","11"
"2.9452431127404313","282","11"
"0","283.5","11"
"3.0761428066400054","285","11"
"3.1415926535897927","286.5","11"
"0","288","11"
"0","289.5","11"
"0","291","11"
"3.1415926535897927","292.5","11"
"3.076142806640006","294","11"
"3.1415926535897927","295.5","11"
"3.1415926535897927","297","11"
"0","298.5","11"
"0","300","11"
"3.1415926535897927","1.5","12"
"3.0761428066400063","3","12"
"3.010692959690218","4.5","12"
"3.076142806640006","6","12"
"2.945243112740431","7.5","12"
"0","9","12"
"0","10.5","12"
"3.0761428066400054","12","12"
"3.0761428066400063","13.5","12"
"0","15","12"
"3.076142806640006","16.5","12"
"3.076142806640006","18","12"
"0","19.5","12"
"0","21","12"
"3.010692959690219","22.5","12"
"0","24","12"
"0","25.5","12"
"3.0106929596902186","27","12"
"3.010692959690218","28.5","12"
"0","30","12"
"3.141592653589793","31.5","12"
"3.141592653589793","33","12"
"3.141592653589793","34.5","12"
"2.945243112740431","36","12"
"0","37.5","12"
"3.010692959690218","39","12"
"0","40.5","12"
"0","42","12"
"3.076142806640006","43.5","12"
"0","45","12"
"3.0761428066400054","46.5","12"
"3.076142806640006","48","12"
"3.010692959690218","49.5","12"
"3.076142806640006","51","12"
"2.9452431127404304","52.5","12"
"3.076142806640006","54","12"
"0","55.5","12"
"0","57","12"
"3.141592653589793","58.5","12"
"0","60","12"
"0","61.5","12"
"2.879793265790643","63","12"
"0","64.5","12"
"2.879793265790644","66","12"
"0","67.5","12"
"3.0106929596902186","69","12"
"3.1415926535897927","70.5","12"
"0","72","12"
"0","73.5","12"
"3.1415926535897927","75","12"
"3.0106929596902186","76.5","12"
"3.076142806640006","78","12"
"3.1415926535897927","79.5","12"
"3.1415926535897927","81","12"
"3.076142806640006","82.5","12"
"3.010692959690219","84","12"
"3.1415926535897927","85.5","12"
"0","87","12"
"0","88.5","12"
"3.0761428066400063","90","12"
"2.9452431127404313","91.5","12"
"0","93","12"
"3.010692959690218","94.5","12"
"3.076142806640006","96","12"
"3.0761428066400054","97.5","12"
"0","99","12"
"3.0761428066400063","100.5","12"
"3.076142806640006","102","12"
"0","103.5","12"
"3.0761428066400054","105","12"
"3.076142806640006","106.5","12"
"3.0761428066400054","108","12"
"0","109.5","12"
"3.076142806640006","111","12"
"3.1415926535897927","112.5","12"
"0","114","12"
"0","115.5","12"
"3.076142806640006","117","12"
"3.0761428066400063","118.5","12"
"3.141592653589793","120","12"
"3.076142806640006","121.5","12"
"3.1415926535897927","123","12"
"3.076142806640006","124.5","12"
"0","126","12"
"2.945243112740431","127.5","12"
"3.0761428066400054","129","12"
"0","130.5","12"
"0","132","12"
"3.076142806640006","133.5","12"
"0","135","12"
"0","136.5","12"
"3.141592653589793","138","12"
"3.141592653589793","139.5","12"
"0","141","12"
"3.141592653589793","142.5","12"
"3.0761428066400054","144","12"
"0","145.5","12"
"0","147","12"
"3.0106929596902186","148.5","12"
"3.0106929596902186","150","12"
"0","151.5","12"
"0","153","12"
"3.141592653589793","154.5","12"
"3.0761428066400054","156","12"
"0","157.5","12"
"3.076142806640006","159","12"
"3.141592653589793","160.5","12"
"0","162","12"
"3.0106929596902186","163.5","12"
"3.1415926535897927","165","12"
"3.0106929596902177","166.5","12"
"0","168","12"
"3.0106929596902177","169.5","12"
"3.0761428066400063","171","12"
"0","172.5","12"
"0","174","12"
"3.076142806640006","175.5","12"
"3.0761428066400054","177","12"
"0","178.5","12"
"3.076142806640006","180","12"
"3.0106929596902186","181.5","12"
"0","183","12"
"0","184.5","12"
"3.0761428066400054","186","12"
"3.0761428066400054","187.5","12"
"0","189","12"
"0","190.5","12"
"3.1415926535897927","192","12"
"3.076142806640006","193.5","12"
"0","195","12"
"3.0761428066400063","196.5","12"
"3.1415926535897927","198","12"
"0","199.5","12"
"0","201","12"
"3.141592653589793","202.5","12"
"0","204","12"
"3.0106929596902186","205.5","12"
"3.141592653589793","207","12"
"3.1415926535897927","208.5","12"
"0","210","12"
"0","211.5","12"
"0","213","12"
"3.0106929596902186","214.5","12"
"0","216","12"
"3.0761428066400063","217.5","12"
"3.076142806640006","219","12"
"3.0761428066400054","220.5","12"
"0","222","12"
"3.0761428066400054","223.5","12"
"3.076142806640006","225","12"
"2.8797932657906435","226.5","12"
"3.076142806640006","228","12"
"3.141592653589793","229.5","12"
"3.0106929596902177","231","12"
"3.010692959690218","232.5","12"
"3.141592653589793","234","12"
"3.0761428066400063","235.5","12"
"0","237","12"
"3.0761428066400054","238.5","12"
"3.141592653589793","240","12"
"3.076142806640006","241.5","12"
"0","243","12"
"3.0106929596902177","244.5","12"
"3.141592653589793","246","12"
"0","247.5","12"
"3.0106929596902186","249","12"
"3.076142806640006","250.5","12"
"3.141592653589793","252","12"
"0","253.5","12"
"3.1415926535897927","255","12"
"3.141592653589793","256.5","12"
"3.1415926535897927","258","12"
"3.0106929596902186","259.5","12"
"3.141592653589793","261","12"
"3.141592653589793","262.5","12"
"0","264","12"
"3.141592653589793","265.5","12"
"2.945243112740431","267","12"
"3.0761428066400054","268.5","12"
"3.0761428066400054","270","12"
"3.076142806640006","271.5","12"
"3.076142806640006","273","12"
"3.010692959690218","274.5","12"
"0","276","12"
"3.1415926535897927","277.5","12"
"3.1415926535897927","279","12"
"0","280.5","12"
"3.076142806640006","282","12"
"3.1415926535897927","283.5","12"
"3.1415926535897927","285","12"
"0","286.5","12"
"3.076142806640006","288","12"
"3.076142806640006","289.5","12"
"0","291","12"
"0","292.5","12"
"3.141592653589793","294","12"
"3.0761428066400054","295.5","12"
"0","297","12"
"3.076142806640006","298.5","12"
"0","300","12"
"0","1.5","13"
"0","3","13"
"3.1415926535897927","4.5","13"
"3.076142806640006","6","13"
"3.0761428066400054","7.5","13"
"3.0761428066400054","9","13"
"3.1415926535897927","10.5","13"
"0","12","13"
"0","13.5","13"
"3.1415926535897927","15","13"
"3.141592653589793","16.5","13"
"0","18","13"
"3.0761428066400054","19.5","13"
"3.1415926535897927","21","13"
"0","22.5","13"
"2.945243112740431","24","13"
"0","25.5","13"
"0","27","13"
"0","28.5","13"
"0","30","13"
"3.1415926535897927","31.5","13"
"0","33","13"
"0","34.5","13"
"3.1415926535897927","36","13"
"3.0106929596902186","37.5","13"
"0","39","13"
"2.879793265790643","40.5","13"
"3.0761428066400054","42","13"
"0","43.5","13"
"0","45","13"
"3.0761428066400054","46.5","13"
"3.0761428066400054","48","13"
"2.8143434188408563","49.5","13"
"3.141592653589793","51","13"
"2.9452431127404317","52.5","13"
"0","54","13"
"0","55.5","13"
"3.010692959690218","57","13"
"3.0761428066400054","58.5","13"
"0","60","13"
"3.0106929596902186","61.5","13"
"3.1415926535897927","63","13"
"0","64.5","13"
"2.8143434188408563","66","13"
"3.1415926535897927","67.5","13"
"0","69","13"
"0","70.5","13"
"3.1415926535897927","72","13"
"3.076142806640006","73.5","13"
"0","75","13"
"3.0761428066400054","76.5","13"
"3.141592653589793","78","13"
"0","79.5","13"
"0","81","13"
"3.1415926535897927","82.5","13"
"3.0106929596902186","84","13"
"3.1415926535897927","85.5","13"
"3.0761428066400054","87","13"
"3.141592653589793","88.5","13"
"2.879793265790643","90","13"
"0","91.5","13"
"3.0761428066400054","93","13"
"3.0761428066400054","94.5","13"
"0","96","13"
"3.010692959690218","97.5","13"
"3.076142806640006","99","13"
"0","100.5","13"
"0","102","13"
"3.010692959690218","103.5","13"
"0","105","13"
"3.0761428066400054","106.5","13"
"3.1415926535897927","108","13"
"3.141592653589793","109.5","13"
"0","111","13"
"0","112.5","13"
"3.010692959690219","114","13"
"3.0106929596902186","115.5","13"
"0","117","13"
"3.1415926535897927","118.5","13"
"3.076142806640006","120","13"
"0","121.5","13"
"2.9452431127404313","123","13"
"3.0761428066400063","124.5","13"
"3.0761428066400054","126","13"
"0","127.5","13"
"0","129","13"
"3.076142806640006","130.5","13"
"0","132","13"
"0","133.5","13"
"3.0106929596902186","135","13"
"0","136.5","13"
"0","138","13"
"3.010692959690218","139.5","13"
"0","141","13"
"0","142.5","13"
"0","144","13"
"3.0761428066400054","145.5","13"
"3.0761428066400063","147","13"
"3.141592653589793","148.5","13"
"3.0761428066400063","150","13"
"3.076142806640006","151.5","13"
"0","153","13"
"0","154.5","13"
"3.1415926535897927","156","13"
"3.0761428066400054","157.5","13"
"0","159","13"
"3.0761428066400054","160.5","13"
"3.1415926535897927","162","13"
"0","163.5","13"
"0","165","13"
"3.010692959690218","166.5","13"
"3.076142806640006","168","13"
"0","169.5","13"
"3.0761428066400063","171","13"
"3.141592653589793","172.5","13"
"3.076142806640006","174","13"
"0","175.5","13"
"3.0761428066400063","177","13"
"3.0761428066400063","178.5","13"
"0","180","13"
"3.0761428066400063","181.5","13"
"3.141592653589793","183","13"
"0","184.5","13"
"0","186","13"
"3.1415926535897927","187.5","13"
"3.0106929596902186","189","13"
"0","190.5","13"
"3.141592653589793","192","13"
"3.010692959690218","193.5","13"
"3.141592653589793","195","13"
"0","196.5","13"
"2.945243112740431","198","13"
"0","199.5","13"
"0","201","13"
"0","202.5","13"
"3.010692959690218","204","13"
"0","205.5","13"
"2.879793265790643","207","13"
"3.0761428066400054","208.5","13"
"0","210","13"
"0","211.5","13"
"0","213","13"
"3.0761428066400054","214.5","13"
"3.076142806640006","216","13"
"0","217.5","13"
"2.945243112740431","219","13"
"3.0761428066400054","220.5","13"
"0","222","13"
"0","223.5","13"
"3.1415926535897927","225","13"
"3.0761428066400054","226.5","13"
"0","228","13"
"0","229.5","13"
"3.0106929596902186","231","13"
"0","232.5","13"
"0","234","13"
"3.141592653589793","235.5","13"
"0","237","13"
"3.076142806640006","238.5","13"
"3.0761428066400063","240","13"
"3.076142806640006","241.5","13"
"0","243","13"
"2.879793265790643","244.5","13"
"3.076142806640006","246","13"
"3.0761428066400054","247.5","13"
"0","249","13"
"3.1415926535897927","250.5","13"
"3.141592653589793","252","13"
"0","253.5","13"
"2.7488935718910685","255","13"
"3.141592653589793","256.5","13"
"3.0761428066400063","258","13"
"0","259.5","13"
"3.0761428066400063","261","13"
"3.076142806640006","262.5","13"
"2.879793265790643","264","13"
"3.0761428066400054","265.5","13"
"3.076142806640006","267","13"
"3.0761428066400063","268.5","13"
"3.0761428066400063","270","13"
"0","271.5","13"
"3.076142806640006","273","13"
"3.0106929596902186","274.5","13"
"0","276","13"
"2.9452431127404304","277.5","13"
"3.141592653589793","279","13"
"0","280.5","13"
"0","282","13"
"3.076142806640006","283.5","13"
"3.076142806640006","285","13"
"2.945243112740431","286.5","13"
"2.8797932657906435","288","13"
"3.141592653589793","289.5","13"
"0","291","13"
"0","292.5","13"
"0","294","13"
"3.076142806640006","295.5","13"
"3.0761428066400054","297","13"
"3.0106929596902186","298.5","13"
"3.076142806640006","300","13"
"3.0761428066400054","1.5","14"
"0","3","14"
"3.141592653589793","4.5","14"
"3.1415926535897927","6","14"
"2.879793265790643","7.5","14"
"3.1415926535897927","9","14"
"3.0761428066400054","10.5","14"
"3.0761428066400054","12","14"
"0","13.5","14"
"3.141592653589793","15","14"
"3.141592653589793","16.5","14"
"0","18","14"
"3.076142806640006","19.5","14"
"3.0761428066400054","21","14"
"0","22.5","14"
"0","24","14"
"3.076142806640006","25.5","14"
"3.141592653589793","27","14"
"0","28.5","14"
"0","30","14"
"3.141592653589793","31.5","14"
"0","33","14"
"0","34.5","14"
"3.141592653589793","36","14"
"3.0761428066400063","37.5","14"
"0","39","14"
"3.141592653589793","40.5","14"
"3.1415926535897927","42","14"
"0","43.5","14"
"0","45","14"
"0","46.5","14"
"3.0761428066400063","48","14"
"0","49.5","14"
"3.141592653589793","51","14"
"3.0761428066400054","52.5","14"
"0","54","14"
"0","55.5","14"
"0","57","14"
"3.0106929596902186","58.5","14"
"0","60","14"
"3.0761428066400054","61.5","14"
"3.0761428066400054","63","14"
"3.0761428066400054","64.5","14"
"3.0761428066400054","66","14"
"3.076142806640006","67.5","14"
"0","69","14"
"2.9452431127404313","70.5","14"
"3.1415926535897927","72","14"
"0","73.5","14"
"0","75","14"
"0","76.5","14"
"3.010692959690219","78","14"
"3.076142806640006","79.5","14"
"3.0106929596902186","81","14"
"3.1415926535897927","82.5","14"
"3.1415926535897927","84","14"
"0","85.5","14"
"0","87","14"
"3.141592653589793","88.5","14"
"3.141592653589793","90","14"
"0","91.5","14"
"3.141592653589793","93","14"
"3.141592653589793","94.5","14"
"2.945243112740431","96","14"
"0","97.5","14"
"2.9452431127404304","99","14"
"2.9452431127404313","100.5","14"
"0","102","14"
"3.1415926535897927","103.5","14"
"3.0761428066400054","105","14"
"0","106.5","14"
"3.010692959690218","108","14"
"3.076142806640006","109.5","14"
"3.010692959690218","111","14"
"0","112.5","14"
"3.076142806640006","114","14"
"3.0106929596902186","115.5","14"
"0","117","14"
"0","118.5","14"
"3.0761428066400063","120","14"
"0","121.5","14"
"0","123","14"
"3.141592653589793","124.5","14"
"3.141592653589793","126","14"
"0","127.5","14"
"3.0761428066400063","129","14"
"2.945243112740431","130.5","14"
"0","132","14"
"3.0761428066400054","133.5","14"
"0","135","14"
"3.141592653589793","136.5","14"
"0","138","14"
"3.0761428066400054","139.5","14"
"3.010692959690218","141","14"
"0","142.5","14"
"0","144","14"
"3.1415926535897927","145.5","14"
"3.076142806640006","147","14"
"0","148.5","14"
"3.1415926535897927","150","14"
"3.141592653589793","151.5","14"
"0","153","14"
"3.076142806640006","154.5","14"
"3.076142806640006","156","14"
"3.076142806640006","157.5","14"
"0","159","14"
"3.1415926535897927","160.5","14"
"3.076142806640006","162","14"
"0","163.5","14"
"3.141592653589793","165","14"
"3.1415926535897927","166.5","14"
"3.1415926535897927","168","14"
"0","169.5","14"
"0","171","14"
"3.141592653589793","172.5","14"
"0","174","14"
"3.141592653589793","175.5","14"
"3.076142806640006","177","14"
"3.076142806640006","178.5","14"
"3.010692959690218","180","14"
"3.1415926535897927","181.5","14"
"3.076142806640006","183","14"
"0","184.5","14"
"0","186","14"
"3.0761428066400054","187.5","14"
"3.141592653589793","189","14"
"0","190.5","14"
"3.1415926535897927","192","14"
"3.141592653589793","193.5","14"
"2.945243112740431","195","14"
"3.0761428066400054","196.5","14"
"3.1415926535897927","198","14"
"3.141592653589793","199.5","14"
"0","201","14"
"3.0761428066400063","202.5","14"
"3.0761428066400054","204","14"
"0","205.5","14"
"0","207","14"
"3.141592653589793","208.5","14"
"3.010692959690219","210","14"
"0","211.5","14"
"3.1415926535897927","213","14"
"3.141592653589793","214.5","14"
"0","216","14"
"0","217.5","14"
"3.010692959690218","219","14"
"3.141592653589793","220.5","14"
"0","222","14"
"3.141592653589793","223.5","14"
"3.0761428066400054","225","14"
"0","226.5","14"
"3.076142806640006","228","14"
"3.141592653589793","229.5","14"
"0","231","14"
"0","232.5","14"
"3.141592653589793","234","14"
"3.0106929596902186","235.5","14"
"0","237","14"
"3.076142806640006","238.5","14"
"3.076142806640006","240","14"
"3.0761428066400054","241.5","14"
"0","243","14"
"3.076142806640006","244.5","14"
"3.010692959690218","246","14"
"3.0761428066400054","247.5","14"
"0","249","14"
"3.0761428066400054","250.5","14"
"3.076142806640006","252","14"
"3.0106929596902186","253.5","14"
"3.076142806640006","255","14"
"3.0106929596902186","256.5","14"
"3.0761428066400054","258","14"
"3.0106929596902186","259.5","14"
"0","261","14"
"3.0761428066400054","262.5","14"
"3.0761428066400063","264","14"
"3.1415926535897927","265.5","14"
"3.0761428066400063","267","14"
"0","268.5","14"
"0","270","14"
"3.141592653589793","271.5","14"
"3.076142806640006","273","14"
"0","274.5","14"
"3.141592653589793","276","14"
"3.0761428066400063","277.5","14"
"3.0761428066400063","279","14"
"0","280.5","14"
"0","282","14"
"3.141592653589793","283.5","14"
"0","285","14"
"3.1415926535897927","286.5","14"
"3.076142806640006","288","14"
"3.141592653589793","289.5","14"
"0","291","14"
"3.1415926535897927","292.5","14"
"3.076142806640006","294","14"
"3.1415926535897927","295.5","14"
"2.9452431127404304","297","14"
"0","298.5","14"
"3.0761428066400054","300","14"
"3.0761428066400054","1.5","15"
"0","3","15"
"3.1415926535897927","4.5","15"
"3.0761428066400054","6","15"
"0","7.5","15"
"3.1415926535897927","9","15"
"3.0106929596902186","10.5","15"
"0","12","15"
"3.0761428066400054","13.5","15"
"3.1415926535897927","15","15"
"3.1415926535897927","16.5","15"
"3.1415926535897927","18","15"
"3.0761428066400054","19.5","15"
"3.141592653589793","21","15"
"0","22.5","15"
"3.076142806640006","24","15"
"3.141592653589793","25.5","15"
"3.010692959690219","27","15"
"0","28.5","15"
"3.076142806640006","30","15"
"3.141592653589793","31.5","15"
"0","33","15"
"3.141592653589793","34.5","15"
"3.141592653589793","36","15"
"3.0106929596902186","37.5","15"
"3.0761428066400063","39","15"
"0","40.5","15"
"3.141592653589793","42","15"
"0","43.5","15"
"3.141592653589793","45","15"
"0","46.5","15"
"3.010692959690219","48","15"
"0","49.5","15"
"3.0761428066400054","51","15"
"3.141592653589793","52.5","15"
"0","54","15"
"0","55.5","15"
"3.1415926535897927","57","15"
"3.010692959690219","58.5","15"
"0","60","15"
"0","61.5","15"
"3.0761428066400054","63","15"
"3.1415926535897927","64.5","15"
"0","66","15"
"3.1415926535897927","67.5","15"
"3.0761428066400063","69","15"
"0","70.5","15"
"3.076142806640006","72","15"
"3.0106929596902186","73.5","15"
"0","75","15"
"3.1415926535897927","76.5","15"
"3.141592653589793","78","15"
"0","79.5","15"
"0","81","15"
"3.076142806640006","82.5","15"
"3.0761428066400063","84","15"
"0","85.5","15"
"3.1415926535897927","87","15"
"3.076142806640006","88.5","15"
"0","90","15"
"0","91.5","15"
"0","93","15"
"2.8797932657906435","94.5","15"
"0","96","15"
"3.0106929596902186","97.5","15"
"3.141592653589793","99","15"
"3.0761428066400054","100.5","15"
"0","102","15"
"3.0761428066400054","103.5","15"
"3.0761428066400063","105","15"
"0","106.5","15"
"3.076142806640006","108","15"
"3.076142806640006","109.5","15"
"3.1415926535897927","111","15"
"0","112.5","15"
"3.0761428066400054","114","15"
"3.0761428066400063","115.5","15"
"0","117","15"
"3.076142806640006","118.5","15"
"3.0761428066400054","120","15"
"0","121.5","15"
"0","123","15"
"3.076142806640006","124.5","15"
"3.076142806640006","126","15"
"0","127.5","15"
"0","129","15"
"3.1415926535897927","130.5","15"
"3.0761428066400063","132","15"
"0","133.5","15"
"3.0761428066400054","135","15"
"3.076142806640006","136.5","15"
"3.0106929596902186","138","15"
"0","139.5","15"
"3.1415926535897927","141","15"
"3.0761428066400063","142.5","15"
"0","144","15"
"3.1415926535897927","145.5","15"
"3.141592653589793","147","15"
"0","148.5","15"
"3.0106929596902186","150","15"
"3.076142806640006","151.5","15"
"3.141592653589793","153","15"
"3.0106929596902186","154.5","15"
"3.0761428066400054","156","15"
"0","157.5","15"
"0","159","15"
"2.9452431127404313","160.5","15"
"3.141592653589793","162","15"
"3.141592653589793","163.5","15"
"0","165","15"
"3.0106929596902186","166.5","15"
"3.141592653589793","168","15"
"0","169.5","15"
"0","171","15"
"3.0106929596902186","172.5","15"
"0","174","15"
"0","175.5","15"
"3.076142806640006","177","15"
"3.076142806640006","178.5","15"
"3.141592653589793","180","15"
"0","181.5","15"
"0","183","15"
"3.0761428066400063","184.5","15"
"0","186","15"
"0","187.5","15"
"0","189","15"
"3.0761428066400054","190.5","15"
"0","192","15"
"3.1415926535897927","193.5","15"
"3.1415926535897927","195","15"
"0","196.5","15"
"3.0106929596902177","198","15"
"3.0761428066400063","199.5","15"
"0","201","15"
"0","202.5","15"
"3.1415926535897927","204","15"
"3.141592653589793","205.5","15"
"0","207","15"
"0","208.5","15"
"3.1415926535897927","210","15"
"3.141592653589793","211.5","15"
"0","213","15"
"3.010692959690218","214.5","15"
"3.141592653589793","216","15"
"3.010692959690219","217.5","15"
"0","219","15"
"3.141592653589793","220.5","15"
"3.141592653589793","222","15"
"0","223.5","15"
"0","225","15"
"3.1415926535897927","226.5","15"
"3.076142806640006","228","15"
"3.0761428066400054","229.5","15"
"3.076142806640006","231","15"
"3.0761428066400063","232.5","15"
"0","234","15"
"3.0761428066400054","235.5","15"
"3.0761428066400063","237","15"
"0","238.5","15"
"3.141592653589793","240","15"
"2.814343418840856","241.5","15"
"3.141592653589793","243","15"
"0","244.5","15"
"0","246","15"
"3.0761428066400063","247.5","15"
"3.0106929596902186","249","15"
"0","250.5","15"
"3.0106929596902186","252","15"
"3.076142806640006","253.5","15"
"3.0106929596902186","255","15"
"0","256.5","15"
"3.141592653589793","258","15"
"3.076142806640006","259.5","15"
"2.945243112740431","261","15"
"0","262.5","15"
"3.076142806640006","264","15"
"3.0761428066400054","265.5","15"
"0","267","15"
"3.076142806640006","268.5","15"
"3.0761428066400063","270","15"
"0","271.5","15"
"0","273","15"
"3.076142806640006","274.5","15"
"3.141592653589793","276","15"
"0","277.5","15"
"0","279","15"
"3.0761428066400063","280.5","15"
"3.0761428066400054","282","15"
"0","283.5","15"
"3.0761428066400063","285","15"
"3.141592653589793","286.5","15"
"0","288","15"
"3.0761428066400063","289.5","15"
"3.076142806640006","291","15"
"3.0761428066400054","292.5","15"
"0","294","15"
"3.076142806640006","295.5","15"
"3.0761428066400063","297","15"
"0","298.5","15"
"0","300","15"
"3.0761428066400054","1.5","16"
"0","3","16"
"3.1415926535897927","4.5","16"
"3.0761428066400054","6","16"
"0","7.5","16"
"3.1415926535897927","9","16"
"3.0106929596902186","10.5","16"
"0","12","16"
"3.0761428066400054","13.5","16"
"3.1415926535897927","15","16"
"3.1415926535897927","16.5","16"
"3.1415926535897927","18","16"
"3.0761428066400054","19.5","16"
"3.141592653589793","21","16"
"0","22.5","16"
"3.076142806640006","24","16"
"3.141592653589793","25.5","16"
"3.010692959690219","27","16"
"0","28.5","16"
"3.076142806640006","30","16"
"3.141592653589793","31.5","16"
"0","33","16"
"3.141592653589793","34.5","16"
"3.141592653589793","36","16"
"3.0106929596902186","37.5","16"
"3.0761428066400063","39","16"
"0","40.5","16"
"3.141592653589793","42","16"
"0","43.5","16"
"3.141592653589793","45","16"
"0","46.5","16"
"3.010692959690219","48","16"
"0","49.5","16"
"3.0761428066400054","51","16"
"3.141592653589793","52.5","16"
"0","54","16"
"0","55.5","16"
"3.1415926535897927","57","16"
"3.010692959690219","58.5","16"
"0","60","16"
"0","61.5","16"
"3.0761428066400054","63","16"
"3.1415926535897927","64.5","16"
"0","66","16"
"3.1415926535897927","67.5","16"
"3.0761428066400063","69","16"
"0","70.5","16"
"3.076142806640006","72","16"
"3.0106929596902186","73.5","16"
"0","75","16"
"3.1415926535897927","76.5","16"
"3.141592653589793","78","16"
"0","79.5","16"
"0","81","16"
"3.076142806640006","82.5","16"
"3.0761428066400063","84","16"
"0","85.5","16"
"3.1415926535897927","87","16"
"3.076142806640006","88.5","16"
"0","90","16"
"0","91.5","16"
"0","93","16"
"2.8797932657906435","94.5","16"
"0","96","16"
"3.0106929596902186","97.5","16"
"3.141592653589793","99","16"
"3.0761428066400054","100.5","16"
"0","102","16"
"3.0761428066400054","103.5","16"
"3.0761428066400063","105","16"
"0","106.5","16"
"3.076142806640006","108","16"
"3.076142806640006","109.5","16"
"3.1415926535897927","111","16"
"0","112.5","16"
"3.0761428066400054","114","16"
"3.0761428066400063","115.5","16"
"0","117","16"
"3.076142806640006","118.5","16"
"3.0761428066400054","120","16"
"0","121.5","16"
"0","123","16"
"3.076142806640006","124.5","16"
"3.076142806640006","126","16"
"0","127.5","16"
"0","129","16"
"3.1415926535897927","130.5","16"
"3.0761428066400063","132","16"
"0","133.5","16"
"3.0761428066400054","135","16"
"3.076142806640006","136.5","16"
"3.0106929596902186","138","16"
"0","139.5","16"
"3.1415926535897927","141","16"
"3.0761428066400063","142.5","16"
"0","144","16"
"3.1415926535897927","145.5","16"
"3.141592653589793","147","16"
"0","148.5","16"
"3.0106929596902186","150","16"
"3.076142806640006","151.5","16"
"3.141592653589793","153","16"
"3.0106929596902186","154.5","16"
"3.0761428066400054","156","16"
"0","157.5","16"
"0","159","16"
"2.9452431127404313","160.5","16"
"3.141592653589793","162","16"
"3.141592653589793","163.5","16"
"0","165","16"
"3.0106929596902186","166.5","16"
"3.141592653589793","168","16"
"0","169.5","16"
"0","171","16"
"3.0106929596902186","172.5","16"
"0","174","16"
"0","175.5","16"
"3.076142806640006","177","16"
"3.076142806640006","178.5","16"
"3.141592653589793","180","16"
"0","181.5","16"
"0","183","16"
"3.0761428066400063","184.5","16"
"0","186","16"
"0","187.5","16"
"0","189","16"
"3.0761428066400054","190.5","16"
"0","192","16"
"3.1415926535897927","193.5","16"
"3.1415926535897927","195","16"
"0","196.5","16"
"3.0106929596902177","198","16"
"3.0761428066400063","199.5","16"
"0","201","16"
"0","202.5","16"
"3.1415926535897927","204","16"
"3.141592653589793","205.5","16"
"0","207","16"
"0","208.5","16"
"3.1415926535897927","210","16"
"3.141592653589793","211.5","16"
"0","213","16"
"3.010692959690218","214.5","16"
"3.141592653589793","216","16"
"3.010692959690219","217.5","16"
"0","219","16"
"3.141592653589793","220.5","16"
"3.141592653589793","222","16"
"0","223.5","16"
"0","225","16"
"3.1415926535897927","226.5","16"
"3.076142806640006","228","16"
"3.0761428066400054","229.5","16"
"3.076142806640006","231","16"
"3.0761428066400063","232.5","16"
"0","234","16"
"3.0761428066400054","235.5","16"
"3.0761428066400063","237","16"
"0","238.5","16"
"3.141592653589793","240","16"
"2.814343418840856","241.5","16"
"3.141592653589793","243","16"
"0","244.5","16"
"0","246","16"
"3.0761428066400063","247.5","16"
"3.0106929596902186","249","16"
"0","250.5","16"
"3.0106929596902186","252","16"
"3.076142806640006","253.5","16"
"3.0106929596902186","255","16"
"0","256.5","16"
"3.141592653589793","258","16"
"3.076142806640006","259.5","16"
"2.945243112740431","261","16"
"0","262.5","16"
"3.076142806640006","264","16"
"3.0761428066400054","265.5","16"
"0","267","16"
"3.076142806640006","268.5","16"
"3.0761428066400063","270","16"
"0","271.5","16"
"0","273","16"
"3.076142806640006","274.5","16"
"3.141592653589793","276","16"
"0","277.5","16"
"0","279","16"
"3.0761428066400063","280.5","16"
"3.0761428066400054","282","16"
"0","283.5","16"
"3.0761428066400063","285","16"
"3.141592653589793","286.5","16"
"0","288","16"
"3.0761428066400063","289.5","16"
"3.076142806640006","291","16"
"3.0761428066400054","292.5","16"
"0","294","16"
"3.076142806640006","295.5","16"
"3.0761428066400063","297","16"
"0","298.5","16"
"0","300","16"
"3.0761428066400054","1.5","17"
"0","3","17"
"3.1415926535897927","4.5","17"
"3.0761428066400054","6","17"
"0","7.5","17"
"3.1415926535897927","9","17"
"3.0106929596902186","10.5","17"
"0","12","17"
"3.0761428066400054","13.5","17"
"3.1415926535897927","15","17"
"3.1415926535897927","16.5","17"
"3.1415926535897927","18","17"
"3.0761428066400054","19.5","17"
"3.141592653589793","21","17"
"0","22.5","17"
"3.076142806640006","24","17"
"3.141592653589793","25.5","17"
"3.010692959690219","27","17"
"0","28.5","17"
"3.076142806640006","30","17"
"3.141592653589793","31.5","17"
"0","33","17"
"3.141592653589793","34.5","17"
"3.141592653589793","36","17"
"3.0106929596902186","37.5","17"
"3.0761428066400063","39","17"
"0","40.5","17"
"3.141592653589793","42","17"
"0","43.5","17"
"3.141592653589793","45","17"
"0","46.5","17"
"3.010692959690219","48","17"
"0","49.5","17"
"3.0761428066400054","51","17"
"3.141592653589793","52.5","17"
"0","54","17"
"0","55.5","17"
"3.1415926535897927","57","17"
"3.010692959690219","58.5","17"
"0","60","17"
"0","61.5","17"
"3.0761428066400054","63","17"
"3.1415926535897927","64.5","17"
"0","66","17"
"3.1415926535897927","67.5","17"
"3.0761428066400063","69","17"
"0","70.5","17"
"3.076142806640006","72","17"
"3.0106929596902186","73.5","17"
"0","75","17"
"3.1415926535897927","76.5","17"
"3.141592653589793","78","17"
"0","79.5","17"
"0","81","17"
"3.076142806640006","82.5","17"
"3.0761428066400063","84","17"
"0","85.5","17"
"3.1415926535897927","87","17"
"3.076142806640006","88.5","17"
"0","90","17"
"0","91.5","17"
"0","93","17"
"2.8797932657906435","94.5","17"
"0","96","17"
"3.0106929596902186","97.5","17"
"3.141592653589793","99","17"
"3.0761428066400054","100.5","17"
"0","102","17"
"3.0761428066400054","103.5","17"
"3.0761428066400063","105","17"
"0","106.5","17"
"3.076142806640006","108","17"
"3.076142806640006","109.5","17"
"3.1415926535897927","111","17"
"0","112.5","17"
"3.0761428066400054","114","17"
"3.0761428066400063","115.5","17"
"0","117","17"
"3.076142806640006","118.5","17"
"3.0761428066400054","120","17"
"0","121.5","17"
"0","123","17"
"3.076142806640006","124.5","17"
"3.076142806640006","126","17"
"0","127.5","17"
"0","129","17"
"3.1415926535897927","130.5","17"
"3.0761428066400063","132","17"
"0","133.5","17"
"3.0761428066400054","135","17"
"3.076142806640006","136.5","17"
"3.0106929596902186","138","17"
"0","139.5","17"
"3.1415926535897927","141","17"
"3.0761428066400063","142.5","17"
"0","144","17"
"3.1415926535897927","145.5","17"
"3.141592653589793","147","17"
"0","148.5","17"
"3.0106929596902186","150","17"
"3.076142806640006","151.5","17"
"3.141592653589793","153","17"
"3.0106929596902186","154.5","17"
"3.0761428066400054","156","17"
"0","157.5","17"
"0","159","17"
"2.9452431127404313","160.5","17"
"3.141592653589793","162","17"
"3.141592653589793","163.5","17"
"0","165","17"
"3.0106929596902186","166.5","17"
"3.141592653589793","168","17"
"0","169.5","17"
"0","171","17"
"3.0106929596902186","172.5","17"
"0","174","17"
"0","175.5","17"
"3.076142806640006","177","17"
"3.076142806640006","178.5","17"
"3.141592653589793","180","17"
"0","181.5","17"
"0","183","17"
"3.0761428066400063","184.5","17"
"0","186","17"
"0","187.5","17"
"0","189","17"
"3.0761428066400054","190.5","17"
"0","192","17"
"3.1415926535897927","193.5","17"
"3.1415926535897927","195","17"
"0","196.5","17"
"3.0106929596902177","198","17"
"3.0761428066400063","199.5","17"
"0","201","17"
"0","202.5","17"
"3.1415926535897927","204","17"
"3.141592653589793","205.5","17"
"0","207","17"
"0","208.5","17"
"3.1415926535897927","210","17"
"3.141592653589793","211.5","17"
"0","213","17"
"3.010692959690218","214.5","17"
"3.141592653589793","216","17"
"3.010692959690219","217.5","17"
"0","219","17"
"3.141592653589793","220.5","17"
"3.141592653589793","222","17"
"0","223.5","17"
"0","225","17"
"3.1415926535897927","226.5","17"
"3.076142806640006","228","17"
"3.0761428066400054","229.5","17"
"3.076142806640006","231","17"
"3.0761428066400063","232.5","17"
"0","234","17"
"3.0761428066400054","235.5","17"
"3.0761428066400063","237","17"
"0","238.5","17"
"3.141592653589793","240","17"
"2.814343418840856","241.5","17"
"3.141592653589793","243","17"
"0","244.5","17"
"0","246","17"
"3.0761428066400063","247.5","17"
"3.0106929596902186","249","17"
"0","250.5","17"
"3.0106929596902186","252","17"
"3.076142806640006","253.5","17"
"3.0106929596902186","255","17"
"0","256.5","17"
"3.141592653589793","258","17"
"3.076142806640006","259.5","17"
"2.945243112740431","261","17"
"0","262.5","17"
"3.076142806640006","264","17"
"3.0761428066400054","265.5","17"
"0","267","17"
"3.076142806640006","268.5","17"
"3.0761428066400063","270","17"
"0","271.5","17"
"0","273","17"
"3.076142806640006","274.5","17"
"3.141592653589793","276","17"
"0","277.5","17"
"0","279","17"
"3.0761428066400063","280.5","17"
"3.0761428066400054","282","17"
"0","283.5","17"
"3.0761428066400063","285","17"
"3.141592653589793","286.5","17"
"0","288","17"
"3.0761428066400063","289.5","17"
"3.076142806640006","291","17"
"3.0761428066400054","292.5","17"
"0","294","17"
"3.076142806640006","295.5","17"
"3.0761428066400063","297","17"
"0","298.5","17"
"0","300","17"
"3.141592653589793","1.5","18"
"0","3","18"
"2.8143434188408563","4.5","18"
"3.0761428066400054","6","18"
"3.076142806640006","7.5","18"
"2.879793265790643","9","18"
"3.076142806640005","10.5","18"
"3.1415926535897927","12","18"
"3.010692959690218","13.5","18"
"2.945243112740431","15","18"
"2.945243112740431","16.5","18"
"3.076142806640005","18","18"
"0","19.5","18"
"3.1415926535897927","21","18"
"3.1415926535897927","22.5","18"
"2.9452431127404313","24","18"
"2.945243112740431","25.5","18"
"3.076142806640006","27","18"
"0","28.5","18"
"0","30","18"
"3.0761428066400063","31.5","18"
"3.141592653589793","33","18"
"3.141592653589793","34.5","18"
"3.0106929596902186","36","18"
"3.141592653589793","37.5","18"
"0","39","18"
"0","40.5","18"
"3.076142806640006","42","18"
"3.141592653589793","43.5","18"
"3.1415926535897927","45","18"
"2.945243112740431","46.5","18"
"3.076142806640006","48","18"
"3.010692959690218","49.5","18"
"0","51","18"
"3.076142806640006","52.5","18"
"3.076142806640006","54","18"
"3.0106929596902186","55.5","18"
"0","57","18"
"3.1415926535897927","58.5","18"
"0","60","18"
"0","61.5","18"
"3.0761428066400063","63","18"
"3.010692959690218","64.5","18"
"0","66","18"
"2.945243112740431","67.5","18"
"3.1415926535897927","69","18"
"0","70.5","18"
"0","72","18"
"3.0761428066400063","73.5","18"
"3.1415926535897927","75","18"
"0","76.5","18"
"2.9452431127404304","78","18"
"0","79.5","18"
"0","81","18"
"0","82.5","18"
"3.0761428066400063","84","18"
"3.1415926535897927","85.5","18"
"3.0106929596902177","87","18"
"2.8797932657906435","88.5","18"
"3.076142806640006","90","18"
"0","91.5","18"
"0","93","18"
"3.010692959690218","94.5","18"
"3.0761428066400063","96","18"
"3.076142806640006","97.5","18"
"2.945243112740431","99","18"
"3.1415926535897927","100.5","18"
"3.010692959690218","102","18"
"0","103.5","18"
"3.1415926535897927","105","18"
"0","106.5","18"
"3.0106929596902177","108","18"
"0","109.5","18"
"3.076142806640006","111","18"
"3.0761428066400063","112.5","18"
"0","114","18"
"0","115.5","18"
"3.1415926535897927","117","18"
"0","118.5","18"
"3.1415926535897927","120","18"
"3.141592653589793","121.5","18"
"3.076142806640006","123","18"
"0","124.5","18"
"3.0761428066400063","126","18"
"3.1415926535897927","127.5","18"
"0","129","18"
"0","130.5","18"
"3.1415926535897927","132","18"
"3.141592653589793","133.5","18"
"0","135","18"
"3.010692959690218","136.5","18"
"0","138","18"
"2.945243112740431","139.5","18"
"2.9452431127404304","141","18"
"0","142.5","18"
"3.0761428066400054","144","18"
"0","145.5","18"
"3.0761428066400063","147","18"
"0","148.5","18"
"0","150","18"
"0","151.5","18"
"2.814343418840856","153","18"
"3.141592653589793","154.5","18"
"3.010692959690219","156","18"
"0","157.5","18"
"3.076142806640006","159","18"
"0","160.5","18"
"0","162","18"
"0","163.5","18"
"2.945243112740431","165","18"
"3.076142806640006","166.5","18"
"0","168","18"
"3.1415926535897927","169.5","18"
"0","171","18"
"0","172.5","18"
"0","174","18"
"3.1415926535897927","175.5","18"
"3.0761428066400054","177","18"
"0","178.5","18"
"3.076142806640006","180","18"
"3.0761428066400054","181.5","18"
"0","183","18"
"3.0106929596902186","184.5","18"
"3.0106929596902177","186","18"
"3.076142806640006","187.5","18"
"0","189","18"
"3.010692959690218","190.5","18"
"3.0761428066400054","192","18"
"3.0106929596902177","193.5","18"
"0","195","18"
"0","196.5","18"
"3.0106929596902186","198","18"
"0","199.5","18"
"3.141592653589793","201","18"
"3.076142806640006","202.5","18"
"0","204","18"
"2.9452431127404304","205.5","18"
"0","207","18"
"3.076142806640006","208.5","18"
"3.0106929596902186","210","18"
"3.141592653589793","211.5","18"
"3.0761428066400054","213","18"
"0","214.5","18"
"0","216","18"
"0","217.5","18"
"0","219","18"
"3.0106929596902186","220.5","18"
"0","222","18"
"3.1415926535897927","223.5","18"
"0","225","18"
"2.9452431127404304","226.5","18"
"2.814343418840856","228","18"
"2.945243112740431","229.5","18"
"3.1415926535897927","231","18"
"0","232.5","18"
"3.010692959690218","234","18"
"3.0761428066400054","235.5","18"
"0","237","18"
"0","238.5","18"
"0","240","18"
"3.0761428066400054","241.5","18"
"2.879793265790644","243","18"
"3.010692959690219","244.5","18"
"3.0106929596902177","246","18"
"0","247.5","18"
"3.141592653589793","249","18"
"0","250.5","18"
"2.9452431127404304","252","18"
"3.010692959690218","253.5","18"
"3.0761428066400054","255","18"
"0","256.5","18"
"2.683443724941281","258","18"
"0","259.5","18"
"0","261","18"
"0","262.5","18"
"3.1415926535897927","264","18"
"3.1415926535897927","265.5","18"
"3.076142806640006","267","18"
"3.076142806640006","268.5","18"
"2.945243112740431","270","18"
"3.076142806640006","271.5","18"
"3.076142806640006","273","18"
"0","274.5","18"
"2.8797932657906435","276","18"
"0","277.5","18"
"3.076142806640006","279","18"
"3.141592653589793","280.5","18"
"0","282","18"
"2.945243112740431","283.5","18"
"3.076142806640006","285","18"
"2.8797932657906435","286.5","18"
"3.0761428066400054","288","18"
"0","289.5","18"
"3.141592653589793","291","18"
"0","292.5","18"
"0","294","18"
"3.141592653589793","295.5","18"
"0","297","18"
"2.9452431127404304","298.5","18"
"0","300","18"
"3.0761428066400054","1.5","19"
"0","3","19"
"3.1415926535897927","4.5","19"
"3.0761428066400054","6","19"
"0","7.5","19"
"3.1415926535897927","9","19"
"3.0106929596902186","10.5","19"
"0","12","19"
"3.0761428066400054","13.5","19"
"3.1415926535897927","15","19"
"3.1415926535897927","16.5","19"
"3.1415926535897927","18","19"
"3.0761428066400054","19.5","19"
"3.141592653589793","21","19"
"0","22.5","19"
"3.076142806640006","24","19"
"3.141592653589793","25.5","19"
"3.010692959690219","27","19"
"0","28.5","19"
"3.076142806640006","30","19"
"3.141592653589793","31.5","19"
"0","33","19"
"3.141592653589793","34.5","19"
"3.141592653589793","36","19"
"3.0106929596902186","37.5","19"
"3.0761428066400063","39","19"
"0","40.5","19"
"3.141592653589793","42","19"
"0","43.5","19"
"3.141592653589793","45","19"
"0","46.5","19"
"3.010692959690219","48","19"
"0","49.5","19"
"3.0761428066400054","51","19"
"3.141592653589793","52.5","19"
"0","54","19"
"0","55.5","19"
"3.1415926535897927","57","19"
"3.010692959690219","58.5","19"
"0","60","19"
"0","61.5","19"
"3.0761428066400054","63","19"
"3.1415926535897927","64.5","19"
"0","66","19"
"3.1415926535897927","67.5","19"
"3.0761428066400063","69","19"
"0","70.5","19"
"3.076142806640006","72","19"
"3.0106929596902186","73.5","19"
"0","75","19"
"3.1415926535897927","76.5","19"
"3.141592653589793","78","19"
"0","79.5","19"
"0","81","19"
"3.076142806640006","82.5","19"
"3.0761428066400063","84","19"
"0","85.5","19"
"3.1415926535897927","87","19"
"3.076142806640006","88.5","19"
"0","90","19"
"0","91.5","19"
"0","93","19"
"2.8797932657906435","94.5","19"
"0","96","19"
"3.0106929596902186","97.5","19"
"3.141592653589793","99","19"
"3.0761428066400054","100.5","19"
"0","102","19"
"3.0761428066400054","103.5","19"
"3.0761428066400063","105","19"
"0","106.5","19"
"3.076142806640006","108","19"
"3.076142806640006","109.5","19"
"3.1415926535897927","111","19"
"0","112.5","19"
"3.0761428066400054","114","19"
"3.0761428066400063","115.5","19"
"0","117","19"
"3.076142806640006","118.5","19"
"3.0761428066400054","120","19"
"0","121.5","19"
"0","123","19"
"3.076142806640006","124.5","19"
"3.076142806640006","126","19"
"0","127.5","19"
"0","129","19"
"3.1415926535897927","130.5","19"
"3.0761428066400063","132","19"
"0","133.5","19"
"3.0761428066400054","135","19"
"3.076142806640006","136.5","19"
"3.0106929596902186","138","19"
"0","139.5","19"
"3.1415926535897927","141","19"
"3.0761428066400063","142.5","19"
"0","144","19"
"3.1415926535897927","145.5","19"
"3.141592653589793","147","19"
"0","148.5","19"
"3.0106929596902186","150","19"
"3.076142806640006","151.5","19"
"3.141592653589793","153","19"
"3.0106929596902186","154.5","19"
"3.0761428066400054","156","19"
"0","157.5","19"
"0","159","19"
"2.9452431127404313","160.5","19"
"3.141592653589793","162","19"
"3.141592653589793","163.5","19"
"0","165","19"
"3.0106929596902186","166.5","19"
"3.141592653589793","168","19"
"0","169.5","19"
"0","171","19"
"3.0106929596902186","172.5","19"
"0","174","19"
"0","175.5","19"
"3.076142806640006","177","19"
"3.076142806640006","178.5","19"
"3.141592653589793","180","19"
"0","181.5","19"
"0","183","19"
"3.0761428066400063","184.5","19"
"0","186","19"
"0","187.5","19"
"0","189","19"
"3.0761428066400054","190.5","19"
"0","192","19"
"3.1415926535897927","193.5","19"
"3.1415926535897927","195","19"
"0","196.5","19"
"3.0106929596902177","198","19"
"3.0761428066400063","199.5","19"
"0","201","19"
"0","202.5","19"
"3.1415926535897927","204","19"
"3.141592653589793","205.5","19"
"0","207","19"
"0","208.5","19"
"3.1415926535897927","210","19"
"3.141592653589793","211.5","19"
"0","213","19"
"3.010692959690218","214.5","19"
"3.141592653589793","216","19"
"3.010692959690219","217.5","19"
"0","219","19"
"3.141592653589793","220.5","19"
"3.141592653589793","222","19"
"0","223.5","19"
"0","225","19"
"3.1415926535897927","226.5","19"
"3.076142806640006","228","19"
"3.0761428066400054","229.5","19"
"3.076142806640006","231","19"
"3.0761428066400063","232.5","19"
"0","234","19"
"3.0761428066400054","235.5","19"
"3.0761428066400063","237","19"
"0","238.5","19"
"3.141592653589793","240","19"
"2.814343418840856","241.5","19"
"3.141592653589793","243","19"
"0","244.5","19"
"0","246","19"
"3.0761428066400063","247.5","19"
"3.0106929596902186","249","19"
"0","250.5","19"
"3.0106929596902186","252","19"
"3.076142806640006","253.5","19"
"3.0106929596902186","255","19"
"0","256.5","19"
"3.141592653589793","258","19"
"3.076142806640006","259.5","19"
"2.945243112740431","261","19"
"0","262.5","19"
"3.076142806640006","264","19"
"3.0761428066400054","265.5","19"
"0","267","19"
"3.076142806640006","268.5","19"
"3.0761428066400063","270","19"
"0","271.5","19"
"0","273","19"
"3.076142806640006","274.5","19"
"3.141592653589793","276","19"
"0","277.5","19"
"0","279","19"
"3.0761428066400063","280.5","19"
"3.0761428066400054","282","19"
"0","283.5","19"
"3.0761428066400063","285","19"
"3.141592653589793","286.5","19"
"0","288","19"
"3.0761428066400063","289.5","19"
"3.076142806640006","291","19"
"3.0761428066400054","292.5","19"
"0","294","19"
"3.076142806640006","295.5","19"
"3.0761428066400063","297","19"
"0","298.5","19"
"0","300","19"