"nusselt","time","episode"
"8.698046697562019","1.5","0"
"11.728899375667226","3","0"
"37.537638131073464","4.5","0"
"23.534918425520388","6","0"
"11.07572037207057","7.5","0"
"21.434119051884213","9","0"
"32.72461567801897","10.5","0"
"16.959432119414465","12","0"
"11.683984335203572","13.5","0"
"28.33354562422297","15","0"
"22.064759080620505","16.5","0"
"11.52451795184553","18","0"
"27.59115332982738","19.5","0"
"22.868900081652708","21","0"
"14.101156970757609","22.5","0"
"18.629234580921082","24","0"
"27.110931686888073","25.5","0"
"13.67344002308187","27","0"
"17.329737928319616","28.5","0"
"33.40250984537523","30","0"
"17.325030112142073","31.5","0"
"0.46987559835668485","33","0"
"25.644776250787594","34.5","0"
"37.5123427664304","36","0"
"14.826559659103156","37.5","0"
"10.960058284241619","39","0"
"32.311111909643124","40.5","0"
"24.678109308585444","42","0"
"12.110368388957838","43.5","0"
"24.563992680767402","45","0"
"24.425906612847786","46.5","0"
"20.98812751872433","48","0"
"26.033570082438825","49.5","0"
"19.141238338921294","51","0"
"18.061958412632123","52.5","0"
"18.49736345760002","54","0"
"25.860753851726106","55.5","0"
"13.558998447922189","57","0"
"14.290592559208852","58.5","0"
"27.918836153110316","60","0"
"21.712169435628475","61.5","0"
"14.40816861301524","63","0"
"19.622916582276748","64.5","0"
"20.384042570062768","66","0"
"18.29069694831687","67.5","0"
"18.135593396827282","69","0"
"27.475545254693284","70.5","0"
"22.848497221756695","72","0"
"17.6797367063035","73.5","0"
"22.375607366557986","75","0"
"24.799395686059515","76.5","0"
"18.0501000125935","78","0"
"27.952055702792414","79.5","0"
"26.37472123253612","81","0"
"13.8076284652468","82.5","0"
"13.177462354349252","84","0"
"32.21513657791708","85.5","0"
"21.810319213908766","87","0"
"16.672649102553308","88.5","0"
"32.908217024253155","90","0"
"23.91390808188256","91.5","0"
"9.18129827844831","93","0"
"29.521014720655867","94.5","0"
"31.917477843594703","96","0"
"15.111312844044685","97.5","0"
"18.78798486048602","99","0"
"25.05368571110165","100.5","0"
"20.833743555717835","102","0"
"20.745821342560482","103.5","0"
"22.483022935523756","105","0"
"28.42915332115499","106.5","0"
"14.055466586771008","108","0"
"22.803746832895104","109.5","0"
"29.454147004422804","111","0"
"19.163657091976972","112.5","0"
"14.781364972267744","114","0"
"28.407518623347237","115.5","0"
"19.815112916373185","117","0"
"15.130375840639243","118.5","0"
"23.722213543144797","120","0"
"32.515590033612064","121.5","0"
"26.471745455949392","123","0"
"12.32098305200054","124.5","0"
"14.224582076713519","126","0"
"31.97739360329616","127.5","0"
"24.620918576456774","129","0"
"19.304182442890134","130.5","0"
"21.718133482547696","132","0"
"15.866588037336188","133.5","0"
"19.2609984221794","135","0"
"19.246529989337684","136.5","0"
"21.124073986989607","138","0"
"20.38440497782181","139.5","0"
"20.53242938159513","141","0"
"28.2263565601066","142.5","0"
"22.4039831971529","144","0"
"21.80150469057709","145.5","0"
"23.344718818788667","147","0"
"18.432304295472168","148.5","0"
"19.432432973310778","150","0"
"27.00294462876381","151.5","0"
"28.488776366897223","153","0"
"19.01544799963414","154.5","0"
"16.874445757574343","156","0"
"23.072230000269684","157.5","0"
"21.576824076386607","159","0"
"21.25948904003129","160.5","0"
"20.625240614809545","162","0"
"24.149060189495337","163.5","0"
"22.03963272344199","165","0"
"25.693894698552626","166.5","0"
"25.343502150599782","168","0"
"26.262665798847628","169.5","0"
"24.240320735663857","171","0"
"24.251321901964747","172.5","0"
"25.23115748764205","174","0"
"26.05364015444072","175.5","0"
"22.912936109066184","177","0"
"20.16962785258512","178.5","0"
"24.383886478593976","180","0"
"24.6184914898782","181.5","0"
"24.38596683851847","183","0"
"24.4469140664572","184.5","0"
"25.345061549370655","186","0"
"20.56723969225802","187.5","0"
"24.5323621497211","189","0"
"25.376901161816406","190.5","0"
"23.879841752532702","192","0"
"20.533805834141486","193.5","0"
"30.376966092470976","195","0"
"24.728982297760833","196.5","0"
"19.75219161155468","198","0"
"16.672581151098488","199.5","0"
"26.112050528066163","201","0"
"28.22487556686052","202.5","0"
"24.29806553350106","204","0"
"22.2397009722276","205.5","0"
"19.635024137649708","207","0"
"23.50314153749447","208.5","0"
"29.044732519751136","210","0"
"27.127219127904976","211.5","0"
"21.94051594368926","213","0"
"23.218811742386823","214.5","0"
"24.484233353913453","216","0"
"22.690790606843994","217.5","0"
"23.5569085617072","219","0"
"20.963412354964724","220.5","0"
"20.166819192452554","222","0"
"24.63627908993613","223.5","0"
"25.83173509582789","225","0"
"23.148739853707237","226.5","0"
"23.08943565709916","228","0"
"22.982155991043026","229.5","0"
"22.559773232570674","231","0"
"23.323753181459143","232.5","0"
"25.197812489120285","234","0"
"22.180079668830363","235.5","0"
"23.099586559042297","237","0"
"19.774342043481067","238.5","0"
"30.2285845079736","240","0"
"25.621791235608413","241.5","0"
"19.983094139723697","243","0"
"15.565808763127064","244.5","0"
"18.477626173492244","246","0"
"29.795789495808798","247.5","0"
"24.962804996142125","249","0"
"20.684849721791817","250.5","0"
"14.714725503229074","252","0"
"21.852663424331723","253.5","0"
"25.470623641463412","255","0"
"22.294469844812678","256.5","0"
"30.688675096836178","258","0"
"20.50052878707454","259.5","0"
"21.06940268572427","261","0"
"24.376596507133264","262.5","0"
"25.226219681925116","264","0"
"26.27158834756902","265.5","0"
"19.923629647376046","267","0"
"23.36272595431602","268.5","0"
"23.67501690190968","270","0"
"26.352948889473733","271.5","0"
"24.563936925727553","273","0"
"24.72753615141466","274.5","0"
"20.12352191931712","276","0"
"25.196066659434905","277.5","0"
"25.681733130484805","279","0"
"27.227477143629685","280.5","0"
"26.710943288641463","282","0"
"24.913688290722092","283.5","0"
"20.95642380918822","285","0"
"23.3371849190286","286.5","0"
"25.715511972910424","288","0"
"20.428346918605538","289.5","0"
"16.682317374932726","291","0"
"20.493237073268833","292.5","0"
"29.21214225394316","294","0"
"28.65810616527417","295.5","0"
"23.215344475845995","297","0"
"16.9136520046606","298.5","0"
"23.07665729890297","300","0"
"21.26447040437311","1.5","1"
"30.07786121180242","3","1"
"7.591868449234023","4.5","1"
"21.235611944214472","6","1"
"35.60092061268812","7.5","1"
"22.149447501466415","9","1"
"12.967910521753737","10.5","1"
"23.456786448892128","12","1"
"20.924533668737602","13.5","1"
"14.346577588600713","15","1"
"23.54599451265608","16.5","1"
"32.562974848106684","18","1"
"10.66672666371529","19.5","1"
"11.58959540859583","21","1"
"29.116173891597096","22.5","1"
"26.02657630962733","24","1"
"14.525934582426125","25.5","1"
"22.687943615121526","27","1"
"28.93861325546193","28.5","1"
"11.733072291931183","30","1"
"20.921214501521384","31.5","1"
"35.95147345638054","33","1"
"18.89244192764962","34.5","1"
"8.58269648948724","36","1"
"26.02249922233812","37.5","1"
"34.524308216586896","39","1"
"17.86789602704562","40.5","1"
"13.169057282091492","42","1"
"23.648526288599776","43.5","1"
"21.017540044591502","45","1"
"19.71957665558598","46.5","1"
"25.676763962557953","48","1"
"20.051547389902566","49.5","1"
"8.696702478398075","51","1"
"28.366956831854566","52.5","1"
"28.127440150028338","54","1"
"4.9177491481061315","55.5","1"
"11.053136967412827","57","1"
"40.6882822546467","58.5","1"
"23.947760102797986","60","1"
"1.4490679320410038","61.5","1"
"23.304859192329136","63","1"
"37.241411604337294","64.5","1"
"23.783564995122457","66","1"
"7.49241191220719","67.5","1"
"20.629857829047328","69","1"
"28.156582612421225","70.5","1"
"15.868980277014856","72","1"
"18.937847438229475","73.5","1"
"21.52672991542416","75","1"
"17.286925027092902","76.5","1"
"27.911349296665126","78","1"
"30.024033205514854","79.5","1"
"13.671344853224914","81","1"
"8.896704518073859","82.5","1"
"24.921940036620256","84","1"
"29.180696411466368","85.5","1"
"13.191082265178213","87","1"
"23.662196727433603","88.5","1"
"27.652334031995494","90","1"
"13.136574744342443","91.5","1"
"13.76790125700692","93","1"
"35.26511149234669","94.5","1"
"22.027330025429546","96","1"
"11.785407108557703","97.5","1"
"20.21495669998518","99","1"
"34.62907890584967","100.5","1"
"20.337375601706253","102","1"
"14.518392842113581","103.5","1"
"23.32692773404074","105","1"
"21.116853709328712","106.5","1"
"20.984858879512977","108","1"
"31.634764944642775","109.5","1"
"21.396888624022726","111","1"
"11.181516431363129","112.5","1"
"20.433174956587763","114","1"
"29.906024178977113","115.5","1"
"12.183360447849697","117","1"
"19.724544081167835","118.5","1"
"31.363119421101562","120","1"
"18.74871066194494","121.5","1"
"7.451448510193082","123","1"
"20.462129245721147","124.5","1"
"29.108242737178085","126","1"
"15.64555937825604","127.5","1"
"19.059346381792984","129","1"
"25.640929153037774","130.5","1"
"17.183379206361888","132","1"
"12.32336832229923","133.5","1"
"29.27782169088937","135","1"
"30.89959641259807","136.5","1"
"15.027950347740266","138","1"
"17.21721380382736","139.5","1"
"26.864403808800397","141","1"
"19.69378820730922","142.5","1"
"19.016934219915207","144","1"
"26.2656608898947","145.5","1"
"20.442646343982698","147","1"
"14.885680909486718","148.5","1"
"25.642760357627928","150","1"
"33.78839396088416","151.5","1"
"23.77638304905146","153","1"
"16.083508246917205","154.5","1"
"20.71677993617733","156","1"
"19.73015443205299","157.5","1"
"19.99156716343628","159","1"
"24.116108960942526","160.5","1"
"18.7039428496334","162","1"
"7.135644559502465","163.5","1"
"21.953259454985538","165","1"
"32.48298030467835","166.5","1"
"16.996481343396432","168","1"
"9.860619426355791","169.5","1"
"28.369774203712108","171","1"
"24.944100922616617","172.5","1"
"14.832039334113656","174","1"
"16.31745465179317","175.5","1"
"22.306342183611264","177","1"
"18.740274227477265","178.5","1"
"20.64487684290759","180","1"
"22.750453726521123","181.5","1"
"16.299377822466003","183","1"
"12.04794278129052","184.5","1"
"26.34612935116178","186","1"
"34.215512413053986","187.5","1"
"17.25807179396925","189","1"
"11.889116709718282","190.5","1"
"24.899453332109758","192","1"
"22.35232615272959","193.5","1"
"11.488535914173239","195","1"
"32.2413205385078","196.5","1"
"29.075354233045108","198","1"
"11.3632316891398","199.5","1"
"16.48190762652802","201","1"
"27.67763810836354","202.5","1"
"21.005082277874465","204","1"
"14.395410291786499","205.5","1"
"28.353042464721383","207","1"
"26.462406486774103","208.5","1"
"15.970013636262518","210","1"
"10.100184893841888","211.5","1"
"29.375337255591337","213","1"
"18.786491670824972","214.5","1"
"12.77602345389398","216","1"
"30.52888463730899","217.5","1"
"21.834755602469105","219","1"
"10.596296723139151","220.5","1"
"24.628442022146867","222","1"
"31.26023046443381","223.5","1"
"17.624596714234404","225","1"
"19.844258863456066","226.5","1"
"27.043701562895965","228","1"
"9.50088006867518","229.5","1"
"14.66601650653796","231","1"
"33.68277649195363","232.5","1"
"21.527531394122036","234","1"
"9.199350714945542","235.5","1"
"19.97317671200994","237","1"
"31.231314506890325","238.5","1"
"25.14726706080403","240","1"
"12.095565425877007","241.5","1"
"18.5424570884257","243","1"
"18.64161219976833","244.5","1"
"19.557906205808766","246","1"
"33.17812368748897","247.5","1"
"20.566826756494113","249","1"
"5.957640752257024","250.5","1"
"19.52501944402079","252","1"
"38.240656913263244","253.5","1"
"16.36436206375905","255","1"
"9.717294998207535","256.5","1"
"27.555626915371384","258","1"
"23.433266533799365","259.5","1"
"19.230603213734828","261","1"
"25.56476428390931","262.5","1"
"25.680832338122187","264","1"
"18.393690445684342","265.5","1"
"17.59870720994791","267","1"
"33.10850655085318","268.5","1"
"19.568323686536203","270","1"
"8.803721663877397","271.5","1"
"33.058546550455375","273","1"
"28.90520553252033","274.5","1"
"9.518020387567326","276","1"
"10.804353623728622","277.5","1"
"33.93674069848163","279","1"
"25.24678806459569","280.5","1"
"20.502640509208952","282","1"
"24.36226746189118","283.5","1"
"9.457500034152465","285","1"
"18.15216135538844","286.5","1"
"33.089358179353844","288","1"
"29.141249720770745","289.5","1"
"7.974623313131234","291","1"
"11.193378316091742","292.5","1"
"32.68230457215093","294","1"
"22.020243908333295","295.5","1"
"9.316831810949681","297","1"
"26.22796002888446","298.5","1"
"30.92346653903491","300","1"
"21.26447040437311","1.5","2"
"30.07786121180242","3","2"
"7.591868449234023","4.5","2"
"21.235611944214472","6","2"
"35.60092061268812","7.5","2"
"22.149447501466415","9","2"
"12.967910521753737","10.5","2"
"23.456786448892128","12","2"
"20.924533668737602","13.5","2"
"14.346577588600713","15","2"
"23.54599451265608","16.5","2"
"32.562974848106684","18","2"
"10.66672666371529","19.5","2"
"11.58959540859583","21","2"
"29.116173891597096","22.5","2"
"26.02657630962733","24","2"
"14.525934582426125","25.5","2"
"22.687943615121526","27","2"
"28.93861325546193","28.5","2"
"11.733072291931183","30","2"
"20.921214501521384","31.5","2"
"35.95147345638054","33","2"
"18.89244192764962","34.5","2"
"8.58269648948724","36","2"
"26.02249922233812","37.5","2"
"34.524308216586896","39","2"
"17.86789602704562","40.5","2"
"13.169057282091492","42","2"
"23.648526288599776","43.5","2"
"21.017540044591502","45","2"
"19.71957665558598","46.5","2"
"25.676763962557953","48","2"
"20.051547389902566","49.5","2"
"8.696702478398075","51","2"
"28.366956831854566","52.5","2"
"28.127440150028338","54","2"
"4.9177491481061315","55.5","2"
"11.053136967412827","57","2"
"40.6882822546467","58.5","2"
"23.947760102797986","60","2"
"1.4490679320410038","61.5","2"
"23.304859192329136","63","2"
"37.241411604337294","64.5","2"
"23.783564995122457","66","2"
"7.49241191220719","67.5","2"
"20.629857829047328","69","2"
"28.156582612421225","70.5","2"
"15.868980277014856","72","2"
"18.937847438229475","73.5","2"
"21.52672991542416","75","2"
"17.286925027092902","76.5","2"
"27.911349296665126","78","2"
"30.024033205514854","79.5","2"
"13.671344853224914","81","2"
"8.896704518073859","82.5","2"
"24.921940036620256","84","2"
"29.180696411466368","85.5","2"
"13.191082265178213","87","2"
"23.662196727433603","88.5","2"
"27.652334031995494","90","2"
"13.136574744342443","91.5","2"
"13.76790125700692","93","2"
"35.26511149234669","94.5","2"
"22.027330025429546","96","2"
"11.785407108557703","97.5","2"
"20.21495669998518","99","2"
"34.62907890584967","100.5","2"
"20.337375601706253","102","2"
"14.518392842113581","103.5","2"
"23.32692773404074","105","2"
"21.116853709328712","106.5","2"
"20.984858879512977","108","2"
"31.634764944642775","109.5","2"
"21.396888624022726","111","2"
"11.181516431363129","112.5","2"
"20.433174956587763","114","2"
"29.906024178977113","115.5","2"
"12.183360447849697","117","2"
"19.724544081167835","118.5","2"
"31.363119421101562","120","2"
"18.74871066194494","121.5","2"
"7.451448510193082","123","2"
"20.462129245721147","124.5","2"
"29.108242737178085","126","2"
"15.64555937825604","127.5","2"
"19.059346381792984","129","2"
"25.640929153037774","130.5","2"
"17.183379206361888","132","2"
"12.32336832229923","133.5","2"
"29.27782169088937","135","2"
"30.89959641259807","136.5","2"
"15.027950347740266","138","2"
"17.21721380382736","139.5","2"
"26.864403808800397","141","2"
"19.69378820730922","142.5","2"
"19.016934219915207","144","2"
"26.2656608898947","145.5","2"
"20.442646343982698","147","2"
"14.885680909486718","148.5","2"
"25.642760357627928","150","2"
"33.78839396088416","151.5","2"
"23.77638304905146","153","2"
"16.083508246917205","154.5","2"
"20.71677993617733","156","2"
"19.73015443205299","157.5","2"
"19.99156716343628","159","2"
"24.116108960942526","160.5","2"
"18.7039428496334","162","2"
"7.135644559502465","163.5","2"
"21.953259454985538","165","2"
"32.48298030467835","166.5","2"
"16.996481343396432","168","2"
"9.860619426355791","169.5","2"
"28.369774203712108","171","2"
"24.944100922616617","172.5","2"
"14.832039334113656","174","2"
"16.31745465179317","175.5","2"
"22.306342183611264","177","2"
"18.740274227477265","178.5","2"
"20.64487684290759","180","2"
"22.750453726521123","181.5","2"
"16.299377822466003","183","2"
"12.04794278129052","184.5","2"
"26.34612935116178","186","2"
"34.215512413053986","187.5","2"
"17.25807179396925","189","2"
"11.889116709718282","190.5","2"
"24.899453332109758","192","2"
"22.35232615272959","193.5","2"
"11.488535914173239","195","2"
"32.2413205385078","196.5","2"
"29.075354233045108","198","2"
"11.3632316891398","199.5","2"
"16.48190762652802","201","2"
"27.67763810836354","202.5","2"
"21.005082277874465","204","2"
"14.395410291786499","205.5","2"
"28.353042464721383","207","2"
"26.462406486774103","208.5","2"
"15.970013636262518","210","2"
"10.100184893841888","211.5","2"
"29.375337255591337","213","2"
"18.786491670824972","214.5","2"
"12.77602345389398","216","2"
"30.52888463730899","217.5","2"
"21.834755602469105","219","2"
"10.596296723139151","220.5","2"
"24.628442022146867","222","2"
"31.26023046443381","223.5","2"
"17.624596714234404","225","2"
"19.844258863456066","226.5","2"
"27.043701562895965","228","2"
"9.50088006867518","229.5","2"
"14.66601650653796","231","2"
"33.68277649195363","232.5","2"
"21.527531394122036","234","2"
"9.199350714945542","235.5","2"
"19.97317671200994","237","2"
"31.231314506890325","238.5","2"
"25.14726706080403","240","2"
"12.095565425877007","241.5","2"
"18.5424570884257","243","2"
"18.64161219976833","244.5","2"
"19.557906205808766","246","2"
"33.17812368748897","247.5","2"
"20.566826756494113","249","2"
"5.957640752257024","250.5","2"
"19.52501944402079","252","2"
"38.240656913263244","253.5","2"
"16.36436206375905","255","2"
"9.717294998207535","256.5","2"
"27.555626915371384","258","2"
"23.433266533799365","259.5","2"
"19.230603213734828","261","2"
"25.56476428390931","262.5","2"
"25.680832338122187","264","2"
"18.393690445684342","265.5","2"
"17.59870720994791","267","2"
"33.10850655085318","268.5","2"
"19.568323686536203","270","2"
"8.803721663877397","271.5","2"
"33.058546550455375","273","2"
"28.90520553252033","274.5","2"
"9.518020387567326","276","2"
"10.804353623728622","277.5","2"
"33.93674069848163","279","2"
"25.24678806459569","280.5","2"
"20.502640509208952","282","2"
"24.36226746189118","283.5","2"
"9.457500034152465","285","2"
"18.15216135538844","286.5","2"
"33.089358179353844","288","2"
"29.141249720770745","289.5","2"
"7.974623313131234","291","2"
"11.193378316091742","292.5","2"
"32.68230457215093","294","2"
"22.020243908333295","295.5","2"
"9.316831810949681","297","2"
"26.22796002888446","298.5","2"
"30.92346653903491","300","2"
"9.211098476076957","1.5","3"
"7.827234865281231","3","3"
"41.06357291258366","4.5","3"
"24.132500942659153","6","3"
"12.461153835707142","7.5","3"
"24.295218541778596","9","3"
"35.12373413473078","10.5","3"
"23.059984799642088","12","3"
"10.23565395957843","13.5","3"
"20.16680873838258","15","3"
"26.758284544511195","16.5","3"
"22.11592129906513","18","3"
"23.22689273847544","19.5","3"
"23.387976017989207","21","3"
"20.650365229643064","22.5","3"
"33.842232421241704","24","3"
"17.968781286968674","25.5","3"
"8.37339642574356","27","3"
"24.075505353169966","28.5","3"
"33.2688894076788","30","3"
"22.071115155163685","31.5","3"
"8.088441999955064","33","3"
"23.61504887185836","34.5","3"
"28.298972272479453","36","3"
"14.860969230417107","37.5","3"
"18.79896686099196","39","3"
"33.23425158917045","40.5","3"
"18.02951072178298","42","3"
"12.697028145320507","43.5","3"
"31.29796268765397","45","3"
"29.285191810219867","46.5","3"
"11.215453827183328","48","3"
"15.191643660057125","49.5","3"
"34.52391793130793","51","3"
"23.243648870296102","52.5","3"
"19.387194727850478","54","3"
"22.613528060368434","55.5","3"
"19.258343088406427","57","3"
"24.69902964494509","58.5","3"
"26.417129909723908","60","3"
"27.057337154829884","61.5","3"
"13.033474963930251","63","3"
"13.782871485207309","64.5","3"
"33.588038225174316","66","3"
"35.76182268832237","67.5","3"
"15.150191530271808","69","3"
"3.427683947220171","70.5","3"
"22.899398088452006","72","3"
"27.535952355683445","73.5","3"
"27.273980331556636","75","3"
"19.866348313307615","76.5","3"
"8.439890408975113","78","3"
"21.89520626208415","79.5","3"
"32.19748662311378","81","3"
"23.00502601145251","82.5","3"
"6.849241809436552","84","3"
"15.727256192744866","85.5","3"
"36.04675881948841","87","3"
"22.94562424352469","88.5","3"
"11.464536854206742","90","3"
"17.9080779873293","91.5","3"
"31.615940649312584","93","3"
"21.426517200669327","94.5","3"
"22.79968542671085","96","3"
"19.74117824883882","97.5","3"
"20.72253838638709","99","3"
"23.841886509153134","100.5","3"
"25.173693207349103","102","3"
"30.32642066415472","103.5","3"
"18.180429160593643","105","3"
"20.498451911840036","106.5","3"
"24.787389186696284","108","3"
"14.569335525088784","109.5","3"
"29.443163261571865","111","3"
"27.89481270031388","112.5","3"
"21.212700107525098","114","3"
"14.305838077918512","115.5","3"
"19.02943206056714","117","3"
"30.110596389575804","118.5","3"
"26.217650573546738","120","3"
"17.719549289448157","121.5","3"
"20.976795306874315","123","3"
"23.237343323757788","124.5","3"
"26.035930959907578","126","3"
"23.818499012280018","127.5","3"
"19.143459828790416","129","3"
"15.77809607736534","130.5","3"
"20.75590952008379","132","3"
"25.757664525383888","133.5","3"
"16.03278161472143","135","3"
"20.952411188663834","136.5","3"
"29.613324158511613","138","3"
"28.399944649652276","139.5","3"
"16.316715897515124","141","3"
"14.127523006400343","142.5","3"
"27.31364655772168","144","3"
"18.888502485615046","145.5","3"
"13.357850816411935","147","3"
"24.57699057443301","148.5","3"
"27.094412513986782","150","3"
"21.56456667934404","151.5","3"
"17.113859641045842","153","3"
"27.69971536180012","154.5","3"
"26.61867392472061","156","3"
"23.05921294080913","157.5","3"
"15.91487364419342","159","3"
"22.772435150982957","160.5","3"
"21.92450379318163","162","3"
"22.243826845176685","163.5","3"
"27.93717781887678","165","3"
"22.974106357164324","166.5","3"
"16.062333528188233","168","3"
"19.72839640595264","169.5","3"
"23.249698292120094","171","3"
"17.70661412020238","172.5","3"
"19.871139762044937","174","3"
"25.99099239778649","175.5","3"
"24.886134846965","177","3"
"18.52764889830988","178.5","3"
"18.035366743312487","180","3"
"19.60146483069351","181.5","3"
"18.045021076931942","183","3"
"17.585772040702135","184.5","3"
"31.289125513837355","186","3"
"22.594501653018778","187.5","3"
"16.334806665602255","189","3"
"15.995809053919261","190.5","3"
"26.98712065151568","192","3"
"19.76085280852676","193.5","3"
"26.87757245227555","195","3"
"25.521864265432825","196.5","3"
"15.746153666564862","198","3"
"22.99419211027118","199.5","3"
"25.065599866180126","201","3"
"20.767679060527648","202.5","3"
"21.415421947738686","204","3"
"16.05122085180764","205.5","3"
"16.253515817497355","207","3"
"25.65044758374759","208.5","3"
"23.415597413201116","210","3"
"21.539919467039258","211.5","3"
"21.7237995884727","213","3"
"20.436004524860273","214.5","3"
"16.76974301976639","216","3"
"20.680157586719233","217.5","3"
"24.811304614103005","219","3"
"22.553075658408396","220.5","3"
"19.94192775451763","222","3"
"22.73225841773427","223.5","3"
"27.970092458184688","225","3"
"24.91158005327767","226.5","3"
"21.84939826981036","228","3"
"18.68798645416562","229.5","3"
"20.21463959319602","231","3"
"25.4750126085068","232.5","3"
"17.95173244118879","234","3"
"20.253910307047104","235.5","3"
"29.079243147074816","237","3"
"27.87512071717599","238.5","3"
"18.84345241341425","240","3"
"18.432150969112573","241.5","3"
"22.824710727879634","243","3"
"25.50628073179406","244.5","3"
"27.47453817928595","246","3"
"21.96251827629104","247.5","3"
"21.234669335571965","249","3"
"20.378308512682942","250.5","3"
"25.13192397077463","252","3"
"30.582437353087286","253.5","3"
"23.08389500001382","255","3"
"19.687738785485223","256.5","3"
"18.42305941292663","258","3"
"22.852136980452062","259.5","3"
"25.60088309566374","261","3"
"19.823824641350132","262.5","3"
"18.39536309687992","264","3"
"21.905249138637576","265.5","3"
"29.00630684322281","267","3"
"28.143616080965536","268.5","3"
"21.12167303558596","270","3"
"17.93557567604654","271.5","3"
"24.248509757142187","273","3"
"24.707171623108547","274.5","3"
"24.108805050721855","276","3"
"23.932662683412936","277.5","3"
"24.973992593357522","279","3"
"20.046593903080677","280.5","3"
"22.507053357700173","282","3"
"24.03290850272268","283.5","3"
"14.566725492285691","285","3"
"15.340790134007475","286.5","3"
"34.49864695949479","288","3"
"35.80337413177242","289.5","3"
"16.43202603165501","291","3"
"9.286177864273293","292.5","3"
"20.783529172950708","294","3"
"28.552439910683766","295.5","3"
"25.745356600336454","297","3"
"21.535026962292203","298.5","3"
"22.480134127521403","300","3"
"6.318769630071459","1.5","4"
"25.88634889970838","3","4"
"34.47964146028509","4.5","4"
"6.788544172418411","6","4"
"9.02017144030966","7.5","4"
"35.89629339037655","9","4"
"17.603563125450062","10.5","4"
"1.2235408648724475","12","4"
"32.26982878732236","13.5","4"
"36.62105663810879","15","4"
"13.672488702714388","16.5","4"
"11.42463628263982","18","4"
"28.55759376718013","19.5","4"
"18.770925560636158","21","4"
"15.691872650578492","22.5","4"
"34.68283721833742","24","4"
"19.053525207163386","25.5","4"
"12.347938871424214","27","4"
"26.497889342605212","28.5","4"
"26.36572724766992","30","4"
"9.40207603984912","31.5","4"
"17.1997764151135","33","4"
"37.36165083246914","34.5","4"
"32.47197565368747","36","4"
"11.101246597425527","37.5","4"
"14.764377108562694","39","4"
"19.657554400785095","40.5","4"
"15.370443103484012","42","4"
"27.35266985858342","43.5","4"
"32.74423448266706","45","4"
"9.117089380678209","46.5","4"
"19.575951672926017","48","4"
"43.12928320035768","49.5","4"
"23.284958127791796","51","4"
"-0.2151536214884658","52.5","4"
"17.578748648025723","54","4"
"32.74639847515134","55.5","4"
"27.65415652486067","57","4"
"21.316017681061712","58.5","4"
"20.574590645793567","60","4"
"17.88237491395731","61.5","4"
"26.15315070416241","63","4"
"28.506813122289497","64.5","4"
"14.685645765256021","66","4"
"13.912495854656816","67.5","4"
"29.2994651004221","69","4"
"23.070543410314148","70.5","4"
"12.414553947632948","72","4"
"20.88883476212706","73.5","4"
"34.782136944314665","75","4"
"19.70740811813818","76.5","4"
"21.592456395685243","78","4"
"18.319783655669905","79.5","4"
"18.251867047749617","81","4"
"23.97362347190955","82.5","4"
"32.899627263425884","84","4"
"22.897089481333115","85.5","4"
"14.882391362135422","87","4"
"28.01427484257778","88.5","4"
"31.833615294276605","90","4"
"11.533947522960577","91.5","4"
"15.223953705651631","93","4"
"30.918082692999153","94.5","4"
"22.588898271513607","96","4"
"16.831273933278577","97.5","4"
"21.641181073481313","99","4"
"20.056056578750635","100.5","4"
"18.440695428969967","102","4"
"25.788791518726523","103.5","4"
"27.026893160725443","105","4"
"14.501724698715186","106.5","4"
"9.373116523680748","108","4"
"24.269407443016892","109.5","4"
"29.198501434974254","111","4"
"27.48757614688645","112.5","4"
"18.487827603440252","114","4"
"23.647641177342116","115.5","4"
"17.712172200737676","117","4"
"19.449183878096452","118.5","4"
"21.88245926609788","120","4"
"20.074178709047683","121.5","4"
"23.24796117415969","123","4"
"25.833914769417124","124.5","4"
"21.673383093686105","126","4"
"27.6928818847282","127.5","4"
"23.245551511031067","129","4"
"23.586143368384842","130.5","4"
"13.715523752928014","132","4"
"17.724176957755912","133.5","4"
"29.627698504723575","135","4"
"21.779296761265854","136.5","4"
"17.281297252757792","138","4"
"24.2958579823919","139.5","4"
"19.329632876237792","141","4"
"17.875454319635622","142.5","4"
"18.810269452977053","144","4"
"26.967815468966766","145.5","4"
"31.9453693022809","147","4"
"13.263127359565079","148.5","4"
"20.122389395070115","150","4"
"25.960872479851187","151.5","4"
"28.089139922339683","153","4"
"19.24276826649264","154.5","4"
"18.82938646226647","156","4"
"25.058414435419138","157.5","4"
"26.180259849945678","159","4"
"21.587157924554262","160.5","4"
"22.269317352459232","162","4"
"19.862473338037866","163.5","4"
"16.60287689721293","165","4"
"30.826072938482614","166.5","4"
"25.540685076073025","168","4"
"19.54393434129074","169.5","4"
"22.651089533779043","171","4"
"22.28044745228978","172.5","4"
"22.183708973455758","174","4"
"26.41625525253622","175.5","4"
"23.96766116733533","177","4"
"23.53231361975228","178.5","4"
"23.848277430596223","180","4"
"21.632072093845416","181.5","4"
"22.931283001867637","183","4"
"23.634678130576418","184.5","4"
"24.326664384255388","186","4"
"23.04456330408789","187.5","4"
"21.22415428352479","189","4"
"21.07432306799125","190.5","4"
"27.470980310805363","192","4"
"18.796330693013935","193.5","4"
"17.62808314657018","195","4"
"25.129124022367037","196.5","4"
"20.66098656473496","198","4"
"24.999788011014267","199.5","4"
"18.520505283828783","201","4"
"24.82973339711924","202.5","4"
"17.859482243062885","204","4"
"22.821408984113372","205.5","4"
"21.37741617635425","207","4"
"25.308210952718163","208.5","4"
"20.452208333317397","210","4"
"22.107181696568254","211.5","4"
"23.588143580439553","213","4"
"28.387882395249193","214.5","4"
"21.22353052401644","216","4"
"26.098786055616262","217.5","4"
"18.128282517226626","219","4"
"18.228584091576224","220.5","4"
"20.096536480028526","222","4"
"26.638306668128664","223.5","4"
"22.624077959315517","225","4"
"15.719171711966258","226.5","4"
"23.70442942777685","228","4"
"25.08377949386202","229.5","4"
"29.15502992733928","231","4"
"19.871709508858427","232.5","4"
"16.009827961752165","234","4"
"29.900006119363038","235.5","4"
"33.67626360636086","237","4"
"17.62046735659533","238.5","4"
"17.13563546879822","240","4"
"23.037090386402667","241.5","4"
"22.747019564535208","243","4"
"24.181882484518486","244.5","4"
"19.99871426260737","246","4"
"27.00471659362412","247.5","4"
"22.61207842933227","249","4"
"15.544663664263016","250.5","4"
"21.74312742150656","252","4"
"27.141795586136404","253.5","4"
"19.97136293086974","255","4"
"22.046225756904544","256.5","4"
"25.623460402114","258","4"
"23.4357476330728","259.5","4"
"20.00452498316699","261","4"
"15.395576430042508","262.5","4"
"21.17667189771043","264","4"
"19.269896578070856","265.5","4"
"22.734432864288515","267","4"
"21.193487269260935","268.5","4"
"24.668143095211818","270","4"
"19.912600603555227","271.5","4"
"21.13875847061075","273","4"
"28.134991473238355","274.5","4"
"27.125529053259445","276","4"
"11.424088315138771","277.5","4"
"14.199815513776553","279","4"
"28.310034420855185","280.5","4"
"37.59307257944678","282","4"
"16.489143585293874","283.5","4"
"9.736063538497872","285","4"
"27.073439907277276","286.5","4"
"31.370562718921867","288","4"
"19.539299703603003","289.5","4"
"11.439067255064137","291","4"
"21.25088011340907","292.5","4"
"26.29535044861614","294","4"
"19.29799014877652","295.5","4"
"18.61288964251933","297","4"
"18.646353120500784","298.5","4"
"17.66846373418333","300","4"
"21.26447040437311","1.5","5"
"30.07786121180242","3","5"
"7.591868449234023","4.5","5"
"21.235611944214472","6","5"
"35.60092061268812","7.5","5"
"22.149447501466415","9","5"
"12.967910521753737","10.5","5"
"23.456786448892128","12","5"
"20.924533668737602","13.5","5"
"14.346577588600713","15","5"
"23.54599451265608","16.5","5"
"32.562974848106684","18","5"
"10.66672666371529","19.5","5"
"11.58959540859583","21","5"
"29.116173891597096","22.5","5"
"26.02657630962733","24","5"
"14.525934582426125","25.5","5"
"22.687943615121526","27","5"
"28.93861325546193","28.5","5"
"11.733072291931183","30","5"
"20.921214501521384","31.5","5"
"35.95147345638054","33","5"
"18.89244192764962","34.5","5"
"8.58269648948724","36","5"
"26.02249922233812","37.5","5"
"34.524308216586896","39","5"
"17.86789602704562","40.5","5"
"13.169057282091492","42","5"
"23.648526288599776","43.5","5"
"21.017540044591502","45","5"
"19.71957665558598","46.5","5"
"25.676763962557953","48","5"
"20.051547389902566","49.5","5"
"8.696702478398075","51","5"
"28.366956831854566","52.5","5"
"28.127440150028338","54","5"
"4.9177491481061315","55.5","5"
"11.053136967412827","57","5"
"40.6882822546467","58.5","5"
"23.947760102797986","60","5"
"1.4490679320410038","61.5","5"
"23.304859192329136","63","5"
"37.241411604337294","64.5","5"
"23.783564995122457","66","5"
"7.49241191220719","67.5","5"
"20.629857829047328","69","5"
"28.156582612421225","70.5","5"
"15.868980277014856","72","5"
"18.937847438229475","73.5","5"
"21.52672991542416","75","5"
"17.286925027092902","76.5","5"
"27.911349296665126","78","5"
"30.024033205514854","79.5","5"
"13.671344853224914","81","5"
"8.896704518073859","82.5","5"
"24.921940036620256","84","5"
"29.180696411466368","85.5","5"
"13.191082265178213","87","5"
"23.662196727433603","88.5","5"
"27.652334031995494","90","5"
"13.136574744342443","91.5","5"
"13.76790125700692","93","5"
"35.26511149234669","94.5","5"
"22.027330025429546","96","5"
"11.785407108557703","97.5","5"
"20.21495669998518","99","5"
"34.62907890584967","100.5","5"
"20.337375601706253","102","5"
"14.518392842113581","103.5","5"
"23.32692773404074","105","5"
"21.116853709328712","106.5","5"
"20.984858879512977","108","5"
"31.634764944642775","109.5","5"
"21.396888624022726","111","5"
"11.181516431363129","112.5","5"
"20.433174956587763","114","5"
"29.906024178977113","115.5","5"
"12.183360447849697","117","5"
"19.724544081167835","118.5","5"
"31.363119421101562","120","5"
"18.74871066194494","121.5","5"
"7.451448510193082","123","5"
"20.462129245721147","124.5","5"
"29.108242737178085","126","5"
"15.64555937825604","127.5","5"
"19.059346381792984","129","5"
"25.640929153037774","130.5","5"
"17.183379206361888","132","5"
"12.32336832229923","133.5","5"
"29.27782169088937","135","5"
"30.89959641259807","136.5","5"
"15.027950347740266","138","5"
"17.21721380382736","139.5","5"
"26.864403808800397","141","5"
"19.69378820730922","142.5","5"
"19.016934219915207","144","5"
"26.2656608898947","145.5","5"
"20.442646343982698","147","5"
"14.885680909486718","148.5","5"
"25.642760357627928","150","5"
"33.78839396088416","151.5","5"
"23.77638304905146","153","5"
"16.083508246917205","154.5","5"
"20.71677993617733","156","5"
"19.73015443205299","157.5","5"
"19.99156716343628","159","5"
"24.116108960942526","160.5","5"
"18.7039428496334","162","5"
"7.135644559502465","163.5","5"
"21.953259454985538","165","5"
"32.48298030467835","166.5","5"
"16.996481343396432","168","5"
"9.860619426355791","169.5","5"
"28.369774203712108","171","5"
"24.944100922616617","172.5","5"
"14.832039334113656","174","5"
"16.31745465179317","175.5","5"
"22.306342183611264","177","5"
"18.740274227477265","178.5","5"
"20.64487684290759","180","5"
"22.750453726521123","181.5","5"
"16.299377822466003","183","5"
"12.04794278129052","184.5","5"
"26.34612935116178","186","5"
"34.215512413053986","187.5","5"
"17.25807179396925","189","5"
"11.889116709718282","190.5","5"
"24.899453332109758","192","5"
"22.35232615272959","193.5","5"
"11.488535914173239","195","5"
"32.2413205385078","196.5","5"
"29.075354233045108","198","5"
"11.3632316891398","199.5","5"
"16.48190762652802","201","5"
"27.67763810836354","202.5","5"
"21.005082277874465","204","5"
"14.395410291786499","205.5","5"
"28.353042464721383","207","5"
"26.462406486774103","208.5","5"
"15.970013636262518","210","5"
"10.100184893841888","211.5","5"
"29.375337255591337","213","5"
"18.786491670824972","214.5","5"
"12.77602345389398","216","5"
"30.52888463730899","217.5","5"
"21.834755602469105","219","5"
"10.596296723139151","220.5","5"
"24.628442022146867","222","5"
"31.26023046443381","223.5","5"
"17.624596714234404","225","5"
"19.844258863456066","226.5","5"
"27.043701562895965","228","5"
"9.50088006867518","229.5","5"
"14.66601650653796","231","5"
"33.68277649195363","232.5","5"
"21.527531394122036","234","5"
"9.199350714945542","235.5","5"
"19.97317671200994","237","5"
"31.231314506890325","238.5","5"
"25.14726706080403","240","5"
"12.095565425877007","241.5","5"
"18.5424570884257","243","5"
"18.64161219976833","244.5","5"
"19.557906205808766","246","5"
"33.17812368748897","247.5","5"
"20.566826756494113","249","5"
"5.957640752257024","250.5","5"
"19.52501944402079","252","5"
"38.240656913263244","253.5","5"
"16.36436206375905","255","5"
"9.717294998207535","256.5","5"
"27.555626915371384","258","5"
"23.433266533799365","259.5","5"
"19.230603213734828","261","5"
"25.56476428390931","262.5","5"
"25.680832338122187","264","5"
"18.393690445684342","265.5","5"
"17.59870720994791","267","5"
"33.10850655085318","268.5","5"
"19.568323686536203","270","5"
"8.803721663877397","271.5","5"
"33.058546550455375","273","5"
"28.90520553252033","274.5","5"
"9.518020387567326","276","5"
"10.804353623728622","277.5","5"
"33.93674069848163","279","5"
"25.24678806459569","280.5","5"
"20.502640509208952","282","5"
"24.36226746189118","283.5","5"
"9.457500034152465","285","5"
"18.15216135538844","286.5","5"
"33.089358179353844","288","5"
"29.141249720770745","289.5","5"
"7.974623313131234","291","5"
"11.193378316091742","292.5","5"
"32.68230457215093","294","5"
"22.020243908333295","295.5","5"
"9.316831810949681","297","5"
"26.22796002888446","298.5","5"
"30.92346653903491","300","5"
"21.26447040437311","1.5","6"
"30.07786121180242","3","6"
"7.591868449234023","4.5","6"
"21.235611944214472","6","6"
"35.60092061268812","7.5","6"
"22.149447501466415","9","6"
"12.967910521753737","10.5","6"
"23.456786448892128","12","6"
"20.924533668737602","13.5","6"
"14.346577588600713","15","6"
"23.54599451265608","16.5","6"
"32.562974848106684","18","6"
"10.66672666371529","19.5","6"
"11.58959540859583","21","6"
"29.116173891597096","22.5","6"
"26.02657630962733","24","6"
"14.525934582426125","25.5","6"
"22.687943615121526","27","6"
"28.93861325546193","28.5","6"
"11.733072291931183","30","6"
"20.921214501521384","31.5","6"
"35.95147345638054","33","6"
"18.89244192764962","34.5","6"
"8.58269648948724","36","6"
"26.02249922233812","37.5","6"
"34.524308216586896","39","6"
"17.86789602704562","40.5","6"
"13.169057282091492","42","6"
"23.648526288599776","43.5","6"
"21.017540044591502","45","6"
"19.71957665558598","46.5","6"
"25.676763962557953","48","6"
"20.051547389902566","49.5","6"
"8.696702478398075","51","6"
"28.366956831854566","52.5","6"
"28.127440150028338","54","6"
"4.9177491481061315","55.5","6"
"11.053136967412827","57","6"
"40.6882822546467","58.5","6"
"23.947760102797986","60","6"
"1.4490679320410038","61.5","6"
"23.304859192329136","63","6"
"37.241411604337294","64.5","6"
"23.783564995122457","66","6"
"7.49241191220719","67.5","6"
"20.629857829047328","69","6"
"28.156582612421225","70.5","6"
"15.868980277014856","72","6"
"18.937847438229475","73.5","6"
"21.52672991542416","75","6"
"17.286925027092902","76.5","6"
"27.911349296665126","78","6"
"30.024033205514854","79.5","6"
"13.671344853224914","81","6"
"8.896704518073859","82.5","6"
"24.921940036620256","84","6"
"29.180696411466368","85.5","6"
"13.191082265178213","87","6"
"23.662196727433603","88.5","6"
"27.652334031995494","90","6"
"13.136574744342443","91.5","6"
"13.76790125700692","93","6"
"35.26511149234669","94.5","6"
"22.027330025429546","96","6"
"11.785407108557703","97.5","6"
"20.21495669998518","99","6"
"34.62907890584967","100.5","6"
"20.337375601706253","102","6"
"14.518392842113581","103.5","6"
"23.32692773404074","105","6"
"21.116853709328712","106.5","6"
"20.984858879512977","108","6"
"31.634764944642775","109.5","6"
"21.396888624022726","111","6"
"11.181516431363129","112.5","6"
"20.433174956587763","114","6"
"29.906024178977113","115.5","6"
"12.183360447849697","117","6"
"19.724544081167835","118.5","6"
"31.363119421101562","120","6"
"18.74871066194494","121.5","6"
"7.451448510193082","123","6"
"20.462129245721147","124.5","6"
"29.108242737178085","126","6"
"15.64555937825604","127.5","6"
"19.059346381792984","129","6"
"25.640929153037774","130.5","6"
"17.183379206361888","132","6"
"12.32336832229923","133.5","6"
"29.27782169088937","135","6"
"30.89959641259807","136.5","6"
"15.027950347740266","138","6"
"17.21721380382736","139.5","6"
"26.864403808800397","141","6"
"19.69378820730922","142.5","6"
"19.016934219915207","144","6"
"26.2656608898947","145.5","6"
"20.442646343982698","147","6"
"14.885680909486718","148.5","6"
"25.642760357627928","150","6"
"33.78839396088416","151.5","6"
"23.77638304905146","153","6"
"16.083508246917205","154.5","6"
"20.71677993617733","156","6"
"19.73015443205299","157.5","6"
"19.99156716343628","159","6"
"24.116108960942526","160.5","6"
"18.7039428496334","162","6"
"7.135644559502465","163.5","6"
"21.953259454985538","165","6"
"32.48298030467835","166.5","6"
"16.996481343396432","168","6"
"9.860619426355791","169.5","6"
"28.369774203712108","171","6"
"24.944100922616617","172.5","6"
"14.832039334113656","174","6"
"16.31745465179317","175.5","6"
"22.306342183611264","177","6"
"18.740274227477265","178.5","6"
"20.64487684290759","180","6"
"22.750453726521123","181.5","6"
"16.299377822466003","183","6"
"12.04794278129052","184.5","6"
"26.34612935116178","186","6"
"34.215512413053986","187.5","6"
"17.25807179396925","189","6"
"11.889116709718282","190.5","6"
"24.899453332109758","192","6"
"22.35232615272959","193.5","6"
"11.488535914173239","195","6"
"32.2413205385078","196.5","6"
"29.075354233045108","198","6"
"11.3632316891398","199.5","6"
"16.48190762652802","201","6"
"27.67763810836354","202.5","6"
"21.005082277874465","204","6"
"14.395410291786499","205.5","6"
"28.353042464721383","207","6"
"26.462406486774103","208.5","6"
"15.970013636262518","210","6"
"10.100184893841888","211.5","6"
"29.375337255591337","213","6"
"18.786491670824972","214.5","6"
"12.77602345389398","216","6"
"30.52888463730899","217.5","6"
"21.834755602469105","219","6"
"10.596296723139151","220.5","6"
"24.628442022146867","222","6"
"31.26023046443381","223.5","6"
"17.624596714234404","225","6"
"19.844258863456066","226.5","6"
"27.043701562895965","228","6"
"9.50088006867518","229.5","6"
"14.66601650653796","231","6"
"33.68277649195363","232.5","6"
"21.527531394122036","234","6"
"9.199350714945542","235.5","6"
"19.97317671200994","237","6"
"31.231314506890325","238.5","6"
"25.14726706080403","240","6"
"12.095565425877007","241.5","6"
"18.5424570884257","243","6"
"18.64161219976833","244.5","6"
"19.557906205808766","246","6"
"33.17812368748897","247.5","6"
"20.566826756494113","249","6"
"5.957640752257024","250.5","6"
"19.52501944402079","252","6"
"38.240656913263244","253.5","6"
"16.36436206375905","255","6"
"9.717294998207535","256.5","6"
"27.555626915371384","258","6"
"23.433266533799365","259.5","6"
"19.230603213734828","261","6"
"25.56476428390931","262.5","6"
"25.680832338122187","264","6"
"18.393690445684342","265.5","6"
"17.59870720994791","267","6"
"33.10850655085318","268.5","6"
"19.568323686536203","270","6"
"8.803721663877397","271.5","6"
"33.058546550455375","273","6"
"28.90520553252033","274.5","6"
"9.518020387567326","276","6"
"10.804353623728622","277.5","6"
"33.93674069848163","279","6"
"25.24678806459569","280.5","6"
"20.502640509208952","282","6"
"24.36226746189118","283.5","6"
"9.457500034152465","285","6"
"18.15216135538844","286.5","6"
"33.089358179353844","288","6"
"29.141249720770745","289.5","6"
"7.974623313131234","291","6"
"11.193378316091742","292.5","6"
"32.68230457215093","294","6"
"22.020243908333295","295.5","6"
"9.316831810949681","297","6"
"26.22796002888446","298.5","6"
"30.92346653903491","300","6"
"23.59452056312268","1.5","7"
"4.218035594372609","3","7"
"31.07680335269917","4.5","7"
"31.93248640338499","6","7"
"6.874401271169979","7.5","7"
"12.698737385760984","9","7"
"33.258327312316744","10.5","7"
"17.94748983112501","12","7"
"12.790544157085558","13.5","7"
"28.22357229280397","15","7"
"17.387914827715676","16.5","7"
"9.854946351050803","18","7"
"25.23126028599678","19.5","7"
"29.01565626646807","21","7"
"13.24153622038221","22.5","7"
"17.307188499389284","24","7"
"23.370212810761206","25.5","7"
"21.34888353470975","27","7"
"23.01957110747402","28.5","7"
"25.13002307238466","30","7"
"20.798581291365878","31.5","7"
"18.006898568432813","33","7"
"26.825436262978506","34.5","7"
"18.393542346359734","36","7"
"15.465846946051569","37.5","7"
"24.338142953085015","39","7"
"23.799876828969293","40.5","7"
"9.033033431065626","42","7"
"18.399044671855176","43.5","7"
"25.47934233582034","45","7"
"12.94389229599229","46.5","7"
"25.258634268219346","48","7"
"24.53927054762782","49.5","7"
"16.189578725546536","51","7"
"15.950602170668882","52.5","7"
"20.944542758664657","54","7"
"25.4583453362809","55.5","7"
"21.614857725290967","57","7"
"21.88710784254558","58.5","7"
"22.797226977922357","60","7"
"15.686879089821707","61.5","7"
"22.660801364783346","63","7"
"21.749135027050663","64.5","7"
"20.17427991372281","66","7"
"16.530029452955688","67.5","7"
"31.416961366149096","69","7"
"23.403428875753317","70.5","7"
"18.306310101820557","72","7"
"18.006342760379287","73.5","7"
"15.72546331974461","75","7"
"22.303212931999543","76.5","7"
"23.83648349732243","78","7"
"21.975263529932317","79.5","7"
"16.594193049755905","81","7"
"16.2398941643234","82.5","7"
"25.153766007636833","84","7"
"20.87855666899926","85.5","7"
"15.006627529686687","87","7"
"19.637515690993116","88.5","7"
"25.927137196050452","90","7"
"21.010629904339787","91.5","7"
"22.133858740792665","93","7"
"21.525348235842813","94.5","7"
"22.138219830316125","96","7"
"22.692675824129005","97.5","7"
"21.4073287552351","99","7"
"17.544865264900377","100.5","7"
"21.191980140839924","102","7"
"23.201142621788577","103.5","7"
"22.81462255035633","105","7"
"16.180598679440298","106.5","7"
"23.98909549546861","108","7"
"28.89649903457837","109.5","7"
"27.549025170183853","111","7"
"14.925455161041473","112.5","7"
"7.3901048987679","114","7"
"23.20861205478381","115.5","7"
"31.648707189295884","117","7"
"28.846819551724824","118.5","7"
"12.37579374086551","120","7"
"14.328269027389158","121.5","7"
"21.152160588315287","123","7"
"29.358433024446068","124.5","7"
"25.753125716670898","126","7"
"17.465672200169926","127.5","7"
"17.39612998436894","129","7"
"23.885124542558724","130.5","7"
"24.052034223737074","132","7"
"18.532659882516622","133.5","7"
"19.971923965958254","135","7"
"20.438506532273653","136.5","7"
"23.679764792022116","138","7"
"23.019694813968695","139.5","7"
"19.986425503354884","141","7"
"11.98508681440934","142.5","7"
"14.750067229115558","144","7"
"22.626919724003","145.5","7"
"33.61054583782476","147","7"
"20.705322275487646","148.5","7"
"7.69720017358531","150","7"
"15.745280751722172","151.5","7"
"29.20043369557414","153","7"
"27.03414131590626","154.5","7"
"22.531007116696788","156","7"
"12.320323574419787","157.5","7"
"15.512067874089265","159","7"
"21.290405209629487","160.5","7"
"27.440783729690267","162","7"
"21.475703599889176","163.5","7"
"14.963075874181927","165","7"
"25.80005403677672","166.5","7"
"28.308515096019203","168","7"
"27.216172809299596","169.5","7"
"18.861586740126267","171","7"
"24.843170361723686","172.5","7"
"26.100448252741863","174","7"
"20.702604217294837","175.5","7"
"19.521679368664625","177","7"
"19.144778783951924","178.5","7"
"20.091161345717747","180","7"
"23.49406392006849","181.5","7"
"26.26255951580291","183","7"
"26.3327429145622","184.5","7"
"21.149602825862058","186","7"
"19.38696473831109","187.5","7"
"18.23985880604139","189","7"
"23.954978638113886","190.5","7"
"27.44608742785623","192","7"
"19.836087265427686","193.5","7"
"22.314485904119714","195","7"
"24.18786047019767","196.5","7"
"24.52600955986791","198","7"
"24.16118342597326","199.5","7"
"27.30937781248297","201","7"
"25.669244001557853","202.5","7"
"13.858782843138943","204","7"
"22.111338931727254","205.5","7"
"20.46047750266552","207","7"
"28.056723593700458","208.5","7"
"28.71284716033932","210","7"
"21.45094836219468","211.5","7"
"18.423522876695404","213","7"
"26.658859369694277","214.5","7"
"25.333758957385562","216","7"
"24.894397046933136","217.5","7"
"13.644928289577313","219","7"
"14.344687144280716","220.5","7"
"20.880462794424215","222","7"
"31.022104173913906","223.5","7"
"28.27343123719204","225","7"
"19.376615209038473","226.5","7"
"17.313102018303635","228","7"
"17.466625262882406","229.5","7"
"25.00901198541986","231","7"
"20.96016810858331","232.5","7"
"24.189203818189114","234","7"
"20.265442888571588","235.5","7"
"18.658993833442338","237","7"
"26.6062823671134","238.5","7"
"25.54642436048784","240","7"
"22.60959558771384","241.5","7"
"20.36016547424595","243","7"
"19.57215684552606","244.5","7"
"27.504461212236773","246","7"
"26.579206325885043","247.5","7"
"22.10035867356631","249","7"
"16.24777827542754","250.5","7"
"24.606084251166028","252","7"
"24.620848882656958","253.5","7"
"35.4676347052308","255","7"
"21.33201240811939","256.5","7"
"15.479294364725986","258","7"
"25.143702222943464","259.5","7"
"17.893336006323306","261","7"
"7.3329420441591555","262.5","7"
"4.66163575902632","264","7"
"19.472292599770306","265.5","7"
"23.53300881540544","267","7"
"16.032851308521245","268.5","7"
"14.234722524586687","270","7"
"30.911569807406387","271.5","7"
"23.401806752562607","273","7"
"11.166880733401856","274.5","7"
"-0.4910712252256001","276","7"
"9.595214111415567","277.5","7"
"26.982179361108756","279","7"
"31.634095884164545","280.5","7"
"24.34168862515063","282","7"
"12.691583317209913","283.5","7"
"11.547636256416856","285","7"
"23.530775129121352","286.5","7"
"31.98132433360576","288","7"
"26.91642326098275","289.5","7"
"13.171191654710846","291","7"
"4.302445240019257","292.5","7"
"11.38634563784864","294","7"
"11.48589016329774","295.5","7"
"12.911575281017804","297","7"
"26.57842575532711","298.5","7"
"39.044264756726854","300","7"
"23.094545954970638","1.5","8"
"28.18743431525459","3","8"
"14.283670222542169","4.5","8"
"14.701846089023155","6","8"
"29.883283092097287","7.5","8"
"21.270673152556697","9","8"
"15.830594674421427","10.5","8"
"28.366798278459985","12","8"
"26.913353249100876","13.5","8"
"9.999475610763369","15","8"
"20.828298727607244","16.5","8"
"35.03481878492605","18","8"
"16.020588684443695","19.5","8"
"5.076387046418867","21","8"
"27.910408430367614","22.5","8"
"26.106072542386983","24","8"
"1.003998861659617","25.5","8"
"25.386334217621446","27","8"
"34.52796017169723","28.5","8"
"11.622169419457139","30","8"
"13.511711204747312","31.5","8"
"29.13670568502277","33","8"
"18.961419623672104","34.5","8"
"-0.35673177075302237","36","8"
"27.334263726052125","37.5","8"
"38.62237682423319","39","8"
"14.037910718597463","40.5","8"
"8.123540668714691","42","8"
"24.83123704085026","43.5","8"
"26.31139396133369","45","8"
"13.901933759294764","46.5","8"
"25.95817358745333","48","8"
"22.36067024291251","49.5","8"
"10.631868438565025","51","8"
"28.41398272328013","52.5","8"
"31.726154424340955","54","8"
"10.68386175557245","55.5","8"
"16.085398691237202","57","8"
"38.56288619671061","58.5","8"
"25.07605045146247","60","8"
"10.448573745050034","61.5","8"
"18.235644073497543","63","8"
"31.85830780755127","64.5","8"
"19.090213765731306","66","8"
"26.021805769029957","67.5","8"
"28.346588818858457","69","8"
"14.193139718926718","70.5","8"
"16.18309545981869","72","8"
"29.52532179748447","73.5","8"
"19.565405258668925","75","8"
"14.178935251351804","76.5","8"
"22.910819159896786","78","8"
"25.662762478175","79.5","8"
"21.390900184273573","81","8"
"24.25044027539708","82.5","8"
"18.979884995933244","84","8"
"18.12833827226648","85.5","8"
"23.892168843375085","87","8"
"29.103616811215325","88.5","8"
"21.671090167672173","90","8"
"13.390980635326772","91.5","8"
"22.658945767363257","93","8"
"17.341537088628396","94.5","8"
"15.276356473732971","96","8"
"25.85143230600077","97.5","8"
"27.287854624754925","99","8"
"14.323207515177552","100.5","8"
"17.27269355317056","102","8"
"26.34680538101999","103.5","8"
"21.752112694647785","105","8"
"11.689618207746165","106.5","8"
"19.946757534844846","108","8"
"28.18699698666075","109.5","8"
"20.065980975844376","111","8"
"21.29966751562498","112.5","8"
"28.011422623820327","114","8"
"16.750324584792775","115.5","8"
"11.222878830381182","117","8"
"28.520354627593665","118.5","8"
"25.90266421824521","120","8"
"9.993136959670142","121.5","8"
"19.29878291574942","123","8"
"30.543931528689175","124.5","8"
"21.032897073380866","126","8"
"14.344589572960974","127.5","8"
"24.34711254512128","129","8"
"18.41447313678935","130.5","8"
"16.33330476421623","132","8"
"27.482099956565943","133.5","8"
"31.360944974547316","135","8"
"16.477816600478846","136.5","8"
"13.04516435650432","138","8"
"23.413100632822722","139.5","8"
"19.591754742034205","141","8"
"21.614460470632018","142.5","8"
"30.88986367345382","144","8"
"22.359511583490576","145.5","8"
"8.133912848472246","147","8"
"24.560190883987463","148.5","8"
"32.92250773790534","150","8"
"12.021543641092872","151.5","8"
"4.614691322229288","153","8"
"25.37789081377379","154.5","8"
"30.936589881540183","156","8"
"9.718254159127497","157.5","8"
"9.030855499821389","159","8"
"27.298439370601915","160.5","8"
"23.10165994958681","162","8"
"16.213077732499357","163.5","8"
"21.54312015479579","165","8"
"22.595473881526207","166.5","8"
"18.922561845584923","168","8"
"27.393524364035315","169.5","8"
"26.166300181842615","171","8"
"5.0653405791480965","172.5","8"
"15.51450367239282","174","8"
"35.045997670416476","175.5","8"
"19.89925075620055","177","8"
"6.211063960663953","178.5","8"
"26.294542000538282","180","8"
"33.49222667387784","181.5","8"
"15.271479650090875","183","8"
"13.184398629775899","184.5","8"
"29.465116808513777","186","8"
"15.577311724786627","187.5","8"
"17.758734628394468","189","8"
"27.722902488998766","190.5","8"
"20.670261067145418","192","8"
"11.066141830458417","193.5","8"
"21.182735258294386","195","8"
"37.16244852914624","196.5","8"
"15.133834395455091","198","8"
"8.008496242186604","199.5","8"
"23.36456238594116","201","8"
"23.81731247533816","202.5","8"
"18.07495630629773","204","8"
"30.026636268937967","205.5","8"
"23.669636540563918","207","8"
"14.174472234646112","208.5","8"
"18.149253381591137","210","8"
"27.889158790803844","211.5","8"
"17.39687396568197","213","8"
"12.828428835492813","214.5","8"
"23.281375866481273","216","8"
"22.229560524354433","217.5","8"
"14.085783389690787","219","8"
"24.892821967057305","220.5","8"
"29.107289674465605","222","8"
"6.9686042024494625","223.5","8"
"13.022781321521046","225","8"
"30.02973764302976","226.5","8"
"20.19109354292832","228","8"
"7.181331458799075","229.5","8"
"25.4733120797913","231","8"
"21.040863074699786","232.5","8"
"10.221522670493322","234","8"
"25.90979215162135","235.5","8"
"27.012220873519265","237","8"
"18.273567954667193","238.5","8"
"18.548445528174852","240","8"
"25.230061552639953","241.5","8"
"12.665813163555603","243","8"
"16.531134099682763","244.5","8"
"30.205707518184134","246","8"
"27.37276083872526","247.5","8"
"7.742412283870676","249","8"
"17.81380492666375","250.5","8"
"34.55787623526807","252","8"
"27.780556684896208","253.5","8"
"15.958538552122882","255","8"
"16.941529524586837","256.5","8"
"16.82807324552205","258","8"
"23.802068698973493","259.5","8"
"28.00328064565687","261","8"
"23.90553785652471","262.5","8"
"8.08949786102227","264","8"
"21.284777435294377","265.5","8"
"34.30395732970995","267","8"
"14.340848758255872","268.5","8"
"7.423740868903898","270","8"
"26.32655236279358","271.5","8"
"26.036957201109864","273","8"
"14.29450151020601","274.5","8"
"19.60412887619146","276","8"
"26.778492261767724","277.5","8"
"14.594870462168718","279","8"
"14.748788347888942","280.5","8"
"28.02855161747","282","8"
"24.075494899099994","283.5","8"
"6.580674573915944","285","8"
"22.863294957802538","286.5","8"
"31.299739879549268","288","8"
"19.569470149543168","289.5","8"
"10.019741696577245","291","8"
"21.431291225956695","292.5","8"
"17.888494029581118","294","8"
"15.647014236327191","295.5","8"
"32.407564643897906","297","8"
"26.11826024562973","298.5","8"
"7.1964541421865595","300","8"
"6.318769630071459","1.5","9"
"25.88634889970838","3","9"
"34.47964146028509","4.5","9"
"6.788544172418411","6","9"
"9.02017144030966","7.5","9"
"35.89629339037655","9","9"
"17.603563125450062","10.5","9"
"1.2235408648724475","12","9"
"32.26982878732236","13.5","9"
"36.62105663810879","15","9"
"13.672488702714388","16.5","9"
"11.42463628263982","18","9"
"28.55759376718013","19.5","9"
"18.770925560636158","21","9"
"15.691872650578492","22.5","9"
"34.68283721833742","24","9"
"19.053525207163386","25.5","9"
"12.347938871424214","27","9"
"26.497889342605212","28.5","9"
"26.36572724766992","30","9"
"9.40207603984912","31.5","9"
"17.1997764151135","33","9"
"37.36165083246914","34.5","9"
"32.47197565368747","36","9"
"11.101246597425527","37.5","9"
"14.764377108562694","39","9"
"19.657554400785095","40.5","9"
"15.370443103484012","42","9"
"27.35266985858342","43.5","9"
"32.74423448266706","45","9"
"9.117089380678209","46.5","9"
"19.575951672926017","48","9"
"43.12928320035768","49.5","9"
"23.284958127791796","51","9"
"-0.2151536214884658","52.5","9"
"17.578748648025723","54","9"
"32.74639847515134","55.5","9"
"27.65415652486067","57","9"
"21.316017681061712","58.5","9"
"20.574590645793567","60","9"
"17.88237491395731","61.5","9"
"26.15315070416241","63","9"
"28.506813122289497","64.5","9"
"14.685645765256021","66","9"
"13.912495854656816","67.5","9"
"29.2994651004221","69","9"
"23.070543410314148","70.5","9"
"12.414553947632948","72","9"
"20.88883476212706","73.5","9"
"34.782136944314665","75","9"
"19.70740811813818","76.5","9"
"21.592456395685243","78","9"
"18.319783655669905","79.5","9"
"18.251867047749617","81","9"
"23.97362347190955","82.5","9"
"32.899627263425884","84","9"
"22.897089481333115","85.5","9"
"14.882391362135422","87","9"
"28.01427484257778","88.5","9"
"31.833615294276605","90","9"
"11.533947522960577","91.5","9"
"15.223953705651631","93","9"
"30.918082692999153","94.5","9"
"22.588898271513607","96","9"
"16.831273933278577","97.5","9"
"21.641181073481313","99","9"
"20.056056578750635","100.5","9"
"18.440695428969967","102","9"
"25.788791518726523","103.5","9"
"27.026893160725443","105","9"
"14.501724698715186","106.5","9"
"9.373116523680748","108","9"
"24.269407443016892","109.5","9"
"29.198501434974254","111","9"
"27.48757614688645","112.5","9"
"18.487827603440252","114","9"
"23.647641177342116","115.5","9"
"17.712172200737676","117","9"
"19.449183878096452","118.5","9"
"21.88245926609788","120","9"
"20.074178709047683","121.5","9"
"23.24796117415969","123","9"
"25.833914769417124","124.5","9"
"21.673383093686105","126","9"
"27.6928818847282","127.5","9"
"23.245551511031067","129","9"
"23.586143368384842","130.5","9"
"13.715523752928014","132","9"
"17.724176957755912","133.5","9"
"29.627698504723575","135","9"
"21.779296761265854","136.5","9"
"17.281297252757792","138","9"
"24.2958579823919","139.5","9"
"19.329632876237792","141","9"
"17.875454319635622","142.5","9"
"18.810269452977053","144","9"
"26.967815468966766","145.5","9"
"31.9453693022809","147","9"
"13.263127359565079","148.5","9"
"20.122389395070115","150","9"
"25.960872479851187","151.5","9"
"28.089139922339683","153","9"
"19.24276826649264","154.5","9"
"18.82938646226647","156","9"
"25.058414435419138","157.5","9"
"26.180259849945678","159","9"
"21.587157924554262","160.5","9"
"22.269317352459232","162","9"
"19.862473338037866","163.5","9"
"16.60287689721293","165","9"
"30.826072938482614","166.5","9"
"25.540685076073025","168","9"
"19.54393434129074","169.5","9"
"22.651089533779043","171","9"
"22.28044745228978","172.5","9"
"22.183708973455758","174","9"
"26.41625525253622","175.5","9"
"23.96766116733533","177","9"
"23.53231361975228","178.5","9"
"23.848277430596223","180","9"
"21.632072093845416","181.5","9"
"22.931283001867637","183","9"
"23.634678130576418","184.5","9"
"24.326664384255388","186","9"
"23.04456330408789","187.5","9"
"21.22415428352479","189","9"
"21.07432306799125","190.5","9"
"27.470980310805363","192","9"
"18.796330693013935","193.5","9"
"17.62808314657018","195","9"
"25.129124022367037","196.5","9"
"20.66098656473496","198","9"
"24.999788011014267","199.5","9"
"18.520505283828783","201","9"
"24.82973339711924","202.5","9"
"17.859482243062885","204","9"
"22.821408984113372","205.5","9"
"21.37741617635425","207","9"
"25.308210952718163","208.5","9"
"20.452208333317397","210","9"
"22.107181696568254","211.5","9"
"23.588143580439553","213","9"
"28.387882395249193","214.5","9"
"21.22353052401644","216","9"
"26.098786055616262","217.5","9"
"18.128282517226626","219","9"
"18.228584091576224","220.5","9"
"20.096536480028526","222","9"
"26.638306668128664","223.5","9"
"22.624077959315517","225","9"
"15.719171711966258","226.5","9"
"23.70442942777685","228","9"
"25.08377949386202","229.5","9"
"29.15502992733928","231","9"
"19.871709508858427","232.5","9"
"16.009827961752165","234","9"
"29.900006119363038","235.5","9"
"33.67626360636086","237","9"
"17.62046735659533","238.5","9"
"17.13563546879822","240","9"
"23.037090386402667","241.5","9"
"22.747019564535208","243","9"
"24.181882484518486","244.5","9"
"19.99871426260737","246","9"
"27.00471659362412","247.5","9"
"22.61207842933227","249","9"
"15.544663664263016","250.5","9"
"21.74312742150656","252","9"
"27.141795586136404","253.5","9"
"19.97136293086974","255","9"
"22.046225756904544","256.5","9"
"25.623460402114","258","9"
"23.4357476330728","259.5","9"
"20.00452498316699","261","9"
"15.395576430042508","262.5","9"
"21.17667189771043","264","9"
"19.269896578070856","265.5","9"
"22.734432864288515","267","9"
"21.193487269260935","268.5","9"
"24.668143095211818","270","9"
"19.912600603555227","271.5","9"
"21.13875847061075","273","9"
"28.134991473238355","274.5","9"
"27.125529053259445","276","9"
"11.424088315138771","277.5","9"
"14.199815513776553","279","9"
"28.310034420855185","280.5","9"
"37.59307257944678","282","9"
"16.489143585293874","283.5","9"
"9.736063538497872","285","9"
"27.073439907277276","286.5","9"
"31.370562718921867","288","9"
"19.539299703603003","289.5","9"
"11.439067255064137","291","9"
"21.25088011340907","292.5","9"
"26.29535044861614","294","9"
"19.29799014877652","295.5","9"
"18.61288964251933","297","9"
"18.646353120500784","298.5","9"
"17.66846373418333","300","9"
"28.258346014221953","1.5","10"
"39.34570089499924","3","10"
"16.682129201673224","4.5","10"
"17.642344240357446","6","10"
"24.759933314258934","7.5","10"
"16.62787257851679","9","10"
"21.085238859387367","10.5","10"
"26.01452102460423","12","10"
"17.616452993725954","13.5","10"
"11.420792669579992","15","10"
"34.06424202055425","16.5","10"
"24.648562622153626","18","10"
"15.347309988980223","19.5","10"
"17.87269618750792","21","10"
"31.077486351937363","22.5","10"
"24.30305735191285","24","10"
"17.57475345095129","25.5","10"
"21.170301884407287","27","10"
"17.48723894652286","28.5","10"
"19.95421302908012","30","10"
"35.38843815581036","31.5","10"
"23.297048259714803","33","10"
"14.365787813347382","34.5","10"
"22.86494495851317","36","10"
"27.34819028960027","37.5","10"
"21.550234149411963","39","10"
"16.08424003181527","40.5","10"
"23.798099637073996","42","10"
"24.250903739165853","43.5","10"
"25.766611466935213","45","10"
"26.366908557576796","46.5","10"
"11.11587097014433","48","10"
"16.921353169540225","49.5","10"
"32.31686861750789","51","10"
"26.116929094053255","52.5","10"
"8.459922149387108","54","10"
"15.965704817088918","55.5","10"
"27.88582568482766","57","10"
"22.863317608287478","58.5","10"
"21.708912992832094","60","10"
"22.799929355010207","61.5","10"
"17.72126724161361","63","10"
"16.373173102400738","64.5","10"
"36.45491358872841","66","10"
"26.943910495630018","67.5","10"
"8.943682495012053","69","10"
"19.363981465476904","70.5","10"
"32.58748615750182","72","10"
"14.516430090476275","73.5","10"
"19.68455900586864","75","10"
"22.748922205270173","76.5","10"
"16.648115142673227","78","10"
"22.12489611813638","79.5","10"
"29.196698107904027","81","10"
"18.900942828882126","82.5","10"
"12.187188379804569","84","10"
"23.40847993389495","85.5","10"
"26.80566587431582","87","10"
"25.93611027277671","88.5","10"
"20.120140027681067","90","10"
"16.982021622279692","91.5","10"
"15.783260387931676","93","10"
"25.23952074361992","94.5","10"
"33.565488796243976","96","10"
"14.409610403498926","97.5","10"
"17.261009387631475","99","10"
"27.90968187250454","100.5","10"
"24.346483558577944","102","10"
"18.338808320674563","103.5","10"
"25.969730561807747","105","10"
"26.66526074520734","106.5","10"
"20.88981047532448","108","10"
"18.14218817263483","109.5","10"
"22.19181087768432","111","10"
"13.752461466830276","112.5","10"
"21.356474931854663","114","10"
"29.760806692991366","115.5","10"
"21.878133023474327","117","10"
"14.168389708267208","118.5","10"
"18.742453901066497","120","10"
"26.357736853521065","121.5","10"
"9.172389668486883","123","10"
"20.314639741861413","124.5","10"
"30.451364223774114","126","10"
"24.975102467119587","127.5","10"
"15.049039691564461","129","10"
"12.708158245151056","130.5","10"
"18.40915898455341","132","10"
"31.47064301545705","133.5","10"
"27.736515430447746","135","10"
"20.523435396728928","136.5","10"
"19.677800449631523","138","10"
"22.901412239266676","139.5","10"
"33.260289192781556","141","10"
"19.965034733846483","142.5","10"
"17.072698482874756","144","10"
"26.02064710960802","145.5","10"
"31.584229970396493","147","10"
"23.979773949743276","148.5","10"
"17.308566694280636","150","10"
"18.537334594139253","151.5","10"
"23.352949656546887","153","10"
"21.284026484601366","154.5","10"
"19.752555761658716","156","10"
"26.809620997455355","157.5","10"
"23.543943772596506","159","10"
"26.230725130392145","160.5","10"
"20.926539107827296","162","10"
"17.575032226150554","163.5","10"
"24.45113576838103","165","10"
"27.554935204408217","166.5","10"
"30.97366349835208","168","10"
"16.293359762851928","169.5","10"
"16.070191504117442","171","10"
"28.435718477097616","172.5","10"
"22.178659657659118","174","10"
"17.01823103597388","175.5","10"
"22.064131836422167","177","10"
"18.828780126208073","178.5","10"
"15.798284628826922","180","10"
"20.844920698863262","181.5","10"
"25.143385116154302","183","10"
"16.250398762300605","184.5","10"
"19.340822215798184","186","10"
"24.663632164018754","187.5","10"
"21.73142757486252","189","10"
"16.982840524427527","190.5","10"
"21.08064603797952","192","10"
"24.51010195006","193.5","10"
"17.92656949476537","195","10"
"11.42138245336093","196.5","10"
"24.86722691907503","198","10"
"27.234728783500497","199.5","10"
"23.223902874463352","201","10"
"18.56431132170287","202.5","10"
"20.883870821235195","204","10"
"19.43134749237865","205.5","10"
"22.28942401370603","207","10"
"26.44946086345836","208.5","10"
"18.98578457608763","210","10"
"18.33279723044047","211.5","10"
"22.498195275743612","213","10"
"32.47433827350122","214.5","10"
"22.604579376472113","216","10"
"7.5572541523831145","217.5","10"
"23.858227962864895","219","10"
"28.905768309953842","220.5","10"
"25.202021994629145","222","10"
"17.333907359893583","223.5","10"
"24.04719050464989","225","10"
"21.513125685700157","226.5","10"
"19.66917235721435","228","10"
"24.195429216857644","229.5","10"
"21.49337272048742","231","10"
"17.987650883268746","232.5","10"
"23.57727483235831","234","10"
"30.08084410643453","235.5","10"
"20.940782778164603","237","10"
"12.483608306835226","238.5","10"
"22.713901070862843","240","10"
"34.590499902961746","241.5","10"
"25.341622160349758","243","10"
"20.484560195191793","244.5","10"
"20.417962542433013","246","10"
"31.11146207934746","247.5","10"
"27.386053188695087","249","10"
"19.879124929158806","250.5","10"
"18.31142562672702","252","10"
"26.81536376656016","253.5","10"
"25.21804111451676","255","10"
"28.137970883180472","256.5","10"
"22.85420862865158","258","10"
"23.27816123996478","259.5","10"
"22.93186842978609","261","10"
"20.47493548143726","262.5","10"
"24.967223583050433","264","10"
"19.989464153026844","265.5","10"
"20.502347795249726","267","10"
"23.75602897481532","268.5","10"
"32.796292266439316","270","10"
"21.17171318385355","271.5","10"
"16.492161326825887","273","10"
"17.29683722777167","274.5","10"
"29.14577459072377","276","10"
"23.149576179305022","277.5","10"
"21.83077434415464","279","10"
"23.782827983189406","280.5","10"
"23.8151432558189","282","10"
"22.112523726324117","283.5","10"
"25.77093248252378","285","10"
"18.42534188487059","286.5","10"
"22.54275226431071","288","10"
"28.78057559500011","289.5","10"
"27.010509890733793","291","10"
"23.907126875160504","292.5","10"
"16.30397064387385","294","10"
"17.12359238019009","295.5","10"
"28.20980079796041","297","10"
"26.61990750497735","298.5","10"
"24.357834936222908","300","10"
"9.211098476076957","1.5","11"
"7.827234865281231","3","11"
"41.06357291258366","4.5","11"
"24.132500942659153","6","11"
"12.461153835707142","7.5","11"
"24.295218541778596","9","11"
"35.12373413473078","10.5","11"
"23.059984799642088","12","11"
"10.23565395957843","13.5","11"
"20.16680873838258","15","11"
"26.758284544511195","16.5","11"
"22.11592129906513","18","11"
"23.22689273847544","19.5","11"
"23.387976017989207","21","11"
"20.650365229643064","22.5","11"
"33.842232421241704","24","11"
"17.968781286968674","25.5","11"
"8.37339642574356","27","11"
"24.075505353169966","28.5","11"
"33.2688894076788","30","11"
"22.071115155163685","31.5","11"
"8.088441999955064","33","11"
"23.61504887185836","34.5","11"
"28.298972272479453","36","11"
"14.860969230417107","37.5","11"
"18.79896686099196","39","11"
"33.23425158917045","40.5","11"
"18.02951072178298","42","11"
"12.697028145320507","43.5","11"
"31.29796268765397","45","11"
"29.285191810219867","46.5","11"
"11.215453827183328","48","11"
"15.191643660057125","49.5","11"
"34.52391793130793","51","11"
"23.243648870296102","52.5","11"
"19.387194727850478","54","11"
"22.613528060368434","55.5","11"
"19.258343088406427","57","11"
"24.69902964494509","58.5","11"
"26.417129909723908","60","11"
"27.057337154829884","61.5","11"
"13.033474963930251","63","11"
"13.782871485207309","64.5","11"
"33.588038225174316","66","11"
"35.76182268832237","67.5","11"
"15.150191530271808","69","11"
"3.427683947220171","70.5","11"
"22.899398088452006","72","11"
"27.535952355683445","73.5","11"
"27.273980331556636","75","11"
"19.866348313307615","76.5","11"
"8.439890408975113","78","11"
"21.89520626208415","79.5","11"
"32.19748662311378","81","11"
"23.00502601145251","82.5","11"
"6.849241809436552","84","11"
"15.727256192744866","85.5","11"
"36.04675881948841","87","11"
"22.94562424352469","88.5","11"
"11.464536854206742","90","11"
"17.9080779873293","91.5","11"
"31.615940649312584","93","11"
"21.426517200669327","94.5","11"
"22.79968542671085","96","11"
"19.74117824883882","97.5","11"
"20.72253838638709","99","11"
"23.841886509153134","100.5","11"
"25.173693207349103","102","11"
"30.32642066415472","103.5","11"
"18.180429160593643","105","11"
"20.498451911840036","106.5","11"
"24.787389186696284","108","11"
"14.569335525088784","109.5","11"
"29.443163261571865","111","11"
"27.89481270031388","112.5","11"
"21.212700107525098","114","11"
"14.305838077918512","115.5","11"
"19.02943206056714","117","11"
"30.110596389575804","118.5","11"
"26.217650573546738","120","11"
"17.719549289448157","121.5","11"
"20.976795306874315","123","11"
"23.237343323757788","124.5","11"
"26.035930959907578","126","11"
"23.818499012280018","127.5","11"
"19.143459828790416","129","11"
"15.77809607736534","130.5","11"
"20.75590952008379","132","11"
"25.757664525383888","133.5","11"
"16.03278161472143","135","11"
"20.952411188663834","136.5","11"
"29.613324158511613","138","11"
"28.399944649652276","139.5","11"
"16.316715897515124","141","11"
"14.127523006400343","142.5","11"
"27.31364655772168","144","11"
"18.888502485615046","145.5","11"
"13.357850816411935","147","11"
"24.57699057443301","148.5","11"
"27.094412513986782","150","11"
"21.56456667934404","151.5","11"
"17.113859641045842","153","11"
"27.69971536180012","154.5","11"
"26.61867392472061","156","11"
"23.05921294080913","157.5","11"
"15.91487364419342","159","11"
"22.772435150982957","160.5","11"
"21.92450379318163","162","11"
"22.243826845176685","163.5","11"
"27.93717781887678","165","11"
"22.974106357164324","166.5","11"
"16.062333528188233","168","11"
"19.72839640595264","169.5","11"
"23.249698292120094","171","11"
"17.70661412020238","172.5","11"
"19.871139762044937","174","11"
"25.99099239778649","175.5","11"
"24.886134846965","177","11"
"18.52764889830988","178.5","11"
"18.035366743312487","180","11"
"19.60146483069351","181.5","11"
"18.045021076931942","183","11"
"17.585772040702135","184.5","11"
"31.289125513837355","186","11"
"22.594501653018778","187.5","11"
"16.334806665602255","189","11"
"15.995809053919261","190.5","11"
"26.98712065151568","192","11"
"19.76085280852676","193.5","11"
"26.87757245227555","195","11"
"25.521864265432825","196.5","11"
"15.746153666564862","198","11"
"22.99419211027118","199.5","11"
"25.065599866180126","201","11"
"20.767679060527648","202.5","11"
"21.415421947738686","204","11"
"16.05122085180764","205.5","11"
"16.253515817497355","207","11"
"25.65044758374759","208.5","11"
"23.415597413201116","210","11"
"21.539919467039258","211.5","11"
"21.7237995884727","213","11"
"20.436004524860273","214.5","11"
"16.76974301976639","216","11"
"20.680157586719233","217.5","11"
"24.811304614103005","219","11"
"22.553075658408396","220.5","11"
"19.94192775451763","222","11"
"22.73225841773427","223.5","11"
"27.970092458184688","225","11"
"24.91158005327767","226.5","11"
"21.84939826981036","228","11"
"18.68798645416562","229.5","11"
"20.21463959319602","231","11"
"25.4750126085068","232.5","11"
"17.95173244118879","234","11"
"20.253910307047104","235.5","11"
"29.079243147074816","237","11"
"27.87512071717599","238.5","11"
"18.84345241341425","240","11"
"18.432150969112573","241.5","11"
"22.824710727879634","243","11"
"25.50628073179406","244.5","11"
"27.47453817928595","246","11"
"21.96251827629104","247.5","11"
"21.234669335571965","249","11"
"20.378308512682942","250.5","11"
"25.13192397077463","252","11"
"30.582437353087286","253.5","11"
"23.08389500001382","255","11"
"19.687738785485223","256.5","11"
"18.42305941292663","258","11"
"22.852136980452062","259.5","11"
"25.60088309566374","261","11"
"19.823824641350132","262.5","11"
"18.39536309687992","264","11"
"21.905249138637576","265.5","11"
"29.00630684322281","267","11"
"28.143616080965536","268.5","11"
"21.12167303558596","270","11"
"17.93557567604654","271.5","11"
"24.248509757142187","273","11"
"24.707171623108547","274.5","11"
"24.108805050721855","276","11"
"23.932662683412936","277.5","11"
"24.973992593357522","279","11"
"20.046593903080677","280.5","11"
"22.507053357700173","282","11"
"24.03290850272268","283.5","11"
"14.566725492285691","285","11"
"15.340790134007475","286.5","11"
"34.49864695949479","288","11"
"35.80337413177242","289.5","11"
"16.43202603165501","291","11"
"9.286177864273293","292.5","11"
"20.783529172950708","294","11"
"28.552439910683766","295.5","11"
"25.745356600336454","297","11"
"21.535026962292203","298.5","11"
"22.480134127521403","300","11"
"6.318769630071459","1.5","12"
"25.88634889970838","3","12"
"34.47964146028509","4.5","12"
"6.788544172418411","6","12"
"9.02017144030966","7.5","12"
"35.89629339037655","9","12"
"17.603563125450062","10.5","12"
"1.2235408648724475","12","12"
"32.26982878732236","13.5","12"
"36.62105663810879","15","12"
"13.672488702714388","16.5","12"
"11.42463628263982","18","12"
"28.55759376718013","19.5","12"
"18.770925560636158","21","12"
"15.691872650578492","22.5","12"
"34.68283721833742","24","12"
"19.053525207163386","25.5","12"
"12.347938871424214","27","12"
"26.497889342605212","28.5","12"
"26.36572724766992","30","12"
"9.40207603984912","31.5","12"
"17.1997764151135","33","12"
"37.36165083246914","34.5","12"
"32.47197565368747","36","12"
"11.101246597425527","37.5","12"
"14.764377108562694","39","12"
"19.657554400785095","40.5","12"
"15.370443103484012","42","12"
"27.35266985858342","43.5","12"
"32.74423448266706","45","12"
"9.117089380678209","46.5","12"
"19.575951672926017","48","12"
"43.12928320035768","49.5","12"
"23.284958127791796","51","12"
"-0.2151536214884658","52.5","12"
"17.578748648025723","54","12"
"32.74639847515134","55.5","12"
"27.65415652486067","57","12"
"21.316017681061712","58.5","12"
"20.574590645793567","60","12"
"17.88237491395731","61.5","12"
"26.15315070416241","63","12"
"28.506813122289497","64.5","12"
"14.685645765256021","66","12"
"13.912495854656816","67.5","12"
"29.2994651004221","69","12"
"23.070543410314148","70.5","12"
"12.414553947632948","72","12"
"20.88883476212706","73.5","12"
"34.782136944314665","75","12"
"19.70740811813818","76.5","12"
"21.592456395685243","78","12"
"18.319783655669905","79.5","12"
"18.251867047749617","81","12"
"23.97362347190955","82.5","12"
"32.899627263425884","84","12"
"22.897089481333115","85.5","12"
"14.882391362135422","87","12"
"28.01427484257778","88.5","12"
"31.833615294276605","90","12"
"11.533947522960577","91.5","12"
"15.223953705651631","93","12"
"30.918082692999153","94.5","12"
"22.588898271513607","96","12"
"16.831273933278577","97.5","12"
"21.641181073481313","99","12"
"20.056056578750635","100.5","12"
"18.440695428969967","102","12"
"25.788791518726523","103.5","12"
"27.026893160725443","105","12"
"14.501724698715186","106.5","12"
"9.373116523680748","108","12"
"24.269407443016892","109.5","12"
"29.198501434974254","111","12"
"27.48757614688645","112.5","12"
"18.487827603440252","114","12"
"23.647641177342116","115.5","12"
"17.712172200737676","117","12"
"19.449183878096452","118.5","12"
"21.88245926609788","120","12"
"20.074178709047683","121.5","12"
"23.24796117415969","123","12"
"25.833914769417124","124.5","12"
"21.673383093686105","126","12"
"27.6928818847282","127.5","12"
"23.245551511031067","129","12"
"23.586143368384842","130.5","12"
"13.715523752928014","132","12"
"17.724176957755912","133.5","12"
"29.627698504723575","135","12"
"21.779296761265854","136.5","12"
"17.281297252757792","138","12"
"24.2958579823919","139.5","12"
"19.329632876237792","141","12"
"17.875454319635622","142.5","12"
"18.810269452977053","144","12"
"26.967815468966766","145.5","12"
"31.9453693022809","147","12"
"13.263127359565079","148.5","12"
"20.122389395070115","150","12"
"25.960872479851187","151.5","12"
"28.089139922339683","153","12"
"19.24276826649264","154.5","12"
"18.82938646226647","156","12"
"25.058414435419138","157.5","12"
"26.180259849945678","159","12"
"21.587157924554262","160.5","12"
"22.269317352459232","162","12"
"19.862473338037866","163.5","12"
"16.60287689721293","165","12"
"30.826072938482614","166.5","12"
"25.540685076073025","168","12"
"19.54393434129074","169.5","12"
"22.651089533779043","171","12"
"22.28044745228978","172.5","12"
"22.183708973455758","174","12"
"26.41625525253622","175.5","12"
"23.96766116733533","177","12"
"23.53231361975228","178.5","12"
"23.848277430596223","180","12"
"21.632072093845416","181.5","12"
"22.931283001867637","183","12"
"23.634678130576418","184.5","12"
"24.326664384255388","186","12"
"23.04456330408789","187.5","12"
"21.22415428352479","189","12"
"21.07432306799125","190.5","12"
"27.470980310805363","192","12"
"18.796330693013935","193.5","12"
"17.62808314657018","195","12"
"25.129124022367037","196.5","12"
"20.66098656473496","198","12"
"24.999788011014267","199.5","12"
"18.520505283828783","201","12"
"24.82973339711924","202.5","12"
"17.859482243062885","204","12"
"22.821408984113372","205.5","12"
"21.37741617635425","207","12"
"25.308210952718163","208.5","12"
"20.452208333317397","210","12"
"22.107181696568254","211.5","12"
"23.588143580439553","213","12"
"28.387882395249193","214.5","12"
"21.22353052401644","216","12"
"26.098786055616262","217.5","12"
"18.128282517226626","219","12"
"18.228584091576224","220.5","12"
"20.096536480028526","222","12"
"26.638306668128664","223.5","12"
"22.624077959315517","225","12"
"15.719171711966258","226.5","12"
"23.70442942777685","228","12"
"25.08377949386202","229.5","12"
"29.15502992733928","231","12"
"19.871709508858427","232.5","12"
"16.009827961752165","234","12"
"29.900006119363038","235.5","12"
"33.67626360636086","237","12"
"17.62046735659533","238.5","12"
"17.13563546879822","240","12"
"23.037090386402667","241.5","12"
"22.747019564535208","243","12"
"24.181882484518486","244.5","12"
"19.99871426260737","246","12"
"27.00471659362412","247.5","12"
"22.61207842933227","249","12"
"15.544663664263016","250.5","12"
"21.74312742150656","252","12"
"27.141795586136404","253.5","12"
"19.97136293086974","255","12"
"22.046225756904544","256.5","12"
"25.623460402114","258","12"
"23.4357476330728","259.5","12"
"20.00452498316699","261","12"
"15.395576430042508","262.5","12"
"21.17667189771043","264","12"
"19.269896578070856","265.5","12"
"22.734432864288515","267","12"
"21.193487269260935","268.5","12"
"24.668143095211818","270","12"
"19.912600603555227","271.5","12"
"21.13875847061075","273","12"
"28.134991473238355","274.5","12"
"27.125529053259445","276","12"
"11.424088315138771","277.5","12"
"14.199815513776553","279","12"
"28.310034420855185","280.5","12"
"37.59307257944678","282","12"
"16.489143585293874","283.5","12"
"9.736063538497872","285","12"
"27.073439907277276","286.5","12"
"31.370562718921867","288","12"
"19.539299703603003","289.5","12"
"11.439067255064137","291","12"
"21.25088011340907","292.5","12"
"26.29535044861614","294","12"
"19.29799014877652","295.5","12"
"18.61288964251933","297","12"
"18.646353120500784","298.5","12"
"17.66846373418333","300","12"
"32.26060481291677","1.5","13"
"23.5489355910083","3","13"
"20.699434891748226","4.5","13"
"26.362934268642313","6","13"
"11.513193580547993","7.5","13"
"17.882892390420942","9","13"
"33.82694857094214","10.5","13"
"26.344805168965284","12","13"
"2.3407601356431025","13.5","13"
"18.46034211113798","15","13"
"39.69350780297892","16.5","13"
"22.908189961298742","18","13"
"3.7595366376633215","19.5","13"
"28.982980328424535","21","13"
"40.90332944335767","22.5","13"
"16.762871211104574","24","13"
"21.099100956170687","25.5","13"
"21.48009779396755","27","13"
"24.705342160863385","28.5","13"
"20.891686980884515","30","13"
"25.57258044355863","31.5","13"
"22.122136243663682","33","13"
"19.874728992735438","34.5","13"
"22.936111039849862","36","13"
"19.46385964999262","37.5","13"
"18.04631389691852","39","13"
"20.70598610893089","40.5","13"
"33.30852078694393","42","13"
"15.305413561221084","43.5","13"
"20.272039406724133","45","13"
"27.716424450305908","46.5","13"
"18.997360716237","48","13"
"18.926199861935295","49.5","13"
"26.553175691653923","51","13"
"27.201747935082768","52.5","13"
"20.446725173616908","54","13"
"21.52980863903101","55.5","13"
"22.063795563838056","57","13"
"18.15452397520219","58.5","13"
"21.733439983332193","60","13"
"20.923955210199132","61.5","13"
"20.75821464251269","63","13"
"22.502127748398205","64.5","13"
"28.368596378495226","66","13"
"22.189774076384708","67.5","13"
"23.87140706041002","69","13"
"28.306155960895445","70.5","13"
"23.54254466956521","72","13"
"19.624263414958182","73.5","13"
"26.872660781733547","75","13"
"20.880957620402906","76.5","13"
"18.526596521932667","78","13"
"20.95848674566276","79.5","13"
"31.136778352130474","81","13"
"26.302398234122492","82.5","13"
"19.568111120446765","84","13"
"21.88104273961663","85.5","13"
"20.55072400404672","87","13"
"16.731427110972778","88.5","13"
"28.258508052306524","90","13"
"25.80321813528835","91.5","13"
"17.46393333986453","93","13"
"14.416221731583931","94.5","13"
"27.57307475815522","96","13"
"23.476863490274003","97.5","13"
"14.968752434176906","99","13"
"21.79754434040257","100.5","13"
"18.72349544517166","102","13"
"28.48092013331301","103.5","13"
"26.832935315838665","105","13"
"28.128412378535764","106.5","13"
"10.630955449787441","108","13"
"17.401959870723513","109.5","13"
"27.97594151033421","111","13"
"35.0220648195598","112.5","13"
"18.908940192410967","114","13"
"15.941460086478072","115.5","13"
"23.53212021945779","117","13"
"29.46875830955414","118.5","13"
"24.690274361343256","120","13"
"24.1041773824141","121.5","13"
"24.73217775848238","123","13"
"20.77814184222496","124.5","13"
"18.610234308746357","126","13"
"22.183675868900846","127.5","13"
"27.083144768901597","129","13"
"20.28523070068423","130.5","13"
"21.452718584709995","132","13"
"25.42389394868706","133.5","13"
"26.223719161165683","135","13"
"25.677035768377234","136.5","13"
"27.727713103531038","138","13"
"17.35559084336121","139.5","13"
"15.276009747078888","141","13"
"23.154231725132703","142.5","13"
"29.47385641101065","144","13"
"24.59903123862469","145.5","13"
"19.95591355779562","147","13"
"24.869152210294935","148.5","13"
"25.8947313214812","150","13"
"24.433665275112258","151.5","13"
"26.52154167591763","153","13"
"19.333974799966303","154.5","13"
"21.393264546432313","156","13"
"28.792153477494473","157.5","13"
"26.889047536415188","159","13"
"21.205169692455023","160.5","13"
"18.92460387391952","162","13"
"24.39960243045239","163.5","13"
"26.508824299796277","165","13"
"22.997495596382436","166.5","13"
"25.7178641386542","168","13"
"27.147101026647366","169.5","13"
"24.002163082934032","171","13"
"19.633616322893435","172.5","13"
"21.924702420511103","174","13"
"25.389498316133075","175.5","13"
"28.065642657731857","177","13"
"22.82384304007193","178.5","13"
"20.869468597503307","180","13"
"19.11082396468177","181.5","13"
"19.41393623883972","183","13"
"30.35324232301375","184.5","13"
"27.03066533764046","186","13"
"19.67799384992601","187.5","13"
"15.875646488967218","189","13"
"20.039439834529606","190.5","13"
"28.387119248141214","192","13"
"26.119053012602635","193.5","13"
"18.36797517589739","195","13"
"17.512940277549852","196.5","13"
"16.18257798335506","198","13"
"25.659979953217366","199.5","13"
"30.627679083237577","201","13"
"21.351118963338834","202.5","13"
"16.44141727118016","204","13"
"19.90599363133271","205.5","13"
"23.065832109446614","207","13"
"27.800238213964132","208.5","13"
"26.780586560452182","210","13"
"15.174777760501753","211.5","13"
"20.85679129531685","213","13"
"26.02422240153856","214.5","13"
"28.751718877186462","216","13"
"33.5225504461776","217.5","13"
"20.609859193190246","219","13"
"7.383486601302912","220.5","13"
"-1.3155237219381186","222","13"
"5.633642117466842","223.5","13"
"27.149531597915935","225","13"
"22.027338737154523","226.5","13"
"16.586234017816967","228","13"
"21.223387651726817","229.5","13"
"22.85483587284992","231","13"
"18.964683035848466","232.5","13"
"13.072093169580565","234","13"
"21.50733064624549","235.5","13"
"31.770842088782707","237","13"
"32.55197716649578","238.5","13"
"23.391357909625256","240","13"
"10.284260157914815","241.5","13"
"3.8203200851724852","243","13"
"22.30320596261956","244.5","13"
"39.66530969157354","246","13"
"28.291129977655206","247.5","13"
"9.850803054651765","249","13"
"12.918044607985685","250.5","13"
"14.089382203278765","252","13"
"29.922144354874458","253.5","13"
"26.555513918637736","255","13"
"14.769264386274761","256.5","13"
"4.242140066211328","258","13"
"21.05786139247481","259.5","13"
"43.250086948268034","261","13"
"23.376204735200353","262.5","13"
"5.325244004179129","264","13"
"17.1479643019856","265.5","13"
"29.957959998599687","267","13"
"18.088745224591243","268.5","13"
"9.306898702130963","270","13"
"13.809649585441452","271.5","13"
"18.705606789103996","273","13"
"23.686065111525444","274.5","13"
"20.35440876638118","276","13"
"13.023304025019664","277.5","13"
"8.297708087971335","279","13"
"26.26849220051221","280.5","13"
"31.46953836872997","282","13"
"12.185236082237235","283.5","13"
"16.938895098953807","285","13"
"26.51635994190134","286.5","13"
"19.52612583309286","288","13"
"13.146790113050413","289.5","13"
"30.42531268140305","291","13"
"18.068499175744815","292.5","13"
"8.938884948067248","294","13"
"33.0200267872973","295.5","13"
"25.73671456915932","297","13"
"13.850000553189682","298.5","13"
"22.34428697292086","300","13"
"23.094545954970638","1.5","14"
"28.18743431525459","3","14"
"14.283670222542169","4.5","14"
"14.701846089023155","6","14"
"29.883283092097287","7.5","14"
"21.270673152556697","9","14"
"15.830594674421427","10.5","14"
"28.366798278459985","12","14"
"26.913353249100876","13.5","14"
"9.999475610763369","15","14"
"20.828298727607244","16.5","14"
"35.03481878492605","18","14"
"16.020588684443695","19.5","14"
"5.076387046418867","21","14"
"27.910408430367614","22.5","14"
"26.106072542386983","24","14"
"1.003998861659617","25.5","14"
"25.386334217621446","27","14"
"34.52796017169723","28.5","14"
"11.622169419457139","30","14"
"13.511711204747312","31.5","14"
"29.13670568502277","33","14"
"18.961419623672104","34.5","14"
"-0.35673177075302237","36","14"
"27.334263726052125","37.5","14"
"38.62237682423319","39","14"
"14.037910718597463","40.5","14"
"8.123540668714691","42","14"
"24.83123704085026","43.5","14"
"26.31139396133369","45","14"
"13.901933759294764","46.5","14"
"25.95817358745333","48","14"
"22.36067024291251","49.5","14"
"10.631868438565025","51","14"
"28.41398272328013","52.5","14"
"31.726154424340955","54","14"
"10.68386175557245","55.5","14"
"16.085398691237202","57","14"
"38.56288619671061","58.5","14"
"25.07605045146247","60","14"
"10.448573745050034","61.5","14"
"18.235644073497543","63","14"
"31.85830780755127","64.5","14"
"19.090213765731306","66","14"
"26.021805769029957","67.5","14"
"28.346588818858457","69","14"
"14.193139718926718","70.5","14"
"16.18309545981869","72","14"
"29.52532179748447","73.5","14"
"19.565405258668925","75","14"
"14.178935251351804","76.5","14"
"22.910819159896786","78","14"
"25.662762478175","79.5","14"
"21.390900184273573","81","14"
"24.25044027539708","82.5","14"
"18.979884995933244","84","14"
"18.12833827226648","85.5","14"
"23.892168843375085","87","14"
"29.103616811215325","88.5","14"
"21.671090167672173","90","14"
"13.390980635326772","91.5","14"
"22.658945767363257","93","14"
"17.341537088628396","94.5","14"
"15.276356473732971","96","14"
"25.85143230600077","97.5","14"
"27.287854624754925","99","14"
"14.323207515177552","100.5","14"
"17.27269355317056","102","14"
"26.34680538101999","103.5","14"
"21.752112694647785","105","14"
"11.689618207746165","106.5","14"
"19.946757534844846","108","14"
"28.18699698666075","109.5","14"
"20.065980975844376","111","14"
"21.29966751562498","112.5","14"
"28.011422623820327","114","14"
"16.750324584792775","115.5","14"
"11.222878830381182","117","14"
"28.520354627593665","118.5","14"
"25.90266421824521","120","14"
"9.993136959670142","121.5","14"
"19.29878291574942","123","14"
"30.543931528689175","124.5","14"
"21.032897073380866","126","14"
"14.344589572960974","127.5","14"
"24.34711254512128","129","14"
"18.41447313678935","130.5","14"
"16.33330476421623","132","14"
"27.482099956565943","133.5","14"
"31.360944974547316","135","14"
"16.477816600478846","136.5","14"
"13.04516435650432","138","14"
"23.413100632822722","139.5","14"
"19.591754742034205","141","14"
"21.614460470632018","142.5","14"
"30.88986367345382","144","14"
"22.359511583490576","145.5","14"
"8.133912848472246","147","14"
"24.560190883987463","148.5","14"
"32.92250773790534","150","14"
"12.021543641092872","151.5","14"
"4.614691322229288","153","14"
"25.37789081377379","154.5","14"
"30.936589881540183","156","14"
"9.718254159127497","157.5","14"
"9.030855499821389","159","14"
"27.298439370601915","160.5","14"
"23.10165994958681","162","14"
"16.213077732499357","163.5","14"
"21.54312015479579","165","14"
"22.595473881526207","166.5","14"
"18.922561845584923","168","14"
"27.393524364035315","169.5","14"
"26.166300181842615","171","14"
"5.0653405791480965","172.5","14"
"15.51450367239282","174","14"
"35.045997670416476","175.5","14"
"19.89925075620055","177","14"
"6.211063960663953","178.5","14"
"26.294542000538282","180","14"
"33.49222667387784","181.5","14"
"15.271479650090875","183","14"
"13.184398629775899","184.5","14"
"29.465116808513777","186","14"
"15.577311724786627","187.5","14"
"17.758734628394468","189","14"
"27.722902488998766","190.5","14"
"20.670261067145418","192","14"
"11.066141830458417","193.5","14"
"21.182735258294386","195","14"
"37.16244852914624","196.5","14"
"15.133834395455091","198","14"
"8.008496242186604","199.5","14"
"23.36456238594116","201","14"
"23.81731247533816","202.5","14"
"18.07495630629773","204","14"
"30.026636268937967","205.5","14"
"23.669636540563918","207","14"
"14.174472234646112","208.5","14"
"18.149253381591137","210","14"
"27.889158790803844","211.5","14"
"17.39687396568197","213","14"
"12.828428835492813","214.5","14"
"23.281375866481273","216","14"
"22.229560524354433","217.5","14"
"14.085783389690787","219","14"
"24.892821967057305","220.5","14"
"29.107289674465605","222","14"
"6.9686042024494625","223.5","14"
"13.022781321521046","225","14"
"30.02973764302976","226.5","14"
"20.19109354292832","228","14"
"7.181331458799075","229.5","14"
"25.4733120797913","231","14"
"21.040863074699786","232.5","14"
"10.221522670493322","234","14"
"25.90979215162135","235.5","14"
"27.012220873519265","237","14"
"18.273567954667193","238.5","14"
"18.548445528174852","240","14"
"25.230061552639953","241.5","14"
"12.665813163555603","243","14"
"16.531134099682763","244.5","14"
"30.205707518184134","246","14"
"27.37276083872526","247.5","14"
"7.742412283870676","249","14"
"17.81380492666375","250.5","14"
"34.55787623526807","252","14"
"27.780556684896208","253.5","14"
"15.958538552122882","255","14"
"16.941529524586837","256.5","14"
"16.82807324552205","258","14"
"23.802068698973493","259.5","14"
"28.00328064565687","261","14"
"23.90553785652471","262.5","14"
"8.08949786102227","264","14"
"21.284777435294377","265.5","14"
"34.30395732970995","267","14"
"14.340848758255872","268.5","14"
"7.423740868903898","270","14"
"26.32655236279358","271.5","14"
"26.036957201109864","273","14"
"14.29450151020601","274.5","14"
"19.60412887619146","276","14"
"26.778492261767724","277.5","14"
"14.594870462168718","279","14"
"14.748788347888942","280.5","14"
"28.02855161747","282","14"
"24.075494899099994","283.5","14"
"6.580674573915944","285","14"
"22.863294957802538","286.5","14"
"31.299739879549268","288","14"
"19.569470149543168","289.5","14"
"10.019741696577245","291","14"
"21.431291225956695","292.5","14"
"17.888494029581118","294","14"
"15.647014236327191","295.5","14"
"32.407564643897906","297","14"
"26.11826024562973","298.5","14"
"7.1964541421865595","300","14"
"28.258346014221953","1.5","15"
"39.34570089499924","3","15"
"16.682129201673224","4.5","15"
"17.642344240357446","6","15"
"24.759933314258934","7.5","15"
"16.62787257851679","9","15"
"21.085238859387367","10.5","15"
"26.01452102460423","12","15"
"17.616452993725954","13.5","15"
"11.420792669579992","15","15"
"34.06424202055425","16.5","15"
"24.648562622153626","18","15"
"15.347309988980223","19.5","15"
"17.87269618750792","21","15"
"31.077486351937363","22.5","15"
"24.30305735191285","24","15"
"17.57475345095129","25.5","15"
"21.170301884407287","27","15"
"17.48723894652286","28.5","15"
"19.95421302908012","30","15"
"35.38843815581036","31.5","15"
"23.297048259714803","33","15"
"14.365787813347382","34.5","15"
"22.86494495851317","36","15"
"27.34819028960027","37.5","15"
"21.550234149411963","39","15"
"16.08424003181527","40.5","15"
"23.798099637073996","42","15"
"24.250903739165853","43.5","15"
"25.766611466935213","45","15"
"26.366908557576796","46.5","15"
"11.11587097014433","48","15"
"16.921353169540225","49.5","15"
"32.31686861750789","51","15"
"26.116929094053255","52.5","15"
"8.459922149387108","54","15"
"15.965704817088918","55.5","15"
"27.88582568482766","57","15"
"22.863317608287478","58.5","15"
"21.708912992832094","60","15"
"22.799929355010207","61.5","15"
"17.72126724161361","63","15"
"16.373173102400738","64.5","15"
"36.45491358872841","66","15"
"26.943910495630018","67.5","15"
"8.943682495012053","69","15"
"19.363981465476904","70.5","15"
"32.58748615750182","72","15"
"14.516430090476275","73.5","15"
"19.68455900586864","75","15"
"22.748922205270173","76.5","15"
"16.648115142673227","78","15"
"22.12489611813638","79.5","15"
"29.196698107904027","81","15"
"18.900942828882126","82.5","15"
"12.187188379804569","84","15"
"23.40847993389495","85.5","15"
"26.80566587431582","87","15"
"25.93611027277671","88.5","15"
"20.120140027681067","90","15"
"16.982021622279692","91.5","15"
"15.783260387931676","93","15"
"25.23952074361992","94.5","15"
"33.565488796243976","96","15"
"14.409610403498926","97.5","15"
"17.261009387631475","99","15"
"27.90968187250454","100.5","15"
"24.346483558577944","102","15"
"18.338808320674563","103.5","15"
"25.969730561807747","105","15"
"26.66526074520734","106.5","15"
"20.88981047532448","108","15"
"18.14218817263483","109.5","15"
"22.19181087768432","111","15"
"13.752461466830276","112.5","15"
"21.356474931854663","114","15"
"29.760806692991366","115.5","15"
"21.878133023474327","117","15"
"14.168389708267208","118.5","15"
"18.742453901066497","120","15"
"26.357736853521065","121.5","15"
"9.172389668486883","123","15"
"20.314639741861413","124.5","15"
"30.451364223774114","126","15"
"24.975102467119587","127.5","15"
"15.049039691564461","129","15"
"12.708158245151056","130.5","15"
"18.40915898455341","132","15"
"31.47064301545705","133.5","15"
"27.736515430447746","135","15"
"20.523435396728928","136.5","15"
"19.677800449631523","138","15"
"22.901412239266676","139.5","15"
"33.260289192781556","141","15"
"19.965034733846483","142.5","15"
"17.072698482874756","144","15"
"26.02064710960802","145.5","15"
"31.584229970396493","147","15"
"23.979773949743276","148.5","15"
"17.308566694280636","150","15"
"18.537334594139253","151.5","15"
"23.352949656546887","153","15"
"21.284026484601366","154.5","15"
"19.752555761658716","156","15"
"26.809620997455355","157.5","15"
"23.543943772596506","159","15"
"26.230725130392145","160.5","15"
"20.926539107827296","162","15"
"17.575032226150554","163.5","15"
"24.45113576838103","165","15"
"27.554935204408217","166.5","15"
"30.97366349835208","168","15"
"16.293359762851928","169.5","15"
"16.070191504117442","171","15"
"28.435718477097616","172.5","15"
"22.178659657659118","174","15"
"17.01823103597388","175.5","15"
"22.064131836422167","177","15"
"18.828780126208073","178.5","15"
"15.798284628826922","180","15"
"20.844920698863262","181.5","15"
"25.143385116154302","183","15"
"16.250398762300605","184.5","15"
"19.340822215798184","186","15"
"24.663632164018754","187.5","15"
"21.73142757486252","189","15"
"16.982840524427527","190.5","15"
"21.08064603797952","192","15"
"24.51010195006","193.5","15"
"17.92656949476537","195","15"
"11.42138245336093","196.5","15"
"24.86722691907503","198","15"
"27.234728783500497","199.5","15"
"23.223902874463352","201","15"
"18.56431132170287","202.5","15"
"20.883870821235195","204","15"
"19.43134749237865","205.5","15"
"22.28942401370603","207","15"
"26.44946086345836","208.5","15"
"18.98578457608763","210","15"
"18.33279723044047","211.5","15"
"22.498195275743612","213","15"
"32.47433827350122","214.5","15"
"22.604579376472113","216","15"
"7.5572541523831145","217.5","15"
"23.858227962864895","219","15"
"28.905768309953842","220.5","15"
"25.202021994629145","222","15"
"17.333907359893583","223.5","15"
"24.04719050464989","225","15"
"21.513125685700157","226.5","15"
"19.66917235721435","228","15"
"24.195429216857644","229.5","15"
"21.49337272048742","231","15"
"17.987650883268746","232.5","15"
"23.57727483235831","234","15"
"30.08084410643453","235.5","15"
"20.940782778164603","237","15"
"12.483608306835226","238.5","15"
"22.713901070862843","240","15"
"34.590499902961746","241.5","15"
"25.341622160349758","243","15"
"20.484560195191793","244.5","15"
"20.417962542433013","246","15"
"31.11146207934746","247.5","15"
"27.386053188695087","249","15"
"19.879124929158806","250.5","15"
"18.31142562672702","252","15"
"26.81536376656016","253.5","15"
"25.21804111451676","255","15"
"28.137970883180472","256.5","15"
"22.85420862865158","258","15"
"23.27816123996478","259.5","15"
"22.93186842978609","261","15"
"20.47493548143726","262.5","15"
"24.967223583050433","264","15"
"19.989464153026844","265.5","15"
"20.502347795249726","267","15"
"23.75602897481532","268.5","15"
"32.796292266439316","270","15"
"21.17171318385355","271.5","15"
"16.492161326825887","273","15"
"17.29683722777167","274.5","15"
"29.14577459072377","276","15"
"23.149576179305022","277.5","15"
"21.83077434415464","279","15"
"23.782827983189406","280.5","15"
"23.8151432558189","282","15"
"22.112523726324117","283.5","15"
"25.77093248252378","285","15"
"18.42534188487059","286.5","15"
"22.54275226431071","288","15"
"28.78057559500011","289.5","15"
"27.010509890733793","291","15"
"23.907126875160504","292.5","15"
"16.30397064387385","294","15"
"17.12359238019009","295.5","15"
"28.20980079796041","297","15"
"26.61990750497735","298.5","15"
"24.357834936222908","300","15"
"23.094545954970638","1.5","16"
"28.18743431525459","3","16"
"14.283670222542169","4.5","16"
"14.701846089023155","6","16"
"29.883283092097287","7.5","16"
"21.270673152556697","9","16"
"15.830594674421427","10.5","16"
"28.366798278459985","12","16"
"26.913353249100876","13.5","16"
"9.999475610763369","15","16"
"20.828298727607244","16.5","16"
"35.03481878492605","18","16"
"16.020588684443695","19.5","16"
"5.076387046418867","21","16"
"27.910408430367614","22.5","16"
"26.106072542386983","24","16"
"1.003998861659617","25.5","16"
"25.386334217621446","27","16"
"34.52796017169723","28.5","16"
"11.622169419457139","30","16"
"13.511711204747312","31.5","16"
"29.13670568502277","33","16"
"18.961419623672104","34.5","16"
"-0.35673177075302237","36","16"
"27.334263726052125","37.5","16"
"38.62237682423319","39","16"
"14.037910718597463","40.5","16"
"8.123540668714691","42","16"
"24.83123704085026","43.5","16"
"26.31139396133369","45","16"
"13.901933759294764","46.5","16"
"25.95817358745333","48","16"
"22.36067024291251","49.5","16"
"10.631868438565025","51","16"
"28.41398272328013","52.5","16"
"31.726154424340955","54","16"
"10.68386175557245","55.5","16"
"16.085398691237202","57","16"
"38.56288619671061","58.5","16"
"25.07605045146247","60","16"
"10.448573745050034","61.5","16"
"18.235644073497543","63","16"
"31.85830780755127","64.5","16"
"19.090213765731306","66","16"
"26.021805769029957","67.5","16"
"28.346588818858457","69","16"
"14.193139718926718","70.5","16"
"16.18309545981869","72","16"
"29.52532179748447","73.5","16"
"19.565405258668925","75","16"
"14.178935251351804","76.5","16"
"22.910819159896786","78","16"
"25.662762478175","79.5","16"
"21.390900184273573","81","16"
"24.25044027539708","82.5","16"
"18.979884995933244","84","16"
"18.12833827226648","85.5","16"
"23.892168843375085","87","16"
"29.103616811215325","88.5","16"
"21.671090167672173","90","16"
"13.390980635326772","91.5","16"
"22.658945767363257","93","16"
"17.341537088628396","94.5","16"
"15.276356473732971","96","16"
"25.85143230600077","97.5","16"
"27.287854624754925","99","16"
"14.323207515177552","100.5","16"
"17.27269355317056","102","16"
"26.34680538101999","103.5","16"
"21.752112694647785","105","16"
"11.689618207746165","106.5","16"
"19.946757534844846","108","16"
"28.18699698666075","109.5","16"
"20.065980975844376","111","16"
"21.29966751562498","112.5","16"
"28.011422623820327","114","16"
"16.750324584792775","115.5","16"
"11.222878830381182","117","16"
"28.520354627593665","118.5","16"
"25.90266421824521","120","16"
"9.993136959670142","121.5","16"
"19.29878291574942","123","16"
"30.543931528689175","124.5","16"
"21.032897073380866","126","16"
"14.344589572960974","127.5","16"
"24.34711254512128","129","16"
"18.41447313678935","130.5","16"
"16.33330476421623","132","16"
"27.482099956565943","133.5","16"
"31.360944974547316","135","16"
"16.477816600478846","136.5","16"
"13.04516435650432","138","16"
"23.413100632822722","139.5","16"
"19.591754742034205","141","16"
"21.614460470632018","142.5","16"
"30.88986367345382","144","16"
"22.359511583490576","145.5","16"
"8.133912848472246","147","16"
"24.560190883987463","148.5","16"
"32.92250773790534","150","16"
"12.021543641092872","151.5","16"
"4.614691322229288","153","16"
"25.37789081377379","154.5","16"
"30.936589881540183","156","16"
"9.718254159127497","157.5","16"
"9.030855499821389","159","16"
"27.298439370601915","160.5","16"
"23.10165994958681","162","16"
"16.213077732499357","163.5","16"
"21.54312015479579","165","16"
"22.595473881526207","166.5","16"
"18.922561845584923","168","16"
"27.393524364035315","169.5","16"
"26.166300181842615","171","16"
"5.0653405791480965","172.5","16"
"15.51450367239282","174","16"
"35.045997670416476","175.5","16"
"19.89925075620055","177","16"
"6.211063960663953","178.5","16"
"26.294542000538282","180","16"
"33.49222667387784","181.5","16"
"15.271479650090875","183","16"
"13.184398629775899","184.5","16"
"29.465116808513777","186","16"
"15.577311724786627","187.5","16"
"17.758734628394468","189","16"
"27.722902488998766","190.5","16"
"20.670261067145418","192","16"
"11.066141830458417","193.5","16"
"21.182735258294386","195","16"
"37.16244852914624","196.5","16"
"15.133834395455091","198","16"
"8.008496242186604","199.5","16"
"23.36456238594116","201","16"
"23.81731247533816","202.5","16"
"18.07495630629773","204","16"
"30.026636268937967","205.5","16"
"23.669636540563918","207","16"
"14.174472234646112","208.5","16"
"18.149253381591137","210","16"
"27.889158790803844","211.5","16"
"17.39687396568197","213","16"
"12.828428835492813","214.5","16"
"23.281375866481273","216","16"
"22.229560524354433","217.5","16"
"14.085783389690787","219","16"
"24.892821967057305","220.5","16"
"29.107289674465605","222","16"
"6.9686042024494625","223.5","16"
"13.022781321521046","225","16"
"30.02973764302976","226.5","16"
"20.19109354292832","228","16"
"7.181331458799075","229.5","16"
"25.4733120797913","231","16"
"21.040863074699786","232.5","16"
"10.221522670493322","234","16"
"25.90979215162135","235.5","16"
"27.012220873519265","237","16"
"18.273567954667193","238.5","16"
"18.548445528174852","240","16"
"25.230061552639953","241.5","16"
"12.665813163555603","243","16"
"16.531134099682763","244.5","16"
"30.205707518184134","246","16"
"27.37276083872526","247.5","16"
"7.742412283870676","249","16"
"17.81380492666375","250.5","16"
"34.55787623526807","252","16"
"27.780556684896208","253.5","16"
"15.958538552122882","255","16"
"16.941529524586837","256.5","16"
"16.82807324552205","258","16"
"23.802068698973493","259.5","16"
"28.00328064565687","261","16"
"23.90553785652471","262.5","16"
"8.08949786102227","264","16"
"21.284777435294377","265.5","16"
"34.30395732970995","267","16"
"14.340848758255872","268.5","16"
"7.423740868903898","270","16"
"26.32655236279358","271.5","16"
"26.036957201109864","273","16"
"14.29450151020601","274.5","16"
"19.60412887619146","276","16"
"26.778492261767724","277.5","16"
"14.594870462168718","279","16"
"14.748788347888942","280.5","16"
"28.02855161747","282","16"
"24.075494899099994","283.5","16"
"6.580674573915944","285","16"
"22.863294957802538","286.5","16"
"31.299739879549268","288","16"
"19.569470149543168","289.5","16"
"10.019741696577245","291","16"
"21.431291225956695","292.5","16"
"17.888494029581118","294","16"
"15.647014236327191","295.5","16"
"32.407564643897906","297","16"
"26.11826024562973","298.5","16"
"7.1964541421865595","300","16"
"14.723799635965063","1.5","17"
"13.842829061188658","3","17"
"28.566413517546792","4.5","17"
"26.216303740865303","6","17"
"11.150818926061856","7.5","17"
"15.98471380098862","9","17"
"30.437230321171512","10.5","17"
"16.385097711549182","12","17"
"11.100842373386596","13.5","17"
"31.687997068941918","15","17"
"24.831825953458704","16.5","17"
"12.66511186969496","18","17"
"17.031434526348942","19.5","17"
"29.35420261079726","21","17"
"17.379971476881696","22.5","17"
"14.277841207360094","24","17"
"33.672775431680094","25.5","17"
"19.128024394476256","27","17"
"2.774766948752198","28.5","17"
"20.563915298006815","30","17"
"37.46410768757803","31.5","17"
"8.806988560743752","33","17"
"13.920769379867425","34.5","17"
"33.66131428630042","36","17"
"22.73294141697246","37.5","17"
"11.0950586591744","39","17"
"31.59615457954494","40.5","17"
"20.22372766469197","42","17"
"10.00799045075584","43.5","17"
"19.274156611584583","45","17"
"33.562084254122986","46.5","17"
"7.600715205948114","48","17"
"12.735434656053881","49.5","17"
"34.85091078597269","51","17"
"29.24205483282401","52.5","17"
"3.316565895139195","54","17"
"15.192075761615982","55.5","17"
"41.79454936256946","57","17"
"21.120246055034738","58.5","17"
"11.456420140045719","60","17"
"21.348540292745657","61.5","17"
"19.37037761395498","63","17"
"14.366098821929059","64.5","17"
"27.049911280459536","66","17"
"28.283458432640504","67.5","17"
"15.803548253057993","69","17"
"17.65525153208329","70.5","17"
"30.54497345099642","72","17"
"15.697362779658965","73.5","17"
"13.764811208157598","75","17"
"22.380275108800635","76.5","17"
"20.572578237323892","78","17"
"14.880182068681268","79.5","17"
"28.015546754424413","81","17"
"23.863296444456484","82.5","17"
"11.358705076841778","84","17"
"17.306204074466887","85.5","17"
"34.55549619200437","87","17"
"16.059340179486156","88.5","17"
"14.947955804311935","90","17"
"24.005466569045293","91.5","17"
"21.63543830437651","93","17"
"15.213856816403348","94.5","17"
"24.600414660551028","96","17"
"16.53257501899395","97.5","17"
"9.7386988353034","99","17"
"26.42723376835217","100.5","17"
"34.99897874837089","102","17"
"8.583787197454354","103.5","17"
"11.708718664758125","105","17"
"33.97596088432785","106.5","17"
"25.900664006190503","108","17"
"11.651915604390929","109.5","17"
"22.836213689539196","111","17"
"26.865494516767512","112.5","17"
"11.504696164005479","114","17"
"14.20873544898045","115.5","17"
"27.576548994076024","117","17"
"18.24977623375515","118.5","17"
"14.05831532083847","120","17"
"26.117439601136905","121.5","17"
"21.06622464845268","123","17"
"17.831372991252262","124.5","17"
"24.17588707538935","126","17"
"23.243391003236784","127.5","17"
"16.824959675015286","129","17"
"21.790263080666836","130.5","17"
"27.032393743875886","132","17"
"14.29335243368155","133.5","17"
"12.680518555316691","135","17"
"29.588237875267993","136.5","17"
"20.50453792290893","138","17"
"12.794241413165775","139.5","17"
"30.026796564677543","141","17"
"27.549894600336554","142.5","17"
"16.01628857699507","144","17"
"16.511172053070585","145.5","17"
"21.30400943935349","147","17"
"14.556293201625795","148.5","17"
"18.168497582065214","150","17"
"29.59970947471764","151.5","17"
"14.551118436989487","153","17"
"10.029813321823095","154.5","17"
"30.001912393453388","156","17"
"28.6594547403006","157.5","17"
"14.213918054169238","159","17"
"16.22595191967029","160.5","17"
"27.24404335984585","162","17"
"25.017396149537674","163.5","17"
"10.633746686470056","165","17"
"25.84649798497383","166.5","17"
"28.742306729521367","168","17"
"15.697845409222689","169.5","17"
"15.86714210304472","171","17"
"28.489795638719528","172.5","17"
"17.16158421281456","174","17"
"16.00057785217164","175.5","17"
"31.882292928757803","177","17"
"27.151092739031803","178.5","17"
"11.609313526908656","180","17"
"16.49848952384914","181.5","17"
"25.479990488158627","183","17"
"22.875182977706082","184.5","17"
"19.62389055312917","186","17"
"24.02635205850503","187.5","17"
"28.04932211216004","189","17"
"12.302833044183567","190.5","17"
"22.118017340094582","192","17"
"26.81492121093133","193.5","17"
"17.424913523692776","195","17"
"17.811728051429245","196.5","17"
"20.885433704696062","198","17"
"21.309320106899435","199.5","17"
"21.875636243095933","201","17"
"25.79175176287369","202.5","17"
"22.232809997770833","204","17"
"13.100811370967074","205.5","17"
"17.336677688436254","207","17"
"31.577985405933017","208.5","17"
"20.833914305527383","210","17"
"22.766404894953915","211.5","17"
"20.57002744425064","213","17"
"16.743447549095972","214.5","17"
"20.90807547791115","216","17"
"23.061399583778343","217.5","17"
"22.96523085175781","219","17"
"15.253840149357549","220.5","17"
"13.092547428653942","222","17"
"32.061963544682385","223.5","17"
"29.863197338990435","225","17"
"8.116005026609631","226.5","17"
"11.6354112414221","228","17"
"30.613900619014036","229.5","17"
"25.088396708099804","231","17"
"13.850053694712042","232.5","17"
"22.022176168933182","234","17"
"28.438255331410904","235.5","17"
"19.133500584796767","237","17"
"24.253742019163344","238.5","17"
"25.850073276904368","240","17"
"19.82071281318837","241.5","17"
"11.006352390769122","243","17"
"21.588616267315405","244.5","17"
"26.34440965665133","246","17"
"14.634413853011583","247.5","17"
"23.0245681529208","249","17"
"27.382507516629467","250.5","17"
"24.9810682563838","252","17"
"14.992890881743035","253.5","17"
"18.736427129727446","255","17"
"22.471826626583383","256.5","17"
"16.858806468895725","258","17"
"17.21968967606581","259.5","17"
"26.784987723910536","261","17"
"12.956445891684073","262.5","17"
"21.037908057587607","264","17"
"24.478112495944647","265.5","17"
"20.692752998690903","267","17"
"9.115454189900037","268.5","17"
"17.976982504861972","270","17"
"30.41683791534547","271.5","17"
"25.854791547151883","273","17"
"10.920687385553295","274.5","17"
"20.839568215037424","276","17"
"23.420064785769295","277.5","17"
"15.583660829949826","279","17"
"23.40270580258023","280.5","17"
"23.84797252022203","282","17"
"13.816219968419066","283.5","17"
"18.568796117721003","285","17"
"30.450743948955754","286.5","17"
"20.331787901306036","288","17"
"7.139457245938627","289.5","17"
"20.524212482596873","291","17"
"29.119576691373094","292.5","17"
"17.66105179857294","294","17"
"16.950610626702808","295.5","17"
"23.279973278759986","297","17"
"20.75619352231804","298.5","17"
"10.95659624473578","300","17"
"27.015728213994986","1.5","18"
"36.31806284341052","3","18"
"21.778997077926647","4.5","18"
"17.67430407460788","6","18"
"29.13977743924964","7.5","18"
"20.87873438818879","9","18"
"24.210436034302933","10.5","18"
"26.160111372418992","12","18"
"17.701901076989852","13.5","18"
"16.219500016152363","15","18"
"30.50647459597829","16.5","18"
"35.43468696136799","18","18"
"11.301350564283542","19.5","18"
"11.84408057627745","21","18"
"33.04846534231205","22.5","18"
"27.26356807786419","24","18"
"5.078395970198551","25.5","18"
"21.40980811216354","27","18"
"34.57016325217556","28.5","18"
"29.423830201503023","30","18"
"14.674801410004715","31.5","18"
"14.502794498542356","33","18"
"26.354293979810173","34.5","18"
"26.895536029178018","36","18"
"31.50431557483795","37.5","18"
"18.753564835102097","39","18"
"18.87045876084279","40.5","18"
"30.83015002577183","42","18"
"28.198980835539036","43.5","18"
"10.043652768121476","45","18"
"17.301511939394302","46.5","18"
"38.77121141842937","48","18"
"25.841020052308323","49.5","18"
"11.979641986298747","51","18"
"19.441439154591947","52.5","18"
"25.318475107086005","54","18"
"19.92120604548746","55.5","18"
"26.4972899759268","57","18"
"25.805530227097233","58.5","18"
"16.053919744205498","60","18"
"19.352053371638466","61.5","18"
"32.20894776849346","63","18"
"23.513998089160744","64.5","18"
"16.64863784617184","66","18"
"25.084141901621063","67.5","18"
"33.04336027147556","69","18"
"22.271474375563525","70.5","18"
"13.714942680872051","72","18"
"23.072047054045168","73.5","18"
"24.596391585956674","75","18"
"25.52648844905059","76.5","18"
"26.567079604717133","78","18"
"18.76431161903366","79.5","18"
"20.66446428534576","81","18"
"22.518099824970943","82.5","18"
"29.051909238787143","84","18"
"12.654459172393146","85.5","18"
"15.64367764566102","87","18"
"29.860573367427378","88.5","18"
"27.707165629000407","90","18"
"14.584581914970942","91.5","18"
"18.24917512473174","93","18"
"31.480316514871454","94.5","18"
"25.53742689093165","96","18"
"24.45423888481782","97.5","18"
"21.392400343314602","99","18"
"26.861607345082795","100.5","18"
"15.20901832435115","102","18"
"24.01288721638066","103.5","18"
"26.849647889034443","105","18"
"18.55731232185639","106.5","18"
"21.006129427216695","108","18"
"25.43377652950091","109.5","18"
"19.333229076308275","111","18"
"12.29467625608765","112.5","18"
"21.577020961371087","114","18"
"31.36470843973736","115.5","18"
"22.8077559687295","117","18"
"16.948193994194202","118.5","18"
"26.25638638748424","120","18"
"25.037356453804858","121.5","18"
"18.234258909226206","123","18"
"27.38169035682663","124.5","18"
"26.11988933820042","126","18"
"22.51688366816416","127.5","18"
"23.699503818474888","129","18"
"23.264576176035728","130.5","18"
"15.216165423522238","132","18"
"14.969362254925292","133.5","18"
"29.683857768614978","135","18"
"38.09450204566998","136.5","18"
"26.824646980695597","138","18"
"18.181931061979668","139.5","18"
"23.590948755882128","141","18"
"20.37284800346739","142.5","18"
"18.18919838295544","144","18"
"25.604660499613743","145.5","18"
"28.71700091080833","147","18"
"25.709819731810487","148.5","18"
"19.409805138855653","150","18"
"26.405257570925322","151.5","18"
"24.768005598622576","153","18"
"23.62184401734038","154.5","18"
"19.28086986685182","156","18"
"18.27174720414701","157.5","18"
"21.808247565709248","159","18"
"22.382392057970034","160.5","18"
"23.095631435902764","162","18"
"19.357911135512964","163.5","18"
"14.35906933104516","165","18"
"22.010335192344513","166.5","18"
"30.669693990456402","168","18"
"25.320166924076528","169.5","18"
"15.223159196333732","171","18"
"21.653126590769705","172.5","18"
"17.75556007581287","174","18"
"22.27474998415486","175.5","18"
"33.955638172301626","177","18"
"23.687098322107712","178.5","18"
"10.326241960578729","180","18"
"15.561996512277151","181.5","18"
"32.55639923809408","183","18"
"28.447195303582248","184.5","18"
"15.338335169908971","186","18"
"15.102529682922924","187.5","18"
"20.808057905795803","189","18"
"21.563922011695745","190.5","18"
"20.631586235282754","192","18"
"25.744640496543347","193.5","18"
"19.30799295139505","195","18"
"19.631103861410082","196.5","18"
"24.13473114425325","198","18"
"26.659598123972323","199.5","18"
"15.0175067318379","201","18"
"18.779996208682157","202.5","18"
"28.38571840276492","204","18"
"26.501950748789465","205.5","18"
"14.700980143560445","207","18"
"14.634206513957132","208.5","18"
"26.991131529695068","210","18"
"26.700984044647814","211.5","18"
"23.89905633314186","213","18"
"18.029637912967644","214.5","18"
"19.264676512464668","216","18"
"20.38877303672525","217.5","18"
"26.628140085080563","219","18"
"26.28053354677535","220.5","18"
"27.590585325358884","222","18"
"14.743406244198184","223.5","18"
"19.851128929772884","225","18"
"23.373758482826826","226.5","18"
"15.071055962926206","228","18"
"22.003801398611802","229.5","18"
"34.08230316877646","231","18"
"20.13952710044477","232.5","18"
"15.947141873508038","234","18"
"17.031603533813495","235.5","18"
"31.177158939743624","237","18"
"18.87062951065234","238.5","18"
"15.81276351573861","240","18"
"19.971502318469373","241.5","18"
"16.673819958390208","243","18"
"28.503880755662255","244.5","18"
"30.31563206394327","246","18"
"23.23593550900151","247.5","18"
"15.76064823458151","249","18"
"16.36084775390335","250.5","18"
"22.810885220341216","252","18"
"25.92612663595313","253.5","18"
"25.1283434518091","255","18"
"17.211774202751755","256.5","18"
"31.841170102176616","258","18"
"15.570199472515446","259.5","18"
"19.43705367223855","261","18"
"23.424295199418104","262.5","18"
"22.019888469954235","264","18"
"18.85969455346127","265.5","18"
"22.236718077595494","267","18"
"18.70748677935402","268.5","18"
"16.17472871915083","270","18"
"19.20505520906743","271.5","18"
"19.359669161613315","273","18"
"32.704854001081266","274.5","18"
"31.618808549174997","276","18"
"6.517077239239226","277.5","18"
"11.210081306390045","279","18"
"31.333579704049725","280.5","18"
"31.698175848404986","282","18"
"25.006321804746978","283.5","18"
"14.740477362260934","285","18"
"16.94782461705518","286.5","18"
"28.69021235650421","288","18"
"23.026554426215544","289.5","18"
"19.407419868556964","291","18"
"24.995756224694937","292.5","18"
"25.62441869186146","294","18"
"17.172243879496353","295.5","18"
"13.995578704589475","297","18"
"22.96699236254815","298.5","18"
"36.635998988789254","300","18"
"15.868734606370507","1.5","19"
"12.573082078210975","3","19"
"25.51759552019412","4.5","19"
"29.08244383483135","6","19"
"16.795304963193754","7.5","19"
"17.68819404891112","9","19"
"23.79701764083186","10.5","19"
"19.57480172522906","12","19"
"17.49870531893752","13.5","19"
"26.476521223581756","15","19"
"14.304970390110809","16.5","19"
"11.562965407686296","18","19"
"28.63494691559545","19.5","19"
"28.136467239449452","21","19"
"17.62909893370249","22.5","19"
"15.123894317256394","24","19"
"28.67159714257347","25.5","19"
"21.461123656967757","27","19"
"6.8019445477779525","28.5","19"
"20.015627205477614","30","19"
"23.50873098023968","31.5","19"
"16.009669408357585","33","19"
"21.710608294512607","34.5","19"
"24.78068987018901","36","19"
"15.42709022397412","37.5","19"
"16.26416328776418","39","19"
"26.53465456435293","40.5","19"
"26.589592444402562","42","19"
"13.56646526739993","43.5","19"
"20.97327054294864","45","19"
"26.550959428819787","46.5","19"
"19.618238385964126","48","19"
"13.877391958862203","49.5","19"
"23.177983372109857","51","19"
"23.656063673049832","52.5","19"
"16.544057072513567","54","19"
"22.944406344372915","55.5","19"
"23.936426148602976","57","19"
"19.602881357174763","58.5","19"
"16.04593980412661","60","19"
"24.91052941924545","61.5","19"
"19.102535629538703","63","19"
"14.584194243209467","64.5","19"
"26.136236018947166","66","19"
"22.642971948445524","67.5","19"
"15.194107335880606","69","19"
"18.447208314562733","70.5","19"
"29.002254148763534","72","19"
"18.16076331263068","73.5","19"
"15.18200500754263","75","19"
"30.044415157270922","76.5","19"
"24.95660573264853","78","19"
"11.657923209935031","79.5","19"
"17.232980283690644","81","19"
"33.4613244430396","82.5","19"
"23.084138928313173","84","19"
"10.540957232568081","85.5","19"
"21.445841549013192","87","19"
"24.23332870519736","88.5","19"
"13.839195400700772","90","19"
"23.03553098763179","91.5","19"
"29.868110751877435","93","19"
"19.85005738760072","94.5","19"
"14.328675864945582","96","19"
"28.16349275267294","97.5","19"
"28.94482994240548","99","19"
"10.700386155508724","100.5","19"
"11.655462147629043","102","19"
"28.538677127565183","103.5","19"
"24.99740971009556","105","19"
"22.975996801484325","106.5","19"
"24.178206136578215","108","19"
"20.33317829261236","109.5","19"
"15.682986691102005","111","19"
"25.448668352176508","112.5","19"
"31.265795514349087","114","19"
"13.345101206908172","115.5","19"
"6.444732461513154","117","19"
"29.703222190893737","118.5","19"
"24.630724494090828","120","19"
"14.918255791520522","121.5","19"
"12.355212290607469","123","19"
"23.85443836249992","124.5","19"
"23.89030453423002","126","19"
"18.70244094824737","127.5","19"
"26.912994326031825","129","19"
"16.43034641107945","130.5","19"
"11.630043947663802","132","19"
"27.76609347908948","133.5","19"
"29.96879389978102","135","19"
"18.445762168216557","136.5","19"
"10.500005155796442","138","19"
"26.04766913814152","139.5","19"
"22.883560172443914","141","19"
"13.722114172873075","142.5","19"
"22.125774260014055","144","19"
"28.762659061412517","145.5","19"
"16.397273218376966","147","19"
"20.316713132405926","148.5","19"
"24.874544768055667","150","19"
"18.87422222603283","151.5","19"
"15.25091475211029","153","19"
"22.35027715501501","154.5","19"
"28.016735033711267","156","19"
"16.25845710790428","157.5","19"
"17.28662708609869","159","19"
"29.84761380535167","160.5","19"
"22.691860406671164","162","19"
"10.480292264518605","163.5","19"
"28.35916506503518","165","19"
"30.428267698515228","166.5","19"
"13.324807243574371","168","19"
"11.393478798259766","169.5","19"
"23.610682555299913","171","19"
"22.652840590499412","172.5","19"
"17.454324307214954","174","19"
"23.181546467625427","175.5","19"
"22.323737756045233","177","19"
"13.24315311653793","178.5","19"
"21.290584671164012","180","19"
"30.908074663345634","181.5","19"
"17.03962529017227","183","19"
"7.195130831162562","184.5","19"
"24.596647710670997","186","19"
"34.774352146875266","187.5","19"
"12.861939356789144","189","19"
"12.528119994432446","190.5","19"
"28.58222704072495","192","19"
"27.58168368477744","193.5","19"
"13.348835923405789","195","19"
"19.439874528786085","196.5","19"
"26.394305190284303","198","19"
"23.75392422206089","199.5","19"
"15.212231208522649","201","19"
"29.1383556857334","202.5","19"
"20.203899778644434","204","19"
"14.318618178459696","205.5","19"
"25.634864050108824","207","19"
"28.977206197109812","208.5","19"
"13.49666692688462","210","19"
"12.357398062404185","211.5","19"
"27.080287323109157","213","19"
"24.824065548849237","214.5","19"
"13.781275497191531","216","19"
"14.707480832738245","217.5","19"
"19.843767522167365","219","19"
"20.310229866678082","220.5","19"
"22.575940451782895","222","19"
"21.223302276822043","223.5","19"
"6.143343366555645","225","19"
"13.391301226805924","226.5","19"
"37.13365105106244","228","19"
"28.453631525995217","229.5","19"
"12.24698217535635","231","19"
"17.83058893600434","232.5","19"
"29.330388239400275","234","19"
"19.471586950047172","235.5","19"
"17.462638777532955","237","19"
"29.085639295552895","238.5","19"
"20.460505380185445","240","19"
"12.45176695204448","241.5","19"
"30.17264477955162","243","19"
"31.832716244258986","244.5","19"
"14.045461170634983","246","19"
"9.1318313616842","247.5","19"
"28.892444597774094","249","19"
"31.53101178485731","250.5","19"
"12.765618169581513","252","19"
"14.529354805652074","253.5","19"
"18.075914596045195","255","19"
"17.556134752330557","256.5","19"
"29.822639032187755","258","19"
"30.3912811989531","259.5","19"
"14.216410478685143","261","19"
"12.09253723027502","262.5","19"
"32.69768250908024","264","19"
"20.577751259615205","265.5","19"
"7.2868435158573845","267","19"
"24.73658763366571","268.5","19"
"28.534681930490756","270","19"
"18.96722163250675","271.5","19"
"9.881769752254826","273","19"
"23.504024906407132","274.5","19"
"21.33777608536414","276","19"
"20.30414559795418","277.5","19"
"29.38732807384961","279","19"
"25.094892170242616","280.5","19"
"9.185380592772507","282","19"
"17.723912121316612","283.5","19"
"33.090560397400665","285","19"
"22.938180945704385","286.5","19"
"17.03346087357858","288","19"
"20.430472579499913","289.5","19"
"21.92497945336537","291","19"
"13.72544553650426","292.5","19"
"22.06261773862117","294","19"
"25.59236302863628","295.5","19"
"16.67053215338391","297","19"
"14.421620387552146","298.5","19"
"30.129727337625184","300","19"