"nusselt","time","episode"
"15.697307596822125","1","0"
"18.12778776895021","2","0"
"12.584519577101092","3","0"
"4.427836644168779","4","0"
"1.9689809742218107","5","0"
"7.058515725690263","6","0"
"13.91412724066741","7","0"
"16.596338179995502","8","0"
"12.007190644181913","9","0"
"5.158202434126214","10","0"
"4.347881766702386","11","0"
"9.319009308703018","12","0"
"13.580924478448294","13","0"
"13.582477134073336","14","0"
"9.220217875459067","15","0"
"4.35519792628973","16","0"
"6.009857736510487","17","0"
"11.340582359889167","18","0"
"14.082607456298401","19","0"
"11.624077001036557","20","0"
"6.097033454393487","21","0"
"4.19435398838595","22","0"
"8.395562141419003","23","0"
"14.117638628988333","24","0"
"15.37689303086179","25","0"
"10.644668664885","26","0"
"4.504549016896571","27","0"
"3.03280118553844","28","0"
"8.07474976943976","29","0"
"14.079859178705174","30","0"
"15.678367181716917","31","0"
"11.651122300543603","32","0"
"4.348121166584956","33","0"
"3.5453709350334104","34","0"
"8.968974723670048","35","0"
"14.163651892493865","36","0"
"14.9187097554947","37","0"
"10.260842056381659","38","0"
"5.810892466557991","39","0"
"4.831143075107676","40","0"
"8.952382576227699","41","0"
"12.969940715547256","42","0"
"13.407774174429132","43","0"
"8.577343513701578","44","0"
"3.6477070843752","45","0"
"4.454213332036014","46","0"
"11.276197290435647","47","0"
"16.3375725274085","48","0"
"15.400718415722721","49","0"
"8.70435713517333","50","0"
"3.9140310513214414","51","0"
"4.037249261766541","52","0"
"9.086975449217581","53","0"
"14.976247272035502","54","0"
"16.13402477454845","55","0"
"11.20367648181982","56","0"
"3.842269490204304","57","0"
"1.8174573778912135","58","0"
"6.9729130496133305","59","0"
"14.92207292438585","60","0"
"18.10943800211684","61","0"
"14.565374262069383","62","0"
"7.893150770830675","63","0"
"3.891033510703457","64","0"
"5.498016379753738","65","0"
"9.977839989446045","66","0"
"14.444690274316756","67","0"
"15.296680571243265","68","0"
"11.106800247636427","69","0"
"5.682953753250025","70","0"
"4.575586042120546","71","0"
"8.35511650924458","72","0"
"13.584624845793144","73","0"
"14.80480169353227","74","0"
"11.519420959391983","75","0"
"7.03663363976103","76","0"
"5.977389712850965","77","0"
"8.46562669071033","78","0"
"12.247510659786945","79","0"
"15.025743817606868","80","0"
"14.006421542921116","81","0"
"8.849727135212838","82","0"
"3.768978690021408","83","0"
"3.4016315539869177","84","0"
"8.380064786995447","85","0"
"14.419325457299552","86","0"
"17.635563979095394","87","0"
"14.607692668008719","88","0"
"8.704945579533709","89","0"
"4.856897984453668","90","0"
"5.162527059392702","91","0"
"9.6801951347563","92","0"
"14.864638991683764","93","0"
"17.280359568750224","94","0"
"15.381071646993913","95","0"
"9.180154621923316","96","0"
"4.225091115080932","97","0"
"3.7414160222986355","98","0"
"7.493167287398746","99","0"
"13.007885459190073","100","0"
"16.934353182892092","101","0"
"17.42568328664903","102","0"
"13.413317011756291","103","0"
"8.02565764162169","104","0"
"5.508967064831001","105","0"
"6.958790384964253","106","0"
"11.153747969601884","107","0"
"15.143926365850023","108","0"
"16.885275380498523","109","0"
"15.30556123247976","110","0"
"11.375159526817908","111","0"
"7.106643091265806","112","0"
"5.742184975749446","113","0"
"7.492657632873137","114","0"
"11.072182308345635","115","0"
"14.57521582870335","116","0"
"16.38295326832441","117","0"
"16.08905285920876","118","0"
"13.516433621244593","119","0"
"9.844042728493976","120","0"
"7.640978670360384","121","0"
"8.214811097744956","122","0"
"10.757076965097477","123","0"
"13.655764903877971","124","0"
"15.846957592921012","125","0"
"16.517997943164023","126","0"
"15.166960546496066","127","0"
"12.512128799261527","128","0"
"10.112819648897524","129","0"
"9.261228259945653","130","0"
"10.328305990147719","131","0"
"12.39204647933805","132","0"
"14.425646275372829","133","0"
"15.780663936141321","134","0"
"15.836237767569402","135","0"
"14.478155567912872","136","0"
"12.331184362356682","137","0"
"10.47089795978926","138","0"
"9.965397807286811","139","0"
"10.89472666328528","140","0"
"12.605014851742805","141","0"
"14.286697371378123","142","0"
"15.154248385182726","143","0"
"14.604982958866078","144","0"
"12.962803348277275","145","0"
"11.358645618232462","146","0"
"10.698137760866784","147","0"
"11.174465839301268","148","0"
"12.363631448857314","149","0"
"13.524518670443273","150","0"
"14.629933440528408","151","0"
"14.566770439980617","152","0"
"13.528895638606986","153","0"
"12.289273680037834","154","0"
"11.284251484873858","155","0"
"10.61671425189984","156","0"
"10.432603896179701","157","0"
"11.22915480027732","158","0"
"12.737525028401013","159","0"
"13.437248184367403","160","0"
"12.185254568805805","161","0"
"9.564349834618692","162","0"
"6.099003751240597","163","0"
"4.34048543983561","164","0"
"4.265272002390973","165","0"
"5.585584944854856","166","0"
"9.127518604474202","167","0"
"13.497560425438978","168","0"
"13.695928986363114","169","0"
"13.306209118610141","170","0"
"12.334321630322968","171","0"
"11.249298551040829","172","0"
"10.351974897294843","173","0"
"8.428252760136196","174","0"
"5.144072055787019","175","0"
"5.160843271035665","176","0"
"6.7470187364834135","177","0"
"7.614095358345801","178","0"
"8.153688368233198","179","0"
"8.12156801160682","180","0"
"7.837617711764643","181","0"
"7.735250432173451","182","0"
"9.270146387677004","183","0"
"10.191212779604093","184","0"
"10.509705534769486","185","0"
"11.923018857621742","186","0"
"12.740093687210079","187","0"
"10.535187159094178","188","0"
"9.708480134460773","189","0"
"8.357582686170659","190","0"
"6.930510895038435","191","0"
"7.277337686938331","192","0"
"7.845306056900147","193","0"
"6.770488740621084","194","0"
"6.631766288529108","195","0"
"7.938822428059582","196","0"
"9.49161414463531","197","0"
"11.281272898532842","198","0"
"11.107643243770676","199","0"
"10.013017722248206","200","0"
"9.021304397425931","201","0"
"8.210715679270526","202","0"
"7.7707670163629095","203","0"
"7.856775212148867","204","0"
"8.50864373658315","205","0"
"10.29184447891889","206","0"
"10.893246736738487","207","0"
"10.021617384773284","208","0"
"8.927720806966901","209","0"
"8.55234730087641","210","0"
"8.653869931399756","211","0"
"9.486309329746058","212","0"
"9.06026514425277","213","0"
"8.270679702331092","214","0"
"8.919674877196675","215","0"
"11.46944285916615","216","0"
"12.809516898265938","217","0"
"12.348316468107246","218","0"
"10.741220924083466","219","0"
"8.546910251299431","220","0"
"7.527997353167763","221","0"
"7.786479252154019","222","0"
"7.456742140709041","223","0"
"6.9173199339599565","224","0"
"8.066207408612698","225","0"
"9.702249676757443","226","0"
"10.602853852714752","227","0"
"10.867178871964876","228","0"
"11.015459137090074","229","0"
"11.042535291357591","230","0"
"10.550625558886125","231","0"
"9.335095658464818","232","0"
"8.113920438833366","233","0"
"8.329773180364132","234","0"
"8.443072962763026","235","0"
"7.75786531866383","236","0"
"7.546141605257291","237","0"
"8.681526265359667","238","0"
"10.004835700945195","239","0"
"11.14458410574251","240","0"
"11.982420883259474","241","0"
"11.436262972104375","242","0"
"10.0285784391263","243","0"
"9.429556405685759","244","0"
"9.025495686048963","245","0"
"8.22731609138086","246","0"
"8.600411854975281","247","0"
"8.846079661743078","248","0"
"7.835960370345151","249","0"
"7.800968868061536","250","0"
"8.421449836430588","251","0"
"8.913194826520261","252","0"
"10.515073161135408","253","0"
"12.494603295314981","254","0"
"11.48223766715932","255","0"
"9.597043759203078","256","0"
"8.802369485715431","257","0"
"8.367104134664757","258","0"
"8.294007003201592","259","0"
"9.698071060625319","260","0"
"9.477060615295395","261","0"
"7.204213557559757","262","0"
"7.160637820131298","263","0"
"8.03164677101992","264","0"
"8.633811582205402","265","0"
"10.468626829027576","266","0"
"11.797117109482613","267","0"
"10.988429264963262","268","0"
"10.082847554968822","269","0"
"9.551902142680804","270","0"
"8.88975071834227","271","0"
"8.887220077005926","272","0"
"9.24233027013609","273","0"
"8.703900925500678","274","0"
"6.767866085981195","275","0"
"7.0031518168289475","276","0"
"7.715845542727608","277","0"
"8.65173434119299","278","0"
"10.674012644047007","279","0"
"12.429918493902617","280","0"
"11.7918100906819","281","0"
"10.453538851158102","282","0"
"9.360073689020423","283","0"
"8.542197737615616","284","0"
"8.782419679160585","285","0"
"9.888843840695358","286","0"
"9.491663732643207","287","0"
"8.358667010610008","288","0"
"7.93454133004447","289","0"
"7.332387538416301","290","0"
"8.122039648659708","291","0"
"9.946583015134943","292","0"
"12.274223168663216","293","0"
"12.332836193997519","294","0"
"10.707689513143485","295","0"
"9.431776846483816","296","0"
"8.835797863794559","297","0"
"9.156028954125674","298","0"
"9.538180589917827","299","0"
"10.437248639586059","300","0"
"9.37297318280804","1","1"
"9.838182527916278","2","1"
"9.3276552533688","3","1"
"9.572216696582625","4","1"
"10.503626045001308","5","1"
"10.695648442870352","6","1"
"10.027887512882932","7","1"
"9.358725997161356","8","1"
"8.729574290122573","9","1"
"8.894658829168348","10","1"
"11.10981960633949","11","1"
"14.180245141891946","12","1"
"13.380434652741895","13","1"
"8.48432467555471","14","1"
"6.926586830680183","15","1"
"6.340723250624056","16","1"
"6.610129387750032","17","1"
"7.643306551842217","18","1"
"9.349557725479057","19","1"
"9.7615921967857","20","1"
"10.048100686857499","21","1"
"10.352866379481258","22","1"
"11.359852259757957","23","1"
"12.156170651196323","24","1"
"12.799373395761666","25","1"
"12.665018545209689","26","1"
"11.966611124386166","27","1"
"10.619488976430613","28","1"
"8.629187775957934","29","1"
"7.467418438809274","30","1"
"7.722120629638045","31","1"
"9.418124716931894","32","1"
"10.896130554886632","33","1"
"10.485512096694384","34","1"
"8.23522648059617","35","1"
"8.374028824478646","36","1"
"9.722581861950962","37","1"
"11.61425526960575","38","1"
"12.490439004607362","39","1"
"12.005094724381463","40","1"
"11.446182777595245","41","1"
"10.702353843493764","42","1"
"10.691384976146937","43","1"
"11.215718654048683","44","1"
"11.297069433937377","45","1"
"10.199385985261257","46","1"
"7.4256857223409884","47","1"
"6.337993706278257","48","1"
"6.39573563560717","49","1"
"7.951937354192618","50","1"
"9.817836017298255","51","1"
"10.66759595582513","52","1"
"12.355368984785935","53","1"
"13.656355552149812","54","1"
"12.045951937021433","55","1"
"11.016523626326265","56","1"
"11.340767488451982","57","1"
"12.559655047985784","58","1"
"12.14088101542807","59","1"
"8.432862240959158","60","1"
"5.606958478214212","61","1"
"4.263197846216213","62","1"
"4.673269183387997","63","1"
"7.245955640651756","64","1"
"10.135462635259046","65","1"
"11.381197142268306","66","1"
"12.770988118085668","67","1"
"12.432706441902162","68","1"
"12.274811613023594","69","1"
"11.650657275225102","70","1"
"12.212075069343719","71","1"
"10.736907869352153","72","1"
"8.051000419524271","73","1"
"6.636330589167097","74","1"
"6.270017914075126","75","1"
"6.544239046767904","76","1"
"8.230270985673657","77","1"
"10.684048154889638","78","1"
"11.83087662525892","79","1"
"12.749187025902666","80","1"
"14.332220264583338","81","1"
"14.250447435649654","82","1"
"11.569720830691281","83","1"
"8.91098871114671","84","1"
"7.441855269760484","85","1"
"5.945695813092504","86","1"
"6.399031034220861","87","1"
"6.844151726352139","88","1"
"7.423015683604666","89","1"
"9.610763108054593","90","1"
"11.72199788925298","91","1"
"10.904141773051332","92","1"
"11.011809459708852","93","1"
"11.197682944598663","94","1"
"10.188291494961092","95","1"
"10.118846244790612","96","1"
"10.762769668404058","97","1"
"11.099075537961799","98","1"
"8.50111737894011","99","1"
"7.777957828485846","100","1"
"8.082671178212381","101","1"
"8.155439926867693","102","1"
"8.161899040385217","103","1"
"8.383565149375112","104","1"
"9.236486598894356","105","1"
"9.738105112334198","106","1"
"10.224314427808967","107","1"
"10.15386199010031","108","1"
"10.350309842185233","109","1"
"10.553759520985217","110","1"
"10.35302836697372","111","1"
"9.853750958484486","112","1"
"9.435179685781284","113","1"
"9.143531123202022","114","1"
"9.466993147736565","115","1"
"9.011134998961978","116","1"
"9.234501976622743","117","1"
"9.872544813477464","118","1"
"10.478185193038664","119","1"
"10.8757730247113","120","1"
"10.601815810416106","121","1"
"9.776545736055985","122","1"
"9.005917789553344","123","1"
"9.009093625970218","124","1"
"9.186143751321548","125","1"
"8.954411276728552","126","1"
"8.631939359418356","127","1"
"8.929307623219607","128","1"
"9.632521223964083","129","1"
"9.885813462434983","130","1"
"9.3496018037083","131","1"
"10.016407338076903","132","1"
"9.94244847723206","133","1"
"9.976297251422581","134","1"
"10.054306901534746","135","1"
"9.642280143918223","136","1"
"9.436139489223024","137","1"
"9.41364967470812","138","1"
"9.590228163006563","139","1"
"9.813895423604038","140","1"
"10.191105889898182","141","1"
"9.922553768463766","142","1"
"9.235095930761776","143","1"
"9.429182842692935","144","1"
"9.70713795238036","145","1"
"9.562097437104436","146","1"
"9.734462046687362","147","1"
"9.438343400685115","148","1"
"8.899031389509135","149","1"
"8.638012237452147","150","1"
"8.865551770488514","151","1"
"9.290624031027019","152","1"
"10.230008233071278","153","1"
"10.508269686451934","154","1"
"10.608304125760503","155","1"
"10.771555561447682","156","1"
"9.960165721475809","157","1"
"9.390947182737122","158","1"
"9.160864335873502","159","1"
"9.390972527718937","160","1"
"9.248387169811782","161","1"
"8.715105611373946","162","1"
"9.26572534128405","163","1"
"8.633311294303507","164","1"
"8.505557158580492","165","1"
"9.558975596518383","166","1"
"10.360734343400923","167","1"
"10.788567554023562","168","1"
"10.422210249724483","169","1"
"10.349399626751389","170","1"
"9.877489288842666","171","1"
"9.791799007285116","172","1"
"10.246538670992688","173","1"
"9.858229306575454","174","1"
"9.487457567617808","175","1"
"9.010169685741584","176","1"
"8.439422734403937","177","1"
"8.847774469657425","178","1"
"9.349099311894943","179","1"
"10.32330972286316","180","1"
"10.603102894709968","181","1"
"10.355244399948853","182","1"
"9.924176949255596","183","1"
"9.122847414130302","184","1"
"9.319795003139253","185","1"
"9.788737774264272","186","1"
"10.284891138255993","187","1"
"9.675236333966597","188","1"
"9.061950585543405","189","1"
"9.238213363524904","190","1"
"9.300352096220688","191","1"
"9.528567128120187","192","1"
"10.096584535112033","193","1"
"10.203371759140449","194","1"
"10.391117466817306","195","1"
"9.827586121606545","196","1"
"9.784374029569332","197","1"
"9.411360912654738","198","1"
"9.140148119107714","199","1"
"9.186431912745217","200","1"
"9.103606165110518","201","1"
"9.724407802597304","202","1"
"9.112117671177112","203","1"
"9.188664475056314","204","1"
"9.652274882398803","205","1"
"9.969588544931977","206","1"
"10.65296418762831","207","1"
"9.864205212504913","208","1"
"9.680398996566543","209","1"
"9.626849457816393","210","1"
"9.56691849342776","211","1"
"9.791673384331776","212","1"
"9.167718500520603","213","1"
"9.071822455959976","214","1"
"9.102993477724057","215","1"
"9.451815911452876","216","1"
"9.862150065066514","217","1"
"9.5521611022776","218","1"
"9.68412691280467","219","1"
"9.64856018962945","220","1"
"9.912382717066219","221","1"
"10.170051923700829","222","1"
"9.091725980374118","223","1"
"9.117963546330309","224","1"
"8.953582606018806","225","1"
"9.176913770118311","226","1"
"9.483465182004231","227","1"
"9.061341755002003","228","1"
"9.438091052822706","229","1"
"9.770149984992997","230","1"
"10.332764503035529","231","1"
"10.760144809852708","232","1"
"9.79822340919711","233","1"
"9.701763714280052","234","1"
"9.286324199764481","235","1"
"9.29605336691388","236","1"
"9.448463762119037","237","1"
"8.610770789824974","238","1"
"8.857443580219483","239","1"
"9.03373611100572","240","1"
"9.904070664986943","241","1"
"10.846524915697893","242","1"
"10.187224801813441","243","1"
"10.171559399140898","244","1"
"9.787340494397306","245","1"
"10.013583025538233","246","1"
"10.378597045801168","247","1"
"9.365097505198259","248","1"
"9.051787798813839","249","1"
"8.581456563467704","250","1"
"8.9459758056074","251","1"
"9.8296787355398","252","1"
"10.034174170328546","253","1"
"10.144981328863816","254","1"
"10.340972971276086","255","1"
"10.902833751598582","256","1"
"10.98632012169404","257","1"
"10.138494115475151","258","1"
"9.667894002930641","259","1"
"9.144928403068988","260","1"
"9.191847474185439","261","1"
"9.68018411519899","262","1"
"9.330763870486079","263","1"
"9.398001903327275","264","1"
"9.859181396327077","265","1"
"10.753668616021354","266","1"
"11.633505334271382","267","1"
"10.812746666674158","268","1"
"10.062600220366594","269","1"
"9.51497230026628","270","1"
"9.32109971872481","271","1"
"9.567806669746982","272","1"
"9.045952943217955","273","1"
"8.722590645677073","274","1"
"8.932899998902815","275","1"
"9.573517004345259","276","1"
"10.597130294647702","277","1"
"11.084310433121521","278","1"
"10.526977588897891","279","1"
"10.222311072289925","280","1"
"10.27914333716286","281","1"
"10.55655518267488","282","1"
"9.936437308719208","283","1"
"9.247299539505239","284","1"
"8.789544373939659","285","1"
"8.608337671570826","286","1"
"9.183894659674484","287","1"
"9.615864061133601","288","1"
"9.899995632693537","289","1"
"10.362668275708907","290","1"
"10.829248453746564","291","1"
"11.704251994160225","292","1"
"10.8712296612322","293","1"
"10.015601808437507","294","1"
"9.111823448996923","295","1"
"8.44796895207606","296","1"
"8.890576083184824","297","1"
"8.93925167173656","298","1"
"8.933965590094736","299","1"
"8.8501144726523","300","1"
"8.67732836500225","1","2"
"15.305051026976287","2","2"
"16.52883347386739","3","2"
"10.7320537543569","4","2"
"4.073071914160297","5","2"
"2.9221485762944504","6","2"
"8.501247409716372","7","2"
"14.95693329393747","8","2"
"15.587437100658246","9","2"
"9.328201823411398","10","2"
"3.7671097731015553","11","2"
"4.314329694092449","12","2"
"11.055861242013123","13","2"
"16.27026727526771","14","2"
"15.244615366862833","15","2"
"8.634272750678845","16","2"
"1.9412654101413553","17","2"
"3.560782612398878","18","2"
"10.009673286604484","19","2"
"14.863689105843603","20","2"
"13.289034036586068","21","2"
"7.433031359244137","22","2"
"4.724373482370957","23","2"
"7.954430529034108","24","2"
"13.293258934858896","25","2"
"15.262977255209242","26","2"
"11.11218109747112","27","2"
"5.000271240708521","28","2"
"3.335814768549837","29","2"
"7.643788106496684","30","2"
"13.580084788181237","31","2"
"15.617539225363211","32","2"
"9.746870068218932","33","2"
"4.211178097509686","34","2"
"3.8870852033191214","35","2"
"8.86639035879984","36","2"
"15.975131573777556","37","2"
"17.495283912577587","38","2"
"12.318442448238605","39","2"
"4.168902116865995","40","2"
"1.7536814144680293","41","2"
"5.743979510657454","42","2"
"12.105967752001359","43","2"
"15.436592584546904","44","2"
"10.593942336717788","45","2"
"5.647714861904791","46","2"
"5.4530086508527855","47","2"
"10.435023790965078","48","2"
"14.62545509243744","49","2"
"13.389100432610837","50","2"
"7.801653182570515","51","2"
"3.0987598477758924","52","2"
"4.633753050872709","53","2"
"10.887297277746573","54","2"
"15.644667171550086","55","2"
"14.628139456598266","56","2"
"6.309142301328027","57","2"
"1.8158727655499702","58","2"
"4.774949944558747","59","2"
"12.058661894423311","60","2"
"18.492265136772126","61","2"
"17.006192982866136","62","2"
"8.546974164731832","63","2"
"1.6572674507138099","64","2"
"2.022190835117866","65","2"
"8.158364517377889","66","2"
"14.7249319421461","67","2"
"15.29750813999728","68","2"
"9.93932773860174","69","2"
"5.313993629514218","70","2"
"6.31183327722324","71","2"
"10.61799913228224","72","2"
"13.2395231655902","73","2"
"10.717771306126819","74","2"
"6.335837729890467","75","2"
"4.039612956809633","76","2"
"8.035860649735438","77","2"
"13.925358373478224","78","2"
"15.244364120956154","79","2"
"9.70075983260907","80","2"
"1.9923429866978384","81","2"
"2.4510126377757193","82","2"
"8.878276604292761","83","2"
"16.561769828712606","84","2"
"18.731402753877745","85","2"
"11.875556522329886","86","2"
"2.5460323520412333","87","2"
"0.5975059489713204","88","2"
"5.870815166278643","89","2"
"13.8408758354019","90","2"
"17.107517812335757","91","2"
"13.911927737028243","92","2"
"5.776807873841027","93","2"
"3.8319372777810896","94","2"
"7.70082809002492","95","2"
"12.600599315128505","96","2"
"13.972257609391516","97","2"
"9.577338586820524","98","2"
"5.23097944744951","99","2"
"5.803871355617636","100","2"
"10.532238325557902","101","2"
"13.29839625247703","102","2"
"10.830050677518765","103","2"
"4.797091541062642","104","2"
"2.9743303124934406","105","2"
"7.904774199881742","106","2"
"15.062906172680643","107","2"
"17.45349003756623","108","2"
"11.395450939649377","109","2"
"2.1371215119987066","110","2"
"1.5223372415257606","111","2"
"7.362829616464294","112","2"
"15.111574047542263","113","2"
"17.889352097645265","114","2"
"12.07779294786999","115","2"
"4.165803968328161","116","2"
"2.2761034746653435","117","2"
"7.155676815430132","118","2"
"13.301519195018813","119","2"
"15.033558887651441","120","2"
"10.434673369042605","121","2"
"4.7085857626122705","122","2"
"5.422566021826926","123","2"
"10.095226925651385","124","2"
"12.888175600303688","125","2"
"9.932302770816326","126","2"
"6.115681300252103","127","2"
"4.518443852198255","128","2"
"9.027369561769605","129","2"
"15.195273095093814","130","2"
"15.944917049588023","131","2"
"9.169115229409703","132","2"
"1.400061065486238","133","2"
"2.0146478103943943","134","2"
"8.846970041973762","135","2"
"16.60654339202071","136","2"
"17.39992507143584","137","2"
"10.536077539324863","138","2"
"2.606721461972827","139","2"
"2.7555055963560453","140","2"
"8.087162198794257","141","2"
"13.436195816644254","142","2"
"13.42476412789039","143","2"
"9.332603034601194","144","2"
"5.648377688277015","145","2"
"8.032457259460104","146","2"
"11.516046770943523","147","2"
"11.226655564679309","148","2"
"6.590463885773795","149","2"
"3.4831247616538494","150","2"
"5.7669161682212975","151","2"
"12.324724697861294","152","2"
"18.161168211955037","153","2"
"16.8274105831056","154","2"
"6.946689809081644","155","2"
"0.44294718776014175","156","2"
"2.399768390414916","157","2"
"9.597854798621128","158","2"
"16.2350168133873","159","2"
"16.159008314882712","160","2"
"10.242475760212324","161","2"
"4.381052011651517","162","2"
"5.280012620635971","163","2"
"9.046101707241645","164","2"
"11.605470478517855","165","2"
"9.866359535959107","166","2"
"6.229584954391608","167","2"
"6.272697870413029","168","2"
"11.261596376999295","169","2"
"15.653558852343892","170","2"
"12.421334258757774","171","2"
"5.053368426631077","172","2"
"1.6243856426772811","173","2"
"4.923054998722709","174","2"
"13.289891358144821","175","2"
"18.79508697948632","176","2"
"16.244036321045904","177","2"
"6.435509625763522","178","2"
"0.8417370809547656","179","2"
"3.56933075849353","180","2"
"10.038629377349164","181","2"
"14.076670118819528","182","2"
"13.191626659740312","183","2"
"8.208056660091515","184","2"
"6.511119767271335","185","2"
"9.059008363741514","186","2"
"11.774584318694197","187","2"
"11.086057032955228","188","2"
"6.236824803544577","189","2"
"3.3208292725633513","190","2"
"6.4053849109660685","191","2"
"14.10322504802626","192","2"
"17.637770094468948","193","2"
"11.951696153566466","194","2"
"3.6561780935686787","195","2"
"0.8657707354488654","196","2"
"5.845794159449526","197","2"
"14.169004091479552","198","2"
"18.19894325441527","199","2"
"14.039065879497604","200","2"
"5.465986383497307","201","2"
"1.9013159335348344","202","2"
"5.474478605338608","203","2"
"11.246999871385869","204","2"
"12.839776602640445","205","2"
"10.230577944184228","206","2"
"7.233460013639567","207","2"
"7.909158881735571","208","2"
"11.23294112016919","209","2"
"13.279248669694384","210","2"
"9.368906966160484","211","2"
"4.069063274699687","212","2"
"3.6568489091199528","213","2"
"8.602600890035003","214","2"
"15.587107615894663","215","2"
"16.480696741668137","216","2"
"9.524394021766717","217","2"
"1.6012128910980605","218","2"
"2.0658055542303106","219","2"
"8.188090875178569","220","2"
"15.954088627137514","221","2"
"17.733654568494398","222","2"
"12.931014129348078","223","2"
"4.218900052294987","224","2"
"2.6540317273737983","225","2"
"6.872933157113448","226","2"
"11.867427394901965","227","2"
"12.50232800498961","228","2"
"8.32933294904958","229","2"
"6.046826147375597","230","2"
"8.234877711607293","231","2"
"13.173131434750445","232","2"
"14.376119976996725","233","2"
"9.8189379730293","234","2"
"3.611471198582302","235","2"
"3.146416127276412","236","2"
"8.256980739660602","237","2"
"14.627906943939015","238","2"
"16.02401433000673","239","2"
"9.222404706607326","240","2"
"2.5973600725486636","241","2"
"2.7804494662839883","242","2"
"8.858723501801093","243","2"
"15.58306784618465","244","2"
"16.186072347637186","245","2"
"10.314333191478063","246","2"
"2.9606858966316367","247","2"
"3.374405809228912","248","2"
"8.660508112723573","249","2"
"13.625793911905","250","2"
"12.74768395828552","251","2"
"7.631917839361863","252","2"
"4.984960667781376","253","2"
"8.241149492650537","254","2"
"13.571075198124209","255","2"
"14.580938284814668","256","2"
"10.16384350511212","257","2"
"3.96012585955107","258","2"
"2.861645421392471","259","2"
"7.904604498699161","260","2"
"14.922009010953449","261","2"
"15.973946971366683","262","2"
"8.236284358097972","263","2"
"1.8403491307590176","264","2"
"3.5166691205736695","265","2"
"11.15543175795892","266","2"
"17.362728555734407","267","2"
"16.480042179963895","268","2"
"8.13267297048643","269","2"
"1.6868643287160923","270","2"
"2.838090015685645","271","2"
"9.745695383409638","272","2"
"14.769803579514267","273","2"
"13.351172218303986","274","2"
"7.567235792838827","275","2"
"4.5614771519181065","276","2"
"8.005966794663639","277","2"
"13.385417696557683","278","2"
"14.236765553292994","279","2"
"9.466063097099562","280","2"
"3.9196400059924623","281","2"
"3.108714915850156","282","2"
"8.785600474378247","283","2"
"14.994382157501317","284","2"
"14.960740550988232","285","2"
"6.689223362301545","286","2"
"2.0292158029032805","287","2"
"5.80291595999882","288","2"
"13.23395939110415","289","2"
"17.73030572502775","290","2"
"15.196665967137855","291","2"
"6.176139550458042","292","2"
"1.125888763206792","293","2"
"3.7583621730195844","294","2"
"10.91458721142591","295","2"
"14.787208970286128","296","2"
"11.670909017650255","297","2"
"5.5984552368156","298","2"
"5.115811850086495","299","2"
"10.20131661170205","300","2"
"15.568876860280248","1","3"
"7.989885954680494","2","3"
"2.693155288159901","3","3"
"4.900215864241062","4","3"
"12.341852395788933","5","3"
"17.053356688154878","6","3"
"14.524349552158295","7","3"
"7.5989925040739585","8","3"
"3.460886193045623","9","3"
"6.582546333846235","10","3"
"11.98114261461146","11","3"
"15.185138408235389","12","3"
"12.877630985913315","13","3"
"7.08654066384221","14","3"
"5.14086756852114","15","3"
"8.915293501210037","16","3"
"12.974426777328341","17","3"
"14.213156151755348","18","3"
"10.361620315808683","19","3"
"5.705608861124587","20","3"
"5.6447946792175205","21","3"
"9.972508727619248","22","3"
"14.172963418421197","23","3"
"13.676175327928394","24","3"
"9.185690847516089","25","3"
"4.356411455038543","26","3"
"6.21831249824088","27","3"
"11.612071193346818","28","3"
"14.80422316677347","29","3"
"13.560593395210505","30","3"
"7.799647623140012","31","3"
"4.270158625080294","32","3"
"5.911345649044358","33","3"
"11.373831670161998","34","3"
"15.346055901684215","35","3"
"14.145202949644702","36","3"
"7.584660467835982","37","3"
"3.0683009649029995","38","3"
"5.646113720227582","39","3"
"12.363549904133217","40","3"
"16.055887297571484","41","3"
"13.785200624046562","42","3"
"7.03303906016636","43","3"
"3.0346968248847705","44","3"
"6.148591208159774","45","3"
"12.176325421517143","46","3"
"15.56147943145774","47","3"
"13.963617174504389","48","3"
"6.5519174743018285","49","3"
"3.7497724280960854","50","3"
"6.719148623111679","51","3"
"12.648185069462238","52","3"
"15.379247910259034","53","3"
"12.346072886238836","54","3"
"5.773862346171942","55","3"
"3.6939310969142936","56","3"
"7.353989176611983","57","3"
"13.425464971735336","58","3"
"15.928708382740076","59","3"
"13.049786223907343","60","3"
"6.393310782021004","61","3"
"3.411765138889611","62","3"
"7.002260885620397","63","3"
"12.695941626934284","64","3"
"15.577603247714396","65","3"
"14.03986259349115","66","3"
"7.100661675557691","67","3"
"3.0464938119634772","68","3"
"6.05513489358768","69","3"
"11.881537938038","70","3"
"14.815251539729772","71","3"
"12.716451227000501","72","3"
"7.213218739793859","73","3"
"4.322985280870878","74","3"
"6.719554693798569","75","3"
"12.362099730391162","76","3"
"15.455692783233115","77","3"
"14.095556538093915","78","3"
"7.916315533230845","79","3"
"1.9209347401369672","80","3"
"3.9130461783868196","81","3"
"10.957238407996023","82","3"
"17.136240288465455","83","3"
"18.106587242640625","84","3"
"12.052082116753239","85","3"
"3.4221193904274463","86","3"
"1.160932677259865","87","3"
"5.96813383568805","88","3"
"12.802115061620507","89","3"
"17.30297390426274","90","3"
"16.583072836905178","91","3"
"9.406645644081594","92","3"
"2.789322413830366","93","3"
"3.588436466958395","94","3"
"9.607621432265383","95","3"
"15.580993965498823","96","3"
"17.044710743489095","97","3"
"12.6413011520104","98","3"
"6.390756448636441","99","3"
"3.692110115068741","100","3"
"6.314219562358819","101","3"
"11.284546809009777","102","3"
"14.826526750769828","103","3"
"14.122784762252316","104","3"
"8.563796069944106","105","3"
"4.4948435417953885","106","3"
"5.634636300310879","107","3"
"11.132111068822807","108","3"
"16.008444797482788","109","3"
"18.013261509822662","110","3"
"13.593210182893719","111","3"
"7.2177527366492455","112","3"
"4.743483047680881","113","3"
"5.606259838280729","114","3"
"10.254269992401703","115","3"
"14.576693551338682","116","3"
"15.939874500162759","117","3"
"12.763491513247367","118","3"
"7.27994546517585","119","3"
"4.7231089881695825","120","3"
"6.659365871768871","121","3"
"11.953536419637313","122","3"
"17.109148706817706","123","3"
"18.140200198304704","124","3"
"13.959406601656065","125","3"
"7.981008599311193","126","3"
"4.512761341982187","127","3"
"4.772363654457984","128","3"
"8.613252394131289","129","3"
"13.67712080594563","130","3"
"16.80686682241172","131","3"
"16.330728280362976","132","3"
"11.532998155954195","133","3"
"6.2163466092166955","134","3"
"4.5768408942092735","135","3"
"7.480818771476652","136","3"
"13.307901722613027","137","3"
"18.052277354436054","138","3"
"17.968732580686847","139","3"
"14.071396158690744","140","3"
"7.891658722770839","141","3"
"3.391544251224928","142","3"
"3.1605068352092895","143","3"
"7.696286379479417","144","3"
"13.650466700723106","145","3"
"17.917033225609124","146","3"
"18.793859400801935","147","3"
"15.126373313010202","148","3"
"9.05276853941447","149","3"
"3.0117846858359423","150","3"
"2.004334193474141","151","3"
"7.209405972964443","152","3"
"13.563028717376117","153","3"
"18.38615230965111","154","3"
"18.153944892138032","155","3"
"14.323931353574416","156","3"
"7.375689439845594","157","3"
"1.9320836395013525","158","3"
"1.5601474088249234","159","3"
"8.200068582997167","160","3"
"14.949125937583014","161","3"
"20.766152991695733","162","3"
"20.859411505214105","163","3"
"12.964791276416081","164","3"
"2.752239124080294","165","3"
"-0.45417931921833754","166","3"
"4.044862949401266","167","3"
"11.12693738666555","168","3"
"17.855772200653117","169","3"
"20.823002887860365","170","3"
"19.284824757211894","171","3"
"12.60959457976103","172","3"
"5.083896457226093","173","3"
"1.650946770385","174","3"
"5.267930778000789","175","3"
"11.404978448899996","176","3"
"17.4211851033549","177","3"
"20.55161543432997","178","3"
"17.510115134761726","179","3"
"9.870150263673903","180","3"
"3.804644038234558","181","3"
"3.001275885006828","182","3"
"6.749520726970752","183","3"
"12.637628333558824","184","3"
"18.05179690173732","185","3"
"20.392545920642107","186","3"
"17.04112277562881","187","3"
"9.183304011402644","188","3"
"4.623174275854674","189","3"
"5.237734436080818","190","3"
"9.293965160803548","191","3"
"14.321470686426991","192","3"
"18.139645914571986","193","3"
"18.119995839975985","194","3"
"13.599697396282382","195","3"
"8.240610085320192","196","3"
"5.308105329065376","197","3"
"6.246232750598377","198","3"
"10.31357174006791","199","3"
"15.370298927767214","200","3"
"18.673655865748042","201","3"
"17.60812087356944","202","3"
"13.12191583823865","203","3"
"8.057949352364243","204","3"
"6.453998239019001","205","3"
"8.58633271757758","206","3"
"12.354939222050827","207","3"
"16.222723395251755","208","3"
"17.83617061210928","209","3"
"15.297678943135592","210","3"
"10.327045352791403","211","3"
"6.583825704449978","212","3"
"6.778991982019695","213","3"
"10.48430655712462","214","3"
"14.435466904847905","215","3"
"17.22791969942124","216","3"
"17.570112216494223","217","3"
"13.486592660047885","218","3"
"8.09483952437245","219","3"
"4.870184815680748","220","3"
"5.999704316404634","221","3"
"10.528582036442293","222","3"
"15.769652092520985","223","3"
"18.818029697806683","224","3"
"17.397180099709807","225","3"
"12.936136019585977","226","3"
"7.716414151884827","227","3"
"4.702936586557066","228","3"
"6.84493191100972","229","3"
"12.286471406613785","230","3"
"17.198598861329582","231","3"
"19.820082122275494","232","3"
"18.53741887480744","233","3"
"12.886661513129232","234","3"
"5.9676451183213315","235","3"
"1.9952678526969654","236","3"
"4.401749770658809","237","3"
"9.452911255449536","238","3"
"15.397900714918439","239","3"
"19.1784926409004","240","3"
"20.005574330482364","241","3"
"13.542242526421408","242","3"
"5.0881527612372555","243","3"
"0.37078479024583655","244","3"
"3.7770196609908466","245","3"
"11.720657911084029","246","3"
"17.61801974190142","247","3"
"20.46894010365256","248","3"
"16.63616065620402","249","3"
"6.575972065954818","250","3"
"0.014902665288659708","251","3"
"4.312503753446107","252","3"
"11.033544434547991","253","3"
"14.848844660190691","254","3"
"15.643601580358165","255","3"
"14.03307454618791","256","3"
"12.582318971506194","257","3"
"11.45767727782578","258","3"
"10.996991460993485","259","3"
"11.30911050421051","260","3"
"10.807030822297227","261","3"
"9.956306672505686","262","3"
"10.784246785602132","263","3"
"12.284945197926287","264","3"
"14.080447623065552","265","3"
"15.20355429241262","266","3"
"14.747000809571745","267","3"
"11.94879139825943","268","3"
"8.154276812593576","269","3"
"7.2892299931877735","270","3"
"9.780351891151016","271","3"
"13.589930762638128","272","3"
"15.491514058182206","273","3"
"14.929400929997302","274","3"
"12.602434071420697","275","3"
"9.085159426172819","276","3"
"8.279062279577154","277","3"
"9.811871130926107","278","3"
"12.127676279902952","279","3"
"13.826268310231162","280","3"
"13.639242179646677","281","3"
"11.568667361012402","282","3"
"10.197899446980077","283","3"
"10.25326611073072","284","3"
"11.608650722757652","285","3"
"13.400728269484828","286","3"
"12.678735690149741","287","3"
"9.5710409098176","288","3"
"6.882853513582185","289","3"
"7.032485878389375","290","3"
"10.769804553791051","291","3"
"14.908258807341465","292","3"
"16.53761275517663","293","3"
"14.765405674191665","294","3"
"8.528052482874052","295","3"
"3.8717068601145175","296","3"
"4.239493400996762","297","3"
"10.263223382716447","298","3"
"17.714100364047","299","3"
"20.481425262085303","300","3"
"8.67732836500225","1","4"
"15.305051026976287","2","4"
"16.52883347386739","3","4"
"10.7320537543569","4","4"
"4.073071914160297","5","4"
"2.9221485762944504","6","4"
"8.501247409716372","7","4"
"14.95693329393747","8","4"
"15.587437100658246","9","4"
"9.328201823411398","10","4"
"3.7671097731015553","11","4"
"4.314329694092449","12","4"
"11.055861242013123","13","4"
"16.27026727526771","14","4"
"15.244615366862833","15","4"
"8.634272750678845","16","4"
"1.9412654101413553","17","4"
"3.560782612398878","18","4"
"10.009673286604484","19","4"
"14.863689105843603","20","4"
"13.289034036586068","21","4"
"7.433031359244137","22","4"
"4.724373482370957","23","4"
"7.954430529034108","24","4"
"13.293258934858896","25","4"
"15.262977255209242","26","4"
"11.11218109747112","27","4"
"5.000271240708521","28","4"
"3.335814768549837","29","4"
"7.643788106496684","30","4"
"13.580084788181237","31","4"
"15.617539225363211","32","4"
"9.746870068218932","33","4"
"4.211178097509686","34","4"
"3.8870852033191214","35","4"
"8.86639035879984","36","4"
"15.975131573777556","37","4"
"17.495283912577587","38","4"
"12.318442448238605","39","4"
"4.168902116865995","40","4"
"1.7536814144680293","41","4"
"5.743979510657454","42","4"
"12.105967752001359","43","4"
"15.436592584546904","44","4"
"10.593942336717788","45","4"
"5.647714861904791","46","4"
"5.4530086508527855","47","4"
"10.435023790965078","48","4"
"14.62545509243744","49","4"
"13.389100432610837","50","4"
"7.801653182570515","51","4"
"3.0987598477758924","52","4"
"4.633753050872709","53","4"
"10.887297277746573","54","4"
"15.644667171550086","55","4"
"14.628139456598266","56","4"
"6.309142301328027","57","4"
"1.8158727655499702","58","4"
"4.774949944558747","59","4"
"12.058661894423311","60","4"
"18.492265136772126","61","4"
"17.006192982866136","62","4"
"8.546974164731832","63","4"
"1.6572674507138099","64","4"
"2.022190835117866","65","4"
"8.158364517377889","66","4"
"14.7249319421461","67","4"
"15.29750813999728","68","4"
"9.93932773860174","69","4"
"5.313993629514218","70","4"
"6.31183327722324","71","4"
"10.61799913228224","72","4"
"13.2395231655902","73","4"
"10.717771306126819","74","4"
"6.335837729890467","75","4"
"4.039612956809633","76","4"
"8.035860649735438","77","4"
"13.925358373478224","78","4"
"15.244364120956154","79","4"
"9.70075983260907","80","4"
"1.9923429866978384","81","4"
"2.4510126377757193","82","4"
"8.878276604292761","83","4"
"16.561769828712606","84","4"
"18.731402753877745","85","4"
"11.875556522329886","86","4"
"2.5460323520412333","87","4"
"0.5975059489713204","88","4"
"5.870815166278643","89","4"
"13.8408758354019","90","4"
"17.107517812335757","91","4"
"13.911927737028243","92","4"
"5.776807873841027","93","4"
"3.8319372777810896","94","4"
"7.70082809002492","95","4"
"12.600599315128505","96","4"
"13.972257609391516","97","4"
"9.577338586820524","98","4"
"5.23097944744951","99","4"
"5.803871355617636","100","4"
"10.532238325557902","101","4"
"13.29839625247703","102","4"
"10.830050677518765","103","4"
"4.797091541062642","104","4"
"2.9743303124934406","105","4"
"7.904774199881742","106","4"
"15.062906172680643","107","4"
"17.45349003756623","108","4"
"11.395450939649377","109","4"
"2.1371215119987066","110","4"
"1.5223372415257606","111","4"
"7.362829616464294","112","4"
"15.111574047542263","113","4"
"17.889352097645265","114","4"
"12.07779294786999","115","4"
"4.165803968328161","116","4"
"2.2761034746653435","117","4"
"7.155676815430132","118","4"
"13.301519195018813","119","4"
"15.033558887651441","120","4"
"10.434673369042605","121","4"
"4.7085857626122705","122","4"
"5.422566021826926","123","4"
"10.095226925651385","124","4"
"12.888175600303688","125","4"
"9.932302770816326","126","4"
"6.115681300252103","127","4"
"4.518443852198255","128","4"
"9.027369561769605","129","4"
"15.195273095093814","130","4"
"15.944917049588023","131","4"
"9.169115229409703","132","4"
"1.400061065486238","133","4"
"2.0146478103943943","134","4"
"8.846970041973762","135","4"
"16.60654339202071","136","4"
"17.39992507143584","137","4"
"10.536077539324863","138","4"
"2.606721461972827","139","4"
"2.7555055963560453","140","4"
"8.087162198794257","141","4"
"13.436195816644254","142","4"
"13.42476412789039","143","4"
"9.332603034601194","144","4"
"5.648377688277015","145","4"
"8.032457259460104","146","4"
"11.516046770943523","147","4"
"11.226655564679309","148","4"
"6.590463885773795","149","4"
"3.4831247616538494","150","4"
"5.7669161682212975","151","4"
"12.324724697861294","152","4"
"18.161168211955037","153","4"
"16.8274105831056","154","4"
"6.946689809081644","155","4"
"0.44294718776014175","156","4"
"2.399768390414916","157","4"
"9.597854798621128","158","4"
"16.2350168133873","159","4"
"16.159008314882712","160","4"
"10.242475760212324","161","4"
"4.381052011651517","162","4"
"5.280012620635971","163","4"
"9.046101707241645","164","4"
"11.605470478517855","165","4"
"9.866359535959107","166","4"
"6.229584954391608","167","4"
"6.272697870413029","168","4"
"11.261596376999295","169","4"
"15.653558852343892","170","4"
"12.421334258757774","171","4"
"5.053368426631077","172","4"
"1.6243856426772811","173","4"
"4.923054998722709","174","4"
"13.289891358144821","175","4"
"18.79508697948632","176","4"
"16.244036321045904","177","4"
"6.435509625763522","178","4"
"0.8417370809547656","179","4"
"3.56933075849353","180","4"
"10.038629377349164","181","4"
"14.076670118819528","182","4"
"13.191626659740312","183","4"
"8.208056660091515","184","4"
"6.511119767271335","185","4"
"9.059008363741514","186","4"
"11.774584318694197","187","4"
"11.086057032955228","188","4"
"6.236824803544577","189","4"
"3.3208292725633513","190","4"
"6.4053849109660685","191","4"
"14.10322504802626","192","4"
"17.637770094468948","193","4"
"11.951696153566466","194","4"
"3.6561780935686787","195","4"
"0.8657707354488654","196","4"
"5.845794159449526","197","4"
"14.169004091479552","198","4"
"18.19894325441527","199","4"
"14.039065879497604","200","4"
"5.465986383497307","201","4"
"1.9013159335348344","202","4"
"5.474478605338608","203","4"
"11.246999871385869","204","4"
"12.839776602640445","205","4"
"10.230577944184228","206","4"
"7.233460013639567","207","4"
"7.909158881735571","208","4"
"11.23294112016919","209","4"
"13.279248669694384","210","4"
"9.368906966160484","211","4"
"4.069063274699687","212","4"
"3.6568489091199528","213","4"
"8.602600890035003","214","4"
"15.587107615894663","215","4"
"16.480696741668137","216","4"
"9.524394021766717","217","4"
"1.6012128910980605","218","4"
"2.0658055542303106","219","4"
"8.188090875178569","220","4"
"15.954088627137514","221","4"
"17.733654568494398","222","4"
"12.931014129348078","223","4"
"4.218900052294987","224","4"
"2.6540317273737983","225","4"
"6.872933157113448","226","4"
"11.867427394901965","227","4"
"12.50232800498961","228","4"
"8.32933294904958","229","4"
"6.046826147375597","230","4"
"8.234877711607293","231","4"
"13.173131434750445","232","4"
"14.376119976996725","233","4"
"9.8189379730293","234","4"
"3.611471198582302","235","4"
"3.146416127276412","236","4"
"8.256980739660602","237","4"
"14.627906943939015","238","4"
"16.02401433000673","239","4"
"9.222404706607326","240","4"
"2.5973600725486636","241","4"
"2.7804494662839883","242","4"
"8.858723501801093","243","4"
"15.58306784618465","244","4"
"16.186072347637186","245","4"
"10.314333191478063","246","4"
"2.9606858966316367","247","4"
"3.374405809228912","248","4"
"8.660508112723573","249","4"
"13.625793911905","250","4"
"12.74768395828552","251","4"
"7.631917839361863","252","4"
"4.984960667781376","253","4"
"8.241149492650537","254","4"
"13.571075198124209","255","4"
"14.580938284814668","256","4"
"10.16384350511212","257","4"
"3.96012585955107","258","4"
"2.861645421392471","259","4"
"7.904604498699161","260","4"
"14.922009010953449","261","4"
"15.973946971366683","262","4"
"8.236284358097972","263","4"
"1.8403491307590176","264","4"
"3.5166691205736695","265","4"
"11.15543175795892","266","4"
"17.362728555734407","267","4"
"16.480042179963895","268","4"
"8.13267297048643","269","4"
"1.6868643287160923","270","4"
"2.838090015685645","271","4"
"9.745695383409638","272","4"
"14.769803579514267","273","4"
"13.351172218303986","274","4"
"7.567235792838827","275","4"
"4.5614771519181065","276","4"
"8.005966794663639","277","4"
"13.385417696557683","278","4"
"14.236765553292994","279","4"
"9.466063097099562","280","4"
"3.9196400059924623","281","4"
"3.108714915850156","282","4"
"8.785600474378247","283","4"
"14.994382157501317","284","4"
"14.960740550988232","285","4"
"6.689223362301545","286","4"
"2.0292158029032805","287","4"
"5.80291595999882","288","4"
"13.23395939110415","289","4"
"17.73030572502775","290","4"
"15.196665967137855","291","4"
"6.176139550458042","292","4"
"1.125888763206792","293","4"
"3.7583621730195844","294","4"
"10.91458721142591","295","4"
"14.787208970286128","296","4"
"11.670909017650255","297","4"
"5.5984552368156","298","4"
"5.115811850086495","299","4"
"10.20131661170205","300","4"
"9.37297318280804","1","5"
"9.838182527916278","2","5"
"9.3276552533688","3","5"
"9.572216696582625","4","5"
"10.503626045001308","5","5"
"10.695648442870352","6","5"
"10.027887512882932","7","5"
"9.358725997161356","8","5"
"8.729574290122573","9","5"
"8.894658829168348","10","5"
"11.10981960633949","11","5"
"14.180245141891946","12","5"
"13.380434652741895","13","5"
"8.48432467555471","14","5"
"6.926586830680183","15","5"
"6.340723250624056","16","5"
"6.610129387750032","17","5"
"7.643306551842217","18","5"
"9.349557725479057","19","5"
"9.7615921967857","20","5"
"10.048100686857499","21","5"
"10.352866379481258","22","5"
"11.359852259757957","23","5"
"12.156170651196323","24","5"
"12.799373395761666","25","5"
"12.665018545209689","26","5"
"11.966611124386166","27","5"
"10.619488976430613","28","5"
"8.629187775957934","29","5"
"7.467418438809274","30","5"
"7.722120629638045","31","5"
"9.418124716931894","32","5"
"10.896130554886632","33","5"
"10.485512096694384","34","5"
"8.23522648059617","35","5"
"8.374028824478646","36","5"
"9.722581861950962","37","5"
"11.61425526960575","38","5"
"12.490439004607362","39","5"
"12.005094724381463","40","5"
"11.446182777595245","41","5"
"10.702353843493764","42","5"
"10.691384976146937","43","5"
"11.215718654048683","44","5"
"11.297069433937377","45","5"
"10.199385985261257","46","5"
"7.4256857223409884","47","5"
"6.337993706278257","48","5"
"6.39573563560717","49","5"
"7.951937354192618","50","5"
"9.817836017298255","51","5"
"10.66759595582513","52","5"
"12.355368984785935","53","5"
"13.656355552149812","54","5"
"12.045951937021433","55","5"
"11.016523626326265","56","5"
"11.340767488451982","57","5"
"12.559655047985784","58","5"
"12.14088101542807","59","5"
"8.432862240959158","60","5"
"5.606958478214212","61","5"
"4.263197846216213","62","5"
"4.673269183387997","63","5"
"7.245955640651756","64","5"
"10.135462635259046","65","5"
"11.381197142268306","66","5"
"12.770988118085668","67","5"
"12.432706441902162","68","5"
"12.274811613023594","69","5"
"11.650657275225102","70","5"
"12.212075069343719","71","5"
"10.736907869352153","72","5"
"8.051000419524271","73","5"
"6.636330589167097","74","5"
"6.270017914075126","75","5"
"6.544239046767904","76","5"
"8.230270985673657","77","5"
"10.684048154889638","78","5"
"11.83087662525892","79","5"
"12.749187025902666","80","5"
"14.332220264583338","81","5"
"14.250447435649654","82","5"
"11.569720830691281","83","5"
"8.91098871114671","84","5"
"7.441855269760484","85","5"
"5.945695813092504","86","5"
"6.399031034220861","87","5"
"6.844151726352139","88","5"
"7.423015683604666","89","5"
"9.610763108054593","90","5"
"11.72199788925298","91","5"
"10.904141773051332","92","5"
"11.011809459708852","93","5"
"11.197682944598663","94","5"
"10.188291494961092","95","5"
"10.118846244790612","96","5"
"10.762769668404058","97","5"
"11.099075537961799","98","5"
"8.50111737894011","99","5"
"7.777957828485846","100","5"
"8.082671178212381","101","5"
"8.155439926867693","102","5"
"8.161899040385217","103","5"
"8.383565149375112","104","5"
"9.236486598894356","105","5"
"9.738105112334198","106","5"
"10.224314427808967","107","5"
"10.15386199010031","108","5"
"10.350309842185233","109","5"
"10.553759520985217","110","5"
"10.35302836697372","111","5"
"9.853750958484486","112","5"
"9.435179685781284","113","5"
"9.143531123202022","114","5"
"9.466993147736565","115","5"
"9.011134998961978","116","5"
"9.234501976622743","117","5"
"9.872544813477464","118","5"
"10.478185193038664","119","5"
"10.8757730247113","120","5"
"10.601815810416106","121","5"
"9.776545736055985","122","5"
"9.005917789553344","123","5"
"9.009093625970218","124","5"
"9.186143751321548","125","5"
"8.954411276728552","126","5"
"8.631939359418356","127","5"
"8.929307623219607","128","5"
"9.632521223964083","129","5"
"9.885813462434983","130","5"
"9.3496018037083","131","5"
"10.016407338076903","132","5"
"9.94244847723206","133","5"
"9.976297251422581","134","5"
"10.054306901534746","135","5"
"9.642280143918223","136","5"
"9.436139489223024","137","5"
"9.41364967470812","138","5"
"9.590228163006563","139","5"
"9.813895423604038","140","5"
"10.191105889898182","141","5"
"9.922553768463766","142","5"
"9.235095930761776","143","5"
"9.429182842692935","144","5"
"9.70713795238036","145","5"
"9.562097437104436","146","5"
"9.734462046687362","147","5"
"9.438343400685115","148","5"
"8.899031389509135","149","5"
"8.638012237452147","150","5"
"8.865551770488514","151","5"
"9.290624031027019","152","5"
"10.230008233071278","153","5"
"10.508269686451934","154","5"
"10.608304125760503","155","5"
"10.771555561447682","156","5"
"9.960165721475809","157","5"
"9.390947182737122","158","5"
"9.160864335873502","159","5"
"9.390972527718937","160","5"
"9.248387169811782","161","5"
"8.715105611373946","162","5"
"9.26572534128405","163","5"
"8.633311294303507","164","5"
"8.505557158580492","165","5"
"9.558975596518383","166","5"
"10.360734343400923","167","5"
"10.788567554023562","168","5"
"10.422210249724483","169","5"
"10.349399626751389","170","5"
"9.877489288842666","171","5"
"9.791799007285116","172","5"
"10.246538670992688","173","5"
"9.858229306575454","174","5"
"9.487457567617808","175","5"
"9.010169685741584","176","5"
"8.439422734403937","177","5"
"8.847774469657425","178","5"
"9.349099311894943","179","5"
"10.32330972286316","180","5"
"10.603102894709968","181","5"
"10.355244399948853","182","5"
"9.924176949255596","183","5"
"9.122847414130302","184","5"
"9.319795003139253","185","5"
"9.788737774264272","186","5"
"10.284891138255993","187","5"
"9.675236333966597","188","5"
"9.061950585543405","189","5"
"9.238213363524904","190","5"
"9.300352096220688","191","5"
"9.528567128120187","192","5"
"10.096584535112033","193","5"
"10.203371759140449","194","5"
"10.391117466817306","195","5"
"9.827586121606545","196","5"
"9.784374029569332","197","5"
"9.411360912654738","198","5"
"9.140148119107714","199","5"
"9.186431912745217","200","5"
"9.103606165110518","201","5"
"9.724407802597304","202","5"
"9.112117671177112","203","5"
"9.188664475056314","204","5"
"9.652274882398803","205","5"
"9.969588544931977","206","5"
"10.65296418762831","207","5"
"9.864205212504913","208","5"
"9.680398996566543","209","5"
"9.626849457816393","210","5"
"9.56691849342776","211","5"
"9.791673384331776","212","5"
"9.167718500520603","213","5"
"9.071822455959976","214","5"
"9.102993477724057","215","5"
"9.451815911452876","216","5"
"9.862150065066514","217","5"
"9.5521611022776","218","5"
"9.68412691280467","219","5"
"9.64856018962945","220","5"
"9.912382717066219","221","5"
"10.170051923700829","222","5"
"9.091725980374118","223","5"
"9.117963546330309","224","5"
"8.953582606018806","225","5"
"9.176913770118311","226","5"
"9.483465182004231","227","5"
"9.061341755002003","228","5"
"9.438091052822706","229","5"
"9.770149984992997","230","5"
"10.332764503035529","231","5"
"10.760144809852708","232","5"
"9.79822340919711","233","5"
"9.701763714280052","234","5"
"9.286324199764481","235","5"
"9.29605336691388","236","5"
"9.448463762119037","237","5"
"8.610770789824974","238","5"
"8.857443580219483","239","5"
"9.03373611100572","240","5"
"9.904070664986943","241","5"
"10.846524915697893","242","5"
"10.187224801813441","243","5"
"10.171559399140898","244","5"
"9.787340494397306","245","5"
"10.013583025538233","246","5"
"10.378597045801168","247","5"
"9.365097505198259","248","5"
"9.051787798813839","249","5"
"8.581456563467704","250","5"
"8.9459758056074","251","5"
"9.8296787355398","252","5"
"10.034174170328546","253","5"
"10.144981328863816","254","5"
"10.340972971276086","255","5"
"10.902833751598582","256","5"
"10.98632012169404","257","5"
"10.138494115475151","258","5"
"9.667894002930641","259","5"
"9.144928403068988","260","5"
"9.191847474185439","261","5"
"9.68018411519899","262","5"
"9.330763870486079","263","5"
"9.398001903327275","264","5"
"9.859181396327077","265","5"
"10.753668616021354","266","5"
"11.633505334271382","267","5"
"10.812746666674158","268","5"
"10.062600220366594","269","5"
"9.51497230026628","270","5"
"9.32109971872481","271","5"
"9.567806669746982","272","5"
"9.045952943217955","273","5"
"8.722590645677073","274","5"
"8.932899998902815","275","5"
"9.573517004345259","276","5"
"10.597130294647702","277","5"
"11.084310433121521","278","5"
"10.526977588897891","279","5"
"10.222311072289925","280","5"
"10.27914333716286","281","5"
"10.55655518267488","282","5"
"9.936437308719208","283","5"
"9.247299539505239","284","5"
"8.789544373939659","285","5"
"8.608337671570826","286","5"
"9.183894659674484","287","5"
"9.615864061133601","288","5"
"9.899995632693537","289","5"
"10.362668275708907","290","5"
"10.829248453746564","291","5"
"11.704251994160225","292","5"
"10.8712296612322","293","5"
"10.015601808437507","294","5"
"9.111823448996923","295","5"
"8.44796895207606","296","5"
"8.890576083184824","297","5"
"8.93925167173656","298","5"
"8.933965590094736","299","5"
"8.8501144726523","300","5"
"15.568876860280248","1","6"
"7.989885954680494","2","6"
"2.693155288159901","3","6"
"4.900215864241062","4","6"
"12.341852395788933","5","6"
"17.053356688154878","6","6"
"14.524349552158295","7","6"
"7.5989925040739585","8","6"
"3.460886193045623","9","6"
"6.582546333846235","10","6"
"11.98114261461146","11","6"
"15.185138408235389","12","6"
"12.877630985913315","13","6"
"7.08654066384221","14","6"
"5.14086756852114","15","6"
"8.915293501210037","16","6"
"12.974426777328341","17","6"
"14.213156151755348","18","6"
"10.361620315808683","19","6"
"5.705608861124587","20","6"
"5.6447946792175205","21","6"
"9.972508727619248","22","6"
"14.172963418421197","23","6"
"13.676175327928394","24","6"
"9.185690847516089","25","6"
"4.356411455038543","26","6"
"6.21831249824088","27","6"
"11.612071193346818","28","6"
"14.80422316677347","29","6"
"13.560593395210505","30","6"
"7.799647623140012","31","6"
"4.270158625080294","32","6"
"5.911345649044358","33","6"
"11.373831670161998","34","6"
"15.346055901684215","35","6"
"14.145202949644702","36","6"
"7.584660467835982","37","6"
"3.0683009649029995","38","6"
"5.646113720227582","39","6"
"12.363549904133217","40","6"
"16.055887297571484","41","6"
"13.785200624046562","42","6"
"7.03303906016636","43","6"
"3.0346968248847705","44","6"
"6.148591208159774","45","6"
"12.176325421517143","46","6"
"15.56147943145774","47","6"
"13.963617174504389","48","6"
"6.5519174743018285","49","6"
"3.7497724280960854","50","6"
"6.719148623111679","51","6"
"12.648185069462238","52","6"
"15.379247910259034","53","6"
"12.346072886238836","54","6"
"5.773862346171942","55","6"
"3.6939310969142936","56","6"
"7.353989176611983","57","6"
"13.425464971735336","58","6"
"15.928708382740076","59","6"
"13.049786223907343","60","6"
"6.393310782021004","61","6"
"3.411765138889611","62","6"
"7.002260885620397","63","6"
"12.695941626934284","64","6"
"15.577603247714396","65","6"
"14.03986259349115","66","6"
"7.100661675557691","67","6"
"3.0464938119634772","68","6"
"6.05513489358768","69","6"
"11.881537938038","70","6"
"14.815251539729772","71","6"
"12.716451227000501","72","6"
"7.213218739793859","73","6"
"4.322985280870878","74","6"
"6.719554693798569","75","6"
"12.362099730391162","76","6"
"15.455692783233115","77","6"
"14.095556538093915","78","6"
"7.916315533230845","79","6"
"1.9209347401369672","80","6"
"3.9130461783868196","81","6"
"10.957238407996023","82","6"
"17.136240288465455","83","6"
"18.106587242640625","84","6"
"12.052082116753239","85","6"
"3.4221193904274463","86","6"
"1.160932677259865","87","6"
"5.96813383568805","88","6"
"12.802115061620507","89","6"
"17.30297390426274","90","6"
"16.583072836905178","91","6"
"9.406645644081594","92","6"
"2.789322413830366","93","6"
"3.588436466958395","94","6"
"9.607621432265383","95","6"
"15.580993965498823","96","6"
"17.044710743489095","97","6"
"12.6413011520104","98","6"
"6.390756448636441","99","6"
"3.692110115068741","100","6"
"6.314219562358819","101","6"
"11.284546809009777","102","6"
"14.826526750769828","103","6"
"14.122784762252316","104","6"
"8.563796069944106","105","6"
"4.4948435417953885","106","6"
"5.634636300310879","107","6"
"11.132111068822807","108","6"
"16.008444797482788","109","6"
"18.013261509822662","110","6"
"13.593210182893719","111","6"
"7.2177527366492455","112","6"
"4.743483047680881","113","6"
"5.606259838280729","114","6"
"10.254269992401703","115","6"
"14.576693551338682","116","6"
"15.939874500162759","117","6"
"12.763491513247367","118","6"
"7.27994546517585","119","6"
"4.7231089881695825","120","6"
"6.659365871768871","121","6"
"11.953536419637313","122","6"
"17.109148706817706","123","6"
"18.140200198304704","124","6"
"13.959406601656065","125","6"
"7.981008599311193","126","6"
"4.512761341982187","127","6"
"4.772363654457984","128","6"
"8.613252394131289","129","6"
"13.67712080594563","130","6"
"16.80686682241172","131","6"
"16.330728280362976","132","6"
"11.532998155954195","133","6"
"6.2163466092166955","134","6"
"4.5768408942092735","135","6"
"7.480818771476652","136","6"
"13.307901722613027","137","6"
"18.052277354436054","138","6"
"17.968732580686847","139","6"
"14.071396158690744","140","6"
"7.891658722770839","141","6"
"3.391544251224928","142","6"
"3.1605068352092895","143","6"
"7.696286379479417","144","6"
"13.650466700723106","145","6"
"17.917033225609124","146","6"
"18.793859400801935","147","6"
"15.126373313010202","148","6"
"9.05276853941447","149","6"
"3.0117846858359423","150","6"
"2.004334193474141","151","6"
"7.209405972964443","152","6"
"13.563028717376117","153","6"
"18.38615230965111","154","6"
"18.153944892138032","155","6"
"14.323931353574416","156","6"
"7.375689439845594","157","6"
"1.9320836395013525","158","6"
"1.5601474088249234","159","6"
"8.200068582997167","160","6"
"14.949125937583014","161","6"
"20.766152991695733","162","6"
"20.859411505214105","163","6"
"12.964791276416081","164","6"
"2.752239124080294","165","6"
"-0.45417931921833754","166","6"
"4.044862949401266","167","6"
"11.12693738666555","168","6"
"17.855772200653117","169","6"
"20.823002887860365","170","6"
"19.284824757211894","171","6"
"12.60959457976103","172","6"
"5.083896457226093","173","6"
"1.650946770385","174","6"
"5.267930778000789","175","6"
"11.404978448899996","176","6"
"17.4211851033549","177","6"
"20.55161543432997","178","6"
"17.510115134761726","179","6"
"9.870150263673903","180","6"
"3.804644038234558","181","6"
"3.001275885006828","182","6"
"6.749520726970752","183","6"
"12.637628333558824","184","6"
"18.05179690173732","185","6"
"20.392545920642107","186","6"
"17.04112277562881","187","6"
"9.183304011402644","188","6"
"4.623174275854674","189","6"
"5.237734436080818","190","6"
"9.293965160803548","191","6"
"14.321470686426991","192","6"
"18.139645914571986","193","6"
"18.119995839975985","194","6"
"13.599697396282382","195","6"
"8.240610085320192","196","6"
"5.308105329065376","197","6"
"6.246232750598377","198","6"
"10.31357174006791","199","6"
"15.370298927767214","200","6"
"18.673655865748042","201","6"
"17.60812087356944","202","6"
"13.12191583823865","203","6"
"8.057949352364243","204","6"
"6.453998239019001","205","6"
"8.58633271757758","206","6"
"12.354939222050827","207","6"
"16.222723395251755","208","6"
"17.83617061210928","209","6"
"15.297678943135592","210","6"
"10.327045352791403","211","6"
"6.583825704449978","212","6"
"6.778991982019695","213","6"
"10.48430655712462","214","6"
"14.435466904847905","215","6"
"17.22791969942124","216","6"
"17.570112216494223","217","6"
"13.486592660047885","218","6"
"8.09483952437245","219","6"
"4.870184815680748","220","6"
"5.999704316404634","221","6"
"10.528582036442293","222","6"
"15.769652092520985","223","6"
"18.818029697806683","224","6"
"17.397180099709807","225","6"
"12.936136019585977","226","6"
"7.716414151884827","227","6"
"4.702936586557066","228","6"
"6.84493191100972","229","6"
"12.286471406613785","230","6"
"17.198598861329582","231","6"
"19.820082122275494","232","6"
"18.53741887480744","233","6"
"12.886661513129232","234","6"
"5.9676451183213315","235","6"
"1.9952678526969654","236","6"
"4.401749770658809","237","6"
"9.452911255449536","238","6"
"15.397900714918439","239","6"
"19.1784926409004","240","6"
"20.005574330482364","241","6"
"13.542242526421408","242","6"
"5.0881527612372555","243","6"
"0.37078479024583655","244","6"
"3.7770196609908466","245","6"
"11.720657911084029","246","6"
"17.61801974190142","247","6"
"20.46894010365256","248","6"
"16.63616065620402","249","6"
"6.575972065954818","250","6"
"0.014902665288659708","251","6"
"4.312503753446107","252","6"
"11.033544434547991","253","6"
"14.848844660190691","254","6"
"15.643601580358165","255","6"
"14.03307454618791","256","6"
"12.582318971506194","257","6"
"11.45767727782578","258","6"
"10.996991460993485","259","6"
"11.30911050421051","260","6"
"10.807030822297227","261","6"
"9.956306672505686","262","6"
"10.784246785602132","263","6"
"12.284945197926287","264","6"
"14.080447623065552","265","6"
"15.20355429241262","266","6"
"14.747000809571745","267","6"
"11.94879139825943","268","6"
"8.154276812593576","269","6"
"7.2892299931877735","270","6"
"9.780351891151016","271","6"
"13.589930762638128","272","6"
"15.491514058182206","273","6"
"14.929400929997302","274","6"
"12.602434071420697","275","6"
"9.085159426172819","276","6"
"8.279062279577154","277","6"
"9.811871130926107","278","6"
"12.127676279902952","279","6"
"13.826268310231162","280","6"
"13.639242179646677","281","6"
"11.568667361012402","282","6"
"10.197899446980077","283","6"
"10.25326611073072","284","6"
"11.608650722757652","285","6"
"13.400728269484828","286","6"
"12.678735690149741","287","6"
"9.5710409098176","288","6"
"6.882853513582185","289","6"
"7.032485878389375","290","6"
"10.769804553791051","291","6"
"14.908258807341465","292","6"
"16.53761275517663","293","6"
"14.765405674191665","294","6"
"8.528052482874052","295","6"
"3.8717068601145175","296","6"
"4.239493400996762","297","6"
"10.263223382716447","298","6"
"17.714100364047","299","6"
"20.481425262085303","300","6"
"11.286525921502735","1","7"
"4.336415366342994","2","7"
"2.6286142919704383","3","7"
"7.919517816585263","4","7"
"14.768331366657591","5","7"
"16.83942741035265","6","7"
"11.733905622882657","7","7"
"5.093189249905999","8","7"
"3.7043660667094276","9","7"
"9.175978209702654","10","7"
"14.201666059347737","11","7"
"14.406881071228856","12","7"
"9.881307565450738","13","7"
"4.699636229142585","14","7"
"5.590397185532331","15","7"
"10.195853115187525","16","7"
"12.934814774664453","17","7"
"12.187505864364331","18","7"
"7.763771801382233","19","7"
"5.125673802901486","20","7"
"8.021256430431894","21","7"
"12.487473641735118","22","7"
"13.490194953332672","23","7"
"9.341018670519187","24","7"
"5.343824673109347","25","7"
"4.657349228941584","26","7"
"8.92815167165774","27","7"
"14.051043036338337","28","7"
"14.651241958499632","29","7"
"10.794863027115023","30","7"
"4.902421979614615","31","7"
"4.447080097100025","32","7"
"9.186096918202978","33","7"
"14.296988535950355","34","7"
"15.223121720328793","35","7"
"9.1921868765506","36","7"
"3.9251346327563876","37","7"
"3.264649365483195","38","7"
"8.655738848319608","39","7"
"13.786321313025036","40","7"
"14.465826887193936","41","7"
"10.543296451318941","42","7"
"5.106418228457199","43","7"
"5.968892532208875","44","7"
"10.595537968616341","45","7"
"13.520327932798107","46","7"
"12.352660377599026","47","7"
"7.122171851427697","48","7"
"4.017419843875312","49","7"
"6.228772262039963","50","7"
"11.754923224540885","51","7"
"14.73056183397601","52","7"
"12.657108706972245","53","7"
"6.861195124666353","54","7"
"4.299872310390067","55","7"
"7.213700294448326","56","7"
"12.636438221369295","57","7"
"14.833376507594007","58","7"
"12.351416269578676","59","7"
"5.602536329865527","60","7"
"3.0115094723921136","61","7"
"6.257144316247189","62","7"
"12.182404911285321","63","7"
"15.523960042727106","64","7"
"13.85212459950441","65","7"
"7.538402019180293","66","7"
"3.651493128778139","67","7"
"6.759858724661554","68","7"
"12.121799549989287","69","7"
"15.261328729435599","70","7"
"13.215998614643842","71","7"
"6.617724617626262","72","7"
"3.3189818437802536","73","7"
"6.516037795698991","74","7"
"11.873730581683544","75","7"
"14.98462323754718","76","7"
"13.234764920743546","77","7"
"7.916442809117782","78","7"
"4.22228746421222","79","7"
"6.444302681519399","80","7"
"11.586308570310708","81","7"
"14.800558062012012","82","7"
"13.627856773033516","83","7"
"8.935743595666779","84","7"
"4.667099333249873","85","7"
"6.41411460426741","86","7"
"11.598559012172739","87","7"
"14.749690683511227","88","7"
"13.99963680148507","89","7"
"9.192781932645365","90","7"
"4.221227382798954","91","7"
"4.6634744498725995","92","7"
"10.60490679624169","93","7"
"14.977958609285816","94","7"
"16.160003380907845","95","7"
"11.381059397801925","96","7"
"4.944535421787976","97","7"
"3.1071820954282723","98","7"
"7.946264486089197","99","7"
"14.253818318230921","100","7"
"17.224678847616232","101","7"
"14.817455451191863","102","7"
"8.849332635061122","103","7"
"3.698845819474756","104","7"
"4.819956571503968","105","7"
"10.35719045376988","106","7"
"14.838939180124324","107","7"
"16.686783400532512","108","7"
"13.272046287036272","109","7"
"7.13956236579719","110","7"
"3.1552202025895992","111","7"
"5.964542561960573","112","7"
"11.979206478392015","113","7"
"17.13780396364781","114","7"
"18.14247243102212","115","7"
"13.098396797070947","116","7"
"5.934836039363052","117","7"
"3.2277175946461423","118","7"
"6.7673498197212005","119","7"
"12.06511164131712","120","7"
"16.546816289442322","121","7"
"16.444930564505597","122","7"
"11.582586163851236","123","7"
"4.957845945063274","124","7"
"3.1806211086569935","125","7"
"7.434822588284952","126","7"
"13.749085126917281","127","7"
"18.835193760273448","128","7"
"18.823050208117326","129","7"
"12.95007465762797","130","7"
"6.035207126147455","131","7"
"3.7406270219952074","132","7"
"7.17417424433146","133","7"
"12.533767903952066","134","7"
"16.98642389705118","135","7"
"16.933768044398906","136","7"
"12.213906519768715","137","7"
"5.635551474545512","138","7"
"3.536439583833287","139","7"
"7.270491786959212","140","7"
"13.420739785560611","141","7"
"18.4045064843074","142","7"
"19.299064229168465","143","7"
"14.469226420624212","144","7"
"7.403425665596006","145","7"
"3.6196603825975657","146","7"
"5.8786599891279545","147","7"
"11.489128196345547","148","7"
"16.88949807485989","149","7"
"18.792554685216377","150","7"
"15.650244169504907","151","7"
"8.975929166288676","152","7"
"4.440523735989237","153","7"
"5.235112332418796","154","7"
"10.40842147766191","155","7"
"16.51458188039778","156","7"
"20.436286951430223","157","7"
"20.02169153500463","158","7"
"14.776088033048419","159","7"
"7.148867279990137","160","7"
"3.0692676555680594","161","7"
"5.201710952255079","162","7"
"10.667341404051259","163","7"
"16.30045865838689","164","7"
"19.275504415638714","165","7"
"17.85501625902162","166","7"
"13.300635426522513","167","7"
"8.14440053435408","168","7"
"5.742605922838705","169","7"
"7.5059080995610925","170","7"
"11.73952780102245","171","7"
"16.280537502681053","172","7"
"18.73914509484407","173","7"
"17.87492639517015","174","7"
"14.143254691912214","175","7"
"9.273343161252766","176","7"
"5.4465875548079845","177","7"
"5.648200273404316","178","7"
"8.596105411978357","179","7"
"13.10047618753543","180","7"
"16.369022343972535","181","7"
"17.186836585856405","182","7"
"15.710209294521205","183","7"
"12.304194160636188","184","7"
"7.252467097066503","185","7"
"4.500924133519297","186","7"
"5.54847438170044","187","7"
"9.674749269533475","188","7"
"14.899366024591929","189","7"
"18.220270505633923","190","7"
"18.575773545982205","191","7"
"15.568771072530067","192","7"
"10.821763970421303","193","7"
"5.3939779842964155","194","7"
"2.7084669630427762","195","7"
"5.465134571717209","196","7"
"11.70954909535936","197","7"
"16.641418086996836","198","7"
"18.603895456238483","199","7"
"17.785310947298612","200","7"
"14.563975880246687","201","7"
"7.298774582752223","202","7"
"-0.0719706572171033","203","7"
"-0.2549198270856527","204","7"
"7.414143838014019","205","7"
"17.449746693947866","206","7"
"23.0265440928255","207","7"
"22.45486268302793","208","7"
"17.308818677460202","209","7"
"9.316307313250494","210","7"
"4.093276272489015","211","7"
"4.70938688442874","212","7"
"8.768870031491652","213","7"
"13.90232088696499","214","7"
"17.50379211277699","215","7"
"17.834151829210008","216","7"
"14.233697708537765","217","7"
"10.318560293662353","218","7"
"8.550748914088528","219","7"
"9.268669766997402","220","7"
"11.537279253969306","221","7"
"13.799697953644195","222","7"
"14.432634878619119","223","7"
"13.395782692163896","224","7"
"11.933324347618479","225","7"
"11.446394353095606","226","7"
"12.162908008535934","227","7"
"12.95804400147489","228","7"
"12.774253212916754","229","7"
"11.862571075995247","230","7"
"10.748944531802362","231","7"
"11.127468529327913","232","7"
"12.270215355669404","233","7"
"13.725459196043667","234","7"
"14.547696688231953","235","7"
"14.333160232821921","236","7"
"13.135677061407945","237","7"
"11.080579211016202","238","7"
"9.594164348877856","239","7"
"8.9661404935298","240","7"
"10.2592001423424","241","7"
"12.525469075341563","242","7"
"14.325102732516516","243","7"
"14.917809457662434","244","7"
"13.896278863691668","245","7"
"11.788009445365523","246","7"
"9.377194775213676","247","7"
"8.384872068872133","248","7"
"9.062135163128355","249","7"
"11.739023105297631","250","7"
"14.719288826847416","251","7"
"16.40433120950669","252","7"
"16.493376946265276","253","7"
"14.719423265446604","254","7"
"11.492004300803574","255","7"
"8.268782685540097","256","7"
"6.221670157353375","257","7"
"7.417516924506749","258","7"
"10.778216883841852","259","7"
"14.557819253577335","260","7"
"16.331526096312253","261","7"
"15.91486230897949","262","7"
"13.790998013147592","263","7"
"10.965771953177239","264","7"
"8.232760303670089","265","7"
"5.941033438394451","266","7"
"6.656584535503712","267","7"
"10.015764897885703","268","7"
"14.968782623913402","269","7"
"18.004040344265274","270","7"
"17.629586971210205","271","7"
"15.331329365294526","272","7"
"12.492738786218053","273","7"
"9.308476815825685","274","7"
"7.118178363858388","275","7"
"6.636949888287945","276","7"
"8.955144077289697","277","7"
"12.949439931126888","278","7"
"16.21721471855226","279","7"
"16.98313455919401","280","7"
"15.429162097052465","281","7"
"12.900037051792662","282","7"
"9.857784116460113","283","7"
"6.870878560652915","284","7"
"5.8676492474633495","285","7"
"7.788781237676174","286","7"
"11.839359480476507","287","7"
"15.883842255150563","288","7"
"18.21476403284589","289","7"
"17.54308234436741","290","7"
"14.652433172644892","291","7"
"11.229036891014097","292","7"
"8.230187237038098","293","7"
"7.47079207627987","294","7"
"9.225761263764092","295","7"
"12.283200802004043","296","7"
"15.27098626946248","297","7"
"16.70372156207441","298","7"
"15.98714289124595","299","7"
"13.702569371598393","300","7"
"9.37297318280804","1","8"
"9.838182527916278","2","8"
"9.3276552533688","3","8"
"9.572216696582625","4","8"
"10.503626045001308","5","8"
"10.695648442870352","6","8"
"10.027887512882932","7","8"
"9.358725997161356","8","8"
"8.729574290122573","9","8"
"8.894658829168348","10","8"
"11.10981960633949","11","8"
"14.180245141891946","12","8"
"13.380434652741895","13","8"
"8.48432467555471","14","8"
"6.926586830680183","15","8"
"6.340723250624056","16","8"
"6.610129387750032","17","8"
"7.643306551842217","18","8"
"9.349557725479057","19","8"
"9.7615921967857","20","8"
"10.048100686857499","21","8"
"10.352866379481258","22","8"
"11.359852259757957","23","8"
"12.156170651196323","24","8"
"12.799373395761666","25","8"
"12.665018545209689","26","8"
"11.966611124386166","27","8"
"10.619488976430613","28","8"
"8.629187775957934","29","8"
"7.467418438809274","30","8"
"7.722120629638045","31","8"
"9.418124716931894","32","8"
"10.896130554886632","33","8"
"10.485512096694384","34","8"
"8.23522648059617","35","8"
"8.374028824478646","36","8"
"9.722581861950962","37","8"
"11.61425526960575","38","8"
"12.490439004607362","39","8"
"12.005094724381463","40","8"
"11.446182777595245","41","8"
"10.702353843493764","42","8"
"10.691384976146937","43","8"
"11.215718654048683","44","8"
"11.297069433937377","45","8"
"10.199385985261257","46","8"
"7.4256857223409884","47","8"
"6.337993706278257","48","8"
"6.39573563560717","49","8"
"7.951937354192618","50","8"
"9.817836017298255","51","8"
"10.66759595582513","52","8"
"12.355368984785935","53","8"
"13.656355552149812","54","8"
"12.045951937021433","55","8"
"11.016523626326265","56","8"
"11.340767488451982","57","8"
"12.559655047985784","58","8"
"12.14088101542807","59","8"
"8.432862240959158","60","8"
"5.606958478214212","61","8"
"4.263197846216213","62","8"
"4.673269183387997","63","8"
"7.245955640651756","64","8"
"10.135462635259046","65","8"
"11.381197142268306","66","8"
"12.770988118085668","67","8"
"12.432706441902162","68","8"
"12.274811613023594","69","8"
"11.650657275225102","70","8"
"12.212075069343719","71","8"
"10.736907869352153","72","8"
"8.051000419524271","73","8"
"6.636330589167097","74","8"
"6.270017914075126","75","8"
"6.544239046767904","76","8"
"8.230270985673657","77","8"
"10.684048154889638","78","8"
"11.83087662525892","79","8"
"12.749187025902666","80","8"
"14.332220264583338","81","8"
"14.250447435649654","82","8"
"11.569720830691281","83","8"
"8.91098871114671","84","8"
"7.441855269760484","85","8"
"5.945695813092504","86","8"
"6.399031034220861","87","8"
"6.844151726352139","88","8"
"7.423015683604666","89","8"
"9.610763108054593","90","8"
"11.72199788925298","91","8"
"10.904141773051332","92","8"
"11.011809459708852","93","8"
"11.197682944598663","94","8"
"10.188291494961092","95","8"
"10.118846244790612","96","8"
"10.762769668404058","97","8"
"11.099075537961799","98","8"
"8.50111737894011","99","8"
"7.777957828485846","100","8"
"8.082671178212381","101","8"
"8.155439926867693","102","8"
"8.161899040385217","103","8"
"8.383565149375112","104","8"
"9.236486598894356","105","8"
"9.738105112334198","106","8"
"10.224314427808967","107","8"
"10.15386199010031","108","8"
"10.350309842185233","109","8"
"10.553759520985217","110","8"
"10.35302836697372","111","8"
"9.853750958484486","112","8"
"9.435179685781284","113","8"
"9.143531123202022","114","8"
"9.466993147736565","115","8"
"9.011134998961978","116","8"
"9.234501976622743","117","8"
"9.872544813477464","118","8"
"10.478185193038664","119","8"
"10.8757730247113","120","8"
"10.601815810416106","121","8"
"9.776545736055985","122","8"
"9.005917789553344","123","8"
"9.009093625970218","124","8"
"9.186143751321548","125","8"
"8.954411276728552","126","8"
"8.631939359418356","127","8"
"8.929307623219607","128","8"
"9.632521223964083","129","8"
"9.885813462434983","130","8"
"9.3496018037083","131","8"
"10.016407338076903","132","8"
"9.94244847723206","133","8"
"9.976297251422581","134","8"
"10.054306901534746","135","8"
"9.642280143918223","136","8"
"9.436139489223024","137","8"
"9.41364967470812","138","8"
"9.590228163006563","139","8"
"9.813895423604038","140","8"
"10.191105889898182","141","8"
"9.922553768463766","142","8"
"9.235095930761776","143","8"
"9.429182842692935","144","8"
"9.70713795238036","145","8"
"9.562097437104436","146","8"
"9.734462046687362","147","8"
"9.438343400685115","148","8"
"8.899031389509135","149","8"
"8.638012237452147","150","8"
"8.865551770488514","151","8"
"9.290624031027019","152","8"
"10.230008233071278","153","8"
"10.508269686451934","154","8"
"10.608304125760503","155","8"
"10.771555561447682","156","8"
"9.960165721475809","157","8"
"9.390947182737122","158","8"
"9.160864335873502","159","8"
"9.390972527718937","160","8"
"9.248387169811782","161","8"
"8.715105611373946","162","8"
"9.26572534128405","163","8"
"8.633311294303507","164","8"
"8.505557158580492","165","8"
"9.558975596518383","166","8"
"10.360734343400923","167","8"
"10.788567554023562","168","8"
"10.422210249724483","169","8"
"10.349399626751389","170","8"
"9.877489288842666","171","8"
"9.791799007285116","172","8"
"10.246538670992688","173","8"
"9.858229306575454","174","8"
"9.487457567617808","175","8"
"9.010169685741584","176","8"
"8.439422734403937","177","8"
"8.847774469657425","178","8"
"9.349099311894943","179","8"
"10.32330972286316","180","8"
"10.603102894709968","181","8"
"10.355244399948853","182","8"
"9.924176949255596","183","8"
"9.122847414130302","184","8"
"9.319795003139253","185","8"
"9.788737774264272","186","8"
"10.284891138255993","187","8"
"9.675236333966597","188","8"
"9.061950585543405","189","8"
"9.238213363524904","190","8"
"9.300352096220688","191","8"
"9.528567128120187","192","8"
"10.096584535112033","193","8"
"10.203371759140449","194","8"
"10.391117466817306","195","8"
"9.827586121606545","196","8"
"9.784374029569332","197","8"
"9.411360912654738","198","8"
"9.140148119107714","199","8"
"9.186431912745217","200","8"
"9.103606165110518","201","8"
"9.724407802597304","202","8"
"9.112117671177112","203","8"
"9.188664475056314","204","8"
"9.652274882398803","205","8"
"9.969588544931977","206","8"
"10.65296418762831","207","8"
"9.864205212504913","208","8"
"9.680398996566543","209","8"
"9.626849457816393","210","8"
"9.56691849342776","211","8"
"9.791673384331776","212","8"
"9.167718500520603","213","8"
"9.071822455959976","214","8"
"9.102993477724057","215","8"
"9.451815911452876","216","8"
"9.862150065066514","217","8"
"9.5521611022776","218","8"
"9.68412691280467","219","8"
"9.64856018962945","220","8"
"9.912382717066219","221","8"
"10.170051923700829","222","8"
"9.091725980374118","223","8"
"9.117963546330309","224","8"
"8.953582606018806","225","8"
"9.176913770118311","226","8"
"9.483465182004231","227","8"
"9.061341755002003","228","8"
"9.438091052822706","229","8"
"9.770149984992997","230","8"
"10.332764503035529","231","8"
"10.760144809852708","232","8"
"9.79822340919711","233","8"
"9.701763714280052","234","8"
"9.286324199764481","235","8"
"9.29605336691388","236","8"
"9.448463762119037","237","8"
"8.610770789824974","238","8"
"8.857443580219483","239","8"
"9.03373611100572","240","8"
"9.904070664986943","241","8"
"10.846524915697893","242","8"
"10.187224801813441","243","8"
"10.171559399140898","244","8"
"9.787340494397306","245","8"
"10.013583025538233","246","8"
"10.378597045801168","247","8"
"9.365097505198259","248","8"
"9.051787798813839","249","8"
"8.581456563467704","250","8"
"8.9459758056074","251","8"
"9.8296787355398","252","8"
"10.034174170328546","253","8"
"10.144981328863816","254","8"
"10.340972971276086","255","8"
"10.902833751598582","256","8"
"10.98632012169404","257","8"
"10.138494115475151","258","8"
"9.667894002930641","259","8"
"9.144928403068988","260","8"
"9.191847474185439","261","8"
"9.68018411519899","262","8"
"9.330763870486079","263","8"
"9.398001903327275","264","8"
"9.859181396327077","265","8"
"10.753668616021354","266","8"
"11.633505334271382","267","8"
"10.812746666674158","268","8"
"10.062600220366594","269","8"
"9.51497230026628","270","8"
"9.32109971872481","271","8"
"9.567806669746982","272","8"
"9.045952943217955","273","8"
"8.722590645677073","274","8"
"8.932899998902815","275","8"
"9.573517004345259","276","8"
"10.597130294647702","277","8"
"11.084310433121521","278","8"
"10.526977588897891","279","8"
"10.222311072289925","280","8"
"10.27914333716286","281","8"
"10.55655518267488","282","8"
"9.936437308719208","283","8"
"9.247299539505239","284","8"
"8.789544373939659","285","8"
"8.608337671570826","286","8"
"9.183894659674484","287","8"
"9.615864061133601","288","8"
"9.899995632693537","289","8"
"10.362668275708907","290","8"
"10.829248453746564","291","8"
"11.704251994160225","292","8"
"10.8712296612322","293","8"
"10.015601808437507","294","8"
"9.111823448996923","295","8"
"8.44796895207606","296","8"
"8.890576083184824","297","8"
"8.93925167173656","298","8"
"8.933965590094736","299","8"
"8.8501144726523","300","8"
"10.4163897195531","1","9"
"4.1029522702743915","2","9"
"4.640976370689712","3","9"
"10.806236312215143","4","9"
"15.331804308214606","5","9"
"13.88539154106894","6","9"
"7.112113199514715","7","9"
"2.7466882975740856","8","9"
"6.57094604586552","9","9"
"13.356350308284169","10","9"
"15.772084108819403","11","9"
"12.480401289853269","12","9"
"6.159463103402267","13","9"
"3.6656786049038863","14","9"
"7.376050881325377","15","9"
"13.649770264701084","16","9"
"16.07200670600522","17","9"
"11.049509569179376","18","9"
"3.8692839349508814","19","9"
"3.6574420367921876","20","9"
"8.685663558151877","21","9"
"14.258055338016792","22","9"
"15.422402700598234","23","9"
"11.817245432865889","24","9"
"4.716111018299579","25","9"
"4.212867946623244","26","9"
"7.934173276830301","27","9"
"12.819183253938668","28","9"
"14.046558076512982","29","9"
"8.424187094466504","30","9"
"5.48822164623834","31","9"
"6.728516899759161","32","9"
"12.164433115267702","33","9"
"14.52210927615708","34","9"
"11.983809347480591","35","9"
"5.885482197058857","36","9"
"2.324900967069827","37","9"
"5.458972435269203","38","9"
"13.439431158670605","39","9"
"18.392928235441307","40","9"
"15.291228094286053","41","9"
"7.234095291118514","42","9"
"2.8169462400962115","43","9"
"4.160195564635006","44","9"
"10.517713447066992","45","9"
"16.713368082543983","46","9"
"18.050487778328836","47","9"
"12.204016467082583","48","9"
"4.139039392043598","49","9"
"2.2775787179002807","50","9"
"6.207504516430787","51","9"
"11.758518906091286","52","9"
"14.576726610010613","53","9"
"13.331188251121478","54","9"
"9.29952122159948","55","9"
"8.129226603937585","56","9"
"10.005690818592486","57","9"
"11.80185662108184","58","9"
"11.451058931705122","59","9"
"8.063999640305548","60","9"
"5.1179479912711265","61","9"
"5.66385190163022","62","9"
"10.849027457163096","63","9"
"15.79677893675213","64","9"
"14.856910976141943","65","9"
"7.353145078522002","66","9"
"2.7815773179747136","67","9"
"3.897070850664922","68","9"
"10.553100551458053","69","9"
"17.513180775605495","70","9"
"20.096946295789184","71","9"
"14.492801661534196","72","9"
"3.3145098319347386","73","9"
"-1.7169521279965556","74","9"
"2.7146043054868336","75","9"
"11.465567280860064","76","9"
"18.366539701549964","77","9"
"18.870654695698487","78","9"
"11.9198760798768","79","9"
"4.788216389604803","80","9"
"3.8622702622117107","81","9"
"7.80004542915892","82","9"
"12.805381258407325","83","9"
"15.404482696499974","84","9"
"13.308262062137079","85","9"
"9.164827519660205","86","9"
"6.266253633297875","87","9"
"8.19123365292351","88","9"
"11.392506513936025","89","9"
"12.18251951468135","90","9"
"9.257909169283744","91","9"
"6.432192188035209","92","9"
"6.199889451351398","93","9"
"10.659065716511108","94","9"
"15.45094445598804","95","9"
"16.411523674563224","96","9"
"11.45823596938142","97","9"
"3.3729495747303355","98","9"
"-0.8042495111958663","99","9"
"4.194721215133321","100","9"
"14.151100616717258","101","9"
"20.51669445721314","102","9"
"18.608746265366545","103","9"
"8.27540543948368","104","9"
"1.2088564565140958","105","9"
"2.386808564551024","106","9"
"9.287907710149993","107","9"
"17.446794554544397","108","9"
"22.008211374386228","109","9"
"19.534364836418582","110","9"
"10.050037925032676","111","9"
"2.134969116967042","112","9"
"2.2078118344008018","113","9"
"7.0392441728878765","114","9"
"12.72948956721023","115","9"
"15.652664064290283","116","9"
"13.931247224904931","117","9"
"10.133527600995329","118","9"
"8.561230166024366","119","9"
"9.5515186620864","120","9"
"11.418365007120736","121","9"
"12.627381247215833","122","9"
"11.96605684065345","123","9"
"9.474288094676085","124","9"
"7.591633092724171","125","9"
"9.586428619645918","126","9"
"12.603467705896417","127","9"
"14.759827574281113","128","9"
"12.200697376420674","129","9"
"6.8849290472016085","130","9"
"4.979279535009972","131","9"
"8.061310317343931","132","9"
"14.266274825814659","133","9"
"19.21673270867914","134","9"
"18.04663313718164","135","9"
"12.08325203656159","136","9"
"3.9587087444809455","137","9"
"-1.2969612608228338","138","9"
"3.379655526331612","139","9"
"12.417276857756065","140","9"
"17.973488621622042","141","9"
"18.351531064493123","142","9"
"12.651944942416566","143","9"
"5.1061052730295815","144","9"
"3.218985972922271","145","9"
"6.909901017000694","146","9"
"14.488746464443949","147","9"
"19.627594699087947","148","9"
"17.890863980908257","149","9"
"11.55132478171721","150","9"
"6.521543166531293","151","9"
"6.314394222342189","152","9"
"8.463436002717012","153","9"
"10.326477845589915","154","9"
"11.536635711822374","155","9"
"11.164989020014279","156","9"
"9.803490757591506","157","9"
"11.803419194308463","158","9"
"13.49722432894101","159","9"
"13.745972101977078","160","9"
"11.29780994818864","161","9"
"7.986673753724497","162","9"
"7.75851381961155","163","9"
"9.614078892849308","164","9"
"13.224319482368966","165","9"
"14.988454737624023","166","9"
"13.927636115974295","167","9"
"9.6333168360019","168","9"
"5.006885179006256","169","9"
"4.636160273167178","170","9"
"10.118566348034927","171","9"
"17.576999439813257","172","9"
"21.05391109956654","173","9"
"18.355262286598446","174","9"
"10.270945888479613","175","9"
"2.4038263423944906","176","9"
"-0.4286969717351956","177","9"
"4.8147206288479065","178","9"
"12.416317054314325","179","9"
"17.57012984778592","180","9"
"19.326571248126818","181","9"
"14.641716653160476","182","9"
"5.597391298557276","183","9"
"2.264550295292131","184","9"
"4.06046471413034","185","9"
"11.14808391714431","186","9"
"18.66846785816628","187","9"
"21.070475698115615","188","9"
"15.592216282663788","189","9"
"6.2497661716499735","190","9"
"1.6782453819657208","191","9"
"4.513184492982908","192","9"
"9.743829772356978","193","9"
"15.179082059537564","194","9"
"16.847066167480257","195","9"
"13.966282805417787","196","9"
"9.368973083504347","197","9"
"7.354999119039486","198","9"
"7.966750394107196","199","9"
"11.783067173911785","200","9"
"15.354396604612498","201","9"
"16.39539104266072","202","9"
"12.492126098831593","203","9"
"8.290751274994218","204","9"
"6.864926346771673","205","9"
"8.381597056439466","206","9"
"12.559689208613447","207","9"
"15.190530277627394","208","9"
"14.011108160645252","209","9"
"10.518974084423308","210","9"
"7.2313789702414875","211","9"
"7.707040365458689","212","9"
"10.33984897643042","213","9"
"13.884550748846152","214","9"
"16.3290962839253","215","9"
"15.289226942678475","216","9"
"11.683723660846582","217","9"
"6.647396428618255","218","9"
"4.196114362666296","219","9"
"5.208478062399429","220","9"
"11.207109073922025","221","9"
"16.706606482178287","222","9"
"18.59067198746594","223","9"
"15.27034162535982","224","9"
"9.872910662780173","225","9"
"5.310320811062643","226","9"
"4.928862856403184","227","9"
"7.691126471768797","228","9"
"12.679286668015264","229","9"
"17.766465300386276","230","9"
"19.295493892599875","231","9"
"16.0202720883441","232","9"
"9.033692583754343","233","9"
"2.8843473623856024","234","9"
"1.492581130920342","235","9"
"6.108737877190785","236","9"
"13.331954110354555","237","9"
"17.558677221873165","238","9"
"18.405102642357896","239","9"
"16.561292681881064","240","9"
"10.598120952849913","241","9"
"3.6243128396940394","242","9"
"1.5687228283239185","243","9"
"6.123558079817615","244","9"
"12.507955692908059","245","9"
"19.21003061392292","246","9"
"23.716897319210812","247","9"
"20.797463961837657","248","9"
"12.647036831590489","249","9"
"3.087073882737089","250","9"
"-2.777611379298681","251","9"
"0.5475507831991405","252","9"
"9.535215227045583","253","9"
"17.668362589474228","254","9"
"22.887243664952592","255","9"
"23.57225681386526","256","9"
"13.83998986299414","257","9"
"-0.040176389092310326","258","9"
"-6.213315679978455","259","9"
"-0.7815260131937463","260","9"
"10.402388270034438","261","9"
"19.598051265938622","262","9"
"22.12071003496865","263","9"
"20.92850192563919","264","9"
"15.511842937508531","265","9"
"6.389635759657968","266","9"
"0.053389479680216054","267","9"
"0.423663857805879","268","9"
"6.449378840594459","269","9"
"13.782148206671566","270","9"
"19.23117494049022","271","9"
"19.83146532497719","272","9"
"15.61296280321218","273","9"
"9.24557167291896","274","9"
"5.9329786929783745","275","9"
"6.004693420976943","276","9"
"8.13885053431467","277","9"
"11.049370722757265","278","9"
"11.75408463622956","279","9"
"11.214584741601437","280","9"
"11.766088240007837","281","9"
"12.505069670848451","282","9"
"13.48761086714337","283","9"
"11.17881195270451","284","9"
"6.793144399473511","285","9"
"4.3392834816219725","286","9"
"5.834904632915336","287","9"
"11.85438244295785","288","9"
"16.21678275190569","289","9"
"15.77860548283573","290","9"
"9.28129597576372","291","9"
"2.8274927829091143","292","9"
"3.301449177121456","293","9"
"9.390983547276246","294","9"
"14.87968729914692","295","9"
"16.23857282453138","296","9"
"11.890330442816012","297","9"
"6.834784000682523","298","9"
"6.280657847636235","299","9"
"9.225478612119078","300","9"
"6.948066151789719","1","10"
"12.977753581680368","2","10"
"15.358471636905904","3","10"
"12.003880369165852","4","10"
"5.8482140542349015","5","10"
"3.357090503338063","6","10"
"8.326743353081623","7","10"
"14.485613604300587","8","10"
"15.977806020336804","9","10"
"10.085421723556543","10","10"
"3.8194262233886658","11","10"
"3.3334582362189966","12","10"
"9.13612818460086","13","10"
"14.437572742249932","14","10"
"14.659249870797138","15","10"
"10.522036419399884","16","10"
"5.040872799618888","17","10"
"5.692939676084759","18","10"
"9.97779150339388","19","10"
"13.597292928877241","20","10"
"13.218861495633098","21","10"
"7.772314162209297","22","10"
"5.011615874959634","23","10"
"6.1225541981466325","24","10"
"11.64395077264596","25","10"
"14.618576684764253","26","10"
"12.336316170196161","27","10"
"7.68222266946195","28","10"
"4.383990652097282","29","10"
"7.150224338472919","30","10"
"12.236586972625092","31","10"
"14.083061462059591","32","10"
"11.89834166098071","33","10"
"6.972382457928832","34","10"
"3.97175562484759","35","10"
"7.26570378930782","36","10"
"12.63314227177774","37","10"
"14.686895736177606","38","10"
"11.078628749372252","39","10"
"5.247757825410407","40","10"
"3.241232806198481","41","10"
"8.243535226808252","42","10"
"14.646111252615885","43","10"
"16.721150093916624","44","10"
"12.694656746551885","45","10"
"5.218023202941744","46","10"
"2.7989752705453905","47","10"
"6.201172127822335","48","10"
"13.293891457448517","49","10"
"17.126411945300262","50","10"
"14.487201522509023","51","10"
"7.7897674880554595","52","10"
"3.2311504622372813","53","10"
"5.5382735774981535","54","10"
"11.21681289608961","55","10"
"15.123099402533265","56","10"
"15.44742370742735","57","10"
"9.794401826721844","58","10"
"6.031611444597054","59","10"
"5.941792685893141","60","10"
"9.901954909983335","61","10"
"13.210867908760095","62","10"
"13.061671918422398","63","10"
"9.390897594729225","64","10"
"5.226784852959286","65","10"
"6.208182770183245","66","10"
"10.854498667367737","67","10"
"14.693980209572496","68","10"
"14.571435018590133","69","10"
"10.257801760519705","70","10"
"4.957260806570089","71","10"
"4.103352280204761","72","10"
"8.802228435381858","73","10"
"14.660362846085494","74","10"
"16.83602016323226","75","10"
"13.151886830211621","76","10"
"6.621892214201075","77","10"
"2.6325802306464707","78","10"
"5.1925030101664635","79","10"
"11.885391477229465","80","10"
"17.076264143891848","81","10"
"17.301630620226593","82","10"
"12.22880716516391","83","10"
"4.890986434015692","84","10"
"3.199164819699025","85","10"
"6.850785499853033","86","10"
"13.116966955050524","87","10"
"17.647295399808105","88","10"
"16.737353250985915","89","10"
"11.46064043678656","90","10"
"5.957991986117374","91","10"
"4.451899225000819","92","10"
"7.66288995811649","93","10"
"13.006519034083576","94","10"
"16.74723558998193","95","10"
"16.137387943439602","96","10"
"11.379867081700935","97","10"
"6.38743515406307","98","10"
"4.870258095736863","99","10"
"8.150670111485864","100","10"
"12.895338312555484","101","10"
"15.929040071415121","102","10"
"15.296776441391867","103","10"
"11.798733678540057","104","10"
"7.891329788985122","105","10"
"6.2602391589178294","106","10"
"8.500871642812086","107","10"
"12.270311225818004","108","10"
"15.498931322207874","109","10"
"16.204581898051558","110","10"
"12.690892465774635","111","10"
"8.35949623229762","112","10"
"6.00090104032855","113","10"
"7.312474096400579","114","10"
"11.253798938246419","115","10"
"15.1969337423805","116","10"
"17.189556212600625","117","10"
"15.808970974960415","118","10"
"11.520219877296991","119","10"
"6.573284946904664","120","10"
"4.950246307364119","121","10"
"7.314167802359196","122","10"
"11.955528755599042","123","10"
"16.179113497195637","124","10"
"17.89298414373479","125","10"
"15.897314765918324","126","10"
"10.986309102136731","127","10"
"6.03157012125714","128","10"
"4.7507311615018315","129","10"
"7.014397275064265","130","10"
"11.21463983938799","131","10"
"15.66518338335069","132","10"
"18.303525465025864","133","10"
"17.950857756773562","134","10"
"14.65907135396871","135","10"
"9.713669243998266","136","10"
"6.8779784614280395","137","10"
"7.052532657048553","138","10"
"9.390933959268349","139","10"
"12.854388535634106","140","10"
"16.33097511844673","141","10"
"17.874992512514012","142","10"
"16.057774947738768","143","10"
"12.14490866362504","144","10"
"8.402735873228108","145","10"
"7.13774468981883","146","10"
"8.607956394887884","147","10"
"11.641616830407607","148","10"
"14.471276058283955","149","10"
"15.582823212012357","150","10"
"15.047219832849212","151","10"
"12.747534092306097","152","10"
"10.5382759410083","153","10"
"9.357448830469073","154","10"
"9.822906115616796","155","10"
"11.165162027064051","156","10"
"12.917364203707619","157","10"
"13.99839379542045","158","10"
"13.677510898274422","159","10"
"12.37760424752697","160","10"
"11.603740408020114","161","10"
"12.154209169995063","162","10"
"13.481744054831285","163","10"
"14.51708105215632","164","10"
"10.6112749984114","165","10"
"5.206334758502545","166","10"
"0.9286381363718028","167","10"
"1.9876434209938625","168","10"
"5.511872922093768","169","10"
"9.751097170403222","170","10"
"12.221907820331836","171","10"
"12.760395017643129","172","10"
"13.380272665249432","173","10"
"14.064288544225501","174","10"
"13.256193551889453","175","10"
"11.665161216557122","176","10"
"8.29138104269451","177","10"
"5.789886986412804","178","10"
"4.643363757781022","179","10"
"3.6473213998693343","180","10"
"3.913733798762992","181","10"
"5.575587451484947","182","10"
"7.72006989002257","183","10"
"10.617596918440407","184","10"
"12.654765949088041","185","10"
"13.242625170973092","186","10"
"12.563847989542412","187","10"
"11.389785785236073","188","10"
"10.653684866676413","189","10"
"9.953535253842109","190","10"
"9.415820527498278","191","10"
"8.662115315157303","192","10"
"8.747952156827083","193","10"
"7.412538839491752","194","10"
"6.385253832693466","195","10"
"7.453954192709496","196","10"
"8.548106975223346","197","10"
"10.262144568055755","198","10"
"10.822870333975272","199","10"
"9.48717546695066","200","10"
"8.749072845805555","201","10"
"9.78314975675214","202","10"
"11.317251753151474","203","10"
"11.748318101889","204","10"
"10.69423353171169","205","10"
"10.163562506400703","206","10"
"10.519657296976556","207","10"
"9.861405142992327","208","10"
"10.526325231105112","209","10"
"11.167504784948255","210","10"
"9.728074009314492","211","10"
"7.762154130369058","212","10"
"8.301257320934004","213","10"
"10.981467108654517","214","10"
"13.168231037614486","215","10"
"12.50813531169222","216","10"
"9.887931421350052","217","10"
"8.771367614156066","218","10"
"7.727264558990565","219","10"
"7.75138857385461","220","10"
"8.358061485935798","221","10"
"8.62530723885106","222","10"
"9.888778825307226","223","10"
"10.107573237662018","224","10"
"11.081392454345712","225","10"
"11.72444202706444","226","10"
"10.80440816765734","227","10"
"10.771792481929857","228","10"
"10.390406705370781","229","10"
"9.18063782951138","230","10"
"7.925757640912308","231","10"
"8.388547091235168","232","10"
"9.568403929753208","233","10"
"9.935307804094887","234","10"
"9.510465301326304","235","10"
"8.376666906498768","236","10"
"8.492003103088633","237","10"
"9.665314324564264","238","10"
"9.748763228164869","239","10"
"10.953871933237679","240","10"
"12.272162511446162","241","10"
"12.130752940304031","242","10"
"11.746132923674336","243","10"
"10.945844185737013","244","10"
"9.606137097895665","245","10"
"9.34432233380086","246","10"
"8.854879880211206","247","10"
"7.4446085061545","248","10"
"6.900058899388862","249","10"
"7.810836330655182","250","10"
"8.502790147739837","251","10"
"10.663260861979197","252","10"
"12.564353787222961","253","10"
"10.917666075738452","254","10"
"11.148240394858119","255","10"
"11.130117630905346","256","10"
"10.883513161766162","257","10"
"10.687261457801366","258","10"
"10.411630372750714","259","10"
"7.8759756888066015","260","10"
"6.987587794083662","261","10"
"7.638557122641412","262","10"
"9.18517733614542","263","10"
"10.01915671762586","264","10"
"12.175954062435782","265","10"
"11.600315529608025","266","10"
"10.96015638677183","267","10"
"11.269893001698335","268","10"
"10.073389468929259","269","10"
"9.034937793730425","270","10"
"9.824378328473472","271","10"
"8.870653825523254","272","10"
"7.733659759075687","273","10"
"7.467693927742036","274","10"
"7.8597901630290075","275","10"
"9.716388870742486","276","10"
"12.555955782596664","277","10"
"13.031555468292927","278","10"
"9.894931044153653","279","10"
"9.293150815518306","280","10"
"8.161852758244512","281","10"
"6.924201096522469","282","10"
"8.229077567616937","283","10"
"9.576907722129686","284","10"
"8.998535788111072","285","10"
"8.693132063119037","286","10"
"8.548477232348977","287","10"
"9.397591975795326","288","10"
"10.890912794500132","289","10"
"12.504575994680943","290","10"
"12.340007721895162","291","10"
"11.057012785752065","292","10"
"10.018622269096303","293","10"
"9.203443354343229","294","10"
"9.008014260331658","295","10"
"9.86786921531064","296","10"
"9.985516213068507","297","10"
"8.545882677580233","298","10"
"8.075900211222972","299","10"
"7.738720490770513","300","10"
"9.625260437652226","1","11"
"9.621525909679713","2","11"
"9.170399007836371","3","11"
"9.483068477941053","4","11"
"9.811510791402055","5","11"
"9.453662789258107","6","11"
"9.734678030010647","7","11"
"10.481750019828596","8","11"
"9.539726633808483","9","11"
"8.236741669726356","10","11"
"8.367450148764304","11","11"
"8.487910990481396","12","11"
"8.32638687040263","13","11"
"9.72898973452699","14","11"
"10.32121270110698","15","11"
"9.609002182796383","16","11"
"9.225178880160234","17","11"
"9.269888530035939","18","11"
"9.342176825992516","19","11"
"9.704469015599768","20","11"
"10.779433442968926","21","11"
"10.491395438342435","22","11"
"9.175167170284604","23","11"
"9.082794629173994","24","11"
"8.663939051892182","25","11"
"8.508515909718348","26","11"
"9.100591214230377","27","11"
"10.340568553522791","28","11"
"9.727065719820585","29","11"
"8.660786356545662","30","11"
"8.788315142321679","31","11"
"8.895897427410043","32","11"
"9.306854736989587","33","11"
"10.095740437022053","34","11"
"10.990215535203287","35","11"
"9.940906841164328","36","11"
"9.461018343762836","37","11"
"9.007042335376877","38","11"
"8.731809607323","39","11"
"9.116883629713884","40","11"
"10.46266524852262","41","11"
"10.712473102971954","42","11"
"9.1664033163556","43","11"
"8.586030781707274","44","11"
"8.441075668000506","45","11"
"8.674954201379713","46","11"
"9.286013448248326","47","11"
"10.790475039394","48","11"
"10.638286137290784","49","11"
"9.395559969427278","50","11"
"9.119741551902349","51","11"
"8.761048349712691","52","11"
"8.95259525368379","53","11"
"9.530697208548297","54","11"
"10.818969410687371","55","11"
"9.966549351025753","56","11"
"9.05488760028527","57","11"
"8.743354797517162","58","11"
"8.447150198967893","59","11"
"8.85845297166912","60","11"
"10.121592318472377","61","11"
"11.33742415476399","62","11"
"10.148891067797564","63","11"
"9.193041994197893","64","11"
"8.732549570596396","65","11"
"8.534831714531443","66","11"
"8.959759067891316","67","11"
"10.240505463365215","68","11"
"10.522446346931831","69","11"
"9.081981385844482","70","11"
"8.798656445879674","71","11"
"8.44458484602602","72","11"
"8.75618266418226","73","11"
"9.476868874998193","74","11"
"10.962899154586403","75","11"
"10.893695232721022","76","11"
"9.927165453198192","77","11"
"9.565322861529205","78","11"
"8.783302896679018","79","11"
"8.75057481146697","80","11"
"9.549292711509688","81","11"
"10.911021282680249","82","11"
"10.048750840738816","83","11"
"8.738315002981224","84","11"
"8.28063311747176","85","11"
"8.073619713837575","86","11"
"8.771043639171138","87","11"
"10.05866293253957","88","11"
"11.240576571429605","89","11"
"10.241099417504248","90","11"
"9.603853845620938","91","11"
"9.05986293041094","92","11"
"8.876575184644027","93","11"
"9.294997693323538","94","11"
"10.570010062150944","95","11"
"10.740831933710407","96","11"
"9.567073869185837","97","11"
"8.836193465902003","98","11"
"8.143711261044313","99","11"
"8.438596267605654","100","11"
"9.367872229729032","101","11"
"11.081666841322743","102","11"
"10.917700236366114","103","11"
"9.494979517437924","104","11"
"8.933464200237111","105","11"
"8.474993865402082","106","11"
"8.946553230410467","107","11"
"9.979359586399157","108","11"
"11.12368000552458","109","11"
"10.157379432793807","110","11"
"8.836812214044986","111","11"
"8.350411709250881","112","11"
"8.322622038647513","113","11"
"9.071202605861263","114","11"
"10.645378324375793","115","11"
"11.314362425224672","116","11"
"10.085097748571616","117","11"
"9.127206751002317","118","11"
"8.579551832986592","119","11"
"8.731092234142087","120","11"
"9.543487608718541","121","11"
"11.056410015967183","122","11"
"10.776625659766223","123","11"
"8.915108923625088","124","11"
"8.3447509626605","125","11"
"8.20588250143416","126","11"
"8.769011081825225","127","11"
"10.117828037695126","128","11"
"11.327860280974248","129","11"
"10.439828317952436","130","11"
"9.046952968043877","131","11"
"8.686317568878252","132","11"
"8.652254464298043","133","11"
"9.422924836096328","134","11"
"10.938615356141355","135","11"
"11.24169836236381","136","11"
"9.472675933441565","137","11"
"8.562760231556922","138","11"
"8.301446857319744","139","11"
"8.524698680606615","140","11"
"9.74734170527182","141","11"
"11.202652764945677","142","11"
"10.5740762787985","143","11"
"8.969115774003622","144","11"
"8.597387537471427","145","11"
"8.639793548891381","146","11"
"9.26533635091099","147","11"
"10.673645692788568","148","11"
"11.362856191080787","149","11"
"9.666341347305599","150","11"
"8.668465886035317","151","11"
"8.497652830121703","152","11"
"8.494745870903206","153","11"
"9.68134227067232","154","11"
"11.129902749537793","155","11"
"10.696965279968952","156","11"
"9.061356080426506","157","11"
"8.608109566734498","158","11"
"8.647721018420523","159","11"
"9.067498381671353","160","11"
"10.491371195316352","161","11"
"11.407516252948595","162","11"
"9.751277891143115","163","11"
"8.70858423735762","164","11"
"8.520932746895769","165","11"
"8.56110289013743","166","11"
"9.64247849594981","167","11"
"10.969207851146638","168","11"
"10.826885860659202","169","11"
"9.12007379155526","170","11"
"8.624074701365885","171","11"
"8.62681085744607","172","11"
"9.003896802742608","173","11"
"10.371317526241882","174","11"
"11.382095236189109","175","11"
"10.05162253737392","176","11"
"8.856910233645657","177","11"
"8.530140688984384","178","11"
"8.639600155660583","179","11"
"9.533952385777805","180","11"
"10.863379328604232","181","11"
"10.806202151587481","182","11"
"9.293709507073947","183","11"
"8.62942469644011","184","11"
"8.500501385686455","185","11"
"9.103994604505711","186","11"
"10.129729159590417","187","11"
"11.226047285115772","188","11"
"10.294240130678181","189","11"
"9.129493309144236","190","11"
"8.597973777920343","191","11"
"8.739210342012699","192","11"
"9.556464239407331","193","11"
"10.724576984721756","194","11"
"10.690825182635567","195","11"
"9.547304783370883","196","11"
"8.686192496902779","197","11"
"8.568629798758336","198","11"
"9.173950611157531","199","11"
"10.106105432628265","200","11"
"11.110063138556052","201","11"
"10.412263997296066","202","11"
"9.072335416352777","203","11"
"8.558650487657989","204","11"
"8.812711891229158","205","11"
"9.559518860693789","206","11"
"10.562999419790033","207","11"
"10.975625641324246","208","11"
"9.756684085959623","209","11"
"8.567454562971177","210","11"
"8.516132627731334","211","11"
"9.081330130007435","212","11"
"9.86008830589373","213","11"
"10.758200959943144","214","11"
"10.87241095777588","215","11"
"9.506481731358575","216","11"
"8.666871356092495","217","11"
"8.646801436362965","218","11"
"9.16763530286291","219","11"
"9.892052735784162","220","11"
"10.842350707388693","221","11"
"10.284842652203826","222","11"
"9.227638445351927","223","11"
"8.53174458555092","224","11"
"8.632008782629411","225","11"
"9.404457159999739","226","11"
"10.093635701575757","227","11"
"10.751796393234308","228","11"
"9.915828532637198","229","11"
"9.120639094845286","230","11"
"8.643802463840924","231","11"
"8.899449030731201","232","11"
"9.69648204046115","233","11"
"10.234119629903807","234","11"
"10.245776117626805","235","11"
"9.297228051723174","236","11"
"8.611193389847829","237","11"
"8.603713865323359","238","11"
"9.135153504756751","239","11"
"9.705505955942682","240","11"
"10.444161207886905","241","11"
"10.239256947521941","242","11"
"8.837499834421157","243","11"
"8.412513526429674","244","11"
"8.760072016934984","245","11"
"9.23670148026191","246","11"
"9.743148763715192","247","11"
"10.18217674260952","248","11"
"9.707568817071198","249","11"
"8.747014392499963","250","11"
"8.742524473873818","251","11"
"9.238635963547761","252","11"
"9.676934447748136","253","11"
"9.889870863436691","254","11"
"10.03785580442597","255","11"
"9.135153504756751","256","11"
"8.583523832419145","257","11"
"8.500771364840562","258","11"
"9.088079608860088","259","11"
"9.267547976063199","260","11"
"10.046073088312374","261","11"
"9.770025463995388","262","11"
"8.845152365995402","263","11"
"8.639355521488291","264","11"
"9.124231470528494","265","11"
"9.567727328934346","266","11"
"9.459407284484048","267","11"
"9.905687234044386","268","11"
"9.314746943935335","269","11"
"8.179403056195007","270","11"
"8.671045013423829","271","11"
"9.20473925428294","272","11"
"9.311128121314582","273","11"
"9.816317522300874","274","11"
"9.994380344969036","275","11"
"8.990461758469701","276","11"
"8.4843935477879","277","11"
"9.140483113649951","278","11"
"9.425020755896776","279","11"
"9.22268239945155","280","11"
"9.804173970144754","281","11"
"9.351597445537223","282","11"
"8.47120148475369","283","11"
"8.96001306868732","284","11"
"9.810909123572904","285","11"
"9.905281714335361","286","11"
"9.30075431006252","287","11"
"9.613356009889744","288","11"
"8.86246849835305","289","11"
"8.376147885349447","290","11"
"9.137480284282853","291","11"
"9.73124433595271","292","11"
"9.296331059758103","293","11"
"9.386281502171876","294","11"
"9.379675277564258","295","11"
"8.945070548974346","296","11"
"8.932280699781968","297","11"
"9.962820332831896","298","11"
"10.160441767770383","299","11"
"9.40091657623589","300","11"
"13.485200889959573","1","12"
"4.095304697500937","2","12"
"1.6814097855918841","3","12"
"7.172789085977535","4","12"
"15.01700861452687","5","12"
"17.84328153244172","6","12"
"13.129235028204253","7","12"
"4.16765249906699","8","12"
"3.262284568484372","9","12"
"8.994521914360739","10","12"
"14.602303002528176","11","12"
"15.616765652440018","12","12"
"11.041178783852674","13","12"
"5.186949153281995","14","12"
"5.387629617329863","15","12"
"9.708728074500259","16","12"
"13.096394543507639","17","12"
"12.513878704962428","18","12"
"6.765448395107282","19","12"
"5.146468809502043","20","12"
"8.731000220838546","21","12"
"14.305486818548177","22","12"
"15.540890490578889","23","12"
"11.554464253594958","24","12"
"4.979352815066086","25","12"
"3.4249784145716435","26","12"
"8.772715856992999","27","12"
"14.201506275766736","28","12"
"14.905869767316558","29","12"
"9.551264110312529","30","12"
"2.8164646854417446","31","12"
"3.262736921311966","32","12"
"10.600857108930096","33","12"
"17.354198316420383","34","12"
"16.55341700427128","35","12"
"9.06151696596324","36","12"
"2.747237347017079","37","12"
"4.917557341580523","38","12"
"10.28528012862905","39","12"
"15.102285662685281","40","12"
"14.726063650681883","41","12"
"9.222160072435035","42","12"
"5.040229257471958","43","12"
"7.251875346838932","44","12"
"11.31040640415022","45","12"
"12.373151244417816","46","12"
"9.202992654449233","47","12"
"4.682500817524829","48","12"
"6.012753676171674","49","12"
"11.386802791072133","50","12"
"16.271769240929125","51","12"
"13.79969354582127","52","12"
"6.133912606844383","53","12"
"1.822187936100125","54","12"
"5.512540156288916","55","12"
"13.427574115004555","56","12"
"18.765594236300622","57","12"
"15.990334155043058","58","12"
"7.160621290795333","59","12"
"0.8692084240963279","60","12"
"2.68146160943098","61","12"
"9.870616390948136","62","12"
"15.173604237598537","63","12"
"14.10439532501263","64","12"
"7.132432712217326","65","12"
"4.300404004030296","66","12"
"7.8900939456327555","67","12"
"13.325601335565079","68","12"
"14.782618222710594","69","12"
"9.704894370511951","70","12"
"4.697178867862354","71","12"
"4.838634721145188","72","12"
"10.012196765228579","73","12"
"14.510667669801634","74","12"
"13.93758126644698","75","12"
"7.549748306365002","76","12"
"2.4902337216440196","77","12"
"5.164404791958403","78","12"
"11.513773436270377","79","12"
"16.05118084464419","80","12"
"13.452828736448653","81","12"
"6.170161440617121","82","12"
"2.814547006980793","83","12"
"6.331194639417707","84","12"
"12.749060300993596","85","12"
"15.909718379626971","86","12"
"11.689144181087594","87","12"
"5.645924183841842","88","12"
"3.8676254915756583","89","12"
"8.535011333315603","90","12"
"14.564179742056929","91","12"
"16.177300780018065","92","12"
"10.96437246939881","93","12"
"3.8802065201570035","94","12"
"2.695430000277711","95","12"
"7.769063943780578","96","12"
"13.521440908086463","97","12"
"14.545119213777038","98","12"
"10.053528920788628","99","12"
"4.125876530836261","100","12"
"5.504350421295786","101","12"
"11.354913294171412","102","12"
"15.24087092128874","103","12"
"13.058528038721725","104","12"
"6.770908034776746","105","12"
"3.2875182527695803","106","12"
"6.55367950151577","107","12"
"12.559940454520124","108","12"
"15.932246762592463","109","12"
"13.330835625287543","110","12"
"4.749246276154248","111","12"
"1.3681098590645773","112","12"
"5.887115295452266","113","12"
"13.511061587055748","114","12"
"17.826800682528205","115","12"
"13.748426157390115","116","12"
"4.295133625257638","117","12"
"2.2174108330294717","118","12"
"6.0973480627547","119","12"
"12.735180066605349","120","12"
"15.842626906898003","121","12"
"11.481148934897046","122","12"
"5.768245126832938","123","12"
"4.1863463515773764","124","12"
"9.132984304900187","125","12"
"13.900890548426093","126","12"
"13.50718600874966","127","12"
"6.753566557437285","128","12"
"3.0517493143337653","129","12"
"5.817883824693609","130","12"
"12.456006193879386","131","12"
"16.78602663562619","132","12"
"13.182966389650026","133","12"
"5.153711964522205","134","12"
"1.6622557288193196","135","12"
"5.95873690819156","136","12"
"13.127240488331061","137","12"
"16.47059180761445","138","12"
"11.904439883996316","139","12"
"4.420057663174397","140","12"
"3.6072622786675743","141","12"
"8.122512938646192","142","12"
"14.004403861977572","143","12"
"14.372914387775113","144","12"
"8.636337264740957","145","12"
"4.146629938607972","146","12"
"5.653710052059544","147","12"
"11.23828450350903","148","12"
"15.19610176580356","149","12"
"12.766096536595557","150","12"
"5.002232721909782","151","12"
"2.338698003800381","152","12"
"6.451057670150706","153","12"
"14.026441874642748","154","12"
"16.175571811476054","155","12"
"10.735684698490694","156","12"
"4.505806623874626","157","12"
"3.262162251398226","158","12"
"8.460447498774418","159","12"
"14.389791941751804","160","12"
"15.253468479206052","161","12"
"9.149772049484799","162","12"
"3.6685089781990765","163","12"
"5.0752163519326485","164","12"
"10.785015950702402","165","12"
"13.722644801106577","166","12"
"11.227803802551058","167","12"
"6.297233465742619","168","12"
"4.354627113221048","169","12"
"8.634204980401385","170","12"
"13.713156962262277","171","12"
"13.921901538349935","172","12"
"8.144505771126395","173","12"
"2.7285616767762546","174","12"
"4.79589812300592","175","12"
"11.762709643736452","176","12"
"15.999330521631313","177","12"
"13.518263969713859","178","12"
"5.549135555139068","179","12"
"1.820623709939906","180","12"
"5.936612392001497","181","12"
"12.903596368803939","182","12"
"16.523884590679266","183","12"
"12.874055139566073","184","12"
"5.578856403161092","185","12"
"3.008391213162188","186","12"
"7.683979186897237","187","12"
"12.85060772552089","188","12"
"13.258321428406102","189","12"
"8.71533536914387","190","12"
"5.210799883124741","191","12"
"6.588915637971677","192","12"
"11.902174263013286","193","12"
"15.074040333387124","194","12"
"12.599889655637712","195","12"
"5.4443775825893725","196","12"
"2.432182418243616","197","12"
"5.5900511714327825","198","12"
"13.000645610037106","199","12"
"15.680755119786092","200","12"
"12.379113926878501","201","12"
"5.2211158417009225","202","12"
"3.8657700736135108","203","12"
"7.941114495980156","204","12"
"13.064933707386292","205","12"
"14.385030391037958","206","12"
"9.818996376683046","207","12"
"4.529455420329659","208","12"
"4.768845660786622","209","12"
"10.597512673286374","210","12"
"14.051998431957154","211","12"
"11.18363741685076","212","12"
"5.546608219669915","213","12"
"3.7283526125960256","214","12"
"8.179246027503332","215","12"
"14.63690220857154","216","12"
"16.326364535668038","217","12"
"10.582545910547315","218","12"
"3.5693235957812783","219","12"
"2.36311568986675","220","12"
"7.99892639949799","221","12"
"13.919908100432474","222","12"
"14.431935136729905","223","12"
"10.246679721326263","224","12"
"4.656186665645331","225","12"
"5.603452606055891","226","12"
"10.472505713200855","227","12"
"13.793586507159818","228","12"
"12.154148562429855","229","12"
"6.344507917582332","230","12"
"3.177128184478512","231","12"
"6.618572572561302","232","12"
"13.942881673513309","233","12"
"16.618550301666183","234","12"
"11.136646718611791","235","12"
"4.12487678149927","236","12"
"2.028905877853924","237","12"
"6.949496490328617","238","12"
"14.287110604777265","239","12"
"17.35507877904949","240","12"
"12.766307010140187","241","12"
"4.931071726666064","242","12"
"2.7153674098305824","243","12"
"6.47654425327619","244","12"
"11.788320196881678","245","12"
"12.907151277992291","246","12"
"10.2844547637865","247","12"
"6.76189954667545","248","12"
"7.287327466618124","249","12"
"11.040621194252765","250","12"
"13.253434254738917","251","12"
"9.880259605550513","252","12"
"4.575656016309467","253","12"
"3.2109711734014454","254","12"
"7.7408219203496165","255","12"
"15.527614127931253","256","12"
"17.476174898245528","257","12"
"10.869892988930442","258","12"
"2.3646567749566167","259","12"
"1.1809308321224101","260","12"
"6.938770604220486","261","12"
"14.984441414851556","262","12"
"18.852291705396347","263","12"
"15.104810243265105","264","12"
"5.831485815259767","265","12"
"1.5639406159401144","266","12"
"4.219491251544692","267","12"
"9.992187453064256","268","12"
"13.120334531764598","269","12"
"11.018657012621569","270","12"
"7.1294111496028","271","12"
"7.413899203841727","272","12"
"11.306419528315297","273","12"
"13.318277737776551","274","12"
"10.083212302315797","275","12"
"4.111383333572619","276","12"
"2.6168462312296716","277","12"
"7.065559977700971","278","12"
"14.78611362628947","279","12"
"18.10702471906585","280","12"
"12.053942218027244","281","12"
"2.0560878198716206","282","12"
"0.8878266548946715","283","12"
"6.806047199128321","284","12"
"15.577444566089126","285","12"
"19.968207011642615","286","12"
"15.460530368892403","287","12"
"5.032787750420208","288","12"
"0.41548865485395287","289","12"
"3.4062487484999977","290","12"
"10.201224047420641","291","12"
"14.051331748739871","292","12"
"11.90438037838684","293","12"
"7.788281500752144","294","12"
"7.879637487700865","295","12"
"10.726724696441563","296","12"
"11.945946148561871","297","12"
"9.260215562628822","298","12"
"4.339534452039718","299","12"
"3.940219855736533","300","12"
"15.568876860280248","1","13"
"7.989885954680494","2","13"
"2.693155288159901","3","13"
"4.900215864241062","4","13"
"12.341852395788933","5","13"
"17.053356688154878","6","13"
"14.524349552158295","7","13"
"7.5989925040739585","8","13"
"3.460886193045623","9","13"
"6.582546333846235","10","13"
"11.98114261461146","11","13"
"15.185138408235389","12","13"
"12.877630985913315","13","13"
"7.08654066384221","14","13"
"5.14086756852114","15","13"
"8.915293501210037","16","13"
"12.974426777328341","17","13"
"14.213156151755348","18","13"
"10.361620315808683","19","13"
"5.705608861124587","20","13"
"5.6447946792175205","21","13"
"9.972508727619248","22","13"
"14.172963418421197","23","13"
"13.676175327928394","24","13"
"9.185690847516089","25","13"
"4.356411455038543","26","13"
"6.21831249824088","27","13"
"11.612071193346818","28","13"
"14.80422316677347","29","13"
"13.560593395210505","30","13"
"7.799647623140012","31","13"
"4.270158625080294","32","13"
"5.911345649044358","33","13"
"11.373831670161998","34","13"
"15.346055901684215","35","13"
"14.145202949644702","36","13"
"7.584660467835982","37","13"
"3.0683009649029995","38","13"
"5.646113720227582","39","13"
"12.363549904133217","40","13"
"16.055887297571484","41","13"
"13.785200624046562","42","13"
"7.03303906016636","43","13"
"3.0346968248847705","44","13"
"6.148591208159774","45","13"
"12.176325421517143","46","13"
"15.56147943145774","47","13"
"13.963617174504389","48","13"
"6.5519174743018285","49","13"
"3.7497724280960854","50","13"
"6.719148623111679","51","13"
"12.648185069462238","52","13"
"15.379247910259034","53","13"
"12.346072886238836","54","13"
"5.773862346171942","55","13"
"3.6939310969142936","56","13"
"7.353989176611983","57","13"
"13.425464971735336","58","13"
"15.928708382740076","59","13"
"13.049786223907343","60","13"
"6.393310782021004","61","13"
"3.411765138889611","62","13"
"7.002260885620397","63","13"
"12.695941626934284","64","13"
"15.577603247714396","65","13"
"14.03986259349115","66","13"
"7.100661675557691","67","13"
"3.0464938119634772","68","13"
"6.05513489358768","69","13"
"11.881537938038","70","13"
"14.815251539729772","71","13"
"12.716451227000501","72","13"
"7.213218739793859","73","13"
"4.322985280870878","74","13"
"6.719554693798569","75","13"
"12.362099730391162","76","13"
"15.455692783233115","77","13"
"14.095556538093915","78","13"
"7.916315533230845","79","13"
"1.9209347401369672","80","13"
"3.9130461783868196","81","13"
"10.957238407996023","82","13"
"17.136240288465455","83","13"
"18.106587242640625","84","13"
"12.052082116753239","85","13"
"3.4221193904274463","86","13"
"1.160932677259865","87","13"
"5.96813383568805","88","13"
"12.802115061620507","89","13"
"17.30297390426274","90","13"
"16.583072836905178","91","13"
"9.406645644081594","92","13"
"2.789322413830366","93","13"
"3.588436466958395","94","13"
"9.607621432265383","95","13"
"15.580993965498823","96","13"
"17.044710743489095","97","13"
"12.6413011520104","98","13"
"6.390756448636441","99","13"
"3.692110115068741","100","13"
"6.314219562358819","101","13"
"11.284546809009777","102","13"
"14.826526750769828","103","13"
"14.122784762252316","104","13"
"8.563796069944106","105","13"
"4.4948435417953885","106","13"
"5.634636300310879","107","13"
"11.132111068822807","108","13"
"16.008444797482788","109","13"
"18.013261509822662","110","13"
"13.593210182893719","111","13"
"7.2177527366492455","112","13"
"4.743483047680881","113","13"
"5.606259838280729","114","13"
"10.254269992401703","115","13"
"14.576693551338682","116","13"
"15.939874500162759","117","13"
"12.763491513247367","118","13"
"7.27994546517585","119","13"
"4.7231089881695825","120","13"
"6.659365871768871","121","13"
"11.953536419637313","122","13"
"17.109148706817706","123","13"
"18.140200198304704","124","13"
"13.959406601656065","125","13"
"7.981008599311193","126","13"
"4.512761341982187","127","13"
"4.772363654457984","128","13"
"8.613252394131289","129","13"
"13.67712080594563","130","13"
"16.80686682241172","131","13"
"16.330728280362976","132","13"
"11.532998155954195","133","13"
"6.2163466092166955","134","13"
"4.5768408942092735","135","13"
"7.480818771476652","136","13"
"13.307901722613027","137","13"
"18.052277354436054","138","13"
"17.968732580686847","139","13"
"14.071396158690744","140","13"
"7.891658722770839","141","13"
"3.391544251224928","142","13"
"3.1605068352092895","143","13"
"7.696286379479417","144","13"
"13.650466700723106","145","13"
"17.917033225609124","146","13"
"18.793859400801935","147","13"
"15.126373313010202","148","13"
"9.05276853941447","149","13"
"3.0117846858359423","150","13"
"2.004334193474141","151","13"
"7.209405972964443","152","13"
"13.563028717376117","153","13"
"18.38615230965111","154","13"
"18.153944892138032","155","13"
"14.323931353574416","156","13"
"7.375689439845594","157","13"
"1.9320836395013525","158","13"
"1.5601474088249234","159","13"
"8.200068582997167","160","13"
"14.949125937583014","161","13"
"20.766152991695733","162","13"
"20.859411505214105","163","13"
"12.964791276416081","164","13"
"2.752239124080294","165","13"
"-0.45417931921833754","166","13"
"4.044862949401266","167","13"
"11.12693738666555","168","13"
"17.855772200653117","169","13"
"20.823002887860365","170","13"
"19.284824757211894","171","13"
"12.60959457976103","172","13"
"5.083896457226093","173","13"
"1.650946770385","174","13"
"5.267930778000789","175","13"
"11.404978448899996","176","13"
"17.4211851033549","177","13"
"20.55161543432997","178","13"
"17.510115134761726","179","13"
"9.870150263673903","180","13"
"3.804644038234558","181","13"
"3.001275885006828","182","13"
"6.749520726970752","183","13"
"12.637628333558824","184","13"
"18.05179690173732","185","13"
"20.392545920642107","186","13"
"17.04112277562881","187","13"
"9.183304011402644","188","13"
"4.623174275854674","189","13"
"5.237734436080818","190","13"
"9.293965160803548","191","13"
"14.321470686426991","192","13"
"18.139645914571986","193","13"
"18.119995839975985","194","13"
"13.599697396282382","195","13"
"8.240610085320192","196","13"
"5.308105329065376","197","13"
"6.246232750598377","198","13"
"10.31357174006791","199","13"
"15.370298927767214","200","13"
"18.673655865748042","201","13"
"17.60812087356944","202","13"
"13.12191583823865","203","13"
"8.057949352364243","204","13"
"6.453998239019001","205","13"
"8.58633271757758","206","13"
"12.354939222050827","207","13"
"16.222723395251755","208","13"
"17.83617061210928","209","13"
"15.297678943135592","210","13"
"10.327045352791403","211","13"
"6.583825704449978","212","13"
"6.778991982019695","213","13"
"10.48430655712462","214","13"
"14.435466904847905","215","13"
"17.22791969942124","216","13"
"17.570112216494223","217","13"
"13.486592660047885","218","13"
"8.09483952437245","219","13"
"4.870184815680748","220","13"
"5.999704316404634","221","13"
"10.528582036442293","222","13"
"15.769652092520985","223","13"
"18.818029697806683","224","13"
"17.397180099709807","225","13"
"12.936136019585977","226","13"
"7.716414151884827","227","13"
"4.702936586557066","228","13"
"6.84493191100972","229","13"
"12.286471406613785","230","13"
"17.198598861329582","231","13"
"19.820082122275494","232","13"
"18.53741887480744","233","13"
"12.886661513129232","234","13"
"5.9676451183213315","235","13"
"1.9952678526969654","236","13"
"4.401749770658809","237","13"
"9.452911255449536","238","13"
"15.397900714918439","239","13"
"19.1784926409004","240","13"
"20.005574330482364","241","13"
"13.542242526421408","242","13"
"5.0881527612372555","243","13"
"0.37078479024583655","244","13"
"3.7770196609908466","245","13"
"11.720657911084029","246","13"
"17.61801974190142","247","13"
"20.46894010365256","248","13"
"16.63616065620402","249","13"
"6.575972065954818","250","13"
"0.014902665288659708","251","13"
"4.312503753446107","252","13"
"11.033544434547991","253","13"
"14.848844660190691","254","13"
"15.643601580358165","255","13"
"14.03307454618791","256","13"
"12.582318971506194","257","13"
"11.45767727782578","258","13"
"10.996991460993485","259","13"
"11.30911050421051","260","13"
"10.807030822297227","261","13"
"9.956306672505686","262","13"
"10.784246785602132","263","13"
"12.284945197926287","264","13"
"14.080447623065552","265","13"
"15.20355429241262","266","13"
"14.747000809571745","267","13"
"11.94879139825943","268","13"
"8.154276812593576","269","13"
"7.2892299931877735","270","13"
"9.780351891151016","271","13"
"13.589930762638128","272","13"
"15.491514058182206","273","13"
"14.929400929997302","274","13"
"12.602434071420697","275","13"
"9.085159426172819","276","13"
"8.279062279577154","277","13"
"9.811871130926107","278","13"
"12.127676279902952","279","13"
"13.826268310231162","280","13"
"13.639242179646677","281","13"
"11.568667361012402","282","13"
"10.197899446980077","283","13"
"10.25326611073072","284","13"
"11.608650722757652","285","13"
"13.400728269484828","286","13"
"12.678735690149741","287","13"
"9.5710409098176","288","13"
"6.882853513582185","289","13"
"7.032485878389375","290","13"
"10.769804553791051","291","13"
"14.908258807341465","292","13"
"16.53761275517663","293","13"
"14.765405674191665","294","13"
"8.528052482874052","295","13"
"3.8717068601145175","296","13"
"4.239493400996762","297","13"
"10.263223382716447","298","13"
"17.714100364047","299","13"
"20.481425262085303","300","13"
"8.254069923597045","1","14"
"13.911061599823642","2","14"
"15.53897308760687","3","14"
"10.045000885386068","4","14"
"3.993415666697018","5","14"
"2.966422678167459","6","14"
"9.022370539595718","7","14"
"14.974088540758384","8","14"
"15.189927507842512","9","14"
"8.872171218564905","10","14"
"3.666911142389061","11","14"
"4.934502114856809","12","14"
"11.154376084368579","13","14"
"16.16539414834412","14","14"
"15.39288461243072","15","14"
"8.590760375704921","16","14"
"2.9563612713651493","17","14"
"3.9100948654501475","18","14"
"9.685604635440002","19","14"
"14.610552243130781","20","14"
"13.641295123173615","21","14"
"8.530192480903741","22","14"
"4.852057643905051","23","14"
"6.60718110519162","24","14"
"11.58350739884239","25","14"
"14.375732088579397","26","14"
"11.643500072751962","27","14"
"6.194560944413928","28","14"
"3.661394201021582","29","14"
"7.078359744494929","30","14"
"13.099134005455017","31","14"
"15.336901955426422","32","14"
"11.30343763610709","33","14"
"3.590624951040251","34","14"
"2.2262106382642006","35","14"
"7.762685824009288","36","14"
"14.945546785368578","37","14"
"17.494092698432326","38","14"
"11.844754655735706","39","14"
"3.84297942518403","40","14"
"2.042865453054807","41","14"
"6.962914454287691","42","14"
"13.59109332593438","43","14"
"15.870533935786728","44","14"
"12.218973312220061","45","14"
"4.884052377578088","46","14"
"3.118472182870698","47","14"
"6.954958333909543","48","14"
"13.017280733752965","49","14"
"15.736319033612594","50","14"
"11.726288904869671","51","14"
"4.604687040043858","52","14"
"3.18498953666379","53","14"
"7.908537929681128","54","14"
"14.595398147917445","55","14"
"15.48672275466362","56","14"
"10.40274971151422","57","14"
"4.51464127845935","58","14"
"3.3343990309243767","59","14"
"8.37619912629094","60","14"
"14.768599141900234","61","14"
"16.45577380889908","62","14"
"10.091464848785597","63","14"
"3.1063900647465834","64","14"
"2.5395253034494103","65","14"
"8.602968392271308","66","14"
"15.343132413129753","67","14"
"16.74148999280026","68","14"
"11.948114797440569","69","14"
"3.36133220643579","70","14"
"1.8880213886176374","71","14"
"6.468887864856886","72","14"
"13.355337610967338","73","14"
"16.102435009606573","74","14"
"12.547396892433635","75","14"
"5.48067820828147","76","14"
"3.7006568837187293","77","14"
"7.46678150839673","78","14"
"13.091119481423124","79","14"
"14.079776532025345","80","14"
"9.858489368127982","81","14"
"4.908591829752738","82","14"
"4.313213688425833","83","14"
"8.882694895796387","84","14"
"14.75984520557281","85","14"
"15.828037013018962","86","14"
"9.275462222123567","87","14"
"2.8544810562070793","88","14"
"2.3437785706983654","89","14"
"8.282244727728413","90","14"
"16.080874143772938","91","14"
"17.718725272250197","92","14"
"12.595947959987763","93","14"
"3.659556414351131","94","14"
"0.9588328253581774","95","14"
"5.828217965539352","96","14"
"13.37966989546455","97","14"
"17.023870556703564","98","14"
"14.275612798679537","99","14"
"6.758400286251516","100","14"
"2.4825707214903296","101","14"
"5.165962406384236","102","14"
"11.146741735063896","103","14"
"14.26816357793767","104","14"
"12.219387647574935","105","14"
"7.269097261981575","106","14"
"4.684058431950662","107","14"
"6.947030313402537","108","14"
"12.791383114755856","109","14"
"16.056796411049596","110","14"
"12.74139068910552","111","14"
"5.058543761721932","112","14"
"1.2983860895830754","113","14"
"4.742442801470774","114","14"
"12.617872471212642","115","14"
"17.72781420311986","116","14"
"16.077751201231155","117","14"
"7.451971774349345","118","14"
"1.4647618452567022","119","14"
"2.806888139161095","120","14"
"9.651790021877144","121","14"
"16.502222344918376","122","14"
"17.790035031517604","123","14"
"12.83097969003951","124","14"
"4.099652188348843","125","14"
"1.2024046434532916","126","14"
"5.450264781082483","127","14"
"12.195655928951142","128","14"
"15.363108666622143","129","14"
"12.095033045282195","130","14"
"7.1130537187311615","131","14"
"4.908776958315554","132","14"
"7.570409425344238","133","14"
"13.259633857681777","134","14"
"15.422086439303422","135","14"
"11.781674301867744","136","14"
"5.148810465430515","137","14"
"2.097441188079493","138","14"
"5.6622551677759345","139","14"
"12.735305689558688","140","14"
"16.668363108532358","141","14"
"14.66967547396856","142","14"
"5.7910534065541155","143","14"
"1.441539643414051","144","14"
"4.12196761836931","145","14"
"11.369804021965027","146","14"
"18.12470008899182","147","14"
"19.075140212885657","148","14"
"12.610591849697625","149","14"
"2.8111675842426096","150","14"
"-0.5944728158216179","151","14"
"4.53754956066312","152","14"
"12.427128341991612","153","14"
"17.234020126348305","154","14"
"15.568863636811475","155","14"
"8.1320613850557","156","14"
"3.4521967211284643","157","14"
"5.111461879838194","158","14"
"11.383589488160405","159","14"
"15.666125555500734","160","14"
"15.043841236577826","161","14"
"9.293743667701609","162","14"
"3.9219276660901126","163","14"
"4.091162445907937","164","14"
"8.915979468652614","165","14"
"14.55655861622102","166","14"
"15.618638977182796","167","14"
"10.636249723099812","168","14"
"3.7894056434077967","169","14"
"3.3260718269537994","170","14"
"8.12001866184897","171","14"
"14.613175999726401","172","14"
"17.924858213255277","173","14"
"15.099905438306223","174","14"
"6.759330887866383","175","14"
"0.4227425539424919","176","14"
"2.3001723917428367","177","14"
"9.52837979564591","178","14"
"15.604436971721082","179","14"
"17.01504278934216","180","14"
"9.955776631799054","181","14"
"3.6788376092661648","182","14"
"4.241041924287814","183","14"
"9.405620825251722","184","14"
"15.287329374909614","185","14"
"17.821159771140984","186","14"
"13.456568774199821","187","14"
"4.743062100591621","188","14"
"0.5954149879716618","189","14"
"3.9954424387753433","190","14"
"11.095714572982109","191","14"
"16.377561398932407","192","14"
"15.286553598074958","193","14"
"7.78090335615493","194","14"
"2.994173504831308","195","14"
"5.2480823513732","196","14"
"10.987331717055142","197","14"
"15.527593190772363","198","14"
"15.304031717925069","199","14"
"10.134619639124796","200","14"
"4.371893933059731","201","14"
"3.589245302464982","202","14"
"8.74237405691653","203","14"
"14.00765903920708","204","14"
"14.225869415024418","205","14"
"7.93343386453477","206","14"
"2.4988264969457785","207","14"
"4.098168129468058","208","14"
"10.343904173520666","209","14"
"17.33801279064279","210","14"
"19.421905846242478","211","14"
"13.016138005659872","212","14"
"3.5303355755500943","213","14"
"0.012563213271650359","214","14"
"3.6957724649408705","215","14"
"11.538925575831486","216","14"
"17.014711100667114","217","14"
"15.928273110226312","218","14"
"9.03102254501802","219","14"
"3.9511683369023345","220","14"
"5.218458475455507","221","14"
"9.85531573562257","222","14"
"13.60813837718219","223","14"
"13.29000596154085","224","14"
"9.60930522062242","225","14"
"6.205540280340198","226","14"
"6.88351854386587","227","14"
"11.084168280832216","228","14"
"12.383001626697629","229","14"
"9.71282845177548","230","14"
"4.323297409831697","231","14"
"3.748358894382087","232","14"
"8.25767993057195","233","14"
"15.386672887974818","234","14"
"18.22012945530035","235","14"
"13.898439798880247","236","14"
"4.566084428829607","237","14"
"0.0771192698814801","238","14"
"3.7484382351947225","239","14"
"12.218100563281075","240","14"
"17.72729848783773","241","14"
"16.138658498397497","242","14"
"7.48304637498696","243","14"
"2.6572902104704994","244","14"
"3.7547202093284793","245","14"
"10.253401651285639","246","14"
"15.129282476140162","247","14"
"15.079025581114374","248","14"
"9.505982545412412","249","14"
"4.366186628839714","250","14"
"5.361314363494634","251","14"
"10.66725875737143","252","14"
"12.428204952740842","253","14"
"10.391802883282015","254","14"
"6.392103038539778","255","14"
"5.7532684464923","256","14"
"10.517833560241677","257","14"
"14.938207760199816","258","14"
"14.807213874627527","259","14"
"8.955871919050052","260","14"
"2.928067456014828","261","14"
"2.2676518874416245","262","14"
"8.40566817742842","263","14"
"15.7255430085187","264","14"
"17.939110908680618","265","14"
"11.43339127546927","266","14"
"2.9421281356540345","267","14"
"2.324216652560848","268","14"
"7.814596754587374","269","14"
"14.886399311504718","270","14"
"17.44309859502247","271","14"
"13.0029277603561","272","14"
"5.914926454192389","273","14"
"2.7776774966425437","274","14"
"6.6034036009455965","275","14"
"12.376390994267089","276","14"
"15.050682177756157","277","14"
"11.433585219677935","278","14"
"5.943049466404399","279","14"
"5.966203209247259","280","14"
"10.782918928946222","281","14"
"14.13952897958555","282","14"
"13.415447092184401","283","14"
"8.735954613805326","284","14"
"4.438182631038631","285","14"
"4.141710532735652","286","14"
"9.843004686195332","287","14"
"15.35350071460316","288","14"
"16.22456917110126","289","14"
"10.035686053591542","290","14"
"2.2221010321097334","291","14"
"3.269515601991492","292","14"
"10.308735256364352","293","14"
"17.835012456635955","294","14"
"19.923998751624534","295","14"
"14.941767077211093","296","14"
"5.7583980504203165","297","14"
"0.928886420772454","298","14"
"3.5384826097586455","299","14"
"10.010125088454213","300","14"
"15.568876860280248","1","15"
"7.989885954680494","2","15"
"2.693155288159901","3","15"
"4.900215864241062","4","15"
"12.341852395788933","5","15"
"17.053356688154878","6","15"
"14.524349552158295","7","15"
"7.5989925040739585","8","15"
"3.460886193045623","9","15"
"6.582546333846235","10","15"
"11.98114261461146","11","15"
"15.185138408235389","12","15"
"12.877630985913315","13","15"
"7.08654066384221","14","15"
"5.14086756852114","15","15"
"8.915293501210037","16","15"
"12.974426777328341","17","15"
"14.213156151755348","18","15"
"10.361620315808683","19","15"
"5.705608861124587","20","15"
"5.6447946792175205","21","15"
"9.972508727619248","22","15"
"14.172963418421197","23","15"
"13.676175327928394","24","15"
"9.185690847516089","25","15"
"4.356411455038543","26","15"
"6.21831249824088","27","15"
"11.612071193346818","28","15"
"14.80422316677347","29","15"
"13.560593395210505","30","15"
"7.799647623140012","31","15"
"4.270158625080294","32","15"
"5.911345649044358","33","15"
"11.373831670161998","34","15"
"15.346055901684215","35","15"
"14.145202949644702","36","15"
"7.584660467835982","37","15"
"3.0683009649029995","38","15"
"5.646113720227582","39","15"
"12.363549904133217","40","15"
"16.055887297571484","41","15"
"13.785200624046562","42","15"
"7.03303906016636","43","15"
"3.0346968248847705","44","15"
"6.148591208159774","45","15"
"12.176325421517143","46","15"
"15.56147943145774","47","15"
"13.963617174504389","48","15"
"6.5519174743018285","49","15"
"3.7497724280960854","50","15"
"6.719148623111679","51","15"
"12.648185069462238","52","15"
"15.379247910259034","53","15"
"12.346072886238836","54","15"
"5.773862346171942","55","15"
"3.6939310969142936","56","15"
"7.353989176611983","57","15"
"13.425464971735336","58","15"
"15.928708382740076","59","15"
"13.049786223907343","60","15"
"6.393310782021004","61","15"
"3.411765138889611","62","15"
"7.002260885620397","63","15"
"12.695941626934284","64","15"
"15.577603247714396","65","15"
"14.03986259349115","66","15"
"7.100661675557691","67","15"
"3.0464938119634772","68","15"
"6.05513489358768","69","15"
"11.881537938038","70","15"
"14.815251539729772","71","15"
"12.716451227000501","72","15"
"7.213218739793859","73","15"
"4.322985280870878","74","15"
"6.719554693798569","75","15"
"12.362099730391162","76","15"
"15.455692783233115","77","15"
"14.095556538093915","78","15"
"7.916315533230845","79","15"
"1.9209347401369672","80","15"
"3.9130461783868196","81","15"
"10.957238407996023","82","15"
"17.136240288465455","83","15"
"18.106587242640625","84","15"
"12.052082116753239","85","15"
"3.4221193904274463","86","15"
"1.160932677259865","87","15"
"5.96813383568805","88","15"
"12.802115061620507","89","15"
"17.30297390426274","90","15"
"16.583072836905178","91","15"
"9.406645644081594","92","15"
"2.789322413830366","93","15"
"3.588436466958395","94","15"
"9.607621432265383","95","15"
"15.580993965498823","96","15"
"17.044710743489095","97","15"
"12.6413011520104","98","15"
"6.390756448636441","99","15"
"3.692110115068741","100","15"
"6.314219562358819","101","15"
"11.284546809009777","102","15"
"14.826526750769828","103","15"
"14.122784762252316","104","15"
"8.563796069944106","105","15"
"4.4948435417953885","106","15"
"5.634636300310879","107","15"
"11.132111068822807","108","15"
"16.008444797482788","109","15"
"18.013261509822662","110","15"
"13.593210182893719","111","15"
"7.2177527366492455","112","15"
"4.743483047680881","113","15"
"5.606259838280729","114","15"
"10.254269992401703","115","15"
"14.576693551338682","116","15"
"15.939874500162759","117","15"
"12.763491513247367","118","15"
"7.27994546517585","119","15"
"4.7231089881695825","120","15"
"6.659365871768871","121","15"
"11.953536419637313","122","15"
"17.109148706817706","123","15"
"18.140200198304704","124","15"
"13.959406601656065","125","15"
"7.981008599311193","126","15"
"4.512761341982187","127","15"
"4.772363654457984","128","15"
"8.613252394131289","129","15"
"13.67712080594563","130","15"
"16.80686682241172","131","15"
"16.330728280362976","132","15"
"11.532998155954195","133","15"
"6.2163466092166955","134","15"
"4.5768408942092735","135","15"
"7.480818771476652","136","15"
"13.307901722613027","137","15"
"18.052277354436054","138","15"
"17.968732580686847","139","15"
"14.071396158690744","140","15"
"7.891658722770839","141","15"
"3.391544251224928","142","15"
"3.1605068352092895","143","15"
"7.696286379479417","144","15"
"13.650466700723106","145","15"
"17.917033225609124","146","15"
"18.793859400801935","147","15"
"15.126373313010202","148","15"
"9.05276853941447","149","15"
"3.0117846858359423","150","15"
"2.004334193474141","151","15"
"7.209405972964443","152","15"
"13.563028717376117","153","15"
"18.38615230965111","154","15"
"18.153944892138032","155","15"
"14.323931353574416","156","15"
"7.375689439845594","157","15"
"1.9320836395013525","158","15"
"1.5601474088249234","159","15"
"8.200068582997167","160","15"
"14.949125937583014","161","15"
"20.766152991695733","162","15"
"20.859411505214105","163","15"
"12.964791276416081","164","15"
"2.752239124080294","165","15"
"-0.45417931921833754","166","15"
"4.044862949401266","167","15"
"11.12693738666555","168","15"
"17.855772200653117","169","15"
"20.823002887860365","170","15"
"19.284824757211894","171","15"
"12.60959457976103","172","15"
"5.083896457226093","173","15"
"1.650946770385","174","15"
"5.267930778000789","175","15"
"11.404978448899996","176","15"
"17.4211851033549","177","15"
"20.55161543432997","178","15"
"17.510115134761726","179","15"
"9.870150263673903","180","15"
"3.804644038234558","181","15"
"3.001275885006828","182","15"
"6.749520726970752","183","15"
"12.637628333558824","184","15"
"18.05179690173732","185","15"
"20.392545920642107","186","15"
"17.04112277562881","187","15"
"9.183304011402644","188","15"
"4.623174275854674","189","15"
"5.237734436080818","190","15"
"9.293965160803548","191","15"
"14.321470686426991","192","15"
"18.139645914571986","193","15"
"18.119995839975985","194","15"
"13.599697396282382","195","15"
"8.240610085320192","196","15"
"5.308105329065376","197","15"
"6.246232750598377","198","15"
"10.31357174006791","199","15"
"15.370298927767214","200","15"
"18.673655865748042","201","15"
"17.60812087356944","202","15"
"13.12191583823865","203","15"
"8.057949352364243","204","15"
"6.453998239019001","205","15"
"8.58633271757758","206","15"
"12.354939222050827","207","15"
"16.222723395251755","208","15"
"17.83617061210928","209","15"
"15.297678943135592","210","15"
"10.327045352791403","211","15"
"6.583825704449978","212","15"
"6.778991982019695","213","15"
"10.48430655712462","214","15"
"14.435466904847905","215","15"
"17.22791969942124","216","15"
"17.570112216494223","217","15"
"13.486592660047885","218","15"
"8.09483952437245","219","15"
"4.870184815680748","220","15"
"5.999704316404634","221","15"
"10.528582036442293","222","15"
"15.769652092520985","223","15"
"18.818029697806683","224","15"
"17.397180099709807","225","15"
"12.936136019585977","226","15"
"7.716414151884827","227","15"
"4.702936586557066","228","15"
"6.84493191100972","229","15"
"12.286471406613785","230","15"
"17.198598861329582","231","15"
"19.820082122275494","232","15"
"18.53741887480744","233","15"
"12.886661513129232","234","15"
"5.9676451183213315","235","15"
"1.9952678526969654","236","15"
"4.401749770658809","237","15"
"9.452911255449536","238","15"
"15.397900714918439","239","15"
"19.1784926409004","240","15"
"20.005574330482364","241","15"
"13.542242526421408","242","15"
"5.0881527612372555","243","15"
"0.37078479024583655","244","15"
"3.7770196609908466","245","15"
"11.720657911084029","246","15"
"17.61801974190142","247","15"
"20.46894010365256","248","15"
"16.63616065620402","249","15"
"6.575972065954818","250","15"
"0.014902665288659708","251","15"
"4.312503753446107","252","15"
"11.033544434547991","253","15"
"14.848844660190691","254","15"
"15.643601580358165","255","15"
"14.03307454618791","256","15"
"12.582318971506194","257","15"
"11.45767727782578","258","15"
"10.996991460993485","259","15"
"11.30911050421051","260","15"
"10.807030822297227","261","15"
"9.956306672505686","262","15"
"10.784246785602132","263","15"
"12.284945197926287","264","15"
"14.080447623065552","265","15"
"15.20355429241262","266","15"
"14.747000809571745","267","15"
"11.94879139825943","268","15"
"8.154276812593576","269","15"
"7.2892299931877735","270","15"
"9.780351891151016","271","15"
"13.589930762638128","272","15"
"15.491514058182206","273","15"
"14.929400929997302","274","15"
"12.602434071420697","275","15"
"9.085159426172819","276","15"
"8.279062279577154","277","15"
"9.811871130926107","278","15"
"12.127676279902952","279","15"
"13.826268310231162","280","15"
"13.639242179646677","281","15"
"11.568667361012402","282","15"
"10.197899446980077","283","15"
"10.25326611073072","284","15"
"11.608650722757652","285","15"
"13.400728269484828","286","15"
"12.678735690149741","287","15"
"9.5710409098176","288","15"
"6.882853513582185","289","15"
"7.032485878389375","290","15"
"10.769804553791051","291","15"
"14.908258807341465","292","15"
"16.53761275517663","293","15"
"14.765405674191665","294","15"
"8.528052482874052","295","15"
"3.8717068601145175","296","15"
"4.239493400996762","297","15"
"10.263223382716447","298","15"
"17.714100364047","299","15"
"20.481425262085303","300","15"
"9.37297318280804","1","16"
"9.838182527916278","2","16"
"9.3276552533688","3","16"
"9.572216696582625","4","16"
"10.503626045001308","5","16"
"10.695648442870352","6","16"
"10.027887512882932","7","16"
"9.358725997161356","8","16"
"8.729574290122573","9","16"
"8.894658829168348","10","16"
"11.10981960633949","11","16"
"14.180245141891946","12","16"
"13.380434652741895","13","16"
"8.48432467555471","14","16"
"6.926586830680183","15","16"
"6.340723250624056","16","16"
"6.610129387750032","17","16"
"7.643306551842217","18","16"
"9.349557725479057","19","16"
"9.7615921967857","20","16"
"10.048100686857499","21","16"
"10.352866379481258","22","16"
"11.359852259757957","23","16"
"12.156170651196323","24","16"
"12.799373395761666","25","16"
"12.665018545209689","26","16"
"11.966611124386166","27","16"
"10.619488976430613","28","16"
"8.629187775957934","29","16"
"7.467418438809274","30","16"
"7.722120629638045","31","16"
"9.418124716931894","32","16"
"10.896130554886632","33","16"
"10.485512096694384","34","16"
"8.23522648059617","35","16"
"8.374028824478646","36","16"
"9.722581861950962","37","16"
"11.61425526960575","38","16"
"12.490439004607362","39","16"
"12.005094724381463","40","16"
"11.446182777595245","41","16"
"10.702353843493764","42","16"
"10.691384976146937","43","16"
"11.215718654048683","44","16"
"11.297069433937377","45","16"
"10.199385985261257","46","16"
"7.4256857223409884","47","16"
"6.337993706278257","48","16"
"6.39573563560717","49","16"
"7.951937354192618","50","16"
"9.817836017298255","51","16"
"10.66759595582513","52","16"
"12.355368984785935","53","16"
"13.656355552149812","54","16"
"12.045951937021433","55","16"
"11.016523626326265","56","16"
"11.340767488451982","57","16"
"12.559655047985784","58","16"
"12.14088101542807","59","16"
"8.432862240959158","60","16"
"5.606958478214212","61","16"
"4.263197846216213","62","16"
"4.673269183387997","63","16"
"7.245955640651756","64","16"
"10.135462635259046","65","16"
"11.381197142268306","66","16"
"12.770988118085668","67","16"
"12.432706441902162","68","16"
"12.274811613023594","69","16"
"11.650657275225102","70","16"
"12.212075069343719","71","16"
"10.736907869352153","72","16"
"8.051000419524271","73","16"
"6.636330589167097","74","16"
"6.270017914075126","75","16"
"6.544239046767904","76","16"
"8.230270985673657","77","16"
"10.684048154889638","78","16"
"11.83087662525892","79","16"
"12.749187025902666","80","16"
"14.332220264583338","81","16"
"14.250447435649654","82","16"
"11.569720830691281","83","16"
"8.91098871114671","84","16"
"7.441855269760484","85","16"
"5.945695813092504","86","16"
"6.399031034220861","87","16"
"6.844151726352139","88","16"
"7.423015683604666","89","16"
"9.610763108054593","90","16"
"11.72199788925298","91","16"
"10.904141773051332","92","16"
"11.011809459708852","93","16"
"11.197682944598663","94","16"
"10.188291494961092","95","16"
"10.118846244790612","96","16"
"10.762769668404058","97","16"
"11.099075537961799","98","16"
"8.50111737894011","99","16"
"7.777957828485846","100","16"
"8.082671178212381","101","16"
"8.155439926867693","102","16"
"8.161899040385217","103","16"
"8.383565149375112","104","16"
"9.236486598894356","105","16"
"9.738105112334198","106","16"
"10.224314427808967","107","16"
"10.15386199010031","108","16"
"10.350309842185233","109","16"
"10.553759520985217","110","16"
"10.35302836697372","111","16"
"9.853750958484486","112","16"
"9.435179685781284","113","16"
"9.143531123202022","114","16"
"9.466993147736565","115","16"
"9.011134998961978","116","16"
"9.234501976622743","117","16"
"9.872544813477464","118","16"
"10.478185193038664","119","16"
"10.8757730247113","120","16"
"10.601815810416106","121","16"
"9.776545736055985","122","16"
"9.005917789553344","123","16"
"9.009093625970218","124","16"
"9.186143751321548","125","16"
"8.954411276728552","126","16"
"8.631939359418356","127","16"
"8.929307623219607","128","16"
"9.632521223964083","129","16"
"9.885813462434983","130","16"
"9.3496018037083","131","16"
"10.016407338076903","132","16"
"9.94244847723206","133","16"
"9.976297251422581","134","16"
"10.054306901534746","135","16"
"9.642280143918223","136","16"
"9.436139489223024","137","16"
"9.41364967470812","138","16"
"9.590228163006563","139","16"
"9.813895423604038","140","16"
"10.191105889898182","141","16"
"9.922553768463766","142","16"
"9.235095930761776","143","16"
"9.429182842692935","144","16"
"9.70713795238036","145","16"
"9.562097437104436","146","16"
"9.734462046687362","147","16"
"9.438343400685115","148","16"
"8.899031389509135","149","16"
"8.638012237452147","150","16"
"8.865551770488514","151","16"
"9.290624031027019","152","16"
"10.230008233071278","153","16"
"10.508269686451934","154","16"
"10.608304125760503","155","16"
"10.771555561447682","156","16"
"9.960165721475809","157","16"
"9.390947182737122","158","16"
"9.160864335873502","159","16"
"9.390972527718937","160","16"
"9.248387169811782","161","16"
"8.715105611373946","162","16"
"9.26572534128405","163","16"
"8.633311294303507","164","16"
"8.505557158580492","165","16"
"9.558975596518383","166","16"
"10.360734343400923","167","16"
"10.788567554023562","168","16"
"10.422210249724483","169","16"
"10.349399626751389","170","16"
"9.877489288842666","171","16"
"9.791799007285116","172","16"
"10.246538670992688","173","16"
"9.858229306575454","174","16"
"9.487457567617808","175","16"
"9.010169685741584","176","16"
"8.439422734403937","177","16"
"8.847774469657425","178","16"
"9.349099311894943","179","16"
"10.32330972286316","180","16"
"10.603102894709968","181","16"
"10.355244399948853","182","16"
"9.924176949255596","183","16"
"9.122847414130302","184","16"
"9.319795003139253","185","16"
"9.788737774264272","186","16"
"10.284891138255993","187","16"
"9.675236333966597","188","16"
"9.061950585543405","189","16"
"9.238213363524904","190","16"
"9.300352096220688","191","16"
"9.528567128120187","192","16"
"10.096584535112033","193","16"
"10.203371759140449","194","16"
"10.391117466817306","195","16"
"9.827586121606545","196","16"
"9.784374029569332","197","16"
"9.411360912654738","198","16"
"9.140148119107714","199","16"
"9.186431912745217","200","16"
"9.103606165110518","201","16"
"9.724407802597304","202","16"
"9.112117671177112","203","16"
"9.188664475056314","204","16"
"9.652274882398803","205","16"
"9.969588544931977","206","16"
"10.65296418762831","207","16"
"9.864205212504913","208","16"
"9.680398996566543","209","16"
"9.626849457816393","210","16"
"9.56691849342776","211","16"
"9.791673384331776","212","16"
"9.167718500520603","213","16"
"9.071822455959976","214","16"
"9.102993477724057","215","16"
"9.451815911452876","216","16"
"9.862150065066514","217","16"
"9.5521611022776","218","16"
"9.68412691280467","219","16"
"9.64856018962945","220","16"
"9.912382717066219","221","16"
"10.170051923700829","222","16"
"9.091725980374118","223","16"
"9.117963546330309","224","16"
"8.953582606018806","225","16"
"9.176913770118311","226","16"
"9.483465182004231","227","16"
"9.061341755002003","228","16"
"9.438091052822706","229","16"
"9.770149984992997","230","16"
"10.332764503035529","231","16"
"10.760144809852708","232","16"
"9.79822340919711","233","16"
"9.701763714280052","234","16"
"9.286324199764481","235","16"
"9.29605336691388","236","16"
"9.448463762119037","237","16"
"8.610770789824974","238","16"
"8.857443580219483","239","16"
"9.03373611100572","240","16"
"9.904070664986943","241","16"
"10.846524915697893","242","16"
"10.187224801813441","243","16"
"10.171559399140898","244","16"
"9.787340494397306","245","16"
"10.013583025538233","246","16"
"10.378597045801168","247","16"
"9.365097505198259","248","16"
"9.051787798813839","249","16"
"8.581456563467704","250","16"
"8.9459758056074","251","16"
"9.8296787355398","252","16"
"10.034174170328546","253","16"
"10.144981328863816","254","16"
"10.340972971276086","255","16"
"10.902833751598582","256","16"
"10.98632012169404","257","16"
"10.138494115475151","258","16"
"9.667894002930641","259","16"
"9.144928403068988","260","16"
"9.191847474185439","261","16"
"9.68018411519899","262","16"
"9.330763870486079","263","16"
"9.398001903327275","264","16"
"9.859181396327077","265","16"
"10.753668616021354","266","16"
"11.633505334271382","267","16"
"10.812746666674158","268","16"
"10.062600220366594","269","16"
"9.51497230026628","270","16"
"9.32109971872481","271","16"
"9.567806669746982","272","16"
"9.045952943217955","273","16"
"8.722590645677073","274","16"
"8.932899998902815","275","16"
"9.573517004345259","276","16"
"10.597130294647702","277","16"
"11.084310433121521","278","16"
"10.526977588897891","279","16"
"10.222311072289925","280","16"
"10.27914333716286","281","16"
"10.55655518267488","282","16"
"9.936437308719208","283","16"
"9.247299539505239","284","16"
"8.789544373939659","285","16"
"8.608337671570826","286","16"
"9.183894659674484","287","16"
"9.615864061133601","288","16"
"9.899995632693537","289","16"
"10.362668275708907","290","16"
"10.829248453746564","291","16"
"11.704251994160225","292","16"
"10.8712296612322","293","16"
"10.015601808437507","294","16"
"9.111823448996923","295","16"
"8.44796895207606","296","16"
"8.890576083184824","297","16"
"8.93925167173656","298","16"
"8.933965590094736","299","16"
"8.8501144726523","300","16"
"9.625260437652226","1","17"
"9.621525909679713","2","17"
"9.170399007836371","3","17"
"9.483068477941053","4","17"
"9.811510791402055","5","17"
"9.453662789258107","6","17"
"9.734678030010647","7","17"
"10.481750019828596","8","17"
"9.539726633808483","9","17"
"8.236741669726356","10","17"
"8.367450148764304","11","17"
"8.487910990481396","12","17"
"8.32638687040263","13","17"
"9.72898973452699","14","17"
"10.32121270110698","15","17"
"9.609002182796383","16","17"
"9.225178880160234","17","17"
"9.269888530035939","18","17"
"9.342176825992516","19","17"
"9.704469015599768","20","17"
"10.779433442968926","21","17"
"10.491395438342435","22","17"
"9.175167170284604","23","17"
"9.082794629173994","24","17"
"8.663939051892182","25","17"
"8.508515909718348","26","17"
"9.100591214230377","27","17"
"10.340568553522791","28","17"
"9.727065719820585","29","17"
"8.660786356545662","30","17"
"8.788315142321679","31","17"
"8.895897427410043","32","17"
"9.306854736989587","33","17"
"10.095740437022053","34","17"
"10.990215535203287","35","17"
"9.940906841164328","36","17"
"9.461018343762836","37","17"
"9.007042335376877","38","17"
"8.731809607323","39","17"
"9.116883629713884","40","17"
"10.46266524852262","41","17"
"10.712473102971954","42","17"
"9.1664033163556","43","17"
"8.586030781707274","44","17"
"8.441075668000506","45","17"
"8.674954201379713","46","17"
"9.286013448248326","47","17"
"10.790475039394","48","17"
"10.638286137290784","49","17"
"9.395559969427278","50","17"
"9.119741551902349","51","17"
"8.761048349712691","52","17"
"8.95259525368379","53","17"
"9.530697208548297","54","17"
"10.818969410687371","55","17"
"9.966549351025753","56","17"
"9.05488760028527","57","17"
"8.743354797517162","58","17"
"8.447150198967893","59","17"
"8.85845297166912","60","17"
"10.121592318472377","61","17"
"11.33742415476399","62","17"
"10.148891067797564","63","17"
"9.193041994197893","64","17"
"8.732549570596396","65","17"
"8.534831714531443","66","17"
"8.959759067891316","67","17"
"10.240505463365215","68","17"
"10.522446346931831","69","17"
"9.081981385844482","70","17"
"8.798656445879674","71","17"
"8.44458484602602","72","17"
"8.75618266418226","73","17"
"9.476868874998193","74","17"
"10.962899154586403","75","17"
"10.893695232721022","76","17"
"9.927165453198192","77","17"
"9.565322861529205","78","17"
"8.783302896679018","79","17"
"8.75057481146697","80","17"
"9.549292711509688","81","17"
"10.911021282680249","82","17"
"10.048750840738816","83","17"
"8.738315002981224","84","17"
"8.28063311747176","85","17"
"8.073619713837575","86","17"
"8.771043639171138","87","17"
"10.05866293253957","88","17"
"11.240576571429605","89","17"
"10.241099417504248","90","17"
"9.603853845620938","91","17"
"9.05986293041094","92","17"
"8.876575184644027","93","17"
"9.294997693323538","94","17"
"10.570010062150944","95","17"
"10.740831933710407","96","17"
"9.567073869185837","97","17"
"8.836193465902003","98","17"
"8.143711261044313","99","17"
"8.438596267605654","100","17"
"9.367872229729032","101","17"
"11.081666841322743","102","17"
"10.917700236366114","103","17"
"9.494979517437924","104","17"
"8.933464200237111","105","17"
"8.474993865402082","106","17"
"8.946553230410467","107","17"
"9.979359586399157","108","17"
"11.12368000552458","109","17"
"10.157379432793807","110","17"
"8.836812214044986","111","17"
"8.350411709250881","112","17"
"8.322622038647513","113","17"
"9.071202605861263","114","17"
"10.645378324375793","115","17"
"11.314362425224672","116","17"
"10.085097748571616","117","17"
"9.127206751002317","118","17"
"8.579551832986592","119","17"
"8.731092234142087","120","17"
"9.543487608718541","121","17"
"11.056410015967183","122","17"
"10.776625659766223","123","17"
"8.915108923625088","124","17"
"8.3447509626605","125","17"
"8.20588250143416","126","17"
"8.769011081825225","127","17"
"10.117828037695126","128","17"
"11.327860280974248","129","17"
"10.439828317952436","130","17"
"9.046952968043877","131","17"
"8.686317568878252","132","17"
"8.652254464298043","133","17"
"9.422924836096328","134","17"
"10.938615356141355","135","17"
"11.24169836236381","136","17"
"9.472675933441565","137","17"
"8.562760231556922","138","17"
"8.301446857319744","139","17"
"8.524698680606615","140","17"
"9.74734170527182","141","17"
"11.202652764945677","142","17"
"10.5740762787985","143","17"
"8.969115774003622","144","17"
"8.597387537471427","145","17"
"8.639793548891381","146","17"
"9.26533635091099","147","17"
"10.673645692788568","148","17"
"11.362856191080787","149","17"
"9.666341347305599","150","17"
"8.668465886035317","151","17"
"8.497652830121703","152","17"
"8.494745870903206","153","17"
"9.68134227067232","154","17"
"11.129902749537793","155","17"
"10.696965279968952","156","17"
"9.061356080426506","157","17"
"8.608109566734498","158","17"
"8.647721018420523","159","17"
"9.067498381671353","160","17"
"10.491371195316352","161","17"
"11.407516252948595","162","17"
"9.751277891143115","163","17"
"8.70858423735762","164","17"
"8.520932746895769","165","17"
"8.56110289013743","166","17"
"9.64247849594981","167","17"
"10.969207851146638","168","17"
"10.826885860659202","169","17"
"9.12007379155526","170","17"
"8.624074701365885","171","17"
"8.62681085744607","172","17"
"9.003896802742608","173","17"
"10.371317526241882","174","17"
"11.382095236189109","175","17"
"10.05162253737392","176","17"
"8.856910233645657","177","17"
"8.530140688984384","178","17"
"8.639600155660583","179","17"
"9.533952385777805","180","17"
"10.863379328604232","181","17"
"10.806202151587481","182","17"
"9.293709507073947","183","17"
"8.62942469644011","184","17"
"8.500501385686455","185","17"
"9.103994604505711","186","17"
"10.129729159590417","187","17"
"11.226047285115772","188","17"
"10.294240130678181","189","17"
"9.129493309144236","190","17"
"8.597973777920343","191","17"
"8.739210342012699","192","17"
"9.556464239407331","193","17"
"10.724576984721756","194","17"
"10.690825182635567","195","17"
"9.547304783370883","196","17"
"8.686192496902779","197","17"
"8.568629798758336","198","17"
"9.173950611157531","199","17"
"10.106105432628265","200","17"
"11.110063138556052","201","17"
"10.412263997296066","202","17"
"9.072335416352777","203","17"
"8.558650487657989","204","17"
"8.812711891229158","205","17"
"9.559518860693789","206","17"
"10.562999419790033","207","17"
"10.975625641324246","208","17"
"9.756684085959623","209","17"
"8.567454562971177","210","17"
"8.516132627731334","211","17"
"9.081330130007435","212","17"
"9.86008830589373","213","17"
"10.758200959943144","214","17"
"10.87241095777588","215","17"
"9.506481731358575","216","17"
"8.666871356092495","217","17"
"8.646801436362965","218","17"
"9.16763530286291","219","17"
"9.892052735784162","220","17"
"10.842350707388693","221","17"
"10.284842652203826","222","17"
"9.227638445351927","223","17"
"8.53174458555092","224","17"
"8.632008782629411","225","17"
"9.404457159999739","226","17"
"10.093635701575757","227","17"
"10.751796393234308","228","17"
"9.915828532637198","229","17"
"9.120639094845286","230","17"
"8.643802463840924","231","17"
"8.899449030731201","232","17"
"9.69648204046115","233","17"
"10.234119629903807","234","17"
"10.245776117626805","235","17"
"9.297228051723174","236","17"
"8.611193389847829","237","17"
"8.603713865323359","238","17"
"9.135153504756751","239","17"
"9.705505955942682","240","17"
"10.444161207886905","241","17"
"10.239256947521941","242","17"
"8.837499834421157","243","17"
"8.412513526429674","244","17"
"8.760072016934984","245","17"
"9.23670148026191","246","17"
"9.743148763715192","247","17"
"10.18217674260952","248","17"
"9.707568817071198","249","17"
"8.747014392499963","250","17"
"8.742524473873818","251","17"
"9.238635963547761","252","17"
"9.676934447748136","253","17"
"9.889870863436691","254","17"
"10.03785580442597","255","17"
"9.135153504756751","256","17"
"8.583523832419145","257","17"
"8.500771364840562","258","17"
"9.088079608860088","259","17"
"9.267547976063199","260","17"
"10.046073088312374","261","17"
"9.770025463995388","262","17"
"8.845152365995402","263","17"
"8.639355521488291","264","17"
"9.124231470528494","265","17"
"9.567727328934346","266","17"
"9.459407284484048","267","17"
"9.905687234044386","268","17"
"9.314746943935335","269","17"
"8.179403056195007","270","17"
"8.671045013423829","271","17"
"9.20473925428294","272","17"
"9.311128121314582","273","17"
"9.816317522300874","274","17"
"9.994380344969036","275","17"
"8.990461758469701","276","17"
"8.4843935477879","277","17"
"9.140483113649951","278","17"
"9.425020755896776","279","17"
"9.22268239945155","280","17"
"9.804173970144754","281","17"
"9.351597445537223","282","17"
"8.47120148475369","283","17"
"8.96001306868732","284","17"
"9.810909123572904","285","17"
"9.905281714335361","286","17"
"9.30075431006252","287","17"
"9.613356009889744","288","17"
"8.86246849835305","289","17"
"8.376147885349447","290","17"
"9.137480284282853","291","17"
"9.73124433595271","292","17"
"9.296331059758103","293","17"
"9.386281502171876","294","17"
"9.379675277564258","295","17"
"8.945070548974346","296","17"
"8.932280699781968","297","17"
"9.962820332831896","298","17"
"10.160441767770383","299","17"
"9.40091657623589","300","17"
"12.665809749424579","1","18"
"5.709780865522325","2","18"
"3.754906715335959","3","18"
"8.412336111556977","4","18"
"13.736300236525691","5","18"
"14.713186196008886","6","18"
"9.959940922506675","7","18"
"5.252131487706926","8","18"
"5.830081923658415","9","18"
"11.425580613247622","10","18"
"13.989234339384002","11","18"
"11.97465870708999","12","18"
"6.320740936375145","13","18"
"4.207547704353757","14","18"
"8.01485406763452","15","18"
"13.033950018096489","16","18"
"14.624010428474039","17","18"
"11.187580214456439","18","18"
"5.610907336576413","19","18"
"3.655684968379036","20","18"
"8.11044707436911","21","18"
"13.171967769498462","22","18"
"14.709323841171573","23","18"
"11.457054672837739","24","18"
"5.050878006678914","25","18"
"4.20918218019183","26","18"
"9.186246233204535","27","18"
"13.997029574225417","28","18"
"14.276498771087297","29","18"
"9.56545289230547","30","18"
"5.397336745364642","31","18"
"5.60054729977099","32","18"
"10.251543753923098","33","18"
"14.34333348813093","34","18"
"14.142778647036403","35","18"
"8.521339368560524","36","18"
"2.505298558443141","37","18"
"4.21094007507178","38","18"
"10.890091837480503","39","18"
"15.723681805288965","40","18"
"15.016389315406023","41","18"
"9.097523369475148","42","18"
"5.469010701001161","43","18"
"5.879268268691492","44","18"
"9.75629178971937","45","18"
"13.845982298259564","46","18"
"15.268240195780715","47","18"
"10.378707241374272","48","18"
"5.067662445396333","49","18"
"4.590729117776571","50","18"
"9.848089109938375","51","18"
"13.820667069250257","52","18"
"13.151571670872542","53","18"
"9.770278913813529","54","18"
"6.6829163186749065","55","18"
"7.0165708827437525","56","18"
"10.677458459617986","57","18"
"13.074232009844854","58","18"
"14.022841785269422","59","18"
"9.12145564404199","60","18"
"3.847079526970317","61","18"
"4.421741451531434","62","18"
"10.547541184794929","63","18"
"14.610543427484933","64","18"
"14.348438849032865","65","18"
"10.19267507485919","66","18"
"5.688260221072874","67","18"
"5.114164977246448","68","18"
"9.797000238335649","69","18"
"14.3043518041452","70","18"
"15.560790709125836","71","18"
"12.932940347965946","72","18"
"6.594030365497324","73","18"
"2.9294443497007694","74","18"
"6.360563412583663","75","18"
"12.907151277992291","76","18"
"15.502092833200242","77","18"
"13.641018532285122","78","18"
"9.94555709434934","79","18"
"6.450366192929476","80","18"
"6.4948802456629195","81","18"
"10.17189880150606","82","18"
"13.557140967905141","83","18"
"13.777132104183847","84","18"
"11.705782610670648","85","18"
"6.785085246234511","86","18"
"5.213337136195474","87","18"
"9.096642355868177","88","18"
"13.602489752104852","89","18"
"14.71079715598398","90","18"
"12.139608256558711","91","18"
"8.758619639281466","92","18"
"6.809010909066968","93","18"
"8.065480117830207","94","18"
"12.220806966556522","95","18"
"14.799835179052447","96","18"
"14.531958556481163","97","18"
"11.719346583764086","98","18"
"7.341652231225065","99","18"
"4.533445051053908","100","18"
"6.884827116296487","101","18"
"12.784893697455729","102","18"
"16.22990704466244","103","18"
"16.15780608118014","104","18"
"11.475348239928824","105","18"
"7.2782941845128795","106","18"
"4.551357892439917","107","18"
"6.729962665678293","108","18"
"12.36426066557974","109","18"
"16.98380895610141","110","18"
"17.915054113116167","111","18"
"14.246633566864507","112","18"
"9.380478603292191","113","18"
"5.923165777193415","114","18"
"5.129703104032053","115","18"
"8.388122838278717","116","18"
"13.727794240237753","117","18"
"17.49609164612844","118","18"
"17.425592926279084","119","18"
"12.628839134648006","120","18"
"7.248673063484514","121","18"
"4.911816152221777","122","18"
"6.345159724397245","123","18"
"11.304555019218368","124","18"
"16.649302580252467","125","18"
"20.1664708867723","126","18"
"17.87620466381816","127","18"
"11.176820718698512","128","18"
"6.041399015400199","129","18"
"4.699532645303867","130","18"
"6.952450833643549","131","18"
"11.588729567051814","132","18"
"16.303352394136617","133","18"
"17.54582070435906","134","18"
"15.741220532704283","135","18"
"11.527859736380329","136","18"
"7.9988823212687485","137","18"
"6.535567206142442","138","18"
"7.353213950755193","139","18"
"10.89203899325726","140","18"
"15.846119004609687","141","18"
"18.04430139885475","142","18"
"18.305182806445355","143","18"
"15.585938440864023","144","18"
"12.425084214110521","145","18"
"9.151304318928817","146","18"
"7.772678358578408","147","18"
"9.125968152760622","148","18"
"12.119717955613343","149","18"
"14.944384222072324","150","18"
"15.79923629803236","151","18"
"13.349946843531063","152","18"
"9.722261192833226","153","18"
"7.459753234744122","154","18"
"8.659980826906267","155","18"
"11.338755317287093","156","18"
"13.69673561795824","157","18"
"14.801795558297977","158","18"
"14.810795230753424","159","18"
"13.317722352088104","160","18"
"9.752516489384808","161","18"
"6.860624862575537","162","18"
"7.05270896996552","163","18"
"10.630825896991608","164","18"
"14.190584792516345","165","18"
"15.661844457485623","166","18"
"15.375253320733995","167","18"
"14.242222438073131","168","18"
"12.447073740723532","169","18"
"11.134168420172669","170","18"
"9.956105014606905","171","18"
"9.421826186232476","172","18"
"10.493495765965807","173","18"
"12.708092892780522","174","18"
"14.481270796764537","175","18"
"14.674832626789852","176","18"
"13.990935759032736","177","18"
"12.418004148538555","178","18"
"10.79967747170396","179","18"
"10.242599179254201","180","18"
"11.11952783633","181","18"
"12.596783242431895","182","18"
"13.77142176958557","183","18"
"14.872438634348104","184","18"
"15.407805093029076","185","18"
"14.97333590499408","186","18"
"13.088092409029942","187","18"
"10.76061093712694","188","18"
"9.274320595986202","189","18"
"9.343620388000184","190","18"
"10.823106152501717","191","18"
"12.664705589782072","192","18"
"13.894939987478448","193","18"
"14.35394642377663","194","18"
"14.423598841624546","195","18"
"13.489596591370715","196","18"
"11.745547785181152","197","18"
"10.47994171047395","198","18"
"9.980581655304885","199","18"
"9.960038996566738","200","18"
"10.705138485626115","201","18"
"12.918403347961995","202","18"
"14.82758242436017","203","18"
"15.261693476782574","204","18"
"14.59235675009976","205","18"
"13.519598438104156","206","18"
"10.908076856966895","207","18"
"9.503337851657903","208","18"
"10.641648204226204","209","18"
"10.623539765697936","210","18"
"9.609512388299857","211","18"
"7.6438657943757224","212","18"
"6.065395754377309","213","18"
"5.856299103433582","214","18"
"6.673825183893783","215","18"
"8.597173758059604","216","18"
"12.43311416552265","217","18"
"14.796511680567614","218","18"
"12.88495127783465","219","18"
"12.00724133414554","220","18"
"10.907187578691941","221","18"
"9.788825930722755","222","18"
"8.04608679891954","223","18"
"6.953124679573083","224","18"
"7.194624338788199","225","18"
"7.499004346906093","226","18"
"8.000646552394151","227","18"
"8.758247178244375","228","18"
"11.152442152060594","229","18"
"13.381690882275288","230","18"
"13.455761040648966","231","18"
"12.806625366427676","232","18"
"10.676645216288474","233","18"
"9.360919991021866","234","18"
"7.170514098370792","235","18"
"5.3650428307106255","236","18"
"5.863291012547065","237","18"
"5.715724814735585","238","18"
"5.708848610973861","239","18"
"7.746536662770818","240","18"
"10.05653505602292","241","18"
"12.430914661883483","242","18"
"13.145665188154139","243","18"
"12.513823607175876","244","18"
"14.454960501730097","245","18"
"15.55714654152327","246","18"
"13.237776565756493","247","18"
"8.756177154403606","248","18"
"4.162529782362292","249","18"
"3.6238693025122934","250","18"
"5.4176248523289185","251","18"
"7.193221549142579","252","18"
"8.790651288471494","253","18"
"10.278010526671345","254","18"
"11.176606939286689","255","18"
"12.093617032167801","256","18"
"11.58672290566558","257","18"
"11.261723101908366","258","18"
"10.731491756934066","259","18"
"10.583613705650698","260","18"
"9.278684340681142","261","18"
"7.458518493347486","262","18"
"7.407982803521745","263","18"
"7.304456266501493","264","18"
"8.559793215751084","265","18"
"10.45086881242178","266","18"
"11.39914249134838","267","18"
"10.956203671564571","268","18"
"10.764537205396655","269","18"
"11.245577246537088","270","18"
"12.161528359960666","271","18"
"11.017323646187004","272","18"
"9.26059353344457","273","18"
"8.046567251618276","274","18"
"7.748656825597349","275","18"
"7.633240186239118","276","18"
"8.157599209122678","277","18"
"9.304095439839049","278","18"
"10.658562122742019","279","18"
"12.036788073162061","280","18"
"12.672566941967348","281","18"
"12.954662099336312","282","18"
"12.1836997092693","283","18"
"11.71024442942565","284","18"
"11.82190780756394","285","18"
"10.207797213356326","286","18"
"8.288706596135263","287","18"
"6.998227176666905","288","18"
"6.70534607660247","289","18"
"6.914576615167519","290","18"
"7.758856527843905","291","18"
"9.007391104365752","292","18"
"9.95106026127018","293","18"
"12.01496824773163","294","18"
"13.542680002846632","295","18"
"13.771221213642521","296","18"
"13.606970304107282","297","18"
"12.606163089614554","298","18"
"10.376747964084474","299","18"
"7.799250368098971","300","18"
"11.286525921502735","1","19"
"4.336415366342994","2","19"
"2.6286142919704383","3","19"
"7.919517816585263","4","19"
"14.768331366657591","5","19"
"16.83942741035265","6","19"
"11.733905622882657","7","19"
"5.093189249905999","8","19"
"3.7043660667094276","9","19"
"9.175978209702654","10","19"
"14.201666059347737","11","19"
"14.406881071228856","12","19"
"9.881307565450738","13","19"
"4.699636229142585","14","19"
"5.590397185532331","15","19"
"10.195853115187525","16","19"
"12.934814774664453","17","19"
"12.187505864364331","18","19"
"7.763771801382233","19","19"
"5.125673802901486","20","19"
"8.021256430431894","21","19"
"12.487473641735118","22","19"
"13.490194953332672","23","19"
"9.341018670519187","24","19"
"5.343824673109347","25","19"
"4.657349228941584","26","19"
"8.92815167165774","27","19"
"14.051043036338337","28","19"
"14.651241958499632","29","19"
"10.794863027115023","30","19"
"4.902421979614615","31","19"
"4.447080097100025","32","19"
"9.186096918202978","33","19"
"14.296988535950355","34","19"
"15.223121720328793","35","19"
"9.1921868765506","36","19"
"3.9251346327563876","37","19"
"3.264649365483195","38","19"
"8.655738848319608","39","19"
"13.786321313025036","40","19"
"14.465826887193936","41","19"
"10.543296451318941","42","19"
"5.106418228457199","43","19"
"5.968892532208875","44","19"
"10.595537968616341","45","19"
"13.520327932798107","46","19"
"12.352660377599026","47","19"
"7.122171851427697","48","19"
"4.017419843875312","49","19"
"6.228772262039963","50","19"
"11.754923224540885","51","19"
"14.73056183397601","52","19"
"12.657108706972245","53","19"
"6.861195124666353","54","19"
"4.299872310390067","55","19"
"7.213700294448326","56","19"
"12.636438221369295","57","19"
"14.833376507594007","58","19"
"12.351416269578676","59","19"
"5.602536329865527","60","19"
"3.0115094723921136","61","19"
"6.257144316247189","62","19"
"12.182404911285321","63","19"
"15.523960042727106","64","19"
"13.85212459950441","65","19"
"7.538402019180293","66","19"
"3.651493128778139","67","19"
"6.759858724661554","68","19"
"12.121799549989287","69","19"
"15.261328729435599","70","19"
"13.215998614643842","71","19"
"6.617724617626262","72","19"
"3.3189818437802536","73","19"
"6.516037795698991","74","19"
"11.873730581683544","75","19"
"14.98462323754718","76","19"
"13.234764920743546","77","19"
"7.916442809117782","78","19"
"4.22228746421222","79","19"
"6.444302681519399","80","19"
"11.586308570310708","81","19"
"14.800558062012012","82","19"
"13.627856773033516","83","19"
"8.935743595666779","84","19"
"4.667099333249873","85","19"
"6.41411460426741","86","19"
"11.598559012172739","87","19"
"14.749690683511227","88","19"
"13.99963680148507","89","19"
"9.192781932645365","90","19"
"4.221227382798954","91","19"
"4.6634744498725995","92","19"
"10.60490679624169","93","19"
"14.977958609285816","94","19"
"16.160003380907845","95","19"
"11.381059397801925","96","19"
"4.944535421787976","97","19"
"3.1071820954282723","98","19"
"7.946264486089197","99","19"
"14.253818318230921","100","19"
"17.224678847616232","101","19"
"14.817455451191863","102","19"
"8.849332635061122","103","19"
"3.698845819474756","104","19"
"4.819956571503968","105","19"
"10.35719045376988","106","19"
"14.838939180124324","107","19"
"16.686783400532512","108","19"
"13.272046287036272","109","19"
"7.13956236579719","110","19"
"3.1552202025895992","111","19"
"5.964542561960573","112","19"
"11.979206478392015","113","19"
"17.13780396364781","114","19"
"18.14247243102212","115","19"
"13.098396797070947","116","19"
"5.934836039363052","117","19"
"3.2277175946461423","118","19"
"6.7673498197212005","119","19"
"12.06511164131712","120","19"
"16.546816289442322","121","19"
"16.444930564505597","122","19"
"11.582586163851236","123","19"
"4.957845945063274","124","19"
"3.1806211086569935","125","19"
"7.434822588284952","126","19"
"13.749085126917281","127","19"
"18.835193760273448","128","19"
"18.823050208117326","129","19"
"12.95007465762797","130","19"
"6.035207126147455","131","19"
"3.7406270219952074","132","19"
"7.17417424433146","133","19"
"12.533767903952066","134","19"
"16.98642389705118","135","19"
"16.933768044398906","136","19"
"12.213906519768715","137","19"
"5.635551474545512","138","19"
"3.536439583833287","139","19"
"7.270491786959212","140","19"
"13.420739785560611","141","19"
"18.4045064843074","142","19"
"19.299064229168465","143","19"
"14.469226420624212","144","19"
"7.403425665596006","145","19"
"3.6196603825975657","146","19"
"5.8786599891279545","147","19"
"11.489128196345547","148","19"
"16.88949807485989","149","19"
"18.792554685216377","150","19"
"15.650244169504907","151","19"
"8.975929166288676","152","19"
"4.440523735989237","153","19"
"5.235112332418796","154","19"
"10.40842147766191","155","19"
"16.51458188039778","156","19"
"20.436286951430223","157","19"
"20.02169153500463","158","19"
"14.776088033048419","159","19"
"7.148867279990137","160","19"
"3.0692676555680594","161","19"
"5.201710952255079","162","19"
"10.667341404051259","163","19"
"16.30045865838689","164","19"
"19.275504415638714","165","19"
"17.85501625902162","166","19"
"13.300635426522513","167","19"
"8.14440053435408","168","19"
"5.742605922838705","169","19"
"7.5059080995610925","170","19"
"11.73952780102245","171","19"
"16.280537502681053","172","19"
"18.73914509484407","173","19"
"17.87492639517015","174","19"
"14.143254691912214","175","19"
"9.273343161252766","176","19"
"5.4465875548079845","177","19"
"5.648200273404316","178","19"
"8.596105411978357","179","19"
"13.10047618753543","180","19"
"16.369022343972535","181","19"
"17.186836585856405","182","19"
"15.710209294521205","183","19"
"12.304194160636188","184","19"
"7.252467097066503","185","19"
"4.500924133519297","186","19"
"5.54847438170044","187","19"
"9.674749269533475","188","19"
"14.899366024591929","189","19"
"18.220270505633923","190","19"
"18.575773545982205","191","19"
"15.568771072530067","192","19"
"10.821763970421303","193","19"
"5.3939779842964155","194","19"
"2.7084669630427762","195","19"
"5.465134571717209","196","19"
"11.70954909535936","197","19"
"16.641418086996836","198","19"
"18.603895456238483","199","19"
"17.785310947298612","200","19"
"14.563975880246687","201","19"
"7.298774582752223","202","19"
"-0.0719706572171033","203","19"
"-0.2549198270856527","204","19"
"7.414143838014019","205","19"
"17.449746693947866","206","19"
"23.0265440928255","207","19"
"22.45486268302793","208","19"
"17.308818677460202","209","19"
"9.316307313250494","210","19"
"4.093276272489015","211","19"
"4.70938688442874","212","19"
"8.768870031491652","213","19"
"13.90232088696499","214","19"
"17.50379211277699","215","19"
"17.834151829210008","216","19"
"14.233697708537765","217","19"
"10.318560293662353","218","19"
"8.550748914088528","219","19"
"9.268669766997402","220","19"
"11.537279253969306","221","19"
"13.799697953644195","222","19"
"14.432634878619119","223","19"
"13.395782692163896","224","19"
"11.933324347618479","225","19"
"11.446394353095606","226","19"
"12.162908008535934","227","19"
"12.95804400147489","228","19"
"12.774253212916754","229","19"
"11.862571075995247","230","19"
"10.748944531802362","231","19"
"11.127468529327913","232","19"
"12.270215355669404","233","19"
"13.725459196043667","234","19"
"14.547696688231953","235","19"
"14.333160232821921","236","19"
"13.135677061407945","237","19"
"11.080579211016202","238","19"
"9.594164348877856","239","19"
"8.9661404935298","240","19"
"10.2592001423424","241","19"
"12.525469075341563","242","19"
"14.325102732516516","243","19"
"14.917809457662434","244","19"
"13.896278863691668","245","19"
"11.788009445365523","246","19"
"9.377194775213676","247","19"
"8.384872068872133","248","19"
"9.062135163128355","249","19"
"11.739023105297631","250","19"
"14.719288826847416","251","19"
"16.40433120950669","252","19"
"16.493376946265276","253","19"
"14.719423265446604","254","19"
"11.492004300803574","255","19"
"8.268782685540097","256","19"
"6.221670157353375","257","19"
"7.417516924506749","258","19"
"10.778216883841852","259","19"
"14.557819253577335","260","19"
"16.331526096312253","261","19"
"15.91486230897949","262","19"
"13.790998013147592","263","19"
"10.965771953177239","264","19"
"8.232760303670089","265","19"
"5.941033438394451","266","19"
"6.656584535503712","267","19"
"10.015764897885703","268","19"
"14.968782623913402","269","19"
"18.004040344265274","270","19"
"17.629586971210205","271","19"
"15.331329365294526","272","19"
"12.492738786218053","273","19"
"9.308476815825685","274","19"
"7.118178363858388","275","19"
"6.636949888287945","276","19"
"8.955144077289697","277","19"
"12.949439931126888","278","19"
"16.21721471855226","279","19"
"16.98313455919401","280","19"
"15.429162097052465","281","19"
"12.900037051792662","282","19"
"9.857784116460113","283","19"
"6.870878560652915","284","19"
"5.8676492474633495","285","19"
"7.788781237676174","286","19"
"11.839359480476507","287","19"
"15.883842255150563","288","19"
"18.21476403284589","289","19"
"17.54308234436741","290","19"
"14.652433172644892","291","19"
"11.229036891014097","292","19"
"8.230187237038098","293","19"
"7.47079207627987","294","19"
"9.225761263764092","295","19"
"12.283200802004043","296","19"
"15.27098626946248","297","19"
"16.70372156207441","298","19"
"15.98714289124595","299","19"
"13.702569371598393","300","19"