"cell_dist","time","episode"
"3.0761428066400054","1.5","0"
"3.0761428066400054","3","0"
"3.0106929596902186","4.5","0"
"3.0106929596902186","6","0"
"3.1415926535897927","7.5","0"
"0","9","0"
"3.141592653589793","10.5","0"
"3.076142806640006","12","0"
"3.0761428066400054","13.5","0"
"3.076142806640006","15","0"
"3.0761428066400054","16.5","0"
"3.076142806640006","18","0"
"0","19.5","0"
"3.141592653589793","21","0"
"3.1415926535897927","22.5","0"
"0","24","0"
"0","25.5","0"
"3.1415926535897927","27","0"
"0","28.5","0"
"0","30","0"
"3.076142806640006","31.5","0"
"3.141592653589793","33","0"
"0","34.5","0"
"3.0761428066400054","36","0"
"3.0761428066400054","37.5","0"
"3.0106929596902177","39","0"
"3.141592653589793","40.5","0"
"3.141592653589793","42","0"
"2.945243112740431","43.5","0"
"3.141592653589793","45","0"
"3.076142806640006","46.5","0"
"3.1415926535897927","48","0"
"2.879793265790644","49.5","0"
"3.076142806640006","51","0"
"3.0761428066400054","52.5","0"
"3.141592653589793","54","0"
"0","55.5","0"
"3.1415926535897927","57","0"
"0","58.5","0"
"0","60","0"
"3.141592653589793","61.5","0"
"3.076142806640006","63","0"
"3.076142806640006","64.5","0"
"3.010692959690218","66","0"
"3.0761428066400063","67.5","0"
"3.1415926535897927","69","0"
"3.0761428066400054","70.5","0"
"0","72","0"
"0","73.5","0"
"0","75","0"
"3.1415926535897927","76.5","0"
"3.0761428066400054","78","0"
"3.0761428066400063","79.5","0"
"0","81","0"
"0","82.5","0"
"2.945243112740431","84","0"
"0","85.5","0"
"3.0761428066400063","87","0"
"3.010692959690219","88.5","0"
"3.1415926535897927","90","0"
"0","91.5","0"
"3.141592653589793","93","0"
"0","94.5","0"
"0","96","0"
"3.1415926535897927","97.5","0"
"3.076142806640006","99","0"
"3.010692959690219","100.5","0"
"0","102","0"
"3.0106929596902186","103.5","0"
"2.879793265790643","105","0"
"0","106.5","0"
"3.141592653589793","108","0"
"3.076142806640006","109.5","0"
"3.0761428066400054","111","0"
"3.010692959690218","112.5","0"
"3.076142806640006","114","0"
"0","115.5","0"
"2.748893571891069","117","0"
"3.076142806640006","118.5","0"
"3.141592653589793","120","0"
"3.010692959690219","121.5","0"
"2.945243112740431","123","0"
"3.141592653589793","124.5","0"
"3.0106929596902186","126","0"
"0","127.5","0"
"3.076142806640006","129","0"
"3.0761428066400054","130.5","0"
"3.141592653589793","132","0"
"3.076142806640006","133.5","0"
"3.076142806640006","135","0"
"0","136.5","0"
"0","138","0"
"3.0761428066400054","139.5","0"
"3.1415926535897927","141","0"
"0","142.5","0"
"3.010692959690218","144","0"
"3.076142806640006","145.5","0"
"0","147","0"
"3.0761428066400063","148.5","0"
"3.0761428066400063","150","0"
"3.076142806640006","151.5","0"
"0","153","0"
"3.0106929596902186","154.5","0"
"0","156","0"
"0","157.5","0"
"3.0106929596902186","159","0"
"3.141592653589793","160.5","0"
"3.0106929596902186","162","0"
"0","163.5","0"
"3.141592653589793","165","0"
"0","166.5","0"
"3.1415926535897927","168","0"
"3.076142806640006","169.5","0"
"3.076142806640006","171","0"
"3.141592653589793","172.5","0"
"0","174","0"
"2.8143434188408563","175.5","0"
"2.7488935718910685","177","0"
"3.010692959690219","178.5","0"
"3.0761428066400063","180","0"
"3.076142806640006","181.5","0"
"2.9452431127404317","183","0"
"0","184.5","0"
"3.076142806640006","186","0"
"0","187.5","0"
"3.1415926535897927","189","0"
"3.1415926535897927","190.5","0"
"3.1415926535897927","192","0"
"3.141592653589793","193.5","0"
"3.076142806640006","195","0"
"2.945243112740431","196.5","0"
"0","198","0"
"3.0761428066400063","199.5","0"
"3.1415926535897927","201","0"
"3.141592653589793","202.5","0"
"3.010692959690218","204","0"
"2.945243112740431","205.5","0"
"3.076142806640006","207","0"
"3.141592653589793","208.5","0"
"3.076142806640006","210","0"
"3.076142806640006","211.5","0"
"3.0761428066400054","213","0"
"3.076142806640006","214.5","0"
"3.141592653589793","216","0"
"0","217.5","0"
"3.141592653589793","219","0"
"3.0761428066400063","220.5","0"
"3.1415926535897927","222","0"
"0","223.5","0"
"3.076142806640006","225","0"
"3.076142806640006","226.5","0"
"0","228","0"
"3.010692959690219","229.5","0"
"3.076142806640006","231","0"
"3.076142806640006","232.5","0"
"0","234","0"
"0","235.5","0"
"3.141592653589793","237","0"
"0","238.5","0"
"3.010692959690219","240","0"
"3.141592653589793","241.5","0"
"3.076142806640006","243","0"
"0","244.5","0"
"3.076142806640006","246","0"
"3.076142806640006","247.5","0"
"0","249","0"
"2.9452431127404317","250.5","0"
"3.1415926535897927","252","0"
"3.0106929596902186","253.5","0"
"0","255","0"
"3.076142806640006","256.5","0"
"0","258","0"
"0","259.5","0"
"3.0761428066400063","261","0"
"3.0761428066400054","262.5","0"
"0","264","0"
"0","265.5","0"
"3.141592653589793","267","0"
"3.0106929596902186","268.5","0"
"0","270","0"
"3.076142806640006","271.5","0"
"3.141592653589793","273","0"
"3.0761428066400054","274.5","0"
"0","276","0"
"3.0106929596902186","277.5","0"
"3.1415926535897927","279","0"
"3.010692959690219","280.5","0"
"0","282","0"
"3.0761428066400054","283.5","0"
"0","285","0"
"0","286.5","0"
"3.076142806640006","288","0"
"0","289.5","0"
"3.010692959690219","291","0"
"3.141592653589793","292.5","0"
"3.076142806640006","294","0"
"3.141592653589793","295.5","0"
"3.141592653589793","297","0"
"3.0106929596902186","298.5","0"
"0","300","0"
"3.0761428066400054","1.5","1"
"3.0761428066400054","3","1"
"3.0106929596902186","4.5","1"
"3.0106929596902186","6","1"
"3.1415926535897927","7.5","1"
"0","9","1"
"3.141592653589793","10.5","1"
"3.076142806640006","12","1"
"3.0761428066400054","13.5","1"
"3.076142806640006","15","1"
"3.0761428066400054","16.5","1"
"3.076142806640006","18","1"
"0","19.5","1"
"3.141592653589793","21","1"
"3.1415926535897927","22.5","1"
"0","24","1"
"0","25.5","1"
"3.1415926535897927","27","1"
"0","28.5","1"
"0","30","1"
"3.076142806640006","31.5","1"
"3.141592653589793","33","1"
"0","34.5","1"
"3.0761428066400054","36","1"
"3.0761428066400054","37.5","1"
"3.0106929596902177","39","1"
"3.141592653589793","40.5","1"
"3.141592653589793","42","1"
"2.945243112740431","43.5","1"
"3.141592653589793","45","1"
"3.076142806640006","46.5","1"
"3.1415926535897927","48","1"
"2.879793265790644","49.5","1"
"3.076142806640006","51","1"
"3.0761428066400054","52.5","1"
"3.141592653589793","54","1"
"0","55.5","1"
"3.1415926535897927","57","1"
"0","58.5","1"
"0","60","1"
"3.141592653589793","61.5","1"
"3.076142806640006","63","1"
"3.076142806640006","64.5","1"
"3.010692959690218","66","1"
"3.0761428066400063","67.5","1"
"3.1415926535897927","69","1"
"3.0761428066400054","70.5","1"
"0","72","1"
"0","73.5","1"
"0","75","1"
"3.1415926535897927","76.5","1"
"3.0761428066400054","78","1"
"3.0761428066400063","79.5","1"
"0","81","1"
"0","82.5","1"
"2.945243112740431","84","1"
"0","85.5","1"
"3.0761428066400063","87","1"
"3.010692959690219","88.5","1"
"3.1415926535897927","90","1"
"0","91.5","1"
"3.141592653589793","93","1"
"0","94.5","1"
"0","96","1"
"3.1415926535897927","97.5","1"
"3.076142806640006","99","1"
"3.010692959690219","100.5","1"
"0","102","1"
"3.0106929596902186","103.5","1"
"2.879793265790643","105","1"
"0","106.5","1"
"3.141592653589793","108","1"
"3.076142806640006","109.5","1"
"3.0761428066400054","111","1"
"3.010692959690218","112.5","1"
"3.076142806640006","114","1"
"0","115.5","1"
"2.748893571891069","117","1"
"3.076142806640006","118.5","1"
"3.141592653589793","120","1"
"3.010692959690219","121.5","1"
"2.945243112740431","123","1"
"3.141592653589793","124.5","1"
"3.0106929596902186","126","1"
"0","127.5","1"
"3.076142806640006","129","1"
"3.0761428066400054","130.5","1"
"3.141592653589793","132","1"
"3.076142806640006","133.5","1"
"3.076142806640006","135","1"
"0","136.5","1"
"0","138","1"
"3.0761428066400054","139.5","1"
"3.1415926535897927","141","1"
"0","142.5","1"
"3.010692959690218","144","1"
"3.076142806640006","145.5","1"
"0","147","1"
"3.0761428066400063","148.5","1"
"3.0761428066400063","150","1"
"3.076142806640006","151.5","1"
"0","153","1"
"3.0106929596902186","154.5","1"
"0","156","1"
"0","157.5","1"
"3.0106929596902186","159","1"
"3.141592653589793","160.5","1"
"3.0106929596902186","162","1"
"0","163.5","1"
"3.141592653589793","165","1"
"0","166.5","1"
"3.1415926535897927","168","1"
"3.076142806640006","169.5","1"
"3.076142806640006","171","1"
"3.141592653589793","172.5","1"
"0","174","1"
"2.8143434188408563","175.5","1"
"2.7488935718910685","177","1"
"3.010692959690219","178.5","1"
"3.0761428066400063","180","1"
"3.076142806640006","181.5","1"
"2.9452431127404317","183","1"
"0","184.5","1"
"3.076142806640006","186","1"
"0","187.5","1"
"3.1415926535897927","189","1"
"3.1415926535897927","190.5","1"
"3.1415926535897927","192","1"
"3.141592653589793","193.5","1"
"3.076142806640006","195","1"
"2.945243112740431","196.5","1"
"0","198","1"
"3.0761428066400063","199.5","1"
"3.1415926535897927","201","1"
"3.141592653589793","202.5","1"
"3.010692959690218","204","1"
"2.945243112740431","205.5","1"
"3.076142806640006","207","1"
"3.141592653589793","208.5","1"
"3.076142806640006","210","1"
"3.076142806640006","211.5","1"
"3.0761428066400054","213","1"
"3.076142806640006","214.5","1"
"3.141592653589793","216","1"
"0","217.5","1"
"3.141592653589793","219","1"
"3.0761428066400063","220.5","1"
"3.1415926535897927","222","1"
"0","223.5","1"
"3.076142806640006","225","1"
"3.076142806640006","226.5","1"
"0","228","1"
"3.010692959690219","229.5","1"
"3.076142806640006","231","1"
"3.076142806640006","232.5","1"
"0","234","1"
"0","235.5","1"
"3.141592653589793","237","1"
"0","238.5","1"
"3.010692959690219","240","1"
"3.141592653589793","241.5","1"
"3.076142806640006","243","1"
"0","244.5","1"
"3.076142806640006","246","1"
"3.076142806640006","247.5","1"
"0","249","1"
"2.9452431127404317","250.5","1"
"3.1415926535897927","252","1"
"3.0106929596902186","253.5","1"
"0","255","1"
"3.076142806640006","256.5","1"
"0","258","1"
"0","259.5","1"
"3.0761428066400063","261","1"
"3.0761428066400054","262.5","1"
"0","264","1"
"0","265.5","1"
"3.141592653589793","267","1"
"3.0106929596902186","268.5","1"
"0","270","1"
"3.076142806640006","271.5","1"
"3.141592653589793","273","1"
"3.0761428066400054","274.5","1"
"0","276","1"
"3.0106929596902186","277.5","1"
"3.1415926535897927","279","1"
"3.010692959690219","280.5","1"
"0","282","1"
"3.0761428066400054","283.5","1"
"0","285","1"
"0","286.5","1"
"3.076142806640006","288","1"
"0","289.5","1"
"3.010692959690219","291","1"
"3.141592653589793","292.5","1"
"3.076142806640006","294","1"
"3.141592653589793","295.5","1"
"3.141592653589793","297","1"
"3.0106929596902186","298.5","1"
"0","300","1"
"3.0761428066400063","1.5","2"
"3.0761428066400063","3","2"
"3.141592653589793","4.5","2"
"3.0761428066400054","6","2"
"3.141592653589793","7.5","2"
"3.010692959690219","9","2"
"3.141592653589793","10.5","2"
"3.0761428066400063","12","2"
"3.0761428066400054","13.5","2"
"3.076142806640006","15","2"
"3.0761428066400054","16.5","2"
"3.141592653589793","18","2"
"3.0761428066400054","19.5","2"
"3.141592653589793","21","2"
"3.141592653589793","22.5","2"
"3.0761428066400063","24","2"
"3.0761428066400054","25.5","2"
"3.141592653589793","27","2"
"3.076142806640006","28.5","2"
"3.1415926535897922","30","2"
"3.076142806640006","31.5","2"
"3.0761428066400063","33","2"
"3.141592653589793","34.5","2"
"3.0761428066400063","36","2"
"3.1415926535897922","37.5","2"
"3.076142806640006","39","2"
"3.141592653589793","40.5","2"
"3.1415926535897927","42","2"
"3.0761428066400054","43.5","2"
"3.010692959690218","45","2"
"3.141592653589793","46.5","2"
"3.1415926535897922","48","2"
"3.1415926535897927","49.5","2"
"3.1415926535897927","51","2"
"2.945243112740431","52.5","2"
"3.076142806640006","54","2"
"3.0761428066400063","55.5","2"
"3.141592653589793","57","2"
"3.1415926535897927","58.5","2"
"3.076142806640006","60","2"
"3.1415926535897927","61.5","2"
"3.1415926535897927","63","2"
"3.076142806640006","64.5","2"
"3.0761428066400054","66","2"
"3.141592653589793","67.5","2"
"3.141592653589793","69","2"
"3.076142806640006","70.5","2"
"3.076142806640006","72","2"
"3.0761428066400063","73.5","2"
"3.076142806640006","75","2"
"3.0761428066400054","76.5","2"
"3.141592653589793","78","2"
"3.0761428066400063","79.5","2"
"3.0761428066400063","81","2"
"3.076142806640006","82.5","2"
"3.0761428066400063","84","2"
"2.9452431127404313","85.5","2"
"3.010692959690219","87","2"
"3.1415926535897922","88.5","2"
"3.0106929596902186","90","2"
"3.0761428066400063","91.5","2"
"3.076142806640006","93","2"
"3.0761428066400063","94.5","2"
"3.076142806640006","96","2"
"3.0761428066400054","97.5","2"
"3.0761428066400054","99","2"
"3.141592653589793","100.5","2"
"3.0761428066400063","102","2"
"3.1415926535897927","103.5","2"
"3.141592653589793","105","2"
"3.076142806640006","106.5","2"
"3.1415926535897927","108","2"
"3.0761428066400063","109.5","2"
"3.076142806640006","111","2"
"3.1415926535897927","112.5","2"
"3.141592653589793","114","2"
"3.141592653589793","115.5","2"
"3.0761428066400063","117","2"
"3.010692959690219","118.5","2"
"3.076142806640006","120","2"
"3.141592653589793","121.5","2"
"3.0761428066400054","123","2"
"3.076142806640006","124.5","2"
"3.0106929596902186","126","2"
"3.141592653589793","127.5","2"
"3.141592653589793","129","2"
"3.141592653589793","130.5","2"
"3.141592653589793","132","2"
"3.141592653589793","133.5","2"
"3.141592653589793","135","2"
"3.0761428066400063","136.5","2"
"3.0106929596902186","138","2"
"3.076142806640006","139.5","2"
"3.0761428066400063","141","2"
"2.8797932657906435","142.5","2"
"3.0106929596902186","144","2"
"3.0106929596902186","145.5","2"
"3.141592653589793","147","2"
"3.076142806640006","148.5","2"
"3.076142806640006","150","2"
"3.0761428066400063","151.5","2"
"3.1415926535897927","153","2"
"3.0761428066400054","154.5","2"
"2.9452431127404313","156","2"
"3.076142806640006","157.5","2"
"2.9452431127404313","159","2"
"3.010692959690219","160.5","2"
"3.010692959690218","162","2"
"3.076142806640006","163.5","2"
"3.141592653589793","165","2"
"2.945243112740431","166.5","2"
"3.0761428066400063","168","2"
"3.0761428066400063","169.5","2"
"3.0761428066400054","171","2"
"3.141592653589793","172.5","2"
"3.076142806640006","174","2"
"3.076142806640006","175.5","2"
"3.0761428066400063","177","2"
"3.0761428066400063","178.5","2"
"3.0761428066400063","180","2"
"3.1415926535897927","181.5","2"
"3.010692959690219","183","2"
"3.0761428066400063","184.5","2"
"3.0106929596902186","186","2"
"3.0106929596902186","187.5","2"
"2.9452431127404313","189","2"
"3.076142806640006","190.5","2"
"3.0106929596902186","192","2"
"3.0106929596902186","193.5","2"
"3.010692959690219","195","2"
"3.076142806640006","196.5","2"
"3.141592653589793","198","2"
"3.141592653589793","199.5","2"
"3.0761428066400054","201","2"
"3.0761428066400063","202.5","2"
"3.0761428066400063","204","2"
"3.076142806640006","205.5","2"
"3.0761428066400054","207","2"
"3.0106929596902186","208.5","2"
"3.141592653589793","210","2"
"3.141592653589793","211.5","2"
"3.141592653589793","213","2"
"3.0761428066400063","214.5","2"
"3.076142806640006","216","2"
"3.1415926535897927","217.5","2"
"3.0761428066400063","219","2"
"3.0106929596902186","220.5","2"
"3.076142806640006","222","2"
"3.076142806640006","223.5","2"
"3.141592653589793","225","2"
"3.0106929596902186","226.5","2"
"3.076142806640006","228","2"
"3.1415926535897927","229.5","2"
"3.0106929596902186","231","2"
"3.141592653589793","232.5","2"
"3.076142806640006","234","2"
"3.141592653589793","235.5","2"
"3.076142806640006","237","2"
"3.0761428066400063","238.5","2"
"3.0106929596902186","240","2"
"3.076142806640006","241.5","2"
"3.141592653589793","243","2"
"3.076142806640006","244.5","2"
"3.0761428066400063","246","2"
"3.0106929596902186","247.5","2"
"3.0761428066400063","249","2"
"3.141592653589793","250.5","2"
"3.0761428066400063","252","2"
"3.076142806640006","253.5","2"
"3.0761428066400063","255","2"
"3.0106929596902186","256.5","2"
"3.0106929596902186","258","2"
"3.0106929596902186","259.5","2"
"3.0761428066400054","261","2"
"3.0106929596902186","262.5","2"
"3.0761428066400054","264","2"
"3.141592653589793","265.5","2"
"3.141592653589793","267","2"
"3.0761428066400063","268.5","2"
"3.0106929596902186","270","2"
"3.141592653589793","271.5","2"
"3.076142806640006","273","2"
"3.0761428066400054","274.5","2"
"3.0761428066400063","276","2"
"3.076142806640006","277.5","2"
"2.9452431127404313","279","2"
"3.0761428066400063","280.5","2"
"3.0761428066400063","282","2"
"3.0106929596902186","283.5","2"
"3.0106929596902186","285","2"
"3.1415926535897927","286.5","2"
"2.9452431127404313","288","2"
"3.076142806640006","289.5","2"
"3.0761428066400063","291","2"
"3.0761428066400063","292.5","2"
"3.141592653589793","294","2"
"3.1415926535897927","295.5","2"
"3.076142806640006","297","2"
"3.0106929596902186","298.5","2"
"3.141592653589793","300","2"
"3.141592653589793","1.5","3"
"3.0761428066400063","3","3"
"3.141592653589793","4.5","3"
"3.076142806640006","6","3"
"3.076142806640006","7.5","3"
"3.141592653589793","9","3"
"3.141592653589793","10.5","3"
"3.1415926535897927","12","3"
"3.141592653589793","13.5","3"
"3.141592653589793","15","3"
"3.010692959690219","16.5","3"
"3.141592653589793","18","3"
"3.141592653589793","19.5","3"
"3.1415926535897927","21","3"
"3.141592653589793","22.5","3"
"3.0761428066400063","24","3"
"3.141592653589793","25.5","3"
"3.0761428066400063","27","3"
"3.1415926535897927","28.5","3"
"3.141592653589793","30","3"
"3.076142806640006","31.5","3"
"3.1415926535897922","33","3"
"3.076142806640006","34.5","3"
"3.141592653589793","36","3"
"3.076142806640006","37.5","3"
"3.141592653589793","39","3"
"3.141592653589793","40.5","3"
"3.0106929596902186","42","3"
"3.0761428066400063","43.5","3"
"3.141592653589793","45","3"
"3.141592653589793","46.5","3"
"3.0761428066400063","48","3"
"3.1415926535897927","49.5","3"
"3.141592653589793","51","3"
"3.076142806640006","52.5","3"
"3.1415926535897922","54","3"
"3.141592653589793","55.5","3"
"3.141592653589793","57","3"
"3.141592653589793","58.5","3"
"3.1415926535897927","60","3"
"3.141592653589793","61.5","3"
"3.076142806640006","63","3"
"3.141592653589793","64.5","3"
"3.141592653589793","66","3"
"3.0106929596902186","67.5","3"
"3.141592653589793","69","3"
"3.076142806640006","70.5","3"
"3.0761428066400063","72","3"
"3.0761428066400063","73.5","3"
"3.141592653589793","75","3"
"3.0761428066400054","76.5","3"
"3.010692959690219","78","3"
"3.1415926535897927","79.5","3"
"3.1415926535897927","81","3"
"3.1415926535897927","82.5","3"
"3.0761428066400063","84","3"
"3.141592653589793","85.5","3"
"3.1415926535897922","87","3"
"3.1415926535897927","88.5","3"
"3.1415926535897927","90","3"
"3.076142806640006","91.5","3"
"3.1415926535897927","93","3"
"3.076142806640006","94.5","3"
"3.0761428066400063","96","3"
"3.0761428066400063","97.5","3"
"3.0106929596902186","99","3"
"3.076142806640006","100.5","3"
"3.1415926535897927","102","3"
"3.1415926535897927","103.5","3"
"3.076142806640006","105","3"
"3.0106929596902186","106.5","3"
"3.141592653589793","108","3"
"3.076142806640006","109.5","3"
"3.1415926535897927","111","3"
"3.141592653589793","112.5","3"
"3.0761428066400063","114","3"
"3.0761428066400063","115.5","3"
"3.0761428066400063","117","3"
"3.141592653589793","118.5","3"
"3.0761428066400063","120","3"
"3.076142806640006","121.5","3"
"3.076142806640006","123","3"
"3.0761428066400054","124.5","3"
"3.141592653589793","126","3"
"3.076142806640006","127.5","3"
"3.0761428066400054","129","3"
"3.1415926535897927","130.5","3"
"3.0761428066400054","132","3"
"3.076142806640006","133.5","3"
"3.1415926535897927","135","3"
"3.0761428066400063","136.5","3"
"3.0761428066400063","138","3"
"3.0761428066400063","139.5","3"
"3.141592653589793","141","3"
"3.076142806640006","142.5","3"
"3.0761428066400054","144","3"
"3.0761428066400063","145.5","3"
"3.0761428066400054","147","3"
"3.0761428066400063","148.5","3"
"3.141592653589793","150","3"
"3.141592653589793","151.5","3"
"3.0106929596902186","153","3"
"3.0761428066400054","154.5","3"
"3.141592653589793","156","3"
"3.0761428066400054","157.5","3"
"3.141592653589793","159","3"
"3.1415926535897927","160.5","3"
"3.076142806640006","162","3"
"3.1415926535897927","163.5","3"
"3.141592653589793","165","3"
"3.076142806640006","166.5","3"
"3.0761428066400063","168","3"
"3.0761428066400054","169.5","3"
"3.076142806640006","171","3"
"3.1415926535897927","172.5","3"
"3.0106929596902186","174","3"
"3.0761428066400054","175.5","3"
"3.0106929596902177","177","3"
"3.141592653589793","178.5","3"
"3.076142806640006","180","3"
"3.0761428066400054","181.5","3"
"3.1415926535897927","183","3"
"3.076142806640006","184.5","3"
"3.0761428066400063","186","3"
"3.0761428066400063","187.5","3"
"3.076142806640006","189","3"
"3.076142806640006","190.5","3"
"3.141592653589793","192","3"
"3.076142806640006","193.5","3"
"3.141592653589793","195","3"
"3.141592653589793","196.5","3"
"3.0761428066400063","198","3"
"3.141592653589793","199.5","3"
"3.141592653589793","201","3"
"3.0761428066400054","202.5","3"
"2.9452431127404317","204","3"
"3.1415926535897927","205.5","3"
"3.010692959690218","207","3"
"3.0761428066400054","208.5","3"
"3.076142806640006","210","3"
"3.076142806640006","211.5","3"
"2.945243112740431","213","3"
"3.141592653589793","214.5","3"
"3.0761428066400063","216","3"
"3.076142806640006","217.5","3"
"3.141592653589793","219","3"
"3.076142806640006","220.5","3"
"3.1415926535897927","222","3"
"3.1415926535897927","223.5","3"
"3.141592653589793","225","3"
"3.0761428066400054","226.5","3"
"3.0761428066400063","228","3"
"3.076142806640006","229.5","3"
"2.9452431127404317","231","3"
"3.076142806640006","232.5","3"
"3.0761428066400063","234","3"
"3.1415926535897927","235.5","3"
"3.0106929596902186","237","3"
"3.076142806640006","238.5","3"
"3.0761428066400054","240","3"
"3.141592653589793","241.5","3"
"3.0761428066400063","243","3"
"3.141592653589793","244.5","3"
"3.0761428066400063","246","3"
"3.0761428066400054","247.5","3"
"3.1415926535897927","249","3"
"3.141592653589793","250.5","3"
"3.0761428066400054","252","3"
"3.1415926535897927","253.5","3"
"3.141592653589793","255","3"
"3.076142806640006","256.5","3"
"3.141592653589793","258","3"
"3.0761428066400063","259.5","3"
"3.076142806640006","261","3"
"3.010692959690219","262.5","3"
"2.9452431127404313","264","3"
"3.141592653589793","265.5","3"
"2.9452431127404317","267","3"
"3.0761428066400063","268.5","3"
"3.0761428066400054","270","3"
"3.076142806640006","271.5","3"
"3.141592653589793","273","3"
"3.0106929596902186","274.5","3"
"3.0761428066400063","276","3"
"3.076142806640006","277.5","3"
"3.141592653589793","279","3"
"3.076142806640006","280.5","3"
"3.141592653589793","282","3"
"3.141592653589793","283.5","3"
"3.1415926535897927","285","3"
"3.141592653589793","286.5","3"
"3.141592653589793","288","3"
"3.076142806640006","289.5","3"
"3.010692959690219","291","3"
"3.141592653589793","292.5","3"
"3.010692959690219","294","3"
"2.8797932657906444","295.5","3"
"3.0761428066400063","297","3"
"3.0761428066400054","298.5","3"
"3.0106929596902186","300","3"
"3.0761428066400054","1.5","4"
"3.076142806640006","3","4"
"3.0761428066400063","4.5","4"
"3.0761428066400063","6","4"
"3.141592653589793","7.5","4"
"3.076142806640006","9","4"
"3.141592653589793","10.5","4"
"3.141592653589793","12","4"
"3.141592653589793","13.5","4"
"3.141592653589793","15","4"
"3.1415926535897927","16.5","4"
"3.0761428066400063","18","4"
"3.141592653589793","19.5","4"
"3.0761428066400054","21","4"
"3.1415926535897927","22.5","4"
"3.076142806640006","24","4"
"3.0761428066400054","25.5","4"
"3.141592653589793","27","4"
"3.141592653589793","28.5","4"
"3.0761428066400063","30","4"
"3.076142806640006","31.5","4"
"3.076142806640006","33","4"
"3.076142806640006","34.5","4"
"2.9452431127404317","36","4"
"3.0761428066400063","37.5","4"
"3.0761428066400063","39","4"
"2.9452431127404317","40.5","4"
"3.076142806640006","42","4"
"3.076142806640006","43.5","4"
"3.0761428066400063","45","4"
"3.1415926535897927","46.5","4"
"3.141592653589793","48","4"
"3.141592653589793","49.5","4"
"3.0761428066400063","51","4"
"3.010692959690218","52.5","4"
"3.1415926535897927","54","4"
"3.076142806640006","55.5","4"
"3.141592653589793","57","4"
"3.0761428066400054","58.5","4"
"3.141592653589793","60","4"
"3.1415926535897927","61.5","4"
"3.0761428066400054","63","4"
"3.0761428066400054","64.5","4"
"3.141592653589793","66","4"
"3.076142806640006","67.5","4"
"3.076142806640006","69","4"
"3.0761428066400054","70.5","4"
"3.010692959690218","72","4"
"3.0761428066400063","73.5","4"
"3.1415926535897927","75","4"
"3.076142806640006","76.5","4"
"3.141592653589793","78","4"
"3.141592653589793","79.5","4"
"3.1415926535897927","81","4"
"3.1415926535897927","82.5","4"
"3.010692959690219","84","4"
"3.141592653589793","85.5","4"
"3.076142806640006","87","4"
"3.1415926535897927","88.5","4"
"3.0106929596902186","90","4"
"3.141592653589793","91.5","4"
"3.1415926535897927","93","4"
"3.0761428066400063","94.5","4"
"3.010692959690218","96","4"
"3.141592653589793","97.5","4"
"3.141592653589793","99","4"
"3.010692959690218","100.5","4"
"3.076142806640006","102","4"
"3.0761428066400063","103.5","4"
"3.076142806640006","105","4"
"3.141592653589793","106.5","4"
"3.0106929596902186","108","4"
"3.1415926535897927","109.5","4"
"3.076142806640006","111","4"
"3.141592653589793","112.5","4"
"3.141592653589793","114","4"
"3.141592653589793","115.5","4"
"3.141592653589793","117","4"
"3.1415926535897927","118.5","4"
"3.076142806640006","120","4"
"3.141592653589793","121.5","4"
"3.0761428066400063","123","4"
"3.1415926535897927","124.5","4"
"3.141592653589793","126","4"
"3.076142806640006","127.5","4"
"3.0761428066400063","129","4"
"3.141592653589793","130.5","4"
"3.0761428066400063","132","4"
"3.141592653589793","133.5","4"
"3.010692959690219","135","4"
"3.0761428066400054","136.5","4"
"3.010692959690218","138","4"
"3.1415926535897927","139.5","4"
"3.1415926535897927","141","4"
"3.1415926535897927","142.5","4"
"3.0761428066400063","144","4"
"3.141592653589793","145.5","4"
"3.076142806640006","147","4"
"3.076142806640006","148.5","4"
"3.141592653589793","150","4"
"3.0761428066400063","151.5","4"
"3.0761428066400063","153","4"
"3.0761428066400063","154.5","4"
"3.0761428066400063","156","4"
"3.076142806640006","157.5","4"
"3.076142806640006","159","4"
"3.0761428066400063","160.5","4"
"3.141592653589793","162","4"
"3.1415926535897927","163.5","4"
"2.9452431127404317","165","4"
"3.1415926535897927","166.5","4"
"3.141592653589793","168","4"
"3.076142806640006","169.5","4"
"3.141592653589793","171","4"
"3.0106929596902186","172.5","4"
"3.1415926535897927","174","4"
"3.1415926535897927","175.5","4"
"3.076142806640006","177","4"
"3.1415926535897927","178.5","4"
"2.945243112740431","180","4"
"3.076142806640006","181.5","4"
"3.1415926535897927","183","4"
"3.0761428066400063","184.5","4"
"3.0761428066400063","186","4"
"3.1415926535897927","187.5","4"
"3.1415926535897927","189","4"
"3.141592653589793","190.5","4"
"3.141592653589793","192","4"
"3.0761428066400063","193.5","4"
"3.1415926535897927","195","4"
"3.0761428066400063","196.5","4"
"3.076142806640006","198","4"
"3.1415926535897927","199.5","4"
"3.1415926535897927","201","4"
"3.0761428066400054","202.5","4"
"3.076142806640006","204","4"
"3.076142806640005","205.5","4"
"3.141592653589793","207","4"
"3.0761428066400063","208.5","4"
"3.1415926535897927","210","4"
"3.076142806640006","211.5","4"
"3.076142806640006","213","4"
"3.141592653589793","214.5","4"
"3.076142806640006","216","4"
"3.0761428066400063","217.5","4"
"3.141592653589793","219","4"
"3.0761428066400054","220.5","4"
"3.0761428066400054","222","4"
"3.141592653589793","223.5","4"
"2.9452431127404313","225","4"
"3.0761428066400063","226.5","4"
"3.1415926535897927","228","4"
"3.076142806640006","229.5","4"
"3.076142806640006","231","4"
"3.076142806640006","232.5","4"
"3.0106929596902186","234","4"
"3.0761428066400063","235.5","4"
"3.141592653589793","237","4"
"3.076142806640006","238.5","4"
"3.076142806640006","240","4"
"3.141592653589793","241.5","4"
"3.0761428066400063","243","4"
"3.1415926535897927","244.5","4"
"3.0761428066400063","246","4"
"3.0761428066400063","247.5","4"
"3.076142806640006","249","4"
"3.0761428066400063","250.5","4"
"3.0106929596902186","252","4"
"0","253.5","4"
"0","255","4"
"3.0761428066400063","256.5","4"
"2.9452431127404317","258","4"
"3.1415926535897927","259.5","4"
"3.0761428066400063","261","4"
"2.9452431127404313","262.5","4"
"0","264","4"
"3.0761428066400063","265.5","4"
"3.010692959690218","267","4"
"3.010692959690219","268.5","4"
"3.010692959690218","270","4"
"3.1415926535897927","271.5","4"
"3.010692959690219","273","4"
"0","274.5","4"
"3.010692959690218","276","4"
"0","277.5","4"
"3.010692959690219","279","4"
"3.141592653589793","280.5","4"
"3.076142806640005","282","4"
"3.010692959690219","283.5","4"
"3.0761428066400054","285","4"
"3.076142806640006","286.5","4"
"3.076142806640006","288","4"
"0","289.5","4"
"3.076142806640006","291","4"
"3.076142806640006","292.5","4"
"3.0761428066400063","294","4"
"2.945243112740431","295.5","4"
"3.1415926535897927","297","4"
"0","298.5","4"
"3.1415926535897927","300","4"
"3.141592653589793","1.5","5"
"3.076142806640006","3","5"
"3.0761428066400054","4.5","5"
"3.0761428066400054","6","5"
"3.141592653589793","7.5","5"
"3.1415926535897927","9","5"
"3.076142806640006","10.5","5"
"3.076142806640006","12","5"
"3.076142806640006","13.5","5"
"3.0106929596902186","15","5"
"3.141592653589793","16.5","5"
"3.0761428066400063","18","5"
"3.1415926535897927","19.5","5"
"3.076142806640006","21","5"
"3.0761428066400063","22.5","5"
"3.076142806640006","24","5"
"3.076142806640006","25.5","5"
"3.076142806640006","27","5"
"3.076142806640006","28.5","5"
"3.076142806640006","30","5"
"3.076142806640006","31.5","5"
"3.1415926535897927","33","5"
"3.0761428066400063","34.5","5"
"3.0106929596902186","36","5"
"3.0106929596902186","37.5","5"
"3.1415926535897927","39","5"
"3.1415926535897927","40.5","5"
"3.141592653589793","42","5"
"3.1415926535897927","43.5","5"
"0","45","5"
"3.010692959690219","46.5","5"
"3.010692959690219","48","5"
"3.076142806640006","49.5","5"
"3.1415926535897927","51","5"
"3.0761428066400063","52.5","5"
"0","54","5"
"3.076142806640006","55.5","5"
"3.010692959690219","57","5"
"3.010692959690219","58.5","5"
"3.1415926535897927","60","5"
"3.0761428066400054","61.5","5"
"0","63","5"
"0","64.5","5"
"0","66","5"
"3.0761428066400063","67.5","5"
"3.141592653589793","69","5"
"3.076142806640006","70.5","5"
"3.0761428066400054","72","5"
"0","73.5","5"
"3.1415926535897927","75","5"
"3.076142806640006","76.5","5"
"3.0761428066400063","78","5"
"3.0761428066400063","79.5","5"
"3.141592653589793","81","5"
"3.141592653589793","82.5","5"
"0","84","5"
"3.076142806640006","85.5","5"
"0","87","5"
"3.1415926535897927","88.5","5"
"3.1415926535897927","90","5"
"3.1415926535897927","91.5","5"
"0","93","5"
"0","94.5","5"
"3.076142806640006","96","5"
"0","97.5","5"
"3.076142806640006","99","5"
"3.1415926535897927","100.5","5"
"3.076142806640006","102","5"
"3.0106929596902186","103.5","5"
"3.141592653589793","105","5"
"3.141592653589793","106.5","5"
"0","108","5"
"3.0106929596902186","109.5","5"
"3.076142806640006","111","5"
"0","112.5","5"
"0","114","5"
"3.0761428066400054","115.5","5"
"3.076142806640006","117","5"
"3.0761428066400063","118.5","5"
"3.076142806640006","120","5"
"3.076142806640006","121.5","5"
"3.010692959690219","123","5"
"0","124.5","5"
"3.076142806640006","126","5"
"0","127.5","5"
"3.076142806640006","129","5"
"3.010692959690219","130.5","5"
"3.141592653589793","132","5"
"0","133.5","5"
"3.141592653589793","135","5"
"3.0106929596902186","136.5","5"
"0","138","5"
"3.141592653589793","139.5","5"
"3.0761428066400063","141","5"
"3.0761428066400063","142.5","5"
"0","144","5"
"3.076142806640006","145.5","5"
"0","147","5"
"0","148.5","5"
"2.9452431127404317","150","5"
"3.141592653589793","151.5","5"
"3.0761428066400063","153","5"
"0","154.5","5"
"3.0106929596902186","156","5"
"3.076142806640006","157.5","5"
"0","159","5"
"3.1415926535897927","160.5","5"
"3.0761428066400054","162","5"
"0","163.5","5"
"3.076142806640006","165","5"
"3.0761428066400054","166.5","5"
"0","168","5"
"3.010692959690219","169.5","5"
"3.0761428066400054","171","5"
"3.0761428066400063","172.5","5"
"0","174","5"
"3.141592653589793","175.5","5"
"3.141592653589793","177","5"
"0","178.5","5"
"2.7488935718910685","180","5"
"3.0761428066400063","181.5","5"
"3.0761428066400063","183","5"
"0","184.5","5"
"3.141592653589793","186","5"
"3.0106929596902186","187.5","5"
"0","189","5"
"3.1415926535897927","190.5","5"
"3.0106929596902186","192","5"
"2.879793265790644","193.5","5"
"3.076142806640006","195","5"
"3.0761428066400063","196.5","5"
"3.1415926535897927","198","5"
"0","199.5","5"
"3.076142806640006","201","5"
"3.1415926535897927","202.5","5"
"0","204","5"
"3.141592653589793","205.5","5"
"3.141592653589793","207","5"
"3.076142806640006","208.5","5"
"3.076142806640006","210","5"
"3.0106929596902186","211.5","5"
"3.1415926535897927","213","5"
"0","214.5","5"
"3.076142806640006","216","5"
"3.141592653589793","217.5","5"
"3.0761428066400054","219","5"
"3.0106929596902177","220.5","5"
"3.1415926535897927","222","5"
"3.0106929596902186","223.5","5"
"3.141592653589793","225","5"
"3.141592653589793","226.5","5"
"3.010692959690218","228","5"
"3.0106929596902186","229.5","5"
"3.1415926535897927","231","5"
"3.141592653589793","232.5","5"
"3.0761428066400063","234","5"
"0","235.5","5"
"2.9452431127404313","237","5"
"2.8797932657906435","238.5","5"
"0","240","5"
"3.076142806640006","241.5","5"
"2.945243112740431","243","5"
"0","244.5","5"
"3.076142806640006","246","5"
"3.076142806640006","247.5","5"
"3.076142806640006","249","5"
"0","250.5","5"
"3.1415926535897927","252","5"
"3.141592653589793","253.5","5"
"0","255","5"
"3.0761428066400054","256.5","5"
"3.0761428066400054","258","5"
"0","259.5","5"
"3.0761428066400054","261","5"
"3.1415926535897927","262.5","5"
"3.141592653589793","264","5"
"0","265.5","5"
"3.076142806640006","267","5"
"3.0761428066400054","268.5","5"
"0","270","5"
"3.076142806640006","271.5","5"
"3.1415926535897927","273","5"
"0","274.5","5"
"2.945243112740431","276","5"
"3.076142806640006","277.5","5"
"3.076142806640006","279","5"
"3.141592653589793","280.5","5"
"3.076142806640006","282","5"
"3.0761428066400054","283.5","5"
"3.0761428066400054","285","5"
"0","286.5","5"
"3.076142806640006","288","5"
"3.1415926535897927","289.5","5"
"0","291","5"
"3.076142806640006","292.5","5"
"3.1415926535897927","294","5"
"3.0761428066400054","295.5","5"
"0","297","5"
"3.076142806640006","298.5","5"
"0","300","5"
"3.0761428066400054","1.5","6"
"3.076142806640006","3","6"
"3.0761428066400063","4.5","6"
"3.0761428066400063","6","6"
"3.141592653589793","7.5","6"
"3.076142806640006","9","6"
"3.141592653589793","10.5","6"
"3.141592653589793","12","6"
"3.141592653589793","13.5","6"
"3.141592653589793","15","6"
"3.1415926535897927","16.5","6"
"3.0761428066400063","18","6"
"3.141592653589793","19.5","6"
"3.0761428066400054","21","6"
"3.1415926535897927","22.5","6"
"3.076142806640006","24","6"
"3.0761428066400054","25.5","6"
"3.141592653589793","27","6"
"3.141592653589793","28.5","6"
"3.0761428066400063","30","6"
"3.076142806640006","31.5","6"
"3.076142806640006","33","6"
"3.076142806640006","34.5","6"
"2.9452431127404317","36","6"
"3.0761428066400063","37.5","6"
"3.0761428066400063","39","6"
"2.9452431127404317","40.5","6"
"3.076142806640006","42","6"
"3.076142806640006","43.5","6"
"3.0761428066400063","45","6"
"3.1415926535897927","46.5","6"
"3.141592653589793","48","6"
"3.141592653589793","49.5","6"
"3.0761428066400063","51","6"
"3.010692959690218","52.5","6"
"3.1415926535897927","54","6"
"3.076142806640006","55.5","6"
"3.141592653589793","57","6"
"3.0761428066400054","58.5","6"
"3.141592653589793","60","6"
"3.1415926535897927","61.5","6"
"3.0761428066400054","63","6"
"3.0761428066400054","64.5","6"
"3.141592653589793","66","6"
"3.076142806640006","67.5","6"
"3.076142806640006","69","6"
"3.0761428066400054","70.5","6"
"3.010692959690218","72","6"
"3.0761428066400063","73.5","6"
"3.1415926535897927","75","6"
"3.076142806640006","76.5","6"
"3.141592653589793","78","6"
"3.141592653589793","79.5","6"
"3.1415926535897927","81","6"
"3.1415926535897927","82.5","6"
"3.010692959690219","84","6"
"3.141592653589793","85.5","6"
"3.076142806640006","87","6"
"3.1415926535897927","88.5","6"
"3.0106929596902186","90","6"
"3.141592653589793","91.5","6"
"3.1415926535897927","93","6"
"3.0761428066400063","94.5","6"
"3.010692959690218","96","6"
"3.141592653589793","97.5","6"
"3.141592653589793","99","6"
"3.010692959690218","100.5","6"
"3.076142806640006","102","6"
"3.0761428066400063","103.5","6"
"3.076142806640006","105","6"
"3.141592653589793","106.5","6"
"3.0106929596902186","108","6"
"3.1415926535897927","109.5","6"
"3.076142806640006","111","6"
"3.141592653589793","112.5","6"
"3.141592653589793","114","6"
"3.141592653589793","115.5","6"
"3.141592653589793","117","6"
"3.1415926535897927","118.5","6"
"3.076142806640006","120","6"
"3.141592653589793","121.5","6"
"3.0761428066400063","123","6"
"3.1415926535897927","124.5","6"
"3.141592653589793","126","6"
"3.076142806640006","127.5","6"
"3.0761428066400063","129","6"
"3.141592653589793","130.5","6"
"3.0761428066400063","132","6"
"3.141592653589793","133.5","6"
"3.010692959690219","135","6"
"3.0761428066400054","136.5","6"
"3.010692959690218","138","6"
"3.1415926535897927","139.5","6"
"3.1415926535897927","141","6"
"3.1415926535897927","142.5","6"
"3.0761428066400063","144","6"
"3.141592653589793","145.5","6"
"3.076142806640006","147","6"
"3.076142806640006","148.5","6"
"3.141592653589793","150","6"
"3.0761428066400063","151.5","6"
"3.0761428066400063","153","6"
"3.0761428066400063","154.5","6"
"3.0761428066400063","156","6"
"3.076142806640006","157.5","6"
"3.076142806640006","159","6"
"3.0761428066400063","160.5","6"
"3.141592653589793","162","6"
"3.1415926535897927","163.5","6"
"2.9452431127404317","165","6"
"3.1415926535897927","166.5","6"
"3.141592653589793","168","6"
"3.076142806640006","169.5","6"
"3.141592653589793","171","6"
"3.0106929596902186","172.5","6"
"3.1415926535897927","174","6"
"3.1415926535897927","175.5","6"
"3.076142806640006","177","6"
"3.1415926535897927","178.5","6"
"2.945243112740431","180","6"
"3.076142806640006","181.5","6"
"3.1415926535897927","183","6"
"3.0761428066400063","184.5","6"
"3.0761428066400063","186","6"
"3.1415926535897927","187.5","6"
"3.1415926535897927","189","6"
"3.141592653589793","190.5","6"
"3.141592653589793","192","6"
"3.0761428066400063","193.5","6"
"3.1415926535897927","195","6"
"3.0761428066400063","196.5","6"
"3.076142806640006","198","6"
"3.1415926535897927","199.5","6"
"3.1415926535897927","201","6"
"3.0761428066400054","202.5","6"
"3.076142806640006","204","6"
"3.076142806640005","205.5","6"
"3.141592653589793","207","6"
"3.0761428066400063","208.5","6"
"3.1415926535897927","210","6"
"3.076142806640006","211.5","6"
"3.076142806640006","213","6"
"3.141592653589793","214.5","6"
"3.076142806640006","216","6"
"3.0761428066400063","217.5","6"
"3.141592653589793","219","6"
"3.0761428066400054","220.5","6"
"3.0761428066400054","222","6"
"3.141592653589793","223.5","6"
"2.9452431127404313","225","6"
"3.0761428066400063","226.5","6"
"3.1415926535897927","228","6"
"3.076142806640006","229.5","6"
"3.076142806640006","231","6"
"3.076142806640006","232.5","6"
"3.0106929596902186","234","6"
"3.0761428066400063","235.5","6"
"3.141592653589793","237","6"
"3.076142806640006","238.5","6"
"3.076142806640006","240","6"
"3.141592653589793","241.5","6"
"3.0761428066400063","243","6"
"3.1415926535897927","244.5","6"
"3.0761428066400063","246","6"
"3.0761428066400063","247.5","6"
"3.076142806640006","249","6"
"3.0761428066400063","250.5","6"
"3.0106929596902186","252","6"
"0","253.5","6"
"0","255","6"
"3.0761428066400063","256.5","6"
"2.9452431127404317","258","6"
"3.1415926535897927","259.5","6"
"3.0761428066400063","261","6"
"2.9452431127404313","262.5","6"
"0","264","6"
"3.0761428066400063","265.5","6"
"3.010692959690218","267","6"
"3.010692959690219","268.5","6"
"3.010692959690218","270","6"
"3.1415926535897927","271.5","6"
"3.010692959690219","273","6"
"0","274.5","6"
"3.010692959690218","276","6"
"0","277.5","6"
"3.010692959690219","279","6"
"3.141592653589793","280.5","6"
"3.076142806640005","282","6"
"3.010692959690219","283.5","6"
"3.0761428066400054","285","6"
"3.076142806640006","286.5","6"
"3.076142806640006","288","6"
"0","289.5","6"
"3.076142806640006","291","6"
"3.076142806640006","292.5","6"
"3.0761428066400063","294","6"
"2.945243112740431","295.5","6"
"3.1415926535897927","297","6"
"0","298.5","6"
"3.1415926535897927","300","6"
"3.010692959690219","1.5","7"
"3.076142806640006","3","7"
"3.1415926535897927","4.5","7"
"3.1415926535897927","6","7"
"3.0761428066400063","7.5","7"
"3.141592653589793","9","7"
"3.1415926535897927","10.5","7"
"3.076142806640006","12","7"
"3.0761428066400063","13.5","7"
"3.141592653589793","15","7"
"3.1415926535897927","16.5","7"
"3.0106929596902186","18","7"
"3.141592653589793","19.5","7"
"3.0761428066400063","21","7"
"3.0761428066400063","22.5","7"
"3.0761428066400063","24","7"
"3.0761428066400063","25.5","7"
"3.076142806640006","27","7"
"3.0761428066400054","28.5","7"
"3.141592653589793","30","7"
"3.0761428066400063","31.5","7"
"3.076142806640006","33","7"
"3.141592653589793","34.5","7"
"3.141592653589793","36","7"
"3.141592653589793","37.5","7"
"3.141592653589793","39","7"
"3.0761428066400063","40.5","7"
"3.0761428066400054","42","7"
"3.076142806640006","43.5","7"
"3.0761428066400063","45","7"
"3.141592653589793","46.5","7"
"3.0761428066400054","48","7"
"3.141592653589793","49.5","7"
"3.141592653589793","51","7"
"3.1415926535897927","52.5","7"
"3.0761428066400063","54","7"
"3.141592653589793","55.5","7"
"3.141592653589793","57","7"
"3.141592653589793","58.5","7"
"3.141592653589793","60","7"
"3.0761428066400063","61.5","7"
"3.076142806640006","63","7"
"3.0106929596902186","64.5","7"
"3.0761428066400054","66","7"
"3.141592653589793","67.5","7"
"3.0761428066400063","69","7"
"3.0106929596902186","70.5","7"
"3.076142806640006","72","7"
"2.9452431127404313","73.5","7"
"3.0761428066400054","75","7"
"3.076142806640006","76.5","7"
"3.1415926535897927","78","7"
"3.141592653589793","79.5","7"
"3.076142806640006","81","7"
"3.0106929596902186","82.5","7"
"3.076142806640006","84","7"
"3.010692959690219","85.5","7"
"3.0761428066400063","87","7"
"3.0761428066400054","88.5","7"
"3.0761428066400054","90","7"
"3.0761428066400054","91.5","7"
"3.076142806640006","93","7"
"3.076142806640006","94.5","7"
"3.0761428066400054","96","7"
"3.076142806640006","97.5","7"
"3.0761428066400054","99","7"
"3.076142806640006","100.5","7"
"3.076142806640006","102","7"
"3.0106929596902186","103.5","7"
"3.0761428066400063","105","7"
"3.076142806640006","106.5","7"
"3.141592653589793","108","7"
"3.0761428066400054","109.5","7"
"3.076142806640006","111","7"
"3.0761428066400063","112.5","7"
"3.010692959690219","114","7"
"3.0761428066400054","115.5","7"
"3.076142806640006","117","7"
"3.141592653589793","118.5","7"
"3.141592653589793","120","7"
"3.141592653589793","121.5","7"
"3.141592653589793","123","7"
"3.076142806640006","124.5","7"
"3.0106929596902186","126","7"
"3.1415926535897927","127.5","7"
"3.076142806640006","129","7"
"3.076142806640006","130.5","7"
"3.1415926535897927","132","7"
"3.0761428066400063","133.5","7"
"3.076142806640006","135","7"
"3.141592653589793","136.5","7"
"3.1415926535897927","138","7"
"3.076142806640006","139.5","7"
"3.1415926535897927","141","7"
"3.0761428066400054","142.5","7"
"3.141592653589793","144","7"
"3.076142806640006","145.5","7"
"3.0106929596902186","147","7"
"2.9452431127404313","148.5","7"
"3.0106929596902186","150","7"
"3.1415926535897927","151.5","7"
"3.010692959690218","153","7"
"3.076142806640006","154.5","7"
"3.0761428066400054","156","7"
"2.9452431127404313","157.5","7"
"3.0761428066400063","159","7"
"3.076142806640006","160.5","7"
"3.1415926535897927","162","7"
"3.076142806640006","163.5","7"
"3.0761428066400054","165","7"
"3.141592653589793","166.5","7"
"3.0761428066400054","168","7"
"3.0761428066400054","169.5","7"
"2.9452431127404317","171","7"
"3.0761428066400063","172.5","7"
"3.0761428066400063","174","7"
"2.945243112740431","175.5","7"
"3.0106929596902186","177","7"
"3.0761428066400063","178.5","7"
"3.141592653589793","180","7"
"3.0106929596902186","181.5","7"
"3.0106929596902186","183","7"
"3.141592653589793","184.5","7"
"3.141592653589793","186","7"
"3.0761428066400054","187.5","7"
"3.0761428066400054","189","7"
"3.076142806640006","190.5","7"
"3.1415926535897927","192","7"
"3.141592653589793","193.5","7"
"3.076142806640006","195","7"
"3.0106929596902186","196.5","7"
"3.076142806640006","198","7"
"3.141592653589793","199.5","7"
"3.076142806640006","201","7"
"3.010692959690219","202.5","7"
"2.9452431127404317","204","7"
"3.0106929596902186","205.5","7"
"3.1415926535897927","207","7"
"3.0761428066400063","208.5","7"
"3.0761428066400054","210","7"
"3.141592653589793","211.5","7"
"3.010692959690219","213","7"
"2.945243112740431","214.5","7"
"3.0106929596902186","216","7"
"3.1415926535897927","217.5","7"
"3.141592653589793","219","7"
"3.076142806640006","220.5","7"
"3.141592653589793","222","7"
"3.141592653589793","223.5","7"
"3.141592653589793","225","7"
"3.1415926535897927","226.5","7"
"3.1415926535897927","228","7"
"3.1415926535897927","229.5","7"
"2.9452431127404313","231","7"
"3.1415926535897927","232.5","7"
"3.141592653589793","234","7"
"3.076142806640006","235.5","7"
"3.076142806640006","237","7"
"3.0761428066400063","238.5","7"
"3.076142806640006","240","7"
"3.010692959690219","241.5","7"
"3.076142806640006","243","7"
"2.9452431127404313","244.5","7"
"3.0106929596902186","246","7"
"3.0761428066400063","247.5","7"
"3.1415926535897927","249","7"
"3.0106929596902186","250.5","7"
"2.9452431127404313","252","7"
"3.0761428066400063","253.5","7"
"3.076142806640006","255","7"
"3.010692959690219","256.5","7"
"2.9452431127404313","258","7"
"2.9452431127404317","259.5","7"
"3.076142806640006","261","7"
"2.8797932657906444","262.5","7"
"3.0761428066400063","264","7"
"3.141592653589793","265.5","7"
"2.879793265790644","267","7"
"2.9452431127404313","268.5","7"
"2.879793265790644","270","7"
"3.1415926535897927","271.5","7"
"2.945243112740431","273","7"
"3.010692959690219","274.5","7"
"2.9452431127404317","276","7"
"3.010692959690219","277.5","7"
"2.9452431127404317","279","7"
"2.879793265790644","280.5","7"
"3.0761428066400063","282","7"
"2.879793265790644","283.5","7"
"3.0106929596902186","285","7"
"2.8797932657906435","286.5","7"
"3.076142806640006","288","7"
"2.9452431127404317","289.5","7"
"2.879793265790644","291","7"
"3.0761428066400063","292.5","7"
"3.0106929596902186","294","7"
"3.0106929596902186","295.5","7"
"3.076142806640006","297","7"
"3.141592653589793","298.5","7"
"3.0761428066400063","300","7"
"3.141592653589793","1.5","8"
"3.141592653589793","3","8"
"3.1415926535897927","4.5","8"
"3.076142806640006","6","8"
"3.141592653589793","7.5","8"
"3.076142806640006","9","8"
"3.0761428066400063","10.5","8"
"3.0761428066400054","12","8"
"3.0761428066400063","13.5","8"
"3.1415926535897927","15","8"
"3.076142806640006","16.5","8"
"3.0761428066400054","18","8"
"3.076142806640006","19.5","8"
"3.1415926535897927","21","8"
"3.0106929596902186","22.5","8"
"3.0761428066400054","24","8"
"3.0761428066400063","25.5","8"
"3.0106929596902186","27","8"
"3.076142806640006","28.5","8"
"3.076142806640006","30","8"
"3.0761428066400063","31.5","8"
"3.0761428066400063","33","8"
"3.0761428066400054","34.5","8"
"3.0761428066400063","36","8"
"2.9452431127404313","37.5","8"
"3.0761428066400063","39","8"
"3.076142806640006","40.5","8"
"2.9452431127404317","42","8"
"3.0761428066400054","43.5","8"
"3.1415926535897927","45","8"
"3.1415926535897927","46.5","8"
"3.141592653589793","48","8"
"3.076142806640006","49.5","8"
"3.076142806640006","51","8"
"3.0761428066400063","52.5","8"
"3.0761428066400054","54","8"
"3.0106929596902186","55.5","8"
"3.076142806640006","57","8"
"3.0761428066400054","58.5","8"
"3.076142806640006","60","8"
"2.9452431127404313","61.5","8"
"2.9452431127404313","63","8"
"3.1415926535897927","64.5","8"
"3.0761428066400063","66","8"
"3.076142806640006","67.5","8"
"3.076142806640006","69","8"
"3.0761428066400063","70.5","8"
"3.0761428066400063","72","8"
"3.1415926535897927","73.5","8"
"3.141592653589793","75","8"
"3.0761428066400063","76.5","8"
"3.076142806640006","78","8"
"3.0761428066400063","79.5","8"
"3.141592653589793","81","8"
"3.0761428066400054","82.5","8"
"3.1415926535897927","84","8"
"3.0761428066400054","85.5","8"
"3.0761428066400063","87","8"
"3.0106929596902186","88.5","8"
"3.0761428066400054","90","8"
"3.010692959690218","91.5","8"
"3.1415926535897927","93","8"
"3.010692959690219","94.5","8"
"3.1415926535897927","96","8"
"3.076142806640006","97.5","8"
"3.076142806640006","99","8"
"3.0761428066400054","100.5","8"
"3.1415926535897927","102","8"
"3.0106929596902186","103.5","8"
"3.0761428066400063","105","8"
"3.0761428066400063","106.5","8"
"3.141592653589793","108","8"
"3.076142806640006","109.5","8"
"3.0106929596902186","111","8"
"3.141592653589793","112.5","8"
"3.0761428066400054","114","8"
"3.141592653589793","115.5","8"
"3.141592653589793","117","8"
"3.1415926535897927","118.5","8"
"2.9452431127404313","120","8"
"3.0761428066400063","121.5","8"
"3.076142806640006","123","8"
"3.141592653589793","124.5","8"
"3.0106929596902186","126","8"
"3.0761428066400054","127.5","8"
"3.076142806640006","129","8"
"3.141592653589793","130.5","8"
"3.141592653589793","132","8"
"3.076142806640006","133.5","8"
"3.076142806640006","135","8"
"3.0106929596902186","136.5","8"
"3.141592653589793","138","8"
"3.076142806640006","139.5","8"
"3.076142806640006","141","8"
"2.9452431127404317","142.5","8"
"3.0761428066400063","144","8"
"2.9452431127404313","145.5","8"
"2.9452431127404313","147","8"
"3.076142806640006","148.5","8"
"3.076142806640006","150","8"
"3.0106929596902186","151.5","8"
"3.0106929596902186","153","8"
"3.0761428066400063","154.5","8"
"3.141592653589793","156","8"
"3.0761428066400054","157.5","8"
"3.141592653589793","159","8"
"3.076142806640006","160.5","8"
"3.0106929596902186","162","8"
"3.141592653589793","163.5","8"
"3.0761428066400063","165","8"
"3.0106929596902186","166.5","8"
"2.9452431127404313","168","8"
"3.141592653589793","169.5","8"
"3.0106929596902186","171","8"
"3.076142806640006","172.5","8"
"3.0106929596902186","174","8"
"3.0761428066400063","175.5","8"
"3.0106929596902186","177","8"
"3.0761428066400063","178.5","8"
"3.0106929596902186","180","8"
"3.141592653589793","181.5","8"
"3.0106929596902186","183","8"
"3.0106929596902186","184.5","8"
"3.0761428066400063","186","8"
"3.141592653589793","187.5","8"
"2.945243112740431","189","8"
"3.0761428066400063","190.5","8"
"2.9452431127404313","192","8"
"3.141592653589793","193.5","8"
"2.9452431127404317","195","8"
"3.0761428066400063","196.5","8"
"3.076142806640006","198","8"
"3.141592653589793","199.5","8"
"3.0106929596902186","201","8"
"2.9452431127404313","202.5","8"
"3.0761428066400054","204","8"
"3.0761428066400063","205.5","8"
"3.076142806640006","207","8"
"3.010692959690219","208.5","8"
"3.076142806640006","210","8"
"3.0106929596902186","211.5","8"
"3.0761428066400054","213","8"
"3.0761428066400063","214.5","8"
"3.0106929596902186","216","8"
"3.0761428066400063","217.5","8"
"2.9452431127404317","219","8"
"3.141592653589793","220.5","8"
"2.9452431127404313","222","8"
"2.945243112740431","223.5","8"
"3.0761428066400054","225","8"
"3.0106929596902186","226.5","8"
"3.0106929596902186","228","8"
"2.9452431127404317","229.5","8"
"3.0761428066400063","231","8"
"3.0106929596902186","232.5","8"
"3.076142806640006","234","8"
"2.9452431127404317","235.5","8"
"3.0761428066400063","237","8"
"3.0761428066400063","238.5","8"
"3.0106929596902186","240","8"
"2.9452431127404313","241.5","8"
"2.9452431127404317","243","8"
"2.9452431127404317","244.5","8"
"3.0761428066400063","246","8"
"3.141592653589793","247.5","8"
"3.0761428066400063","249","8"
"3.076142806640006","250.5","8"
"3.0761428066400063","252","8"
"3.0761428066400063","253.5","8"
"3.141592653589793","255","8"
"3.1415926535897927","256.5","8"
"3.0761428066400063","258","8"
"2.9452431127404317","259.5","8"
"3.0761428066400063","261","8"
"3.0761428066400063","262.5","8"
"3.141592653589793","264","8"
"3.141592653589793","265.5","8"
"3.0106929596902186","267","8"
"3.141592653589793","268.5","8"
"3.0761428066400054","270","8"
"3.1415926535897927","271.5","8"
"3.141592653589793","273","8"
"3.076142806640006","274.5","8"
"3.1415926535897927","276","8"
"3.0106929596902186","277.5","8"
"3.0106929596902186","279","8"
"3.0761428066400054","280.5","8"
"3.0761428066400063","282","8"
"2.9452431127404313","283.5","8"
"3.076142806640006","285","8"
"3.076142806640006","286.5","8"
"3.141592653589793","288","8"
"3.0761428066400063","289.5","8"
"3.141592653589793","291","8"
"3.1415926535897927","292.5","8"
"2.9452431127404313","294","8"
"3.076142806640006","295.5","8"
"3.076142806640006","297","8"
"3.1415926535897927","298.5","8"
"3.141592653589793","300","8"
"3.0761428066400063","1.5","9"
"3.0761428066400063","3","9"
"3.0761428066400063","4.5","9"
"3.0761428066400054","6","9"
"3.0761428066400054","7.5","9"
"3.141592653589793","9","9"
"3.141592653589793","10.5","9"
"3.141592653589793","12","9"
"3.0761428066400063","13.5","9"
"3.0761428066400063","15","9"
"3.141592653589793","16.5","9"
"3.141592653589793","18","9"
"3.0761428066400063","19.5","9"
"3.076142806640006","21","9"
"3.141592653589793","22.5","9"
"3.0761428066400063","24","9"
"3.0106929596902186","25.5","9"
"3.141592653589793","27","9"
"3.076142806640006","28.5","9"
"3.0761428066400054","30","9"
"3.141592653589793","31.5","9"
"3.076142806640006","33","9"
"3.1415926535897927","34.5","9"
"3.0761428066400063","36","9"
"3.0761428066400063","37.5","9"
"3.1415926535897927","39","9"
"3.0106929596902186","40.5","9"
"3.076142806640006","42","9"
"3.076142806640006","43.5","9"
"3.1415926535897927","45","9"
"3.076142806640006","46.5","9"
"3.141592653589793","48","9"
"3.0106929596902186","49.5","9"
"3.0106929596902186","51","9"
"3.1415926535897927","52.5","9"
"3.141592653589793","54","9"
"3.0106929596902186","55.5","9"
"3.0761428066400063","57","9"
"3.1415926535897927","58.5","9"
"3.076142806640006","60","9"
"3.141592653589793","61.5","9"
"3.0761428066400063","63","9"
"3.0106929596902186","64.5","9"
"3.010692959690219","66","9"
"3.076142806640006","67.5","9"
"3.0761428066400054","69","9"
"2.9452431127404313","70.5","9"
"3.0761428066400054","72","9"
"3.0761428066400063","73.5","9"
"3.076142806640006","75","9"
"3.0761428066400063","76.5","9"
"3.010692959690218","78","9"
"2.9452431127404313","79.5","9"
"3.076142806640006","81","9"
"3.076142806640006","82.5","9"
"3.0761428066400063","84","9"
"3.0106929596902186","85.5","9"
"2.9452431127404313","87","9"
"3.141592653589793","88.5","9"
"3.010692959690219","90","9"
"3.0106929596902186","91.5","9"
"3.0761428066400054","93","9"
"3.141592653589793","94.5","9"
"3.076142806640006","96","9"
"3.010692959690218","97.5","9"
"3.141592653589793","99","9"
"3.0761428066400063","100.5","9"
"3.076142806640006","102","9"
"3.076142806640006","103.5","9"
"3.0106929596902186","105","9"
"3.1415926535897927","106.5","9"
"3.0761428066400054","108","9"
"3.0761428066400054","109.5","9"
"3.0761428066400063","111","9"
"2.9452431127404317","112.5","9"
"3.0761428066400054","114","9"
"3.0761428066400054","115.5","9"
"3.010692959690219","117","9"
"3.010692959690218","118.5","9"
"3.076142806640006","120","9"
"3.0106929596902186","121.5","9"
"2.9452431127404317","123","9"
"3.0761428066400063","124.5","9"
"3.141592653589793","126","9"
"3.141592653589793","127.5","9"
"3.076142806640006","129","9"
"3.141592653589793","130.5","9"
"3.0761428066400063","132","9"
"3.0106929596902186","133.5","9"
"3.1415926535897927","135","9"
"3.076142806640006","136.5","9"
"3.0761428066400063","138","9"
"3.1415926535897927","139.5","9"
"3.010692959690218","141","9"
"3.0761428066400063","142.5","9"
"3.141592653589793","144","9"
"3.0761428066400063","145.5","9"
"3.1415926535897927","147","9"
"3.076142806640006","148.5","9"
"3.141592653589793","150","9"
"3.0761428066400063","151.5","9"
"3.0761428066400063","153","9"
"3.0106929596902186","154.5","9"
"3.076142806640006","156","9"
"3.0761428066400063","157.5","9"
"3.0106929596902186","159","9"
"3.0761428066400063","160.5","9"
"3.0761428066400054","162","9"
"2.9452431127404313","163.5","9"
"3.0106929596902186","165","9"
"3.0761428066400063","166.5","9"
"3.1415926535897927","168","9"
"3.141592653589793","169.5","9"
"3.141592653589793","171","9"
"3.0761428066400054","172.5","9"
"3.0761428066400054","174","9"
"3.0106929596902186","175.5","9"
"3.1415926535897927","177","9"
"3.076142806640006","178.5","9"
"3.010692959690219","180","9"
"3.0106929596902186","181.5","9"
"3.1415926535897927","183","9"
"3.076142806640006","184.5","9"
"3.0106929596902186","186","9"
"3.0761428066400063","187.5","9"
"3.0761428066400054","189","9"
"3.141592653589793","190.5","9"
"3.141592653589793","192","9"
"3.0761428066400063","193.5","9"
"3.1415926535897927","195","9"
"3.141592653589793","196.5","9"
"3.0761428066400054","198","9"
"3.1415926535897927","199.5","9"
"3.076142806640006","201","9"
"3.010692959690219","202.5","9"
"3.0761428066400063","204","9"
"3.076142806640006","205.5","9"
"3.141592653589793","207","9"
"3.0106929596902186","208.5","9"
"3.0761428066400063","210","9"
"3.0106929596902186","211.5","9"
"3.141592653589793","213","9"
"3.076142806640006","214.5","9"
"3.141592653589793","216","9"
"3.0106929596902186","217.5","9"
"3.0761428066400063","219","9"
"3.0761428066400063","220.5","9"
"3.0761428066400063","222","9"
"2.9452431127404313","223.5","9"
"2.9452431127404313","225","9"
"3.0761428066400063","226.5","9"
"2.9452431127404313","228","9"
"3.0761428066400063","229.5","9"
"3.076142806640006","231","9"
"2.945243112740431","232.5","9"
"3.141592653589793","234","9"
"3.010692959690219","235.5","9"
"3.076142806640006","237","9"
"3.0106929596902186","238.5","9"
"3.0106929596902186","240","9"
"3.0761428066400063","241.5","9"
"3.0761428066400063","243","9"
"3.141592653589793","244.5","9"
"3.076142806640006","246","9"
"3.076142806640006","247.5","9"
"3.0106929596902186","249","9"
"3.0106929596902186","250.5","9"
"3.0761428066400063","252","9"
"3.0761428066400063","253.5","9"
"3.076142806640006","255","9"
"3.076142806640006","256.5","9"
"3.1415926535897927","258","9"
"3.0106929596902186","259.5","9"
"3.0106929596902186","261","9"
"3.0761428066400063","262.5","9"
"3.1415926535897927","264","9"
"2.945243112740431","265.5","9"
"3.0106929596902186","267","9"
"3.0761428066400054","268.5","9"
"3.0106929596902186","270","9"
"3.0106929596902186","271.5","9"
"3.0761428066400054","273","9"
"3.0106929596902186","274.5","9"
"3.0106929596902186","276","9"
"3.141592653589793","277.5","9"
"3.141592653589793","279","9"
"3.0106929596902186","280.5","9"
"3.0106929596902186","282","9"
"3.0761428066400063","283.5","9"
"3.0106929596902186","285","9"
"3.076142806640006","286.5","9"
"3.0761428066400063","288","9"
"3.1415926535897927","289.5","9"
"2.9452431127404313","291","9"
"3.0106929596902186","292.5","9"
"2.9452431127404313","294","9"
"3.0761428066400063","295.5","9"
"3.0761428066400063","297","9"
"3.0761428066400063","298.5","9"
"3.076142806640006","300","9"
"3.141592653589793","1.5","10"
"3.141592653589793","3","10"
"3.1415926535897927","4.5","10"
"3.076142806640006","6","10"
"3.141592653589793","7.5","10"
"3.076142806640006","9","10"
"3.0761428066400063","10.5","10"
"3.0761428066400054","12","10"
"3.0761428066400063","13.5","10"
"3.1415926535897927","15","10"
"3.076142806640006","16.5","10"
"3.0761428066400054","18","10"
"3.076142806640006","19.5","10"
"3.1415926535897927","21","10"
"3.0106929596902186","22.5","10"
"3.0761428066400054","24","10"
"3.0761428066400063","25.5","10"
"3.0106929596902186","27","10"
"3.076142806640006","28.5","10"
"3.076142806640006","30","10"
"3.0761428066400063","31.5","10"
"3.0761428066400063","33","10"
"3.0761428066400054","34.5","10"
"3.0761428066400063","36","10"
"2.9452431127404313","37.5","10"
"3.0761428066400063","39","10"
"3.076142806640006","40.5","10"
"2.9452431127404317","42","10"
"3.0761428066400054","43.5","10"
"3.1415926535897927","45","10"
"3.1415926535897927","46.5","10"
"3.141592653589793","48","10"
"3.076142806640006","49.5","10"
"3.076142806640006","51","10"
"3.0761428066400063","52.5","10"
"3.0761428066400054","54","10"
"3.0106929596902186","55.5","10"
"3.076142806640006","57","10"
"3.0761428066400054","58.5","10"
"3.076142806640006","60","10"
"2.9452431127404313","61.5","10"
"2.9452431127404313","63","10"
"3.1415926535897927","64.5","10"
"3.0761428066400063","66","10"
"3.076142806640006","67.5","10"
"3.076142806640006","69","10"
"3.0761428066400063","70.5","10"
"3.0761428066400063","72","10"
"3.1415926535897927","73.5","10"
"3.141592653589793","75","10"
"3.0761428066400063","76.5","10"
"3.076142806640006","78","10"
"3.0761428066400063","79.5","10"
"3.141592653589793","81","10"
"3.0761428066400054","82.5","10"
"3.1415926535897927","84","10"
"3.0761428066400054","85.5","10"
"3.0761428066400063","87","10"
"3.0106929596902186","88.5","10"
"3.0761428066400054","90","10"
"3.010692959690218","91.5","10"
"3.1415926535897927","93","10"
"3.010692959690219","94.5","10"
"3.1415926535897927","96","10"
"3.076142806640006","97.5","10"
"3.076142806640006","99","10"
"3.0761428066400054","100.5","10"
"3.1415926535897927","102","10"
"3.0106929596902186","103.5","10"
"3.0761428066400063","105","10"
"3.0761428066400063","106.5","10"
"3.141592653589793","108","10"
"3.076142806640006","109.5","10"
"3.0106929596902186","111","10"
"3.141592653589793","112.5","10"
"3.0761428066400054","114","10"
"3.141592653589793","115.5","10"
"3.141592653589793","117","10"
"3.1415926535897927","118.5","10"
"2.9452431127404313","120","10"
"3.0761428066400063","121.5","10"
"3.076142806640006","123","10"
"3.141592653589793","124.5","10"
"3.0106929596902186","126","10"
"3.0761428066400054","127.5","10"
"3.076142806640006","129","10"
"3.141592653589793","130.5","10"
"3.141592653589793","132","10"
"3.076142806640006","133.5","10"
"3.076142806640006","135","10"
"3.0106929596902186","136.5","10"
"3.141592653589793","138","10"
"3.076142806640006","139.5","10"
"3.076142806640006","141","10"
"2.9452431127404317","142.5","10"
"3.0761428066400063","144","10"
"2.9452431127404313","145.5","10"
"2.9452431127404313","147","10"
"3.076142806640006","148.5","10"
"3.076142806640006","150","10"
"3.0106929596902186","151.5","10"
"3.0106929596902186","153","10"
"3.0761428066400063","154.5","10"
"3.141592653589793","156","10"
"3.0761428066400054","157.5","10"
"3.141592653589793","159","10"
"3.076142806640006","160.5","10"
"3.0106929596902186","162","10"
"3.141592653589793","163.5","10"
"3.0761428066400063","165","10"
"3.0106929596902186","166.5","10"
"2.9452431127404313","168","10"
"3.141592653589793","169.5","10"
"3.0106929596902186","171","10"
"3.076142806640006","172.5","10"
"3.0106929596902186","174","10"
"3.0761428066400063","175.5","10"
"3.0106929596902186","177","10"
"3.0761428066400063","178.5","10"
"3.0106929596902186","180","10"
"3.141592653589793","181.5","10"
"3.0106929596902186","183","10"
"3.0106929596902186","184.5","10"
"3.0761428066400063","186","10"
"3.141592653589793","187.5","10"
"2.945243112740431","189","10"
"3.0761428066400063","190.5","10"
"2.9452431127404313","192","10"
"3.141592653589793","193.5","10"
"2.9452431127404317","195","10"
"3.0761428066400063","196.5","10"
"3.076142806640006","198","10"
"3.141592653589793","199.5","10"
"3.0106929596902186","201","10"
"2.9452431127404313","202.5","10"
"3.0761428066400054","204","10"
"3.0761428066400063","205.5","10"
"3.076142806640006","207","10"
"3.010692959690219","208.5","10"
"3.076142806640006","210","10"
"3.0106929596902186","211.5","10"
"3.0761428066400054","213","10"
"3.0761428066400063","214.5","10"
"3.0106929596902186","216","10"
"3.0761428066400063","217.5","10"
"2.9452431127404317","219","10"
"3.141592653589793","220.5","10"
"2.9452431127404313","222","10"
"2.945243112740431","223.5","10"
"3.0761428066400054","225","10"
"3.0106929596902186","226.5","10"
"3.0106929596902186","228","10"
"2.9452431127404317","229.5","10"
"3.0761428066400063","231","10"
"3.0106929596902186","232.5","10"
"3.076142806640006","234","10"
"2.9452431127404317","235.5","10"
"3.0761428066400063","237","10"
"3.0761428066400063","238.5","10"
"3.0106929596902186","240","10"
"2.9452431127404313","241.5","10"
"2.9452431127404317","243","10"
"2.9452431127404317","244.5","10"
"3.0761428066400063","246","10"
"3.141592653589793","247.5","10"
"3.0761428066400063","249","10"
"3.076142806640006","250.5","10"
"3.0761428066400063","252","10"
"3.0761428066400063","253.5","10"
"3.141592653589793","255","10"
"3.1415926535897927","256.5","10"
"3.0761428066400063","258","10"
"2.9452431127404317","259.5","10"
"3.0761428066400063","261","10"
"3.0761428066400063","262.5","10"
"3.141592653589793","264","10"
"3.141592653589793","265.5","10"
"3.0106929596902186","267","10"
"3.141592653589793","268.5","10"
"3.0761428066400054","270","10"
"3.1415926535897927","271.5","10"
"3.141592653589793","273","10"
"3.076142806640006","274.5","10"
"3.1415926535897927","276","10"
"3.0106929596902186","277.5","10"
"3.0106929596902186","279","10"
"3.0761428066400054","280.5","10"
"3.0761428066400063","282","10"
"2.9452431127404313","283.5","10"
"3.076142806640006","285","10"
"3.076142806640006","286.5","10"
"3.141592653589793","288","10"
"3.0761428066400063","289.5","10"
"3.141592653589793","291","10"
"3.1415926535897927","292.5","10"
"2.9452431127404313","294","10"
"3.076142806640006","295.5","10"
"3.076142806640006","297","10"
"3.1415926535897927","298.5","10"
"3.141592653589793","300","10"
"3.0761428066400063","1.5","11"
"3.0761428066400063","3","11"
"3.141592653589793","4.5","11"
"3.0761428066400054","6","11"
"3.141592653589793","7.5","11"
"3.010692959690219","9","11"
"3.141592653589793","10.5","11"
"3.0761428066400063","12","11"
"3.0761428066400054","13.5","11"
"3.076142806640006","15","11"
"3.0761428066400054","16.5","11"
"3.141592653589793","18","11"
"3.0761428066400054","19.5","11"
"3.141592653589793","21","11"
"3.141592653589793","22.5","11"
"3.0761428066400063","24","11"
"3.0761428066400054","25.5","11"
"3.141592653589793","27","11"
"3.076142806640006","28.5","11"
"3.1415926535897922","30","11"
"3.076142806640006","31.5","11"
"3.0761428066400063","33","11"
"3.141592653589793","34.5","11"
"3.0761428066400063","36","11"
"3.1415926535897922","37.5","11"
"3.076142806640006","39","11"
"3.141592653589793","40.5","11"
"3.1415926535897927","42","11"
"3.0761428066400054","43.5","11"
"3.010692959690218","45","11"
"3.141592653589793","46.5","11"
"3.1415926535897922","48","11"
"3.1415926535897927","49.5","11"
"3.1415926535897927","51","11"
"2.945243112740431","52.5","11"
"3.076142806640006","54","11"
"3.0761428066400063","55.5","11"
"3.141592653589793","57","11"
"3.1415926535897927","58.5","11"
"3.076142806640006","60","11"
"3.1415926535897927","61.5","11"
"3.1415926535897927","63","11"
"3.076142806640006","64.5","11"
"3.0761428066400054","66","11"
"3.141592653589793","67.5","11"
"3.141592653589793","69","11"
"3.076142806640006","70.5","11"
"3.076142806640006","72","11"
"3.0761428066400063","73.5","11"
"3.076142806640006","75","11"
"3.0761428066400054","76.5","11"
"3.141592653589793","78","11"
"3.0761428066400063","79.5","11"
"3.0761428066400063","81","11"
"3.076142806640006","82.5","11"
"3.0761428066400063","84","11"
"2.9452431127404313","85.5","11"
"3.010692959690219","87","11"
"3.1415926535897922","88.5","11"
"3.0106929596902186","90","11"
"3.0761428066400063","91.5","11"
"3.076142806640006","93","11"
"3.0761428066400063","94.5","11"
"3.076142806640006","96","11"
"3.0761428066400054","97.5","11"
"3.0761428066400054","99","11"
"3.141592653589793","100.5","11"
"3.0761428066400063","102","11"
"3.1415926535897927","103.5","11"
"3.141592653589793","105","11"
"3.076142806640006","106.5","11"
"3.1415926535897927","108","11"
"3.0761428066400063","109.5","11"
"3.076142806640006","111","11"
"3.1415926535897927","112.5","11"
"3.141592653589793","114","11"
"3.141592653589793","115.5","11"
"3.0761428066400063","117","11"
"3.010692959690219","118.5","11"
"3.076142806640006","120","11"
"3.141592653589793","121.5","11"
"3.0761428066400054","123","11"
"3.076142806640006","124.5","11"
"3.0106929596902186","126","11"
"3.141592653589793","127.5","11"
"3.141592653589793","129","11"
"3.141592653589793","130.5","11"
"3.141592653589793","132","11"
"3.141592653589793","133.5","11"
"3.141592653589793","135","11"
"3.0761428066400063","136.5","11"
"3.0106929596902186","138","11"
"3.076142806640006","139.5","11"
"3.0761428066400063","141","11"
"2.8797932657906435","142.5","11"
"3.0106929596902186","144","11"
"3.0106929596902186","145.5","11"
"3.141592653589793","147","11"
"3.076142806640006","148.5","11"
"3.076142806640006","150","11"
"3.0761428066400063","151.5","11"
"3.1415926535897927","153","11"
"3.0761428066400054","154.5","11"
"2.9452431127404313","156","11"
"3.076142806640006","157.5","11"
"2.9452431127404313","159","11"
"3.010692959690219","160.5","11"
"3.010692959690218","162","11"
"3.076142806640006","163.5","11"
"3.141592653589793","165","11"
"2.945243112740431","166.5","11"
"3.0761428066400063","168","11"
"3.0761428066400063","169.5","11"
"3.0761428066400054","171","11"
"3.141592653589793","172.5","11"
"3.076142806640006","174","11"
"3.076142806640006","175.5","11"
"3.0761428066400063","177","11"
"3.0761428066400063","178.5","11"
"3.0761428066400063","180","11"
"3.1415926535897927","181.5","11"
"3.010692959690219","183","11"
"3.0761428066400063","184.5","11"
"3.0106929596902186","186","11"
"3.0106929596902186","187.5","11"
"2.9452431127404313","189","11"
"3.076142806640006","190.5","11"
"3.0106929596902186","192","11"
"3.0106929596902186","193.5","11"
"3.010692959690219","195","11"
"3.076142806640006","196.5","11"
"3.141592653589793","198","11"
"3.141592653589793","199.5","11"
"3.0761428066400054","201","11"
"3.0761428066400063","202.5","11"
"3.0761428066400063","204","11"
"3.076142806640006","205.5","11"
"3.0761428066400054","207","11"
"3.0106929596902186","208.5","11"
"3.141592653589793","210","11"
"3.141592653589793","211.5","11"
"3.141592653589793","213","11"
"3.0761428066400063","214.5","11"
"3.076142806640006","216","11"
"3.1415926535897927","217.5","11"
"3.0761428066400063","219","11"
"3.0106929596902186","220.5","11"
"3.076142806640006","222","11"
"3.076142806640006","223.5","11"
"3.141592653589793","225","11"
"3.0106929596902186","226.5","11"
"3.076142806640006","228","11"
"3.1415926535897927","229.5","11"
"3.0106929596902186","231","11"
"3.141592653589793","232.5","11"
"3.076142806640006","234","11"
"3.141592653589793","235.5","11"
"3.076142806640006","237","11"
"3.0761428066400063","238.5","11"
"3.0106929596902186","240","11"
"3.076142806640006","241.5","11"
"3.141592653589793","243","11"
"3.076142806640006","244.5","11"
"3.0761428066400063","246","11"
"3.0106929596902186","247.5","11"
"3.0761428066400063","249","11"
"3.141592653589793","250.5","11"
"3.0761428066400063","252","11"
"3.076142806640006","253.5","11"
"3.0761428066400063","255","11"
"3.0106929596902186","256.5","11"
"3.0106929596902186","258","11"
"3.0106929596902186","259.5","11"
"3.0761428066400054","261","11"
"3.0106929596902186","262.5","11"
"3.0761428066400054","264","11"
"3.141592653589793","265.5","11"
"3.141592653589793","267","11"
"3.0761428066400063","268.5","11"
"3.0106929596902186","270","11"
"3.141592653589793","271.5","11"
"3.076142806640006","273","11"
"3.0761428066400054","274.5","11"
"3.0761428066400063","276","11"
"3.076142806640006","277.5","11"
"2.9452431127404313","279","11"
"3.0761428066400063","280.5","11"
"3.0761428066400063","282","11"
"3.0106929596902186","283.5","11"
"3.0106929596902186","285","11"
"3.1415926535897927","286.5","11"
"2.9452431127404313","288","11"
"3.076142806640006","289.5","11"
"3.0761428066400063","291","11"
"3.0761428066400063","292.5","11"
"3.141592653589793","294","11"
"3.1415926535897927","295.5","11"
"3.076142806640006","297","11"
"3.0106929596902186","298.5","11"
"3.141592653589793","300","11"
"3.141592653589793","1.5","12"
"3.0761428066400063","3","12"
"3.1415926535897922","4.5","12"
"3.141592653589793","6","12"
"3.1415926535897927","7.5","12"
"3.0106929596902186","9","12"
"3.1415926535897927","10.5","12"
"3.0761428066400063","12","12"
"3.141592653589793","13.5","12"
"3.0761428066400063","15","12"
"3.141592653589793","16.5","12"
"3.1415926535897927","18","12"
"3.141592653589793","19.5","12"
"3.076142806640006","21","12"
"3.141592653589793","22.5","12"
"3.076142806640006","24","12"
"3.0761428066400063","25.5","12"
"3.1415926535897927","27","12"
"3.0761428066400063","28.5","12"
"3.0761428066400063","30","12"
"3.0106929596902186","31.5","12"
"3.076142806640006","33","12"
"3.0761428066400063","34.5","12"
"3.1415926535897922","36","12"
"3.0106929596902186","37.5","12"
"3.076142806640006","39","12"
"3.1415926535897927","40.5","12"
"3.0106929596902186","42","12"
"3.0761428066400054","43.5","12"
"3.0761428066400063","45","12"
"3.0761428066400063","46.5","12"
"3.0761428066400054","48","12"
"3.141592653589793","49.5","12"
"3.076142806640006","51","12"
"3.0761428066400054","52.5","12"
"3.1415926535897927","54","12"
"3.1415926535897927","55.5","12"
"3.1415926535897922","57","12"
"3.141592653589793","58.5","12"
"3.076142806640006","60","12"
"3.0761428066400063","61.5","12"
"3.076142806640006","63","12"
"3.0761428066400063","64.5","12"
"3.0106929596902186","66","12"
"3.0761428066400063","67.5","12"
"3.0106929596902186","69","12"
"3.0106929596902186","70.5","12"
"3.1415926535897927","72","12"
"3.141592653589793","73.5","12"
"3.141592653589793","75","12"
"3.141592653589793","76.5","12"
"3.076142806640006","78","12"
"3.0761428066400063","79.5","12"
"3.076142806640006","81","12"
"3.0761428066400063","82.5","12"
"3.0761428066400063","84","12"
"3.141592653589793","85.5","12"
"3.141592653589793","87","12"
"3.076142806640006","88.5","12"
"3.0761428066400054","90","12"
"3.076142806640006","91.5","12"
"3.0761428066400054","93","12"
"3.076142806640006","94.5","12"
"3.141592653589793","96","12"
"3.141592653589793","97.5","12"
"3.076142806640006","99","12"
"3.0761428066400063","100.5","12"
"3.076142806640006","102","12"
"3.0106929596902186","103.5","12"
"3.1415926535897927","105","12"
"3.141592653589793","106.5","12"
"3.0761428066400054","108","12"
"3.010692959690219","109.5","12"
"3.141592653589793","111","12"
"3.1415926535897927","112.5","12"
"3.141592653589793","114","12"
"3.0106929596902186","115.5","12"
"3.076142806640006","117","12"
"3.010692959690218","118.5","12"
"3.0761428066400063","120","12"
"3.141592653589793","121.5","12"
"3.076142806640006","123","12"
"3.141592653589793","124.5","12"
"3.0761428066400063","126","12"
"3.076142806640006","127.5","12"
"3.0761428066400063","129","12"
"3.076142806640006","130.5","12"
"3.076142806640006","132","12"
"3.0761428066400063","133.5","12"
"3.010692959690218","135","12"
"3.0106929596902186","136.5","12"
"3.076142806640006","138","12"
"3.141592653589793","139.5","12"
"3.0761428066400063","141","12"
"3.0106929596902186","142.5","12"
"3.0761428066400063","144","12"
"3.0106929596902186","145.5","12"
"2.9452431127404313","147","12"
"3.010692959690219","148.5","12"
"3.076142806640006","150","12"
"3.076142806640006","151.5","12"
"3.0761428066400063","153","12"
"3.076142806640006","154.5","12"
"3.141592653589793","156","12"
"3.141592653589793","157.5","12"
"3.0761428066400063","159","12"
"3.0761428066400063","160.5","12"
"3.0761428066400063","162","12"
"3.141592653589793","163.5","12"
"3.076142806640006","165","12"
"3.0761428066400054","166.5","12"
"3.0761428066400054","168","12"
"3.141592653589793","169.5","12"
"3.076142806640006","171","12"
"3.1415926535897927","172.5","12"
"3.1415926535897927","174","12"
"3.076142806640006","175.5","12"
"3.141592653589793","177","12"
"3.141592653589793","178.5","12"
"3.1415926535897927","180","12"
"3.0106929596902186","181.5","12"
"3.0761428066400054","183","12"
"3.076142806640006","184.5","12"
"3.1415926535897927","186","12"
"3.1415926535897927","187.5","12"
"3.141592653589793","189","12"
"2.945243112740431","190.5","12"
"2.9452431127404317","192","12"
"3.141592653589793","193.5","12"
"3.076142806640006","195","12"
"3.076142806640006","196.5","12"
"3.0106929596902186","198","12"
"3.0761428066400063","199.5","12"
"3.010692959690218","201","12"
"3.0106929596902186","202.5","12"
"3.141592653589793","204","12"
"3.1415926535897927","205.5","12"
"3.0761428066400063","207","12"
"3.0106929596902186","208.5","12"
"3.0106929596902186","210","12"
"3.0761428066400054","211.5","12"
"3.076142806640006","213","12"
"3.076142806640006","214.5","12"
"3.141592653589793","216","12"
"3.0761428066400063","217.5","12"
"3.141592653589793","219","12"
"3.0106929596902186","220.5","12"
"3.076142806640006","222","12"
"3.076142806640006","223.5","12"
"3.010692959690219","225","12"
"3.141592653589793","226.5","12"
"3.010692959690219","228","12"
"3.0106929596902186","229.5","12"
"2.9452431127404313","231","12"
"3.076142806640006","232.5","12"
"3.141592653589793","234","12"
"2.9452431127404317","235.5","12"
"3.076142806640006","237","12"
"3.076142806640006","238.5","12"
"3.0761428066400063","240","12"
"3.010692959690218","241.5","12"
"3.1415926535897927","243","12"
"3.0106929596902186","244.5","12"
"3.0106929596902186","246","12"
"3.0106929596902186","247.5","12"
"3.0761428066400054","249","12"
"3.0106929596902186","250.5","12"
"3.076142806640006","252","12"
"3.141592653589793","253.5","12"
"3.0761428066400054","255","12"
"3.0761428066400063","256.5","12"
"3.0106929596902186","258","12"
"3.0761428066400063","259.5","12"
"3.076142806640006","261","12"
"3.1415926535897927","262.5","12"
"3.076142806640006","264","12"
"3.076142806640006","265.5","12"
"3.010692959690218","267","12"
"2.8797932657906444","268.5","12"
"3.0761428066400063","270","12"
"3.076142806640006","271.5","12"
"3.0761428066400063","273","12"
"3.076142806640006","274.5","12"
"3.0761428066400054","276","12"
"3.0106929596902186","277.5","12"
"3.0761428066400054","279","12"
"3.076142806640006","280.5","12"
"3.141592653589793","282","12"
"3.010692959690219","283.5","12"
"3.0106929596902186","285","12"
"3.0761428066400054","286.5","12"
"3.076142806640006","288","12"
"3.0761428066400063","289.5","12"
"3.076142806640006","291","12"
"3.1415926535897927","292.5","12"
"3.076142806640006","294","12"
"3.076142806640006","295.5","12"
"3.141592653589793","297","12"
"3.1415926535897927","298.5","12"
"3.0106929596902186","300","12"
"3.141592653589793","1.5","13"
"3.0761428066400063","3","13"
"3.1415926535897922","4.5","13"
"3.141592653589793","6","13"
"3.1415926535897927","7.5","13"
"3.0106929596902186","9","13"
"3.1415926535897927","10.5","13"
"3.0761428066400063","12","13"
"3.141592653589793","13.5","13"
"3.0761428066400063","15","13"
"3.141592653589793","16.5","13"
"3.1415926535897927","18","13"
"3.141592653589793","19.5","13"
"3.076142806640006","21","13"
"3.141592653589793","22.5","13"
"3.076142806640006","24","13"
"3.0761428066400063","25.5","13"
"3.1415926535897927","27","13"
"3.0761428066400063","28.5","13"
"3.0761428066400063","30","13"
"3.0106929596902186","31.5","13"
"3.076142806640006","33","13"
"3.0761428066400063","34.5","13"
"3.1415926535897922","36","13"
"3.0106929596902186","37.5","13"
"3.076142806640006","39","13"
"3.1415926535897927","40.5","13"
"3.0106929596902186","42","13"
"3.0761428066400054","43.5","13"
"3.0761428066400063","45","13"
"3.0761428066400063","46.5","13"
"3.0761428066400054","48","13"
"3.141592653589793","49.5","13"
"3.076142806640006","51","13"
"3.0761428066400054","52.5","13"
"3.1415926535897927","54","13"
"3.1415926535897927","55.5","13"
"3.1415926535897922","57","13"
"3.141592653589793","58.5","13"
"3.076142806640006","60","13"
"3.0761428066400063","61.5","13"
"3.076142806640006","63","13"
"3.0761428066400063","64.5","13"
"3.0106929596902186","66","13"
"3.0761428066400063","67.5","13"
"3.0106929596902186","69","13"
"3.0106929596902186","70.5","13"
"3.1415926535897927","72","13"
"3.141592653589793","73.5","13"
"3.141592653589793","75","13"
"3.141592653589793","76.5","13"
"3.076142806640006","78","13"
"3.0761428066400063","79.5","13"
"3.076142806640006","81","13"
"3.0761428066400063","82.5","13"
"3.0761428066400063","84","13"
"3.141592653589793","85.5","13"
"3.141592653589793","87","13"
"3.076142806640006","88.5","13"
"3.0761428066400054","90","13"
"3.076142806640006","91.5","13"
"3.0761428066400054","93","13"
"3.076142806640006","94.5","13"
"3.141592653589793","96","13"
"3.141592653589793","97.5","13"
"3.076142806640006","99","13"
"3.0761428066400063","100.5","13"
"3.076142806640006","102","13"
"3.0106929596902186","103.5","13"
"3.1415926535897927","105","13"
"3.141592653589793","106.5","13"
"3.0761428066400054","108","13"
"3.010692959690219","109.5","13"
"3.141592653589793","111","13"
"3.1415926535897927","112.5","13"
"3.141592653589793","114","13"
"3.0106929596902186","115.5","13"
"3.076142806640006","117","13"
"3.010692959690218","118.5","13"
"3.0761428066400063","120","13"
"3.141592653589793","121.5","13"
"3.076142806640006","123","13"
"3.141592653589793","124.5","13"
"3.0761428066400063","126","13"
"3.076142806640006","127.5","13"
"3.0761428066400063","129","13"
"3.076142806640006","130.5","13"
"3.076142806640006","132","13"
"3.0761428066400063","133.5","13"
"3.010692959690218","135","13"
"3.0106929596902186","136.5","13"
"3.076142806640006","138","13"
"3.141592653589793","139.5","13"
"3.0761428066400063","141","13"
"3.0106929596902186","142.5","13"
"3.0761428066400063","144","13"
"3.0106929596902186","145.5","13"
"2.9452431127404313","147","13"
"3.010692959690219","148.5","13"
"3.076142806640006","150","13"
"3.076142806640006","151.5","13"
"3.0761428066400063","153","13"
"3.076142806640006","154.5","13"
"3.141592653589793","156","13"
"3.141592653589793","157.5","13"
"3.0761428066400063","159","13"
"3.0761428066400063","160.5","13"
"3.0761428066400063","162","13"
"3.141592653589793","163.5","13"
"3.076142806640006","165","13"
"3.0761428066400054","166.5","13"
"3.0761428066400054","168","13"
"3.141592653589793","169.5","13"
"3.076142806640006","171","13"
"3.1415926535897927","172.5","13"
"3.1415926535897927","174","13"
"3.076142806640006","175.5","13"
"3.141592653589793","177","13"
"3.141592653589793","178.5","13"
"3.1415926535897927","180","13"
"3.0106929596902186","181.5","13"
"3.0761428066400054","183","13"
"3.076142806640006","184.5","13"
"3.1415926535897927","186","13"
"3.1415926535897927","187.5","13"
"3.141592653589793","189","13"
"2.945243112740431","190.5","13"
"2.9452431127404317","192","13"
"3.141592653589793","193.5","13"
"3.076142806640006","195","13"
"3.076142806640006","196.5","13"
"3.0106929596902186","198","13"
"3.0761428066400063","199.5","13"
"3.010692959690218","201","13"
"3.0106929596902186","202.5","13"
"3.141592653589793","204","13"
"3.1415926535897927","205.5","13"
"3.0761428066400063","207","13"
"3.0106929596902186","208.5","13"
"3.0106929596902186","210","13"
"3.0761428066400054","211.5","13"
"3.076142806640006","213","13"
"3.076142806640006","214.5","13"
"3.141592653589793","216","13"
"3.0761428066400063","217.5","13"
"3.141592653589793","219","13"
"3.0106929596902186","220.5","13"
"3.076142806640006","222","13"
"3.076142806640006","223.5","13"
"3.010692959690219","225","13"
"3.141592653589793","226.5","13"
"3.010692959690219","228","13"
"3.0106929596902186","229.5","13"
"2.9452431127404313","231","13"
"3.076142806640006","232.5","13"
"3.141592653589793","234","13"
"2.9452431127404317","235.5","13"
"3.076142806640006","237","13"
"3.076142806640006","238.5","13"
"3.0761428066400063","240","13"
"3.010692959690218","241.5","13"
"3.1415926535897927","243","13"
"3.0106929596902186","244.5","13"
"3.0106929596902186","246","13"
"3.0106929596902186","247.5","13"
"3.0761428066400054","249","13"
"3.0106929596902186","250.5","13"
"3.076142806640006","252","13"
"3.141592653589793","253.5","13"
"3.0761428066400054","255","13"
"3.0761428066400063","256.5","13"
"3.0106929596902186","258","13"
"3.0761428066400063","259.5","13"
"3.076142806640006","261","13"
"3.1415926535897927","262.5","13"
"3.076142806640006","264","13"
"3.076142806640006","265.5","13"
"3.010692959690218","267","13"
"2.8797932657906444","268.5","13"
"3.0761428066400063","270","13"
"3.076142806640006","271.5","13"
"3.0761428066400063","273","13"
"3.076142806640006","274.5","13"
"3.0761428066400054","276","13"
"3.0106929596902186","277.5","13"
"3.0761428066400054","279","13"
"3.076142806640006","280.5","13"
"3.141592653589793","282","13"
"3.010692959690219","283.5","13"
"3.0106929596902186","285","13"
"3.0761428066400054","286.5","13"
"3.076142806640006","288","13"
"3.0761428066400063","289.5","13"
"3.076142806640006","291","13"
"3.1415926535897927","292.5","13"
"3.076142806640006","294","13"
"3.076142806640006","295.5","13"
"3.141592653589793","297","13"
"3.1415926535897927","298.5","13"
"3.0106929596902186","300","13"
"3.010692959690219","1.5","14"
"3.076142806640006","3","14"
"3.1415926535897927","4.5","14"
"3.1415926535897927","6","14"
"3.0761428066400063","7.5","14"
"3.141592653589793","9","14"
"3.1415926535897927","10.5","14"
"3.076142806640006","12","14"
"3.0761428066400063","13.5","14"
"3.141592653589793","15","14"
"3.1415926535897927","16.5","14"
"3.0106929596902186","18","14"
"3.141592653589793","19.5","14"
"3.0761428066400063","21","14"
"3.0761428066400063","22.5","14"
"3.0761428066400063","24","14"
"3.0761428066400063","25.5","14"
"3.076142806640006","27","14"
"3.0761428066400054","28.5","14"
"3.141592653589793","30","14"
"3.0761428066400063","31.5","14"
"3.076142806640006","33","14"
"3.141592653589793","34.5","14"
"3.141592653589793","36","14"
"3.141592653589793","37.5","14"
"3.141592653589793","39","14"
"3.0761428066400063","40.5","14"
"3.0761428066400054","42","14"
"3.076142806640006","43.5","14"
"3.0761428066400063","45","14"
"3.141592653589793","46.5","14"
"3.0761428066400054","48","14"
"3.141592653589793","49.5","14"
"3.141592653589793","51","14"
"3.1415926535897927","52.5","14"
"3.0761428066400063","54","14"
"3.141592653589793","55.5","14"
"3.141592653589793","57","14"
"3.141592653589793","58.5","14"
"3.141592653589793","60","14"
"3.0761428066400063","61.5","14"
"3.076142806640006","63","14"
"3.0106929596902186","64.5","14"
"3.0761428066400054","66","14"
"3.141592653589793","67.5","14"
"3.0761428066400063","69","14"
"3.0106929596902186","70.5","14"
"3.076142806640006","72","14"
"2.9452431127404313","73.5","14"
"3.0761428066400054","75","14"
"3.076142806640006","76.5","14"
"3.1415926535897927","78","14"
"3.141592653589793","79.5","14"
"3.076142806640006","81","14"
"3.0106929596902186","82.5","14"
"3.076142806640006","84","14"
"3.010692959690219","85.5","14"
"3.0761428066400063","87","14"
"3.0761428066400054","88.5","14"
"3.0761428066400054","90","14"
"3.0761428066400054","91.5","14"
"3.076142806640006","93","14"
"3.076142806640006","94.5","14"
"3.0761428066400054","96","14"
"3.076142806640006","97.5","14"
"3.0761428066400054","99","14"
"3.076142806640006","100.5","14"
"3.076142806640006","102","14"
"3.0106929596902186","103.5","14"
"3.0761428066400063","105","14"
"3.076142806640006","106.5","14"
"3.141592653589793","108","14"
"3.0761428066400054","109.5","14"
"3.076142806640006","111","14"
"3.0761428066400063","112.5","14"
"3.010692959690219","114","14"
"3.0761428066400054","115.5","14"
"3.076142806640006","117","14"
"3.141592653589793","118.5","14"
"3.141592653589793","120","14"
"3.141592653589793","121.5","14"
"3.141592653589793","123","14"
"3.076142806640006","124.5","14"
"3.0106929596902186","126","14"
"3.1415926535897927","127.5","14"
"3.076142806640006","129","14"
"3.076142806640006","130.5","14"
"3.1415926535897927","132","14"
"3.0761428066400063","133.5","14"
"3.076142806640006","135","14"
"3.141592653589793","136.5","14"
"3.1415926535897927","138","14"
"3.076142806640006","139.5","14"
"3.1415926535897927","141","14"
"3.0761428066400054","142.5","14"
"3.141592653589793","144","14"
"3.076142806640006","145.5","14"
"3.0106929596902186","147","14"
"2.9452431127404313","148.5","14"
"3.0106929596902186","150","14"
"3.1415926535897927","151.5","14"
"3.010692959690218","153","14"
"3.076142806640006","154.5","14"
"3.0761428066400054","156","14"
"2.9452431127404313","157.5","14"
"3.0761428066400063","159","14"
"3.076142806640006","160.5","14"
"3.1415926535897927","162","14"
"3.076142806640006","163.5","14"
"3.0761428066400054","165","14"
"3.141592653589793","166.5","14"
"3.0761428066400054","168","14"
"3.0761428066400054","169.5","14"
"2.9452431127404317","171","14"
"3.0761428066400063","172.5","14"
"3.0761428066400063","174","14"
"2.945243112740431","175.5","14"
"3.0106929596902186","177","14"
"3.0761428066400063","178.5","14"
"3.141592653589793","180","14"
"3.0106929596902186","181.5","14"
"3.0106929596902186","183","14"
"3.141592653589793","184.5","14"
"3.141592653589793","186","14"
"3.0761428066400054","187.5","14"
"3.0761428066400054","189","14"
"3.076142806640006","190.5","14"
"3.1415926535897927","192","14"
"3.141592653589793","193.5","14"
"3.076142806640006","195","14"
"3.0106929596902186","196.5","14"
"3.076142806640006","198","14"
"3.141592653589793","199.5","14"
"3.076142806640006","201","14"
"3.010692959690219","202.5","14"
"2.9452431127404317","204","14"
"3.0106929596902186","205.5","14"
"3.1415926535897927","207","14"
"3.0761428066400063","208.5","14"
"3.0761428066400054","210","14"
"3.141592653589793","211.5","14"
"3.010692959690219","213","14"
"2.945243112740431","214.5","14"
"3.0106929596902186","216","14"
"3.1415926535897927","217.5","14"
"3.141592653589793","219","14"
"3.076142806640006","220.5","14"
"3.141592653589793","222","14"
"3.141592653589793","223.5","14"
"3.141592653589793","225","14"
"3.1415926535897927","226.5","14"
"3.1415926535897927","228","14"
"3.1415926535897927","229.5","14"
"2.9452431127404313","231","14"
"3.1415926535897927","232.5","14"
"3.141592653589793","234","14"
"3.076142806640006","235.5","14"
"3.076142806640006","237","14"
"3.0761428066400063","238.5","14"
"3.076142806640006","240","14"
"3.010692959690219","241.5","14"
"3.076142806640006","243","14"
"2.9452431127404313","244.5","14"
"3.0106929596902186","246","14"
"3.0761428066400063","247.5","14"
"3.1415926535897927","249","14"
"3.0106929596902186","250.5","14"
"2.9452431127404313","252","14"
"3.0761428066400063","253.5","14"
"3.076142806640006","255","14"
"3.010692959690219","256.5","14"
"2.9452431127404313","258","14"
"2.9452431127404317","259.5","14"
"3.076142806640006","261","14"
"2.8797932657906444","262.5","14"
"3.0761428066400063","264","14"
"3.141592653589793","265.5","14"
"2.879793265790644","267","14"
"2.9452431127404313","268.5","14"
"2.879793265790644","270","14"
"3.1415926535897927","271.5","14"
"2.945243112740431","273","14"
"3.010692959690219","274.5","14"
"2.9452431127404317","276","14"
"3.010692959690219","277.5","14"
"2.9452431127404317","279","14"
"2.879793265790644","280.5","14"
"3.0761428066400063","282","14"
"2.879793265790644","283.5","14"
"3.0106929596902186","285","14"
"2.8797932657906435","286.5","14"
"3.076142806640006","288","14"
"2.9452431127404317","289.5","14"
"2.879793265790644","291","14"
"3.0761428066400063","292.5","14"
"3.0106929596902186","294","14"
"3.0106929596902186","295.5","14"
"3.076142806640006","297","14"
"3.141592653589793","298.5","14"
"3.0761428066400063","300","14"
"3.141592653589793","1.5","15"
"3.0761428066400063","3","15"
"3.141592653589793","4.5","15"
"3.076142806640006","6","15"
"3.076142806640006","7.5","15"
"3.141592653589793","9","15"
"3.141592653589793","10.5","15"
"3.1415926535897927","12","15"
"3.141592653589793","13.5","15"
"3.141592653589793","15","15"
"3.010692959690219","16.5","15"
"3.141592653589793","18","15"
"3.141592653589793","19.5","15"
"3.1415926535897927","21","15"
"3.141592653589793","22.5","15"
"3.0761428066400063","24","15"
"3.141592653589793","25.5","15"
"3.0761428066400063","27","15"
"3.1415926535897927","28.5","15"
"3.141592653589793","30","15"
"3.076142806640006","31.5","15"
"3.1415926535897922","33","15"
"3.076142806640006","34.5","15"
"3.141592653589793","36","15"
"3.076142806640006","37.5","15"
"3.141592653589793","39","15"
"3.141592653589793","40.5","15"
"3.0106929596902186","42","15"
"3.0761428066400063","43.5","15"
"3.141592653589793","45","15"
"3.141592653589793","46.5","15"
"3.0761428066400063","48","15"
"3.1415926535897927","49.5","15"
"3.141592653589793","51","15"
"3.076142806640006","52.5","15"
"3.1415926535897922","54","15"
"3.141592653589793","55.5","15"
"3.141592653589793","57","15"
"3.141592653589793","58.5","15"
"3.1415926535897927","60","15"
"3.141592653589793","61.5","15"
"3.076142806640006","63","15"
"3.141592653589793","64.5","15"
"3.141592653589793","66","15"
"3.0106929596902186","67.5","15"
"3.141592653589793","69","15"
"3.076142806640006","70.5","15"
"3.0761428066400063","72","15"
"3.0761428066400063","73.5","15"
"3.141592653589793","75","15"
"3.0761428066400054","76.5","15"
"3.010692959690219","78","15"
"3.1415926535897927","79.5","15"
"3.1415926535897927","81","15"
"3.1415926535897927","82.5","15"
"3.0761428066400063","84","15"
"3.141592653589793","85.5","15"
"3.1415926535897922","87","15"
"3.1415926535897927","88.5","15"
"3.1415926535897927","90","15"
"3.076142806640006","91.5","15"
"3.1415926535897927","93","15"
"3.076142806640006","94.5","15"
"3.0761428066400063","96","15"
"3.0761428066400063","97.5","15"
"3.0106929596902186","99","15"
"3.076142806640006","100.5","15"
"3.1415926535897927","102","15"
"3.1415926535897927","103.5","15"
"3.076142806640006","105","15"
"3.0106929596902186","106.5","15"
"3.141592653589793","108","15"
"3.076142806640006","109.5","15"
"3.1415926535897927","111","15"
"3.141592653589793","112.5","15"
"3.0761428066400063","114","15"
"3.0761428066400063","115.5","15"
"3.0761428066400063","117","15"
"3.141592653589793","118.5","15"
"3.0761428066400063","120","15"
"3.076142806640006","121.5","15"
"3.076142806640006","123","15"
"3.0761428066400054","124.5","15"
"3.141592653589793","126","15"
"3.076142806640006","127.5","15"
"3.0761428066400054","129","15"
"3.1415926535897927","130.5","15"
"3.0761428066400054","132","15"
"3.076142806640006","133.5","15"
"3.1415926535897927","135","15"
"3.0761428066400063","136.5","15"
"3.0761428066400063","138","15"
"3.0761428066400063","139.5","15"
"3.141592653589793","141","15"
"3.076142806640006","142.5","15"
"3.0761428066400054","144","15"
"3.0761428066400063","145.5","15"
"3.0761428066400054","147","15"
"3.0761428066400063","148.5","15"
"3.141592653589793","150","15"
"3.141592653589793","151.5","15"
"3.0106929596902186","153","15"
"3.0761428066400054","154.5","15"
"3.141592653589793","156","15"
"3.0761428066400054","157.5","15"
"3.141592653589793","159","15"
"3.1415926535897927","160.5","15"
"3.076142806640006","162","15"
"3.1415926535897927","163.5","15"
"3.141592653589793","165","15"
"3.076142806640006","166.5","15"
"3.0761428066400063","168","15"
"3.0761428066400054","169.5","15"
"3.076142806640006","171","15"
"3.1415926535897927","172.5","15"
"3.0106929596902186","174","15"
"3.0761428066400054","175.5","15"
"3.0106929596902177","177","15"
"3.141592653589793","178.5","15"
"3.076142806640006","180","15"
"3.0761428066400054","181.5","15"
"3.1415926535897927","183","15"
"3.076142806640006","184.5","15"
"3.0761428066400063","186","15"
"3.0761428066400063","187.5","15"
"3.076142806640006","189","15"
"3.076142806640006","190.5","15"
"3.141592653589793","192","15"
"3.076142806640006","193.5","15"
"3.141592653589793","195","15"
"3.141592653589793","196.5","15"
"3.0761428066400063","198","15"
"3.141592653589793","199.5","15"
"3.141592653589793","201","15"
"3.0761428066400054","202.5","15"
"2.9452431127404317","204","15"
"3.1415926535897927","205.5","15"
"3.010692959690218","207","15"
"3.0761428066400054","208.5","15"
"3.076142806640006","210","15"
"3.076142806640006","211.5","15"
"2.945243112740431","213","15"
"3.141592653589793","214.5","15"
"3.0761428066400063","216","15"
"3.076142806640006","217.5","15"
"3.141592653589793","219","15"
"3.076142806640006","220.5","15"
"3.1415926535897927","222","15"
"3.1415926535897927","223.5","15"
"3.141592653589793","225","15"
"3.0761428066400054","226.5","15"
"3.0761428066400063","228","15"
"3.076142806640006","229.5","15"
"2.9452431127404317","231","15"
"3.076142806640006","232.5","15"
"3.0761428066400063","234","15"
"3.1415926535897927","235.5","15"
"3.0106929596902186","237","15"
"3.076142806640006","238.5","15"
"3.0761428066400054","240","15"
"3.141592653589793","241.5","15"
"3.0761428066400063","243","15"
"3.141592653589793","244.5","15"
"3.0761428066400063","246","15"
"3.0761428066400054","247.5","15"
"3.1415926535897927","249","15"
"3.141592653589793","250.5","15"
"3.0761428066400054","252","15"
"3.1415926535897927","253.5","15"
"3.141592653589793","255","15"
"3.076142806640006","256.5","15"
"3.141592653589793","258","15"
"3.0761428066400063","259.5","15"
"3.076142806640006","261","15"
"3.010692959690219","262.5","15"
"2.9452431127404313","264","15"
"3.141592653589793","265.5","15"
"2.9452431127404317","267","15"
"3.0761428066400063","268.5","15"
"3.0761428066400054","270","15"
"3.076142806640006","271.5","15"
"3.141592653589793","273","15"
"3.0106929596902186","274.5","15"
"3.0761428066400063","276","15"
"3.076142806640006","277.5","15"
"3.141592653589793","279","15"
"3.076142806640006","280.5","15"
"3.141592653589793","282","15"
"3.141592653589793","283.5","15"
"3.1415926535897927","285","15"
"3.141592653589793","286.5","15"
"3.141592653589793","288","15"
"3.076142806640006","289.5","15"
"3.010692959690219","291","15"
"3.141592653589793","292.5","15"
"3.010692959690219","294","15"
"2.8797932657906444","295.5","15"
"3.0761428066400063","297","15"
"3.0761428066400054","298.5","15"
"3.0106929596902186","300","15"
"3.141592653589793","1.5","16"
"3.0761428066400063","3","16"
"3.1415926535897922","4.5","16"
"3.141592653589793","6","16"
"3.1415926535897927","7.5","16"
"3.0106929596902186","9","16"
"3.1415926535897927","10.5","16"
"3.0761428066400063","12","16"
"3.141592653589793","13.5","16"
"3.0761428066400063","15","16"
"3.141592653589793","16.5","16"
"3.1415926535897927","18","16"
"3.141592653589793","19.5","16"
"3.076142806640006","21","16"
"3.141592653589793","22.5","16"
"3.076142806640006","24","16"
"3.0761428066400063","25.5","16"
"3.1415926535897927","27","16"
"3.0761428066400063","28.5","16"
"3.0761428066400063","30","16"
"3.0106929596902186","31.5","16"
"3.076142806640006","33","16"
"3.0761428066400063","34.5","16"
"3.1415926535897922","36","16"
"3.0106929596902186","37.5","16"
"3.076142806640006","39","16"
"3.1415926535897927","40.5","16"
"3.0106929596902186","42","16"
"3.0761428066400054","43.5","16"
"3.0761428066400063","45","16"
"3.0761428066400063","46.5","16"
"3.0761428066400054","48","16"
"3.141592653589793","49.5","16"
"3.076142806640006","51","16"
"3.0761428066400054","52.5","16"
"3.1415926535897927","54","16"
"3.1415926535897927","55.5","16"
"3.1415926535897922","57","16"
"3.141592653589793","58.5","16"
"3.076142806640006","60","16"
"3.0761428066400063","61.5","16"
"3.076142806640006","63","16"
"3.0761428066400063","64.5","16"
"3.0106929596902186","66","16"
"3.0761428066400063","67.5","16"
"3.0106929596902186","69","16"
"3.0106929596902186","70.5","16"
"3.1415926535897927","72","16"
"3.141592653589793","73.5","16"
"3.141592653589793","75","16"
"3.141592653589793","76.5","16"
"3.076142806640006","78","16"
"3.0761428066400063","79.5","16"
"3.076142806640006","81","16"
"3.0761428066400063","82.5","16"
"3.0761428066400063","84","16"
"3.141592653589793","85.5","16"
"3.141592653589793","87","16"
"3.076142806640006","88.5","16"
"3.0761428066400054","90","16"
"3.076142806640006","91.5","16"
"3.0761428066400054","93","16"
"3.076142806640006","94.5","16"
"3.141592653589793","96","16"
"3.141592653589793","97.5","16"
"3.076142806640006","99","16"
"3.0761428066400063","100.5","16"
"3.076142806640006","102","16"
"3.0106929596902186","103.5","16"
"3.1415926535897927","105","16"
"3.141592653589793","106.5","16"
"3.0761428066400054","108","16"
"3.010692959690219","109.5","16"
"3.141592653589793","111","16"
"3.1415926535897927","112.5","16"
"3.141592653589793","114","16"
"3.0106929596902186","115.5","16"
"3.076142806640006","117","16"
"3.010692959690218","118.5","16"
"3.0761428066400063","120","16"
"3.141592653589793","121.5","16"
"3.076142806640006","123","16"
"3.141592653589793","124.5","16"
"3.0761428066400063","126","16"
"3.076142806640006","127.5","16"
"3.0761428066400063","129","16"
"3.076142806640006","130.5","16"
"3.076142806640006","132","16"
"3.0761428066400063","133.5","16"
"3.010692959690218","135","16"
"3.0106929596902186","136.5","16"
"3.076142806640006","138","16"
"3.141592653589793","139.5","16"
"3.0761428066400063","141","16"
"3.0106929596902186","142.5","16"
"3.0761428066400063","144","16"
"3.0106929596902186","145.5","16"
"2.9452431127404313","147","16"
"3.010692959690219","148.5","16"
"3.076142806640006","150","16"
"3.076142806640006","151.5","16"
"3.0761428066400063","153","16"
"3.076142806640006","154.5","16"
"3.141592653589793","156","16"
"3.141592653589793","157.5","16"
"3.0761428066400063","159","16"
"3.0761428066400063","160.5","16"
"3.0761428066400063","162","16"
"3.141592653589793","163.5","16"
"3.076142806640006","165","16"
"3.0761428066400054","166.5","16"
"3.0761428066400054","168","16"
"3.141592653589793","169.5","16"
"3.076142806640006","171","16"
"3.1415926535897927","172.5","16"
"3.1415926535897927","174","16"
"3.076142806640006","175.5","16"
"3.141592653589793","177","16"
"3.141592653589793","178.5","16"
"3.1415926535897927","180","16"
"3.0106929596902186","181.5","16"
"3.0761428066400054","183","16"
"3.076142806640006","184.5","16"
"3.1415926535897927","186","16"
"3.1415926535897927","187.5","16"
"3.141592653589793","189","16"
"2.945243112740431","190.5","16"
"2.9452431127404317","192","16"
"3.141592653589793","193.5","16"
"3.076142806640006","195","16"
"3.076142806640006","196.5","16"
"3.0106929596902186","198","16"
"3.0761428066400063","199.5","16"
"3.010692959690218","201","16"
"3.0106929596902186","202.5","16"
"3.141592653589793","204","16"
"3.1415926535897927","205.5","16"
"3.0761428066400063","207","16"
"3.0106929596902186","208.5","16"
"3.0106929596902186","210","16"
"3.0761428066400054","211.5","16"
"3.076142806640006","213","16"
"3.076142806640006","214.5","16"
"3.141592653589793","216","16"
"3.0761428066400063","217.5","16"
"3.141592653589793","219","16"
"3.0106929596902186","220.5","16"
"3.076142806640006","222","16"
"3.076142806640006","223.5","16"
"3.010692959690219","225","16"
"3.141592653589793","226.5","16"
"3.010692959690219","228","16"
"3.0106929596902186","229.5","16"
"2.9452431127404313","231","16"
"3.076142806640006","232.5","16"
"3.141592653589793","234","16"
"2.9452431127404317","235.5","16"
"3.076142806640006","237","16"
"3.076142806640006","238.5","16"
"3.0761428066400063","240","16"
"3.010692959690218","241.5","16"
"3.1415926535897927","243","16"
"3.0106929596902186","244.5","16"
"3.0106929596902186","246","16"
"3.0106929596902186","247.5","16"
"3.0761428066400054","249","16"
"3.0106929596902186","250.5","16"
"3.076142806640006","252","16"
"3.141592653589793","253.5","16"
"3.0761428066400054","255","16"
"3.0761428066400063","256.5","16"
"3.0106929596902186","258","16"
"3.0761428066400063","259.5","16"
"3.076142806640006","261","16"
"3.1415926535897927","262.5","16"
"3.076142806640006","264","16"
"3.076142806640006","265.5","16"
"3.010692959690218","267","16"
"2.8797932657906444","268.5","16"
"3.0761428066400063","270","16"
"3.076142806640006","271.5","16"
"3.0761428066400063","273","16"
"3.076142806640006","274.5","16"
"3.0761428066400054","276","16"
"3.0106929596902186","277.5","16"
"3.0761428066400054","279","16"
"3.076142806640006","280.5","16"
"3.141592653589793","282","16"
"3.010692959690219","283.5","16"
"3.0106929596902186","285","16"
"3.0761428066400054","286.5","16"
"3.076142806640006","288","16"
"3.0761428066400063","289.5","16"
"3.076142806640006","291","16"
"3.1415926535897927","292.5","16"
"3.076142806640006","294","16"
"3.076142806640006","295.5","16"
"3.141592653589793","297","16"
"3.1415926535897927","298.5","16"
"3.0106929596902186","300","16"
"3.1415926535897927","1.5","17"
"3.1415926535897927","3","17"
"3.0761428066400063","4.5","17"
"3.076142806640006","6","17"
"3.0761428066400054","7.5","17"
"3.1415926535897927","9","17"
"3.141592653589793","10.5","17"
"3.076142806640006","12","17"
"3.0106929596902186","13.5","17"
"3.0761428066400063","15","17"
"3.1415926535897927","16.5","17"
"3.0106929596902186","18","17"
"3.1415926535897927","19.5","17"
"3.076142806640006","21","17"
"3.076142806640006","22.5","17"
"3.0761428066400054","24","17"
"3.141592653589793","25.5","17"
"3.076142806640006","27","17"
"3.141592653589793","28.5","17"
"3.1415926535897927","30","17"
"3.141592653589793","31.5","17"
"3.1415926535897927","33","17"
"3.141592653589793","34.5","17"
"3.141592653589793","36","17"
"3.141592653589793","37.5","17"
"3.141592653589793","39","17"
"3.1415926535897927","40.5","17"
"3.076142806640006","42","17"
"3.1415926535897927","43.5","17"
"3.0761428066400054","45","17"
"3.0761428066400063","46.5","17"
"3.010692959690218","48","17"
"3.141592653589793","49.5","17"
"3.141592653589793","51","17"
"2.945243112740431","52.5","17"
"3.1415926535897927","54","17"
"3.076142806640006","55.5","17"
"3.141592653589793","57","17"
"3.0761428066400054","58.5","17"
"3.0761428066400054","60","17"
"3.141592653589793","61.5","17"
"3.141592653589793","63","17"
"3.0761428066400054","64.5","17"
"3.0106929596902186","66","17"
"3.010692959690218","67.5","17"
"3.076142806640006","69","17"
"3.141592653589793","70.5","17"
"3.141592653589793","72","17"
"3.1415926535897927","73.5","17"
"3.1415926535897927","75","17"
"3.1415926535897927","76.5","17"
"3.1415926535897927","78","17"
"3.0761428066400054","79.5","17"
"3.141592653589793","81","17"
"3.0761428066400063","82.5","17"
"3.141592653589793","84","17"
"3.141592653589793","85.5","17"
"3.1415926535897927","87","17"
"3.141592653589793","88.5","17"
"3.0106929596902186","90","17"
"3.141592653589793","91.5","17"
"3.010692959690219","93","17"
"3.076142806640006","94.5","17"
"3.141592653589793","96","17"
"3.0761428066400063","97.5","17"
"3.141592653589793","99","17"
"2.945243112740431","100.5","17"
"3.141592653589793","102","17"
"3.076142806640006","103.5","17"
"3.141592653589793","105","17"
"3.141592653589793","106.5","17"
"3.141592653589793","108","17"
"3.141592653589793","109.5","17"
"3.141592653589793","111","17"
"3.0761428066400054","112.5","17"
"3.0761428066400054","114","17"
"3.076142806640006","115.5","17"
"3.141592653589793","117","17"
"3.141592653589793","118.5","17"
"3.141592653589793","120","17"
"3.141592653589793","121.5","17"
"3.141592653589793","123","17"
"3.0761428066400063","124.5","17"
"3.076142806640006","126","17"
"3.0761428066400063","127.5","17"
"3.1415926535897927","129","17"
"3.1415926535897927","130.5","17"
"3.141592653589793","132","17"
"3.141592653589793","133.5","17"
"3.010692959690219","135","17"
"3.076142806640006","136.5","17"
"3.1415926535897927","138","17"
"3.1415926535897927","139.5","17"
"3.076142806640006","141","17"
"3.0761428066400054","142.5","17"
"3.141592653589793","144","17"
"3.0761428066400063","145.5","17"
"3.141592653589793","147","17"
"3.076142806640006","148.5","17"
"3.0761428066400054","150","17"
"3.141592653589793","151.5","17"
"3.076142806640006","153","17"
"3.0761428066400054","154.5","17"
"3.010692959690219","156","17"
"3.076142806640006","157.5","17"
"3.0761428066400063","159","17"
"3.141592653589793","160.5","17"
"3.0761428066400054","162","17"
"3.076142806640006","163.5","17"
"3.076142806640006","165","17"
"3.076142806640006","166.5","17"
"3.1415926535897927","168","17"
"3.0106929596902186","169.5","17"
"3.0761428066400054","171","17"
"3.076142806640006","172.5","17"
"3.0761428066400054","174","17"
"3.141592653589793","175.5","17"
"3.076142806640006","177","17"
"3.0761428066400063","178.5","17"
"3.0761428066400063","180","17"
"3.141592653589793","181.5","17"
"3.141592653589793","183","17"
"3.141592653589793","184.5","17"
"3.141592653589793","186","17"
"3.076142806640006","187.5","17"
"3.1415926535897927","189","17"
"3.1415926535897927","190.5","17"
"3.0761428066400063","192","17"
"3.076142806640006","193.5","17"
"3.1415926535897927","195","17"
"3.141592653589793","196.5","17"
"3.0106929596902186","198","17"
"3.076142806640006","199.5","17"
"3.1415926535897927","201","17"
"3.141592653589793","202.5","17"
"3.076142806640006","204","17"
"3.141592653589793","205.5","17"
"3.141592653589793","207","17"
"3.0761428066400063","208.5","17"
"3.0761428066400063","210","17"
"3.0761428066400054","211.5","17"
"3.1415926535897927","213","17"
"3.141592653589793","214.5","17"
"3.0106929596902186","216","17"
"3.0761428066400054","217.5","17"
"3.0761428066400054","219","17"
"3.0761428066400054","220.5","17"
"3.1415926535897927","222","17"
"3.1415926535897927","223.5","17"
"3.076142806640006","225","17"
"3.0761428066400063","226.5","17"
"3.076142806640006","228","17"
"3.0761428066400063","229.5","17"
"3.0761428066400063","231","17"
"3.076142806640006","232.5","17"
"3.1415926535897927","234","17"
"3.0761428066400054","235.5","17"
"3.1415926535897927","237","17"
"3.0761428066400063","238.5","17"
"3.0106929596902186","240","17"
"3.076142806640006","241.5","17"
"2.8797932657906444","243","17"
"3.141592653589793","244.5","17"
"3.141592653589793","246","17"
"3.076142806640006","247.5","17"
"3.076142806640006","249","17"
"3.141592653589793","250.5","17"
"3.1415926535897927","252","17"
"3.076142806640006","253.5","17"
"3.0761428066400054","255","17"
"3.0761428066400054","256.5","17"
"3.076142806640006","258","17"
"3.0761428066400063","259.5","17"
"3.076142806640006","261","17"
"3.0106929596902186","262.5","17"
"3.076142806640006","264","17"
"3.0761428066400063","265.5","17"
"3.141592653589793","267","17"
"3.1415926535897927","268.5","17"
"3.1415926535897927","270","17"
"3.0761428066400054","271.5","17"
"3.0106929596902186","273","17"
"3.0761428066400063","274.5","17"
"3.0761428066400054","276","17"
"3.0761428066400063","277.5","17"
"3.076142806640006","279","17"
"3.141592653589793","280.5","17"
"3.0761428066400054","282","17"
"3.0106929596902186","283.5","17"
"3.0761428066400063","285","17"
"3.076142806640006","286.5","17"
"3.141592653589793","288","17"
"3.010692959690218","289.5","17"
"3.141592653589793","291","17"
"3.141592653589793","292.5","17"
"3.0761428066400063","294","17"
"3.010692959690219","295.5","17"
"3.1415926535897927","297","17"
"3.141592653589793","298.5","17"
"3.0761428066400054","300","17"
"3.0761428066400054","1.5","18"
"3.076142806640006","3","18"
"3.0761428066400063","4.5","18"
"3.0761428066400063","6","18"
"3.141592653589793","7.5","18"
"3.076142806640006","9","18"
"3.141592653589793","10.5","18"
"3.141592653589793","12","18"
"3.141592653589793","13.5","18"
"3.141592653589793","15","18"
"3.1415926535897927","16.5","18"
"3.0761428066400063","18","18"
"3.141592653589793","19.5","18"
"3.0761428066400054","21","18"
"3.1415926535897927","22.5","18"
"3.076142806640006","24","18"
"3.0761428066400054","25.5","18"
"3.141592653589793","27","18"
"3.141592653589793","28.5","18"
"3.0761428066400063","30","18"
"3.076142806640006","31.5","18"
"3.076142806640006","33","18"
"3.076142806640006","34.5","18"
"2.9452431127404317","36","18"
"3.0761428066400063","37.5","18"
"3.0761428066400063","39","18"
"2.9452431127404317","40.5","18"
"3.076142806640006","42","18"
"3.076142806640006","43.5","18"
"3.0761428066400063","45","18"
"3.1415926535897927","46.5","18"
"3.141592653589793","48","18"
"3.141592653589793","49.5","18"
"3.0761428066400063","51","18"
"3.010692959690218","52.5","18"
"3.1415926535897927","54","18"
"3.076142806640006","55.5","18"
"3.141592653589793","57","18"
"3.0761428066400054","58.5","18"
"3.141592653589793","60","18"
"3.1415926535897927","61.5","18"
"3.0761428066400054","63","18"
"3.0761428066400054","64.5","18"
"3.141592653589793","66","18"
"3.076142806640006","67.5","18"
"3.076142806640006","69","18"
"3.0761428066400054","70.5","18"
"3.010692959690218","72","18"
"3.0761428066400063","73.5","18"
"3.1415926535897927","75","18"
"3.076142806640006","76.5","18"
"3.141592653589793","78","18"
"3.141592653589793","79.5","18"
"3.1415926535897927","81","18"
"3.1415926535897927","82.5","18"
"3.010692959690219","84","18"
"3.141592653589793","85.5","18"
"3.076142806640006","87","18"
"3.1415926535897927","88.5","18"
"3.0106929596902186","90","18"
"3.141592653589793","91.5","18"
"3.1415926535897927","93","18"
"3.0761428066400063","94.5","18"
"3.010692959690218","96","18"
"3.141592653589793","97.5","18"
"3.141592653589793","99","18"
"3.010692959690218","100.5","18"
"3.076142806640006","102","18"
"3.0761428066400063","103.5","18"
"3.076142806640006","105","18"
"3.141592653589793","106.5","18"
"3.0106929596902186","108","18"
"3.1415926535897927","109.5","18"
"3.076142806640006","111","18"
"3.141592653589793","112.5","18"
"3.141592653589793","114","18"
"3.141592653589793","115.5","18"
"3.141592653589793","117","18"
"3.1415926535897927","118.5","18"
"3.076142806640006","120","18"
"3.141592653589793","121.5","18"
"3.0761428066400063","123","18"
"3.1415926535897927","124.5","18"
"3.141592653589793","126","18"
"3.076142806640006","127.5","18"
"3.0761428066400063","129","18"
"3.141592653589793","130.5","18"
"3.0761428066400063","132","18"
"3.141592653589793","133.5","18"
"3.010692959690219","135","18"
"3.0761428066400054","136.5","18"
"3.010692959690218","138","18"
"3.1415926535897927","139.5","18"
"3.1415926535897927","141","18"
"3.1415926535897927","142.5","18"
"3.0761428066400063","144","18"
"3.141592653589793","145.5","18"
"3.076142806640006","147","18"
"3.076142806640006","148.5","18"
"3.141592653589793","150","18"
"3.0761428066400063","151.5","18"
"3.0761428066400063","153","18"
"3.0761428066400063","154.5","18"
"3.0761428066400063","156","18"
"3.076142806640006","157.5","18"
"3.076142806640006","159","18"
"3.0761428066400063","160.5","18"
"3.141592653589793","162","18"
"3.1415926535897927","163.5","18"
"2.9452431127404317","165","18"
"3.1415926535897927","166.5","18"
"3.141592653589793","168","18"
"3.076142806640006","169.5","18"
"3.141592653589793","171","18"
"3.0106929596902186","172.5","18"
"3.1415926535897927","174","18"
"3.1415926535897927","175.5","18"
"3.076142806640006","177","18"
"3.1415926535897927","178.5","18"
"2.945243112740431","180","18"
"3.076142806640006","181.5","18"
"3.1415926535897927","183","18"
"3.0761428066400063","184.5","18"
"3.0761428066400063","186","18"
"3.1415926535897927","187.5","18"
"3.1415926535897927","189","18"
"3.141592653589793","190.5","18"
"3.141592653589793","192","18"
"3.0761428066400063","193.5","18"
"3.1415926535897927","195","18"
"3.0761428066400063","196.5","18"
"3.076142806640006","198","18"
"3.1415926535897927","199.5","18"
"3.1415926535897927","201","18"
"3.0761428066400054","202.5","18"
"3.076142806640006","204","18"
"3.076142806640005","205.5","18"
"3.141592653589793","207","18"
"3.0761428066400063","208.5","18"
"3.1415926535897927","210","18"
"3.076142806640006","211.5","18"
"3.076142806640006","213","18"
"3.141592653589793","214.5","18"
"3.076142806640006","216","18"
"3.0761428066400063","217.5","18"
"3.141592653589793","219","18"
"3.0761428066400054","220.5","18"
"3.0761428066400054","222","18"
"3.141592653589793","223.5","18"
"2.9452431127404313","225","18"
"3.0761428066400063","226.5","18"
"3.1415926535897927","228","18"
"3.076142806640006","229.5","18"
"3.076142806640006","231","18"
"3.076142806640006","232.5","18"
"3.0106929596902186","234","18"
"3.0761428066400063","235.5","18"
"3.141592653589793","237","18"
"3.076142806640006","238.5","18"
"3.076142806640006","240","18"
"3.141592653589793","241.5","18"
"3.0761428066400063","243","18"
"3.1415926535897927","244.5","18"
"3.0761428066400063","246","18"
"3.0761428066400063","247.5","18"
"3.076142806640006","249","18"
"3.0761428066400063","250.5","18"
"3.0106929596902186","252","18"
"0","253.5","18"
"0","255","18"
"3.0761428066400063","256.5","18"
"2.9452431127404317","258","18"
"3.1415926535897927","259.5","18"
"3.0761428066400063","261","18"
"2.9452431127404313","262.5","18"
"0","264","18"
"3.0761428066400063","265.5","18"
"3.010692959690218","267","18"
"3.010692959690219","268.5","18"
"3.010692959690218","270","18"
"3.1415926535897927","271.5","18"
"3.010692959690219","273","18"
"0","274.5","18"
"3.010692959690218","276","18"
"0","277.5","18"
"3.010692959690219","279","18"
"3.141592653589793","280.5","18"
"3.076142806640005","282","18"
"3.010692959690219","283.5","18"
"3.0761428066400054","285","18"
"3.076142806640006","286.5","18"
"3.076142806640006","288","18"
"0","289.5","18"
"3.076142806640006","291","18"
"3.076142806640006","292.5","18"
"3.0761428066400063","294","18"
"2.945243112740431","295.5","18"
"3.1415926535897927","297","18"
"0","298.5","18"
"3.1415926535897927","300","18"
"3.0761428066400054","1.5","19"
"3.076142806640006","3","19"
"3.0761428066400063","4.5","19"
"3.0761428066400063","6","19"
"3.141592653589793","7.5","19"
"3.076142806640006","9","19"
"3.141592653589793","10.5","19"
"3.141592653589793","12","19"
"3.141592653589793","13.5","19"
"3.141592653589793","15","19"
"3.1415926535897927","16.5","19"
"3.0761428066400063","18","19"
"3.141592653589793","19.5","19"
"3.0761428066400054","21","19"
"3.1415926535897927","22.5","19"
"3.076142806640006","24","19"
"3.0761428066400054","25.5","19"
"3.141592653589793","27","19"
"3.141592653589793","28.5","19"
"3.0761428066400063","30","19"
"3.076142806640006","31.5","19"
"3.076142806640006","33","19"
"3.076142806640006","34.5","19"
"2.9452431127404317","36","19"
"3.0761428066400063","37.5","19"
"3.0761428066400063","39","19"
"2.9452431127404317","40.5","19"
"3.076142806640006","42","19"
"3.076142806640006","43.5","19"
"3.0761428066400063","45","19"
"3.1415926535897927","46.5","19"
"3.141592653589793","48","19"
"3.141592653589793","49.5","19"
"3.0761428066400063","51","19"
"3.010692959690218","52.5","19"
"3.1415926535897927","54","19"
"3.076142806640006","55.5","19"
"3.141592653589793","57","19"
"3.0761428066400054","58.5","19"
"3.141592653589793","60","19"
"3.1415926535897927","61.5","19"
"3.0761428066400054","63","19"
"3.0761428066400054","64.5","19"
"3.141592653589793","66","19"
"3.076142806640006","67.5","19"
"3.076142806640006","69","19"
"3.0761428066400054","70.5","19"
"3.010692959690218","72","19"
"3.0761428066400063","73.5","19"
"3.1415926535897927","75","19"
"3.076142806640006","76.5","19"
"3.141592653589793","78","19"
"3.141592653589793","79.5","19"
"3.1415926535897927","81","19"
"3.1415926535897927","82.5","19"
"3.010692959690219","84","19"
"3.141592653589793","85.5","19"
"3.076142806640006","87","19"
"3.1415926535897927","88.5","19"
"3.0106929596902186","90","19"
"3.141592653589793","91.5","19"
"3.1415926535897927","93","19"
"3.0761428066400063","94.5","19"
"3.010692959690218","96","19"
"3.141592653589793","97.5","19"
"3.141592653589793","99","19"
"3.010692959690218","100.5","19"
"3.076142806640006","102","19"
"3.0761428066400063","103.5","19"
"3.076142806640006","105","19"
"3.141592653589793","106.5","19"
"3.0106929596902186","108","19"
"3.1415926535897927","109.5","19"
"3.076142806640006","111","19"
"3.141592653589793","112.5","19"
"3.141592653589793","114","19"
"3.141592653589793","115.5","19"
"3.141592653589793","117","19"
"3.1415926535897927","118.5","19"
"3.076142806640006","120","19"
"3.141592653589793","121.5","19"
"3.0761428066400063","123","19"
"3.1415926535897927","124.5","19"
"3.141592653589793","126","19"
"3.076142806640006","127.5","19"
"3.0761428066400063","129","19"
"3.141592653589793","130.5","19"
"3.0761428066400063","132","19"
"3.141592653589793","133.5","19"
"3.010692959690219","135","19"
"3.0761428066400054","136.5","19"
"3.010692959690218","138","19"
"3.1415926535897927","139.5","19"
"3.1415926535897927","141","19"
"3.1415926535897927","142.5","19"
"3.0761428066400063","144","19"
"3.141592653589793","145.5","19"
"3.076142806640006","147","19"
"3.076142806640006","148.5","19"
"3.141592653589793","150","19"
"3.0761428066400063","151.5","19"
"3.0761428066400063","153","19"
"3.0761428066400063","154.5","19"
"3.0761428066400063","156","19"
"3.076142806640006","157.5","19"
"3.076142806640006","159","19"
"3.0761428066400063","160.5","19"
"3.141592653589793","162","19"
"3.1415926535897927","163.5","19"
"2.9452431127404317","165","19"
"3.1415926535897927","166.5","19"
"3.141592653589793","168","19"
"3.076142806640006","169.5","19"
"3.141592653589793","171","19"
"3.0106929596902186","172.5","19"
"3.1415926535897927","174","19"
"3.1415926535897927","175.5","19"
"3.076142806640006","177","19"
"3.1415926535897927","178.5","19"
"2.945243112740431","180","19"
"3.076142806640006","181.5","19"
"3.1415926535897927","183","19"
"3.0761428066400063","184.5","19"
"3.0761428066400063","186","19"
"3.1415926535897927","187.5","19"
"3.1415926535897927","189","19"
"3.141592653589793","190.5","19"
"3.141592653589793","192","19"
"3.0761428066400063","193.5","19"
"3.1415926535897927","195","19"
"3.0761428066400063","196.5","19"
"3.076142806640006","198","19"
"3.1415926535897927","199.5","19"
"3.1415926535897927","201","19"
"3.0761428066400054","202.5","19"
"3.076142806640006","204","19"
"3.076142806640005","205.5","19"
"3.141592653589793","207","19"
"3.0761428066400063","208.5","19"
"3.1415926535897927","210","19"
"3.076142806640006","211.5","19"
"3.076142806640006","213","19"
"3.141592653589793","214.5","19"
"3.076142806640006","216","19"
"3.0761428066400063","217.5","19"
"3.141592653589793","219","19"
"3.0761428066400054","220.5","19"
"3.0761428066400054","222","19"
"3.141592653589793","223.5","19"
"2.9452431127404313","225","19"
"3.0761428066400063","226.5","19"
"3.1415926535897927","228","19"
"3.076142806640006","229.5","19"
"3.076142806640006","231","19"
"3.076142806640006","232.5","19"
"3.0106929596902186","234","19"
"3.0761428066400063","235.5","19"
"3.141592653589793","237","19"
"3.076142806640006","238.5","19"
"3.076142806640006","240","19"
"3.141592653589793","241.5","19"
"3.0761428066400063","243","19"
"3.1415926535897927","244.5","19"
"3.0761428066400063","246","19"
"3.0761428066400063","247.5","19"
"3.076142806640006","249","19"
"3.0761428066400063","250.5","19"
"3.0106929596902186","252","19"
"0","253.5","19"
"0","255","19"
"3.0761428066400063","256.5","19"
"2.9452431127404317","258","19"
"3.1415926535897927","259.5","19"
"3.0761428066400063","261","19"
"2.9452431127404313","262.5","19"
"0","264","19"
"3.0761428066400063","265.5","19"
"3.010692959690218","267","19"
"3.010692959690219","268.5","19"
"3.010692959690218","270","19"
"3.1415926535897927","271.5","19"
"3.010692959690219","273","19"
"0","274.5","19"
"3.010692959690218","276","19"
"0","277.5","19"
"3.010692959690219","279","19"
"3.141592653589793","280.5","19"
"3.076142806640005","282","19"
"3.010692959690219","283.5","19"
"3.0761428066400054","285","19"
"3.076142806640006","286.5","19"
"3.076142806640006","288","19"
"0","289.5","19"
"3.076142806640006","291","19"
"3.076142806640006","292.5","19"
"3.0761428066400063","294","19"
"2.945243112740431","295.5","19"
"3.1415926535897927","297","19"
"0","298.5","19"
"3.1415926535897927","300","19"