"nusselt","time","episode"
"22.068548722061614","1.5","0"
"19.09708681191527","3","0"
"2.5861373923817847","4.5","0"
"4.752030207617835","6","0"
"20.006457278913818","7.5","0"
"19.033970023545375","9","0"
"7.424705008690384","10.5","0"
"6.052510170727837","12","0"
"14.159446790563884","13.5","0"
"16.430734832245","15","0"
"9.61244874510196","16.5","0"
"10.877468857774476","18","0"
"13.455941061316581","19.5","0"
"10.122890440276207","21","0"
"8.74882357342476","22.5","0"
"15.673091819691562","24","0"
"16.79096228009266","25.5","0"
"7.301145647620398","27","0"
"4.524062282571282","28.5","0"
"15.755043439404846","30","0"
"21.863304227804882","31.5","0"
"8.528118185426694","33","0"
"0.7756155125873634","34.5","0"
"11.2909499757087","36","0"
"23.318582474018122","37.5","0"
"16.06711786278789","39","0"
"2.6468332052021224","40.5","0"
"7.175035184539066","42","0"
"16.52323214976572","43.5","0"
"16.425043552742597","45","0"
"8.022452209320113","46.5","0"
"10.218032363852673","48","0"
"13.738630280346577","49.5","0"
"11.533422326042425","51","0"
"8.773070730538095","52.5","0"
"14.195328967601904","54","0"
"14.746691149406523","55.5","0"
"7.354845799518969","57","0"
"4.45018941229405","58.5","0"
"15.216720396591631","60","0"
"20.84823523061725","61.5","0"
"9.12006423930185","63","0"
"0.5264359515688383","64.5","0"
"12.149981761204813","66","0"
"21.807083362709395","67.5","0"
"14.236850996917909","69","0"
"2.3071125578917573","70.5","0"
"9.448399016005835","72","0"
"18.708089728006858","73.5","0"
"16.102552778813536","75","0"
"7.235638272515375","76.5","0"
"9.27766063093372","78","0"
"14.424549457243216","79.5","0"
"12.209579680703834","81","0"
"7.810071018874646","82.5","0"
"13.302650530929274","84","0"
"16.88633640537938","85.5","0"
"9.10077123814091","87","0"
"3.376461821653418","88.5","0"
"13.089436375288287","90","0"
"20.645294052654204","91.5","0"
"11.90290199908334","93","0"
"1.2898293654527533","94.5","0"
"10.524135774800486","96","0"
"21.668240765582432","97.5","0"
"15.975270398375738","99","0"
"4.07857434063918","100.5","0"
"7.344542433026597","102","0"
"17.913897542898688","103.5","0"
"17.17416678845057","105","0"
"6.260424205452154","106.5","0"
"7.551167670338952","108","0"
"14.795105985195455","109.5","0"
"12.925005617211239","111","0"
"7.036896205346205","112.5","0"
"11.581809110618037","114","0"
"16.93352789658743","115.5","0"
"11.753206699203163","117","0"
"2.7002995969896966","118.5","0"
"10.935868367104455","120","0"
"20.38044696369623","121.5","0"
"13.617109307444483","123","0"
"1.4017915952160458","124.5","0"
"8.914974026718376","126","0"
"23.146475813096306","127.5","0"
"18.062438067830538","129","0"
"2.503148656976046","130.5","0"
"3.8164774393870835","132","0"
"17.30333795058522","133.5","0"
"22.718542086699514","135","0"
"8.342836804649094","136.5","0"
"3.9727994488138356","138","0"
"12.719308407539542","139.5","0"
"16.792829244179153","141","0"
"11.576177050343754","142.5","0"
"9.078931030970471","144","0"
"14.022846732101753","145.5","0"
"14.531946644238879","147","0"
"6.183088958330874","148.5","0"
"8.250398706356492","150","0"
"19.20404920510448","151.5","0"
"17.072097773584897","153","0"
"2.7522697292667986","154.5","0"
"3.4708066232513852","156","0"
"17.778926013209833","157.5","0"
"23.427924545137277","159","0"
"9.068476499606321","160.5","0"
"1.2637033614472806","162","0"
"12.45488442438247","163.5","0"
"21.157367393403213","165","0"
"15.528060813226144","166.5","0"
"3.857234683539943","168","0"
"8.407406022508649","169.5","0"
"16.961996761305368","171","0"
"15.018466888054446","172.5","0"
"6.6631262550681285","174","0"
"11.15135233342322","175.5","0"
"15.17204572257865","177","0"
"10.68376977539988","178.5","0"
"6.224187102645605","180","0"
"13.778215217542787","181.5","0"
"19.363557754444304","183","0"
"10.799018964523926","184.5","0"
"1.0058766730228192","186","0"
"11.444702571915414","187.5","0"
"23.826259566279646","189","0"
"17.296230084810176","190.5","0"
"0.08018374191133738","192","0"
"3.959475901687384","193.5","0"
"20.43507826003694","195","0"
"25.42936614828657","196.5","0"
"7.6998554641407315","198","0"
"0.24027395823985656","199.5","0"
"12.581633831767194","201","0"
"21.388726008859773","202.5","0"
"14.862357210728515","204","0"
"4.305589693233421","205.5","0"
"9.60643721424749","207","0"
"17.059901729393818","208.5","0"
"13.864940218722626","210","0"
"7.427827264572932","211.5","0"
"12.672984166343293","213","0"
"15.647856636509081","214.5","0"
"8.472935215224032","216","0"
"4.234922453278327","217.5","0"
"14.7470137383597","219","0"
"21.88191620784245","220.5","0"
"12.168666206876793","222","0"
"0.5017528318484936","223.5","0"
"8.216769976788482","225","0"
"23.121798537378737","226.5","0"
"20.73542727625238","228","0"
"2.2041277877912533","229.5","0"
"3.0018906585949","231","0"
"18.257492179648548","232.5","0"
"24.962587725045054","234","0"
"10.545103277556535","235.5","0"
"1.3861230445761106","237","0"
"9.830827440795236","238.5","0"
"19.553266551724185","240","0"
"16.306411854812424","241.5","0"
"6.054437133242821","243","0"
"9.280400299434604","244.5","0"
"15.595109446663006","246","0"
"14.66927447584658","247.5","0"
"7.23756757263147","249","0"
"12.03728757009396","250.5","0"
"17.23390028881397","252","0"
"10.721699691010231","253.5","0"
"3.6923032892251757","255","0"
"10.606145055341148","256.5","0"
"21.931580881024846","258","0"
"17.470245786638465","259.5","0"
"-0.04796030325435516","261","0"
"3.182450085130363","262.5","0"
"20.68760151594316","264","0"
"26.03126414928723","265.5","0"
"8.682753615652604","267","0"
"-2.8722827546528698","268.5","0"
"10.650935830209258","270","0"
"25.99239295962993","271.5","0"
"21.48759718540701","273","0"
"1.501139252789531","274.5","0"
"2.4287200220349194","276","0"
"16.387818034266715","277.5","0"
"23.33727549089417","279","0"
"11.148437344839088","280.5","0"
"4.160719202044221","282","0"
"11.531000571292498","283.5","0"
"18.353954068651777","285","0"
"12.781830666027135","286.5","0"
"6.747191845385193","288","0"
"14.47647536989932","289.5","0"
"15.787218181082455","291","0"
"7.828104832237685","292.5","0"
"5.610688366536536","294","0"
"15.85776230737909","295.5","0"
"21.067510006736015","297","0"
"9.834530200953427","298.5","0"
"-0.2142802234971895","300","0"
"9.545407903668798","1.5","1"
"7.373617515632388","3","1"
"15.87879604216659","4.5","1"
"15.42379289491636","6","1"
"7.860624759679199","7.5","1"
"9.493736010333308","9","1"
"16.199391800795837","10.5","1"
"12.817605313414095","12","1"
"3.311270801898611","13.5","1"
"10.08754045709089","15","1"
"19.201228499765115","16.5","1"
"14.679173437346927","18","1"
"4.46328114731043","19.5","1"
"9.551261256848159","21","1"
"16.907742597943734","22.5","1"
"12.907288159198416","24","1"
"6.466172452748085","25.5","1"
"13.396617420347795","27","1"
"16.624076261649773","28.5","1"
"9.075133987567511","30","1"
"5.647032219793775","31.5","1"
"14.444107386529954","33","1"
"16.65878028772837","34.5","1"
"7.721083999020727","36","1"
"7.1391763835121465","37.5","1"
"16.810585662210478","39","1"
"16.04918222867147","40.5","1"
"8.187422174053195","42","1"
"6.593483663599571","43.5","1"
"17.150214169077092","45","1"
"14.897436811385445","46.5","1"
"4.117496957520899","48","1"
"8.303262776258064","49.5","1"
"18.99912885820166","51","1"
"15.624443223791634","52.5","1"
"4.6137486347572665","54","1"
"7.750876725167278","55.5","1"
"15.345165343981453","57","1"
"13.365457197551912","58.5","1"
"7.834342331199451","60","1"
"12.89193479510814","61.5","1"
"14.798163567447295","63","1"
"7.301530572603173","64.5","1"
"6.361438572617047","66","1"
"16.80740808310166","67.5","1"
"16.830927467069426","69","1"
"5.188015411437729","70.5","1"
"4.1354427212421285","72","1"
"19.01493727530801","73.5","1"
"19.40174792297823","75","1"
"6.143136628160214","76.5","1"
"3.9286674878585517","78","1"
"16.84779559667896","79.5","1"
"17.883382498009155","81","1"
"7.941797179022492","82.5","1"
"7.6208094826071395","84","1"
"14.824405477507803","85.5","1"
"15.548100288341535","87","1"
"6.8126859740839265","88.5","1"
"10.028323566572793","90","1"
"14.144910028461359","91.5","1"
"10.069134965151367","93","1"
"7.020001582924092","94.5","1"
"16.603111096494835","96","1"
"18.205472762948045","97.5","1"
"5.25669257364787","99","1"
"2.297802671871122","100.5","1"
"16.467933857908303","102","1"
"21.83939524365212","103.5","1"
"6.8602008334455205","105","1"
"1.6606230625176086","106.5","1"
"13.952570650732394","108","1"
"20.210520505409647","109.5","1"
"9.53690215242999","111","1"
"5.106427288697046","112.5","1"
"12.932721259274874","114","1"
"13.755733728467849","115.5","1"
"9.487982394801305","117","1"
"11.232205280614817","118.5","1"
"16.526155709553922","120","1"
"9.65274275463486","121.5","1"
"4.851190467502338","123","1"
"14.570995491580534","124.5","1"
"20.78972195803325","126","1"
"10.141953577328001","127.5","1"
"0.9209753903089407","129","1"
"13.39102432009201","130.5","1"
"22.787869102018227","132","1"
"10.416035749071092","133.5","1"
"3.4273397098118874","135","1"
"12.751850931791786","136.5","1"
"15.800018884760643","138","1"
"8.149052789434169","139.5","1"
"8.32673229140215","141","1"
"17.08838617811916","142.5","1"
"12.127275083222946","144","1"
"5.235291445885921","145.5","1"
"10.24964919806537","147","1"
"20.076946861184553","148.5","1"
"12.787544542340267","150","1"
"2.7797094650960736","151.5","1"
"11.720230939545205","153","1"
"20.226681121083228","154.5","1"
"10.68364666174142","156","1"
"4.02174803685621","157.5","1"
"12.747728182634171","159","1"
"15.985289356733064","160.5","1"
"8.138864744596555","162","1"
"8.198817200263923","163.5","1"
"18.211471047396223","165","1"
"12.69105693972483","166.5","1"
"3.480422345417242","168","1"
"9.328950716087915","169.5","1"
"20.88780146700458","171","1"
"13.788559881654768","172.5","1"
"2.3951053180735697","174","1"
"9.596989409761367","175.5","1"
"18.76175637428952","177","1"
"14.58256661707488","178.5","1"
"5.934572350727141","180","1"
"10.61638686500429","181.5","1"
"14.773378762078666","183","1"
"8.800017037733074","184.5","1"
"9.900949240491338","186","1"
"19.2519295094396","187.5","1"
"11.77205945215506","189","1"
"2.1690789655489375","190.5","1"
"9.643350273375006","192","1"
"22.3564414411624","193.5","1"
"14.744147839398877","195","1"
"1.4855719981976945","196.5","1"
"8.18326591927967","198","1"
"21.06318700308331","199.5","1"
"17.207385658623966","201","1"
"4.839365322687376","202.5","1"
"8.40816496366902","204","1"
"13.234782178703181","205.5","1"
"9.892999059116335","207","1"
"11.758198256773317","208.5","1"
"18.568720391429782","210","1"
"9.1305733146919","211.5","1"
"2.070828811696583","213","1"
"11.998850395042746","214.5","1"
"23.54631313255201","216","1"
"12.329271091137192","217.5","1"
"2.081201916622069","219","1"
"10.2787647990904","220.5","1"
"22.34151352047414","222","1"
"16.233625189850958","223.5","1"
"3.9057508153769733","225","1"
"8.696774547110197","226.5","1"
"13.179254801936985","228","1"
"9.780988226729963","229.5","1"
"13.061502821224531","231","1"
"17.25482649395041","232.5","1"
"8.90800563780956","234","1"
"2.9298769604004637","235.5","1"
"13.992969073114873","237","1"
"22.06894143904809","238.5","1"
"9.248481914678722","240","1"
"1.9585906476022676","241.5","1"
"13.106106588003843","243","1"
"22.80465931159076","244.5","1"
"13.898115453675302","246","1"
"3.902490641028937","247.5","1"
"10.63070311340211","249","1"
"13.937083264178481","250.5","1"
"9.205377329411268","252","1"
"12.89280126591957","253.5","1"
"16.48989951633831","255","1"
"9.056867972494217","256.5","1"
"4.027694504479786","258","1"
"15.25191220210184","259.5","1"
"20.90952869012137","261","1"
"7.494877456410535","262.5","1"
"1.7222903433992307","264","1"
"13.992891153077874","265.5","1"
"23.23933779639018","267","1"
"12.676674459295562","268.5","1"
"3.4679563082979636","270","1"
"10.339511259934786","271.5","1"
"15.183051148604383","273","1"
"11.350500363985153","274.5","1"
"12.325155354782908","276","1"
"14.06707882030458","277.5","1"
"8.641603264913085","279","1"
"5.781848688609","280.5","1"
"16.693905082006758","282","1"
"21.170442375611636","283.5","1"
"5.930086883797296","285","1"
"0.5214646532083048","286.5","1"
"15.787230648288375","288","1"
"26.406255885745452","289.5","1"
"11.889870652095635","291","1"
"0.2866002935371008","292.5","1"
"9.476088680353785","294","1"
"19.881336400302374","295.5","1"
"14.510439155626425","297","1"
"8.797524375749479","298.5","1"
"11.219992094015602","300","1"
"17.477818055834025","1.5","2"
"10.829647772667476","3","2"
"4.726082056096812","4.5","2"
"13.048695104743013","6","2"
"19.163215988915546","7.5","2"
"11.901172174261964","9","2"
"5.444509472429416","10.5","2"
"12.141186147428371","12","2"
"16.14552412081772","13.5","2"
"12.126231733927531","15","2"
"8.264891054037928","16.5","2"
"15.16081277004488","18","2"
"15.517066296005591","19.5","2"
"7.79852560699251","21","2"
"6.386909463911451","22.5","2"
"16.74385805932605","24","2"
"16.701114243829903","25.5","2"
"7.667538907995784","27","2"
"5.811466484272489","28.5","2"
"17.17052636432198","30","2"
"16.174066230370435","31.5","2"
"6.796473931185924","33","2"
"7.583481888882789","34.5","2"
"15.540810089679914","36","2"
"15.587839507211005","37.5","2"
"8.093858910426327","39","2"
"10.118577566228314","40.5","2"
"15.860631323141392","42","2"
"10.810500481975723","43.5","2"
"5.710064464923526","45","2"
"12.461451525100744","46.5","2"
"18.155320310334037","48","2"
"10.91607356090524","49.5","2"
"3.545693233209973","51","2"
"12.903689032689433","52.5","2"
"21.021583936928828","54","2"
"11.926899032877909","55.5","2"
"2.2475722992201144","57","2"
"9.148618816060488","58.5","2"
"19.062265905781175","60","2"
"16.884687617396484","61.5","2"
"6.360398729723296","63","2"
"9.2418797499438","64.5","2"
"14.322860692158097","66","2"
"11.29336004245308","67.5","2"
"8.456081111221158","69","2"
"14.081732462462604","70.5","2"
"15.293342285774186","72","2"
"8.004966953017547","73.5","2"
"6.1654981203781745","75","2"
"16.274985145490007","76.5","2"
"17.980810595471173","78","2"
"6.759671518510946","79.5","2"
"3.5667912520279956","81","2"
"15.554324540897012","82.5","2"
"21.079232297102138","84","2"
"9.775545512145586","85.5","2"
"2.0288569889670023","87","2"
"12.614352455303056","88.5","2"
"21.031623154495776","90","2"
"13.58077675259261","91.5","2"
"4.409272432065343","93","2"
"9.554764541711632","94.5","2"
"16.931793396563833","96","2"
"14.671164815944174","97.5","2"
"9.211769110046292","99","2"
"11.318355231921604","100.5","2"
"14.235392333825288","102","2"
"10.126206717050882","103.5","2"
"7.7252005145753815","105","2"
"14.523800883571006","106.5","2"
"16.8762021253673","108","2"
"7.957022754252089","109.5","2"
"4.828080163728817","111","2"
"15.727578184763454","112.5","2"
"20.504327355318654","114","2"
"8.601131597695828","115.5","2"
"0.0757437303655761","117","2"
"12.66935620942062","118.5","2"
"24.279707429591376","120","2"
"15.29295736079141","121.5","2"
"-0.5855741428495667","123","2"
"6.8556986137077205","124.5","2"
"21.15739700301727","126","2"
"20.343009502719713","127.5","2"
"4.862539520891236","129","2"
"3.5540076907579468","130.5","2"
"14.759957814905967","132","2"
"20.284737782250414","133.5","2"
"10.399258006704477","135","2"
"7.045616236686759","136.5","2"
"13.121498912112617","138","2"
"15.962893579698823","139.5","2"
"10.265033730170444","141","2"
"7.91585837790591","142.5","2"
"14.855606218722926","144","2"
"15.616383175164462","145.5","2"
"6.764977873030575","147","2"
"6.279197479966313","148.5","2"
"18.14381775447225","150","2"
"19.209403870047048","151.5","2"
"6.532610193094875","153","2"
"2.639250806401754","154.5","2"
"15.11071953665899","156","2"
"22.945809900213632","157.5","2"
"11.129097591655947","159","2"
"0.41942929005860996","160.5","2"
"10.667645782143685","162","2"
"20.987456519124027","163.5","2"
"16.915805763372386","165","2"
"4.6658888275151185","166.5","2"
"8.625621086124228","168","2"
"16.808712464521022","169.5","2"
"17.211708662276667","171","2"
"7.373165579417794","172.5","2"
"9.277517258065643","174","2"
"15.977212165697752","175.5","2"
"13.88492514981212","177","2"
"6.153224935350469","178.5","2"
"10.23097955720042","180","2"
"18.999721050482854","181.5","2"
"16.427568161941362","183","2"
"2.9990993680695044","184.5","2"
"6.838951260155535","186","2"
"19.39216375842736","187.5","2"
"19.473964213268864","189","2"
"3.63219343508307","190.5","2"
"2.311090960180832","192","2"
"17.105014314014735","193.5","2"
"23.586038325814823","195","2"
"10.285938117696524","196.5","2"
"0.20627915059802096","198","2"
"10.858157155804655","199.5","2"
"21.71702026714452","201","2"
"15.342078152115553","202.5","2"
"3.659224675118378","204","2"
"9.270386016279499","205.5","2"
"18.699040094909797","207","2"
"16.88561486583677","208.5","2"
"5.358016672959834","210","2"
"8.80036767789957","211.5","2"
"17.063099567712257","213","2"
"15.542697312976028","214.5","2"
"5.191991281325601","216","2"
"8.581801974117495","217.5","2"
"19.134923223481223","219","2"
"16.723776507390678","220.5","2"
"3.689264797382401","222","2"
"5.379291959862028","223.5","2"
"19.22400296817917","225","2"
"20.183011615547535","226.5","2"
"4.971488875023917","228","2"
"1.3634428594068242","229.5","2"
"16.649939480330467","231","2"
"24.624322818825924","232.5","2"
"12.925843257608976","234","2"
"-0.8024472773279542","235.5","2"
"7.895204113698596","237","2"
"22.168579348759394","238.5","2"
"20.89072814359426","240","2"
"5.319999876508227","241.5","2"
"4.4627676542666075","243","2"
"16.02947780971517","244.5","2"
"21.759065919109158","246","2"
"10.350069424948146","247.5","2"
"5.0630180360849275","249","2"
"12.098438435930372","250.5","2"
"17.200606615405057","252","2"
"11.694691089018058","253.5","2"
"5.657785964100001","255","2"
"14.293995993652203","256.5","2"
"18.214301103140027","258","2"
"10.229682967784758","259.5","2"
"2.2145803711544785","261","2"
"13.47254270439958","262.5","2"
"21.993814056175175","264","2"
"12.023364817882987","265.5","2"
"0.9434296073709302","267","2"
"8.537926759684122","268.5","2"
"22.61854574481801","270","2"
"21.043429598501856","271.5","2"
"2.219167913332792","273","2"
"0.689232288169811","274.5","2"
"17.90633150730609","276","2"
"25.701481618295805","277.5","2"
"12.502403179745915","279","2"
"-0.7518674333110063","280.5","2"
"9.335318341511469","282","2"
"22.739337386173794","283.5","2"
"21.23077274345845","285","2"
"5.446508900578809","286.5","2"
"4.413645304541725","288","2"
"13.742714848686063","289.5","2"
"18.365071699530787","291","2"
"11.411532791365328","292.5","2"
"9.157380924221021","294","2"
"13.989869414043055","295.5","2"
"14.084900691166983","297","2"
"7.715753489289629","298.5","2"
"9.064271934409858","300","2"
"17.477818055834025","1.5","3"
"10.829647772667476","3","3"
"4.726082056096812","4.5","3"
"13.048695104743013","6","3"
"19.163215988915546","7.5","3"
"11.901172174261964","9","3"
"5.444509472429416","10.5","3"
"12.141186147428371","12","3"
"16.14552412081772","13.5","3"
"12.126231733927531","15","3"
"8.264891054037928","16.5","3"
"15.16081277004488","18","3"
"15.517066296005591","19.5","3"
"7.79852560699251","21","3"
"6.386909463911451","22.5","3"
"16.74385805932605","24","3"
"16.701114243829903","25.5","3"
"7.667538907995784","27","3"
"5.811466484272489","28.5","3"
"17.17052636432198","30","3"
"16.174066230370435","31.5","3"
"6.796473931185924","33","3"
"7.583481888882789","34.5","3"
"15.540810089679914","36","3"
"15.587839507211005","37.5","3"
"8.093858910426327","39","3"
"10.118577566228314","40.5","3"
"15.860631323141392","42","3"
"10.810500481975723","43.5","3"
"5.710064464923526","45","3"
"12.461451525100744","46.5","3"
"18.155320310334037","48","3"
"10.91607356090524","49.5","3"
"3.545693233209973","51","3"
"12.903689032689433","52.5","3"
"21.021583936928828","54","3"
"11.926899032877909","55.5","3"
"2.2475722992201144","57","3"
"9.148618816060488","58.5","3"
"19.062265905781175","60","3"
"16.884687617396484","61.5","3"
"6.360398729723296","63","3"
"9.2418797499438","64.5","3"
"14.322860692158097","66","3"
"11.29336004245308","67.5","3"
"8.456081111221158","69","3"
"14.081732462462604","70.5","3"
"15.293342285774186","72","3"
"8.004966953017547","73.5","3"
"6.1654981203781745","75","3"
"16.274985145490007","76.5","3"
"17.980810595471173","78","3"
"6.759671518510946","79.5","3"
"3.5667912520279956","81","3"
"15.554324540897012","82.5","3"
"21.079232297102138","84","3"
"9.775545512145586","85.5","3"
"2.0288569889670023","87","3"
"12.614352455303056","88.5","3"
"21.031623154495776","90","3"
"13.58077675259261","91.5","3"
"4.409272432065343","93","3"
"9.554764541711632","94.5","3"
"16.931793396563833","96","3"
"14.671164815944174","97.5","3"
"9.211769110046292","99","3"
"11.318355231921604","100.5","3"
"14.235392333825288","102","3"
"10.126206717050882","103.5","3"
"7.7252005145753815","105","3"
"14.523800883571006","106.5","3"
"16.8762021253673","108","3"
"7.957022754252089","109.5","3"
"4.828080163728817","111","3"
"15.727578184763454","112.5","3"
"20.504327355318654","114","3"
"8.601131597695828","115.5","3"
"0.0757437303655761","117","3"
"12.66935620942062","118.5","3"
"24.279707429591376","120","3"
"15.29295736079141","121.5","3"
"-0.5855741428495667","123","3"
"6.8556986137077205","124.5","3"
"21.15739700301727","126","3"
"20.343009502719713","127.5","3"
"4.862539520891236","129","3"
"3.5540076907579468","130.5","3"
"14.759957814905967","132","3"
"20.284737782250414","133.5","3"
"10.399258006704477","135","3"
"7.045616236686759","136.5","3"
"13.121498912112617","138","3"
"15.962893579698823","139.5","3"
"10.265033730170444","141","3"
"7.91585837790591","142.5","3"
"14.855606218722926","144","3"
"15.616383175164462","145.5","3"
"6.764977873030575","147","3"
"6.279197479966313","148.5","3"
"18.14381775447225","150","3"
"19.209403870047048","151.5","3"
"6.532610193094875","153","3"
"2.639250806401754","154.5","3"
"15.11071953665899","156","3"
"22.945809900213632","157.5","3"
"11.129097591655947","159","3"
"0.41942929005860996","160.5","3"
"10.667645782143685","162","3"
"20.987456519124027","163.5","3"
"16.915805763372386","165","3"
"4.6658888275151185","166.5","3"
"8.625621086124228","168","3"
"16.808712464521022","169.5","3"
"17.211708662276667","171","3"
"7.373165579417794","172.5","3"
"9.277517258065643","174","3"
"15.977212165697752","175.5","3"
"13.88492514981212","177","3"
"6.153224935350469","178.5","3"
"10.23097955720042","180","3"
"18.999721050482854","181.5","3"
"16.427568161941362","183","3"
"2.9990993680695044","184.5","3"
"6.838951260155535","186","3"
"19.39216375842736","187.5","3"
"19.473964213268864","189","3"
"3.63219343508307","190.5","3"
"2.311090960180832","192","3"
"17.105014314014735","193.5","3"
"23.586038325814823","195","3"
"10.285938117696524","196.5","3"
"0.20627915059802096","198","3"
"10.858157155804655","199.5","3"
"21.71702026714452","201","3"
"15.342078152115553","202.5","3"
"3.659224675118378","204","3"
"9.270386016279499","205.5","3"
"18.699040094909797","207","3"
"16.88561486583677","208.5","3"
"5.358016672959834","210","3"
"8.80036767789957","211.5","3"
"17.063099567712257","213","3"
"15.542697312976028","214.5","3"
"5.191991281325601","216","3"
"8.581801974117495","217.5","3"
"19.134923223481223","219","3"
"16.723776507390678","220.5","3"
"3.689264797382401","222","3"
"5.379291959862028","223.5","3"
"19.22400296817917","225","3"
"20.183011615547535","226.5","3"
"4.971488875023917","228","3"
"1.3634428594068242","229.5","3"
"16.649939480330467","231","3"
"24.624322818825924","232.5","3"
"12.925843257608976","234","3"
"-0.8024472773279542","235.5","3"
"7.895204113698596","237","3"
"22.168579348759394","238.5","3"
"20.89072814359426","240","3"
"5.319999876508227","241.5","3"
"4.4627676542666075","243","3"
"16.02947780971517","244.5","3"
"21.759065919109158","246","3"
"10.350069424948146","247.5","3"
"5.0630180360849275","249","3"
"12.098438435930372","250.5","3"
"17.200606615405057","252","3"
"11.694691089018058","253.5","3"
"5.657785964100001","255","3"
"14.293995993652203","256.5","3"
"18.214301103140027","258","3"
"10.229682967784758","259.5","3"
"2.2145803711544785","261","3"
"13.47254270439958","262.5","3"
"21.993814056175175","264","3"
"12.023364817882987","265.5","3"
"0.9434296073709302","267","3"
"8.537926759684122","268.5","3"
"22.61854574481801","270","3"
"21.043429598501856","271.5","3"
"2.219167913332792","273","3"
"0.689232288169811","274.5","3"
"17.90633150730609","276","3"
"25.701481618295805","277.5","3"
"12.502403179745915","279","3"
"-0.7518674333110063","280.5","3"
"9.335318341511469","282","3"
"22.739337386173794","283.5","3"
"21.23077274345845","285","3"
"5.446508900578809","286.5","3"
"4.413645304541725","288","3"
"13.742714848686063","289.5","3"
"18.365071699530787","291","3"
"11.411532791365328","292.5","3"
"9.157380924221021","294","3"
"13.989869414043055","295.5","3"
"14.084900691166983","297","3"
"7.715753489289629","298.5","3"
"9.064271934409858","300","3"
"22.068548722061614","1.5","4"
"19.09708681191527","3","4"
"2.5861373923817847","4.5","4"
"4.752030207617835","6","4"
"20.006457278913818","7.5","4"
"19.033970023545375","9","4"
"7.424705008690384","10.5","4"
"6.052510170727837","12","4"
"14.159446790563884","13.5","4"
"16.430734832245","15","4"
"9.61244874510196","16.5","4"
"10.877468857774476","18","4"
"13.455941061316581","19.5","4"
"10.122890440276207","21","4"
"8.74882357342476","22.5","4"
"15.673091819691562","24","4"
"16.79096228009266","25.5","4"
"7.301145647620398","27","4"
"4.524062282571282","28.5","4"
"15.755043439404846","30","4"
"21.863304227804882","31.5","4"
"8.528118185426694","33","4"
"0.7756155125873634","34.5","4"
"11.2909499757087","36","4"
"23.318582474018122","37.5","4"
"16.06711786278789","39","4"
"2.6468332052021224","40.5","4"
"7.175035184539066","42","4"
"16.52323214976572","43.5","4"
"16.425043552742597","45","4"
"8.022452209320113","46.5","4"
"10.218032363852673","48","4"
"13.738630280346577","49.5","4"
"11.533422326042425","51","4"
"8.773070730538095","52.5","4"
"14.195328967601904","54","4"
"14.746691149406523","55.5","4"
"7.354845799518969","57","4"
"4.45018941229405","58.5","4"
"15.216720396591631","60","4"
"20.84823523061725","61.5","4"
"9.12006423930185","63","4"
"0.5264359515688383","64.5","4"
"12.149981761204813","66","4"
"21.807083362709395","67.5","4"
"14.236850996917909","69","4"
"2.3071125578917573","70.5","4"
"9.448399016005835","72","4"
"18.708089728006858","73.5","4"
"16.102552778813536","75","4"
"7.235638272515375","76.5","4"
"9.27766063093372","78","4"
"14.424549457243216","79.5","4"
"12.209579680703834","81","4"
"7.810071018874646","82.5","4"
"13.302650530929274","84","4"
"16.88633640537938","85.5","4"
"9.10077123814091","87","4"
"3.376461821653418","88.5","4"
"13.089436375288287","90","4"
"20.645294052654204","91.5","4"
"11.90290199908334","93","4"
"1.2898293654527533","94.5","4"
"10.524135774800486","96","4"
"21.668240765582432","97.5","4"
"15.975270398375738","99","4"
"4.07857434063918","100.5","4"
"7.344542433026597","102","4"
"17.913897542898688","103.5","4"
"17.17416678845057","105","4"
"6.260424205452154","106.5","4"
"7.551167670338952","108","4"
"14.795105985195455","109.5","4"
"12.925005617211239","111","4"
"7.036896205346205","112.5","4"
"11.581809110618037","114","4"
"16.93352789658743","115.5","4"
"11.753206699203163","117","4"
"2.7002995969896966","118.5","4"
"10.935868367104455","120","4"
"20.38044696369623","121.5","4"
"13.617109307444483","123","4"
"1.4017915952160458","124.5","4"
"8.914974026718376","126","4"
"23.146475813096306","127.5","4"
"18.062438067830538","129","4"
"2.503148656976046","130.5","4"
"3.8164774393870835","132","4"
"17.30333795058522","133.5","4"
"22.718542086699514","135","4"
"8.342836804649094","136.5","4"
"3.9727994488138356","138","4"
"12.719308407539542","139.5","4"
"16.792829244179153","141","4"
"11.576177050343754","142.5","4"
"9.078931030970471","144","4"
"14.022846732101753","145.5","4"
"14.531946644238879","147","4"
"6.183088958330874","148.5","4"
"8.250398706356492","150","4"
"19.20404920510448","151.5","4"
"17.072097773584897","153","4"
"2.7522697292667986","154.5","4"
"3.4708066232513852","156","4"
"17.778926013209833","157.5","4"
"23.427924545137277","159","4"
"9.068476499606321","160.5","4"
"1.2637033614472806","162","4"
"12.45488442438247","163.5","4"
"21.157367393403213","165","4"
"15.528060813226144","166.5","4"
"3.857234683539943","168","4"
"8.407406022508649","169.5","4"
"16.961996761305368","171","4"
"15.018466888054446","172.5","4"
"6.6631262550681285","174","4"
"11.15135233342322","175.5","4"
"15.17204572257865","177","4"
"10.68376977539988","178.5","4"
"6.224187102645605","180","4"
"13.778215217542787","181.5","4"
"19.363557754444304","183","4"
"10.799018964523926","184.5","4"
"1.0058766730228192","186","4"
"11.444702571915414","187.5","4"
"23.826259566279646","189","4"
"17.296230084810176","190.5","4"
"0.08018374191133738","192","4"
"3.959475901687384","193.5","4"
"20.43507826003694","195","4"
"25.42936614828657","196.5","4"
"7.6998554641407315","198","4"
"0.24027395823985656","199.5","4"
"12.581633831767194","201","4"
"21.388726008859773","202.5","4"
"14.862357210728515","204","4"
"4.305589693233421","205.5","4"
"9.60643721424749","207","4"
"17.059901729393818","208.5","4"
"13.864940218722626","210","4"
"7.427827264572932","211.5","4"
"12.672984166343293","213","4"
"15.647856636509081","214.5","4"
"8.472935215224032","216","4"
"4.234922453278327","217.5","4"
"14.7470137383597","219","4"
"21.88191620784245","220.5","4"
"12.168666206876793","222","4"
"0.5017528318484936","223.5","4"
"8.216769976788482","225","4"
"23.121798537378737","226.5","4"
"20.73542727625238","228","4"
"2.2041277877912533","229.5","4"
"3.0018906585949","231","4"
"18.257492179648548","232.5","4"
"24.962587725045054","234","4"
"10.545103277556535","235.5","4"
"1.3861230445761106","237","4"
"9.830827440795236","238.5","4"
"19.553266551724185","240","4"
"16.306411854812424","241.5","4"
"6.054437133242821","243","4"
"9.280400299434604","244.5","4"
"15.595109446663006","246","4"
"14.66927447584658","247.5","4"
"7.23756757263147","249","4"
"12.03728757009396","250.5","4"
"17.23390028881397","252","4"
"10.721699691010231","253.5","4"
"3.6923032892251757","255","4"
"10.606145055341148","256.5","4"
"21.931580881024846","258","4"
"17.470245786638465","259.5","4"
"-0.04796030325435516","261","4"
"3.182450085130363","262.5","4"
"20.68760151594316","264","4"
"26.03126414928723","265.5","4"
"8.682753615652604","267","4"
"-2.8722827546528698","268.5","4"
"10.650935830209258","270","4"
"25.99239295962993","271.5","4"
"21.48759718540701","273","4"
"1.501139252789531","274.5","4"
"2.4287200220349194","276","4"
"16.387818034266715","277.5","4"
"23.33727549089417","279","4"
"11.148437344839088","280.5","4"
"4.160719202044221","282","4"
"11.531000571292498","283.5","4"
"18.353954068651777","285","4"
"12.781830666027135","286.5","4"
"6.747191845385193","288","4"
"14.47647536989932","289.5","4"
"15.787218181082455","291","4"
"7.828104832237685","292.5","4"
"5.610688366536536","294","4"
"15.85776230737909","295.5","4"
"21.067510006736015","297","4"
"9.834530200953427","298.5","4"
"-0.2142802234971895","300","4"
"20.74044844343659","1.5","5"
"5.148991498507912","3","5"
"3.829809557717605","4.5","5"
"15.920960132587465","6","5"
"19.28515461321595","7.5","5"
"8.794426275078399","9","5"
"10.262015887137474","10.5","5"
"13.92819726315912","12","5"
"11.68706115899512","13.5","5"
"8.899300411276036","15","5"
"13.912141060335115","16.5","5"
"18.179070337611318","18","5"
"10.122793819430328","19.5","5"
"2.8550010644469634","21","5"
"13.360641739265377","22.5","5"
"20.997247950973314","24","5"
"10.5073105012113","25.5","5"
"2.8854979929278928","27","5"
"10.733485875806693","28.5","5"
"22.507146584722083","30","5"
"13.430727695744459","31.5","5"
"4.73896457581385","33","5"
"11.185450141613964","34.5","5"
"18.89469107421122","36","5"
"13.304215165272213","37.5","5"
"5.624465018678137","39","5"
"12.706455497436563","40.5","5"
"15.703070774726541","42","5"
"8.549943587790102","43.5","5"
"9.095026973013345","45","5"
"18.038262597151242","46.5","5"
"12.03204978520689","48","5"
"3.2820044256019876","49.5","5"
"8.777798139182822","51","5"
"21.65508007133331","52.5","5"
"20.024054740069662","54","5"
"4.367766765957109","55.5","5"
"3.467689042571057","57","5"
"17.760857915030517","58.5","5"
"22.74661667603024","60","5"
"7.153473931101085","61.5","5"
"3.725616053043155","63","5"
"13.535545729515455","64.5","5"
"19.956331319112387","66","5"
"13.967171307265257","67.5","5"
"6.959368106133353","69","5"
"12.79639392094224","70.5","5"
"13.180091663134354","72","5"
"8.645824972517689","73.5","5"
"11.11839059937192","75","5"
"17.82860782880037","76.5","5"
"13.995035512496084","78","5"
"2.784057403160616","79.5","5"
"7.118588351336282","81","5"
"22.370772494367248","82.5","5"
"16.658844182158706","84","5"
"1.856215017391003","85.5","5"
"5.816799331604697","87","5"
"21.231790379141653","88.5","5"
"22.908931905102765","90","5"
"6.777007168342474","91.5","5"
"1.1927456745542728","93","5"
"15.100491752602508","94.5","5"
"23.495696276517492","96","5"
"11.839235095252231","97.5","5"
"5.210623910172976","99","5"
"11.353398210161146","100.5","5"
"17.759497431184514","102","5"
"15.428154858587561","103.5","5"
"5.672690898377346","105","5"
"8.11902240717477","106.5","5"
"18.386945412317136","108","5"
"15.51716291685147","109.5","5"
"7.393012592041798","111","5"
"8.19518768494051","112.5","5"
"17.56711130143335","114","5"
"17.588932028594538","115.5","5"
"6.349740047862208","117","5"
"3.1748113891032625","118.5","5"
"14.173506682039976","120","5"
"24.82094624018909","121.5","5"
"13.349511641180445","123","5"
"2.3291950963772616","124.5","5"
"7.851617982602489","126","5"
"20.865877885394553","127.5","5"
"21.749265136855428","129","5"
"7.398692183538652","130.5","5"
"0.5486342013092861","132","5"
"10.804951016940658","133.5","5"
"24.893879394820114","135","5"
"20.601297282963113","136.5","5"
"6.555009866130966","138","5"
"2.713865475431215","139.5","5"
"14.026293914538586","141","5"
"21.928108764176173","142.5","5"
"18.787937506721168","144","5"
"7.508143342709607","145.5","5"
"4.599911594586992","147","5"
"14.020524714999183","148.5","5"
"21.025947459000772","150","5"
"16.869108285198912","151.5","5"
"7.908270524702951","153","5"
"6.674928023871991","154.5","5"
"14.102820741276002","156","5"
"19.134014675849816","157.5","5"
"16.905423697642647","159","5"
"10.78299782571657","160.5","5"
"6.179130620451327","162","5"
"10.58200854468035","163.5","5"
"17.591967793236016","165","5"
"20.726282580710183","166.5","5"
"14.854752215117417","168","5"
"8.620907703086162","169.5","5"
"10.664416775810448","171","5"
"16.860678895596365","172.5","5"
"18.75891073453832","174","5"
"14.895103885477697","175.5","5"
"11.27905080685859","177","5"
"10.79804418486107","178.5","5"
"14.64010900599787","180","5"
"17.992246140101138","181.5","5"
"18.552731199837595","183","5"
"15.499007548230713","184.5","5"
"13.135041414543037","186","5"
"14.482677804844437","187.5","5"
"17.009624604720614","189","5"
"15.095129295656239","190.5","5"
"8.701585330194511","192","5"
"5.309102369733738","193.5","5"
"7.6046862685513155","195","5"
"12.129147501712032","196.5","5"
"18.402644741371684","198","5"
"14.809221979098186","199.5","5"
"11.565312659584988","201","5"
"11.06251024483812","202.5","5"
"7.855597358892027","204","5"
"7.369069323072759","205.5","5"
"8.6158125118668","207","5"
"14.055841192568591","208.5","5"
"17.489973581605863","210","5"
"16.39933305733442","211.5","5"
"16.25589161962378","213","5"
"10.033108636044899","214.5","5"
"4.118946270209079","216","5"
"9.24490304737936","217.5","5"
"13.096312039353075","219","5"
"15.032924171719232","220.5","5"
"14.101041047630947","222","5"
"13.244149725551196","223.5","5"
"11.293811199467303","225","5"
"10.627002690845028","226.5","5"
"15.20347710710329","228","5"
"16.091352552695305","229.5","5"
"13.984790586031462","231","5"
"12.494810651340737","232.5","5"
"13.458080745532573","234","5"
"9.400274042754539","235.5","5"
"11.105106791464339","237","5"
"10.840399958572963","238.5","5"
"10.622683583194176","240","5"
"11.623187767065964","241.5","5"
"12.648544546738568","243","5"
"13.56360629323952","244.5","5"
"9.964218752133752","246","5"
"13.285208909847427","247.5","5"
"12.64027255561076","249","5"
"17.001224824732123","250.5","5"
"12.542875626163543","252","5"
"5.502638209630823","253.5","5"
"6.836861444763223","255","5"
"10.796878501107566","256.5","5"
"15.158613866600769","258","5"
"13.3588729544255","259.5","5"
"17.31079178132454","261","5"
"14.090671449107125","262.5","5"
"12.707274437025422","264","5"
"10.182904452772803","265.5","5"
"8.674953040748639","267","5"
"10.750478677475426","268.5","5"
"11.907412010824839","270","5"
"12.424149644988603","271.5","5"
"17.071038061081712","273","5"
"18.22432629510031","274.5","5"
"12.974712367213613","276","5"
"10.19134475118053","277.5","5"
"9.766903400842033","279","5"
"8.940220897906407","280.5","5"
"12.499994671402277","282","5"
"12.74707677112486","283.5","5"
"16.488442411646428","285","5"
"14.914605712337796","286.5","5"
"12.503288351366223","288","5"
"11.854878321880143","289.5","5"
"9.079199075897748","291","5"
"6.996408954121548","292.5","5"
"10.687595649216528","294","5"
"12.962617619070635","295.5","5"
"16.546254403897436","297","5"
"14.87013051361953","298.5","5"
"14.250282852895788","300","5"
"10.268441952588779","1.5","6"
"6.323080486403385","3","6"
"13.327156382565445","4.5","6"
"15.52616112272411","6","6"
"11.49567162651717","7.5","6"
"11.50541163114204","9","6"
"14.604491757085647","10.5","6"
"7.696505681750146","12","6"
"6.315760678127703","13.5","6"
"14.762028929489398","15","6"
"19.883236090804406","16.5","6"
"9.509754032339185","18","6"
"2.5140033077301855","19.5","6"
"12.759048405609379","21","6"
"22.952897506779056","22.5","6"
"13.423417237873217","24","6"
"2.0208210955512995","25.5","6"
"8.398933776885753","27","6"
"19.01929612217773","28.5","6"
"17.42427608161056","30","6"
"6.75191224122659","31.5","6"
"9.509680008304034","33","6"
"14.96290210967049","34.5","6"
"12.639810489791357","36","6"
"7.787708747456315","37.5","6"
"12.632134586946588","39","6"
"15.765060839361432","40.5","6"
"11.051396509960957","42","6"
"5.726082876529587","43.5","6"
"13.949304242781396","45","6"
"19.00361861073354","46.5","6"
"8.5149567119772","48","6"
"2.391218861428154","49.5","6"
"12.676939387421358","51","6"
"22.692770813662477","52.5","6"
"14.56842413035957","54","6"
"0.9848470290372633","55.5","6"
"8.633612565118842","57","6"
"19.957370772405955","58.5","6"
"15.558628843740834","60","6"
"6.068932987325923","61.5","6"
"8.787460223770692","63","6"
"17.078859674395666","64.5","6"
"15.720552914227628","66","6"
"7.29056722339742","67.5","6"
"10.246762260694558","69","6"
"15.484081185943193","70.5","6"
"11.123631501060471","72","6"
"6.7300977476683626","73.5","6"
"11.609003982731045","75","6"
"18.94912289525721","76.5","6"
"13.816651613393633","78","6"
"2.767793933038193","79.5","6"
"10.134431956156492","81","6"
"20.155088191088588","82.5","6"
"14.216224004723545","84","6"
"4.671991524812877","85.5","6"
"8.89963780503624","87","6"
"20.07260048152075","88.5","6"
"17.339067404350722","90","6"
"4.965790582718184","91.5","6"
"6.21744896744612","93","6"
"17.016716886488258","94.5","6"
"18.50969284660159","96","6"
"6.393963564860966","97.5","6"
"6.266554953963232","99","6"
"16.47199816703817","100.5","6"
"17.615484060402302","102","6"
"8.65473512874852","103.5","6"
"5.853351231360723","105","6"
"15.530365687920574","106.5","6"
"16.802371331910045","108","6"
"7.286638495131933","109.5","6"
"6.216026926770889","111","6"
"16.707466285246056","112.5","6"
"18.212293882986934","114","6"
"8.39558243609443","115.5","6"
"4.7199626059911","117","6"
"15.622912874264975","118.5","6"
"19.568950296771334","120","6"
"8.031340547940584","121.5","6"
"2.9469909277267297","123","6"
"14.179553276911095","124.5","6"
"21.220619762637483","126","6"
"13.481966353674233","127.5","6"
"3.6168529277989006","129","6"
"11.48529501519002","130.5","6"
"18.942621247370017","132","6"
"12.25473590054547","133.5","6"
"4.823201979812498","135","6"
"11.366145149013805","136.5","6"
"19.364101636302557","138","6"
"14.505848107046447","139.5","6"
"4.758461727471729","141","6"
"10.370560836278132","142.5","6"
"18.461969940741213","144","6"
"14.141282071538688","145.5","6"
"3.5467825553272183","147","6"
"9.209479040158893","148.5","6"
"19.819778012672455","150","6"
"17.697683465833244","151.5","6"
"3.7008931941039407","153","6"
"6.311089761509801","154.5","6"
"18.45982246452152","156","6"
"18.73317997992052","157.5","6"
"4.215366082392329","159","6"
"3.324562401809893","160.5","6"
"16.585577529769328","162","6"
"21.581863287767607","163.5","6"
"8.579093473631412","165","6"
"2.1501732269718805","166.5","6"
"13.079807017115956","168","6"
"20.425804217233324","169.5","6"
"12.161799114016075","171","6"
"2.63542376378455","172.5","6"
"11.416755771445368","174","6"
"20.049349142480263","175.5","6"
"15.758372183385442","177","6"
"3.311707154105805","178.5","6"
"9.683748695757485","180","6"
"18.61511398145896","181.5","6"
"15.900953383887613","183","6"
"4.240028553302869","184.5","6"
"8.538776088087412","186","6"
"18.976483737049023","187.5","6"
"17.826814109548653","189","6"
"3.1869809404817597","190.5","6"
"6.948520078582359","192","6"
"18.928807583210844","193.5","6"
"19.697292389712317","195","6"
"5.42440493408313","196.5","6"
"2.3855575811399947","198","6"
"15.608508576225347","199.5","6"
"22.24282467681348","201","6"
"10.362062877043025","202.5","6"
"2.1890724678424998","204","6"
"12.401749971952512","205.5","6"
"19.85595784425181","207","6"
"12.761898720562801","208.5","6"
"2.1787231285282984","210","6"
"11.711834276358198","211.5","6"
"20.44389101622152","213","6"
"14.312060975030041","214.5","6"
"4.074718078008101","216","6"
"9.855710425410484","217.5","6"
"20.37688757640612","219","6"
"15.144265670987782","220.5","6"
"2.186567143852891","222","6"
"7.365381367721598","223.5","6"
"20.516845988462904","225","6"
"20.602003238498327","226.5","6"
"5.644689553881401","228","6"
"3.3814600024267163","229.5","6"
"16.449879785335646","231","6"
"21.415014670942483","232.5","6"
"10.244141809850284","234","6"
"2.8489466775721444","235.5","6"
"13.696882282923276","237","6"
"21.42045348952501","238.5","6"
"12.901824406204048","240","6"
"4.192629015596033","241.5","6"
"11.917489409209916","243","6"
"20.190702323199332","244.5","6"
"14.205104815443793","246","6"
"2.7497009004470354","247.5","6"
"9.198966068766994","249","6"
"19.645921267719643","250.5","6"
"18.291431030963814","252","6"
"5.07590562060437","253.5","6"
"4.933322082501088","255","6"
"17.288818330890834","256.5","6"
"19.898034664231247","258","6"
"8.51045760904088","259.5","6"
"2.707823555762316","261","6"
"13.957510781078128","262.5","6"
"21.9307798630445","264","6"
"14.47727950468115","265.5","6"
"3.1808990867938984","267","6"
"10.529518490956374","268.5","6"
"20.74283591337024","270","6"
"17.308131591261397","271.5","6"
"3.9069998735700664","273","6"
"5.793122938762379","274.5","6"
"17.67535158322934","276","6"
"21.212950872596046","277.5","6"
"9.104046217295975","279","6"
"4.533664758330848","280.5","6"
"14.962599779926933","282","6"
"20.57527043220472","283.5","6"
"11.51512046775211","285","6"
"2.8873088545877486","286.5","6"
"10.263546236664133","288","6"
"20.36907219669512","289.5","6"
"16.74603202835832","291","6"
"4.8897585482157115","292.5","6"
"8.885997123359203","294","6"
"20.181534251646035","295.5","6"
"18.23121130956954","297","6"
"4.780460891517644","298.5","6"
"3.166874259334456","300","6"
"20.707787480728108","1.5","7"
"13.125036481792371","3","7"
"12.70675471037864","4.5","7"
"8.573388168522348","6","7"
"6.514026653870809","7.5","7"
"15.946147005347008","9","7"
"26.703495892484632","10.5","7"
"10.719008332932287","12","7"
"0.5350930137794917","13.5","7"
"15.789572924600563","15","7"
"29.13744980340477","16.5","7"
"11.121647656918478","18","7"
"0.5591639255091402","19.5","7"
"13.443553333834487","21","7"
"25.754225691340398","22.5","7"
"14.96061126058272","24","7"
"8.754239015996188","25.5","7"
"11.19323279490942","27","7"
"11.524388276952767","28.5","7"
"11.015688873805816","30","7"
"20.36260015842199","31.5","7"
"16.888413753565775","33","7"
"2.759823882053755","34.5","7"
"9.876197161538249","36","7"
"27.04122315044847","37.5","7"
"17.98549514809555","39","7"
"-1.1989652519075296","40.5","7"
"8.38199318164181","42","7"
"25.81401529413044","43.5","7"
"21.612361190249","45","7"
"5.407889392641016","46.5","7"
"10.527424779562212","48","7"
"18.963891859069992","49.5","7"
"15.365968435459434","51","7"
"9.340827288127295","52.5","7"
"15.850426915096008","54","7"
"16.882103788969598","55.5","7"
"8.680016284752831","57","7"
"12.572294336132499","58.5","7"
"19.815453450619014","60","7"
"12.929447059320179","61.5","7"
"3.6615829250381515","63","7"
"15.81743245462917","64.5","7"
"24.32712956410894","66","7"
"10.027994744016658","67.5","7"
"1.4706865439295986","69","7"
"18.404725206359558","70.5","7"
"26.3473545713772","72","7"
"8.226114926825767","73.5","7"
"-0.11496842131572965","75","7"
"18.397394489278696","76.5","7"
"26.001705962452046","78","7"
"10.874073881762431","79.5","7"
"6.197435205942937","81","7"
"17.72997976276857","82.5","7"
"18.896258825355638","84","7"
"10.65829537770381","85.5","7"
"10.80094748543965","87","7"
"18.65546097661702","88.5","7"
"15.610762023695358","90","7"
"8.358007835852792","91.5","7"
"14.049554603983514","93","7"
"20.584803169531174","94.5","7"
"10.981679115256881","96","7"
"2.610640516816662","97.5","7"
"18.05482060501352","99","7"
"23.785454401304033","100.5","7"
"9.978336304437223","102","7"
"4.077911630724504","103.5","7"
"19.523823686543757","105","7"
"24.048312970917795","106.5","7"
"8.00325738740579","108","7"
"2.6385625776749606","109.5","7"
"20.223885350155708","111","7"
"25.417358670585028","112.5","7"
"7.710458043575179","114","7"
"4.1827171972895805","115.5","7"
"20.314278826677455","117","7"
"23.351887056232215","118.5","7"
"8.16167116022578","120","7"
"4.920764099738151","121.5","7"
"18.624476853104756","123","7"
"22.325580431308595","124.5","7"
"9.708277923404756","126","7"
"8.796405444018173","127.5","7"
"18.33365589901355","129","7"
"15.935800782834287","130.5","7"
"7.796417090791318","132","7"
"13.012382029900389","133.5","7"
"21.502102779494738","135","7"
"13.546826992472164","136.5","7"
"2.803176447838957","138","7"
"14.7275508715181","139.5","7"
"25.167927281746927","141","7"
"12.655737345353943","142.5","7"
"-1.7453291555388049","144","7"
"13.329436322848034","145.5","7"
"27.908323555775823","147","7"
"16.807068351740345","148.5","7"
"1.728150904182015","150","7"
"12.593159763640081","151.5","7"
"24.61934684526317","153","7"
"16.08949493901325","154.5","7"
"3.5533667984536303","156","7"
"11.648596711930955","157.5","7"
"24.000417082575275","159","7"
"15.11604303358676","160.5","7"
"5.0034107661814655","162","7"
"14.40858208326139","163.5","7"
"21.27473366993252","165","7"
"11.850725183908098","166.5","7"
"5.086512875241038","168","7"
"15.05251326902077","169.5","7"
"22.627484731462534","171","7"
"13.767201999513354","172.5","7"
"5.539039334115255","174","7"
"15.14507603937257","175.5","7"
"18.8198286194641","177","7"
"10.455786655946111","178.5","7"
"6.054416094832832","180","7"
"18.876286361472065","181.5","7"
"22.19203327989608","183","7"
"6.917622446311162","184.5","7"
"3.7231814414871223","186","7"
"18.253398260904625","187.5","7"
"23.17008558430699","189","7"
"7.139352482795764","190.5","7"
"1.5619764904770217","192","7"
"17.3811301987235","193.5","7"
"27.07626223268616","195","7"
"13.725067518706538","196.5","7"
"0.24432321906257673","198","7"
"11.578711789147329","199.5","7"
"21.265183790197927","201","7"
"15.363869269662683","202.5","7"
"5.7500238078975165","204","7"
"12.211075745414215","205.5","7"
"20.432411836370836","207","7"
"14.285571279251876","208.5","7"
"5.024925657197432","210","7"
"12.779372288859818","211.5","7"
"20.474987344587067","213","7"
"12.848932285089157","214.5","7"
"3.236801648538245","216","7"
"11.346898899875063","217.5","7"
"22.920255244879453","219","7"
"15.143048560009857","220.5","7"
"1.5190678741026211","222","7"
"8.651818581763647","223.5","7"
"21.500025431308345","225","7"
"20.04151973716261","226.5","7"
"4.291238380818953","228","7"
"4.819151696289292","229.5","7"
"17.50581628352849","231","7"
"22.258255960940755","232.5","7"
"10.061486334319548","234","7"
"2.4587170934785005","235.5","7"
"12.577137845632354","237","7"
"20.398725445975447","238.5","7"
"14.36229134768105","240","7"
"5.932190724796268","241.5","7"
"10.645191565081696","243","7"
"18.642375085603415","244.5","7"
"15.888224366643463","246","7"
"4.930600335608715","247.5","7"
"7.651598806026907","249","7"
"18.865168730593055","250.5","7"
"20.88025880742308","252","7"
"8.364580390973654","253.5","7"
"2.5149510101801855","255","7"
"13.77055723630653","256.5","7"
"21.3794924844754","258","7"
"14.964836084988804","259.5","7"
"2.5264309692312414","261","7"
"8.329976102542416","262.5","7"
"19.344835127954195","264","7"
"19.263898027122636","265.5","7"
"7.366155113688998","267","7"
"4.4058774560532985","268.5","7"
"14.239860268746808","270","7"
"21.6214279657542","271.5","7"
"13.46733452912657","273","7"
"2.8454046274902645","274.5","7"
"10.267809241888347","276","7"
"20.453291289485076","277.5","7"
"18.953277591629995","279","7"
"6.18304960871219","280.5","7"
"3.236561460024196","282","7"
"15.110153837190378","283.5","7"
"23.055480793888922","285","7"
"12.74638951639853","286.5","7"
"2.146509621632282","288","7"
"12.02542034845902","289.5","7"
"21.15747180625279","291","7"
"17.48784480619505","292.5","7"
"5.4454413960719235","294","7"
"5.136948177589352","295.5","7"
"15.193579704003682","297","7"
"21.615711751839957","298.5","7"
"12.541113854126998","300","7"
"17.477818055834025","1.5","8"
"10.829647772667476","3","8"
"4.726082056096812","4.5","8"
"13.048695104743013","6","8"
"19.163215988915546","7.5","8"
"11.901172174261964","9","8"
"5.444509472429416","10.5","8"
"12.141186147428371","12","8"
"16.14552412081772","13.5","8"
"12.126231733927531","15","8"
"8.264891054037928","16.5","8"
"15.16081277004488","18","8"
"15.517066296005591","19.5","8"
"7.79852560699251","21","8"
"6.386909463911451","22.5","8"
"16.74385805932605","24","8"
"16.701114243829903","25.5","8"
"7.667538907995784","27","8"
"5.811466484272489","28.5","8"
"17.17052636432198","30","8"
"16.174066230370435","31.5","8"
"6.796473931185924","33","8"
"7.583481888882789","34.5","8"
"15.540810089679914","36","8"
"15.587839507211005","37.5","8"
"8.093858910426327","39","8"
"10.118577566228314","40.5","8"
"15.860631323141392","42","8"
"10.810500481975723","43.5","8"
"5.710064464923526","45","8"
"12.461451525100744","46.5","8"
"18.155320310334037","48","8"
"10.91607356090524","49.5","8"
"3.545693233209973","51","8"
"12.903689032689433","52.5","8"
"21.021583936928828","54","8"
"11.926899032877909","55.5","8"
"2.2475722992201144","57","8"
"9.148618816060488","58.5","8"
"19.062265905781175","60","8"
"16.884687617396484","61.5","8"
"6.360398729723296","63","8"
"9.2418797499438","64.5","8"
"14.322860692158097","66","8"
"11.29336004245308","67.5","8"
"8.456081111221158","69","8"
"14.081732462462604","70.5","8"
"15.293342285774186","72","8"
"8.004966953017547","73.5","8"
"6.1654981203781745","75","8"
"16.274985145490007","76.5","8"
"17.980810595471173","78","8"
"6.759671518510946","79.5","8"
"3.5667912520279956","81","8"
"15.554324540897012","82.5","8"
"21.079232297102138","84","8"
"9.775545512145586","85.5","8"
"2.0288569889670023","87","8"
"12.614352455303056","88.5","8"
"21.031623154495776","90","8"
"13.58077675259261","91.5","8"
"4.409272432065343","93","8"
"9.554764541711632","94.5","8"
"16.931793396563833","96","8"
"14.671164815944174","97.5","8"
"9.211769110046292","99","8"
"11.318355231921604","100.5","8"
"14.235392333825288","102","8"
"10.126206717050882","103.5","8"
"7.7252005145753815","105","8"
"14.523800883571006","106.5","8"
"16.8762021253673","108","8"
"7.957022754252089","109.5","8"
"4.828080163728817","111","8"
"15.727578184763454","112.5","8"
"20.504327355318654","114","8"
"8.601131597695828","115.5","8"
"0.0757437303655761","117","8"
"12.66935620942062","118.5","8"
"24.279707429591376","120","8"
"15.29295736079141","121.5","8"
"-0.5855741428495667","123","8"
"6.8556986137077205","124.5","8"
"21.15739700301727","126","8"
"20.343009502719713","127.5","8"
"4.862539520891236","129","8"
"3.5540076907579468","130.5","8"
"14.759957814905967","132","8"
"20.284737782250414","133.5","8"
"10.399258006704477","135","8"
"7.045616236686759","136.5","8"
"13.121498912112617","138","8"
"15.962893579698823","139.5","8"
"10.265033730170444","141","8"
"7.91585837790591","142.5","8"
"14.855606218722926","144","8"
"15.616383175164462","145.5","8"
"6.764977873030575","147","8"
"6.279197479966313","148.5","8"
"18.14381775447225","150","8"
"19.209403870047048","151.5","8"
"6.532610193094875","153","8"
"2.639250806401754","154.5","8"
"15.11071953665899","156","8"
"22.945809900213632","157.5","8"
"11.129097591655947","159","8"
"0.41942929005860996","160.5","8"
"10.667645782143685","162","8"
"20.987456519124027","163.5","8"
"16.915805763372386","165","8"
"4.6658888275151185","166.5","8"
"8.625621086124228","168","8"
"16.808712464521022","169.5","8"
"17.211708662276667","171","8"
"7.373165579417794","172.5","8"
"9.277517258065643","174","8"
"15.977212165697752","175.5","8"
"13.88492514981212","177","8"
"6.153224935350469","178.5","8"
"10.23097955720042","180","8"
"18.999721050482854","181.5","8"
"16.427568161941362","183","8"
"2.9990993680695044","184.5","8"
"6.838951260155535","186","8"
"19.39216375842736","187.5","8"
"19.473964213268864","189","8"
"3.63219343508307","190.5","8"
"2.311090960180832","192","8"
"17.105014314014735","193.5","8"
"23.586038325814823","195","8"
"10.285938117696524","196.5","8"
"0.20627915059802096","198","8"
"10.858157155804655","199.5","8"
"21.71702026714452","201","8"
"15.342078152115553","202.5","8"
"3.659224675118378","204","8"
"9.270386016279499","205.5","8"
"18.699040094909797","207","8"
"16.88561486583677","208.5","8"
"5.358016672959834","210","8"
"8.80036767789957","211.5","8"
"17.063099567712257","213","8"
"15.542697312976028","214.5","8"
"5.191991281325601","216","8"
"8.581801974117495","217.5","8"
"19.134923223481223","219","8"
"16.723776507390678","220.5","8"
"3.689264797382401","222","8"
"5.379291959862028","223.5","8"
"19.22400296817917","225","8"
"20.183011615547535","226.5","8"
"4.971488875023917","228","8"
"1.3634428594068242","229.5","8"
"16.649939480330467","231","8"
"24.624322818825924","232.5","8"
"12.925843257608976","234","8"
"-0.8024472773279542","235.5","8"
"7.895204113698596","237","8"
"22.168579348759394","238.5","8"
"20.89072814359426","240","8"
"5.319999876508227","241.5","8"
"4.4627676542666075","243","8"
"16.02947780971517","244.5","8"
"21.759065919109158","246","8"
"10.350069424948146","247.5","8"
"5.0630180360849275","249","8"
"12.098438435930372","250.5","8"
"17.200606615405057","252","8"
"11.694691089018058","253.5","8"
"5.657785964100001","255","8"
"14.293995993652203","256.5","8"
"18.214301103140027","258","8"
"10.229682967784758","259.5","8"
"2.2145803711544785","261","8"
"13.47254270439958","262.5","8"
"21.993814056175175","264","8"
"12.023364817882987","265.5","8"
"0.9434296073709302","267","8"
"8.537926759684122","268.5","8"
"22.61854574481801","270","8"
"21.043429598501856","271.5","8"
"2.219167913332792","273","8"
"0.689232288169811","274.5","8"
"17.90633150730609","276","8"
"25.701481618295805","277.5","8"
"12.502403179745915","279","8"
"-0.7518674333110063","280.5","8"
"9.335318341511469","282","8"
"22.739337386173794","283.5","8"
"21.23077274345845","285","8"
"5.446508900578809","286.5","8"
"4.413645304541725","288","8"
"13.742714848686063","289.5","8"
"18.365071699530787","291","8"
"11.411532791365328","292.5","8"
"9.157380924221021","294","8"
"13.989869414043055","295.5","8"
"14.084900691166983","297","8"
"7.715753489289629","298.5","8"
"9.064271934409858","300","8"
"10.268441952588779","1.5","9"
"6.323080486403385","3","9"
"13.327156382565445","4.5","9"
"15.52616112272411","6","9"
"11.49567162651717","7.5","9"
"11.50541163114204","9","9"
"14.604491757085647","10.5","9"
"7.696505681750146","12","9"
"6.315760678127703","13.5","9"
"14.762028929489398","15","9"
"19.883236090804406","16.5","9"
"9.509754032339185","18","9"
"2.5140033077301855","19.5","9"
"12.759048405609379","21","9"
"22.952897506779056","22.5","9"
"13.423417237873217","24","9"
"2.0208210955512995","25.5","9"
"8.398933776885753","27","9"
"19.01929612217773","28.5","9"
"17.42427608161056","30","9"
"6.75191224122659","31.5","9"
"9.509680008304034","33","9"
"14.96290210967049","34.5","9"
"12.639810489791357","36","9"
"7.787708747456315","37.5","9"
"12.632134586946588","39","9"
"15.765060839361432","40.5","9"
"11.051396509960957","42","9"
"5.726082876529587","43.5","9"
"13.949304242781396","45","9"
"19.00361861073354","46.5","9"
"8.5149567119772","48","9"
"2.391218861428154","49.5","9"
"12.676939387421358","51","9"
"22.692770813662477","52.5","9"
"14.56842413035957","54","9"
"0.9848470290372633","55.5","9"
"8.633612565118842","57","9"
"19.957370772405955","58.5","9"
"15.558628843740834","60","9"
"6.068932987325923","61.5","9"
"8.787460223770692","63","9"
"17.078859674395666","64.5","9"
"15.720552914227628","66","9"
"7.29056722339742","67.5","9"
"10.246762260694558","69","9"
"15.484081185943193","70.5","9"
"11.123631501060471","72","9"
"6.7300977476683626","73.5","9"
"11.609003982731045","75","9"
"18.94912289525721","76.5","9"
"13.816651613393633","78","9"
"2.767793933038193","79.5","9"
"10.134431956156492","81","9"
"20.155088191088588","82.5","9"
"14.216224004723545","84","9"
"4.671991524812877","85.5","9"
"8.89963780503624","87","9"
"20.07260048152075","88.5","9"
"17.339067404350722","90","9"
"4.965790582718184","91.5","9"
"6.21744896744612","93","9"
"17.016716886488258","94.5","9"
"18.50969284660159","96","9"
"6.393963564860966","97.5","9"
"6.266554953963232","99","9"
"16.47199816703817","100.5","9"
"17.615484060402302","102","9"
"8.65473512874852","103.5","9"
"5.853351231360723","105","9"
"15.530365687920574","106.5","9"
"16.802371331910045","108","9"
"7.286638495131933","109.5","9"
"6.216026926770889","111","9"
"16.707466285246056","112.5","9"
"18.212293882986934","114","9"
"8.39558243609443","115.5","9"
"4.7199626059911","117","9"
"15.622912874264975","118.5","9"
"19.568950296771334","120","9"
"8.031340547940584","121.5","9"
"2.9469909277267297","123","9"
"14.179553276911095","124.5","9"
"21.220619762637483","126","9"
"13.481966353674233","127.5","9"
"3.6168529277989006","129","9"
"11.48529501519002","130.5","9"
"18.942621247370017","132","9"
"12.25473590054547","133.5","9"
"4.823201979812498","135","9"
"11.366145149013805","136.5","9"
"19.364101636302557","138","9"
"14.505848107046447","139.5","9"
"4.758461727471729","141","9"
"10.370560836278132","142.5","9"
"18.461969940741213","144","9"
"14.141282071538688","145.5","9"
"3.5467825553272183","147","9"
"9.209479040158893","148.5","9"
"19.819778012672455","150","9"
"17.697683465833244","151.5","9"
"3.7008931941039407","153","9"
"6.311089761509801","154.5","9"
"18.45982246452152","156","9"
"18.73317997992052","157.5","9"
"4.215366082392329","159","9"
"3.324562401809893","160.5","9"
"16.585577529769328","162","9"
"21.581863287767607","163.5","9"
"8.579093473631412","165","9"
"2.1501732269718805","166.5","9"
"13.079807017115956","168","9"
"20.425804217233324","169.5","9"
"12.161799114016075","171","9"
"2.63542376378455","172.5","9"
"11.416755771445368","174","9"
"20.049349142480263","175.5","9"
"15.758372183385442","177","9"
"3.311707154105805","178.5","9"
"9.683748695757485","180","9"
"18.61511398145896","181.5","9"
"15.900953383887613","183","9"
"4.240028553302869","184.5","9"
"8.538776088087412","186","9"
"18.976483737049023","187.5","9"
"17.826814109548653","189","9"
"3.1869809404817597","190.5","9"
"6.948520078582359","192","9"
"18.928807583210844","193.5","9"
"19.697292389712317","195","9"
"5.42440493408313","196.5","9"
"2.3855575811399947","198","9"
"15.608508576225347","199.5","9"
"22.24282467681348","201","9"
"10.362062877043025","202.5","9"
"2.1890724678424998","204","9"
"12.401749971952512","205.5","9"
"19.85595784425181","207","9"
"12.761898720562801","208.5","9"
"2.1787231285282984","210","9"
"11.711834276358198","211.5","9"
"20.44389101622152","213","9"
"14.312060975030041","214.5","9"
"4.074718078008101","216","9"
"9.855710425410484","217.5","9"
"20.37688757640612","219","9"
"15.144265670987782","220.5","9"
"2.186567143852891","222","9"
"7.365381367721598","223.5","9"
"20.516845988462904","225","9"
"20.602003238498327","226.5","9"
"5.644689553881401","228","9"
"3.3814600024267163","229.5","9"
"16.449879785335646","231","9"
"21.415014670942483","232.5","9"
"10.244141809850284","234","9"
"2.8489466775721444","235.5","9"
"13.696882282923276","237","9"
"21.42045348952501","238.5","9"
"12.901824406204048","240","9"
"4.192629015596033","241.5","9"
"11.917489409209916","243","9"
"20.190702323199332","244.5","9"
"14.205104815443793","246","9"
"2.7497009004470354","247.5","9"
"9.198966068766994","249","9"
"19.645921267719643","250.5","9"
"18.291431030963814","252","9"
"5.07590562060437","253.5","9"
"4.933322082501088","255","9"
"17.288818330890834","256.5","9"
"19.898034664231247","258","9"
"8.51045760904088","259.5","9"
"2.707823555762316","261","9"
"13.957510781078128","262.5","9"
"21.9307798630445","264","9"
"14.47727950468115","265.5","9"
"3.1808990867938984","267","9"
"10.529518490956374","268.5","9"
"20.74283591337024","270","9"
"17.308131591261397","271.5","9"
"3.9069998735700664","273","9"
"5.793122938762379","274.5","9"
"17.67535158322934","276","9"
"21.212950872596046","277.5","9"
"9.104046217295975","279","9"
"4.533664758330848","280.5","9"
"14.962599779926933","282","9"
"20.57527043220472","283.5","9"
"11.51512046775211","285","9"
"2.8873088545877486","286.5","9"
"10.263546236664133","288","9"
"20.36907219669512","289.5","9"
"16.74603202835832","291","9"
"4.8897585482157115","292.5","9"
"8.885997123359203","294","9"
"20.181534251646035","295.5","9"
"18.23121130956954","297","9"
"4.780460891517644","298.5","9"
"3.166874259334456","300","9"
"22.068548722061614","1.5","10"
"19.09708681191527","3","10"
"2.5861373923817847","4.5","10"
"4.752030207617835","6","10"
"20.006457278913818","7.5","10"
"19.033970023545375","9","10"
"7.424705008690384","10.5","10"
"6.052510170727837","12","10"
"14.159446790563884","13.5","10"
"16.430734832245","15","10"
"9.61244874510196","16.5","10"
"10.877468857774476","18","10"
"13.455941061316581","19.5","10"
"10.122890440276207","21","10"
"8.74882357342476","22.5","10"
"15.673091819691562","24","10"
"16.79096228009266","25.5","10"
"7.301145647620398","27","10"
"4.524062282571282","28.5","10"
"15.755043439404846","30","10"
"21.863304227804882","31.5","10"
"8.528118185426694","33","10"
"0.7756155125873634","34.5","10"
"11.2909499757087","36","10"
"23.318582474018122","37.5","10"
"16.06711786278789","39","10"
"2.6468332052021224","40.5","10"
"7.175035184539066","42","10"
"16.52323214976572","43.5","10"
"16.425043552742597","45","10"
"8.022452209320113","46.5","10"
"10.218032363852673","48","10"
"13.738630280346577","49.5","10"
"11.533422326042425","51","10"
"8.773070730538095","52.5","10"
"14.195328967601904","54","10"
"14.746691149406523","55.5","10"
"7.354845799518969","57","10"
"4.45018941229405","58.5","10"
"15.216720396591631","60","10"
"20.84823523061725","61.5","10"
"9.12006423930185","63","10"
"0.5264359515688383","64.5","10"
"12.149981761204813","66","10"
"21.807083362709395","67.5","10"
"14.236850996917909","69","10"
"2.3071125578917573","70.5","10"
"9.448399016005835","72","10"
"18.708089728006858","73.5","10"
"16.102552778813536","75","10"
"7.235638272515375","76.5","10"
"9.27766063093372","78","10"
"14.424549457243216","79.5","10"
"12.209579680703834","81","10"
"7.810071018874646","82.5","10"
"13.302650530929274","84","10"
"16.88633640537938","85.5","10"
"9.10077123814091","87","10"
"3.376461821653418","88.5","10"
"13.089436375288287","90","10"
"20.645294052654204","91.5","10"
"11.90290199908334","93","10"
"1.2898293654527533","94.5","10"
"10.524135774800486","96","10"
"21.668240765582432","97.5","10"
"15.975270398375738","99","10"
"4.07857434063918","100.5","10"
"7.344542433026597","102","10"
"17.913897542898688","103.5","10"
"17.17416678845057","105","10"
"6.260424205452154","106.5","10"
"7.551167670338952","108","10"
"14.795105985195455","109.5","10"
"12.925005617211239","111","10"
"7.036896205346205","112.5","10"
"11.581809110618037","114","10"
"16.93352789658743","115.5","10"
"11.753206699203163","117","10"
"2.7002995969896966","118.5","10"
"10.935868367104455","120","10"
"20.38044696369623","121.5","10"
"13.617109307444483","123","10"
"1.4017915952160458","124.5","10"
"8.914974026718376","126","10"
"23.146475813096306","127.5","10"
"18.062438067830538","129","10"
"2.503148656976046","130.5","10"
"3.8164774393870835","132","10"
"17.30333795058522","133.5","10"
"22.718542086699514","135","10"
"8.342836804649094","136.5","10"
"3.9727994488138356","138","10"
"12.719308407539542","139.5","10"
"16.792829244179153","141","10"
"11.576177050343754","142.5","10"
"9.078931030970471","144","10"
"14.022846732101753","145.5","10"
"14.531946644238879","147","10"
"6.183088958330874","148.5","10"
"8.250398706356492","150","10"
"19.20404920510448","151.5","10"
"17.072097773584897","153","10"
"2.7522697292667986","154.5","10"
"3.4708066232513852","156","10"
"17.778926013209833","157.5","10"
"23.427924545137277","159","10"
"9.068476499606321","160.5","10"
"1.2637033614472806","162","10"
"12.45488442438247","163.5","10"
"21.157367393403213","165","10"
"15.528060813226144","166.5","10"
"3.857234683539943","168","10"
"8.407406022508649","169.5","10"
"16.961996761305368","171","10"
"15.018466888054446","172.5","10"
"6.6631262550681285","174","10"
"11.15135233342322","175.5","10"
"15.17204572257865","177","10"
"10.68376977539988","178.5","10"
"6.224187102645605","180","10"
"13.778215217542787","181.5","10"
"19.363557754444304","183","10"
"10.799018964523926","184.5","10"
"1.0058766730228192","186","10"
"11.444702571915414","187.5","10"
"23.826259566279646","189","10"
"17.296230084810176","190.5","10"
"0.08018374191133738","192","10"
"3.959475901687384","193.5","10"
"20.43507826003694","195","10"
"25.42936614828657","196.5","10"
"7.6998554641407315","198","10"
"0.24027395823985656","199.5","10"
"12.581633831767194","201","10"
"21.388726008859773","202.5","10"
"14.862357210728515","204","10"
"4.305589693233421","205.5","10"
"9.60643721424749","207","10"
"17.059901729393818","208.5","10"
"13.864940218722626","210","10"
"7.427827264572932","211.5","10"
"12.672984166343293","213","10"
"15.647856636509081","214.5","10"
"8.472935215224032","216","10"
"4.234922453278327","217.5","10"
"14.7470137383597","219","10"
"21.88191620784245","220.5","10"
"12.168666206876793","222","10"
"0.5017528318484936","223.5","10"
"8.216769976788482","225","10"
"23.121798537378737","226.5","10"
"20.73542727625238","228","10"
"2.2041277877912533","229.5","10"
"3.0018906585949","231","10"
"18.257492179648548","232.5","10"
"24.962587725045054","234","10"
"10.545103277556535","235.5","10"
"1.3861230445761106","237","10"
"9.830827440795236","238.5","10"
"19.553266551724185","240","10"
"16.306411854812424","241.5","10"
"6.054437133242821","243","10"
"9.280400299434604","244.5","10"
"15.595109446663006","246","10"
"14.66927447584658","247.5","10"
"7.23756757263147","249","10"
"12.03728757009396","250.5","10"
"17.23390028881397","252","10"
"10.721699691010231","253.5","10"
"3.6923032892251757","255","10"
"10.606145055341148","256.5","10"
"21.931580881024846","258","10"
"17.470245786638465","259.5","10"
"-0.04796030325435516","261","10"
"3.182450085130363","262.5","10"
"20.68760151594316","264","10"
"26.03126414928723","265.5","10"
"8.682753615652604","267","10"
"-2.8722827546528698","268.5","10"
"10.650935830209258","270","10"
"25.99239295962993","271.5","10"
"21.48759718540701","273","10"
"1.501139252789531","274.5","10"
"2.4287200220349194","276","10"
"16.387818034266715","277.5","10"
"23.33727549089417","279","10"
"11.148437344839088","280.5","10"
"4.160719202044221","282","10"
"11.531000571292498","283.5","10"
"18.353954068651777","285","10"
"12.781830666027135","286.5","10"
"6.747191845385193","288","10"
"14.47647536989932","289.5","10"
"15.787218181082455","291","10"
"7.828104832237685","292.5","10"
"5.610688366536536","294","10"
"15.85776230737909","295.5","10"
"21.067510006736015","297","10"
"9.834530200953427","298.5","10"
"-0.2142802234971895","300","10"
"7.213660146879449","1.5","11"
"13.564221861531811","3","11"
"18.708875161979808","4.5","11"
"10.513654750623756","6","11"
"4.780455047514869","7.5","11"
"16.692145647571323","9","11"
"19.404300583390317","10.5","11"
"9.686764201189344","12","11"
"5.633860616739471","13.5","11"
"16.42934473878494","15","11"
"19.561508933237935","16.5","11"
"9.15976216055171","18","11"
"6.367136085722411","19.5","11"
"16.267808710082402","21","11"
"16.758651957550672","22.5","11"
"8.673526324871188","24","11"
"8.864403922706053","25.5","11"
"15.985699216127678","27","11"
"9.550807762232825","28.5","11"
"8.255882718560478","30","11"
"14.421451356572137","31.5","11"
"21.747931145822005","33","11"
"10.660825441305166","34.5","11"
"3.104464205700142","36","11"
"11.697595168797008","37.5","11"
"21.863647075967677","39","11"
"13.513012813216097","40.5","11"
"3.6952833410402004","42","11"
"9.748862574675664","43.5","11"
"17.481268355072338","45","11"
"12.064653087087995","46.5","11"
"10.242361337004857","48","11"
"13.915987193361383","49.5","11"
"7.342739363370441","51","11"
"6.61367430358674","52.5","11"
"17.710178722966393","54","11"
"24.16744803228698","55.5","11"
"9.215162527657597","57","11"
"1.1555007734691878","58.5","11"
"11.88418560619619","60","11"
"22.08519867556755","61.5","11"
"14.25309576623145","63","11"
"7.104805855191906","64.5","11"
"12.558606902433263","66","11"
"15.16973461428126","67.5","11"
"12.292361928011527","69","11"
"11.770413780973643","70.5","11"
"14.125295996747981","72","11"
"6.145055798671498","73.5","11"
"5.928401473397009","75","11"
"17.86295498110951","76.5","11"
"23.79594399668483","78","11"
"9.231226522485303","79.5","11"
"-0.5463591797290321","81","11"
"11.838565762134412","82.5","11"
"22.38349216120696","84","11"
"12.565276078400004","85.5","11"
"3.5626953852831456","87","11"
"10.912804815353134","88.5","11"
"18.50610073289594","90","11"
"15.350823897068317","91.5","11"
"5.941387237163069","93","11"
"12.308420468436642","94.5","11"
"13.73093178069108","96","11"
"8.066311060545717","97.5","11"
"11.157947485354812","99","11"
"19.878403490109733","100.5","11"
"15.308851489938458","102","11"
"4.359163614672054","103.5","11"
"4.990815381800769","105","11"
"16.32452670501394","106.5","11"
"19.700242442313098","108","11"
"7.939201662590057","109.5","11"
"4.862998859509345","111","11"
"16.128757287256285","112.5","11"
"19.882617405710636","114","11"
"10.219854134317709","115.5","11"
"5.140336919998437","117","11"
"13.456497410380754","118.5","11"
"18.19100457047808","120","11"
"8.911874367646558","121.5","11"
"4.661956203247781","123","11"
"12.750382139094356","124.5","11"
"19.12249186077841","126","11"
"13.536014808138189","127.5","11"
"4.183737560174082","129","11"
"9.22997123068925","130.5","11"
"17.733333441161005","132","11"
"12.705610065035126","133.5","11"
"6.770890445438056","135","11"
"12.140343052628042","136.5","11"
"17.588452041166626","138","11"
"11.250244548380445","139.5","11"
"2.69074387325233","141","11"
"9.727560015760519","142.5","11"
"18.04679795800411","144","11"
"14.652660365557661","145.5","11"
"5.680320828400284","147","11"
"11.004609423744935","148.5","11"
"17.60204285401998","150","11"
"15.973481354326243","151.5","11"
"5.681666897039441","153","11"
"7.347749621749474","154.5","11"
"16.26629550296388","156","11"
"18.87218465072444","157.5","11"
"9.758137396679649","159","11"
"9.334783810057656","160.5","11"
"14.978959870895235","162","11"
"17.451688350626796","163.5","11"
"9.687674307221492","165","11"
"7.810210495740874","166.5","11"
"11.9462426820629","168","11"
"18.391514643286754","169.5","11"
"15.922680607004402","171","11"
"10.39390645856339","172.5","11"
"11.426000983835294","174","11"
"17.602466739021256","175.5","11"
"15.621036559774039","177","11"
"10.554707701317026","178.5","11"
"10.682101507407731","180","11"
"15.638585710506945","181.5","11"
"17.362136410504633","183","11"
"13.309922028782015","184.5","11"
"11.728636953136652","186","11"
"13.672270460036785","187.5","11"
"15.311039484577389","189","11"
"14.646473514619945","190.5","11"
"13.03159944862544","192","11"
"12.072039127395126","193.5","11"
"14.260088310351737","195","11"
"15.58299288090967","196.5","11"
"14.617027532638039","198","11"
"14.099375117239909","199.5","11"
"14.391779406482934","201","11"
"15.4835591216953","202.5","11"
"15.612293931622757","204","11"
"14.436524208529216","205.5","11"
"13.58448107115154","207","11"
"14.156057268954429","208.5","11"
"15.719145678359427","210","11"
"16.856318490325904","211.5","11"
"16.56608193651219","213","11"
"15.31024002499778","214.5","11"
"15.700312405416778","216","11"
"16.351356132153423","217.5","11"
"13.815211651109893","219","11"
"10.017752934353513","220.5","11"
"7.909493869283835","222","11"
"5.922868371569712","223.5","11"
"9.790650311317835","225","11"
"14.590696793735352","226.5","11"
"14.350124913104032","228","11"
"14.059060848497388","229.5","11"
"17.092257245557267","231","11"
"12.460542198268966","232.5","11"
"10.192287583628218","234","11"
"7.100629341208762","235.5","11"
"7.95166808930952","237","11"
"9.774376711590602","238.5","11"
"13.736593450579424","240","11"
"15.2728274984331","241.5","11"
"12.31080871757066","243","11"
"14.821012839096868","244.5","11"
"12.95475782493855","246","11"
"9.11110966864993","247.5","11"
"12.097668585964822","249","11"
"12.920748066389615","250.5","11"
"11.257797337566755","252","11"
"15.670035795840464","253.5","11"
"17.723417337252517","255","11"
"10.651808534623648","256.5","11"
"9.789645922040918","258","11"
"7.997642469539645","259.5","11"
"6.182599620498521","261","11"
"10.947039762808995","262.5","11"
"18.095141107359","264","11"
"19.601216984092602","265.5","11"
"16.63930183687937","267","11"
"8.10487057005502","268.5","11"
"4.073963812049952","270","11"
"7.585449369817012","271.5","11"
"15.325054182432021","273","11"
"16.07733941324141","274.5","11"
"15.562883277760978","276","11"
"13.445725744466017","277.5","11"
"9.446875679282506","279","11"
"7.089821832077007","280.5","11"
"8.01509733702778","282","11"
"12.04325001132512","283.5","11"
"15.945891427625652","285","11"
"17.541248082752656","286.5","11"
"17.693030081223664","288","11"
"14.972586011868719","289.5","11"
"8.96842405529818","291","11"
"6.129148423118162","292.5","11"
"6.0631158669637655","294","11"
"11.637824266815848","295.5","11"
"14.55645717107727","297","11"
"18.827090766912406","298.5","11"
"16.19179771398992","300","11"
"10.268441952588779","1.5","12"
"6.323080486403385","3","12"
"13.327156382565445","4.5","12"
"15.52616112272411","6","12"
"11.49567162651717","7.5","12"
"11.50541163114204","9","12"
"14.604491757085647","10.5","12"
"7.696505681750146","12","12"
"6.315760678127703","13.5","12"
"14.762028929489398","15","12"
"19.883236090804406","16.5","12"
"9.509754032339185","18","12"
"2.5140033077301855","19.5","12"
"12.759048405609379","21","12"
"22.952897506779056","22.5","12"
"13.423417237873217","24","12"
"2.0208210955512995","25.5","12"
"8.398933776885753","27","12"
"19.01929612217773","28.5","12"
"17.42427608161056","30","12"
"6.75191224122659","31.5","12"
"9.509680008304034","33","12"
"14.96290210967049","34.5","12"
"12.639810489791357","36","12"
"7.787708747456315","37.5","12"
"12.632134586946588","39","12"
"15.765060839361432","40.5","12"
"11.051396509960957","42","12"
"5.726082876529587","43.5","12"
"13.949304242781396","45","12"
"19.00361861073354","46.5","12"
"8.5149567119772","48","12"
"2.391218861428154","49.5","12"
"12.676939387421358","51","12"
"22.692770813662477","52.5","12"
"14.56842413035957","54","12"
"0.9848470290372633","55.5","12"
"8.633612565118842","57","12"
"19.957370772405955","58.5","12"
"15.558628843740834","60","12"
"6.068932987325923","61.5","12"
"8.787460223770692","63","12"
"17.078859674395666","64.5","12"
"15.720552914227628","66","12"
"7.29056722339742","67.5","12"
"10.246762260694558","69","12"
"15.484081185943193","70.5","12"
"11.123631501060471","72","12"
"6.7300977476683626","73.5","12"
"11.609003982731045","75","12"
"18.94912289525721","76.5","12"
"13.816651613393633","78","12"
"2.767793933038193","79.5","12"
"10.134431956156492","81","12"
"20.155088191088588","82.5","12"
"14.216224004723545","84","12"
"4.671991524812877","85.5","12"
"8.89963780503624","87","12"
"20.07260048152075","88.5","12"
"17.339067404350722","90","12"
"4.965790582718184","91.5","12"
"6.21744896744612","93","12"
"17.016716886488258","94.5","12"
"18.50969284660159","96","12"
"6.393963564860966","97.5","12"
"6.266554953963232","99","12"
"16.47199816703817","100.5","12"
"17.615484060402302","102","12"
"8.65473512874852","103.5","12"
"5.853351231360723","105","12"
"15.530365687920574","106.5","12"
"16.802371331910045","108","12"
"7.286638495131933","109.5","12"
"6.216026926770889","111","12"
"16.707466285246056","112.5","12"
"18.212293882986934","114","12"
"8.39558243609443","115.5","12"
"4.7199626059911","117","12"
"15.622912874264975","118.5","12"
"19.568950296771334","120","12"
"8.031340547940584","121.5","12"
"2.9469909277267297","123","12"
"14.179553276911095","124.5","12"
"21.220619762637483","126","12"
"13.481966353674233","127.5","12"
"3.6168529277989006","129","12"
"11.48529501519002","130.5","12"
"18.942621247370017","132","12"
"12.25473590054547","133.5","12"
"4.823201979812498","135","12"
"11.366145149013805","136.5","12"
"19.364101636302557","138","12"
"14.505848107046447","139.5","12"
"4.758461727471729","141","12"
"10.370560836278132","142.5","12"
"18.461969940741213","144","12"
"14.141282071538688","145.5","12"
"3.5467825553272183","147","12"
"9.209479040158893","148.5","12"
"19.819778012672455","150","12"
"17.697683465833244","151.5","12"
"3.7008931941039407","153","12"
"6.311089761509801","154.5","12"
"18.45982246452152","156","12"
"18.73317997992052","157.5","12"
"4.215366082392329","159","12"
"3.324562401809893","160.5","12"
"16.585577529769328","162","12"
"21.581863287767607","163.5","12"
"8.579093473631412","165","12"
"2.1501732269718805","166.5","12"
"13.079807017115956","168","12"
"20.425804217233324","169.5","12"
"12.161799114016075","171","12"
"2.63542376378455","172.5","12"
"11.416755771445368","174","12"
"20.049349142480263","175.5","12"
"15.758372183385442","177","12"
"3.311707154105805","178.5","12"
"9.683748695757485","180","12"
"18.61511398145896","181.5","12"
"15.900953383887613","183","12"
"4.240028553302869","184.5","12"
"8.538776088087412","186","12"
"18.976483737049023","187.5","12"
"17.826814109548653","189","12"
"3.1869809404817597","190.5","12"
"6.948520078582359","192","12"
"18.928807583210844","193.5","12"
"19.697292389712317","195","12"
"5.42440493408313","196.5","12"
"2.3855575811399947","198","12"
"15.608508576225347","199.5","12"
"22.24282467681348","201","12"
"10.362062877043025","202.5","12"
"2.1890724678424998","204","12"
"12.401749971952512","205.5","12"
"19.85595784425181","207","12"
"12.761898720562801","208.5","12"
"2.1787231285282984","210","12"
"11.711834276358198","211.5","12"
"20.44389101622152","213","12"
"14.312060975030041","214.5","12"
"4.074718078008101","216","12"
"9.855710425410484","217.5","12"
"20.37688757640612","219","12"
"15.144265670987782","220.5","12"
"2.186567143852891","222","12"
"7.365381367721598","223.5","12"
"20.516845988462904","225","12"
"20.602003238498327","226.5","12"
"5.644689553881401","228","12"
"3.3814600024267163","229.5","12"
"16.449879785335646","231","12"
"21.415014670942483","232.5","12"
"10.244141809850284","234","12"
"2.8489466775721444","235.5","12"
"13.696882282923276","237","12"
"21.42045348952501","238.5","12"
"12.901824406204048","240","12"
"4.192629015596033","241.5","12"
"11.917489409209916","243","12"
"20.190702323199332","244.5","12"
"14.205104815443793","246","12"
"2.7497009004470354","247.5","12"
"9.198966068766994","249","12"
"19.645921267719643","250.5","12"
"18.291431030963814","252","12"
"5.07590562060437","253.5","12"
"4.933322082501088","255","12"
"17.288818330890834","256.5","12"
"19.898034664231247","258","12"
"8.51045760904088","259.5","12"
"2.707823555762316","261","12"
"13.957510781078128","262.5","12"
"21.9307798630445","264","12"
"14.47727950468115","265.5","12"
"3.1808990867938984","267","12"
"10.529518490956374","268.5","12"
"20.74283591337024","270","12"
"17.308131591261397","271.5","12"
"3.9069998735700664","273","12"
"5.793122938762379","274.5","12"
"17.67535158322934","276","12"
"21.212950872596046","277.5","12"
"9.104046217295975","279","12"
"4.533664758330848","280.5","12"
"14.962599779926933","282","12"
"20.57527043220472","283.5","12"
"11.51512046775211","285","12"
"2.8873088545877486","286.5","12"
"10.263546236664133","288","12"
"20.36907219669512","289.5","12"
"16.74603202835832","291","12"
"4.8897585482157115","292.5","12"
"8.885997123359203","294","12"
"20.181534251646035","295.5","12"
"18.23121130956954","297","12"
"4.780460891517644","298.5","12"
"3.166874259334456","300","12"
"20.74044844343659","1.5","13"
"5.148991498507912","3","13"
"3.829809557717605","4.5","13"
"15.920960132587465","6","13"
"19.28515461321595","7.5","13"
"8.794426275078399","9","13"
"10.262015887137474","10.5","13"
"13.92819726315912","12","13"
"11.68706115899512","13.5","13"
"8.899300411276036","15","13"
"13.912141060335115","16.5","13"
"18.179070337611318","18","13"
"10.122793819430328","19.5","13"
"2.8550010644469634","21","13"
"13.360641739265377","22.5","13"
"20.997247950973314","24","13"
"10.5073105012113","25.5","13"
"2.8854979929278928","27","13"
"10.733485875806693","28.5","13"
"22.507146584722083","30","13"
"13.430727695744459","31.5","13"
"4.73896457581385","33","13"
"11.185450141613964","34.5","13"
"18.89469107421122","36","13"
"13.304215165272213","37.5","13"
"5.624465018678137","39","13"
"12.706455497436563","40.5","13"
"15.703070774726541","42","13"
"8.549943587790102","43.5","13"
"9.095026973013345","45","13"
"18.038262597151242","46.5","13"
"12.03204978520689","48","13"
"3.2820044256019876","49.5","13"
"8.777798139182822","51","13"
"21.65508007133331","52.5","13"
"20.024054740069662","54","13"
"4.367766765957109","55.5","13"
"3.467689042571057","57","13"
"17.760857915030517","58.5","13"
"22.74661667603024","60","13"
"7.153473931101085","61.5","13"
"3.725616053043155","63","13"
"13.535545729515455","64.5","13"
"19.956331319112387","66","13"
"13.967171307265257","67.5","13"
"6.959368106133353","69","13"
"12.79639392094224","70.5","13"
"13.180091663134354","72","13"
"8.645824972517689","73.5","13"
"11.11839059937192","75","13"
"17.82860782880037","76.5","13"
"13.995035512496084","78","13"
"2.784057403160616","79.5","13"
"7.118588351336282","81","13"
"22.370772494367248","82.5","13"
"16.658844182158706","84","13"
"1.856215017391003","85.5","13"
"5.816799331604697","87","13"
"21.231790379141653","88.5","13"
"22.908931905102765","90","13"
"6.777007168342474","91.5","13"
"1.1927456745542728","93","13"
"15.100491752602508","94.5","13"
"23.495696276517492","96","13"
"11.839235095252231","97.5","13"
"5.210623910172976","99","13"
"11.353398210161146","100.5","13"
"17.759497431184514","102","13"
"15.428154858587561","103.5","13"
"5.672690898377346","105","13"
"8.11902240717477","106.5","13"
"18.386945412317136","108","13"
"15.51716291685147","109.5","13"
"7.393012592041798","111","13"
"8.19518768494051","112.5","13"
"17.56711130143335","114","13"
"17.588932028594538","115.5","13"
"6.349740047862208","117","13"
"3.1748113891032625","118.5","13"
"14.173506682039976","120","13"
"24.82094624018909","121.5","13"
"13.349511641180445","123","13"
"2.3291950963772616","124.5","13"
"7.851617982602489","126","13"
"20.865877885394553","127.5","13"
"21.749265136855428","129","13"
"7.398692183538652","130.5","13"
"0.5486342013092861","132","13"
"10.804951016940658","133.5","13"
"24.893879394820114","135","13"
"20.601297282963113","136.5","13"
"6.555009866130966","138","13"
"2.713865475431215","139.5","13"
"14.026293914538586","141","13"
"21.928108764176173","142.5","13"
"18.787937506721168","144","13"
"7.508143342709607","145.5","13"
"4.599911594586992","147","13"
"14.020524714999183","148.5","13"
"21.025947459000772","150","13"
"16.869108285198912","151.5","13"
"7.908270524702951","153","13"
"6.674928023871991","154.5","13"
"14.102820741276002","156","13"
"19.134014675849816","157.5","13"
"16.905423697642647","159","13"
"10.78299782571657","160.5","13"
"6.179130620451327","162","13"
"10.58200854468035","163.5","13"
"17.591967793236016","165","13"
"20.726282580710183","166.5","13"
"14.854752215117417","168","13"
"8.620907703086162","169.5","13"
"10.664416775810448","171","13"
"16.860678895596365","172.5","13"
"18.75891073453832","174","13"
"14.895103885477697","175.5","13"
"11.27905080685859","177","13"
"10.79804418486107","178.5","13"
"14.64010900599787","180","13"
"17.992246140101138","181.5","13"
"18.552731199837595","183","13"
"15.499007548230713","184.5","13"
"13.135041414543037","186","13"
"14.482677804844437","187.5","13"
"17.009624604720614","189","13"
"15.095129295656239","190.5","13"
"8.701585330194511","192","13"
"5.309102369733738","193.5","13"
"7.6046862685513155","195","13"
"12.129147501712032","196.5","13"
"18.402644741371684","198","13"
"14.809221979098186","199.5","13"
"11.565312659584988","201","13"
"11.06251024483812","202.5","13"
"7.855597358892027","204","13"
"7.369069323072759","205.5","13"
"8.6158125118668","207","13"
"14.055841192568591","208.5","13"
"17.489973581605863","210","13"
"16.39933305733442","211.5","13"
"16.25589161962378","213","13"
"10.033108636044899","214.5","13"
"4.118946270209079","216","13"
"9.24490304737936","217.5","13"
"13.096312039353075","219","13"
"15.032924171719232","220.5","13"
"14.101041047630947","222","13"
"13.244149725551196","223.5","13"
"11.293811199467303","225","13"
"10.627002690845028","226.5","13"
"15.20347710710329","228","13"
"16.091352552695305","229.5","13"
"13.984790586031462","231","13"
"12.494810651340737","232.5","13"
"13.458080745532573","234","13"
"9.400274042754539","235.5","13"
"11.105106791464339","237","13"
"10.840399958572963","238.5","13"
"10.622683583194176","240","13"
"11.623187767065964","241.5","13"
"12.648544546738568","243","13"
"13.56360629323952","244.5","13"
"9.964218752133752","246","13"
"13.285208909847427","247.5","13"
"12.64027255561076","249","13"
"17.001224824732123","250.5","13"
"12.542875626163543","252","13"
"5.502638209630823","253.5","13"
"6.836861444763223","255","13"
"10.796878501107566","256.5","13"
"15.158613866600769","258","13"
"13.3588729544255","259.5","13"
"17.31079178132454","261","13"
"14.090671449107125","262.5","13"
"12.707274437025422","264","13"
"10.182904452772803","265.5","13"
"8.674953040748639","267","13"
"10.750478677475426","268.5","13"
"11.907412010824839","270","13"
"12.424149644988603","271.5","13"
"17.071038061081712","273","13"
"18.22432629510031","274.5","13"
"12.974712367213613","276","13"
"10.19134475118053","277.5","13"
"9.766903400842033","279","13"
"8.940220897906407","280.5","13"
"12.499994671402277","282","13"
"12.74707677112486","283.5","13"
"16.488442411646428","285","13"
"14.914605712337796","286.5","13"
"12.503288351366223","288","13"
"11.854878321880143","289.5","13"
"9.079199075897748","291","13"
"6.996408954121548","292.5","13"
"10.687595649216528","294","13"
"12.962617619070635","295.5","13"
"16.546254403897436","297","13"
"14.87013051361953","298.5","13"
"14.250282852895788","300","13"
"10.268441952588779","1.5","14"
"6.323080486403385","3","14"
"13.327156382565445","4.5","14"
"15.52616112272411","6","14"
"11.49567162651717","7.5","14"
"11.50541163114204","9","14"
"14.604491757085647","10.5","14"
"7.696505681750146","12","14"
"6.315760678127703","13.5","14"
"14.762028929489398","15","14"
"19.883236090804406","16.5","14"
"9.509754032339185","18","14"
"2.5140033077301855","19.5","14"
"12.759048405609379","21","14"
"22.952897506779056","22.5","14"
"13.423417237873217","24","14"
"2.0208210955512995","25.5","14"
"8.398933776885753","27","14"
"19.01929612217773","28.5","14"
"17.42427608161056","30","14"
"6.75191224122659","31.5","14"
"9.509680008304034","33","14"
"14.96290210967049","34.5","14"
"12.639810489791357","36","14"
"7.787708747456315","37.5","14"
"12.632134586946588","39","14"
"15.765060839361432","40.5","14"
"11.051396509960957","42","14"
"5.726082876529587","43.5","14"
"13.949304242781396","45","14"
"19.00361861073354","46.5","14"
"8.5149567119772","48","14"
"2.391218861428154","49.5","14"
"12.676939387421358","51","14"
"22.692770813662477","52.5","14"
"14.56842413035957","54","14"
"0.9848470290372633","55.5","14"
"8.633612565118842","57","14"
"19.957370772405955","58.5","14"
"15.558628843740834","60","14"
"6.068932987325923","61.5","14"
"8.787460223770692","63","14"
"17.078859674395666","64.5","14"
"15.720552914227628","66","14"
"7.29056722339742","67.5","14"
"10.246762260694558","69","14"
"15.484081185943193","70.5","14"
"11.123631501060471","72","14"
"6.7300977476683626","73.5","14"
"11.609003982731045","75","14"
"18.94912289525721","76.5","14"
"13.816651613393633","78","14"
"2.767793933038193","79.5","14"
"10.134431956156492","81","14"
"20.155088191088588","82.5","14"
"14.216224004723545","84","14"
"4.671991524812877","85.5","14"
"8.89963780503624","87","14"
"20.07260048152075","88.5","14"
"17.339067404350722","90","14"
"4.965790582718184","91.5","14"
"6.21744896744612","93","14"
"17.016716886488258","94.5","14"
"18.50969284660159","96","14"
"6.393963564860966","97.5","14"
"6.266554953963232","99","14"
"16.47199816703817","100.5","14"
"17.615484060402302","102","14"
"8.65473512874852","103.5","14"
"5.853351231360723","105","14"
"15.530365687920574","106.5","14"
"16.802371331910045","108","14"
"7.286638495131933","109.5","14"
"6.216026926770889","111","14"
"16.707466285246056","112.5","14"
"18.212293882986934","114","14"
"8.39558243609443","115.5","14"
"4.7199626059911","117","14"
"15.622912874264975","118.5","14"
"19.568950296771334","120","14"
"8.031340547940584","121.5","14"
"2.9469909277267297","123","14"
"14.179553276911095","124.5","14"
"21.220619762637483","126","14"
"13.481966353674233","127.5","14"
"3.6168529277989006","129","14"
"11.48529501519002","130.5","14"
"18.942621247370017","132","14"
"12.25473590054547","133.5","14"
"4.823201979812498","135","14"
"11.366145149013805","136.5","14"
"19.364101636302557","138","14"
"14.505848107046447","139.5","14"
"4.758461727471729","141","14"
"10.370560836278132","142.5","14"
"18.461969940741213","144","14"
"14.141282071538688","145.5","14"
"3.5467825553272183","147","14"
"9.209479040158893","148.5","14"
"19.819778012672455","150","14"
"17.697683465833244","151.5","14"
"3.7008931941039407","153","14"
"6.311089761509801","154.5","14"
"18.45982246452152","156","14"
"18.73317997992052","157.5","14"
"4.215366082392329","159","14"
"3.324562401809893","160.5","14"
"16.585577529769328","162","14"
"21.581863287767607","163.5","14"
"8.579093473631412","165","14"
"2.1501732269718805","166.5","14"
"13.079807017115956","168","14"
"20.425804217233324","169.5","14"
"12.161799114016075","171","14"
"2.63542376378455","172.5","14"
"11.416755771445368","174","14"
"20.049349142480263","175.5","14"
"15.758372183385442","177","14"
"3.311707154105805","178.5","14"
"9.683748695757485","180","14"
"18.61511398145896","181.5","14"
"15.900953383887613","183","14"
"4.240028553302869","184.5","14"
"8.538776088087412","186","14"
"18.976483737049023","187.5","14"
"17.826814109548653","189","14"
"3.1869809404817597","190.5","14"
"6.948520078582359","192","14"
"18.928807583210844","193.5","14"
"19.697292389712317","195","14"
"5.42440493408313","196.5","14"
"2.3855575811399947","198","14"
"15.608508576225347","199.5","14"
"22.24282467681348","201","14"
"10.362062877043025","202.5","14"
"2.1890724678424998","204","14"
"12.401749971952512","205.5","14"
"19.85595784425181","207","14"
"12.761898720562801","208.5","14"
"2.1787231285282984","210","14"
"11.711834276358198","211.5","14"
"20.44389101622152","213","14"
"14.312060975030041","214.5","14"
"4.074718078008101","216","14"
"9.855710425410484","217.5","14"
"20.37688757640612","219","14"
"15.144265670987782","220.5","14"
"2.186567143852891","222","14"
"7.365381367721598","223.5","14"
"20.516845988462904","225","14"
"20.602003238498327","226.5","14"
"5.644689553881401","228","14"
"3.3814600024267163","229.5","14"
"16.449879785335646","231","14"
"21.415014670942483","232.5","14"
"10.244141809850284","234","14"
"2.8489466775721444","235.5","14"
"13.696882282923276","237","14"
"21.42045348952501","238.5","14"
"12.901824406204048","240","14"
"4.192629015596033","241.5","14"
"11.917489409209916","243","14"
"20.190702323199332","244.5","14"
"14.205104815443793","246","14"
"2.7497009004470354","247.5","14"
"9.198966068766994","249","14"
"19.645921267719643","250.5","14"
"18.291431030963814","252","14"
"5.07590562060437","253.5","14"
"4.933322082501088","255","14"
"17.288818330890834","256.5","14"
"19.898034664231247","258","14"
"8.51045760904088","259.5","14"
"2.707823555762316","261","14"
"13.957510781078128","262.5","14"
"21.9307798630445","264","14"
"14.47727950468115","265.5","14"
"3.1808990867938984","267","14"
"10.529518490956374","268.5","14"
"20.74283591337024","270","14"
"17.308131591261397","271.5","14"
"3.9069998735700664","273","14"
"5.793122938762379","274.5","14"
"17.67535158322934","276","14"
"21.212950872596046","277.5","14"
"9.104046217295975","279","14"
"4.533664758330848","280.5","14"
"14.962599779926933","282","14"
"20.57527043220472","283.5","14"
"11.51512046775211","285","14"
"2.8873088545877486","286.5","14"
"10.263546236664133","288","14"
"20.36907219669512","289.5","14"
"16.74603202835832","291","14"
"4.8897585482157115","292.5","14"
"8.885997123359203","294","14"
"20.181534251646035","295.5","14"
"18.23121130956954","297","14"
"4.780460891517644","298.5","14"
"3.166874259334456","300","14"
"22.068548722061614","1.5","15"
"19.09708681191527","3","15"
"2.5861373923817847","4.5","15"
"4.752030207617835","6","15"
"20.006457278913818","7.5","15"
"19.033970023545375","9","15"
"7.424705008690384","10.5","15"
"6.052510170727837","12","15"
"14.159446790563884","13.5","15"
"16.430734832245","15","15"
"9.61244874510196","16.5","15"
"10.877468857774476","18","15"
"13.455941061316581","19.5","15"
"10.122890440276207","21","15"
"8.74882357342476","22.5","15"
"15.673091819691562","24","15"
"16.79096228009266","25.5","15"
"7.301145647620398","27","15"
"4.524062282571282","28.5","15"
"15.755043439404846","30","15"
"21.863304227804882","31.5","15"
"8.528118185426694","33","15"
"0.7756155125873634","34.5","15"
"11.2909499757087","36","15"
"23.318582474018122","37.5","15"
"16.06711786278789","39","15"
"2.6468332052021224","40.5","15"
"7.175035184539066","42","15"
"16.52323214976572","43.5","15"
"16.425043552742597","45","15"
"8.022452209320113","46.5","15"
"10.218032363852673","48","15"
"13.738630280346577","49.5","15"
"11.533422326042425","51","15"
"8.773070730538095","52.5","15"
"14.195328967601904","54","15"
"14.746691149406523","55.5","15"
"7.354845799518969","57","15"
"4.45018941229405","58.5","15"
"15.216720396591631","60","15"
"20.84823523061725","61.5","15"
"9.12006423930185","63","15"
"0.5264359515688383","64.5","15"
"12.149981761204813","66","15"
"21.807083362709395","67.5","15"
"14.236850996917909","69","15"
"2.3071125578917573","70.5","15"
"9.448399016005835","72","15"
"18.708089728006858","73.5","15"
"16.102552778813536","75","15"
"7.235638272515375","76.5","15"
"9.27766063093372","78","15"
"14.424549457243216","79.5","15"
"12.209579680703834","81","15"
"7.810071018874646","82.5","15"
"13.302650530929274","84","15"
"16.88633640537938","85.5","15"
"9.10077123814091","87","15"
"3.376461821653418","88.5","15"
"13.089436375288287","90","15"
"20.645294052654204","91.5","15"
"11.90290199908334","93","15"
"1.2898293654527533","94.5","15"
"10.524135774800486","96","15"
"21.668240765582432","97.5","15"
"15.975270398375738","99","15"
"4.07857434063918","100.5","15"
"7.344542433026597","102","15"
"17.913897542898688","103.5","15"
"17.17416678845057","105","15"
"6.260424205452154","106.5","15"
"7.551167670338952","108","15"
"14.795105985195455","109.5","15"
"12.925005617211239","111","15"
"7.036896205346205","112.5","15"
"11.581809110618037","114","15"
"16.93352789658743","115.5","15"
"11.753206699203163","117","15"
"2.7002995969896966","118.5","15"
"10.935868367104455","120","15"
"20.38044696369623","121.5","15"
"13.617109307444483","123","15"
"1.4017915952160458","124.5","15"
"8.914974026718376","126","15"
"23.146475813096306","127.5","15"
"18.062438067830538","129","15"
"2.503148656976046","130.5","15"
"3.8164774393870835","132","15"
"17.30333795058522","133.5","15"
"22.718542086699514","135","15"
"8.342836804649094","136.5","15"
"3.9727994488138356","138","15"
"12.719308407539542","139.5","15"
"16.792829244179153","141","15"
"11.576177050343754","142.5","15"
"9.078931030970471","144","15"
"14.022846732101753","145.5","15"
"14.531946644238879","147","15"
"6.183088958330874","148.5","15"
"8.250398706356492","150","15"
"19.20404920510448","151.5","15"
"17.072097773584897","153","15"
"2.7522697292667986","154.5","15"
"3.4708066232513852","156","15"
"17.778926013209833","157.5","15"
"23.427924545137277","159","15"
"9.068476499606321","160.5","15"
"1.2637033614472806","162","15"
"12.45488442438247","163.5","15"
"21.157367393403213","165","15"
"15.528060813226144","166.5","15"
"3.857234683539943","168","15"
"8.407406022508649","169.5","15"
"16.961996761305368","171","15"
"15.018466888054446","172.5","15"
"6.6631262550681285","174","15"
"11.15135233342322","175.5","15"
"15.17204572257865","177","15"
"10.68376977539988","178.5","15"
"6.224187102645605","180","15"
"13.778215217542787","181.5","15"
"19.363557754444304","183","15"
"10.799018964523926","184.5","15"
"1.0058766730228192","186","15"
"11.444702571915414","187.5","15"
"23.826259566279646","189","15"
"17.296230084810176","190.5","15"
"0.08018374191133738","192","15"
"3.959475901687384","193.5","15"
"20.43507826003694","195","15"
"25.42936614828657","196.5","15"
"7.6998554641407315","198","15"
"0.24027395823985656","199.5","15"
"12.581633831767194","201","15"
"21.388726008859773","202.5","15"
"14.862357210728515","204","15"
"4.305589693233421","205.5","15"
"9.60643721424749","207","15"
"17.059901729393818","208.5","15"
"13.864940218722626","210","15"
"7.427827264572932","211.5","15"
"12.672984166343293","213","15"
"15.647856636509081","214.5","15"
"8.472935215224032","216","15"
"4.234922453278327","217.5","15"
"14.7470137383597","219","15"
"21.88191620784245","220.5","15"
"12.168666206876793","222","15"
"0.5017528318484936","223.5","15"
"8.216769976788482","225","15"
"23.121798537378737","226.5","15"
"20.73542727625238","228","15"
"2.2041277877912533","229.5","15"
"3.0018906585949","231","15"
"18.257492179648548","232.5","15"
"24.962587725045054","234","15"
"10.545103277556535","235.5","15"
"1.3861230445761106","237","15"
"9.830827440795236","238.5","15"
"19.553266551724185","240","15"
"16.306411854812424","241.5","15"
"6.054437133242821","243","15"
"9.280400299434604","244.5","15"
"15.595109446663006","246","15"
"14.66927447584658","247.5","15"
"7.23756757263147","249","15"
"12.03728757009396","250.5","15"
"17.23390028881397","252","15"
"10.721699691010231","253.5","15"
"3.6923032892251757","255","15"
"10.606145055341148","256.5","15"
"21.931580881024846","258","15"
"17.470245786638465","259.5","15"
"-0.04796030325435516","261","15"
"3.182450085130363","262.5","15"
"20.68760151594316","264","15"
"26.03126414928723","265.5","15"
"8.682753615652604","267","15"
"-2.8722827546528698","268.5","15"
"10.650935830209258","270","15"
"25.99239295962993","271.5","15"
"21.48759718540701","273","15"
"1.501139252789531","274.5","15"
"2.4287200220349194","276","15"
"16.387818034266715","277.5","15"
"23.33727549089417","279","15"
"11.148437344839088","280.5","15"
"4.160719202044221","282","15"
"11.531000571292498","283.5","15"
"18.353954068651777","285","15"
"12.781830666027135","286.5","15"
"6.747191845385193","288","15"
"14.47647536989932","289.5","15"
"15.787218181082455","291","15"
"7.828104832237685","292.5","15"
"5.610688366536536","294","15"
"15.85776230737909","295.5","15"
"21.067510006736015","297","15"
"9.834530200953427","298.5","15"
"-0.2142802234971895","300","15"
"20.74044844343659","1.5","16"
"5.148991498507912","3","16"
"3.829809557717605","4.5","16"
"15.920960132587465","6","16"
"19.28515461321595","7.5","16"
"8.794426275078399","9","16"
"10.262015887137474","10.5","16"
"13.92819726315912","12","16"
"11.68706115899512","13.5","16"
"8.899300411276036","15","16"
"13.912141060335115","16.5","16"
"18.179070337611318","18","16"
"10.122793819430328","19.5","16"
"2.8550010644469634","21","16"
"13.360641739265377","22.5","16"
"20.997247950973314","24","16"
"10.5073105012113","25.5","16"
"2.8854979929278928","27","16"
"10.733485875806693","28.5","16"
"22.507146584722083","30","16"
"13.430727695744459","31.5","16"
"4.73896457581385","33","16"
"11.185450141613964","34.5","16"
"18.89469107421122","36","16"
"13.304215165272213","37.5","16"
"5.624465018678137","39","16"
"12.706455497436563","40.5","16"
"15.703070774726541","42","16"
"8.549943587790102","43.5","16"
"9.095026973013345","45","16"
"18.038262597151242","46.5","16"
"12.03204978520689","48","16"
"3.2820044256019876","49.5","16"
"8.777798139182822","51","16"
"21.65508007133331","52.5","16"
"20.024054740069662","54","16"
"4.367766765957109","55.5","16"
"3.467689042571057","57","16"
"17.760857915030517","58.5","16"
"22.74661667603024","60","16"
"7.153473931101085","61.5","16"
"3.725616053043155","63","16"
"13.535545729515455","64.5","16"
"19.956331319112387","66","16"
"13.967171307265257","67.5","16"
"6.959368106133353","69","16"
"12.79639392094224","70.5","16"
"13.180091663134354","72","16"
"8.645824972517689","73.5","16"
"11.11839059937192","75","16"
"17.82860782880037","76.5","16"
"13.995035512496084","78","16"
"2.784057403160616","79.5","16"
"7.118588351336282","81","16"
"22.370772494367248","82.5","16"
"16.658844182158706","84","16"
"1.856215017391003","85.5","16"
"5.816799331604697","87","16"
"21.231790379141653","88.5","16"
"22.908931905102765","90","16"
"6.777007168342474","91.5","16"
"1.1927456745542728","93","16"
"15.100491752602508","94.5","16"
"23.495696276517492","96","16"
"11.839235095252231","97.5","16"
"5.210623910172976","99","16"
"11.353398210161146","100.5","16"
"17.759497431184514","102","16"
"15.428154858587561","103.5","16"
"5.672690898377346","105","16"
"8.11902240717477","106.5","16"
"18.386945412317136","108","16"
"15.51716291685147","109.5","16"
"7.393012592041798","111","16"
"8.19518768494051","112.5","16"
"17.56711130143335","114","16"
"17.588932028594538","115.5","16"
"6.349740047862208","117","16"
"3.1748113891032625","118.5","16"
"14.173506682039976","120","16"
"24.82094624018909","121.5","16"
"13.349511641180445","123","16"
"2.3291950963772616","124.5","16"
"7.851617982602489","126","16"
"20.865877885394553","127.5","16"
"21.749265136855428","129","16"
"7.398692183538652","130.5","16"
"0.5486342013092861","132","16"
"10.804951016940658","133.5","16"
"24.893879394820114","135","16"
"20.601297282963113","136.5","16"
"6.555009866130966","138","16"
"2.713865475431215","139.5","16"
"14.026293914538586","141","16"
"21.928108764176173","142.5","16"
"18.787937506721168","144","16"
"7.508143342709607","145.5","16"
"4.599911594586992","147","16"
"14.020524714999183","148.5","16"
"21.025947459000772","150","16"
"16.869108285198912","151.5","16"
"7.908270524702951","153","16"
"6.674928023871991","154.5","16"
"14.102820741276002","156","16"
"19.134014675849816","157.5","16"
"16.905423697642647","159","16"
"10.78299782571657","160.5","16"
"6.179130620451327","162","16"
"10.58200854468035","163.5","16"
"17.591967793236016","165","16"
"20.726282580710183","166.5","16"
"14.854752215117417","168","16"
"8.620907703086162","169.5","16"
"10.664416775810448","171","16"
"16.860678895596365","172.5","16"
"18.75891073453832","174","16"
"14.895103885477697","175.5","16"
"11.27905080685859","177","16"
"10.79804418486107","178.5","16"
"14.64010900599787","180","16"
"17.992246140101138","181.5","16"
"18.552731199837595","183","16"
"15.499007548230713","184.5","16"
"13.135041414543037","186","16"
"14.482677804844437","187.5","16"
"17.009624604720614","189","16"
"15.095129295656239","190.5","16"
"8.701585330194511","192","16"
"5.309102369733738","193.5","16"
"7.6046862685513155","195","16"
"12.129147501712032","196.5","16"
"18.402644741371684","198","16"
"14.809221979098186","199.5","16"
"11.565312659584988","201","16"
"11.06251024483812","202.5","16"
"7.855597358892027","204","16"
"7.369069323072759","205.5","16"
"8.6158125118668","207","16"
"14.055841192568591","208.5","16"
"17.489973581605863","210","16"
"16.39933305733442","211.5","16"
"16.25589161962378","213","16"
"10.033108636044899","214.5","16"
"4.118946270209079","216","16"
"9.24490304737936","217.5","16"
"13.096312039353075","219","16"
"15.032924171719232","220.5","16"
"14.101041047630947","222","16"
"13.244149725551196","223.5","16"
"11.293811199467303","225","16"
"10.627002690845028","226.5","16"
"15.20347710710329","228","16"
"16.091352552695305","229.5","16"
"13.984790586031462","231","16"
"12.494810651340737","232.5","16"
"13.458080745532573","234","16"
"9.400274042754539","235.5","16"
"11.105106791464339","237","16"
"10.840399958572963","238.5","16"
"10.622683583194176","240","16"
"11.623187767065964","241.5","16"
"12.648544546738568","243","16"
"13.56360629323952","244.5","16"
"9.964218752133752","246","16"
"13.285208909847427","247.5","16"
"12.64027255561076","249","16"
"17.001224824732123","250.5","16"
"12.542875626163543","252","16"
"5.502638209630823","253.5","16"
"6.836861444763223","255","16"
"10.796878501107566","256.5","16"
"15.158613866600769","258","16"
"13.3588729544255","259.5","16"
"17.31079178132454","261","16"
"14.090671449107125","262.5","16"
"12.707274437025422","264","16"
"10.182904452772803","265.5","16"
"8.674953040748639","267","16"
"10.750478677475426","268.5","16"
"11.907412010824839","270","16"
"12.424149644988603","271.5","16"
"17.071038061081712","273","16"
"18.22432629510031","274.5","16"
"12.974712367213613","276","16"
"10.19134475118053","277.5","16"
"9.766903400842033","279","16"
"8.940220897906407","280.5","16"
"12.499994671402277","282","16"
"12.74707677112486","283.5","16"
"16.488442411646428","285","16"
"14.914605712337796","286.5","16"
"12.503288351366223","288","16"
"11.854878321880143","289.5","16"
"9.079199075897748","291","16"
"6.996408954121548","292.5","16"
"10.687595649216528","294","16"
"12.962617619070635","295.5","16"
"16.546254403897436","297","16"
"14.87013051361953","298.5","16"
"14.250282852895788","300","16"
"17.477818055834025","1.5","17"
"10.829647772667476","3","17"
"4.726082056096812","4.5","17"
"13.048695104743013","6","17"
"19.163215988915546","7.5","17"
"11.901172174261964","9","17"
"5.444509472429416","10.5","17"
"12.141186147428371","12","17"
"16.14552412081772","13.5","17"
"12.126231733927531","15","17"
"8.264891054037928","16.5","17"
"15.16081277004488","18","17"
"15.517066296005591","19.5","17"
"7.79852560699251","21","17"
"6.386909463911451","22.5","17"
"16.74385805932605","24","17"
"16.701114243829903","25.5","17"
"7.667538907995784","27","17"
"5.811466484272489","28.5","17"
"17.17052636432198","30","17"
"16.174066230370435","31.5","17"
"6.796473931185924","33","17"
"7.583481888882789","34.5","17"
"15.540810089679914","36","17"
"15.587839507211005","37.5","17"
"8.093858910426327","39","17"
"10.118577566228314","40.5","17"
"15.860631323141392","42","17"
"10.810500481975723","43.5","17"
"5.710064464923526","45","17"
"12.461451525100744","46.5","17"
"18.155320310334037","48","17"
"10.91607356090524","49.5","17"
"3.545693233209973","51","17"
"12.903689032689433","52.5","17"
"21.021583936928828","54","17"
"11.926899032877909","55.5","17"
"2.2475722992201144","57","17"
"9.148618816060488","58.5","17"
"19.062265905781175","60","17"
"16.884687617396484","61.5","17"
"6.360398729723296","63","17"
"9.2418797499438","64.5","17"
"14.322860692158097","66","17"
"11.29336004245308","67.5","17"
"8.456081111221158","69","17"
"14.081732462462604","70.5","17"
"15.293342285774186","72","17"
"8.004966953017547","73.5","17"
"6.1654981203781745","75","17"
"16.274985145490007","76.5","17"
"17.980810595471173","78","17"
"6.759671518510946","79.5","17"
"3.5667912520279956","81","17"
"15.554324540897012","82.5","17"
"21.079232297102138","84","17"
"9.775545512145586","85.5","17"
"2.0288569889670023","87","17"
"12.614352455303056","88.5","17"
"21.031623154495776","90","17"
"13.58077675259261","91.5","17"
"4.409272432065343","93","17"
"9.554764541711632","94.5","17"
"16.931793396563833","96","17"
"14.671164815944174","97.5","17"
"9.211769110046292","99","17"
"11.318355231921604","100.5","17"
"14.235392333825288","102","17"
"10.126206717050882","103.5","17"
"7.7252005145753815","105","17"
"14.523800883571006","106.5","17"
"16.8762021253673","108","17"
"7.957022754252089","109.5","17"
"4.828080163728817","111","17"
"15.727578184763454","112.5","17"
"20.504327355318654","114","17"
"8.601131597695828","115.5","17"
"0.0757437303655761","117","17"
"12.66935620942062","118.5","17"
"24.279707429591376","120","17"
"15.29295736079141","121.5","17"
"-0.5855741428495667","123","17"
"6.8556986137077205","124.5","17"
"21.15739700301727","126","17"
"20.343009502719713","127.5","17"
"4.862539520891236","129","17"
"3.5540076907579468","130.5","17"
"14.759957814905967","132","17"
"20.284737782250414","133.5","17"
"10.399258006704477","135","17"
"7.045616236686759","136.5","17"
"13.121498912112617","138","17"
"15.962893579698823","139.5","17"
"10.265033730170444","141","17"
"7.91585837790591","142.5","17"
"14.855606218722926","144","17"
"15.616383175164462","145.5","17"
"6.764977873030575","147","17"
"6.279197479966313","148.5","17"
"18.14381775447225","150","17"
"19.209403870047048","151.5","17"
"6.532610193094875","153","17"
"2.639250806401754","154.5","17"
"15.11071953665899","156","17"
"22.945809900213632","157.5","17"
"11.129097591655947","159","17"
"0.41942929005860996","160.5","17"
"10.667645782143685","162","17"
"20.987456519124027","163.5","17"
"16.915805763372386","165","17"
"4.6658888275151185","166.5","17"
"8.625621086124228","168","17"
"16.808712464521022","169.5","17"
"17.211708662276667","171","17"
"7.373165579417794","172.5","17"
"9.277517258065643","174","17"
"15.977212165697752","175.5","17"
"13.88492514981212","177","17"
"6.153224935350469","178.5","17"
"10.23097955720042","180","17"
"18.999721050482854","181.5","17"
"16.427568161941362","183","17"
"2.9990993680695044","184.5","17"
"6.838951260155535","186","17"
"19.39216375842736","187.5","17"
"19.473964213268864","189","17"
"3.63219343508307","190.5","17"
"2.311090960180832","192","17"
"17.105014314014735","193.5","17"
"23.586038325814823","195","17"
"10.285938117696524","196.5","17"
"0.20627915059802096","198","17"
"10.858157155804655","199.5","17"
"21.71702026714452","201","17"
"15.342078152115553","202.5","17"
"3.659224675118378","204","17"
"9.270386016279499","205.5","17"
"18.699040094909797","207","17"
"16.88561486583677","208.5","17"
"5.358016672959834","210","17"
"8.80036767789957","211.5","17"
"17.063099567712257","213","17"
"15.542697312976028","214.5","17"
"5.191991281325601","216","17"
"8.581801974117495","217.5","17"
"19.134923223481223","219","17"
"16.723776507390678","220.5","17"
"3.689264797382401","222","17"
"5.379291959862028","223.5","17"
"19.22400296817917","225","17"
"20.183011615547535","226.5","17"
"4.971488875023917","228","17"
"1.3634428594068242","229.5","17"
"16.649939480330467","231","17"
"24.624322818825924","232.5","17"
"12.925843257608976","234","17"
"-0.8024472773279542","235.5","17"
"7.895204113698596","237","17"
"22.168579348759394","238.5","17"
"20.89072814359426","240","17"
"5.319999876508227","241.5","17"
"4.4627676542666075","243","17"
"16.02947780971517","244.5","17"
"21.759065919109158","246","17"
"10.350069424948146","247.5","17"
"5.0630180360849275","249","17"
"12.098438435930372","250.5","17"
"17.200606615405057","252","17"
"11.694691089018058","253.5","17"
"5.657785964100001","255","17"
"14.293995993652203","256.5","17"
"18.214301103140027","258","17"
"10.229682967784758","259.5","17"
"2.2145803711544785","261","17"
"13.47254270439958","262.5","17"
"21.993814056175175","264","17"
"12.023364817882987","265.5","17"
"0.9434296073709302","267","17"
"8.537926759684122","268.5","17"
"22.61854574481801","270","17"
"21.043429598501856","271.5","17"
"2.219167913332792","273","17"
"0.689232288169811","274.5","17"
"17.90633150730609","276","17"
"25.701481618295805","277.5","17"
"12.502403179745915","279","17"
"-0.7518674333110063","280.5","17"
"9.335318341511469","282","17"
"22.739337386173794","283.5","17"
"21.23077274345845","285","17"
"5.446508900578809","286.5","17"
"4.413645304541725","288","17"
"13.742714848686063","289.5","17"
"18.365071699530787","291","17"
"11.411532791365328","292.5","17"
"9.157380924221021","294","17"
"13.989869414043055","295.5","17"
"14.084900691166983","297","17"
"7.715753489289629","298.5","17"
"9.064271934409858","300","17"
"10.268441952588779","1.5","18"
"6.323080486403385","3","18"
"13.327156382565445","4.5","18"
"15.52616112272411","6","18"
"11.49567162651717","7.5","18"
"11.50541163114204","9","18"
"14.604491757085647","10.5","18"
"7.696505681750146","12","18"
"6.315760678127703","13.5","18"
"14.762028929489398","15","18"
"19.883236090804406","16.5","18"
"9.509754032339185","18","18"
"2.5140033077301855","19.5","18"
"12.759048405609379","21","18"
"22.952897506779056","22.5","18"
"13.423417237873217","24","18"
"2.0208210955512995","25.5","18"
"8.398933776885753","27","18"
"19.01929612217773","28.5","18"
"17.42427608161056","30","18"
"6.75191224122659","31.5","18"
"9.509680008304034","33","18"
"14.96290210967049","34.5","18"
"12.639810489791357","36","18"
"7.787708747456315","37.5","18"
"12.632134586946588","39","18"
"15.765060839361432","40.5","18"
"11.051396509960957","42","18"
"5.726082876529587","43.5","18"
"13.949304242781396","45","18"
"19.00361861073354","46.5","18"
"8.5149567119772","48","18"
"2.391218861428154","49.5","18"
"12.676939387421358","51","18"
"22.692770813662477","52.5","18"
"14.56842413035957","54","18"
"0.9848470290372633","55.5","18"
"8.633612565118842","57","18"
"19.957370772405955","58.5","18"
"15.558628843740834","60","18"
"6.068932987325923","61.5","18"
"8.787460223770692","63","18"
"17.078859674395666","64.5","18"
"15.720552914227628","66","18"
"7.29056722339742","67.5","18"
"10.246762260694558","69","18"
"15.484081185943193","70.5","18"
"11.123631501060471","72","18"
"6.7300977476683626","73.5","18"
"11.609003982731045","75","18"
"18.94912289525721","76.5","18"
"13.816651613393633","78","18"
"2.767793933038193","79.5","18"
"10.134431956156492","81","18"
"20.155088191088588","82.5","18"
"14.216224004723545","84","18"
"4.671991524812877","85.5","18"
"8.89963780503624","87","18"
"20.07260048152075","88.5","18"
"17.339067404350722","90","18"
"4.965790582718184","91.5","18"
"6.21744896744612","93","18"
"17.016716886488258","94.5","18"
"18.50969284660159","96","18"
"6.393963564860966","97.5","18"
"6.266554953963232","99","18"
"16.47199816703817","100.5","18"
"17.615484060402302","102","18"
"8.65473512874852","103.5","18"
"5.853351231360723","105","18"
"15.530365687920574","106.5","18"
"16.802371331910045","108","18"
"7.286638495131933","109.5","18"
"6.216026926770889","111","18"
"16.707466285246056","112.5","18"
"18.212293882986934","114","18"
"8.39558243609443","115.5","18"
"4.7199626059911","117","18"
"15.622912874264975","118.5","18"
"19.568950296771334","120","18"
"8.031340547940584","121.5","18"
"2.9469909277267297","123","18"
"14.179553276911095","124.5","18"
"21.220619762637483","126","18"
"13.481966353674233","127.5","18"
"3.6168529277989006","129","18"
"11.48529501519002","130.5","18"
"18.942621247370017","132","18"
"12.25473590054547","133.5","18"
"4.823201979812498","135","18"
"11.366145149013805","136.5","18"
"19.364101636302557","138","18"
"14.505848107046447","139.5","18"
"4.758461727471729","141","18"
"10.370560836278132","142.5","18"
"18.461969940741213","144","18"
"14.141282071538688","145.5","18"
"3.5467825553272183","147","18"
"9.209479040158893","148.5","18"
"19.819778012672455","150","18"
"17.697683465833244","151.5","18"
"3.7008931941039407","153","18"
"6.311089761509801","154.5","18"
"18.45982246452152","156","18"
"18.73317997992052","157.5","18"
"4.215366082392329","159","18"
"3.324562401809893","160.5","18"
"16.585577529769328","162","18"
"21.581863287767607","163.5","18"
"8.579093473631412","165","18"
"2.1501732269718805","166.5","18"
"13.079807017115956","168","18"
"20.425804217233324","169.5","18"
"12.161799114016075","171","18"
"2.63542376378455","172.5","18"
"11.416755771445368","174","18"
"20.049349142480263","175.5","18"
"15.758372183385442","177","18"
"3.311707154105805","178.5","18"
"9.683748695757485","180","18"
"18.61511398145896","181.5","18"
"15.900953383887613","183","18"
"4.240028553302869","184.5","18"
"8.538776088087412","186","18"
"18.976483737049023","187.5","18"
"17.826814109548653","189","18"
"3.1869809404817597","190.5","18"
"6.948520078582359","192","18"
"18.928807583210844","193.5","18"
"19.697292389712317","195","18"
"5.42440493408313","196.5","18"
"2.3855575811399947","198","18"
"15.608508576225347","199.5","18"
"22.24282467681348","201","18"
"10.362062877043025","202.5","18"
"2.1890724678424998","204","18"
"12.401749971952512","205.5","18"
"19.85595784425181","207","18"
"12.761898720562801","208.5","18"
"2.1787231285282984","210","18"
"11.711834276358198","211.5","18"
"20.44389101622152","213","18"
"14.312060975030041","214.5","18"
"4.074718078008101","216","18"
"9.855710425410484","217.5","18"
"20.37688757640612","219","18"
"15.144265670987782","220.5","18"
"2.186567143852891","222","18"
"7.365381367721598","223.5","18"
"20.516845988462904","225","18"
"20.602003238498327","226.5","18"
"5.644689553881401","228","18"
"3.3814600024267163","229.5","18"
"16.449879785335646","231","18"
"21.415014670942483","232.5","18"
"10.244141809850284","234","18"
"2.8489466775721444","235.5","18"
"13.696882282923276","237","18"
"21.42045348952501","238.5","18"
"12.901824406204048","240","18"
"4.192629015596033","241.5","18"
"11.917489409209916","243","18"
"20.190702323199332","244.5","18"
"14.205104815443793","246","18"
"2.7497009004470354","247.5","18"
"9.198966068766994","249","18"
"19.645921267719643","250.5","18"
"18.291431030963814","252","18"
"5.07590562060437","253.5","18"
"4.933322082501088","255","18"
"17.288818330890834","256.5","18"
"19.898034664231247","258","18"
"8.51045760904088","259.5","18"
"2.707823555762316","261","18"
"13.957510781078128","262.5","18"
"21.9307798630445","264","18"
"14.47727950468115","265.5","18"
"3.1808990867938984","267","18"
"10.529518490956374","268.5","18"
"20.74283591337024","270","18"
"17.308131591261397","271.5","18"
"3.9069998735700664","273","18"
"5.793122938762379","274.5","18"
"17.67535158322934","276","18"
"21.212950872596046","277.5","18"
"9.104046217295975","279","18"
"4.533664758330848","280.5","18"
"14.962599779926933","282","18"
"20.57527043220472","283.5","18"
"11.51512046775211","285","18"
"2.8873088545877486","286.5","18"
"10.263546236664133","288","18"
"20.36907219669512","289.5","18"
"16.74603202835832","291","18"
"4.8897585482157115","292.5","18"
"8.885997123359203","294","18"
"20.181534251646035","295.5","18"
"18.23121130956954","297","18"
"4.780460891517644","298.5","18"
"3.166874259334456","300","18"
"10.268441952588779","1.5","19"
"6.323080486403385","3","19"
"13.327156382565445","4.5","19"
"15.52616112272411","6","19"
"11.49567162651717","7.5","19"
"11.50541163114204","9","19"
"14.604491757085647","10.5","19"
"7.696505681750146","12","19"
"6.315760678127703","13.5","19"
"14.762028929489398","15","19"
"19.883236090804406","16.5","19"
"9.509754032339185","18","19"
"2.5140033077301855","19.5","19"
"12.759048405609379","21","19"
"22.952897506779056","22.5","19"
"13.423417237873217","24","19"
"2.0208210955512995","25.5","19"
"8.398933776885753","27","19"
"19.01929612217773","28.5","19"
"17.42427608161056","30","19"
"6.75191224122659","31.5","19"
"9.509680008304034","33","19"
"14.96290210967049","34.5","19"
"12.639810489791357","36","19"
"7.787708747456315","37.5","19"
"12.632134586946588","39","19"
"15.765060839361432","40.5","19"
"11.051396509960957","42","19"
"5.726082876529587","43.5","19"
"13.949304242781396","45","19"
"19.00361861073354","46.5","19"
"8.5149567119772","48","19"
"2.391218861428154","49.5","19"
"12.676939387421358","51","19"
"22.692770813662477","52.5","19"
"14.56842413035957","54","19"
"0.9848470290372633","55.5","19"
"8.633612565118842","57","19"
"19.957370772405955","58.5","19"
"15.558628843740834","60","19"
"6.068932987325923","61.5","19"
"8.787460223770692","63","19"
"17.078859674395666","64.5","19"
"15.720552914227628","66","19"
"7.29056722339742","67.5","19"
"10.246762260694558","69","19"
"15.484081185943193","70.5","19"
"11.123631501060471","72","19"
"6.7300977476683626","73.5","19"
"11.609003982731045","75","19"
"18.94912289525721","76.5","19"
"13.816651613393633","78","19"
"2.767793933038193","79.5","19"
"10.134431956156492","81","19"
"20.155088191088588","82.5","19"
"14.216224004723545","84","19"
"4.671991524812877","85.5","19"
"8.89963780503624","87","19"
"20.07260048152075","88.5","19"
"17.339067404350722","90","19"
"4.965790582718184","91.5","19"
"6.21744896744612","93","19"
"17.016716886488258","94.5","19"
"18.50969284660159","96","19"
"6.393963564860966","97.5","19"
"6.266554953963232","99","19"
"16.47199816703817","100.5","19"
"17.615484060402302","102","19"
"8.65473512874852","103.5","19"
"5.853351231360723","105","19"
"15.530365687920574","106.5","19"
"16.802371331910045","108","19"
"7.286638495131933","109.5","19"
"6.216026926770889","111","19"
"16.707466285246056","112.5","19"
"18.212293882986934","114","19"
"8.39558243609443","115.5","19"
"4.7199626059911","117","19"
"15.622912874264975","118.5","19"
"19.568950296771334","120","19"
"8.031340547940584","121.5","19"
"2.9469909277267297","123","19"
"14.179553276911095","124.5","19"
"21.220619762637483","126","19"
"13.481966353674233","127.5","19"
"3.6168529277989006","129","19"
"11.48529501519002","130.5","19"
"18.942621247370017","132","19"
"12.25473590054547","133.5","19"
"4.823201979812498","135","19"
"11.366145149013805","136.5","19"
"19.364101636302557","138","19"
"14.505848107046447","139.5","19"
"4.758461727471729","141","19"
"10.370560836278132","142.5","19"
"18.461969940741213","144","19"
"14.141282071538688","145.5","19"
"3.5467825553272183","147","19"
"9.209479040158893","148.5","19"
"19.819778012672455","150","19"
"17.697683465833244","151.5","19"
"3.7008931941039407","153","19"
"6.311089761509801","154.5","19"
"18.45982246452152","156","19"
"18.73317997992052","157.5","19"
"4.215366082392329","159","19"
"3.324562401809893","160.5","19"
"16.585577529769328","162","19"
"21.581863287767607","163.5","19"
"8.579093473631412","165","19"
"2.1501732269718805","166.5","19"
"13.079807017115956","168","19"
"20.425804217233324","169.5","19"
"12.161799114016075","171","19"
"2.63542376378455","172.5","19"
"11.416755771445368","174","19"
"20.049349142480263","175.5","19"
"15.758372183385442","177","19"
"3.311707154105805","178.5","19"
"9.683748695757485","180","19"
"18.61511398145896","181.5","19"
"15.900953383887613","183","19"
"4.240028553302869","184.5","19"
"8.538776088087412","186","19"
"18.976483737049023","187.5","19"
"17.826814109548653","189","19"
"3.1869809404817597","190.5","19"
"6.948520078582359","192","19"
"18.928807583210844","193.5","19"
"19.697292389712317","195","19"
"5.42440493408313","196.5","19"
"2.3855575811399947","198","19"
"15.608508576225347","199.5","19"
"22.24282467681348","201","19"
"10.362062877043025","202.5","19"
"2.1890724678424998","204","19"
"12.401749971952512","205.5","19"
"19.85595784425181","207","19"
"12.761898720562801","208.5","19"
"2.1787231285282984","210","19"
"11.711834276358198","211.5","19"
"20.44389101622152","213","19"
"14.312060975030041","214.5","19"
"4.074718078008101","216","19"
"9.855710425410484","217.5","19"
"20.37688757640612","219","19"
"15.144265670987782","220.5","19"
"2.186567143852891","222","19"
"7.365381367721598","223.5","19"
"20.516845988462904","225","19"
"20.602003238498327","226.5","19"
"5.644689553881401","228","19"
"3.3814600024267163","229.5","19"
"16.449879785335646","231","19"
"21.415014670942483","232.5","19"
"10.244141809850284","234","19"
"2.8489466775721444","235.5","19"
"13.696882282923276","237","19"
"21.42045348952501","238.5","19"
"12.901824406204048","240","19"
"4.192629015596033","241.5","19"
"11.917489409209916","243","19"
"20.190702323199332","244.5","19"
"14.205104815443793","246","19"
"2.7497009004470354","247.5","19"
"9.198966068766994","249","19"
"19.645921267719643","250.5","19"
"18.291431030963814","252","19"
"5.07590562060437","253.5","19"
"4.933322082501088","255","19"
"17.288818330890834","256.5","19"
"19.898034664231247","258","19"
"8.51045760904088","259.5","19"
"2.707823555762316","261","19"
"13.957510781078128","262.5","19"
"21.9307798630445","264","19"
"14.47727950468115","265.5","19"
"3.1808990867938984","267","19"
"10.529518490956374","268.5","19"
"20.74283591337024","270","19"
"17.308131591261397","271.5","19"
"3.9069998735700664","273","19"
"5.793122938762379","274.5","19"
"17.67535158322934","276","19"
"21.212950872596046","277.5","19"
"9.104046217295975","279","19"
"4.533664758330848","280.5","19"
"14.962599779926933","282","19"
"20.57527043220472","283.5","19"
"11.51512046775211","285","19"
"2.8873088545877486","286.5","19"
"10.263546236664133","288","19"
"20.36907219669512","289.5","19"
"16.74603202835832","291","19"
"4.8897585482157115","292.5","19"
"8.885997123359203","294","19"
"20.181534251646035","295.5","19"
"18.23121130956954","297","19"
"4.780460891517644","298.5","19"
"3.166874259334456","300","19"