"cell_dist","time","episode"
"3.141592653589793","1.5","0"
"3.141592653589793","3","0"
"3.1415926535897927","4.5","0"
"3.076142806640006","6","0"
"3.0106929596902186","7.5","0"
"3.0761428066400063","9","0"
"3.0761428066400054","10.5","0"
"3.076142806640006","12","0"
"3.0761428066400054","13.5","0"
"3.141592653589793","15","0"
"3.141592653589793","16.5","0"
"3.076142806640006","18","0"
"3.0106929596902186","19.5","0"
"3.1415926535897927","21","0"
"3.010692959690218","22.5","0"
"3.010692959690218","24","0"
"3.0106929596902186","25.5","0"
"3.0761428066400054","27","0"
"3.1415926535897927","28.5","0"
"3.076142806640006","30","0"
"3.0761428066400054","31.5","0"
"3.076142806640006","33","0"
"3.010692959690218","34.5","0"
"3.010692959690218","36","0"
"3.0106929596902186","37.5","0"
"3.0106929596902186","39","0"
"3.0761428066400054","40.5","0"
"3.1415926535897927","42","0"
"3.0761428066400054","43.5","0"
"3.0106929596902186","45","0"
"3.010692959690219","46.5","0"
"2.945243112740431","48","0"
"3.0106929596902186","49.5","0"
"3.076142806640006","51","0"
"3.0761428066400054","52.5","0"
"3.0106929596902186","54","0"
"3.0761428066400054","55.5","0"
"3.0761428066400054","57","0"
"3.076142806640006","58.5","0"
"3.0106929596902186","60","0"
"3.010692959690218","61.5","0"
"3.010692959690218","63","0"
"3.0106929596902186","64.5","0"
"3.076142806640006","66","0"
"3.010692959690218","67.5","0"
"3.1415926535897927","69","0"
"3.141592653589793","70.5","0"
"3.141592653589793","72","0"
"3.010692959690218","73.5","0"
"3.0761428066400054","75","0"
"3.076142806640006","76.5","0"
"3.141592653589793","78","0"
"3.141592653589793","79.5","0"
"3.0761428066400054","81","0"
"3.076142806640006","82.5","0"
"3.141592653589793","84","0"
"3.0761428066400054","85.5","0"
"3.0761428066400054","87","0"
"3.0106929596902186","88.5","0"
"3.076142806640006","90","0"
"3.0761428066400054","91.5","0"
"3.141592653589793","93","0"
"3.0761428066400054","94.5","0"
"3.1415926535897927","96","0"
"3.0761428066400054","97.5","0"
"3.076142806640006","99","0"
"3.076142806640006","100.5","0"
"3.076142806640006","102","0"
"3.0761428066400054","103.5","0"
"3.0761428066400054","105","0"
"3.0761428066400054","106.5","0"
"3.1415926535897927","108","0"
"3.0761428066400054","109.5","0"
"3.0106929596902186","111","0"
"3.0106929596902186","112.5","0"
"3.0106929596902186","114","0"
"3.076142806640006","115.5","0"
"3.010692959690218","117","0"
"3.0761428066400054","118.5","0"
"3.1415926535897927","120","0"
"3.076142806640006","121.5","0"
"3.076142806640006","123","0"
"3.0106929596902177","124.5","0"
"3.0761428066400054","126","0"
"3.0761428066400054","127.5","0"
"3.0761428066400054","129","0"
"3.0761428066400054","130.5","0"
"3.141592653589793","132","0"
"3.141592653589793","133.5","0"
"3.076142806640006","135","0"
"3.141592653589793","136.5","0"
"3.076142806640006","138","0"
"3.0761428066400054","139.5","0"
"3.076142806640006","141","0"
"3.1415926535897927","142.5","0"
"3.141592653589793","144","0"
"3.141592653589793","145.5","0"
"3.0761428066400054","147","0"
"3.076142806640006","148.5","0"
"3.141592653589793","150","0"
"3.0761428066400054","151.5","0"
"3.0761428066400054","153","0"
"3.141592653589793","154.5","0"
"3.1415926535897927","156","0"
"3.1415926535897927","157.5","0"
"3.076142806640006","159","0"
"3.1415926535897927","160.5","0"
"3.0761428066400054","162","0"
"3.141592653589793","163.5","0"
"3.0761428066400054","165","0"
"3.076142806640006","166.5","0"
"3.1415926535897927","168","0"
"3.141592653589793","169.5","0"
"3.076142806640006","171","0"
"3.0761428066400054","172.5","0"
"3.141592653589793","174","0"
"3.141592653589793","175.5","0"
"3.1415926535897927","177","0"
"3.141592653589793","178.5","0"
"3.141592653589793","180","0"
"3.141592653589793","181.5","0"
"3.141592653589793","183","0"
"3.0761428066400054","184.5","0"
"3.141592653589793","186","0"
"3.076142806640006","187.5","0"
"3.141592653589793","189","0"
"3.0761428066400054","190.5","0"
"3.141592653589793","192","0"
"3.141592653589793","193.5","0"
"3.1415926535897927","195","0"
"3.0761428066400054","196.5","0"
"3.0761428066400054","198","0"
"3.0761428066400054","199.5","0"
"3.0761428066400054","201","0"
"3.0761428066400054","202.5","0"
"3.141592653589793","204","0"
"3.141592653589793","205.5","0"
"3.1415926535897927","207","0"
"3.0761428066400054","208.5","0"
"3.141592653589793","210","0"
"3.1415926535897922","211.5","0"
"3.0761428066400054","213","0"
"3.0761428066400054","214.5","0"
"3.141592653589793","216","0"
"3.141592653589793","217.5","0"
"3.076142806640006","219","0"
"3.1415926535897927","220.5","0"
"3.141592653589793","222","0"
"3.1415926535897922","223.5","0"
"3.141592653589793","225","0"
"3.0106929596902177","226.5","0"
"3.141592653589793","228","0"
"3.141592653589793","229.5","0"
"3.141592653589793","231","0"
"3.076142806640006","232.5","0"
"3.0761428066400054","234","0"
"3.0761428066400054","235.5","0"
"3.141592653589793","237","0"
"3.0761428066400054","238.5","0"
"3.076142806640006","240","0"
"3.141592653589793","241.5","0"
"3.141592653589793","243","0"
"3.141592653589793","244.5","0"
"3.1415926535897927","246","0"
"3.141592653589793","247.5","0"
"3.0761428066400054","249","0"
"3.0761428066400054","250.5","0"
"3.141592653589793","252","0"
"3.1415926535897927","253.5","0"
"3.141592653589793","255","0"
"3.076142806640006","256.5","0"
"3.141592653589793","258","0"
"3.0761428066400054","259.5","0"
"3.141592653589793","261","0"
"3.1415926535897927","262.5","0"
"3.141592653589793","264","0"
"3.1415926535897927","265.5","0"
"3.0761428066400054","267","0"
"3.141592653589793","268.5","0"
"3.1415926535897927","270","0"
"3.1415926535897927","271.5","0"
"3.1415926535897927","273","0"
"3.0106929596902186","274.5","0"
"3.0761428066400054","276","0"
"3.141592653589793","277.5","0"
"3.141592653589793","279","0"
"3.0761428066400054","280.5","0"
"3.076142806640006","282","0"
"3.141592653589793","283.5","0"
"3.141592653589793","285","0"
"2.945243112740431","286.5","0"
"3.1415926535897927","288","0"
"3.141592653589793","289.5","0"
"3.141592653589793","291","0"
"3.1415926535897927","292.5","0"
"3.0761428066400054","294","0"
"3.1415926535897927","295.5","0"
"3.141592653589793","297","0"
"3.1415926535897927","298.5","0"
"3.1415926535897927","300","0"
"3.1415926535897927","1.5","1"
"3.141592653589793","3","1"
"3.141592653589793","4.5","1"
"3.141592653589793","6","1"
"3.141592653589793","7.5","1"
"3.076142806640006","9","1"
"3.010692959690218","10.5","1"
"3.1415926535897927","12","1"
"3.010692959690218","13.5","1"
"3.0761428066400054","15","1"
"3.076142806640006","16.5","1"
"3.141592653589793","18","1"
"3.141592653589793","19.5","1"
"3.076142806640006","21","1"
"3.0106929596902186","22.5","1"
"3.0761428066400054","24","1"
"3.010692959690218","25.5","1"
"3.010692959690218","27","1"
"3.076142806640006","28.5","1"
"3.076142806640006","30","1"
"3.0761428066400054","31.5","1"
"3.076142806640006","33","1"
"3.076142806640006","34.5","1"
"3.0761428066400063","36","1"
"3.010692959690218","37.5","1"
"2.945243112740431","39","1"
"3.076142806640006","40.5","1"
"3.0106929596902186","42","1"
"3.0761428066400054","43.5","1"
"3.0761428066400063","45","1"
"3.010692959690218","46.5","1"
"3.0761428066400054","48","1"
"2.945243112740431","49.5","1"
"2.945243112740431","51","1"
"3.0106929596902186","52.5","1"
"3.076142806640006","54","1"
"3.0761428066400054","55.5","1"
"2.879793265790643","57","1"
"3.1415926535897927","58.5","1"
"3.010692959690219","60","1"
"3.0761428066400054","61.5","1"
"3.0106929596902186","63","1"
"2.945243112740431","64.5","1"
"3.010692959690218","66","1"
"3.0761428066400063","67.5","1"
"3.0761428066400054","69","1"
"3.010692959690218","70.5","1"
"3.1415926535897927","72","1"
"3.141592653589793","73.5","1"
"3.0761428066400054","75","1"
"2.945243112740431","76.5","1"
"3.0761428066400054","78","1"
"3.0106929596902186","79.5","1"
"3.0761428066400054","81","1"
"3.0761428066400054","82.5","1"
"3.1415926535897927","84","1"
"3.1415926535897927","85.5","1"
"3.0761428066400063","87","1"
"3.0761428066400054","88.5","1"
"3.010692959690218","90","1"
"3.076142806640006","91.5","1"
"3.0106929596902186","93","1"
"3.0761428066400054","94.5","1"
"3.076142806640006","96","1"
"3.1415926535897927","97.5","1"
"3.0761428066400063","99","1"
"3.0761428066400054","100.5","1"
"3.010692959690218","102","1"
"3.0106929596902186","103.5","1"
"3.0106929596902186","105","1"
"3.0106929596902186","106.5","1"
"3.0761428066400054","108","1"
"3.076142806640006","109.5","1"
"3.010692959690218","111","1"
"3.0761428066400054","112.5","1"
"3.010692959690218","114","1"
"3.0106929596902186","115.5","1"
"3.076142806640006","117","1"
"3.0106929596902186","118.5","1"
"3.0761428066400063","120","1"
"3.0761428066400054","121.5","1"
"3.0106929596902186","123","1"
"3.1415926535897927","124.5","1"
"2.8797932657906435","126","1"
"3.0106929596902186","127.5","1"
"3.0106929596902177","129","1"
"3.0761428066400063","130.5","1"
"3.076142806640006","132","1"
"3.010692959690218","133.5","1"
"3.0761428066400054","135","1"
"3.1415926535897927","136.5","1"
"3.076142806640006","138","1"
"3.0106929596902186","139.5","1"
"3.0761428066400054","141","1"
"3.076142806640006","142.5","1"
"3.010692959690218","144","1"
"3.076142806640006","145.5","1"
"3.0761428066400054","147","1"
"3.0761428066400054","148.5","1"
"3.141592653589793","150","1"
"3.0761428066400054","151.5","1"
"3.141592653589793","153","1"
"3.141592653589793","154.5","1"
"3.0761428066400054","156","1"
"3.0761428066400054","157.5","1"
"3.141592653589793","159","1"
"3.0761428066400054","160.5","1"
"3.076142806640006","162","1"
"3.0761428066400054","163.5","1"
"3.076142806640006","165","1"
"3.1415926535897927","166.5","1"
"3.0761428066400054","168","1"
"3.0761428066400054","169.5","1"
"3.076142806640006","171","1"
"3.1415926535897927","172.5","1"
"3.1415926535897927","174","1"
"3.141592653589793","175.5","1"
"3.1415926535897927","177","1"
"3.0761428066400054","178.5","1"
"3.1415926535897922","180","1"
"3.0761428066400054","181.5","1"
"3.141592653589793","183","1"
"3.141592653589793","184.5","1"
"3.1415926535897927","186","1"
"3.076142806640006","187.5","1"
"3.1415926535897927","189","1"
"3.141592653589793","190.5","1"
"3.1415926535897927","192","1"
"3.0761428066400054","193.5","1"
"3.010692959690218","195","1"
"3.141592653589793","196.5","1"
"3.141592653589793","198","1"
"3.141592653589793","199.5","1"
"3.076142806640006","201","1"
"3.141592653589793","202.5","1"
"3.0761428066400054","204","1"
"3.141592653589793","205.5","1"
"3.010692959690218","207","1"
"3.076142806640006","208.5","1"
"3.141592653589793","210","1"
"3.076142806640006","211.5","1"
"3.076142806640006","213","1"
"3.141592653589793","214.5","1"
"3.1415926535897922","216","1"
"3.1415926535897922","217.5","1"
"3.010692959690218","219","1"
"3.076142806640006","220.5","1"
"3.076142806640006","222","1"
"3.076142806640006","223.5","1"
"3.076142806640006","225","1"
"3.141592653589793","226.5","1"
"3.1415926535897922","228","1"
"3.1415926535897922","229.5","1"
"3.0761428066400054","231","1"
"3.076142806640006","232.5","1"
"3.076142806640006","234","1"
"3.141592653589793","235.5","1"
"3.0761428066400054","237","1"
"3.0761428066400054","238.5","1"
"3.0761428066400054","240","1"
"3.076142806640006","241.5","1"
"3.0761428066400054","243","1"
"3.076142806640006","244.5","1"
"3.141592653589793","246","1"
"3.141592653589793","247.5","1"
"3.0761428066400054","249","1"
"3.076142806640006","250.5","1"
"3.141592653589793","252","1"
"3.141592653589793","253.5","1"
"3.0761428066400054","255","1"
"3.076142806640006","256.5","1"
"3.1415926535897927","258","1"
"3.141592653589793","259.5","1"
"3.141592653589793","261","1"
"3.0761428066400054","262.5","1"
"3.0761428066400054","264","1"
"3.141592653589793","265.5","1"
"3.0761428066400054","267","1"
"3.141592653589793","268.5","1"
"3.0761428066400054","270","1"
"3.0761428066400054","271.5","1"
"3.141592653589793","273","1"
"3.076142806640006","274.5","1"
"3.1415926535897927","276","1"
"3.141592653589793","277.5","1"
"3.1415926535897927","279","1"
"3.141592653589793","280.5","1"
"3.1415926535897927","282","1"
"3.141592653589793","283.5","1"
"3.1415926535897927","285","1"
"3.141592653589793","286.5","1"
"3.141592653589793","288","1"
"3.1415926535897927","289.5","1"
"3.076142806640006","291","1"
"3.076142806640006","292.5","1"
"3.1415926535897927","294","1"
"3.076142806640006","295.5","1"
"3.1415926535897927","297","1"
"3.0761428066400054","298.5","1"
"3.0761428066400054","300","1"
"0","1.5","2"
"3.076142806640006","3","2"
"3.1415926535897927","4.5","2"
"3.1415926535897927","6","2"
"3.141592653589793","7.5","2"
"3.141592653589793","9","2"
"3.141592653589793","10.5","2"
"0","12","2"
"3.076142806640006","13.5","2"
"3.141592653589793","15","2"
"3.1415926535897927","16.5","2"
"3.076142806640006","18","2"
"3.0761428066400063","19.5","2"
"3.141592653589793","21","2"
"3.1415926535897927","22.5","2"
"0","24","2"
"3.076142806640006","25.5","2"
"3.141592653589793","27","2"
"3.0106929596902186","28.5","2"
"3.076142806640006","30","2"
"3.1415926535897927","31.5","2"
"3.0761428066400063","33","2"
"3.0761428066400063","34.5","2"
"0","36","2"
"3.141592653589793","37.5","2"
"3.0761428066400063","39","2"
"3.076142806640006","40.5","2"
"3.010692959690219","42","2"
"3.076142806640006","43.5","2"
"3.0761428066400063","45","2"
"3.0761428066400063","46.5","2"
"0","48","2"
"3.141592653589793","49.5","2"
"3.1415926535897927","51","2"
"3.076142806640006","52.5","2"
"3.0761428066400063","54","2"
"3.076142806640006","55.5","2"
"3.0761428066400063","57","2"
"3.0761428066400063","58.5","2"
"0","60","2"
"3.141592653589793","61.5","2"
"3.141592653589793","63","2"
"3.010692959690219","64.5","2"
"3.0106929596902186","66","2"
"3.076142806640006","67.5","2"
"3.0761428066400063","69","2"
"3.0761428066400063","70.5","2"
"0","72","2"
"0","73.5","2"
"3.141592653589793","75","2"
"3.0761428066400063","76.5","2"
"3.076142806640006","78","2"
"3.076142806640006","79.5","2"
"3.0106929596902186","81","2"
"3.0761428066400063","82.5","2"
"3.1415926535897927","84","2"
"0","85.5","2"
"3.141592653589793","87","2"
"3.141592653589793","88.5","2"
"3.076142806640006","90","2"
"3.0106929596902186","91.5","2"
"3.010692959690218","93","2"
"3.0106929596902186","94.5","2"
"3.0761428066400063","96","2"
"3.010692959690219","97.5","2"
"0","99","2"
"3.141592653589793","100.5","2"
"3.0761428066400063","102","2"
"3.0761428066400054","103.5","2"
"3.010692959690219","105","2"
"3.076142806640006","106.5","2"
"3.141592653589793","108","2"
"3.1415926535897927","109.5","2"
"0","111","2"
"3.076142806640006","112.5","2"
"3.141592653589793","114","2"
"3.076142806640006","115.5","2"
"3.0761428066400054","117","2"
"3.0106929596902186","118.5","2"
"3.010692959690218","120","2"
"3.141592653589793","121.5","2"
"3.0106929596902186","123","2"
"3.0761428066400063","124.5","2"
"0","126","2"
"3.0106929596902186","127.5","2"
"3.141592653589793","129","2"
"0","130.5","2"
"3.0761428066400054","132","2"
"3.010692959690219","133.5","2"
"3.076142806640006","135","2"
"3.010692959690219","136.5","2"
"3.0761428066400063","138","2"
"3.141592653589793","139.5","2"
"3.1415926535897927","141","2"
"0","142.5","2"
"3.076142806640006","144","2"
"0","145.5","2"
"0","147","2"
"0","148.5","2"
"3.076142806640006","150","2"
"3.076142806640006","151.5","2"
"3.0761428066400063","153","2"
"3.076142806640006","154.5","2"
"3.0106929596902186","156","2"
"2.9452431127404313","157.5","2"
"2.9452431127404313","159","2"
"3.010692959690218","160.5","2"
"3.1415926535897927","162","2"
"3.0106929596902186","163.5","2"
"0","165","2"
"0","166.5","2"
"0","168","2"
"0","169.5","2"
"0","171","2"
"3.010692959690219","172.5","2"
"3.076142806640006","174","2"
"3.141592653589793","175.5","2"
"3.141592653589793","177","2"
"3.1415926535897927","178.5","2"
"0","180","2"
"0","181.5","2"
"3.0106929596902186","183","2"
"3.0106929596902186","184.5","2"
"3.0106929596902186","186","2"
"3.076142806640006","187.5","2"
"3.076142806640006","189","2"
"0","190.5","2"
"3.0106929596902186","192","2"
"2.8143434188408563","193.5","2"
"0","195","2"
"0","196.5","2"
"0","198","2"
"0","199.5","2"
"0","201","2"
"0","202.5","2"
"0","204","2"
"0","205.5","2"
"0","207","2"
"0","208.5","2"
"0","210","2"
"0","211.5","2"
"0","213","2"
"0","214.5","2"
"0","216","2"
"0","217.5","2"
"0","219","2"
"0","220.5","2"
"0","222","2"
"0","223.5","2"
"0","225","2"
"0","226.5","2"
"0","228","2"
"0","229.5","2"
"0","231","2"
"0","232.5","2"
"0","234","2"
"0","235.5","2"
"0","237","2"
"0","238.5","2"
"0","240","2"
"0","241.5","2"
"0","243","2"
"0","244.5","2"
"0","246","2"
"0","247.5","2"
"0","249","2"
"0","250.5","2"
"0","252","2"
"0","253.5","2"
"0","255","2"
"0","256.5","2"
"0","258","2"
"0","259.5","2"
"0","261","2"
"0","262.5","2"
"0","264","2"
"0","265.5","2"
"0","267","2"
"0","268.5","2"
"0","270","2"
"0","271.5","2"
"0","273","2"
"0","274.5","2"
"0","276","2"
"0","277.5","2"
"0","279","2"
"0","280.5","2"
"0","282","2"
"0","283.5","2"
"0","285","2"
"0","286.5","2"
"0","288","2"
"0","289.5","2"
"0","291","2"
"0","292.5","2"
"0","294","2"
"0","295.5","2"
"0","297","2"
"0","298.5","2"
"0","300","2"
"3.141592653589793","1.5","3"
"3.0761428066400063","3","3"
"3.076142806640006","4.5","3"
"3.141592653589793","6","3"
"3.076142806640006","7.5","3"
"3.1415926535897927","9","3"
"3.141592653589793","10.5","3"
"3.1415926535897927","12","3"
"3.141592653589793","13.5","3"
"3.1415926535897927","15","3"
"3.141592653589793","16.5","3"
"3.0761428066400063","18","3"
"3.141592653589793","19.5","3"
"2.945243112740431","21","3"
"3.141592653589793","22.5","3"
"3.1415926535897927","24","3"
"3.141592653589793","25.5","3"
"3.1415926535897927","27","3"
"3.076142806640006","28.5","3"
"3.141592653589793","30","3"
"3.141592653589793","31.5","3"
"2.945243112740431","33","3"
"3.141592653589793","34.5","3"
"3.076142806640006","36","3"
"3.141592653589793","37.5","3"
"3.141592653589793","39","3"
"3.0761428066400063","40.5","3"
"3.0761428066400063","42","3"
"3.076142806640006","43.5","3"
"3.141592653589793","45","3"
"3.076142806640006","46.5","3"
"3.141592653589793","48","3"
"3.141592653589793","49.5","3"
"3.141592653589793","51","3"
"3.1415926535897927","52.5","3"
"3.076142806640006","54","3"
"3.0761428066400063","55.5","3"
"3.141592653589793","57","3"
"3.141592653589793","58.5","3"
"3.0761428066400063","60","3"
"3.0761428066400054","61.5","3"
"3.141592653589793","63","3"
"3.141592653589793","64.5","3"
"3.141592653589793","66","3"
"3.0761428066400063","67.5","3"
"3.141592653589793","69","3"
"3.141592653589793","70.5","3"
"3.1415926535897927","72","3"
"3.141592653589793","73.5","3"
"3.1415926535897927","75","3"
"3.141592653589793","76.5","3"
"3.076142806640006","78","3"
"3.1415926535897927","79.5","3"
"3.141592653589793","81","3"
"3.141592653589793","82.5","3"
"3.1415926535897927","84","3"
"3.141592653589793","85.5","3"
"3.1415926535897927","87","3"
"3.141592653589793","88.5","3"
"3.0761428066400054","90","3"
"3.141592653589793","91.5","3"
"3.1415926535897927","93","3"
"3.141592653589793","94.5","3"
"3.1415926535897927","96","3"
"3.0761428066400054","97.5","3"
"3.141592653589793","99","3"
"3.141592653589793","100.5","3"
"3.1415926535897927","102","3"
"3.076142806640006","103.5","3"
"3.1415926535897927","105","3"
"3.141592653589793","106.5","3"
"3.1415926535897927","108","3"
"3.0761428066400054","109.5","3"
"3.141592653589793","111","3"
"3.0761428066400054","112.5","3"
"3.076142806640006","114","3"
"3.0761428066400054","115.5","3"
"3.0761428066400054","117","3"
"3.1415926535897927","118.5","3"
"3.1415926535897927","120","3"
"3.076142806640006","121.5","3"
"3.141592653589793","123","3"
"3.141592653589793","124.5","3"
"3.0761428066400054","126","3"
"3.0106929596902177","127.5","3"
"3.141592653589793","129","3"
"3.1415926535897927","130.5","3"
"3.1415926535897927","132","3"
"3.076142806640006","133.5","3"
"3.141592653589793","135","3"
"3.141592653589793","136.5","3"
"3.141592653589793","138","3"
"3.0761428066400054","139.5","3"
"3.141592653589793","141","3"
"3.1415926535897927","142.5","3"
"3.141592653589793","144","3"
"3.076142806640006","145.5","3"
"3.141592653589793","147","3"
"3.141592653589793","148.5","3"
"3.141592653589793","150","3"
"3.1415926535897927","151.5","3"
"3.141592653589793","153","3"
"3.1415926535897927","154.5","3"
"3.141592653589793","156","3"
"3.141592653589793","157.5","3"
"3.141592653589793","159","3"
"3.0761428066400054","160.5","3"
"3.141592653589793","162","3"
"3.1415926535897927","163.5","3"
"3.141592653589793","165","3"
"3.1415926535897927","166.5","3"
"3.141592653589793","168","3"
"3.141592653589793","169.5","3"
"3.0761428066400054","171","3"
"3.1415926535897927","172.5","3"
"3.1415926535897927","174","3"
"3.1415926535897927","175.5","3"
"3.141592653589793","177","3"
"3.1415926535897927","178.5","3"
"3.141592653589793","180","3"
"3.141592653589793","181.5","3"
"3.1415926535897927","183","3"
"3.1415926535897927","184.5","3"
"3.1415926535897927","186","3"
"3.0106929596902186","187.5","3"
"3.141592653589793","189","3"
"3.0761428066400063","190.5","3"
"3.141592653589793","192","3"
"3.0761428066400054","193.5","3"
"3.076142806640006","195","3"
"3.141592653589793","196.5","3"
"3.141592653589793","198","3"
"3.0106929596902186","199.5","3"
"3.1415926535897927","201","3"
"3.141592653589793","202.5","3"
"3.141592653589793","204","3"
"3.1415926535897927","205.5","3"
"3.0761428066400054","207","3"
"3.1415926535897927","208.5","3"
"3.141592653589793","210","3"
"3.1415926535897927","211.5","3"
"3.1415926535897927","213","3"
"3.141592653589793","214.5","3"
"3.141592653589793","216","3"
"3.1415926535897927","217.5","3"
"3.0761428066400054","219","3"
"3.141592653589793","220.5","3"
"3.141592653589793","222","3"
"3.1415926535897927","223.5","3"
"3.1415926535897927","225","3"
"3.141592653589793","226.5","3"
"3.076142806640006","228","3"
"3.141592653589793","229.5","3"
"3.076142806640006","231","3"
"3.141592653589793","232.5","3"
"3.141592653589793","234","3"
"3.1415926535897927","235.5","3"
"3.1415926535897927","237","3"
"3.076142806640006","238.5","3"
"3.141592653589793","240","3"
"3.141592653589793","241.5","3"
"3.0761428066400054","243","3"
"3.1415926535897927","244.5","3"
"3.141592653589793","246","3"
"3.1415926535897927","247.5","3"
"3.076142806640006","249","3"
"3.076142806640006","250.5","3"
"3.141592653589793","252","3"
"2.945243112740431","253.5","3"
"3.010692959690218","255","3"
"3.141592653589793","256.5","3"
"3.1415926535897927","258","3"
"3.141592653589793","259.5","3"
"3.141592653589793","261","3"
"3.141592653589793","262.5","3"
"3.1415926535897927","264","3"
"3.141592653589793","265.5","3"
"3.1415926535897927","267","3"
"3.141592653589793","268.5","3"
"3.141592653589793","270","3"
"3.141592653589793","271.5","3"
"3.141592653589793","273","3"
"3.141592653589793","274.5","3"
"3.1415926535897927","276","3"
"3.1415926535897927","277.5","3"
"3.0761428066400063","279","3"
"3.1415926535897927","280.5","3"
"3.141592653589793","282","3"
"3.141592653589793","283.5","3"
"3.141592653589793","285","3"
"3.0761428066400063","286.5","3"
"3.1415926535897927","288","3"
"3.141592653589793","289.5","3"
"3.1415926535897927","291","3"
"3.0761428066400063","292.5","3"
"3.141592653589793","294","3"
"3.141592653589793","295.5","3"
"3.141592653589793","297","3"
"3.141592653589793","298.5","3"
"3.1415926535897927","300","3"
"3.1415926535897927","1.5","4"
"3.1415926535897927","3","4"
"3.1415926535897927","4.5","4"
"3.141592653589793","6","4"
"3.141592653589793","7.5","4"
"3.141592653589793","9","4"
"3.141592653589793","10.5","4"
"3.1415926535897927","12","4"
"3.141592653589793","13.5","4"
"3.0761428066400054","15","4"
"3.141592653589793","16.5","4"
"3.1415926535897927","18","4"
"3.141592653589793","19.5","4"
"3.141592653589793","21","4"
"3.141592653589793","22.5","4"
"3.1415926535897927","24","4"
"3.076142806640006","25.5","4"
"3.1415926535897927","27","4"
"3.141592653589793","28.5","4"
"3.0761428066400054","30","4"
"3.141592653589793","31.5","4"
"3.141592653589793","33","4"
"3.141592653589793","34.5","4"
"3.1415926535897927","36","4"
"3.076142806640006","37.5","4"
"3.1415926535897927","39","4"
"3.141592653589793","40.5","4"
"3.1415926535897927","42","4"
"3.0761428066400054","43.5","4"
"3.141592653589793","45","4"
"3.141592653589793","46.5","4"
"3.076142806640006","48","4"
"3.076142806640006","49.5","4"
"3.1415926535897927","51","4"
"3.141592653589793","52.5","4"
"3.1415926535897927","54","4"
"3.0761428066400054","55.5","4"
"3.0761428066400054","57","4"
"3.141592653589793","58.5","4"
"3.076142806640006","60","4"
"3.076142806640006","61.5","4"
"3.1415926535897927","63","4"
"3.141592653589793","64.5","4"
"3.1415926535897927","66","4"
"3.0106929596902186","67.5","4"
"3.1415926535897927","69","4"
"3.141592653589793","70.5","4"
"3.141592653589793","72","4"
"3.141592653589793","73.5","4"
"3.1415926535897927","75","4"
"3.141592653589793","76.5","4"
"3.141592653589793","78","4"
"3.076142806640006","79.5","4"
"3.076142806640006","81","4"
"3.141592653589793","82.5","4"
"3.141592653589793","84","4"
"3.141592653589793","85.5","4"
"3.1415926535897927","87","4"
"3.141592653589793","88.5","4"
"3.141592653589793","90","4"
"3.0761428066400054","91.5","4"
"3.0761428066400054","93","4"
"3.1415926535897927","94.5","4"
"3.141592653589793","96","4"
"3.141592653589793","97.5","4"
"3.1415926535897927","99","4"
"3.141592653589793","100.5","4"
"3.141592653589793","102","4"
"3.0761428066400054","103.5","4"
"3.0761428066400054","105","4"
"3.141592653589793","106.5","4"
"3.0761428066400054","108","4"
"3.141592653589793","109.5","4"
"3.1415926535897927","111","4"
"3.076142806640006","112.5","4"
"3.141592653589793","114","4"
"3.141592653589793","115.5","4"
"3.141592653589793","117","4"
"3.141592653589793","118.5","4"
"3.141592653589793","120","4"
"3.141592653589793","121.5","4"
"3.0761428066400063","123","4"
"3.141592653589793","124.5","4"
"3.141592653589793","126","4"
"3.1415926535897927","127.5","4"
"3.0761428066400054","129","4"
"3.1415926535897927","130.5","4"
"3.0761428066400054","132","4"
"3.076142806640006","133.5","4"
"3.1415926535897927","135","4"
"3.141592653589793","136.5","4"
"3.141592653589793","138","4"
"3.1415926535897927","139.5","4"
"3.141592653589793","141","4"
"3.141592653589793","142.5","4"
"3.1415926535897927","144","4"
"3.141592653589793","145.5","4"
"3.076142806640006","147","4"
"3.141592653589793","148.5","4"
"3.1415926535897927","150","4"
"3.141592653589793","151.5","4"
"3.1415926535897927","153","4"
"3.141592653589793","154.5","4"
"3.141592653589793","156","4"
"3.141592653589793","157.5","4"
"3.141592653589793","159","4"
"3.141592653589793","160.5","4"
"3.1415926535897927","162","4"
"3.141592653589793","163.5","4"
"3.0761428066400063","165","4"
"3.141592653589793","166.5","4"
"3.141592653589793","168","4"
"3.141592653589793","169.5","4"
"3.141592653589793","171","4"
"3.141592653589793","172.5","4"
"3.076142806640006","174","4"
"3.141592653589793","175.5","4"
"3.0761428066400063","177","4"
"3.1415926535897927","178.5","4"
"3.141592653589793","180","4"
"3.141592653589793","181.5","4"
"3.076142806640006","183","4"
"3.0761428066400063","184.5","4"
"3.141592653589793","186","4"
"3.141592653589793","187.5","4"
"3.0761428066400063","189","4"
"3.1415926535897927","190.5","4"
"3.141592653589793","192","4"
"3.0761428066400063","193.5","4"
"3.141592653589793","195","4"
"3.0761428066400063","196.5","4"
"3.076142806640006","198","4"
"3.076142806640006","199.5","4"
"3.0761428066400063","201","4"
"3.076142806640006","202.5","4"
"3.0761428066400063","204","4"
"3.1415926535897927","205.5","4"
"3.0761428066400063","207","4"
"3.076142806640006","208.5","4"
"3.076142806640006","210","4"
"3.141592653589793","211.5","4"
"3.0761428066400063","213","4"
"3.0761428066400054","214.5","4"
"3.0761428066400063","216","4"
"3.076142806640006","217.5","4"
"3.1415926535897927","219","4"
"3.076142806640006","220.5","4"
"3.0106929596902186","222","4"
"3.076142806640006","223.5","4"
"3.010692959690218","225","4"
"3.076142806640006","226.5","4"
"3.0761428066400063","228","4"
"3.141592653589793","229.5","4"
"3.076142806640006","231","4"
"3.0761428066400063","232.5","4"
"3.0761428066400063","234","4"
"3.076142806640006","235.5","4"
"3.141592653589793","237","4"
"3.076142806640006","238.5","4"
"3.141592653589793","240","4"
"3.0761428066400054","241.5","4"
"3.0761428066400054","243","4"
"3.076142806640006","244.5","4"
"3.0106929596902186","246","4"
"3.0761428066400063","247.5","4"
"3.141592653589793","249","4"
"3.141592653589793","250.5","4"
"3.141592653589793","252","4"
"3.141592653589793","253.5","4"
"3.0761428066400063","255","4"
"3.0761428066400054","256.5","4"
"3.0761428066400063","258","4"
"3.1415926535897927","259.5","4"
"3.0761428066400063","261","4"
"3.141592653589793","262.5","4"
"3.1415926535897927","264","4"
"3.0761428066400054","265.5","4"
"3.076142806640006","267","4"
"3.1415926535897927","268.5","4"
"3.141592653589793","270","4"
"3.141592653589793","271.5","4"
"3.141592653589793","273","4"
"3.141592653589793","274.5","4"
"3.1415926535897927","276","4"
"3.0761428066400054","277.5","4"
"3.141592653589793","279","4"
"3.1415926535897927","280.5","4"
"3.076142806640006","282","4"
"3.141592653589793","283.5","4"
"3.1415926535897927","285","4"
"3.141592653589793","286.5","4"
"3.1415926535897927","288","4"
"3.0761428066400054","289.5","4"
"3.141592653589793","291","4"
"3.141592653589793","292.5","4"
"3.1415926535897927","294","4"
"3.1415926535897927","295.5","4"
"3.1415926535897927","297","4"
"3.1415926535897927","298.5","4"
"3.0761428066400054","300","4"
"3.141592653589793","1.5","5"
"3.1415926535897927","3","5"
"3.141592653589793","4.5","5"
"3.141592653589793","6","5"
"3.1415926535897927","7.5","5"
"3.141592653589793","9","5"
"3.1415926535897927","10.5","5"
"3.076142806640006","12","5"
"3.076142806640006","13.5","5"
"3.1415926535897927","15","5"
"3.141592653589793","16.5","5"
"3.141592653589793","18","5"
"3.1415926535897927","19.5","5"
"3.141592653589793","21","5"
"3.076142806640006","22.5","5"
"3.0761428066400054","24","5"
"3.141592653589793","25.5","5"
"3.1415926535897927","27","5"
"3.141592653589793","28.5","5"
"3.141592653589793","30","5"
"3.1415926535897927","31.5","5"
"3.141592653589793","33","5"
"3.141592653589793","34.5","5"
"3.0761428066400054","36","5"
"3.141592653589793","37.5","5"
"3.076142806640006","39","5"
"3.141592653589793","40.5","5"
"3.141592653589793","42","5"
"3.1415926535897927","43.5","5"
"3.141592653589793","45","5"
"3.141592653589793","46.5","5"
"3.0106929596902177","48","5"
"3.141592653589793","49.5","5"
"3.076142806640006","51","5"
"3.0761428066400054","52.5","5"
"3.141592653589793","54","5"
"3.1415926535897927","55.5","5"
"3.076142806640006","57","5"
"3.076142806640006","58.5","5"
"3.0106929596902177","60","5"
"3.141592653589793","61.5","5"
"3.076142806640006","63","5"
"3.0761428066400054","64.5","5"
"3.0761428066400054","66","5"
"3.141592653589793","67.5","5"
"3.1415926535897927","69","5"
"3.076142806640006","70.5","5"
"3.0761428066400054","72","5"
"3.0761428066400054","73.5","5"
"3.0761428066400054","75","5"
"3.0761428066400054","76.5","5"
"3.141592653589793","78","5"
"3.076142806640006","79.5","5"
"3.0106929596902177","81","5"
"3.0761428066400054","82.5","5"
"3.1415926535897927","84","5"
"3.010692959690218","85.5","5"
"3.0761428066400054","87","5"
"3.0761428066400054","88.5","5"
"3.076142806640006","90","5"
"3.0761428066400054","91.5","5"
"3.010692959690218","93","5"
"3.076142806640006","94.5","5"
"3.0761428066400054","96","5"
"3.141592653589793","97.5","5"
"3.0761428066400054","99","5"
"3.0761428066400054","100.5","5"
"3.0761428066400054","102","5"
"3.1415926535897927","103.5","5"
"2.9452431127404313","105","5"
"3.0761428066400054","106.5","5"
"3.076142806640006","108","5"
"3.076142806640006","109.5","5"
"3.076142806640006","111","5"
"3.0761428066400054","112.5","5"
"3.076142806640005","114","5"
"3.141592653589793","115.5","5"
"3.1415926535897927","117","5"
"3.076142806640006","118.5","5"
"3.1415926535897927","120","5"
"3.1415926535897927","121.5","5"
"3.0761428066400054","123","5"
"3.076142806640006","124.5","5"
"3.076142806640005","126","5"
"3.0761428066400054","127.5","5"
"3.141592653589793","129","5"
"3.1415926535897927","130.5","5"
"3.0761428066400054","132","5"
"3.1415926535897927","133.5","5"
"3.076142806640006","135","5"
"3.076142806640006","136.5","5"
"3.076142806640005","138","5"
"3.076142806640006","139.5","5"
"3.076142806640006","141","5"
"3.141592653589793","142.5","5"
"3.1415926535897927","144","5"
"3.141592653589793","145.5","5"
"3.141592653589793","147","5"
"3.0761428066400063","148.5","5"
"3.076142806640005","150","5"
"3.076142806640006","151.5","5"
"3.076142806640006","153","5"
"3.141592653589793","154.5","5"
"3.141592653589793","156","5"
"3.141592653589793","157.5","5"
"3.141592653589793","159","5"
"3.076142806640006","160.5","5"
"3.010692959690218","162","5"
"3.076142806640006","163.5","5"
"3.141592653589793","165","5"
"3.141592653589793","166.5","5"
"3.076142806640006","168","5"
"3.076142806640006","169.5","5"
"3.141592653589793","171","5"
"3.141592653589793","172.5","5"
"3.076142806640006","174","5"
"3.010692959690218","175.5","5"
"3.076142806640006","177","5"
"3.076142806640006","178.5","5"
"3.0761428066400063","180","5"
"3.1415926535897927","181.5","5"
"3.1415926535897927","183","5"
"3.141592653589793","184.5","5"
"3.0106929596902186","186","5"
"2.9452431127404304","187.5","5"
"3.0761428066400054","189","5"
"3.076142806640006","190.5","5"
"3.141592653589793","192","5"
"3.141592653589793","193.5","5"
"3.141592653589793","195","5"
"3.076142806640006","196.5","5"
"3.1415926535897927","198","5"
"3.141592653589793","199.5","5"
"2.945243112740431","201","5"
"3.010692959690218","202.5","5"
"3.076142806640005","204","5"
"3.1415926535897927","205.5","5"
"3.1415926535897927","207","5"
"3.0761428066400054","208.5","5"
"3.076142806640006","210","5"
"3.076142806640006","211.5","5"
"2.8797932657906435","213","5"
"2.9452431127404313","214.5","5"
"3.0106929596902186","216","5"
"3.076142806640005","217.5","5"
"3.076142806640006","219","5"
"3.076142806640006","220.5","5"
"3.0106929596902186","222","5"
"3.076142806640006","223.5","5"
"3.141592653589793","225","5"
"2.879793265790643","226.5","5"
"2.9452431127404313","228","5"
"3.0761428066400063","229.5","5"
"3.076142806640005","231","5"
"3.010692959690218","232.5","5"
"3.076142806640006","234","5"
"3.0106929596902186","235.5","5"
"3.0106929596902186","237","5"
"3.0761428066400054","238.5","5"
"2.8143434188408563","240","5"
"2.8797932657906435","241.5","5"
"3.141592653589793","243","5"
"3.010692959690218","244.5","5"
"3.010692959690218","246","5"
"3.076142806640006","247.5","5"
"3.0106929596902186","249","5"
"3.0761428066400063","250.5","5"
"3.0106929596902186","252","5"
"2.748893571891069","253.5","5"
"2.814343418840856","255","5"
"3.0761428066400054","256.5","5"
"3.010692959690218","258","5"
"3.010692959690218","259.5","5"
"3.0106929596902186","261","5"
"3.0761428066400054","262.5","5"
"2.945243112740431","264","5"
"2.8797932657906435","265.5","5"
"2.879793265790644","267","5"
"2.748893571891069","268.5","5"
"2.8143434188408563","270","5"
"2.814343418840856","271.5","5"
"2.9452431127404304","273","5"
"3.010692959690218","274.5","5"
"3.0106929596902186","276","5"
"3.0761428066400054","277.5","5"
"3.010692959690218","279","5"
"2.879793265790643","280.5","5"
"2.8797932657906435","282","5"
"2.8797932657906435","283.5","5"
"2.814343418840856","285","5"
"2.879793265790643","286.5","5"
"2.9452431127404313","288","5"
"3.0106929596902186","289.5","5"
"3.076142806640006","291","5"
"3.0761428066400054","292.5","5"
"3.010692959690218","294","5"
"2.9452431127404304","295.5","5"
"2.879793265790643","297","5"
"2.8797932657906435","298.5","5"
"3.0106929596902186","300","5"
"3.141592653589793","1.5","6"
"3.076142806640006","3","6"
"3.076142806640006","4.5","6"
"3.0761428066400063","6","6"
"3.1415926535897927","7.5","6"
"3.076142806640006","9","6"
"3.141592653589793","10.5","6"
"3.141592653589793","12","6"
"3.141592653589793","13.5","6"
"3.141592653589793","15","6"
"3.0761428066400054","16.5","6"
"3.0761428066400054","18","6"
"3.0761428066400054","19.5","6"
"3.010692959690218","21","6"
"3.076142806640006","22.5","6"
"3.141592653589793","24","6"
"3.141592653589793","25.5","6"
"3.141592653589793","27","6"
"3.076142806640006","28.5","6"
"3.1415926535897927","30","6"
"3.010692959690218","31.5","6"
"3.010692959690218","33","6"
"3.0106929596902186","34.5","6"
"3.0106929596902186","36","6"
"3.076142806640006","37.5","6"
"3.141592653589793","39","6"
"3.010692959690218","40.5","6"
"3.076142806640006","42","6"
"3.010692959690218","43.5","6"
"2.945243112740431","45","6"
"2.945243112740431","46.5","6"
"3.076142806640006","48","6"
"3.0761428066400054","49.5","6"
"3.0106929596902186","51","6"
"3.141592653589793","52.5","6"
"3.0761428066400054","54","6"
"3.0761428066400054","55.5","6"
"2.945243112740431","57","6"
"2.945243112740431","58.5","6"
"3.010692959690218","60","6"
"3.076142806640006","61.5","6"
"3.0761428066400054","63","6"
"2.945243112740431","64.5","6"
"3.0761428066400054","66","6"
"3.010692959690218","67.5","6"
"3.076142806640006","69","6"
"3.0106929596902186","70.5","6"
"3.010692959690218","72","6"
"3.0106929596902186","73.5","6"
"3.076142806640006","75","6"
"3.0761428066400054","76.5","6"
"3.1415926535897927","78","6"
"3.0761428066400054","79.5","6"
"3.141592653589793","81","6"
"3.0761428066400054","82.5","6"
"3.010692959690218","84","6"
"3.010692959690218","85.5","6"
"3.076142806640006","87","6"
"3.141592653589793","88.5","6"
"3.141592653589793","90","6"
"3.1415926535897927","91.5","6"
"3.0761428066400063","93","6"
"3.0761428066400054","94.5","6"
"3.0761428066400054","96","6"
"3.076142806640006","97.5","6"
"3.0106929596902186","99","6"
"3.141592653589793","100.5","6"
"3.076142806640006","102","6"
"3.1415926535897927","103.5","6"
"3.0761428066400063","105","6"
"3.1415926535897927","106.5","6"
"3.010692959690218","108","6"
"3.0106929596902186","109.5","6"
"3.0106929596902186","111","6"
"3.0106929596902186","112.5","6"
"3.0761428066400063","114","6"
"3.076142806640006","115.5","6"
"3.0106929596902186","117","6"
"3.0761428066400054","118.5","6"
"2.945243112740431","120","6"
"3.0106929596902186","121.5","6"
"2.945243112740431","123","6"
"3.0106929596902186","124.5","6"
"3.0761428066400063","126","6"
"3.0761428066400054","127.5","6"
"3.0106929596902186","129","6"
"3.1415926535897927","130.5","6"
"2.945243112740431","132","6"
"3.076142806640006","133.5","6"
"3.0106929596902177","135","6"
"3.0106929596902177","136.5","6"
"3.0106929596902186","138","6"
"3.010692959690218","139.5","6"
"3.0761428066400054","141","6"
"3.0761428066400054","142.5","6"
"3.141592653589793","144","6"
"3.076142806640006","145.5","6"
"3.076142806640006","147","6"
"3.076142806640006","148.5","6"
"3.0761428066400054","150","6"
"3.076142806640006","151.5","6"
"3.0761428066400054","153","6"
"3.141592653589793","154.5","6"
"3.1415926535897927","156","6"
"3.0761428066400054","157.5","6"
"3.076142806640006","159","6"
"3.076142806640006","160.5","6"
"3.0761428066400054","162","6"
"3.0761428066400054","163.5","6"
"3.0761428066400054","165","6"
"3.0761428066400054","166.5","6"
"3.1415926535897927","168","6"
"3.076142806640006","169.5","6"
"3.0761428066400054","171","6"
"3.0761428066400054","172.5","6"
"3.0761428066400054","174","6"
"3.0761428066400054","175.5","6"
"3.141592653589793","177","6"
"3.1415926535897927","178.5","6"
"3.141592653589793","180","6"
"3.141592653589793","181.5","6"
"3.141592653589793","183","6"
"3.141592653589793","184.5","6"
"3.141592653589793","186","6"
"3.141592653589793","187.5","6"
"3.0761428066400054","189","6"
"3.141592653589793","190.5","6"
"3.1415926535897927","192","6"
"3.076142806640006","193.5","6"
"3.141592653589793","195","6"
"3.0761428066400054","196.5","6"
"3.076142806640006","198","6"
"3.0761428066400054","199.5","6"
"3.0761428066400054","201","6"
"3.076142806640006","202.5","6"
"3.141592653589793","204","6"
"3.1415926535897927","205.5","6"
"3.076142806640006","207","6"
"3.0761428066400054","208.5","6"
"3.076142806640006","210","6"
"3.141592653589793","211.5","6"
"3.0761428066400054","213","6"
"3.141592653589793","214.5","6"
"3.141592653589793","216","6"
"3.1415926535897927","217.5","6"
"3.076142806640006","219","6"
"3.0761428066400054","220.5","6"
"3.1415926535897922","222","6"
"3.0761428066400054","223.5","6"
"3.0761428066400054","225","6"
"3.141592653589793","226.5","6"
"3.076142806640006","228","6"
"3.1415926535897927","229.5","6"
"3.0761428066400054","231","6"
"3.141592653589793","232.5","6"
"3.1415926535897922","234","6"
"3.141592653589793","235.5","6"
"3.0106929596902177","237","6"
"3.141592653589793","238.5","6"
"3.141592653589793","240","6"
"3.076142806640006","241.5","6"
"3.076142806640006","243","6"
"3.0761428066400054","244.5","6"
"3.0761428066400054","246","6"
"3.141592653589793","247.5","6"
"3.0106929596902177","249","6"
"3.076142806640006","250.5","6"
"3.141592653589793","252","6"
"3.076142806640006","253.5","6"
"3.0761428066400054","255","6"
"3.1415926535897927","256.5","6"
"3.141592653589793","258","6"
"3.141592653589793","259.5","6"
"3.0761428066400054","261","6"
"3.076142806640006","262.5","6"
"3.0761428066400054","264","6"
"3.1415926535897927","265.5","6"
"3.0761428066400054","267","6"
"3.141592653589793","268.5","6"
"3.141592653589793","270","6"
"3.141592653589793","271.5","6"
"3.0761428066400054","273","6"
"3.141592653589793","274.5","6"
"3.1415926535897927","276","6"
"3.1415926535897927","277.5","6"
"3.141592653589793","279","6"
"3.0761428066400054","280.5","6"
"3.1415926535897927","282","6"
"3.1415926535897927","283.5","6"
"3.0106929596902186","285","6"
"3.141592653589793","286.5","6"
"3.141592653589793","288","6"
"3.141592653589793","289.5","6"
"3.141592653589793","291","6"
"3.076142806640006","292.5","6"
"3.076142806640006","294","6"
"3.1415926535897927","295.5","6"
"3.0106929596902186","297","6"
"3.0761428066400054","298.5","6"
"3.141592653589793","300","6"
"3.141592653589793","1.5","7"
"3.141592653589793","3","7"
"3.1415926535897927","4.5","7"
"3.076142806640006","6","7"
"3.0106929596902186","7.5","7"
"3.0761428066400063","9","7"
"3.0761428066400054","10.5","7"
"3.076142806640006","12","7"
"3.0761428066400054","13.5","7"
"3.141592653589793","15","7"
"3.141592653589793","16.5","7"
"3.076142806640006","18","7"
"3.0106929596902186","19.5","7"
"3.1415926535897927","21","7"
"3.010692959690218","22.5","7"
"3.010692959690218","24","7"
"3.0106929596902186","25.5","7"
"3.0761428066400054","27","7"
"3.1415926535897927","28.5","7"
"3.076142806640006","30","7"
"3.0761428066400054","31.5","7"
"3.076142806640006","33","7"
"3.010692959690218","34.5","7"
"3.010692959690218","36","7"
"3.0106929596902186","37.5","7"
"3.0106929596902186","39","7"
"3.0761428066400054","40.5","7"
"3.1415926535897927","42","7"
"3.0761428066400054","43.5","7"
"3.0106929596902186","45","7"
"3.010692959690219","46.5","7"
"2.945243112740431","48","7"
"3.0106929596902186","49.5","7"
"3.076142806640006","51","7"
"3.0761428066400054","52.5","7"
"3.0106929596902186","54","7"
"3.0761428066400054","55.5","7"
"3.0761428066400054","57","7"
"3.076142806640006","58.5","7"
"3.0106929596902186","60","7"
"3.010692959690218","61.5","7"
"3.010692959690218","63","7"
"3.0106929596902186","64.5","7"
"3.076142806640006","66","7"
"3.010692959690218","67.5","7"
"3.1415926535897927","69","7"
"3.141592653589793","70.5","7"
"3.141592653589793","72","7"
"3.010692959690218","73.5","7"
"3.0761428066400054","75","7"
"3.076142806640006","76.5","7"
"3.141592653589793","78","7"
"3.141592653589793","79.5","7"
"3.0761428066400054","81","7"
"3.076142806640006","82.5","7"
"3.141592653589793","84","7"
"3.0761428066400054","85.5","7"
"3.0761428066400054","87","7"
"3.0106929596902186","88.5","7"
"3.076142806640006","90","7"
"3.0761428066400054","91.5","7"
"3.141592653589793","93","7"
"3.0761428066400054","94.5","7"
"3.1415926535897927","96","7"
"3.0761428066400054","97.5","7"
"3.076142806640006","99","7"
"3.076142806640006","100.5","7"
"3.076142806640006","102","7"
"3.0761428066400054","103.5","7"
"3.0761428066400054","105","7"
"3.0761428066400054","106.5","7"
"3.1415926535897927","108","7"
"3.0761428066400054","109.5","7"
"3.0106929596902186","111","7"
"3.0106929596902186","112.5","7"
"3.0106929596902186","114","7"
"3.076142806640006","115.5","7"
"3.010692959690218","117","7"
"3.0761428066400054","118.5","7"
"3.1415926535897927","120","7"
"3.076142806640006","121.5","7"
"3.076142806640006","123","7"
"3.0106929596902177","124.5","7"
"3.0761428066400054","126","7"
"3.0761428066400054","127.5","7"
"3.0761428066400054","129","7"
"3.0761428066400054","130.5","7"
"3.141592653589793","132","7"
"3.141592653589793","133.5","7"
"3.076142806640006","135","7"
"3.141592653589793","136.5","7"
"3.076142806640006","138","7"
"3.0761428066400054","139.5","7"
"3.076142806640006","141","7"
"3.1415926535897927","142.5","7"
"3.141592653589793","144","7"
"3.141592653589793","145.5","7"
"3.0761428066400054","147","7"
"3.076142806640006","148.5","7"
"3.141592653589793","150","7"
"3.0761428066400054","151.5","7"
"3.0761428066400054","153","7"
"3.141592653589793","154.5","7"
"3.1415926535897927","156","7"
"3.1415926535897927","157.5","7"
"3.076142806640006","159","7"
"3.1415926535897927","160.5","7"
"3.0761428066400054","162","7"
"3.141592653589793","163.5","7"
"3.0761428066400054","165","7"
"3.076142806640006","166.5","7"
"3.1415926535897927","168","7"
"3.141592653589793","169.5","7"
"3.076142806640006","171","7"
"3.0761428066400054","172.5","7"
"3.141592653589793","174","7"
"3.141592653589793","175.5","7"
"3.1415926535897927","177","7"
"3.141592653589793","178.5","7"
"3.141592653589793","180","7"
"3.141592653589793","181.5","7"
"3.141592653589793","183","7"
"3.0761428066400054","184.5","7"
"3.141592653589793","186","7"
"3.076142806640006","187.5","7"
"3.141592653589793","189","7"
"3.0761428066400054","190.5","7"
"3.141592653589793","192","7"
"3.141592653589793","193.5","7"
"3.1415926535897927","195","7"
"3.0761428066400054","196.5","7"
"3.0761428066400054","198","7"
"3.0761428066400054","199.5","7"
"3.0761428066400054","201","7"
"3.0761428066400054","202.5","7"
"3.141592653589793","204","7"
"3.141592653589793","205.5","7"
"3.1415926535897927","207","7"
"3.0761428066400054","208.5","7"
"3.141592653589793","210","7"
"3.1415926535897922","211.5","7"
"3.0761428066400054","213","7"
"3.0761428066400054","214.5","7"
"3.141592653589793","216","7"
"3.141592653589793","217.5","7"
"3.076142806640006","219","7"
"3.1415926535897927","220.5","7"
"3.141592653589793","222","7"
"3.1415926535897922","223.5","7"
"3.141592653589793","225","7"
"3.0106929596902177","226.5","7"
"3.141592653589793","228","7"
"3.141592653589793","229.5","7"
"3.141592653589793","231","7"
"3.076142806640006","232.5","7"
"3.0761428066400054","234","7"
"3.0761428066400054","235.5","7"
"3.141592653589793","237","7"
"3.0761428066400054","238.5","7"
"3.076142806640006","240","7"
"3.141592653589793","241.5","7"
"3.141592653589793","243","7"
"3.141592653589793","244.5","7"
"3.1415926535897927","246","7"
"3.141592653589793","247.5","7"
"3.0761428066400054","249","7"
"3.0761428066400054","250.5","7"
"3.141592653589793","252","7"
"3.1415926535897927","253.5","7"
"3.141592653589793","255","7"
"3.076142806640006","256.5","7"
"3.141592653589793","258","7"
"3.0761428066400054","259.5","7"
"3.141592653589793","261","7"
"3.1415926535897927","262.5","7"
"3.141592653589793","264","7"
"3.1415926535897927","265.5","7"
"3.0761428066400054","267","7"
"3.141592653589793","268.5","7"
"3.1415926535897927","270","7"
"3.1415926535897927","271.5","7"
"3.1415926535897927","273","7"
"3.0106929596902186","274.5","7"
"3.0761428066400054","276","7"
"3.141592653589793","277.5","7"
"3.141592653589793","279","7"
"3.0761428066400054","280.5","7"
"3.076142806640006","282","7"
"3.141592653589793","283.5","7"
"3.141592653589793","285","7"
"2.945243112740431","286.5","7"
"3.1415926535897927","288","7"
"3.141592653589793","289.5","7"
"3.141592653589793","291","7"
"3.1415926535897927","292.5","7"
"3.0761428066400054","294","7"
"3.1415926535897927","295.5","7"
"3.141592653589793","297","7"
"3.1415926535897927","298.5","7"
"3.1415926535897927","300","7"
"3.141592653589793","1.5","8"
"3.1415926535897927","3","8"
"3.0761428066400063","4.5","8"
"3.141592653589793","6","8"
"2.879793265790643","7.5","8"
"3.141592653589793","9","8"
"3.1415926535897927","10.5","8"
"3.076142806640006","12","8"
"3.0761428066400054","13.5","8"
"3.1415926535897927","15","8"
"3.0761428066400063","16.5","8"
"3.076142806640006","18","8"
"3.076142806640006","19.5","8"
"3.141592653589793","21","8"
"3.1415926535897927","22.5","8"
"3.1415926535897927","24","8"
"3.0761428066400054","25.5","8"
"3.0761428066400063","27","8"
"3.1415926535897927","28.5","8"
"3.141592653589793","30","8"
"3.141592653589793","31.5","8"
"3.0761428066400054","33","8"
"3.1415926535897927","34.5","8"
"3.141592653589793","36","8"
"3.0761428066400054","37.5","8"
"3.0761428066400063","39","8"
"3.076142806640006","40.5","8"
"3.1415926535897927","42","8"
"3.076142806640006","43.5","8"
"3.141592653589793","45","8"
"3.0761428066400063","46.5","8"
"3.141592653589793","48","8"
"3.1415926535897927","49.5","8"
"2.945243112740431","51","8"
"3.0761428066400063","52.5","8"
"3.076142806640006","54","8"
"3.141592653589793","55.5","8"
"3.141592653589793","57","8"
"3.1415926535897927","58.5","8"
"3.0761428066400063","60","8"
"3.1415926535897927","61.5","8"
"3.141592653589793","63","8"
"3.1415926535897927","64.5","8"
"3.141592653589793","66","8"
"3.076142806640006","67.5","8"
"3.0761428066400063","69","8"
"3.0761428066400063","70.5","8"
"3.0106929596902186","72","8"
"3.0761428066400063","73.5","8"
"3.0761428066400063","75","8"
"0","76.5","8"
"0","78","8"
"3.0106929596902186","79.5","8"
"3.0761428066400063","81","8"
"3.0106929596902186","82.5","8"
"3.0106929596902186","84","8"
"3.0106929596902186","85.5","8"
"3.076142806640006","87","8"
"3.141592653589793","88.5","8"
"0","90","8"
"3.0761428066400063","91.5","8"
"3.010692959690219","93","8"
"3.076142806640006","94.5","8"
"3.076142806640006","96","8"
"3.0106929596902186","97.5","8"
"3.0761428066400063","99","8"
"3.0761428066400063","100.5","8"
"3.141592653589793","102","8"
"3.076142806640006","103.5","8"
"3.1415926535897927","105","8"
"3.141592653589793","106.5","8"
"3.141592653589793","108","8"
"3.141592653589793","109.5","8"
"3.141592653589793","111","8"
"3.141592653589793","112.5","8"
"3.0761428066400054","114","8"
"3.0761428066400054","115.5","8"
"3.076142806640006","117","8"
"3.0761428066400054","118.5","8"
"3.141592653589793","120","8"
"3.1415926535897927","121.5","8"
"3.1415926535897927","123","8"
"3.141592653589793","124.5","8"
"3.010692959690218","126","8"
"3.0761428066400054","127.5","8"
"3.0761428066400054","129","8"
"3.0761428066400054","130.5","8"
"3.1415926535897927","132","8"
"3.1415926535897927","133.5","8"
"3.1415926535897927","135","8"
"3.1415926535897927","136.5","8"
"3.0761428066400054","138","8"
"3.0761428066400054","139.5","8"
"3.141592653589793","141","8"
"3.141592653589793","142.5","8"
"3.1415926535897927","144","8"
"3.141592653589793","145.5","8"
"3.141592653589793","147","8"
"3.141592653589793","148.5","8"
"3.076142806640006","150","8"
"3.0761428066400054","151.5","8"
"3.141592653589793","153","8"
"3.0761428066400063","154.5","8"
"3.076142806640006","156","8"
"3.141592653589793","157.5","8"
"3.0761428066400063","159","8"
"3.076142806640006","160.5","8"
"3.0106929596902186","162","8"
"3.141592653589793","163.5","8"
"3.0761428066400054","165","8"
"3.076142806640006","166.5","8"
"3.076142806640006","168","8"
"3.1415926535897927","169.5","8"
"3.076142806640006","171","8"
"3.0761428066400063","172.5","8"
"3.0106929596902186","174","8"
"3.076142806640006","175.5","8"
"3.076142806640006","177","8"
"3.076142806640006","178.5","8"
"3.0761428066400063","180","8"
"3.0761428066400054","181.5","8"
"3.0761428066400054","183","8"
"3.076142806640006","184.5","8"
"3.0106929596902186","186","8"
"3.0761428066400063","187.5","8"
"3.0761428066400063","189","8"
"3.141592653589793","190.5","8"
"3.0106929596902186","192","8"
"3.0761428066400063","193.5","8"
"3.1415926535897927","195","8"
"3.0761428066400054","196.5","8"
"3.0761428066400063","198","8"
"3.0761428066400063","199.5","8"
"3.141592653589793","201","8"
"3.141592653589793","202.5","8"
"3.141592653589793","204","8"
"3.1415926535897927","205.5","8"
"3.141592653589793","207","8"
"3.141592653589793","208.5","8"
"3.0761428066400054","210","8"
"3.141592653589793","211.5","8"
"3.1415926535897927","213","8"
"3.1415926535897927","214.5","8"
"3.141592653589793","216","8"
"3.1415926535897927","217.5","8"
"3.141592653589793","219","8"
"3.141592653589793","220.5","8"
"3.141592653589793","222","8"
"3.076142806640006","223.5","8"
"3.1415926535897927","225","8"
"3.141592653589793","226.5","8"
"3.141592653589793","228","8"
"3.0761428066400054","229.5","8"
"3.141592653589793","231","8"
"3.141592653589793","232.5","8"
"3.141592653589793","234","8"
"3.141592653589793","235.5","8"
"3.141592653589793","237","8"
"3.1415926535897927","238.5","8"
"3.141592653589793","240","8"
"3.0761428066400054","241.5","8"
"3.141592653589793","243","8"
"3.1415926535897922","244.5","8"
"3.141592653589793","246","8"
"3.0761428066400054","247.5","8"
"3.076142806640006","249","8"
"3.141592653589793","250.5","8"
"3.141592653589793","252","8"
"3.0761428066400054","253.5","8"
"3.141592653589793","255","8"
"3.1415926535897922","256.5","8"
"3.141592653589793","258","8"
"3.0761428066400054","259.5","8"
"3.076142806640006","261","8"
"3.141592653589793","262.5","8"
"3.1415926535897927","264","8"
"3.0761428066400054","265.5","8"
"3.141592653589793","267","8"
"3.1415926535897927","268.5","8"
"3.141592653589793","270","8"
"3.0106929596902177","271.5","8"
"3.076142806640006","273","8"
"3.141592653589793","274.5","8"
"3.141592653589793","276","8"
"3.1415926535897927","277.5","8"
"3.141592653589793","279","8"
"3.0761428066400054","280.5","8"
"3.0761428066400054","282","8"
"3.0761428066400054","283.5","8"
"3.141592653589793","285","8"
"3.1415926535897927","286.5","8"
"3.076142806640006","288","8"
"3.076142806640006","289.5","8"
"3.1415926535897927","291","8"
"3.141592653589793","292.5","8"
"3.141592653589793","294","8"
"3.0761428066400054","295.5","8"
"3.141592653589793","297","8"
"3.141592653589793","298.5","8"
"3.0761428066400054","300","8"
"3.141592653589793","1.5","9"
"3.0761428066400063","3","9"
"3.141592653589793","4.5","9"
"3.141592653589793","6","9"
"3.1415926535897927","7.5","9"
"3.0106929596902186","9","9"
"3.076142806640006","10.5","9"
"3.141592653589793","12","9"
"3.076142806640006","13.5","9"
"3.1415926535897927","15","9"
"3.141592653589793","16.5","9"
"3.141592653589793","18","9"
"3.141592653589793","19.5","9"
"3.0761428066400063","21","9"
"3.076142806640006","22.5","9"
"3.141592653589793","24","9"
"3.141592653589793","25.5","9"
"3.1415926535897927","27","9"
"3.0761428066400054","28.5","9"
"3.0761428066400054","30","9"
"3.141592653589793","31.5","9"
"3.0761428066400063","33","9"
"3.0761428066400054","34.5","9"
"3.141592653589793","36","9"
"3.0761428066400063","37.5","9"
"3.0761428066400054","39","9"
"3.0761428066400054","40.5","9"
"3.0761428066400054","42","9"
"3.141592653589793","43.5","9"
"3.1415926535897927","45","9"
"3.076142806640006","46.5","9"
"3.0761428066400054","48","9"
"3.141592653589793","49.5","9"
"3.0761428066400054","51","9"
"3.0106929596902177","52.5","9"
"3.0761428066400054","54","9"
"3.076142806640006","55.5","9"
"3.0761428066400054","57","9"
"3.141592653589793","58.5","9"
"3.076142806640006","60","9"
"3.141592653589793","61.5","9"
"3.0106929596902186","63","9"
"3.0106929596902177","64.5","9"
"3.0106929596902186","66","9"
"3.076142806640006","67.5","9"
"3.076142806640006","69","9"
"3.1415926535897927","70.5","9"
"3.076142806640006","72","9"
"3.076142806640006","73.5","9"
"3.0761428066400054","75","9"
"3.0106929596902177","76.5","9"
"3.010692959690218","78","9"
"2.945243112740431","79.5","9"
"3.0761428066400054","81","9"
"3.076142806640006","82.5","9"
"3.010692959690218","84","9"
"3.010692959690218","85.5","9"
"3.076142806640006","87","9"
"3.0106929596902177","88.5","9"
"3.0106929596902177","90","9"
"3.010692959690218","91.5","9"
"3.0761428066400054","93","9"
"3.076142806640006","94.5","9"
"3.010692959690218","96","9"
"3.0761428066400054","97.5","9"
"3.0761428066400054","99","9"
"3.141592653589793","100.5","9"
"3.010692959690218","102","9"
"3.010692959690218","103.5","9"
"3.076142806640006","105","9"
"3.076142806640006","106.5","9"
"3.076142806640006","108","9"
"2.9452431127404313","109.5","9"
"3.0761428066400054","111","9"
"3.076142806640006","112.5","9"
"3.0761428066400054","114","9"
"3.0761428066400054","115.5","9"
"3.0106929596902186","117","9"
"3.0761428066400054","118.5","9"
"3.076142806640006","120","9"
"3.076142806640006","121.5","9"
"3.141592653589793","123","9"
"3.0761428066400054","124.5","9"
"3.076142806640006","126","9"
"3.076142806640006","127.5","9"
"3.0761428066400054","129","9"
"3.0761428066400054","130.5","9"
"3.141592653589793","132","9"
"3.076142806640005","133.5","9"
"3.0761428066400054","135","9"
"3.0761428066400063","136.5","9"
"3.0761428066400054","138","9"
"3.1415926535897927","139.5","9"
"3.076142806640006","141","9"
"3.0761428066400054","142.5","9"
"3.141592653589793","144","9"
"3.076142806640006","145.5","9"
"3.076142806640005","147","9"
"3.141592653589793","148.5","9"
"3.0761428066400063","150","9"
"3.0761428066400054","151.5","9"
"3.1415926535897927","153","9"
"3.1415926535897927","154.5","9"
"3.141592653589793","156","9"
"3.1415926535897927","157.5","9"
"3.1415926535897927","159","9"
"3.1415926535897927","160.5","9"
"3.141592653589793","162","9"
"3.0761428066400063","163.5","9"
"3.0761428066400054","165","9"
"3.0761428066400063","166.5","9"
"3.1415926535897927","168","9"
"3.141592653589793","169.5","9"
"3.1415926535897927","171","9"
"3.076142806640006","172.5","9"
"3.076142806640006","174","9"
"3.076142806640006","175.5","9"
"3.0761428066400063","177","9"
"3.010692959690218","178.5","9"
"3.0761428066400063","180","9"
"3.076142806640006","181.5","9"
"3.1415926535897927","183","9"
"3.141592653589793","184.5","9"
"3.1415926535897927","186","9"
"3.1415926535897927","187.5","9"
"3.076142806640006","189","9"
"3.0761428066400063","190.5","9"
"3.010692959690218","192","9"
"3.0106929596902186","193.5","9"
"3.0761428066400054","195","9"
"3.0761428066400063","196.5","9"
"3.1415926535897927","198","9"
"3.076142806640006","199.5","9"
"3.0761428066400063","201","9"
"3.076142806640006","202.5","9"
"3.0106929596902186","204","9"
"3.0106929596902186","205.5","9"
"3.076142806640006","207","9"
"3.0761428066400063","208.5","9"
"3.076142806640006","210","9"
"3.1415926535897927","211.5","9"
"3.1415926535897927","213","9"
"3.0761428066400063","214.5","9"
"3.076142806640006","216","9"
"3.0761428066400054","217.5","9"
"3.0106929596902186","219","9"
"3.141592653589793","220.5","9"
"3.076142806640006","222","9"
"3.0761428066400063","223.5","9"
"3.076142806640006","225","9"
"3.1415926535897927","226.5","9"
"3.0761428066400054","228","9"
"3.0761428066400063","229.5","9"
"3.076142806640006","231","9"
"3.076142806640006","232.5","9"
"3.141592653589793","234","9"
"3.076142806640006","235.5","9"
"3.1415926535897927","237","9"
"3.0761428066400063","238.5","9"
"3.0761428066400063","240","9"
"3.076142806640006","241.5","9"
"3.0761428066400054","243","9"
"3.0106929596902186","244.5","9"
"3.141592653589793","246","9"
"3.076142806640006","247.5","9"
"3.1415926535897927","249","9"
"3.141592653589793","250.5","9"
"3.1415926535897927","252","9"
"3.0761428066400063","253.5","9"
"3.0761428066400063","255","9"
"3.076142806640006","256.5","9"
"3.141592653589793","258","9"
"3.141592653589793","259.5","9"
"3.076142806640006","261","9"
"3.1415926535897927","262.5","9"
"3.0761428066400063","264","9"
"3.0761428066400063","265.5","9"
"3.076142806640006","267","9"
"3.0761428066400054","268.5","9"
"3.0761428066400063","270","9"
"3.141592653589793","271.5","9"
"3.141592653589793","273","9"
"3.1415926535897927","274.5","9"
"3.141592653589793","276","9"
"3.1415926535897927","277.5","9"
"3.141592653589793","279","9"
"3.0761428066400063","280.5","9"
"3.076142806640006","282","9"
"3.141592653589793","283.5","9"
"3.141592653589793","285","9"
"3.141592653589793","286.5","9"
"3.1415926535897927","288","9"
"3.1415926535897927","289.5","9"
"3.0761428066400063","291","9"
"3.0761428066400063","292.5","9"
"3.076142806640006","294","9"
"3.0761428066400063","295.5","9"
"3.141592653589793","297","9"
"3.141592653589793","298.5","9"
"3.076142806640006","300","9"
"3.141592653589793","1.5","10"
"3.076142806640006","3","10"
"3.076142806640006","4.5","10"
"3.0761428066400063","6","10"
"3.1415926535897927","7.5","10"
"3.076142806640006","9","10"
"3.141592653589793","10.5","10"
"3.141592653589793","12","10"
"3.141592653589793","13.5","10"
"3.141592653589793","15","10"
"3.0761428066400054","16.5","10"
"3.0761428066400054","18","10"
"3.0761428066400054","19.5","10"
"3.010692959690218","21","10"
"3.076142806640006","22.5","10"
"3.141592653589793","24","10"
"3.141592653589793","25.5","10"
"3.141592653589793","27","10"
"3.076142806640006","28.5","10"
"3.1415926535897927","30","10"
"3.010692959690218","31.5","10"
"3.010692959690218","33","10"
"3.0106929596902186","34.5","10"
"3.0106929596902186","36","10"
"3.076142806640006","37.5","10"
"3.141592653589793","39","10"
"3.010692959690218","40.5","10"
"3.076142806640006","42","10"
"3.010692959690218","43.5","10"
"2.945243112740431","45","10"
"2.945243112740431","46.5","10"
"3.076142806640006","48","10"
"3.0761428066400054","49.5","10"
"3.0106929596902186","51","10"
"3.141592653589793","52.5","10"
"3.0761428066400054","54","10"
"3.0761428066400054","55.5","10"
"2.945243112740431","57","10"
"2.945243112740431","58.5","10"
"3.010692959690218","60","10"
"3.076142806640006","61.5","10"
"3.0761428066400054","63","10"
"2.945243112740431","64.5","10"
"3.0761428066400054","66","10"
"3.010692959690218","67.5","10"
"3.076142806640006","69","10"
"3.0106929596902186","70.5","10"
"3.010692959690218","72","10"
"3.0106929596902186","73.5","10"
"3.076142806640006","75","10"
"3.0761428066400054","76.5","10"
"3.1415926535897927","78","10"
"3.0761428066400054","79.5","10"
"3.141592653589793","81","10"
"3.0761428066400054","82.5","10"
"3.010692959690218","84","10"
"3.010692959690218","85.5","10"
"3.076142806640006","87","10"
"3.141592653589793","88.5","10"
"3.141592653589793","90","10"
"3.1415926535897927","91.5","10"
"3.0761428066400063","93","10"
"3.0761428066400054","94.5","10"
"3.0761428066400054","96","10"
"3.076142806640006","97.5","10"
"3.0106929596902186","99","10"
"3.141592653589793","100.5","10"
"3.076142806640006","102","10"
"3.1415926535897927","103.5","10"
"3.0761428066400063","105","10"
"3.1415926535897927","106.5","10"
"3.010692959690218","108","10"
"3.0106929596902186","109.5","10"
"3.0106929596902186","111","10"
"3.0106929596902186","112.5","10"
"3.0761428066400063","114","10"
"3.076142806640006","115.5","10"
"3.0106929596902186","117","10"
"3.0761428066400054","118.5","10"
"2.945243112740431","120","10"
"3.0106929596902186","121.5","10"
"2.945243112740431","123","10"
"3.0106929596902186","124.5","10"
"3.0761428066400063","126","10"
"3.0761428066400054","127.5","10"
"3.0106929596902186","129","10"
"3.1415926535897927","130.5","10"
"2.945243112740431","132","10"
"3.076142806640006","133.5","10"
"3.0106929596902177","135","10"
"3.0106929596902177","136.5","10"
"3.0106929596902186","138","10"
"3.010692959690218","139.5","10"
"3.0761428066400054","141","10"
"3.0761428066400054","142.5","10"
"3.141592653589793","144","10"
"3.076142806640006","145.5","10"
"3.076142806640006","147","10"
"3.076142806640006","148.5","10"
"3.0761428066400054","150","10"
"3.076142806640006","151.5","10"
"3.0761428066400054","153","10"
"3.141592653589793","154.5","10"
"3.1415926535897927","156","10"
"3.0761428066400054","157.5","10"
"3.076142806640006","159","10"
"3.076142806640006","160.5","10"
"3.0761428066400054","162","10"
"3.0761428066400054","163.5","10"
"3.0761428066400054","165","10"
"3.0761428066400054","166.5","10"
"3.1415926535897927","168","10"
"3.076142806640006","169.5","10"
"3.0761428066400054","171","10"
"3.0761428066400054","172.5","10"
"3.0761428066400054","174","10"
"3.0761428066400054","175.5","10"
"3.141592653589793","177","10"
"3.1415926535897927","178.5","10"
"3.141592653589793","180","10"
"3.141592653589793","181.5","10"
"3.141592653589793","183","10"
"3.141592653589793","184.5","10"
"3.141592653589793","186","10"
"3.141592653589793","187.5","10"
"3.0761428066400054","189","10"
"3.141592653589793","190.5","10"
"3.1415926535897927","192","10"
"3.076142806640006","193.5","10"
"3.141592653589793","195","10"
"3.0761428066400054","196.5","10"
"3.076142806640006","198","10"
"3.0761428066400054","199.5","10"
"3.0761428066400054","201","10"
"3.076142806640006","202.5","10"
"3.141592653589793","204","10"
"3.1415926535897927","205.5","10"
"3.076142806640006","207","10"
"3.0761428066400054","208.5","10"
"3.076142806640006","210","10"
"3.141592653589793","211.5","10"
"3.0761428066400054","213","10"
"3.141592653589793","214.5","10"
"3.141592653589793","216","10"
"3.1415926535897927","217.5","10"
"3.076142806640006","219","10"
"3.0761428066400054","220.5","10"
"3.1415926535897922","222","10"
"3.0761428066400054","223.5","10"
"3.0761428066400054","225","10"
"3.141592653589793","226.5","10"
"3.076142806640006","228","10"
"3.1415926535897927","229.5","10"
"3.0761428066400054","231","10"
"3.141592653589793","232.5","10"
"3.1415926535897922","234","10"
"3.141592653589793","235.5","10"
"3.0106929596902177","237","10"
"3.141592653589793","238.5","10"
"3.141592653589793","240","10"
"3.076142806640006","241.5","10"
"3.076142806640006","243","10"
"3.0761428066400054","244.5","10"
"3.0761428066400054","246","10"
"3.141592653589793","247.5","10"
"3.0106929596902177","249","10"
"3.076142806640006","250.5","10"
"3.141592653589793","252","10"
"3.076142806640006","253.5","10"
"3.0761428066400054","255","10"
"3.1415926535897927","256.5","10"
"3.141592653589793","258","10"
"3.141592653589793","259.5","10"
"3.0761428066400054","261","10"
"3.076142806640006","262.5","10"
"3.0761428066400054","264","10"
"3.1415926535897927","265.5","10"
"3.0761428066400054","267","10"
"3.141592653589793","268.5","10"
"3.141592653589793","270","10"
"3.141592653589793","271.5","10"
"3.0761428066400054","273","10"
"3.141592653589793","274.5","10"
"3.1415926535897927","276","10"
"3.1415926535897927","277.5","10"
"3.141592653589793","279","10"
"3.0761428066400054","280.5","10"
"3.1415926535897927","282","10"
"3.1415926535897927","283.5","10"
"3.0106929596902186","285","10"
"3.141592653589793","286.5","10"
"3.141592653589793","288","10"
"3.141592653589793","289.5","10"
"3.141592653589793","291","10"
"3.076142806640006","292.5","10"
"3.076142806640006","294","10"
"3.1415926535897927","295.5","10"
"3.0106929596902186","297","10"
"3.0761428066400054","298.5","10"
"3.141592653589793","300","10"
"3.141592653589793","1.5","11"
"3.1415926535897927","3","11"
"3.0761428066400063","4.5","11"
"3.141592653589793","6","11"
"2.879793265790643","7.5","11"
"3.141592653589793","9","11"
"3.1415926535897927","10.5","11"
"3.076142806640006","12","11"
"3.0761428066400054","13.5","11"
"3.1415926535897927","15","11"
"3.0761428066400063","16.5","11"
"3.076142806640006","18","11"
"3.076142806640006","19.5","11"
"3.141592653589793","21","11"
"3.1415926535897927","22.5","11"
"3.1415926535897927","24","11"
"3.0761428066400054","25.5","11"
"3.0761428066400063","27","11"
"3.1415926535897927","28.5","11"
"3.141592653589793","30","11"
"3.141592653589793","31.5","11"
"3.0761428066400054","33","11"
"3.1415926535897927","34.5","11"
"3.141592653589793","36","11"
"3.0761428066400054","37.5","11"
"3.0761428066400063","39","11"
"3.076142806640006","40.5","11"
"3.1415926535897927","42","11"
"3.076142806640006","43.5","11"
"3.141592653589793","45","11"
"3.0761428066400063","46.5","11"
"3.141592653589793","48","11"
"3.1415926535897927","49.5","11"
"2.945243112740431","51","11"
"3.0761428066400063","52.5","11"
"3.076142806640006","54","11"
"3.141592653589793","55.5","11"
"3.141592653589793","57","11"
"3.1415926535897927","58.5","11"
"3.0761428066400063","60","11"
"3.1415926535897927","61.5","11"
"3.141592653589793","63","11"
"3.1415926535897927","64.5","11"
"3.141592653589793","66","11"
"3.076142806640006","67.5","11"
"3.0761428066400063","69","11"
"3.0761428066400063","70.5","11"
"3.0106929596902186","72","11"
"3.0761428066400063","73.5","11"
"3.0761428066400063","75","11"
"0","76.5","11"
"0","78","11"
"3.0106929596902186","79.5","11"
"3.0761428066400063","81","11"
"3.0106929596902186","82.5","11"
"3.0106929596902186","84","11"
"3.0106929596902186","85.5","11"
"3.076142806640006","87","11"
"3.141592653589793","88.5","11"
"0","90","11"
"3.0761428066400063","91.5","11"
"3.010692959690219","93","11"
"3.076142806640006","94.5","11"
"3.076142806640006","96","11"
"3.0106929596902186","97.5","11"
"3.0761428066400063","99","11"
"3.0761428066400063","100.5","11"
"3.141592653589793","102","11"
"3.076142806640006","103.5","11"
"3.1415926535897927","105","11"
"3.141592653589793","106.5","11"
"3.141592653589793","108","11"
"3.141592653589793","109.5","11"
"3.141592653589793","111","11"
"3.141592653589793","112.5","11"
"3.0761428066400054","114","11"
"3.0761428066400054","115.5","11"
"3.076142806640006","117","11"
"3.0761428066400054","118.5","11"
"3.141592653589793","120","11"
"3.1415926535897927","121.5","11"
"3.1415926535897927","123","11"
"3.141592653589793","124.5","11"
"3.010692959690218","126","11"
"3.0761428066400054","127.5","11"
"3.0761428066400054","129","11"
"3.0761428066400054","130.5","11"
"3.1415926535897927","132","11"
"3.1415926535897927","133.5","11"
"3.1415926535897927","135","11"
"3.1415926535897927","136.5","11"
"3.0761428066400054","138","11"
"3.0761428066400054","139.5","11"
"3.141592653589793","141","11"
"3.141592653589793","142.5","11"
"3.1415926535897927","144","11"
"3.141592653589793","145.5","11"
"3.141592653589793","147","11"
"3.141592653589793","148.5","11"
"3.076142806640006","150","11"
"3.0761428066400054","151.5","11"
"3.141592653589793","153","11"
"3.0761428066400063","154.5","11"
"3.076142806640006","156","11"
"3.141592653589793","157.5","11"
"3.0761428066400063","159","11"
"3.076142806640006","160.5","11"
"3.0106929596902186","162","11"
"3.141592653589793","163.5","11"
"3.0761428066400054","165","11"
"3.076142806640006","166.5","11"
"3.076142806640006","168","11"
"3.1415926535897927","169.5","11"
"3.076142806640006","171","11"
"3.0761428066400063","172.5","11"
"3.0106929596902186","174","11"
"3.076142806640006","175.5","11"
"3.076142806640006","177","11"
"3.076142806640006","178.5","11"
"3.0761428066400063","180","11"
"3.0761428066400054","181.5","11"
"3.0761428066400054","183","11"
"3.076142806640006","184.5","11"
"3.0106929596902186","186","11"
"3.0761428066400063","187.5","11"
"3.0761428066400063","189","11"
"3.141592653589793","190.5","11"
"3.0106929596902186","192","11"
"3.0761428066400063","193.5","11"
"3.1415926535897927","195","11"
"3.0761428066400054","196.5","11"
"3.0761428066400063","198","11"
"3.0761428066400063","199.5","11"
"3.141592653589793","201","11"
"3.141592653589793","202.5","11"
"3.141592653589793","204","11"
"3.1415926535897927","205.5","11"
"3.141592653589793","207","11"
"3.141592653589793","208.5","11"
"3.0761428066400054","210","11"
"3.141592653589793","211.5","11"
"3.1415926535897927","213","11"
"3.1415926535897927","214.5","11"
"3.141592653589793","216","11"
"3.1415926535897927","217.5","11"
"3.141592653589793","219","11"
"3.141592653589793","220.5","11"
"3.141592653589793","222","11"
"3.076142806640006","223.5","11"
"3.1415926535897927","225","11"
"3.141592653589793","226.5","11"
"3.141592653589793","228","11"
"3.0761428066400054","229.5","11"
"3.141592653589793","231","11"
"3.141592653589793","232.5","11"
"3.141592653589793","234","11"
"3.141592653589793","235.5","11"
"3.141592653589793","237","11"
"3.1415926535897927","238.5","11"
"3.141592653589793","240","11"
"3.0761428066400054","241.5","11"
"3.141592653589793","243","11"
"3.1415926535897922","244.5","11"
"3.141592653589793","246","11"
"3.0761428066400054","247.5","11"
"3.076142806640006","249","11"
"3.141592653589793","250.5","11"
"3.141592653589793","252","11"
"3.0761428066400054","253.5","11"
"3.141592653589793","255","11"
"3.1415926535897922","256.5","11"
"3.141592653589793","258","11"
"3.0761428066400054","259.5","11"
"3.076142806640006","261","11"
"3.141592653589793","262.5","11"
"3.1415926535897927","264","11"
"3.0761428066400054","265.5","11"
"3.141592653589793","267","11"
"3.1415926535897927","268.5","11"
"3.141592653589793","270","11"
"3.0106929596902177","271.5","11"
"3.076142806640006","273","11"
"3.141592653589793","274.5","11"
"3.141592653589793","276","11"
"3.1415926535897927","277.5","11"
"3.141592653589793","279","11"
"3.0761428066400054","280.5","11"
"3.0761428066400054","282","11"
"3.0761428066400054","283.5","11"
"3.141592653589793","285","11"
"3.1415926535897927","286.5","11"
"3.076142806640006","288","11"
"3.076142806640006","289.5","11"
"3.1415926535897927","291","11"
"3.141592653589793","292.5","11"
"3.141592653589793","294","11"
"3.0761428066400054","295.5","11"
"3.141592653589793","297","11"
"3.141592653589793","298.5","11"
"3.0761428066400054","300","11"
"3.141592653589793","1.5","12"
"3.1415926535897927","3","12"
"3.141592653589793","4.5","12"
"3.141592653589793","6","12"
"3.1415926535897927","7.5","12"
"3.141592653589793","9","12"
"3.1415926535897927","10.5","12"
"3.076142806640006","12","12"
"3.076142806640006","13.5","12"
"3.1415926535897927","15","12"
"3.141592653589793","16.5","12"
"3.141592653589793","18","12"
"3.1415926535897927","19.5","12"
"3.141592653589793","21","12"
"3.076142806640006","22.5","12"
"3.0761428066400054","24","12"
"3.141592653589793","25.5","12"
"3.1415926535897927","27","12"
"3.141592653589793","28.5","12"
"3.141592653589793","30","12"
"3.1415926535897927","31.5","12"
"3.141592653589793","33","12"
"3.141592653589793","34.5","12"
"3.0761428066400054","36","12"
"3.141592653589793","37.5","12"
"3.076142806640006","39","12"
"3.141592653589793","40.5","12"
"3.141592653589793","42","12"
"3.1415926535897927","43.5","12"
"3.141592653589793","45","12"
"3.141592653589793","46.5","12"
"3.0106929596902177","48","12"
"3.141592653589793","49.5","12"
"3.076142806640006","51","12"
"3.0761428066400054","52.5","12"
"3.141592653589793","54","12"
"3.1415926535897927","55.5","12"
"3.076142806640006","57","12"
"3.076142806640006","58.5","12"
"3.0106929596902177","60","12"
"3.141592653589793","61.5","12"
"3.076142806640006","63","12"
"3.0761428066400054","64.5","12"
"3.0761428066400054","66","12"
"3.141592653589793","67.5","12"
"3.1415926535897927","69","12"
"3.076142806640006","70.5","12"
"3.0761428066400054","72","12"
"3.0761428066400054","73.5","12"
"3.0761428066400054","75","12"
"3.0761428066400054","76.5","12"
"3.141592653589793","78","12"
"3.076142806640006","79.5","12"
"3.0106929596902177","81","12"
"3.0761428066400054","82.5","12"
"3.1415926535897927","84","12"
"3.010692959690218","85.5","12"
"3.0761428066400054","87","12"
"3.0761428066400054","88.5","12"
"3.076142806640006","90","12"
"3.0761428066400054","91.5","12"
"3.010692959690218","93","12"
"3.076142806640006","94.5","12"
"3.0761428066400054","96","12"
"3.141592653589793","97.5","12"
"3.0761428066400054","99","12"
"3.0761428066400054","100.5","12"
"3.0761428066400054","102","12"
"3.1415926535897927","103.5","12"
"2.9452431127404313","105","12"
"3.0761428066400054","106.5","12"
"3.076142806640006","108","12"
"3.076142806640006","109.5","12"
"3.076142806640006","111","12"
"3.0761428066400054","112.5","12"
"3.076142806640005","114","12"
"3.141592653589793","115.5","12"
"3.1415926535897927","117","12"
"3.076142806640006","118.5","12"
"3.1415926535897927","120","12"
"3.1415926535897927","121.5","12"
"3.0761428066400054","123","12"
"3.076142806640006","124.5","12"
"3.076142806640005","126","12"
"3.0761428066400054","127.5","12"
"3.141592653589793","129","12"
"3.1415926535897927","130.5","12"
"3.0761428066400054","132","12"
"3.1415926535897927","133.5","12"
"3.076142806640006","135","12"
"3.076142806640006","136.5","12"
"3.076142806640005","138","12"
"3.076142806640006","139.5","12"
"3.076142806640006","141","12"
"3.141592653589793","142.5","12"
"3.1415926535897927","144","12"
"3.141592653589793","145.5","12"
"3.141592653589793","147","12"
"3.0761428066400063","148.5","12"
"3.076142806640005","150","12"
"3.076142806640006","151.5","12"
"3.076142806640006","153","12"
"3.141592653589793","154.5","12"
"3.141592653589793","156","12"
"3.141592653589793","157.5","12"
"3.141592653589793","159","12"
"3.076142806640006","160.5","12"
"3.010692959690218","162","12"
"3.076142806640006","163.5","12"
"3.141592653589793","165","12"
"3.141592653589793","166.5","12"
"3.076142806640006","168","12"
"3.076142806640006","169.5","12"
"3.141592653589793","171","12"
"3.141592653589793","172.5","12"
"3.076142806640006","174","12"
"3.010692959690218","175.5","12"
"3.076142806640006","177","12"
"3.076142806640006","178.5","12"
"3.0761428066400063","180","12"
"3.1415926535897927","181.5","12"
"3.1415926535897927","183","12"
"3.141592653589793","184.5","12"
"3.0106929596902186","186","12"
"2.9452431127404304","187.5","12"
"3.0761428066400054","189","12"
"3.076142806640006","190.5","12"
"3.141592653589793","192","12"
"3.141592653589793","193.5","12"
"3.141592653589793","195","12"
"3.076142806640006","196.5","12"
"3.1415926535897927","198","12"
"3.141592653589793","199.5","12"
"2.945243112740431","201","12"
"3.010692959690218","202.5","12"
"3.076142806640005","204","12"
"3.1415926535897927","205.5","12"
"3.1415926535897927","207","12"
"3.0761428066400054","208.5","12"
"3.076142806640006","210","12"
"3.076142806640006","211.5","12"
"2.8797932657906435","213","12"
"2.9452431127404313","214.5","12"
"3.0106929596902186","216","12"
"3.076142806640005","217.5","12"
"3.076142806640006","219","12"
"3.076142806640006","220.5","12"
"3.0106929596902186","222","12"
"3.076142806640006","223.5","12"
"3.141592653589793","225","12"
"2.879793265790643","226.5","12"
"2.9452431127404313","228","12"
"3.0761428066400063","229.5","12"
"3.076142806640005","231","12"
"3.010692959690218","232.5","12"
"3.076142806640006","234","12"
"3.0106929596902186","235.5","12"
"3.0106929596902186","237","12"
"3.0761428066400054","238.5","12"
"2.8143434188408563","240","12"
"2.8797932657906435","241.5","12"
"3.141592653589793","243","12"
"3.010692959690218","244.5","12"
"3.010692959690218","246","12"
"3.076142806640006","247.5","12"
"3.0106929596902186","249","12"
"3.0761428066400063","250.5","12"
"3.0106929596902186","252","12"
"2.748893571891069","253.5","12"
"2.814343418840856","255","12"
"3.0761428066400054","256.5","12"
"3.010692959690218","258","12"
"3.010692959690218","259.5","12"
"3.0106929596902186","261","12"
"3.0761428066400054","262.5","12"
"2.945243112740431","264","12"
"2.8797932657906435","265.5","12"
"2.879793265790644","267","12"
"2.748893571891069","268.5","12"
"2.8143434188408563","270","12"
"2.814343418840856","271.5","12"
"2.9452431127404304","273","12"
"3.010692959690218","274.5","12"
"3.0106929596902186","276","12"
"3.0761428066400054","277.5","12"
"3.010692959690218","279","12"
"2.879793265790643","280.5","12"
"2.8797932657906435","282","12"
"2.8797932657906435","283.5","12"
"2.814343418840856","285","12"
"2.879793265790643","286.5","12"
"2.9452431127404313","288","12"
"3.0106929596902186","289.5","12"
"3.076142806640006","291","12"
"3.0761428066400054","292.5","12"
"3.010692959690218","294","12"
"2.9452431127404304","295.5","12"
"2.879793265790643","297","12"
"2.8797932657906435","298.5","12"
"3.0106929596902186","300","12"
"3.141592653589793","1.5","13"
"3.1415926535897927","3","13"
"3.0761428066400063","4.5","13"
"3.141592653589793","6","13"
"2.879793265790643","7.5","13"
"3.141592653589793","9","13"
"3.1415926535897927","10.5","13"
"3.076142806640006","12","13"
"3.0761428066400054","13.5","13"
"3.1415926535897927","15","13"
"3.0761428066400063","16.5","13"
"3.076142806640006","18","13"
"3.076142806640006","19.5","13"
"3.141592653589793","21","13"
"3.1415926535897927","22.5","13"
"3.1415926535897927","24","13"
"3.0761428066400054","25.5","13"
"3.0761428066400063","27","13"
"3.1415926535897927","28.5","13"
"3.141592653589793","30","13"
"3.141592653589793","31.5","13"
"3.0761428066400054","33","13"
"3.1415926535897927","34.5","13"
"3.141592653589793","36","13"
"3.0761428066400054","37.5","13"
"3.0761428066400063","39","13"
"3.076142806640006","40.5","13"
"3.1415926535897927","42","13"
"3.076142806640006","43.5","13"
"3.141592653589793","45","13"
"3.0761428066400063","46.5","13"
"3.141592653589793","48","13"
"3.1415926535897927","49.5","13"
"2.945243112740431","51","13"
"3.0761428066400063","52.5","13"
"3.076142806640006","54","13"
"3.141592653589793","55.5","13"
"3.141592653589793","57","13"
"3.1415926535897927","58.5","13"
"3.0761428066400063","60","13"
"3.1415926535897927","61.5","13"
"3.141592653589793","63","13"
"3.1415926535897927","64.5","13"
"3.141592653589793","66","13"
"3.076142806640006","67.5","13"
"3.0761428066400063","69","13"
"3.0761428066400063","70.5","13"
"3.0106929596902186","72","13"
"3.0761428066400063","73.5","13"
"3.0761428066400063","75","13"
"0","76.5","13"
"0","78","13"
"3.0106929596902186","79.5","13"
"3.0761428066400063","81","13"
"3.0106929596902186","82.5","13"
"3.0106929596902186","84","13"
"3.0106929596902186","85.5","13"
"3.076142806640006","87","13"
"3.141592653589793","88.5","13"
"0","90","13"
"3.0761428066400063","91.5","13"
"3.010692959690219","93","13"
"3.076142806640006","94.5","13"
"3.076142806640006","96","13"
"3.0106929596902186","97.5","13"
"3.0761428066400063","99","13"
"3.0761428066400063","100.5","13"
"3.141592653589793","102","13"
"3.076142806640006","103.5","13"
"3.1415926535897927","105","13"
"3.141592653589793","106.5","13"
"3.141592653589793","108","13"
"3.141592653589793","109.5","13"
"3.141592653589793","111","13"
"3.141592653589793","112.5","13"
"3.0761428066400054","114","13"
"3.0761428066400054","115.5","13"
"3.076142806640006","117","13"
"3.0761428066400054","118.5","13"
"3.141592653589793","120","13"
"3.1415926535897927","121.5","13"
"3.1415926535897927","123","13"
"3.141592653589793","124.5","13"
"3.010692959690218","126","13"
"3.0761428066400054","127.5","13"
"3.0761428066400054","129","13"
"3.0761428066400054","130.5","13"
"3.1415926535897927","132","13"
"3.1415926535897927","133.5","13"
"3.1415926535897927","135","13"
"3.1415926535897927","136.5","13"
"3.0761428066400054","138","13"
"3.0761428066400054","139.5","13"
"3.141592653589793","141","13"
"3.141592653589793","142.5","13"
"3.1415926535897927","144","13"
"3.141592653589793","145.5","13"
"3.141592653589793","147","13"
"3.141592653589793","148.5","13"
"3.076142806640006","150","13"
"3.0761428066400054","151.5","13"
"3.141592653589793","153","13"
"3.0761428066400063","154.5","13"
"3.076142806640006","156","13"
"3.141592653589793","157.5","13"
"3.0761428066400063","159","13"
"3.076142806640006","160.5","13"
"3.0106929596902186","162","13"
"3.141592653589793","163.5","13"
"3.0761428066400054","165","13"
"3.076142806640006","166.5","13"
"3.076142806640006","168","13"
"3.1415926535897927","169.5","13"
"3.076142806640006","171","13"
"3.0761428066400063","172.5","13"
"3.0106929596902186","174","13"
"3.076142806640006","175.5","13"
"3.076142806640006","177","13"
"3.076142806640006","178.5","13"
"3.0761428066400063","180","13"
"3.0761428066400054","181.5","13"
"3.0761428066400054","183","13"
"3.076142806640006","184.5","13"
"3.0106929596902186","186","13"
"3.0761428066400063","187.5","13"
"3.0761428066400063","189","13"
"3.141592653589793","190.5","13"
"3.0106929596902186","192","13"
"3.0761428066400063","193.5","13"
"3.1415926535897927","195","13"
"3.0761428066400054","196.5","13"
"3.0761428066400063","198","13"
"3.0761428066400063","199.5","13"
"3.141592653589793","201","13"
"3.141592653589793","202.5","13"
"3.141592653589793","204","13"
"3.1415926535897927","205.5","13"
"3.141592653589793","207","13"
"3.141592653589793","208.5","13"
"3.0761428066400054","210","13"
"3.141592653589793","211.5","13"
"3.1415926535897927","213","13"
"3.1415926535897927","214.5","13"
"3.141592653589793","216","13"
"3.1415926535897927","217.5","13"
"3.141592653589793","219","13"
"3.141592653589793","220.5","13"
"3.141592653589793","222","13"
"3.076142806640006","223.5","13"
"3.1415926535897927","225","13"
"3.141592653589793","226.5","13"
"3.141592653589793","228","13"
"3.0761428066400054","229.5","13"
"3.141592653589793","231","13"
"3.141592653589793","232.5","13"
"3.141592653589793","234","13"
"3.141592653589793","235.5","13"
"3.141592653589793","237","13"
"3.1415926535897927","238.5","13"
"3.141592653589793","240","13"
"3.0761428066400054","241.5","13"
"3.141592653589793","243","13"
"3.1415926535897922","244.5","13"
"3.141592653589793","246","13"
"3.0761428066400054","247.5","13"
"3.076142806640006","249","13"
"3.141592653589793","250.5","13"
"3.141592653589793","252","13"
"3.0761428066400054","253.5","13"
"3.141592653589793","255","13"
"3.1415926535897922","256.5","13"
"3.141592653589793","258","13"
"3.0761428066400054","259.5","13"
"3.076142806640006","261","13"
"3.141592653589793","262.5","13"
"3.1415926535897927","264","13"
"3.0761428066400054","265.5","13"
"3.141592653589793","267","13"
"3.1415926535897927","268.5","13"
"3.141592653589793","270","13"
"3.0106929596902177","271.5","13"
"3.076142806640006","273","13"
"3.141592653589793","274.5","13"
"3.141592653589793","276","13"
"3.1415926535897927","277.5","13"
"3.141592653589793","279","13"
"3.0761428066400054","280.5","13"
"3.0761428066400054","282","13"
"3.0761428066400054","283.5","13"
"3.141592653589793","285","13"
"3.1415926535897927","286.5","13"
"3.076142806640006","288","13"
"3.076142806640006","289.5","13"
"3.1415926535897927","291","13"
"3.141592653589793","292.5","13"
"3.141592653589793","294","13"
"3.0761428066400054","295.5","13"
"3.141592653589793","297","13"
"3.141592653589793","298.5","13"
"3.0761428066400054","300","13"
"3.141592653589793","1.5","14"
"3.0761428066400063","3","14"
"3.076142806640006","4.5","14"
"3.141592653589793","6","14"
"3.076142806640006","7.5","14"
"3.1415926535897927","9","14"
"3.141592653589793","10.5","14"
"3.1415926535897927","12","14"
"3.141592653589793","13.5","14"
"3.1415926535897927","15","14"
"3.141592653589793","16.5","14"
"3.0761428066400063","18","14"
"3.141592653589793","19.5","14"
"2.945243112740431","21","14"
"3.141592653589793","22.5","14"
"3.1415926535897927","24","14"
"3.141592653589793","25.5","14"
"3.1415926535897927","27","14"
"3.076142806640006","28.5","14"
"3.141592653589793","30","14"
"3.141592653589793","31.5","14"
"2.945243112740431","33","14"
"3.141592653589793","34.5","14"
"3.076142806640006","36","14"
"3.141592653589793","37.5","14"
"3.141592653589793","39","14"
"3.0761428066400063","40.5","14"
"3.0761428066400063","42","14"
"3.076142806640006","43.5","14"
"3.141592653589793","45","14"
"3.076142806640006","46.5","14"
"3.141592653589793","48","14"
"3.141592653589793","49.5","14"
"3.141592653589793","51","14"
"3.1415926535897927","52.5","14"
"3.076142806640006","54","14"
"3.0761428066400063","55.5","14"
"3.141592653589793","57","14"
"3.141592653589793","58.5","14"
"3.0761428066400063","60","14"
"3.0761428066400054","61.5","14"
"3.141592653589793","63","14"
"3.141592653589793","64.5","14"
"3.141592653589793","66","14"
"3.0761428066400063","67.5","14"
"3.141592653589793","69","14"
"3.141592653589793","70.5","14"
"3.1415926535897927","72","14"
"3.141592653589793","73.5","14"
"3.1415926535897927","75","14"
"3.141592653589793","76.5","14"
"3.076142806640006","78","14"
"3.1415926535897927","79.5","14"
"3.141592653589793","81","14"
"3.141592653589793","82.5","14"
"3.1415926535897927","84","14"
"3.141592653589793","85.5","14"
"3.1415926535897927","87","14"
"3.141592653589793","88.5","14"
"3.0761428066400054","90","14"
"3.141592653589793","91.5","14"
"3.1415926535897927","93","14"
"3.141592653589793","94.5","14"
"3.1415926535897927","96","14"
"3.0761428066400054","97.5","14"
"3.141592653589793","99","14"
"3.141592653589793","100.5","14"
"3.1415926535897927","102","14"
"3.076142806640006","103.5","14"
"3.1415926535897927","105","14"
"3.141592653589793","106.5","14"
"3.1415926535897927","108","14"
"3.0761428066400054","109.5","14"
"3.141592653589793","111","14"
"3.0761428066400054","112.5","14"
"3.076142806640006","114","14"
"3.0761428066400054","115.5","14"
"3.0761428066400054","117","14"
"3.1415926535897927","118.5","14"
"3.1415926535897927","120","14"
"3.076142806640006","121.5","14"
"3.141592653589793","123","14"
"3.141592653589793","124.5","14"
"3.0761428066400054","126","14"
"3.0106929596902177","127.5","14"
"3.141592653589793","129","14"
"3.1415926535897927","130.5","14"
"3.1415926535897927","132","14"
"3.076142806640006","133.5","14"
"3.141592653589793","135","14"
"3.141592653589793","136.5","14"
"3.141592653589793","138","14"
"3.0761428066400054","139.5","14"
"3.141592653589793","141","14"
"3.1415926535897927","142.5","14"
"3.141592653589793","144","14"
"3.076142806640006","145.5","14"
"3.141592653589793","147","14"
"3.141592653589793","148.5","14"
"3.141592653589793","150","14"
"3.1415926535897927","151.5","14"
"3.141592653589793","153","14"
"3.1415926535897927","154.5","14"
"3.141592653589793","156","14"
"3.141592653589793","157.5","14"
"3.141592653589793","159","14"
"3.0761428066400054","160.5","14"
"3.141592653589793","162","14"
"3.1415926535897927","163.5","14"
"3.141592653589793","165","14"
"3.1415926535897927","166.5","14"
"3.141592653589793","168","14"
"3.141592653589793","169.5","14"
"3.0761428066400054","171","14"
"3.1415926535897927","172.5","14"
"3.1415926535897927","174","14"
"3.1415926535897927","175.5","14"
"3.141592653589793","177","14"
"3.1415926535897927","178.5","14"
"3.141592653589793","180","14"
"3.141592653589793","181.5","14"
"3.1415926535897927","183","14"
"3.1415926535897927","184.5","14"
"3.1415926535897927","186","14"
"3.0106929596902186","187.5","14"
"3.141592653589793","189","14"
"3.0761428066400063","190.5","14"
"3.141592653589793","192","14"
"3.0761428066400054","193.5","14"
"3.076142806640006","195","14"
"3.141592653589793","196.5","14"
"3.141592653589793","198","14"
"3.0106929596902186","199.5","14"
"3.1415926535897927","201","14"
"3.141592653589793","202.5","14"
"3.141592653589793","204","14"
"3.1415926535897927","205.5","14"
"3.0761428066400054","207","14"
"3.1415926535897927","208.5","14"
"3.141592653589793","210","14"
"3.1415926535897927","211.5","14"
"3.1415926535897927","213","14"
"3.141592653589793","214.5","14"
"3.141592653589793","216","14"
"3.1415926535897927","217.5","14"
"3.0761428066400054","219","14"
"3.141592653589793","220.5","14"
"3.141592653589793","222","14"
"3.1415926535897927","223.5","14"
"3.1415926535897927","225","14"
"3.141592653589793","226.5","14"
"3.076142806640006","228","14"
"3.141592653589793","229.5","14"
"3.076142806640006","231","14"
"3.141592653589793","232.5","14"
"3.141592653589793","234","14"
"3.1415926535897927","235.5","14"
"3.1415926535897927","237","14"
"3.076142806640006","238.5","14"
"3.141592653589793","240","14"
"3.141592653589793","241.5","14"
"3.0761428066400054","243","14"
"3.1415926535897927","244.5","14"
"3.141592653589793","246","14"
"3.1415926535897927","247.5","14"
"3.076142806640006","249","14"
"3.076142806640006","250.5","14"
"3.141592653589793","252","14"
"2.945243112740431","253.5","14"
"3.010692959690218","255","14"
"3.141592653589793","256.5","14"
"3.1415926535897927","258","14"
"3.141592653589793","259.5","14"
"3.141592653589793","261","14"
"3.141592653589793","262.5","14"
"3.1415926535897927","264","14"
"3.141592653589793","265.5","14"
"3.1415926535897927","267","14"
"3.141592653589793","268.5","14"
"3.141592653589793","270","14"
"3.141592653589793","271.5","14"
"3.141592653589793","273","14"
"3.141592653589793","274.5","14"
"3.1415926535897927","276","14"
"3.1415926535897927","277.5","14"
"3.0761428066400063","279","14"
"3.1415926535897927","280.5","14"
"3.141592653589793","282","14"
"3.141592653589793","283.5","14"
"3.141592653589793","285","14"
"3.0761428066400063","286.5","14"
"3.1415926535897927","288","14"
"3.141592653589793","289.5","14"
"3.1415926535897927","291","14"
"3.0761428066400063","292.5","14"
"3.141592653589793","294","14"
"3.141592653589793","295.5","14"
"3.141592653589793","297","14"
"3.141592653589793","298.5","14"
"3.1415926535897927","300","14"
"3.141592653589793","1.5","15"
"3.0761428066400063","3","15"
"3.141592653589793","4.5","15"
"3.141592653589793","6","15"
"3.1415926535897927","7.5","15"
"3.0106929596902186","9","15"
"3.076142806640006","10.5","15"
"3.141592653589793","12","15"
"3.076142806640006","13.5","15"
"3.1415926535897927","15","15"
"3.141592653589793","16.5","15"
"3.141592653589793","18","15"
"3.141592653589793","19.5","15"
"3.0761428066400063","21","15"
"3.076142806640006","22.5","15"
"3.141592653589793","24","15"
"3.141592653589793","25.5","15"
"3.1415926535897927","27","15"
"3.0761428066400054","28.5","15"
"3.0761428066400054","30","15"
"3.141592653589793","31.5","15"
"3.0761428066400063","33","15"
"3.0761428066400054","34.5","15"
"3.141592653589793","36","15"
"3.0761428066400063","37.5","15"
"3.0761428066400054","39","15"
"3.0761428066400054","40.5","15"
"3.0761428066400054","42","15"
"3.141592653589793","43.5","15"
"3.1415926535897927","45","15"
"3.076142806640006","46.5","15"
"3.0761428066400054","48","15"
"3.141592653589793","49.5","15"
"3.0761428066400054","51","15"
"3.0106929596902177","52.5","15"
"3.0761428066400054","54","15"
"3.076142806640006","55.5","15"
"3.0761428066400054","57","15"
"3.141592653589793","58.5","15"
"3.076142806640006","60","15"
"3.141592653589793","61.5","15"
"3.0106929596902186","63","15"
"3.0106929596902177","64.5","15"
"3.0106929596902186","66","15"
"3.076142806640006","67.5","15"
"3.076142806640006","69","15"
"3.1415926535897927","70.5","15"
"3.076142806640006","72","15"
"3.076142806640006","73.5","15"
"3.0761428066400054","75","15"
"3.0106929596902177","76.5","15"
"3.010692959690218","78","15"
"2.945243112740431","79.5","15"
"3.0761428066400054","81","15"
"3.076142806640006","82.5","15"
"3.010692959690218","84","15"
"3.010692959690218","85.5","15"
"3.076142806640006","87","15"
"3.0106929596902177","88.5","15"
"3.0106929596902177","90","15"
"3.010692959690218","91.5","15"
"3.0761428066400054","93","15"
"3.076142806640006","94.5","15"
"3.010692959690218","96","15"
"3.0761428066400054","97.5","15"
"3.0761428066400054","99","15"
"3.141592653589793","100.5","15"
"3.010692959690218","102","15"
"3.010692959690218","103.5","15"
"3.076142806640006","105","15"
"3.076142806640006","106.5","15"
"3.076142806640006","108","15"
"2.9452431127404313","109.5","15"
"3.0761428066400054","111","15"
"3.076142806640006","112.5","15"
"3.0761428066400054","114","15"
"3.0761428066400054","115.5","15"
"3.0106929596902186","117","15"
"3.0761428066400054","118.5","15"
"3.076142806640006","120","15"
"3.076142806640006","121.5","15"
"3.141592653589793","123","15"
"3.0761428066400054","124.5","15"
"3.076142806640006","126","15"
"3.076142806640006","127.5","15"
"3.0761428066400054","129","15"
"3.0761428066400054","130.5","15"
"3.141592653589793","132","15"
"3.076142806640005","133.5","15"
"3.0761428066400054","135","15"
"3.0761428066400063","136.5","15"
"3.0761428066400054","138","15"
"3.1415926535897927","139.5","15"
"3.076142806640006","141","15"
"3.0761428066400054","142.5","15"
"3.141592653589793","144","15"
"3.076142806640006","145.5","15"
"3.076142806640005","147","15"
"3.141592653589793","148.5","15"
"3.0761428066400063","150","15"
"3.0761428066400054","151.5","15"
"3.1415926535897927","153","15"
"3.1415926535897927","154.5","15"
"3.141592653589793","156","15"
"3.1415926535897927","157.5","15"
"3.1415926535897927","159","15"
"3.1415926535897927","160.5","15"
"3.141592653589793","162","15"
"3.0761428066400063","163.5","15"
"3.0761428066400054","165","15"
"3.0761428066400063","166.5","15"
"3.1415926535897927","168","15"
"3.141592653589793","169.5","15"
"3.1415926535897927","171","15"
"3.076142806640006","172.5","15"
"3.076142806640006","174","15"
"3.076142806640006","175.5","15"
"3.0761428066400063","177","15"
"3.010692959690218","178.5","15"
"3.0761428066400063","180","15"
"3.076142806640006","181.5","15"
"3.1415926535897927","183","15"
"3.141592653589793","184.5","15"
"3.1415926535897927","186","15"
"3.1415926535897927","187.5","15"
"3.076142806640006","189","15"
"3.0761428066400063","190.5","15"
"3.010692959690218","192","15"
"3.0106929596902186","193.5","15"
"3.0761428066400054","195","15"
"3.0761428066400063","196.5","15"
"3.1415926535897927","198","15"
"3.076142806640006","199.5","15"
"3.0761428066400063","201","15"
"3.076142806640006","202.5","15"
"3.0106929596902186","204","15"
"3.0106929596902186","205.5","15"
"3.076142806640006","207","15"
"3.0761428066400063","208.5","15"
"3.076142806640006","210","15"
"3.1415926535897927","211.5","15"
"3.1415926535897927","213","15"
"3.0761428066400063","214.5","15"
"3.076142806640006","216","15"
"3.0761428066400054","217.5","15"
"3.0106929596902186","219","15"
"3.141592653589793","220.5","15"
"3.076142806640006","222","15"
"3.0761428066400063","223.5","15"
"3.076142806640006","225","15"
"3.1415926535897927","226.5","15"
"3.0761428066400054","228","15"
"3.0761428066400063","229.5","15"
"3.076142806640006","231","15"
"3.076142806640006","232.5","15"
"3.141592653589793","234","15"
"3.076142806640006","235.5","15"
"3.1415926535897927","237","15"
"3.0761428066400063","238.5","15"
"3.0761428066400063","240","15"
"3.076142806640006","241.5","15"
"3.0761428066400054","243","15"
"3.0106929596902186","244.5","15"
"3.141592653589793","246","15"
"3.076142806640006","247.5","15"
"3.1415926535897927","249","15"
"3.141592653589793","250.5","15"
"3.1415926535897927","252","15"
"3.0761428066400063","253.5","15"
"3.0761428066400063","255","15"
"3.076142806640006","256.5","15"
"3.141592653589793","258","15"
"3.141592653589793","259.5","15"
"3.076142806640006","261","15"
"3.1415926535897927","262.5","15"
"3.0761428066400063","264","15"
"3.0761428066400063","265.5","15"
"3.076142806640006","267","15"
"3.0761428066400054","268.5","15"
"3.0761428066400063","270","15"
"3.141592653589793","271.5","15"
"3.141592653589793","273","15"
"3.1415926535897927","274.5","15"
"3.141592653589793","276","15"
"3.1415926535897927","277.5","15"
"3.141592653589793","279","15"
"3.0761428066400063","280.5","15"
"3.076142806640006","282","15"
"3.141592653589793","283.5","15"
"3.141592653589793","285","15"
"3.141592653589793","286.5","15"
"3.1415926535897927","288","15"
"3.1415926535897927","289.5","15"
"3.0761428066400063","291","15"
"3.0761428066400063","292.5","15"
"3.076142806640006","294","15"
"3.0761428066400063","295.5","15"
"3.141592653589793","297","15"
"3.141592653589793","298.5","15"
"3.076142806640006","300","15"
"0","1.5","16"
"3.076142806640006","3","16"
"3.1415926535897927","4.5","16"
"3.1415926535897927","6","16"
"3.141592653589793","7.5","16"
"3.141592653589793","9","16"
"3.141592653589793","10.5","16"
"0","12","16"
"3.076142806640006","13.5","16"
"3.141592653589793","15","16"
"3.1415926535897927","16.5","16"
"3.076142806640006","18","16"
"3.0761428066400063","19.5","16"
"3.141592653589793","21","16"
"3.1415926535897927","22.5","16"
"0","24","16"
"3.076142806640006","25.5","16"
"3.141592653589793","27","16"
"3.0106929596902186","28.5","16"
"3.076142806640006","30","16"
"3.1415926535897927","31.5","16"
"3.0761428066400063","33","16"
"3.0761428066400063","34.5","16"
"0","36","16"
"3.141592653589793","37.5","16"
"3.0761428066400063","39","16"
"3.076142806640006","40.5","16"
"3.010692959690219","42","16"
"3.076142806640006","43.5","16"
"3.0761428066400063","45","16"
"3.0761428066400063","46.5","16"
"0","48","16"
"3.141592653589793","49.5","16"
"3.1415926535897927","51","16"
"3.076142806640006","52.5","16"
"3.0761428066400063","54","16"
"3.076142806640006","55.5","16"
"3.0761428066400063","57","16"
"3.0761428066400063","58.5","16"
"0","60","16"
"3.141592653589793","61.5","16"
"3.141592653589793","63","16"
"3.010692959690219","64.5","16"
"3.0106929596902186","66","16"
"3.076142806640006","67.5","16"
"3.0761428066400063","69","16"
"3.0761428066400063","70.5","16"
"0","72","16"
"0","73.5","16"
"3.141592653589793","75","16"
"3.0761428066400063","76.5","16"
"3.076142806640006","78","16"
"3.076142806640006","79.5","16"
"3.0106929596902186","81","16"
"3.0761428066400063","82.5","16"
"3.1415926535897927","84","16"
"0","85.5","16"
"3.141592653589793","87","16"
"3.141592653589793","88.5","16"
"3.076142806640006","90","16"
"3.0106929596902186","91.5","16"
"3.010692959690218","93","16"
"3.0106929596902186","94.5","16"
"3.0761428066400063","96","16"
"3.010692959690219","97.5","16"
"0","99","16"
"3.141592653589793","100.5","16"
"3.0761428066400063","102","16"
"3.0761428066400054","103.5","16"
"3.010692959690219","105","16"
"3.076142806640006","106.5","16"
"3.141592653589793","108","16"
"3.1415926535897927","109.5","16"
"0","111","16"
"3.076142806640006","112.5","16"
"3.141592653589793","114","16"
"3.076142806640006","115.5","16"
"3.0761428066400054","117","16"
"3.0106929596902186","118.5","16"
"3.010692959690218","120","16"
"3.141592653589793","121.5","16"
"3.0106929596902186","123","16"
"3.0761428066400063","124.5","16"
"0","126","16"
"3.0106929596902186","127.5","16"
"3.141592653589793","129","16"
"0","130.5","16"
"3.0761428066400054","132","16"
"3.010692959690219","133.5","16"
"3.076142806640006","135","16"
"3.010692959690219","136.5","16"
"3.0761428066400063","138","16"
"3.141592653589793","139.5","16"
"3.1415926535897927","141","16"
"0","142.5","16"
"3.076142806640006","144","16"
"0","145.5","16"
"0","147","16"
"0","148.5","16"
"3.076142806640006","150","16"
"3.076142806640006","151.5","16"
"3.0761428066400063","153","16"
"3.076142806640006","154.5","16"
"3.0106929596902186","156","16"
"2.9452431127404313","157.5","16"
"2.9452431127404313","159","16"
"3.010692959690218","160.5","16"
"3.1415926535897927","162","16"
"3.0106929596902186","163.5","16"
"0","165","16"
"0","166.5","16"
"0","168","16"
"0","169.5","16"
"0","171","16"
"3.010692959690219","172.5","16"
"3.076142806640006","174","16"
"3.141592653589793","175.5","16"
"3.141592653589793","177","16"
"3.1415926535897927","178.5","16"
"0","180","16"
"0","181.5","16"
"3.0106929596902186","183","16"
"3.0106929596902186","184.5","16"
"3.0106929596902186","186","16"
"3.076142806640006","187.5","16"
"3.076142806640006","189","16"
"0","190.5","16"
"3.0106929596902186","192","16"
"2.8143434188408563","193.5","16"
"0","195","16"
"0","196.5","16"
"0","198","16"
"0","199.5","16"
"0","201","16"
"0","202.5","16"
"0","204","16"
"0","205.5","16"
"0","207","16"
"0","208.5","16"
"0","210","16"
"0","211.5","16"
"0","213","16"
"0","214.5","16"
"0","216","16"
"0","217.5","16"
"0","219","16"
"0","220.5","16"
"0","222","16"
"0","223.5","16"
"0","225","16"
"0","226.5","16"
"0","228","16"
"0","229.5","16"
"0","231","16"
"0","232.5","16"
"0","234","16"
"0","235.5","16"
"0","237","16"
"0","238.5","16"
"0","240","16"
"0","241.5","16"
"0","243","16"
"0","244.5","16"
"0","246","16"
"0","247.5","16"
"0","249","16"
"0","250.5","16"
"0","252","16"
"0","253.5","16"
"0","255","16"
"0","256.5","16"
"0","258","16"
"0","259.5","16"
"0","261","16"
"0","262.5","16"
"0","264","16"
"0","265.5","16"
"0","267","16"
"0","268.5","16"
"0","270","16"
"0","271.5","16"
"0","273","16"
"0","274.5","16"
"0","276","16"
"0","277.5","16"
"0","279","16"
"0","280.5","16"
"0","282","16"
"0","283.5","16"
"0","285","16"
"0","286.5","16"
"0","288","16"
"0","289.5","16"
"0","291","16"
"0","292.5","16"
"0","294","16"
"0","295.5","16"
"0","297","16"
"0","298.5","16"
"0","300","16"
"3.1415926535897927","1.5","17"
"3.1415926535897927","3","17"
"3.1415926535897927","4.5","17"
"3.141592653589793","6","17"
"3.141592653589793","7.5","17"
"3.141592653589793","9","17"
"3.141592653589793","10.5","17"
"3.1415926535897927","12","17"
"3.141592653589793","13.5","17"
"3.0761428066400054","15","17"
"3.141592653589793","16.5","17"
"3.1415926535897927","18","17"
"3.141592653589793","19.5","17"
"3.141592653589793","21","17"
"3.141592653589793","22.5","17"
"3.1415926535897927","24","17"
"3.076142806640006","25.5","17"
"3.1415926535897927","27","17"
"3.141592653589793","28.5","17"
"3.0761428066400054","30","17"
"3.141592653589793","31.5","17"
"3.141592653589793","33","17"
"3.141592653589793","34.5","17"
"3.1415926535897927","36","17"
"3.076142806640006","37.5","17"
"3.1415926535897927","39","17"
"3.141592653589793","40.5","17"
"3.1415926535897927","42","17"
"3.0761428066400054","43.5","17"
"3.141592653589793","45","17"
"3.141592653589793","46.5","17"
"3.076142806640006","48","17"
"3.076142806640006","49.5","17"
"3.1415926535897927","51","17"
"3.141592653589793","52.5","17"
"3.1415926535897927","54","17"
"3.0761428066400054","55.5","17"
"3.0761428066400054","57","17"
"3.141592653589793","58.5","17"
"3.076142806640006","60","17"
"3.076142806640006","61.5","17"
"3.1415926535897927","63","17"
"3.141592653589793","64.5","17"
"3.1415926535897927","66","17"
"3.0106929596902186","67.5","17"
"3.1415926535897927","69","17"
"3.141592653589793","70.5","17"
"3.141592653589793","72","17"
"3.141592653589793","73.5","17"
"3.1415926535897927","75","17"
"3.141592653589793","76.5","17"
"3.141592653589793","78","17"
"3.076142806640006","79.5","17"
"3.076142806640006","81","17"
"3.141592653589793","82.5","17"
"3.141592653589793","84","17"
"3.141592653589793","85.5","17"
"3.1415926535897927","87","17"
"3.141592653589793","88.5","17"
"3.141592653589793","90","17"
"3.0761428066400054","91.5","17"
"3.0761428066400054","93","17"
"3.1415926535897927","94.5","17"
"3.141592653589793","96","17"
"3.141592653589793","97.5","17"
"3.1415926535897927","99","17"
"3.141592653589793","100.5","17"
"3.141592653589793","102","17"
"3.0761428066400054","103.5","17"
"3.0761428066400054","105","17"
"3.141592653589793","106.5","17"
"3.0761428066400054","108","17"
"3.141592653589793","109.5","17"
"3.1415926535897927","111","17"
"3.076142806640006","112.5","17"
"3.141592653589793","114","17"
"3.141592653589793","115.5","17"
"3.141592653589793","117","17"
"3.141592653589793","118.5","17"
"3.141592653589793","120","17"
"3.141592653589793","121.5","17"
"3.0761428066400063","123","17"
"3.141592653589793","124.5","17"
"3.141592653589793","126","17"
"3.1415926535897927","127.5","17"
"3.0761428066400054","129","17"
"3.1415926535897927","130.5","17"
"3.0761428066400054","132","17"
"3.076142806640006","133.5","17"
"3.1415926535897927","135","17"
"3.141592653589793","136.5","17"
"3.141592653589793","138","17"
"3.1415926535897927","139.5","17"
"3.141592653589793","141","17"
"3.141592653589793","142.5","17"
"3.1415926535897927","144","17"
"3.141592653589793","145.5","17"
"3.076142806640006","147","17"
"3.141592653589793","148.5","17"
"3.1415926535897927","150","17"
"3.141592653589793","151.5","17"
"3.1415926535897927","153","17"
"3.141592653589793","154.5","17"
"3.141592653589793","156","17"
"3.141592653589793","157.5","17"
"3.141592653589793","159","17"
"3.141592653589793","160.5","17"
"3.1415926535897927","162","17"
"3.141592653589793","163.5","17"
"3.0761428066400063","165","17"
"3.141592653589793","166.5","17"
"3.141592653589793","168","17"
"3.141592653589793","169.5","17"
"3.141592653589793","171","17"
"3.141592653589793","172.5","17"
"3.076142806640006","174","17"
"3.141592653589793","175.5","17"
"3.0761428066400063","177","17"
"3.1415926535897927","178.5","17"
"3.141592653589793","180","17"
"3.141592653589793","181.5","17"
"3.076142806640006","183","17"
"3.0761428066400063","184.5","17"
"3.141592653589793","186","17"
"3.141592653589793","187.5","17"
"3.0761428066400063","189","17"
"3.1415926535897927","190.5","17"
"3.141592653589793","192","17"
"3.0761428066400063","193.5","17"
"3.141592653589793","195","17"
"3.0761428066400063","196.5","17"
"3.076142806640006","198","17"
"3.076142806640006","199.5","17"
"3.0761428066400063","201","17"
"3.076142806640006","202.5","17"
"3.0761428066400063","204","17"
"3.1415926535897927","205.5","17"
"3.0761428066400063","207","17"
"3.076142806640006","208.5","17"
"3.076142806640006","210","17"
"3.141592653589793","211.5","17"
"3.0761428066400063","213","17"
"3.0761428066400054","214.5","17"
"3.0761428066400063","216","17"
"3.076142806640006","217.5","17"
"3.1415926535897927","219","17"
"3.076142806640006","220.5","17"
"3.0106929596902186","222","17"
"3.076142806640006","223.5","17"
"3.010692959690218","225","17"
"3.076142806640006","226.5","17"
"3.0761428066400063","228","17"
"3.141592653589793","229.5","17"
"3.076142806640006","231","17"
"3.0761428066400063","232.5","17"
"3.0761428066400063","234","17"
"3.076142806640006","235.5","17"
"3.141592653589793","237","17"
"3.076142806640006","238.5","17"
"3.141592653589793","240","17"
"3.0761428066400054","241.5","17"
"3.0761428066400054","243","17"
"3.076142806640006","244.5","17"
"3.0106929596902186","246","17"
"3.0761428066400063","247.5","17"
"3.141592653589793","249","17"
"3.141592653589793","250.5","17"
"3.141592653589793","252","17"
"3.141592653589793","253.5","17"
"3.0761428066400063","255","17"
"3.0761428066400054","256.5","17"
"3.0761428066400063","258","17"
"3.1415926535897927","259.5","17"
"3.0761428066400063","261","17"
"3.141592653589793","262.5","17"
"3.1415926535897927","264","17"
"3.0761428066400054","265.5","17"
"3.076142806640006","267","17"
"3.1415926535897927","268.5","17"
"3.141592653589793","270","17"
"3.141592653589793","271.5","17"
"3.141592653589793","273","17"
"3.141592653589793","274.5","17"
"3.1415926535897927","276","17"
"3.0761428066400054","277.5","17"
"3.141592653589793","279","17"
"3.1415926535897927","280.5","17"
"3.076142806640006","282","17"
"3.141592653589793","283.5","17"
"3.1415926535897927","285","17"
"3.141592653589793","286.5","17"
"3.1415926535897927","288","17"
"3.0761428066400054","289.5","17"
"3.141592653589793","291","17"
"3.141592653589793","292.5","17"
"3.1415926535897927","294","17"
"3.1415926535897927","295.5","17"
"3.1415926535897927","297","17"
"3.1415926535897927","298.5","17"
"3.0761428066400054","300","17"
"3.1415926535897927","1.5","18"
"3.141592653589793","3","18"
"3.141592653589793","4.5","18"
"3.141592653589793","6","18"
"3.141592653589793","7.5","18"
"3.076142806640006","9","18"
"3.010692959690218","10.5","18"
"3.1415926535897927","12","18"
"3.010692959690218","13.5","18"
"3.0761428066400054","15","18"
"3.076142806640006","16.5","18"
"3.141592653589793","18","18"
"3.141592653589793","19.5","18"
"3.076142806640006","21","18"
"3.0106929596902186","22.5","18"
"3.0761428066400054","24","18"
"3.010692959690218","25.5","18"
"3.010692959690218","27","18"
"3.076142806640006","28.5","18"
"3.076142806640006","30","18"
"3.0761428066400054","31.5","18"
"3.076142806640006","33","18"
"3.076142806640006","34.5","18"
"3.0761428066400063","36","18"
"3.010692959690218","37.5","18"
"2.945243112740431","39","18"
"3.076142806640006","40.5","18"
"3.0106929596902186","42","18"
"3.0761428066400054","43.5","18"
"3.0761428066400063","45","18"
"3.010692959690218","46.5","18"
"3.0761428066400054","48","18"
"2.945243112740431","49.5","18"
"2.945243112740431","51","18"
"3.0106929596902186","52.5","18"
"3.076142806640006","54","18"
"3.0761428066400054","55.5","18"
"2.879793265790643","57","18"
"3.1415926535897927","58.5","18"
"3.010692959690219","60","18"
"3.0761428066400054","61.5","18"
"3.0106929596902186","63","18"
"2.945243112740431","64.5","18"
"3.010692959690218","66","18"
"3.0761428066400063","67.5","18"
"3.0761428066400054","69","18"
"3.010692959690218","70.5","18"
"3.1415926535897927","72","18"
"3.141592653589793","73.5","18"
"3.0761428066400054","75","18"
"2.945243112740431","76.5","18"
"3.0761428066400054","78","18"
"3.0106929596902186","79.5","18"
"3.0761428066400054","81","18"
"3.0761428066400054","82.5","18"
"3.1415926535897927","84","18"
"3.1415926535897927","85.5","18"
"3.0761428066400063","87","18"
"3.0761428066400054","88.5","18"
"3.010692959690218","90","18"
"3.076142806640006","91.5","18"
"3.0106929596902186","93","18"
"3.0761428066400054","94.5","18"
"3.076142806640006","96","18"
"3.1415926535897927","97.5","18"
"3.0761428066400063","99","18"
"3.0761428066400054","100.5","18"
"3.010692959690218","102","18"
"3.0106929596902186","103.5","18"
"3.0106929596902186","105","18"
"3.0106929596902186","106.5","18"
"3.0761428066400054","108","18"
"3.076142806640006","109.5","18"
"3.010692959690218","111","18"
"3.0761428066400054","112.5","18"
"3.010692959690218","114","18"
"3.0106929596902186","115.5","18"
"3.076142806640006","117","18"
"3.0106929596902186","118.5","18"
"3.0761428066400063","120","18"
"3.0761428066400054","121.5","18"
"3.0106929596902186","123","18"
"3.1415926535897927","124.5","18"
"2.8797932657906435","126","18"
"3.0106929596902186","127.5","18"
"3.0106929596902177","129","18"
"3.0761428066400063","130.5","18"
"3.076142806640006","132","18"
"3.010692959690218","133.5","18"
"3.0761428066400054","135","18"
"3.1415926535897927","136.5","18"
"3.076142806640006","138","18"
"3.0106929596902186","139.5","18"
"3.0761428066400054","141","18"
"3.076142806640006","142.5","18"
"3.010692959690218","144","18"
"3.076142806640006","145.5","18"
"3.0761428066400054","147","18"
"3.0761428066400054","148.5","18"
"3.141592653589793","150","18"
"3.0761428066400054","151.5","18"
"3.141592653589793","153","18"
"3.141592653589793","154.5","18"
"3.0761428066400054","156","18"
"3.0761428066400054","157.5","18"
"3.141592653589793","159","18"
"3.0761428066400054","160.5","18"
"3.076142806640006","162","18"
"3.0761428066400054","163.5","18"
"3.076142806640006","165","18"
"3.1415926535897927","166.5","18"
"3.0761428066400054","168","18"
"3.0761428066400054","169.5","18"
"3.076142806640006","171","18"
"3.1415926535897927","172.5","18"
"3.1415926535897927","174","18"
"3.141592653589793","175.5","18"
"3.1415926535897927","177","18"
"3.0761428066400054","178.5","18"
"3.1415926535897922","180","18"
"3.0761428066400054","181.5","18"
"3.141592653589793","183","18"
"3.141592653589793","184.5","18"
"3.1415926535897927","186","18"
"3.076142806640006","187.5","18"
"3.1415926535897927","189","18"
"3.141592653589793","190.5","18"
"3.1415926535897927","192","18"
"3.0761428066400054","193.5","18"
"3.010692959690218","195","18"
"3.141592653589793","196.5","18"
"3.141592653589793","198","18"
"3.141592653589793","199.5","18"
"3.076142806640006","201","18"
"3.141592653589793","202.5","18"
"3.0761428066400054","204","18"
"3.141592653589793","205.5","18"
"3.010692959690218","207","18"
"3.076142806640006","208.5","18"
"3.141592653589793","210","18"
"3.076142806640006","211.5","18"
"3.076142806640006","213","18"
"3.141592653589793","214.5","18"
"3.1415926535897922","216","18"
"3.1415926535897922","217.5","18"
"3.010692959690218","219","18"
"3.076142806640006","220.5","18"
"3.076142806640006","222","18"
"3.076142806640006","223.5","18"
"3.076142806640006","225","18"
"3.141592653589793","226.5","18"
"3.1415926535897922","228","18"
"3.1415926535897922","229.5","18"
"3.0761428066400054","231","18"
"3.076142806640006","232.5","18"
"3.076142806640006","234","18"
"3.141592653589793","235.5","18"
"3.0761428066400054","237","18"
"3.0761428066400054","238.5","18"
"3.0761428066400054","240","18"
"3.076142806640006","241.5","18"
"3.0761428066400054","243","18"
"3.076142806640006","244.5","18"
"3.141592653589793","246","18"
"3.141592653589793","247.5","18"
"3.0761428066400054","249","18"
"3.076142806640006","250.5","18"
"3.141592653589793","252","18"
"3.141592653589793","253.5","18"
"3.0761428066400054","255","18"
"3.076142806640006","256.5","18"
"3.1415926535897927","258","18"
"3.141592653589793","259.5","18"
"3.141592653589793","261","18"
"3.0761428066400054","262.5","18"
"3.0761428066400054","264","18"
"3.141592653589793","265.5","18"
"3.0761428066400054","267","18"
"3.141592653589793","268.5","18"
"3.0761428066400054","270","18"
"3.0761428066400054","271.5","18"
"3.141592653589793","273","18"
"3.076142806640006","274.5","18"
"3.1415926535897927","276","18"
"3.141592653589793","277.5","18"
"3.1415926535897927","279","18"
"3.141592653589793","280.5","18"
"3.1415926535897927","282","18"
"3.141592653589793","283.5","18"
"3.1415926535897927","285","18"
"3.141592653589793","286.5","18"
"3.141592653589793","288","18"
"3.1415926535897927","289.5","18"
"3.076142806640006","291","18"
"3.076142806640006","292.5","18"
"3.1415926535897927","294","18"
"3.076142806640006","295.5","18"
"3.1415926535897927","297","18"
"3.0761428066400054","298.5","18"
"3.0761428066400054","300","18"
"3.141592653589793","1.5","19"
"3.141592653589793","3","19"
"3.1415926535897927","4.5","19"
"3.076142806640006","6","19"
"3.0106929596902186","7.5","19"
"3.0761428066400063","9","19"
"3.0761428066400054","10.5","19"
"3.076142806640006","12","19"
"3.0761428066400054","13.5","19"
"3.141592653589793","15","19"
"3.141592653589793","16.5","19"
"3.076142806640006","18","19"
"3.0106929596902186","19.5","19"
"3.1415926535897927","21","19"
"3.010692959690218","22.5","19"
"3.010692959690218","24","19"
"3.0106929596902186","25.5","19"
"3.0761428066400054","27","19"
"3.1415926535897927","28.5","19"
"3.076142806640006","30","19"
"3.0761428066400054","31.5","19"
"3.076142806640006","33","19"
"3.010692959690218","34.5","19"
"3.010692959690218","36","19"
"3.0106929596902186","37.5","19"
"3.0106929596902186","39","19"
"3.0761428066400054","40.5","19"
"3.1415926535897927","42","19"
"3.0761428066400054","43.5","19"
"3.0106929596902186","45","19"
"3.010692959690219","46.5","19"
"2.945243112740431","48","19"
"3.0106929596902186","49.5","19"
"3.076142806640006","51","19"
"3.0761428066400054","52.5","19"
"3.0106929596902186","54","19"
"3.0761428066400054","55.5","19"
"3.0761428066400054","57","19"
"3.076142806640006","58.5","19"
"3.0106929596902186","60","19"
"3.010692959690218","61.5","19"
"3.010692959690218","63","19"
"3.0106929596902186","64.5","19"
"3.076142806640006","66","19"
"3.010692959690218","67.5","19"
"3.1415926535897927","69","19"
"3.141592653589793","70.5","19"
"3.141592653589793","72","19"
"3.010692959690218","73.5","19"
"3.0761428066400054","75","19"
"3.076142806640006","76.5","19"
"3.141592653589793","78","19"
"3.141592653589793","79.5","19"
"3.0761428066400054","81","19"
"3.076142806640006","82.5","19"
"3.141592653589793","84","19"
"3.0761428066400054","85.5","19"
"3.0761428066400054","87","19"
"3.0106929596902186","88.5","19"
"3.076142806640006","90","19"
"3.0761428066400054","91.5","19"
"3.141592653589793","93","19"
"3.0761428066400054","94.5","19"
"3.1415926535897927","96","19"
"3.0761428066400054","97.5","19"
"3.076142806640006","99","19"
"3.076142806640006","100.5","19"
"3.076142806640006","102","19"
"3.0761428066400054","103.5","19"
"3.0761428066400054","105","19"
"3.0761428066400054","106.5","19"
"3.1415926535897927","108","19"
"3.0761428066400054","109.5","19"
"3.0106929596902186","111","19"
"3.0106929596902186","112.5","19"
"3.0106929596902186","114","19"
"3.076142806640006","115.5","19"
"3.010692959690218","117","19"
"3.0761428066400054","118.5","19"
"3.1415926535897927","120","19"
"3.076142806640006","121.5","19"
"3.076142806640006","123","19"
"3.0106929596902177","124.5","19"
"3.0761428066400054","126","19"
"3.0761428066400054","127.5","19"
"3.0761428066400054","129","19"
"3.0761428066400054","130.5","19"
"3.141592653589793","132","19"
"3.141592653589793","133.5","19"
"3.076142806640006","135","19"
"3.141592653589793","136.5","19"
"3.076142806640006","138","19"
"3.0761428066400054","139.5","19"
"3.076142806640006","141","19"
"3.1415926535897927","142.5","19"
"3.141592653589793","144","19"
"3.141592653589793","145.5","19"
"3.0761428066400054","147","19"
"3.076142806640006","148.5","19"
"3.141592653589793","150","19"
"3.0761428066400054","151.5","19"
"3.0761428066400054","153","19"
"3.141592653589793","154.5","19"
"3.1415926535897927","156","19"
"3.1415926535897927","157.5","19"
"3.076142806640006","159","19"
"3.1415926535897927","160.5","19"
"3.0761428066400054","162","19"
"3.141592653589793","163.5","19"
"3.0761428066400054","165","19"
"3.076142806640006","166.5","19"
"3.1415926535897927","168","19"
"3.141592653589793","169.5","19"
"3.076142806640006","171","19"
"3.0761428066400054","172.5","19"
"3.141592653589793","174","19"
"3.141592653589793","175.5","19"
"3.1415926535897927","177","19"
"3.141592653589793","178.5","19"
"3.141592653589793","180","19"
"3.141592653589793","181.5","19"
"3.141592653589793","183","19"
"3.0761428066400054","184.5","19"
"3.141592653589793","186","19"
"3.076142806640006","187.5","19"
"3.141592653589793","189","19"
"3.0761428066400054","190.5","19"
"3.141592653589793","192","19"
"3.141592653589793","193.5","19"
"3.1415926535897927","195","19"
"3.0761428066400054","196.5","19"
"3.0761428066400054","198","19"
"3.0761428066400054","199.5","19"
"3.0761428066400054","201","19"
"3.0761428066400054","202.5","19"
"3.141592653589793","204","19"
"3.141592653589793","205.5","19"
"3.1415926535897927","207","19"
"3.0761428066400054","208.5","19"
"3.141592653589793","210","19"
"3.1415926535897922","211.5","19"
"3.0761428066400054","213","19"
"3.0761428066400054","214.5","19"
"3.141592653589793","216","19"
"3.141592653589793","217.5","19"
"3.076142806640006","219","19"
"3.1415926535897927","220.5","19"
"3.141592653589793","222","19"
"3.1415926535897922","223.5","19"
"3.141592653589793","225","19"
"3.0106929596902177","226.5","19"
"3.141592653589793","228","19"
"3.141592653589793","229.5","19"
"3.141592653589793","231","19"
"3.076142806640006","232.5","19"
"3.0761428066400054","234","19"
"3.0761428066400054","235.5","19"
"3.141592653589793","237","19"
"3.0761428066400054","238.5","19"
"3.076142806640006","240","19"
"3.141592653589793","241.5","19"
"3.141592653589793","243","19"
"3.141592653589793","244.5","19"
"3.1415926535897927","246","19"
"3.141592653589793","247.5","19"
"3.0761428066400054","249","19"
"3.0761428066400054","250.5","19"
"3.141592653589793","252","19"
"3.1415926535897927","253.5","19"
"3.141592653589793","255","19"
"3.076142806640006","256.5","19"
"3.141592653589793","258","19"
"3.0761428066400054","259.5","19"
"3.141592653589793","261","19"
"3.1415926535897927","262.5","19"
"3.141592653589793","264","19"
"3.1415926535897927","265.5","19"
"3.0761428066400054","267","19"
"3.141592653589793","268.5","19"
"3.1415926535897927","270","19"
"3.1415926535897927","271.5","19"
"3.1415926535897927","273","19"
"3.0106929596902186","274.5","19"
"3.0761428066400054","276","19"
"3.141592653589793","277.5","19"
"3.141592653589793","279","19"
"3.0761428066400054","280.5","19"
"3.076142806640006","282","19"
"3.141592653589793","283.5","19"
"3.141592653589793","285","19"
"2.945243112740431","286.5","19"
"3.1415926535897927","288","19"
"3.141592653589793","289.5","19"
"3.141592653589793","291","19"
"3.1415926535897927","292.5","19"
"3.0761428066400054","294","19"
"3.1415926535897927","295.5","19"
"3.141592653589793","297","19"
"3.1415926535897927","298.5","19"
"3.1415926535897927","300","19"