"nusselt","time","episode"
"22.940221231693986","1.5","0"
"0.8749789225786667","3","0"
"26.773902925049867","4.5","0"
"32.3189838243323","6","0"
"10.692600486896826","7.5","0"
"12.702841479397623","9","0"
"30.903530627597657","10.5","0"
"13.932299347874414","12","0"
"15.292631718334905","13.5","0"
"25.948083667585028","15","0"
"24.86809983391772","16.5","0"
"9.250840494249298","18","0"
"23.74063535678105","19.5","0"
"24.65940871974993","21","0"
"13.596119979221463","22.5","0"
"19.773815855292458","24","0"
"25.60800580200489","25.5","0"
"9.5447488309691","27","0"
"12.14492867311389","28.5","0"
"29.529099201434477","30","0"
"20.692944656640396","31.5","0"
"16.18163711705755","33","0"
"20.890293104888205","34.5","0"
"22.083024083207174","36","0"
"10.303791845313134","37.5","0"
"24.523925715253423","39","0"
"27.872831275852047","40.5","0"
"6.382483701862868","42","0"
"18.603012288740466","43.5","0"
"29.30492212494766","45","0"
"14.92689259566267","46.5","0"
"8.844863656253533","48","0"
"20.23040258836931","49.5","0"
"24.31230571914838","51","0"
"14.891852295460389","52.5","0"
"23.67690908857467","54","0"
"23.399444132748858","55.5","0"
"8.953380387256392","57","0"
"18.76378717319005","58.5","0"
"27.101955125471825","60","0"
"19.49495876581533","61.5","0"
"10.4593945786439","63","0"
"24.08129865027964","64.5","0"
"26.530037350115148","66","0"
"9.774973586934914","67.5","0"
"17.272904376915","69","0"
"32.29368149030925","70.5","0"
"19.44134681030719","72","0"
"7.139471620284839","73.5","0"
"26.80659628654336","75","0"
"26.205968150352653","76.5","0"
"12.64787049479308","78","0"
"19.88999193489505","79.5","0"
"35.79922735068339","81","0"
"16.003485825968948","82.5","0"
"5.678129412234125","84","0"
"29.679620385586187","85.5","0"
"24.33763418834636","87","0"
"10.503809566093876","88.5","0"
"20.001827833114127","90","0"
"29.543355068186752","91.5","0"
"15.470202808540042","93","0"
"16.060087645489176","94.5","0"
"32.206881347328924","96","0"
"17.18085803315356","97.5","0"
"7.388911392446058","99","0"
"26.182037041840974","100.5","0"
"30.659051747224563","102","0"
"11.640028455659882","103.5","0"
"15.899154207645015","105","0"
"32.795403670491666","106.5","0"
"18.527631474859927","108","0"
"7.258347899044036","109.5","0"
"31.6128357905308","111","0"
"33.05674496573014","112.5","0"
"9.69748192209246","114","0"
"20.326567835699848","115.5","0"
"32.98028738264245","117","0"
"13.420374866571494","118.5","0"
"9.522067854991615","120","0"
"27.097778724517877","121.5","0"
"26.74493469715652","123","0"
"8.265225550222285","124.5","0"
"20.204358015378222","126","0"
"23.63682818430073","127.5","0"
"11.32107478080385","129","0"
"17.1600195870087","130.5","0"
"32.129925453572554","132","0"
"18.280117429504863","133.5","0"
"7.119565328712512","135","0"
"26.85337824966957","136.5","0"
"32.41785841813067","138","0"
"7.302359533627579","139.5","0"
"12.345947371094484","141","0"
"29.87346672039326","142.5","0"
"18.241987951625756","144","0"
"14.430655317525739","145.5","0"
"24.83203155016816","147","0"
"18.171032694033507","148.5","0"
"11.141614117451212","150","0"
"23.493823476459127","151.5","0"
"34.57224709679004","153","0"
"8.771089284458744","154.5","0"
"8.45060147483427","156","0"
"34.05284011490442","157.5","0"
"20.047621886627955","159","0"
"18.807396326079655","160.5","0"
"23.291737592168857","162","0"
"26.76210724943108","163.5","0"
"10.337894763907896","165","0"
"12.730217203965186","166.5","0"
"31.609417309649846","168","0"
"13.811897210485505","169.5","0"
"10.994717010889909","171","0"
"25.25103938638444","172.5","0"
"25.339238632396064","174","0"
"8.68163642122294","175.5","0"
"16.0700939327977","177","0"
"35.635178599987476","178.5","0"
"11.533721889283674","180","0"
"1.440025488204618","181.5","0"
"28.662235522913242","183","0"
"33.2751235180723","184.5","0"
"11.49974441952858","186","0"
"16.39693868813785","187.5","0"
"24.50241646628534","189","0"
"16.17242359672193","190.5","0"
"20.55268936920152","192","0"
"24.240139531784337","193.5","0"
"15.644698659828318","195","0"
"13.470834919982973","196.5","0"
"28.44981753280031","198","0"
"17.503458436084944","199.5","0"
"9.499388621359126","201","0"
"26.906146910199944","202.5","0"
"28.276692907023406","204","0"
"9.300211582038658","205.5","0"
"16.551692028283366","207","0"
"35.03605933456277","208.5","0"
"19.72020041509433","210","0"
"17.208550864510283","211.5","0"
"20.560979446689583","213","0"
"26.211782355602267","214.5","0"
"14.873839932898049","216","0"
"20.762770874675635","217.5","0"
"24.744740065899137","219","0"
"9.288020394105917","220.5","0"
"10.981949106763695","222","0"
"32.272250646865956","223.5","0"
"21.39078344715888","225","0"
"7.060174014854664","226.5","0"
"23.205660522361622","228","0"
"31.865907916421158","229.5","0"
"13.318251670529216","231","0"
"7.505993491446253","232.5","0"
"25.35406598830683","234","0"
"24.322709261115854","235.5","0"
"19.39714526011915","237","0"
"30.369508855890707","238.5","0"
"20.28216940052733","240","0"
"0.5069364198225262","241.5","0"
"25.067035558456325","243","0"
"36.829273834437835","244.5","0"
"13.451788475665872","246","0"
"0.2881620829250082","247.5","0"
"30.23121544891664","249","0"
"31.519791083087","250.5","0"
"12.483035075331744","252","0"
"17.533391923105736","253.5","0"
"27.630978109387","255","0"
"19.043045002016118","256.5","0"
"18.916637872600596","258","0"
"26.052727165663136","259.5","0"
"6.9847862315941445","261","0"
"18.548455982244825","262.5","0"
"38.01841383972131","264","0"
"24.864738850421613","265.5","0"
"5.727723955769146","267","0"
"13.948074539462672","268.5","0"
"34.4233253853441","270","0"
"18.600050302248306","271.5","0"
"15.844197161800434","273","0"
"23.894486162218953","274.5","0"
"27.96544736642698","276","0"
"17.43592514406364","277.5","0"
"17.066626410565824","279","0"
"26.625345363707957","280.5","0"
"11.512974045078575","282","0"
"17.50711039119528","283.5","0"
"30.01095864866945","285","0"
"17.212155776305746","286.5","0"
"9.582472342464282","288","0"
"25.633342982927847","289.5","0"
"29.961430749830505","291","0"
"7.143017292350456","292.5","0"
"14.229170542258878","294","0"
"31.6058071708194","295.5","0"
"25.526882219019548","297","0"
"13.102587691689875","298.5","0"
"20.608702276113306","300","0"
"22.940221231693986","1.5","1"
"0.8749789225786667","3","1"
"26.773902925049867","4.5","1"
"32.3189838243323","6","1"
"10.692600486896826","7.5","1"
"12.702841479397623","9","1"
"30.903530627597657","10.5","1"
"13.932299347874414","12","1"
"15.292631718334905","13.5","1"
"25.948083667585028","15","1"
"24.86809983391772","16.5","1"
"9.250840494249298","18","1"
"23.74063535678105","19.5","1"
"24.65940871974993","21","1"
"13.596119979221463","22.5","1"
"19.773815855292458","24","1"
"25.60800580200489","25.5","1"
"9.5447488309691","27","1"
"12.14492867311389","28.5","1"
"29.529099201434477","30","1"
"20.692944656640396","31.5","1"
"16.18163711705755","33","1"
"20.890293104888205","34.5","1"
"22.083024083207174","36","1"
"10.303791845313134","37.5","1"
"24.523925715253423","39","1"
"27.872831275852047","40.5","1"
"6.382483701862868","42","1"
"18.603012288740466","43.5","1"
"29.30492212494766","45","1"
"14.92689259566267","46.5","1"
"8.844863656253533","48","1"
"20.23040258836931","49.5","1"
"24.31230571914838","51","1"
"14.891852295460389","52.5","1"
"23.67690908857467","54","1"
"23.399444132748858","55.5","1"
"8.953380387256392","57","1"
"18.76378717319005","58.5","1"
"27.101955125471825","60","1"
"19.49495876581533","61.5","1"
"10.4593945786439","63","1"
"24.08129865027964","64.5","1"
"26.530037350115148","66","1"
"9.774973586934914","67.5","1"
"17.272904376915","69","1"
"32.29368149030925","70.5","1"
"19.44134681030719","72","1"
"7.139471620284839","73.5","1"
"26.80659628654336","75","1"
"26.205968150352653","76.5","1"
"12.64787049479308","78","1"
"19.88999193489505","79.5","1"
"35.79922735068339","81","1"
"16.003485825968948","82.5","1"
"5.678129412234125","84","1"
"29.679620385586187","85.5","1"
"24.33763418834636","87","1"
"10.503809566093876","88.5","1"
"20.001827833114127","90","1"
"29.543355068186752","91.5","1"
"15.470202808540042","93","1"
"16.060087645489176","94.5","1"
"32.206881347328924","96","1"
"17.18085803315356","97.5","1"
"7.388911392446058","99","1"
"26.182037041840974","100.5","1"
"30.659051747224563","102","1"
"11.640028455659882","103.5","1"
"15.899154207645015","105","1"
"32.795403670491666","106.5","1"
"18.527631474859927","108","1"
"7.258347899044036","109.5","1"
"31.6128357905308","111","1"
"33.05674496573014","112.5","1"
"9.69748192209246","114","1"
"20.326567835699848","115.5","1"
"32.98028738264245","117","1"
"13.420374866571494","118.5","1"
"9.522067854991615","120","1"
"27.097778724517877","121.5","1"
"26.74493469715652","123","1"
"8.265225550222285","124.5","1"
"20.204358015378222","126","1"
"23.63682818430073","127.5","1"
"11.32107478080385","129","1"
"17.1600195870087","130.5","1"
"32.129925453572554","132","1"
"18.280117429504863","133.5","1"
"7.119565328712512","135","1"
"26.85337824966957","136.5","1"
"32.41785841813067","138","1"
"7.302359533627579","139.5","1"
"12.345947371094484","141","1"
"29.87346672039326","142.5","1"
"18.241987951625756","144","1"
"14.430655317525739","145.5","1"
"24.83203155016816","147","1"
"18.171032694033507","148.5","1"
"11.141614117451212","150","1"
"23.493823476459127","151.5","1"
"34.57224709679004","153","1"
"8.771089284458744","154.5","1"
"8.45060147483427","156","1"
"34.05284011490442","157.5","1"
"20.047621886627955","159","1"
"18.807396326079655","160.5","1"
"23.291737592168857","162","1"
"26.76210724943108","163.5","1"
"10.337894763907896","165","1"
"12.730217203965186","166.5","1"
"31.609417309649846","168","1"
"13.811897210485505","169.5","1"
"10.994717010889909","171","1"
"25.25103938638444","172.5","1"
"25.339238632396064","174","1"
"8.68163642122294","175.5","1"
"16.0700939327977","177","1"
"35.635178599987476","178.5","1"
"11.533721889283674","180","1"
"1.440025488204618","181.5","1"
"28.662235522913242","183","1"
"33.2751235180723","184.5","1"
"11.49974441952858","186","1"
"16.39693868813785","187.5","1"
"24.50241646628534","189","1"
"16.17242359672193","190.5","1"
"20.55268936920152","192","1"
"24.240139531784337","193.5","1"
"15.644698659828318","195","1"
"13.470834919982973","196.5","1"
"28.44981753280031","198","1"
"17.503458436084944","199.5","1"
"9.499388621359126","201","1"
"26.906146910199944","202.5","1"
"28.276692907023406","204","1"
"9.300211582038658","205.5","1"
"16.551692028283366","207","1"
"35.03605933456277","208.5","1"
"19.72020041509433","210","1"
"17.208550864510283","211.5","1"
"20.560979446689583","213","1"
"26.211782355602267","214.5","1"
"14.873839932898049","216","1"
"20.762770874675635","217.5","1"
"24.744740065899137","219","1"
"9.288020394105917","220.5","1"
"10.981949106763695","222","1"
"32.272250646865956","223.5","1"
"21.39078344715888","225","1"
"7.060174014854664","226.5","1"
"23.205660522361622","228","1"
"31.865907916421158","229.5","1"
"13.318251670529216","231","1"
"7.505993491446253","232.5","1"
"25.35406598830683","234","1"
"24.322709261115854","235.5","1"
"19.39714526011915","237","1"
"30.369508855890707","238.5","1"
"20.28216940052733","240","1"
"0.5069364198225262","241.5","1"
"25.067035558456325","243","1"
"36.829273834437835","244.5","1"
"13.451788475665872","246","1"
"0.2881620829250082","247.5","1"
"30.23121544891664","249","1"
"31.519791083087","250.5","1"
"12.483035075331744","252","1"
"17.533391923105736","253.5","1"
"27.630978109387","255","1"
"19.043045002016118","256.5","1"
"18.916637872600596","258","1"
"26.052727165663136","259.5","1"
"6.9847862315941445","261","1"
"18.548455982244825","262.5","1"
"38.01841383972131","264","1"
"24.864738850421613","265.5","1"
"5.727723955769146","267","1"
"13.948074539462672","268.5","1"
"34.4233253853441","270","1"
"18.600050302248306","271.5","1"
"15.844197161800434","273","1"
"23.894486162218953","274.5","1"
"27.96544736642698","276","1"
"17.43592514406364","277.5","1"
"17.066626410565824","279","1"
"26.625345363707957","280.5","1"
"11.512974045078575","282","1"
"17.50711039119528","283.5","1"
"30.01095864866945","285","1"
"17.212155776305746","286.5","1"
"9.582472342464282","288","1"
"25.633342982927847","289.5","1"
"29.961430749830505","291","1"
"7.143017292350456","292.5","1"
"14.229170542258878","294","1"
"31.6058071708194","295.5","1"
"25.526882219019548","297","1"
"13.102587691689875","298.5","1"
"20.608702276113306","300","1"
"33.10087159508338","1.5","2"
"19.52154869278997","3","2"
"2.5093069677377438","4.5","2"
"19.375106338272467","6","2"
"33.06500716569828","7.5","2"
"20.17281460158169","9","2"
"6.563503763986379","10.5","2"
"16.76599523568131","12","2"
"18.156344725722374","13.5","2"
"19.634773239970375","15","2"
"24.441342047161942","16.5","2"
"17.383025807658615","18","2"
"6.822331726569007","19.5","2"
"19.253926243843114","21","2"
"29.797329728784725","22.5","2"
"12.598338240091644","24","2"
"5.0717044942437575","25.5","2"
"18.3132097880023","27","2"
"33.06363071315192","28.5","2"
"18.404449426030876","30","2"
"8.70120905372865","31.5","2"
"24.545175354817196","33","2"
"16.68211874760325","34.5","2"
"10.164202133662496","36","2"
"17.786761989990307","37.5","2"
"25.77487018221336","39","2"
"9.947110303099432","40.5","2"
"11.297636755925868","42","2"
"25.569754359976105","43.5","2"
"25.208057477693174","45","2"
"12.649986572789981","46.5","2"
"23.907870856473536","48","2"
"19.114995138600733","49.5","2"
"8.38143473437979","51","2"
"20.016629053849964","52.5","2"
"32.60695512048031","54","2"
"9.446464020951668","55.5","2"
"5.962700522123636","57","2"
"23.444199748645435","58.5","2"
"32.437762967358","60","2"
"6.979813143391053","61.5","2"
"7.270451534140759","63","2"
"28.130977110368978","64.5","2"
"23.90540543830506","66","2"
"16.280567465895775","67.5","2"
"17.416998050378723","69","2"
"24.049931213327636","70.5","2"
"9.411651967943781","72","2"
"16.92634673029701","73.5","2"
"29.092687081059243","75","2"
"16.76593076891648","76.5","2"
"8.973653442450248","78","2"
"22.768596764958115","79.5","2"
"26.06738899879934","81","2"
"12.075932682468958","82.5","2"
"12.4063710243621","84","2"
"29.735009532989626","85.5","2"
"15.843252810812933","87","2"
"6.530826083597846","88.5","2"
"17.846066186598385","90","2"
"25.69126201526459","91.5","2"
"11.109375508001518","93","2"
"14.562943732473197","94.5","2"
"31.706270783253565","96","2"
"15.449496780614831","97.5","2"
"2.6159643988373977","99","2"
"22.384552565764317","100.5","2"
"36.07349684578766","102","2"
"13.204811943741884","103.5","2"
"6.176461860228012","105","2"
"19.832313346167673","106.5","2"
"23.288482891717468","108","2"
"15.360140617526273","109.5","2"
"16.257052777838","111","2"
"21.12462108331816","112.5","2"
"14.04023152213132","114","2"
"13.707129134740226","115.5","2"
"32.02638834456652","117","2"
"22.976268607303606","118.5","2"
"2.1930367219677365","120","2"
"13.09718555103167","121.5","2"
"33.25398190389824","123","2"
"23.546956287093536","124.5","2"
"0.6311836403748554","126","2"
"17.13415099086215","127.5","2"
"35.12963371488517","129","2"
"18.970239374038766","130.5","2"
"5.4395884436053175","132","2"
"16.986185826818673","133.5","2"
"17.65378970463216","135","2"
"13.244605361091589","136.5","2"
"22.392337363203715","138","2"
"20.038721988391504","139.5","2"
"15.999117767065506","141","2"
"13.038869264035977","142.5","2"
"24.434038136941272","144","2"
"16.74842194405781","145.5","2"
"3.7777328176226734","147","2"
"22.685337067008422","148.5","2"
"31.207423472313543","150","2"
"7.300128025274733","151.5","2"
"8.09147455141954","153","2"
"31.09236597819799","154.5","2"
"25.30784506026913","156","2"
"5.423111086983917","157.5","2"
"6.154129788835854","159","2"
"28.498956888705283","160.5","2"
"27.471130152474966","162","2"
"7.938417384127037","163.5","2"
"18.959363656577544","165","2"
"25.77412445855533","166.5","2"
"15.743148121447815","168","2"
"9.186513988192008","169.5","2"
"23.10158502875201","171","2"
"24.947294640993167","172.5","2"
"15.025195700302554","174","2"
"16.356430909340038","175.5","2"
"19.73692692705007","177","2"
"13.77735347860691","178.5","2"
"14.936351786642641","180","2"
"27.78306217699958","181.5","2"
"15.896324639372502","183","2"
"1.462587222446481","184.5","2"
"18.919375096588354","186","2"
"34.576463571678886","187.5","2"
"13.234579907988117","189","2"
"7.691844205069482","190.5","2"
"21.21128532338884","192","2"
"23.473382284973216","193.5","2"
"12.99484804655496","195","2"
"19.041689457609703","196.5","2"
"27.854571500300363","198","2"
"6.513231883834401","199.5","2"
"2.6187863443505557","201","2"
"27.465958872528653","202.5","2"
"38.61249424341934","204","2"
"12.358321505251741","205.5","2"
"4.389920541685293","207","2"
"22.797571962231444","208.5","2"
"28.11161268809022","210","2"
"15.32686531280432","211.5","2"
"14.997199700916633","213","2"
"19.135950321860285","214.5","2"
"15.65248694195771","216","2"
"21.63829575016895","217.5","2"
"33.01100492491117","219","2"
"24.89896896020104","220.5","2"
"2.159062736902633","222","2"
"4.16273399980519","223.5","2"
"38.53326633178898","225","2"
"31.29316775422666","226.5","2"
"1.1310078623744821","228","2"
"10.80614911024637","229.5","2"
"27.225013467806207","231","2"
"23.86133979102666","232.5","2"
"19.162172614040898","234","2"
"25.24707206682994","235.5","2"
"5.794876980995205","237","2"
"11.458968319601476","238.5","2"
"27.46085728638215","240","2"
"30.537972708804944","241.5","2"
"3.5370840471356924","243","2"
"3.835860060186366","244.5","2"
"30.62909038268384","246","2"
"26.697325120157497","247.5","2"
"5.361885519432174","249","2"
"14.09632631925789","250.5","2"
"30.386984576194465","252","2"
"22.816542614541248","253.5","2"
"14.06573422582884","255","2"
"20.1486238836657","256.5","2"
"21.829469327753095","258","2"
"21.8366477891341","259.5","2"
"19.523440879454967","261","2"
"22.398529657317333","262.5","2"
"14.38129468380635","264","2"
"16.05213558293022","265.5","2"
"27.94951362144414","267","2"
"18.573667714328113","268.5","2"
"11.908362652537356","270","2"
"15.328935218658843","271.5","2"
"31.11735817481186","273","2"
"19.93064258598249","274.5","2"
"10.160879481756288","276","2"
"17.962170830056166","277.5","2"
"24.366304475245496","279","2"
"20.757615275834276","280.5","2"
"16.557258820543638","282","2"
"19.097792966461252","283.5","2"
"18.183720450289936","285","2"
"19.60140036392868","286.5","2"
"27.594125770389514","288","2"
"18.36072527837157","289.5","2"
"7.686212946044383","291","2"
"21.736999594157773","292.5","2"
"31.54844220419119","294","2"
"22.794400894339834","295.5","2"
"4.7178708149250195","297","2"
"14.517190624066762","298.5","2"
"26.176299499771158","300","2"
"26.205933303452746","1.5","3"
"30.287928778516573","3","3"
"11.605908984787664","4.5","3"
"14.775684927582773","6","3"
"25.18081068665527","7.5","3"
"17.83962473715043","9","3"
"17.685880214757244","10.5","3"
"27.914187576662616","12","3"
"9.790797564183043","13.5","3"
"8.591534534476354","15","3"
"28.54527713040772","16.5","3"
"28.57107080571947","18","3"
"8.938275127318862","19.5","3"
"10.010039448470417","21","3"
"25.283452230333676","22.5","3"
"19.296453400490584","24","3"
"16.86022473772197","25.5","3"
"22.499188412390982","27","3"
"18.231591379038267","28.5","3"
"12.730882779753426","30","3"
"25.22094386127908","31.5","3"
"29.787638805920366","33","3"
"9.30006348271405","34.5","3"
"8.500103238498287","36","3"
"31.394673288968068","37.5","3"
"28.733633336134318","39","3"
"9.837094284228039","40.5","3"
"17.074592411884744","42","3"
"25.151572395287637","43.5","3"
"13.571040665357824","45","3"
"17.226146806618726","46.5","3"
"27.965501379121836","48","3"
"15.498129114126149","49.5","3"
"10.493486171996192","51","3"
"29.38447759743715","52.5","3"
"24.87733252004829","54","3"
"0.8534286196066274","55.5","3"
"9.767342115855108","57","3"
"33.799189530475594","58.5","3"
"21.613676415384095","60","3"
"7.099678202935134","61.5","3"
"19.140879415852243","63","3"
"23.30511880173345","64.5","3"
"5.795113939914579","66","3"
"13.401965249350207","67.5","3"
"28.168533356744604","69","3"
"18.213131233812113","70.5","3"
"15.028772734578089","72","3"
"25.99335327525524","73.5","3"
"23.827928583395067","75","3"
"7.696836023481273","76.5","3"
"15.84885444997311","78","3"
"30.89136209014986","79.5","3"
"13.30119846888684","81","3"
"1.8315502278429983","82.5","3"
"23.994294652934855","84","3"
"32.06046164329636","85.5","3"
"8.518294191422653","87","3"
"7.925788867600453","88.5","3"
"22.316454753964507","90","3"
"17.5869951668889","91.5","3"
"15.771764395652095","93","3"
"21.72406790960199","94.5","3"
"19.357261240829686","96","3"
"8.302482984431201","97.5","3"
"16.91517481418657","99","3"
"28.81438057260066","100.5","3"
"11.127623087138234","102","3"
"15.215006764100304","103.5","3"
"28.05863843085039","105","3"
"25.57500230310222","106.5","3"
"7.295698984296453","108","3"
"10.772294475813451","109.5","3"
"26.59715247933756","111","3"
"23.319076727491517","112.5","3"
"9.314671303155398","114","3"
"14.52160572628508","115.5","3"
"21.42876482571338","117","3"
"20.020779319628982","118.5","3"
"19.27712905214672","120","3"
"22.346475358235068","121.5","3"
"11.691322221151657","123","3"
"13.222826048649218","124.5","3"
"25.880766426343154","126","3"
"27.00973977424583","127.5","3"
"10.145252389492637","129","3"
"6.365527200367736","130.5","3"
"20.609141347052145","132","3"
"28.383162382656682","133.5","3"
"14.889061058777774","135","3"
"15.80675416784951","136.5","3"
"21.855503446674206","138","3"
"12.217939026628201","139.5","3"
"14.958963939992808","141","3"
"27.180400724199252","142.5","3"
"16.44408131667811","144","3"
"9.902454872040092","145.5","3"
"20.04492822126508","147","3"
"28.429646404788684","148.5","3"
"14.970378042057606","150","3"
"10.961640333497431","151.5","3"
"24.12821651631549","153","3"
"28.434294981236384","154.5","3"
"11.619457459471814","156","3"
"16.918703062802237","157.5","3"
"29.91245691670009","159","3"
"16.89126112912485","160.5","3"
"11.387214196828841","162","3"
"20.78333925734621","163.5","3"
"22.26733107916449","165","3"
"8.430560151524801","166.5","3"
"15.505372042271983","168","3"
"25.440592583122875","169.5","3"
"21.549044127780114","171","3"
"8.807927684696267","172.5","3"
"14.198638559732167","174","3"
"32.19247215421705","175.5","3"
"16.639030555867265","177","3"
"7.463313879611685","178.5","3"
"30.580541681732303","180","3"
"33.07313694744677","181.5","3"
"10.402924306170824","183","3"
"5.335856191959798","184.5","3"
"25.367994294199974","186","3"
"26.192632241757938","187.5","3"
"10.380672818234702","189","3"
"16.96563486759805","190.5","3"
"24.14811409616284","192","3"
"14.427274297062185","193.5","3"
"12.955566007461401","195","3"
"27.030940628149732","196.5","3"
"25.09243023676413","198","3"
"5.749463194276623","199.5","3"
"12.637242190321203","201","3"
"30.150760926409525","202.5","3"
"20.481068535821034","204","3"
"5.133273739345842","205.5","3"
"17.89055696605566","207","3"
"30.889975183533526","208.5","3"
"16.842407517799117","210","3"
"4.983873754198662","211.5","3"
"23.39102337938614","213","3"
"27.150061270794534","214.5","3"
"12.23672934623098","216","3"
"10.80357131082569","217.5","3"
"21.900496021490152","219","3"
"15.834527147076022","220.5","3"
"13.361230965702992","222","3"
"27.090872068956152","223.5","3"
"30.57900144875638","225","3"
"3.888568609814396","226.5","3"
"0.615864670933984","228","3"
"29.279201628125715","229.5","3"
"33.15278650656601","231","3"
"7.151462002956861","232.5","3"
"3.6012121436566313","234","3"
"24.4692491869531","235.5","3"
"21.089045883202292","237","3"
"14.246427598265715","238.5","3"
"20.307977014599043","240","3"
"17.533184584051288","241.5","3"
"13.30935787050025","243","3"
"20.34280300636689","244.5","3"
"29.26963615410103","246","3"
"23.24251111901411","247.5","3"
"5.868799887700852","249","3"
"9.840817675483187","250.5","3"
"32.84542291061931","252","3"
"20.152793315239666","253.5","3"
"4.933386694439753","255","3"
"15.512918138447017","256.5","3"
"25.40293876542751","258","3"
"12.649556213576119","259.5","3"
"10.880589057829399","261","3"
"23.292418849062056","262.5","3"
"23.814218070626346","264","3"
"12.93439912928491","265.5","3"
"17.38789391957573","267","3"
"30.274028350143354","268.5","3"
"13.6649251830894","270","3"
"4.109805479121492","271.5","3"
"21.022361113193746","273","3"
"33.48053902364876","274.5","3"
"15.17134359851584","276","3"
"4.660108158051613","277.5","3"
"19.529249857669594","279","3"
"18.232763977220163","280.5","3"
"20.971200637094118","282","3"
"18.272973815023764","283.5","3"
"19.804503777696258","285","3"
"6.089165148924004","286.5","3"
"10.07421001465062","288","3"
"28.069294612842192","289.5","3"
"25.483510025049313","291","3"
"6.997128567955236","292.5","3"
"11.200592495545152","294","3"
"24.350436939372482","295.5","3"
"21.333244246031132","297","3"
"13.452787710520727","298.5","3"
"17.0806191832238","300","3"
"13.53428154181759","1.5","4"
"10.053282708910993","3","4"
"21.909681664305847","4.5","4"
"27.96219266597559","6","4"
"10.113748178458499","7.5","4"
"10.845356228505127","9","4"
"26.44893119057976","10.5","4"
"11.49792715369839","12","4"
"9.770154260677666","13.5","4"
"31.68741164102347","15","4"
"21.35596616711601","16.5","4"
"4.726250623180346","18","4"
"18.034138390090735","19.5","4"
"30.653047626370448","21","4"
"10.230223070227801","22.5","4"
"5.371627405887645","24","4"
"31.57693999893578","25.5","4"
"27.430418519312692","27","4"
"-0.15180093655082685","28.5","4"
"11.949037696454727","30","4"
"34.12141532923297","31.5","4"
"21.24923708207842","33","4"
"8.75466245584221","34.5","4"
"22.76248810340428","36","4"
"18.004196191344963","37.5","4"
"12.89563195313749","39","4"
"25.167725675739895","40.5","4"
"21.239302230914706","42","4"
"-1.271762549447663","43.5","4"
"10.953669976316021","45","4"
"36.94620260707843","46.5","4"
"22.074359401545102","48","4"
"1.9414693287740217","49.5","4"
"16.070938970120462","51","4"
"30.476196124648407","52.5","4"
"10.436049769223173","54","4"
"13.379616190094342","55.5","4"
"27.512779167244762","57","4"
"18.882172546246792","58.5","4"
"9.396517959313828","60","4"
"20.269781327610108","61.5","4"
"25.01946082835721","63","4"
"6.363765253991148","64.5","4"
"15.404366560544249","66","4"
"37.27129979038821","67.5","4"
"22.55346594368736","69","4"
"-6.371320061891157","70.5","4"
"14.464445485193828","72","4"
"33.70486594180518","73.5","4"
"12.774880475577005","75","4"
"10.498802066577126","76.5","4"
"25.941630021722105","78","4"
"15.96857271695133","79.5","4"
"4.990803060245327","81","4"
"24.02763268207664","82.5","4"
"23.685730581286332","84","4"
"0.6315654861702513","85.5","4"
"13.692767856115728","87","4"
"32.77853080155631","88.5","4"
"19.362631148105475","90","4"
"1.6687584701646911","91.5","4"
"21.82086911285585","93","4"
"36.1941542367184","94.5","4"
"11.006205162617011","96","4"
"2.067096758804105","97.5","4"
"20.750584913777878","99","4"
"27.04664438359318","100.5","4"
"21.433835049649964","102","4"
"21.435002420796874","103.5","4"
"12.992313805759165","105","4"
"1.9902700163705176","106.5","4"
"22.26917448016961","108","4"
"36.848188731707786","109.5","4"
"14.976568593826224","111","4"
"-2.0579365977839683","112.5","4"
"23.516318892694603","114","4"
"32.931707319481","115.5","4"
"12.919382728942145","117","4"
"9.123364436179106","118.5","4"
"22.732995429667316","120","4"
"23.163703112527642","121.5","4"
"13.287744080832441","123","4"
"18.627581095520455","124.5","4"
"27.585530782527258","126","4"
"5.797771451618797","127.5","4"
"12.756864628324676","129","4"
"27.598411939078172","130.5","4"
"25.838037157676215","132","4"
"8.921723721035157","133.5","4"
"11.617669813506545","135","4"
"25.30299437180197","136.5","4"
"11.95091942904975","138","4"
"15.7352552986187","139.5","4"
"27.600765847166944","141","4"
"23.02757718272784","142.5","4"
"3.9659574763021213","144","4"
"13.739445278542217","145.5","4"
"25.91337441293187","147","4"
"23.1660239160615","148.5","4"
"12.512855309927836","150","4"
"18.026634110195594","151.5","4"
"22.170327763891166","153","4"
"9.513880575858279","154.5","4"
"16.765897664361567","156","4"
"30.318081801006787","157.5","4"
"11.960991925468097","159","4"
"5.525648961135097","160.5","4"
"21.71585623763872","162","4"
"28.878545911745874","163.5","4"
"11.298761439620392","165","4"
"7.735078753785081","166.5","4"
"19.95926582956675","168","4"
"21.439311239970472","169.5","4"
"17.73457004565341","171","4"
"19.750126932735142","172.5","4"
"27.818801157545014","174","4"
"13.798208477029226","175.5","4"
"8.558501415708763","177","4"
"27.11707693768681","178.5","4"
"21.18623388704513","180","4"
"13.71524933359124","181.5","4"
"22.883473055194145","183","4"
"28.59832630848235","184.5","4"
"15.786541223557995","186","4"
"15.166506848808638","187.5","4"
"23.848854146789698","189","4"
"28.7203758330644","190.5","4"
"9.88312878135123","192","4"
"16.553835112627695","193.5","4"
"21.11046801492061","195","4"
"22.657602419371813","196.5","4"
"20.85388157917455","198","4"
"20.510284176703728","199.5","4"
"17.968732501308804","201","4"
"18.615086739558517","202.5","4"
"19.293064539474553","204","4"
"29.778909657493465","205.5","4"
"15.826200480343054","207","4"
"2.1461253897256163","208.5","4"
"21.238228946397548","210","4"
"34.576501903268785","211.5","4"
"18.235389691128216","213","4"
"12.140433423025785","214.5","4"
"21.36181870395552","216","4"
"25.244632783836394","217.5","4"
"10.104370877693311","219","4"
"19.316532184217458","220.5","4"
"23.073289346026883","222","4"
"15.974782434514898","223.5","4"
"20.041213541734912","225","4"
"31.495565518271103","226.5","4"
"16.534425389379056","228","4"
"5.554757447800574","229.5","4"
"18.14403331598495","231","4"
"28.892503837503938","232.5","4"
"22.411191278398828","234","4"
"13.84437800588956","235.5","4"
"20.197010546532663","237","4"
"18.13936905843229","238.5","4"
"15.329017108873627","240","4"
"21.42664787654398","241.5","4"
"23.85307062167854","243","4"
"13.134911676044345","244.5","4"
"16.974881492488585","246","4"
"29.047161348674706","247.5","4"
"18.828706947718267","249","4"
"9.532312843564506","250.5","4"
"21.711577038330045","252","4"
"28.236664273099326","253.5","4"
"21.13320039007546","255","4"
"19.206773161232885","256.5","4"
"25.7216066957043","258","4"
"11.316420106148668","259.5","4"
"9.245746748655275","261","4"
"24.783840029940677","262.5","4"
"24.528891398490284","264","4"
"11.259026390828033","265.5","4"
"15.642799503783342","267","4"
"32.48151673488223","268.5","4"
"23.69094541985753","270","4"
"6.755335947978781","271.5","4"
"26.216530245714704","273","4"
"28.380501821848725","274.5","4"
"16.76532617520308","276","4"
"17.7315871510213","277.5","4"
"23.576745159479714","279","4"
"10.760422137014865","280.5","4"
"14.800833935246228","282","4"
"32.156855137821296","283.5","4"
"26.04579089023649","285","4"
"11.151544612752435","286.5","4"
"19.916210742385676","288","4"
"31.59875067358807","289.5","4"
"13.682531579267813","291","4"
"7.346628164097941","292.5","4"
"30.852371893843028","294","4"
"31.29173206195046","295.5","4"
"3.4551975348354933","297","4"
"12.92951620743533","298.5","4"
"30.322099648566155","300","4"
"31.405420072899634","1.5","5"
"20.73118215990922","3","5"
"14.714143560000615","4.5","5"
"29.763357486064617","6","5"
"12.801753533613397","7.5","5"
"12.89617208008606","9","5"
"26.95277206227657","10.5","5"
"30.679576571270253","12","5"
"10.915717346453947","13.5","5"
"12.11511453672528","15","5"
"33.08493959244554","16.5","5"
"22.854483919160852","18","5"
"3.8323527197106464","19.5","5"
"22.57814974523705","21","5"
"30.937126523798764","22.5","5"
"17.340376686861465","24","5"
"20.979989025250863","25.5","5"
"25.1667778400624","27","5"
"12.165480503507009","28.5","5"
"10.524440673184285","30","5"
"24.361629763622865","31.5","5"
"21.581753170378565","33","5"
"9.917075760068904","34.5","5"
"27.223138704591165","36","5"
"37.65963712765065","37.5","5"
"2.6741508811309336","39","5"
"5.06248966714939","40.5","5"
"30.170651536876896","42","5"
"27.03181877002741","43.5","5"
"14.283328722923073","45","5"
"21.189375335071816","46.5","5"
"25.471095816957163","48","5"
"15.155097973778826","49.5","5"
"22.326738074127295","51","5"
"28.272223792110232","52.5","5"
"14.939514142809273","54","5"
"11.719832212311218","55.5","5"
"28.289521793224463","57","5"
"23.60761080107304","58.5","5"
"7.671039734652032","60","5"
"18.034037334081003","61.5","5"
"31.388355546014786","63","5"
"18.74074814531601","64.5","5"
"10.291184236926494","66","5"
"29.084072927402037","67.5","5"
"22.256728909867544","69","5"
"9.477530032219464","70.5","5"
"22.255873418474806","72","5"
"31.270130468697616","73.5","5"
"16.481958154532887","75","5"
"16.277049671350085","76.5","5"
"27.130135813427255","78","5"
"11.558153050809029","79.5","5"
"10.01980442099708","81","5"
"31.05409362802926","82.5","5"
"30.826473677831554","84","5"
"5.2056424743156","85.5","5"
"10.724440970515074","87","5"
"29.468970875643578","88.5","5"
"18.780508458110802","90","5"
"16.34712156002967","91.5","5"
"29.382700405541854","93","5"
"12.748183394385148","94.5","5"
"16.424777876474188","96","5"
"30.48389032014805","97.5","5"
"22.743029594495766","99","5"
"2.560779105798421","100.5","5"
"18.01988949271844","102","5"
"34.26625298400972","103.5","5"
"17.05393342727441","105","5"
"9.17821084311648","106.5","5"
"23.134145972025852","108","5"
"19.061757787266604","109.5","5"
"10.328939110631593","111","5"
"27.239138658683828","112.5","5"
"25.96235695778726","114","5"
"7.122662346941817","115.5","5"
"20.18808974015627","117","5"
"33.81346282067783","118.5","5"
"13.704638452569318","120","5"
"4.862810396884002","121.5","5"
"26.071021788114727","123","5"
"27.727314106527093","124.5","5"
"17.18229024073977","126","5"
"18.04350872147594","127.5","5"
"21.11752799684193","129","5"
"8.336037935524912","130.5","5"
"20.847413994551662","132","5"
"28.481996902520162","133.5","5"
"17.402404168697338","135","5"
"12.030470545676753","136.5","5"
"24.79204299017897","138","5"
"25.19861048312817","139.5","5"
"13.953419182736031","141","5"
"23.238087305070817","142.5","5"
"32.96028526209538","144","5"
"12.904145050784964","145.5","5"
"10.296529751372349","147","5"
"26.65122092923449","148.5","5"
"21.722128679622124","150","5"
"12.808915442716946","151.5","5"
"23.037712403566022","153","5"
"23.34407066645038","154.5","5"
"12.10632440622354","156","5"
"17.554775723234155","157.5","5"
"28.962164532764614","159","5"
"11.368487472818394","160.5","5"
"13.231217182147015","162","5"
"30.9385099457251","163.5","5"
"30.575858258384695","165","5"
"9.115799174209124","166.5","5"
"17.541749952048622","168","5"
"25.981174283737467","169.5","5"
"5.181484425368274","171","5"
"14.94572037568285","172.5","5"
"36.70732362352052","174","5"
"21.283557793797605","175.5","5"
"8.586266554382794","177","5"
"27.480744412159527","178.5","5"
"29.081123137324845","180","5"
"2.7414790120290298","181.5","5"
"13.72157230357951","183","5"
"32.06020726092703","184.5","5"
"16.842649703753477","186","5"
"7.459647114568888","187.5","5"
"27.731561943625852","189","5"
"23.668362886372286","190.5","5"
"8.70804601549056","192","5"
"23.398607807151073","193.5","5"
"29.59905783768936","195","5"
"8.276432313232633","196.5","5"
"11.413164683190175","198","5"
"36.49876492757238","199.5","5"
"22.28480679946825","201","5"
"4.873379461626036","202.5","5"
"23.516137688815082","204","5"
"33.87471670133575","205.5","5"
"11.946042605407653","207","5"
"9.888316613575002","208.5","5"
"25.681274893751016","210","5"
"14.633121033025004","211.5","5"
"14.679101517453338","213","5"
"26.810758748737346","214.5","5"
"21.07163637200836","216","5"
"11.739273297769776","217.5","5"
"24.169529258501175","219","5"
"24.170745415307955","220.5","5"
"10.983109508530625","222","5"
"18.035617640991823","223.5","5"
"36.14164344324734","225","5"
"11.681294154530692","226.5","5"
"7.122798249851457","228","5"
"33.60800898351147","229.5","5"
"21.45421003202605","231","5"
"9.235345820205296","232.5","5"
"16.722161320287295","234","5"
"32.23023225495714","235.5","5"
"20.992831850211882","237","5"
"19.549987247804722","238.5","5"
"26.83410094464058","240","5"
"10.099052369594885","241.5","5"
"14.615412709664362","243","5"
"26.802186411360026","244.5","5"
"24.30570048927086","246","5"
"9.944427962979029","247.5","5"
"18.9770292924858","249","5"
"26.73877376525282","250.5","5"
"10.96165949929238","252","5"
"17.427197737981732","253.5","5"
"35.54596356684354","255","5"
"17.741335571270508","256.5","5"
"10.462283386646257","258","5"
"25.927328853999946","259.5","5"
"29.7284060454571","261","5"
"2.8534871846095253","262.5","5"
"14.184567381549401","264","5"
"29.931173186640567","265.5","5"
"18.607221794249327","267","5"
"16.56012497806105","268.5","5"
"28.004942842782473","270","5"
"22.395065875466496","271.5","5"
"4.2349315493791515","273","5"
"15.485183490810403","274.5","5"
"37.19828508101141","276","5"
"12.330791583152088","277.5","5"
"4.389298960108188","279","5"
"28.671508282978706","280.5","5"
"27.827540760041888","282","5"
"8.975246816948532","283.5","5"
"12.708048477416346","285","5"
"27.699656122070277","286.5","5"
"19.41446416937332","288","5"
"15.322134846141838","289.5","5"
"20.222339015730643","291","5"
"18.476075486446348","292.5","5"
"12.150271574042252","294","5"
"26.174644272025535","295.5","5"
"23.23464443135993","297","5"
"9.763114315723794","298.5","5"
"16.86461718945535","300","5"
"13.53428154181759","1.5","6"
"10.053282708910993","3","6"
"21.909681664305847","4.5","6"
"27.96219266597559","6","6"
"10.113748178458499","7.5","6"
"10.845356228505127","9","6"
"26.44893119057976","10.5","6"
"11.49792715369839","12","6"
"9.770154260677666","13.5","6"
"31.68741164102347","15","6"
"21.35596616711601","16.5","6"
"4.726250623180346","18","6"
"18.034138390090735","19.5","6"
"30.653047626370448","21","6"
"10.230223070227801","22.5","6"
"5.371627405887645","24","6"
"31.57693999893578","25.5","6"
"27.430418519312692","27","6"
"-0.15180093655082685","28.5","6"
"11.949037696454727","30","6"
"34.12141532923297","31.5","6"
"21.24923708207842","33","6"
"8.75466245584221","34.5","6"
"22.76248810340428","36","6"
"18.004196191344963","37.5","6"
"12.89563195313749","39","6"
"25.167725675739895","40.5","6"
"21.239302230914706","42","6"
"-1.271762549447663","43.5","6"
"10.953669976316021","45","6"
"36.94620260707843","46.5","6"
"22.074359401545102","48","6"
"1.9414693287740217","49.5","6"
"16.070938970120462","51","6"
"30.476196124648407","52.5","6"
"10.436049769223173","54","6"
"13.379616190094342","55.5","6"
"27.512779167244762","57","6"
"18.882172546246792","58.5","6"
"9.396517959313828","60","6"
"20.269781327610108","61.5","6"
"25.01946082835721","63","6"
"6.363765253991148","64.5","6"
"15.404366560544249","66","6"
"37.27129979038821","67.5","6"
"22.55346594368736","69","6"
"-6.371320061891157","70.5","6"
"14.464445485193828","72","6"
"33.70486594180518","73.5","6"
"12.774880475577005","75","6"
"10.498802066577126","76.5","6"
"25.941630021722105","78","6"
"15.96857271695133","79.5","6"
"4.990803060245327","81","6"
"24.02763268207664","82.5","6"
"23.685730581286332","84","6"
"0.6315654861702513","85.5","6"
"13.692767856115728","87","6"
"32.77853080155631","88.5","6"
"19.362631148105475","90","6"
"1.6687584701646911","91.5","6"
"21.82086911285585","93","6"
"36.1941542367184","94.5","6"
"11.006205162617011","96","6"
"2.067096758804105","97.5","6"
"20.750584913777878","99","6"
"27.04664438359318","100.5","6"
"21.433835049649964","102","6"
"21.435002420796874","103.5","6"
"12.992313805759165","105","6"
"1.9902700163705176","106.5","6"
"22.26917448016961","108","6"
"36.848188731707786","109.5","6"
"14.976568593826224","111","6"
"-2.0579365977839683","112.5","6"
"23.516318892694603","114","6"
"32.931707319481","115.5","6"
"12.919382728942145","117","6"
"9.123364436179106","118.5","6"
"22.732995429667316","120","6"
"23.163703112527642","121.5","6"
"13.287744080832441","123","6"
"18.627581095520455","124.5","6"
"27.585530782527258","126","6"
"5.797771451618797","127.5","6"
"12.756864628324676","129","6"
"27.598411939078172","130.5","6"
"25.838037157676215","132","6"
"8.921723721035157","133.5","6"
"11.617669813506545","135","6"
"25.30299437180197","136.5","6"
"11.95091942904975","138","6"
"15.7352552986187","139.5","6"
"27.600765847166944","141","6"
"23.02757718272784","142.5","6"
"3.9659574763021213","144","6"
"13.739445278542217","145.5","6"
"25.91337441293187","147","6"
"23.1660239160615","148.5","6"
"12.512855309927836","150","6"
"18.026634110195594","151.5","6"
"22.170327763891166","153","6"
"9.513880575858279","154.5","6"
"16.765897664361567","156","6"
"30.318081801006787","157.5","6"
"11.960991925468097","159","6"
"5.525648961135097","160.5","6"
"21.71585623763872","162","6"
"28.878545911745874","163.5","6"
"11.298761439620392","165","6"
"7.735078753785081","166.5","6"
"19.95926582956675","168","6"
"21.439311239970472","169.5","6"
"17.73457004565341","171","6"
"19.750126932735142","172.5","6"
"27.818801157545014","174","6"
"13.798208477029226","175.5","6"
"8.558501415708763","177","6"
"27.11707693768681","178.5","6"
"21.18623388704513","180","6"
"13.71524933359124","181.5","6"
"22.883473055194145","183","6"
"28.59832630848235","184.5","6"
"15.786541223557995","186","6"
"15.166506848808638","187.5","6"
"23.848854146789698","189","6"
"28.7203758330644","190.5","6"
"9.88312878135123","192","6"
"16.553835112627695","193.5","6"
"21.11046801492061","195","6"
"22.657602419371813","196.5","6"
"20.85388157917455","198","6"
"20.510284176703728","199.5","6"
"17.968732501308804","201","6"
"18.615086739558517","202.5","6"
"19.293064539474553","204","6"
"29.778909657493465","205.5","6"
"15.826200480343054","207","6"
"2.1461253897256163","208.5","6"
"21.238228946397548","210","6"
"34.576501903268785","211.5","6"
"18.235389691128216","213","6"
"12.140433423025785","214.5","6"
"21.36181870395552","216","6"
"25.244632783836394","217.5","6"
"10.104370877693311","219","6"
"19.316532184217458","220.5","6"
"23.073289346026883","222","6"
"15.974782434514898","223.5","6"
"20.041213541734912","225","6"
"31.495565518271103","226.5","6"
"16.534425389379056","228","6"
"5.554757447800574","229.5","6"
"18.14403331598495","231","6"
"28.892503837503938","232.5","6"
"22.411191278398828","234","6"
"13.84437800588956","235.5","6"
"20.197010546532663","237","6"
"18.13936905843229","238.5","6"
"15.329017108873627","240","6"
"21.42664787654398","241.5","6"
"23.85307062167854","243","6"
"13.134911676044345","244.5","6"
"16.974881492488585","246","6"
"29.047161348674706","247.5","6"
"18.828706947718267","249","6"
"9.532312843564506","250.5","6"
"21.711577038330045","252","6"
"28.236664273099326","253.5","6"
"21.13320039007546","255","6"
"19.206773161232885","256.5","6"
"25.7216066957043","258","6"
"11.316420106148668","259.5","6"
"9.245746748655275","261","6"
"24.783840029940677","262.5","6"
"24.528891398490284","264","6"
"11.259026390828033","265.5","6"
"15.642799503783342","267","6"
"32.48151673488223","268.5","6"
"23.69094541985753","270","6"
"6.755335947978781","271.5","6"
"26.216530245714704","273","6"
"28.380501821848725","274.5","6"
"16.76532617520308","276","6"
"17.7315871510213","277.5","6"
"23.576745159479714","279","6"
"10.760422137014865","280.5","6"
"14.800833935246228","282","6"
"32.156855137821296","283.5","6"
"26.04579089023649","285","6"
"11.151544612752435","286.5","6"
"19.916210742385676","288","6"
"31.59875067358807","289.5","6"
"13.682531579267813","291","6"
"7.346628164097941","292.5","6"
"30.852371893843028","294","6"
"31.29173206195046","295.5","6"
"3.4551975348354933","297","6"
"12.92951620743533","298.5","6"
"30.322099648566155","300","6"
"26.860288389921287","1.5","7"
"30.609067353996824","3","7"
"8.752230142228646","4.5","7"
"11.282371200248761","6","7"
"24.802085866732398","7.5","7"
"14.19782488461932","9","7"
"10.29078872461254","10.5","7"
"24.553765115644467","12","7"
"15.180740065075977","13.5","7"
"13.682221441858633","15","7"
"29.760405953642426","16.5","7"
"20.321680557987783","18","7"
"1.479852554592046","19.5","7"
"16.25760335885654","21","7"
"33.854010673410535","22.5","7"
"12.928726053979922","24","7"
"4.873072808906847","25.5","7"
"26.91856983001707","27","7"
"19.432202983771386","28.5","7"
"12.237989932835145","30","7"
"17.533672440649994","31.5","7"
"21.493017282108365","33","7"
"10.840901052351915","34.5","7"
"18.66915518945545","36","7"
"26.27976865732237","37.5","7"
"6.705751422927484","39","7"
"11.256525254587151","40.5","7"
"33.15774870511288","42","7"
"22.51612052105618","43.5","7"
"3.5787280526636254","45","7"
"14.515456119623853","46.5","7"
"36.23253461227684","48","7"
"19.943527227223395","49.5","7"
"5.483633618330022","51","7"
"25.74842312752834","52.5","7"
"26.013658563831513","54","7"
"12.150149609892575","55.5","7"
"20.75412535880851","57","7"
"26.336137002613217","58.5","7"
"6.2441724358525965","60","7"
"11.357273740428067","61.5","7"
"26.526770453248794","63","7"
"19.725678347759835","64.5","7"
"17.55277899586944","66","7"
"21.69450031503023","67.5","7"
"19.230308757430606","69","7"
"7.680207082845275","70.5","7"
"20.001981159473722","72","7"
"32.91982452661244","73.5","7"
"12.678999230480711","75","7"
"4.7640464419928366","76.5","7"
"24.10333757212632","78","7"
"30.804764059189","79.5","7"
"9.418718919245082","81","7"
"10.242393350020597","82.5","7"
"27.028203404161975","84","7"
"20.24009525357866","85.5","7"
"15.337457028031295","87","7"
"27.679896187477564","88.5","7"
"22.511027646634655","90","7"
"2.4006663124470875","91.5","7"
"14.810225174771377","93","7"
"31.629367159847057","94.5","7"
"14.376667886671093","96","7"
"10.137913632372056","97.5","7"
"23.058083901252118","99","7"
"24.408580734213633","100.5","7"
"13.258883878328808","102","7"
"15.156021416626382","103.5","7"
"24.535906079441723","105","7"
"10.178468454484745","106.5","7"
"7.842445537090983","108","7"
"30.417019119224992","109.5","7"
"26.599358288101723","111","7"
"3.6854429811481273","112.5","7"
"15.24253581502746","114","7"
"30.645684476419934","115.5","7"
"19.362385477461125","117","7"
"3.9147939510987526","118.5","7"
"22.093873665493465","120","7"
"28.481596163171222","121.5","7"
"12.359066357737271","123","7"
"8.482163183253258","124.5","7"
"28.608761212659736","126","7"
"19.201594911906586","127.5","7"
"10.840671062812524","129","7"
"20.49299662965947","130.5","7"
"28.156906688590368","132","7"
"15.947117480678102","133.5","7"
"10.842508365610161","135","7"
"24.71098735864845","136.5","7"
"12.942595991315722","138","7"
"7.3634008481960604","139.5","7"
"26.489287385362974","141","7"
"32.66492293847692","142.5","7"
"11.50606738951685","144","7"
"9.275506872349029","145.5","7"
"20.927328390110205","147","7"
"21.53584934913003","148.5","7"
"7.132464779885879","150","7"
"17.213962588065964","151.5","7"
"29.18713089153434","153","7"
"23.49849296104677","154.5","7"
"11.371382379028233","156","7"
"25.173851760743684","157.5","7"
"21.442013617058322","159","7"
"18.266166473126777","160.5","7"
"11.355811041804436","162","7"
"21.619795531007902","163.5","7"
"22.846686925306482","165","7"
"15.602467701830063","166.5","7"
"13.872379232310466","168","7"
"23.899775921624954","169.5","7"
"20.988770444027626","171","7"
"15.527593910343183","172.5","7"
"22.090341932187812","174","7"
"25.808176849145227","175.5","7"
"16.601085766557667","177","7"
"9.35456403416984","178.5","7"
"21.463907924270387","180","7"
"27.20160680513814","181.5","7"
"16.326023504480496","183","7"
"9.70394427968036","184.5","7"
"19.43166111447782","186","7"
"23.02629307446624","187.5","7"
"14.823815465735416","189","7"
"20.353560244368428","190.5","7"
"21.710190131713713","192","7"
"11.019038404680554","193.5","7"
"6.463359871858866","195","7"
"28.1697059549265","196.5","7"
"27.474694990335536","198","7"
"5.191687597661276","199.5","7"
"6.2085606464918275","201","7"
"29.769246612149033","202.5","7"
"23.912723287285697","204","7"
"4.116792282553004","205.5","7"
"12.947378728328065","207","7"
"26.330986630806848","208.5","7"
"13.97657843241475","210","7"
"7.326178260887053","211.5","7"
"23.40629154858074","213","7"
"16.478994425695728","214.5","7"
"7.899735582884391","216","7"
"13.52138731767921","217.5","7"
"31.34893673283909","219","7"
"22.316785799513628","220.5","7"
"5.391066313414959","222","7"
"13.183339284018702","223.5","7"
"29.238319245153892","225","7"
"16.30556140485464","226.5","7"
"15.758836195786303","228","7"
"23.030934681533953","229.5","7"
"16.21487931722459","231","7"
"6.609887601281145","232.5","7"
"18.338255997311027","234","7"
"28.56569915609868","235.5","7"
"12.660123535973158","237","7"
"8.152269324171174","238.5","7"
"18.491779241889795","240","7"
"30.40201752881469","241.5","7"
"16.814003809684277","243","7"
"6.837017516948897","244.5","7"
"18.889262148033033","246","7"
"18.67788433788235","247.5","7"
"15.05012865718658","249","7"
"16.831179846648826","250.5","7"
"24.378614142637925","252","7"
"15.138181546218588","253.5","7"
"9.712553206302582","255","7"
"20.442092278274167","256.5","7"
"22.630489788898554","258","7"
"13.10868589917374","259.5","7"
"12.032989976540085","261","7"
"22.90043304137927","262.5","7"
"28.256122782007836","264","7"
"10.038997222293794","265.5","7"
"13.367583555556182","267","7"
"24.31421010222834","268.5","7"
"18.096092693436802","270","7"
"10.150042095884963","271.5","7"
"19.853589120906374","273","7"
"27.267624257013455","274.5","7"
"20.52492684404498","276","7"
"7.4949653187979335","277.5","7"
"16.18074503641991","279","7"
"24.694325313457536","280.5","7"
"15.838022291136774","282","7"
"14.517486822715979","283.5","7"
"25.230256695279436","285","7"
"27.65134438003811","286.5","7"
"14.171864815360513","288","7"
"16.466879900942782","289.5","7"
"23.364330654056772","291","7"
"17.555897793411187","292.5","7"
"14.232356420082949","294","7"
"17.018384362333475","295.5","7"
"26.169438145179313","297","7"
"17.305125562914743","298.5","7"
"15.576996360342461","300","7"
"7.433554627090429","1.5","8"
"8.031331415696181","3","8"
"29.257631397082793","4.5","8"
"28.4172443931115","6","8"
"11.116053045196349","7.5","8"
"14.791616930220616","9","8"
"29.317226565305102","10.5","8"
"8.156411749397712","12","8"
"7.580231327009815","13.5","8"
"26.537907522459324","15","8"
"18.36685136337536","16.5","8"
"8.493990221081962","18","8"
"18.596346076788105","19.5","8"
"26.39528438817171","21","8"
"11.572114461257087","22.5","8"
"15.383857417603517","24","8"
"30.622748246900624","25.5","8"
"13.291929193511367","27","8"
"5.602536032264149","28.5","8"
"23.47492251794914","30","8"
"33.85926558591663","31.5","8"
"9.145480892378083","33","8"
"11.369818624394872","34.5","8"
"35.1835906547024","36","8"
"15.87742542320751","37.5","8"
"8.4736056558084","39","8"
"16.247689415832774","40.5","8"
"26.97536330748679","42","8"
"12.890091296052152","43.5","8"
"14.343629540868514","45","8"
"33.23130354143825","46.5","8"
"10.506894387908213","48","8"
"4.90428779067175","49.5","8"
"26.51342234823911","51","8"
"29.473023570102853","52.5","8"
"8.952265286459342","54","8"
"9.028905815771548","55.5","8"
"30.91949747713541","57","8"
"20.366000587635508","58.5","8"
"9.39923775985163","60","8"
"21.674688110087654","61.5","8"
"25.04199980321757","63","8"
"11.213804697645193","64.5","8"
"22.028723901425856","66","8"
"32.17348756314728","67.5","8"
"11.775179543434765","69","8"
"8.385069266040173","70.5","8"
"26.60564815353508","72","8"
"23.653141760492563","73.5","8"
"12.070615045543027","75","8"
"16.50747131230038","76.5","8"
"30.259187055472626","78","8"
"14.938038376598177","79.5","8"
"15.869259052214119","81","8"
"24.93274257559167","82.5","8"
"22.952236442782194","84","8"
"12.489742232391496","85.5","8"
"20.526007097942124","87","8"
"25.21616983599171","88.5","8"
"15.630122201596887","90","8"
"13.327912102356155","91.5","8"
"29.404354269144555","93","8"
"20.90078202176045","94.5","8"
"25.17923560677944","96","8"
"18.242888743988374","97.5","8"
"20.483260405825234","99","8"
"16.32974515339065","100.5","8"
"17.01693473129731","102","8"
"25.26212592759011","103.5","8"
"15.574809717373247","105","8"
"13.89252074045717","106.5","8"
"20.445493335705166","108","8"
"32.253070913156705","109.5","8"
"14.14641612435785","111","8"
"8.918115324549705","112.5","8"
"27.140575944639632","114","8"
"23.135067672528415","115.5","8"
"8.246815933000999","117","8"
"19.344373114898787","118.5","8"
"25.37448801399779","120","8"
"17.35362547820641","121.5","8"
"12.965946027771436","123","8"
"25.193038463832917","124.5","8"
"18.757589652041446","126","8"
"8.358032427574214","127.5","8"
"21.825765102292895","129","8"
"30.279694456068363","130.5","8"
"18.29981986671273","132","8"
"9.865130357548855","133.5","8"
"19.97324466346476","135","8"
"19.41229494985406","136.5","8"
"16.119404038512222","138","8"
"18.596312972233193","139.5","8"
"27.111248793677234","141","8"
"24.778761094279115","142.5","8"
"11.202939434253942","144","8"
"16.848848967247072","145.5","8"
"27.843486701439694","147","8"
"15.778277281244861","148.5","8"
"9.28600885680874","150","8"
"24.548140825999347","151.5","8"
"27.37555207540787","153","8"
"18.86383784986031","154.5","8"
"13.695229789594213","156","8"
"19.33331445121305","157.5","8"
"18.98929888594333","159","8"
"19.56920879779386","160.5","8"
"18.340278859850674","162","8"
"19.361932467762326","163.5","8"
"12.111583674592122","165","8"
"18.921755139852056","166.5","8"
"29.753203099431484","168","8"
"18.266279725551477","169.5","8"
"9.579904997113575","171","8"
"18.759811141910568","172.5","8"
"35.84696063417709","174","8"
"14.014861236653452","175.5","8"
"8.700492949935546","177","8"
"21.433469157200932","178.5","8"
"29.10441132053322","180","8"
"14.850306079045321","181.5","8"
"14.351730573924579","183","8"
"23.57224816704661","184.5","8"
"29.28401050031299","186","8"
"13.26630104097418","187.5","8"
"17.31552213550223","189","8"
"17.498072847704194","190.5","8"
"16.427851373046057","192","8"
"15.958589080127748","193.5","8"
"25.057346377936966","195","8"
"20.96861499712096","196.5","8"
"8.542342037049021","198","8"
"15.722971766401203","199.5","8"
"30.017764248221443","201","8"
"24.119971739797307","202.5","8"
"5.623301299919204","204","8"
"14.16096209155186","205.5","8"
"31.083751824540784","207","8"
"21.187746242501127","208.5","8"
"11.162708688310396","210","8"
"22.40844708503109","211.5","8"
"28.275877489565566","213","8"
"9.46185589664094","214.5","8"
"8.211798283283656","216","8"
"28.87684538303037","217.5","8"
"25.252396673135852","219","8"
"6.648802005580675","220.5","8"
"12.40570980443635","222","8"
"28.60290693347523","223.5","8"
"19.578443226269425","225","8"
"11.088994427417946","226.5","8"
"21.130273250483203","228","8"
"19.855862881125358","229.5","8"
"16.810573132388352","231","8"
"16.78410865425338","232.5","8"
"21.567305645676793","234","8"
"19.41922599824572","235.5","8"
"7.842645906765453","237","8"
"17.602317348778357","238.5","8"
"24.200363537884584","240","8"
"11.937892786691718","241.5","8"
"10.49891009196684","243","8"
"22.657396822662356","244.5","8"
"25.194301663954572","246","8"
"13.532677713249335","247.5","8"
"11.257876443131076","249","8"
"19.524123878693157","250.5","8"
"22.374190840076732","252","8"
"13.584970713595965","253.5","8"
"17.625088055523104","255","8"
"19.07974401465401","256.5","8"
"12.120496640416038","258","8"
"14.177275667743695","259.5","8"
"21.55224307319165","261","8"
"20.595230464608953","262.5","8"
"12.075401267245363","264","8"
"13.861355415524637","265.5","8"
"33.640590834925256","267","8"
"21.256053135700384","268.5","8"
"9.89304882258248","270","8"
"16.353836557641902","271.5","8"
"23.46932610582395","273","8"
"15.420260231592193","274.5","8"
"15.594576621345944","276","8"
"25.686170883188062","277.5","8"
"15.237244313276463","279","8"
"7.698736921871244","280.5","8"
"24.819988461560026","282","8"
"29.72340551532033","283.5","8"
"15.960718225712114","285","8"
"1.4068916401169793","286.5","8"
"20.257504764772595","288","8"
"30.45412061355682","289.5","8"
"15.951525613516438","291","8"
"11.766758790072048","292.5","8"
"21.39635023941915","294","8"
"20.115749318292686","295.5","8"
"12.5777585321786","297","8"
"14.01824835532449","298.5","8"
"27.922380082830937","300","8"
"6.179374189887806","1.5","9"
"24.84982089257109","3","9"
"28.146463072688","4.5","9"
"8.204456041473085","6","9"
"15.350162207737677","7.5","9"
"37.424249803463496","9","9"
"16.936779892129405","10.5","9"
"8.415292853502699","12","9"
"25.018918959063644","13.5","9"
"33.52607346775827","15","9"
"15.704293828050625","16.5","9"
"12.800783047450965","18","9"
"30.455838565722274","19.5","9"
"16.05000817969085","21","9"
"8.716975533591931","22.5","9"
"22.06093986039061","24","9"
"24.818805409308155","25.5","9"
"12.38222560741599","27","9"
"21.333768691874745","28.5","9"
"31.098596603901505","30","9"
"1.7318572763796034","31.5","9"
"6.723667520928828","33","9"
"33.721568060930984","34.5","9"
"22.870201613364262","36","9"
"12.909048880774488","37.5","9"
"18.24450738248909","39","9"
"29.64219829977521","40.5","9"
"12.137970618374801","42","9"
"10.546086696234509","43.5","9"
"27.13530012399359","45","9"
"18.441399336348102","46.5","9"
"12.843794576007154","48","9"
"28.256171567667707","49.5","9"
"23.068151170635478","51","9"
"5.227689672301013","52.5","9"
"20.79065536398185","54","9"
"27.726667696533802","55.5","9"
"11.249383382451049","57","9"
"6.778424632685188","58.5","9"
"29.631123954984513","60","9"
"21.99160672598907","61.5","9"
"5.975384793690073","63","9"
"13.60600343120781","64.5","9"
"28.39006032649343","66","9"
"22.5799060289924","67.5","9"
"13.396342702050084","69","9"
"20.23401098485476","70.5","9"
"17.494351198794043","72","9"
"12.430876235549759","73.5","9"
"22.7770680463257","75","9"
"27.643467238313956","76.5","9"
"10.864807768033657","78","9"
"13.594918632347142","79.5","9"
"26.03887900763978","81","9"
"13.496227855945783","82.5","9"
"10.30021829572759","84","9"
"28.521959327334418","85.5","9"
"20.019259994793003","87","9"
"8.928417810507444","88.5","9"
"15.386071938092657","90","9"
"26.61598722873772","91.5","9"
"12.305931804757867","93","9"
"9.199439574540307","94.5","9"
"25.21853942518544","96","9"
"22.25341148499632","97.5","9"
"7.0510807163237255","99","9"
"16.363337564901762","100.5","9"
"30.17290961599092","102","9"
"12.249626183886855","103.5","9"
"6.608878783528815","105","9"
"26.087899884085065","106.5","9"
"23.459539353984844","108","9"
"12.466847819152076","109.5","9"
"14.27274049238609","111","9"
"24.199164804527758","112.5","9"
"13.879275433802219","114","9"
"14.78741265174674","115.5","9"
"26.311592588663164","117","9"
"18.478870207818954","118.5","9"
"8.768034953681825","120","9"
"21.321723860921615","121.5","9"
"28.96672773430754","123","9"
"10.429607448602718","124.5","9"
"7.208144405933127","126","9"
"26.816877864361153","127.5","9"
"23.812545419430773","129","9"
"13.250788943480227","130.5","9"
"11.73909383623525","132","9"
"22.78534766974379","133.5","9"
"22.64674412536054","135","9"
"14.012780876728957","136.5","9"
"20.453985525212694","138","9"
"15.581632740375193","139.5","9"
"18.15584641505369","141","9"
"21.17467691269071","142.5","9"
"23.07733332876118","144","9"
"7.912982631884338","145.5","9"
"9.592985652166464","147","9"
"29.903919426222682","148.5","9"
"20.767116283094136","150","9"
"3.747351547938064","151.5","9"
"18.604845235675615","153","9"
"32.1471014905371","154.5","9"
"23.31045211976434","156","9"
"7.061197642539455","157.5","9"
"21.39390050235563","159","9"
"26.009140663258467","160.5","9"
"9.813506417680454","162","9"
"17.72940399274208","163.5","9"
"22.338108617567208","165","9"
"7.7097258917571665","166.5","9"
"11.11222424206898","168","9"
"31.379811086157396","169.5","9"
"25.332771047773175","171","9"
"3.5462167662221518","172.5","9"
"16.94299483672796","174","9"
"29.071592510200063","175.5","9"
"21.843244307286646","177","9"
"13.44708414417832","178.5","9"
"21.892476007476375","180","9"
"12.462412679966311","181.5","9"
"13.043970850182477","183","9"
"21.95187951774919","184.5","9"
"32.761567330681196","186","9"
"11.878857782385428","187.5","9"
"7.22207706768876","189","9"
"23.866831662452128","190.5","9"
"31.56973017534486","192","9"
"10.582330085656107","193.5","9"
"4.5913587092235275","195","9"
"24.58800045245888","196.5","9"
"26.60381172190994","198","9"
"17.6658293085503","199.5","9"
"16.663881622536508","201","9"
"20.971092611704403","202.5","9"
"6.780269340449056","204","9"
"8.501093761628166","205.5","9"
"27.590864100558147","207","9"
"19.45761508552914","208.5","9"
"10.716265887796705","210","9"
"17.63587839807955","211.5","9"
"29.494618193975715","213","9"
"17.33962747851345","214.5","9"
"3.3824219623093112","216","9"
"19.0662565220447","217.5","9"
"24.40680179997334","219","9"
"16.88947348315958","220.5","9"
"17.83760361695578","222","9"
"23.794592296598278","223.5","9"
"5.495741173702984","225","9"
"8.256276866325964","226.5","9"
"31.686491682865903","228","9"
"28.996626374428427","229.5","9"
"0.37943164028405113","231","9"
"8.084835345814607","232.5","9"
"31.605068416541354","234","9"
"30.04395517819214","235.5","9"
"11.14359516371097","237","9"
"13.893643681806699","238.5","9"
"23.693544998590653","240","9"
"14.42440813954477","241.5","9"
"14.998853186317259","243","9"
"25.913276841612127","244.5","9"
"11.063666829392465","246","9"
"6.6023214681386655","247.5","9"
"26.067225218369774","249","9"
"27.601114316166022","250.5","9"
"8.322032095279472","252","9"
"16.25145462336781","253.5","9"
"28.468831743735","255","9"
"19.825316088666188","256.5","9"
"12.81095834222404","258","9"
"20.892861321411406","259.5","9"
"20.946924544273354","261","9"
"10.807013313364083","262.5","9"
"17.73400204118491","264","9"
"26.702100887789857","265.5","9"
"6.006858078100542","267","9"
"5.402230824559168","268.5","9"
"28.700026985863243","270","9"
"30.326183705235348","271.5","9"
"9.20555694781912","273","9"
"5.834369843833206","274.5","9"
"31.291146634032007","276","9"
"21.73725746121709","277.5","9"
"12.802946168762741","279","9"
"16.72271190130584","280.5","9"
"24.362987050374276","282","9"
"8.788491826272695","283.5","9"
"15.296088530805758","285","9"
"30.12488013384801","286.5","9"
"17.63828631886318","288","9"
"3.0319253092429936","289.5","9"
"21.54452971189706","291","9"
"31.18849812097362","292.5","9"
"11.539170202084259","294","9"
"6.0468531718834635","295.5","9"
"21.787579869373936","297","9"
"19.340127020145022","298.5","9"
"14.088500576711098","300","9"
"7.433554627090429","1.5","10"
"8.031331415696181","3","10"
"29.257631397082793","4.5","10"
"28.4172443931115","6","10"
"11.116053045196349","7.5","10"
"14.791616930220616","9","10"
"29.317226565305102","10.5","10"
"8.156411749397712","12","10"
"7.580231327009815","13.5","10"
"26.537907522459324","15","10"
"18.36685136337536","16.5","10"
"8.493990221081962","18","10"
"18.596346076788105","19.5","10"
"26.39528438817171","21","10"
"11.572114461257087","22.5","10"
"15.383857417603517","24","10"
"30.622748246900624","25.5","10"
"13.291929193511367","27","10"
"5.602536032264149","28.5","10"
"23.47492251794914","30","10"
"33.85926558591663","31.5","10"
"9.145480892378083","33","10"
"11.369818624394872","34.5","10"
"35.1835906547024","36","10"
"15.87742542320751","37.5","10"
"8.4736056558084","39","10"
"16.247689415832774","40.5","10"
"26.97536330748679","42","10"
"12.890091296052152","43.5","10"
"14.343629540868514","45","10"
"33.23130354143825","46.5","10"
"10.506894387908213","48","10"
"4.90428779067175","49.5","10"
"26.51342234823911","51","10"
"29.473023570102853","52.5","10"
"8.952265286459342","54","10"
"9.028905815771548","55.5","10"
"30.91949747713541","57","10"
"20.366000587635508","58.5","10"
"9.39923775985163","60","10"
"21.674688110087654","61.5","10"
"25.04199980321757","63","10"
"11.213804697645193","64.5","10"
"22.028723901425856","66","10"
"32.17348756314728","67.5","10"
"11.775179543434765","69","10"
"8.385069266040173","70.5","10"
"26.60564815353508","72","10"
"23.653141760492563","73.5","10"
"12.070615045543027","75","10"
"16.50747131230038","76.5","10"
"30.259187055472626","78","10"
"14.938038376598177","79.5","10"
"15.869259052214119","81","10"
"24.93274257559167","82.5","10"
"22.952236442782194","84","10"
"12.489742232391496","85.5","10"
"20.526007097942124","87","10"
"25.21616983599171","88.5","10"
"15.630122201596887","90","10"
"13.327912102356155","91.5","10"
"29.404354269144555","93","10"
"20.90078202176045","94.5","10"
"25.17923560677944","96","10"
"18.242888743988374","97.5","10"
"20.483260405825234","99","10"
"16.32974515339065","100.5","10"
"17.01693473129731","102","10"
"25.26212592759011","103.5","10"
"15.574809717373247","105","10"
"13.89252074045717","106.5","10"
"20.445493335705166","108","10"
"32.253070913156705","109.5","10"
"14.14641612435785","111","10"
"8.918115324549705","112.5","10"
"27.140575944639632","114","10"
"23.135067672528415","115.5","10"
"8.246815933000999","117","10"
"19.344373114898787","118.5","10"
"25.37448801399779","120","10"
"17.35362547820641","121.5","10"
"12.965946027771436","123","10"
"25.193038463832917","124.5","10"
"18.757589652041446","126","10"
"8.358032427574214","127.5","10"
"21.825765102292895","129","10"
"30.279694456068363","130.5","10"
"18.29981986671273","132","10"
"9.865130357548855","133.5","10"
"19.97324466346476","135","10"
"19.41229494985406","136.5","10"
"16.119404038512222","138","10"
"18.596312972233193","139.5","10"
"27.111248793677234","141","10"
"24.778761094279115","142.5","10"
"11.202939434253942","144","10"
"16.848848967247072","145.5","10"
"27.843486701439694","147","10"
"15.778277281244861","148.5","10"
"9.28600885680874","150","10"
"24.548140825999347","151.5","10"
"27.37555207540787","153","10"
"18.86383784986031","154.5","10"
"13.695229789594213","156","10"
"19.33331445121305","157.5","10"
"18.98929888594333","159","10"
"19.56920879779386","160.5","10"
"18.340278859850674","162","10"
"19.361932467762326","163.5","10"
"12.111583674592122","165","10"
"18.921755139852056","166.5","10"
"29.753203099431484","168","10"
"18.266279725551477","169.5","10"
"9.579904997113575","171","10"
"18.759811141910568","172.5","10"
"35.84696063417709","174","10"
"14.014861236653452","175.5","10"
"8.700492949935546","177","10"
"21.433469157200932","178.5","10"
"29.10441132053322","180","10"
"14.850306079045321","181.5","10"
"14.351730573924579","183","10"
"23.57224816704661","184.5","10"
"29.28401050031299","186","10"
"13.26630104097418","187.5","10"
"17.31552213550223","189","10"
"17.498072847704194","190.5","10"
"16.427851373046057","192","10"
"15.958589080127748","193.5","10"
"25.057346377936966","195","10"
"20.96861499712096","196.5","10"
"8.542342037049021","198","10"
"15.722971766401203","199.5","10"
"30.017764248221443","201","10"
"24.119971739797307","202.5","10"
"5.623301299919204","204","10"
"14.16096209155186","205.5","10"
"31.083751824540784","207","10"
"21.187746242501127","208.5","10"
"11.162708688310396","210","10"
"22.40844708503109","211.5","10"
"28.275877489565566","213","10"
"9.46185589664094","214.5","10"
"8.211798283283656","216","10"
"28.87684538303037","217.5","10"
"25.252396673135852","219","10"
"6.648802005580675","220.5","10"
"12.40570980443635","222","10"
"28.60290693347523","223.5","10"
"19.578443226269425","225","10"
"11.088994427417946","226.5","10"
"21.130273250483203","228","10"
"19.855862881125358","229.5","10"
"16.810573132388352","231","10"
"16.78410865425338","232.5","10"
"21.567305645676793","234","10"
"19.41922599824572","235.5","10"
"7.842645906765453","237","10"
"17.602317348778357","238.5","10"
"24.200363537884584","240","10"
"11.937892786691718","241.5","10"
"10.49891009196684","243","10"
"22.657396822662356","244.5","10"
"25.194301663954572","246","10"
"13.532677713249335","247.5","10"
"11.257876443131076","249","10"
"19.524123878693157","250.5","10"
"22.374190840076732","252","10"
"13.584970713595965","253.5","10"
"17.625088055523104","255","10"
"19.07974401465401","256.5","10"
"12.120496640416038","258","10"
"14.177275667743695","259.5","10"
"21.55224307319165","261","10"
"20.595230464608953","262.5","10"
"12.075401267245363","264","10"
"13.861355415524637","265.5","10"
"33.640590834925256","267","10"
"21.256053135700384","268.5","10"
"9.89304882258248","270","10"
"16.353836557641902","271.5","10"
"23.46932610582395","273","10"
"15.420260231592193","274.5","10"
"15.594576621345944","276","10"
"25.686170883188062","277.5","10"
"15.237244313276463","279","10"
"7.698736921871244","280.5","10"
"24.819988461560026","282","10"
"29.72340551532033","283.5","10"
"15.960718225712114","285","10"
"1.4068916401169793","286.5","10"
"20.257504764772595","288","10"
"30.45412061355682","289.5","10"
"15.951525613516438","291","10"
"11.766758790072048","292.5","10"
"21.39635023941915","294","10"
"20.115749318292686","295.5","10"
"12.5777585321786","297","10"
"14.01824835532449","298.5","10"
"27.922380082830937","300","10"
"33.10087159508338","1.5","11"
"19.52154869278997","3","11"
"2.5093069677377438","4.5","11"
"19.375106338272467","6","11"
"33.06500716569828","7.5","11"
"20.17281460158169","9","11"
"6.563503763986379","10.5","11"
"16.76599523568131","12","11"
"18.156344725722374","13.5","11"
"19.634773239970375","15","11"
"24.441342047161942","16.5","11"
"17.383025807658615","18","11"
"6.822331726569007","19.5","11"
"19.253926243843114","21","11"
"29.797329728784725","22.5","11"
"12.598338240091644","24","11"
"5.0717044942437575","25.5","11"
"18.3132097880023","27","11"
"33.06363071315192","28.5","11"
"18.404449426030876","30","11"
"8.70120905372865","31.5","11"
"24.545175354817196","33","11"
"16.68211874760325","34.5","11"
"10.164202133662496","36","11"
"17.786761989990307","37.5","11"
"25.77487018221336","39","11"
"9.947110303099432","40.5","11"
"11.297636755925868","42","11"
"25.569754359976105","43.5","11"
"25.208057477693174","45","11"
"12.649986572789981","46.5","11"
"23.907870856473536","48","11"
"19.114995138600733","49.5","11"
"8.38143473437979","51","11"
"20.016629053849964","52.5","11"
"32.60695512048031","54","11"
"9.446464020951668","55.5","11"
"5.962700522123636","57","11"
"23.444199748645435","58.5","11"
"32.437762967358","60","11"
"6.979813143391053","61.5","11"
"7.270451534140759","63","11"
"28.130977110368978","64.5","11"
"23.90540543830506","66","11"
"16.280567465895775","67.5","11"
"17.416998050378723","69","11"
"24.049931213327636","70.5","11"
"9.411651967943781","72","11"
"16.92634673029701","73.5","11"
"29.092687081059243","75","11"
"16.76593076891648","76.5","11"
"8.973653442450248","78","11"
"22.768596764958115","79.5","11"
"26.06738899879934","81","11"
"12.075932682468958","82.5","11"
"12.4063710243621","84","11"
"29.735009532989626","85.5","11"
"15.843252810812933","87","11"
"6.530826083597846","88.5","11"
"17.846066186598385","90","11"
"25.69126201526459","91.5","11"
"11.109375508001518","93","11"
"14.562943732473197","94.5","11"
"31.706270783253565","96","11"
"15.449496780614831","97.5","11"
"2.6159643988373977","99","11"
"22.384552565764317","100.5","11"
"36.07349684578766","102","11"
"13.204811943741884","103.5","11"
"6.176461860228012","105","11"
"19.832313346167673","106.5","11"
"23.288482891717468","108","11"
"15.360140617526273","109.5","11"
"16.257052777838","111","11"
"21.12462108331816","112.5","11"
"14.04023152213132","114","11"
"13.707129134740226","115.5","11"
"32.02638834456652","117","11"
"22.976268607303606","118.5","11"
"2.1930367219677365","120","11"
"13.09718555103167","121.5","11"
"33.25398190389824","123","11"
"23.546956287093536","124.5","11"
"0.6311836403748554","126","11"
"17.13415099086215","127.5","11"
"35.12963371488517","129","11"
"18.970239374038766","130.5","11"
"5.4395884436053175","132","11"
"16.986185826818673","133.5","11"
"17.65378970463216","135","11"
"13.244605361091589","136.5","11"
"22.392337363203715","138","11"
"20.038721988391504","139.5","11"
"15.999117767065506","141","11"
"13.038869264035977","142.5","11"
"24.434038136941272","144","11"
"16.74842194405781","145.5","11"
"3.7777328176226734","147","11"
"22.685337067008422","148.5","11"
"31.207423472313543","150","11"
"7.300128025274733","151.5","11"
"8.09147455141954","153","11"
"31.09236597819799","154.5","11"
"25.30784506026913","156","11"
"5.423111086983917","157.5","11"
"6.154129788835854","159","11"
"28.498956888705283","160.5","11"
"27.471130152474966","162","11"
"7.938417384127037","163.5","11"
"18.959363656577544","165","11"
"25.77412445855533","166.5","11"
"15.743148121447815","168","11"
"9.186513988192008","169.5","11"
"23.10158502875201","171","11"
"24.947294640993167","172.5","11"
"15.025195700302554","174","11"
"16.356430909340038","175.5","11"
"19.73692692705007","177","11"
"13.77735347860691","178.5","11"
"14.936351786642641","180","11"
"27.78306217699958","181.5","11"
"15.896324639372502","183","11"
"1.462587222446481","184.5","11"
"18.919375096588354","186","11"
"34.576463571678886","187.5","11"
"13.234579907988117","189","11"
"7.691844205069482","190.5","11"
"21.21128532338884","192","11"
"23.473382284973216","193.5","11"
"12.99484804655496","195","11"
"19.041689457609703","196.5","11"
"27.854571500300363","198","11"
"6.513231883834401","199.5","11"
"2.6187863443505557","201","11"
"27.465958872528653","202.5","11"
"38.61249424341934","204","11"
"12.358321505251741","205.5","11"
"4.389920541685293","207","11"
"22.797571962231444","208.5","11"
"28.11161268809022","210","11"
"15.32686531280432","211.5","11"
"14.997199700916633","213","11"
"19.135950321860285","214.5","11"
"15.65248694195771","216","11"
"21.63829575016895","217.5","11"
"33.01100492491117","219","11"
"24.89896896020104","220.5","11"
"2.159062736902633","222","11"
"4.16273399980519","223.5","11"
"38.53326633178898","225","11"
"31.29316775422666","226.5","11"
"1.1310078623744821","228","11"
"10.80614911024637","229.5","11"
"27.225013467806207","231","11"
"23.86133979102666","232.5","11"
"19.162172614040898","234","11"
"25.24707206682994","235.5","11"
"5.794876980995205","237","11"
"11.458968319601476","238.5","11"
"27.46085728638215","240","11"
"30.537972708804944","241.5","11"
"3.5370840471356924","243","11"
"3.835860060186366","244.5","11"
"30.62909038268384","246","11"
"26.697325120157497","247.5","11"
"5.361885519432174","249","11"
"14.09632631925789","250.5","11"
"30.386984576194465","252","11"
"22.816542614541248","253.5","11"
"14.06573422582884","255","11"
"20.1486238836657","256.5","11"
"21.829469327753095","258","11"
"21.8366477891341","259.5","11"
"19.523440879454967","261","11"
"22.398529657317333","262.5","11"
"14.38129468380635","264","11"
"16.05213558293022","265.5","11"
"27.94951362144414","267","11"
"18.573667714328113","268.5","11"
"11.908362652537356","270","11"
"15.328935218658843","271.5","11"
"31.11735817481186","273","11"
"19.93064258598249","274.5","11"
"10.160879481756288","276","11"
"17.962170830056166","277.5","11"
"24.366304475245496","279","11"
"20.757615275834276","280.5","11"
"16.557258820543638","282","11"
"19.097792966461252","283.5","11"
"18.183720450289936","285","11"
"19.60140036392868","286.5","11"
"27.594125770389514","288","11"
"18.36072527837157","289.5","11"
"7.686212946044383","291","11"
"21.736999594157773","292.5","11"
"31.54844220419119","294","11"
"22.794400894339834","295.5","11"
"4.7178708149250195","297","11"
"14.517190624066762","298.5","11"
"26.176299499771158","300","11"
"8.51935702186984","1.5","12"
"6.382760299130886","3","12"
"32.57075964554608","4.5","12"
"24.569052450634015","6","12"
"5.224652764974048","7.5","12"
"22.11396290329031","9","12"
"31.91756147615448","10.5","12"
"10.312872947429105","12","12"
"6.172736726627869","13.5","12"
"27.533678595464462","15","12"
"19.15406199808736","16.5","12"
"10.446064768256672","18","12"
"22.150883193742615","19.5","12"
"14.634500970261353","21","12"
"4.480546438689243","22.5","12"
"29.561377884819063","24","12"
"33.3424721215241","25.5","12"
"8.895849026681123","27","12"
"5.627526486533023","28.5","12"
"33.474277035735334","30","12"
"28.23532789448786","31.5","12"
"7.932920285666582","33","12"
"15.963880581878746","34.5","12"
"23.36886249338978","36","12"
"11.698910133606578","37.5","12"
"15.096710250638324","39","12"
"27.868339510453932","40.5","12"
"14.83975443775324","42","12"
"4.854412294006224","43.5","12"
"26.823653844048224","45","12"
"25.48987481131747","46.5","12"
"14.48993599247638","48","12"
"15.345154708220926","49.5","12"
"30.12417971115986","51","12"
"11.658204598651787","52.5","12"
"8.595784985092608","54","12"
"27.226222655233006","55.5","12"
"25.781457988640927","57","12"
"9.003125208047265","58.5","12"
"11.081031910789015","60","12"
"26.4085924192465","61.5","12"
"14.673613130717861","63","12"
"12.034839475752692","64.5","12"
"27.333091127870226","66","12"
"21.697242766052973","67.5","12"
"8.825517528597224","69","12"
"18.707427539624177","70.5","12"
"27.460825924172234","72","12"
"10.229984368963432","73.5","12"
"12.747085717038052","75","12"
"28.09427984007608","76.5","12"
"28.163139056638876","78","12"
"4.967810640099916","79.5","12"
"15.205875133979468","81","12"
"30.82734485032925","82.5","12"
"22.167519103758597","84","12"
"16.425718742771696","85.5","12"
"16.92465317096149","87","12"
"19.709275911973236","88.5","12"
"15.986813326708065","90","12"
"24.168002964285215","91.5","12"
"18.63646182796196","93","12"
"6.790412837425966","94.5","12"
"12.626864783528662","96","12"
"34.113972031412665","97.5","12"
"24.15998817730642","99","12"
"5.892968390718151","100.5","12"
"13.401406827779184","102","12"
"27.097885007562592","103.5","12"
"18.036805920278677","105","12"
"12.035884882749926","106.5","12"
"20.80195447127695","108","12"
"30.46686760954309","109.5","12"
"13.593840991967493","111","12"
"15.949964472400568","112.5","12"
"27.121425830795303","114","12"
"14.879730801327462","115.5","12"
"10.008248317815157","117","12"
"25.25175897486754","118.5","12"
"27.84863881559106","120","12"
"12.58367640695544","121.5","12"
"13.279788533583492","123","12"
"23.419779041190054","124.5","12"
"18.60026286833774","126","12"
"10.147034808422921","127.5","12"
"16.996329759381833","129","12"
"26.61307054321544","130.5","12"
"14.02921119003548","132","12"
"9.411920289073072","133.5","12"
"25.389507027858052","135","12"
"31.827921310831673","136.5","12"
"13.84444595734438","138","12"
"5.1612418612118365","139.5","12"
"24.95751175204613","141","12"
"25.195808792375587","142.5","12"
"17.380511603830268","144","12"
"18.90797493328352","145.5","12"
"21.166083667173446","147","12"
"16.125585878555864","148.5","12"
"14.493634119729094","150","12"
"23.92724050578728","151.5","12"
"29.353456887139235","153","12"
"7.862449399983052","154.5","12"
"14.394993000160104","156","12"
"25.217152518569108","157.5","12"
"26.18082262737919","159","12"
"9.44063936163208","160.5","12"
"13.744161806444737","162","12"
"19.453102411991082","163.5","12"
"15.965816327168623","165","12"
"18.294197319412607","166.5","12"
"22.911451631130113","168","12"
"17.027843553313446","169.5","12"
"9.85655714899904","171","12"
"19.19386412716204","172.5","12"
"30.785197524890773","174","12"
"20.952498305913604","175.5","12"
"1.2104396283693015","177","12"
"11.537481869783726","178.5","12"
"30.35950779561717","180","12"
"24.692424415067567","181.5","12"
"7.5079849917759836","183","12"
"12.766138259562638","184.5","12"
"25.394146892580775","186","12"
"18.22812062780745","187.5","12"
"11.73153902833524","189","12"
"17.398278295748256","190.5","12"
"17.571286184410468","192","12"
"10.429786038964746","193.5","12"
"19.898569499307357","195","12"
"31.147263784312727","196.5","12"
"14.757703927230352","198","12"
"2.7524425001193946","199.5","12"
"21.892462068716412","201","12"
"37.8799845298376","202.5","12"
"14.663894330333576","204","12"
"-0.12838584801126096","205.5","12"
"24.99517950850146","207","12"
"37.279460934346616","208.5","12"
"14.94247438695644","210","12"
"2.837405122508954","211.5","12"
"21.585633372683297","213","12"
"24.975855160157593","214.5","12"
"11.912085172620007","216","12"
"21.86723988256315","217.5","12"
"25.857905117658646","219","12"
"12.717840456290435","220.5","12"
"5.953317123150965","222","12"
"26.97341013874696","223.5","12"
"22.429965045724153","225","12"
"9.083737412776461","226.5","12"
"10.987981105137733","228","12"
"31.52242899341002","229.5","12"
"24.978383302745904","231","12"
"5.651440171594746","232.5","12"
"12.318789439651345","234","12"
"30.552643253666126","235.5","12"
"18.993349838057615","237","12"
"8.32164790820799","238.5","12"
"17.706650709447285","240","12"
"27.89657421110422","241.5","12"
"18.56165076089491","243","12"
"11.681061551473807","244.5","12"
"23.409744876361604","246","12"
"20.441109595696766","247.5","12"
"9.923445773372048","249","12"
"19.692504099047614","250.5","12"
"26.240104173502328","252","12"
"11.713848128424551","253.5","12"
"10.355150948742235","255","12"
"23.020529397221487","256.5","12"
"24.978787526784835","258","12"
"9.426744160293847","259.5","12"
"12.552420480083146","261","12"
"23.932697530312844","262.5","12"
"22.07798347913551","264","12"
"11.77309918351027","265.5","12"
"18.83422843900866","267","12"
"21.467744567950238","268.5","12"
"9.231498722455477","270","12"
"16.346954294910113","271.5","12"
"30.590385930956256","273","12"
"17.15625089478367","274.5","12"
"4.969741593941056","276","12"
"12.63348308099365","277.5","12"
"25.7405773480141","279","12"
"23.20104330812384","280.5","12"
"11.024234948629303","282","12"
"18.092585352961084","283.5","12"
"24.210125896893754","285","12"
"9.319943639111447","286.5","12"
"11.103779095876325","288","12"
"29.159105272283497","289.5","12"
"22.26974945401809","291","12"
"5.440344621333317","292.5","12"
"8.264885792948185","294","12"
"28.836598955981867","295.5","12"
"16.96805846948664","297","12"
"4.606869064372486","298.5","12"
"23.261122848254864","300","12"
"8.51935702186984","1.5","13"
"6.382760299130886","3","13"
"32.57075964554608","4.5","13"
"24.569052450634015","6","13"
"5.224652764974048","7.5","13"
"22.11396290329031","9","13"
"31.91756147615448","10.5","13"
"10.312872947429105","12","13"
"6.172736726627869","13.5","13"
"27.533678595464462","15","13"
"19.15406199808736","16.5","13"
"10.446064768256672","18","13"
"22.150883193742615","19.5","13"
"14.634500970261353","21","13"
"4.480546438689243","22.5","13"
"29.561377884819063","24","13"
"33.3424721215241","25.5","13"
"8.895849026681123","27","13"
"5.627526486533023","28.5","13"
"33.474277035735334","30","13"
"28.23532789448786","31.5","13"
"7.932920285666582","33","13"
"15.963880581878746","34.5","13"
"23.36886249338978","36","13"
"11.698910133606578","37.5","13"
"15.096710250638324","39","13"
"27.868339510453932","40.5","13"
"14.83975443775324","42","13"
"4.854412294006224","43.5","13"
"26.823653844048224","45","13"
"25.48987481131747","46.5","13"
"14.48993599247638","48","13"
"15.345154708220926","49.5","13"
"30.12417971115986","51","13"
"11.658204598651787","52.5","13"
"8.595784985092608","54","13"
"27.226222655233006","55.5","13"
"25.781457988640927","57","13"
"9.003125208047265","58.5","13"
"11.081031910789015","60","13"
"26.4085924192465","61.5","13"
"14.673613130717861","63","13"
"12.034839475752692","64.5","13"
"27.333091127870226","66","13"
"21.697242766052973","67.5","13"
"8.825517528597224","69","13"
"18.707427539624177","70.5","13"
"27.460825924172234","72","13"
"10.229984368963432","73.5","13"
"12.747085717038052","75","13"
"28.09427984007608","76.5","13"
"28.163139056638876","78","13"
"4.967810640099916","79.5","13"
"15.205875133979468","81","13"
"30.82734485032925","82.5","13"
"22.167519103758597","84","13"
"16.425718742771696","85.5","13"
"16.92465317096149","87","13"
"19.709275911973236","88.5","13"
"15.986813326708065","90","13"
"24.168002964285215","91.5","13"
"18.63646182796196","93","13"
"6.790412837425966","94.5","13"
"12.626864783528662","96","13"
"34.113972031412665","97.5","13"
"24.15998817730642","99","13"
"5.892968390718151","100.5","13"
"13.401406827779184","102","13"
"27.097885007562592","103.5","13"
"18.036805920278677","105","13"
"12.035884882749926","106.5","13"
"20.80195447127695","108","13"
"30.46686760954309","109.5","13"
"13.593840991967493","111","13"
"15.949964472400568","112.5","13"
"27.121425830795303","114","13"
"14.879730801327462","115.5","13"
"10.008248317815157","117","13"
"25.25175897486754","118.5","13"
"27.84863881559106","120","13"
"12.58367640695544","121.5","13"
"13.279788533583492","123","13"
"23.419779041190054","124.5","13"
"18.60026286833774","126","13"
"10.147034808422921","127.5","13"
"16.996329759381833","129","13"
"26.61307054321544","130.5","13"
"14.02921119003548","132","13"
"9.411920289073072","133.5","13"
"25.389507027858052","135","13"
"31.827921310831673","136.5","13"
"13.84444595734438","138","13"
"5.1612418612118365","139.5","13"
"24.95751175204613","141","13"
"25.195808792375587","142.5","13"
"17.380511603830268","144","13"
"18.90797493328352","145.5","13"
"21.166083667173446","147","13"
"16.125585878555864","148.5","13"
"14.493634119729094","150","13"
"23.92724050578728","151.5","13"
"29.353456887139235","153","13"
"7.862449399983052","154.5","13"
"14.394993000160104","156","13"
"25.217152518569108","157.5","13"
"26.18082262737919","159","13"
"9.44063936163208","160.5","13"
"13.744161806444737","162","13"
"19.453102411991082","163.5","13"
"15.965816327168623","165","13"
"18.294197319412607","166.5","13"
"22.911451631130113","168","13"
"17.027843553313446","169.5","13"
"9.85655714899904","171","13"
"19.19386412716204","172.5","13"
"30.785197524890773","174","13"
"20.952498305913604","175.5","13"
"1.2104396283693015","177","13"
"11.537481869783726","178.5","13"
"30.35950779561717","180","13"
"24.692424415067567","181.5","13"
"7.5079849917759836","183","13"
"12.766138259562638","184.5","13"
"25.394146892580775","186","13"
"18.22812062780745","187.5","13"
"11.73153902833524","189","13"
"17.398278295748256","190.5","13"
"17.571286184410468","192","13"
"10.429786038964746","193.5","13"
"19.898569499307357","195","13"
"31.147263784312727","196.5","13"
"14.757703927230352","198","13"
"2.7524425001193946","199.5","13"
"21.892462068716412","201","13"
"37.8799845298376","202.5","13"
"14.663894330333576","204","13"
"-0.12838584801126096","205.5","13"
"24.99517950850146","207","13"
"37.279460934346616","208.5","13"
"14.94247438695644","210","13"
"2.837405122508954","211.5","13"
"21.585633372683297","213","13"
"24.975855160157593","214.5","13"
"11.912085172620007","216","13"
"21.86723988256315","217.5","13"
"25.857905117658646","219","13"
"12.717840456290435","220.5","13"
"5.953317123150965","222","13"
"26.97341013874696","223.5","13"
"22.429965045724153","225","13"
"9.083737412776461","226.5","13"
"10.987981105137733","228","13"
"31.52242899341002","229.5","13"
"24.978383302745904","231","13"
"5.651440171594746","232.5","13"
"12.318789439651345","234","13"
"30.552643253666126","235.5","13"
"18.993349838057615","237","13"
"8.32164790820799","238.5","13"
"17.706650709447285","240","13"
"27.89657421110422","241.5","13"
"18.56165076089491","243","13"
"11.681061551473807","244.5","13"
"23.409744876361604","246","13"
"20.441109595696766","247.5","13"
"9.923445773372048","249","13"
"19.692504099047614","250.5","13"
"26.240104173502328","252","13"
"11.713848128424551","253.5","13"
"10.355150948742235","255","13"
"23.020529397221487","256.5","13"
"24.978787526784835","258","13"
"9.426744160293847","259.5","13"
"12.552420480083146","261","13"
"23.932697530312844","262.5","13"
"22.07798347913551","264","13"
"11.77309918351027","265.5","13"
"18.83422843900866","267","13"
"21.467744567950238","268.5","13"
"9.231498722455477","270","13"
"16.346954294910113","271.5","13"
"30.590385930956256","273","13"
"17.15625089478367","274.5","13"
"4.969741593941056","276","13"
"12.63348308099365","277.5","13"
"25.7405773480141","279","13"
"23.20104330812384","280.5","13"
"11.024234948629303","282","13"
"18.092585352961084","283.5","13"
"24.210125896893754","285","13"
"9.319943639111447","286.5","13"
"11.103779095876325","288","13"
"29.159105272283497","289.5","13"
"22.26974945401809","291","13"
"5.440344621333317","292.5","13"
"8.264885792948185","294","13"
"28.836598955981867","295.5","13"
"16.96805846948664","297","13"
"4.606869064372486","298.5","13"
"23.261122848254864","300","13"
"26.860288389921287","1.5","14"
"30.609067353996824","3","14"
"8.752230142228646","4.5","14"
"11.282371200248761","6","14"
"24.802085866732398","7.5","14"
"14.19782488461932","9","14"
"10.29078872461254","10.5","14"
"24.553765115644467","12","14"
"15.180740065075977","13.5","14"
"13.682221441858633","15","14"
"29.760405953642426","16.5","14"
"20.321680557987783","18","14"
"1.479852554592046","19.5","14"
"16.25760335885654","21","14"
"33.854010673410535","22.5","14"
"12.928726053979922","24","14"
"4.873072808906847","25.5","14"
"26.91856983001707","27","14"
"19.432202983771386","28.5","14"
"12.237989932835145","30","14"
"17.533672440649994","31.5","14"
"21.493017282108365","33","14"
"10.840901052351915","34.5","14"
"18.66915518945545","36","14"
"26.27976865732237","37.5","14"
"6.705751422927484","39","14"
"11.256525254587151","40.5","14"
"33.15774870511288","42","14"
"22.51612052105618","43.5","14"
"3.5787280526636254","45","14"
"14.515456119623853","46.5","14"
"36.23253461227684","48","14"
"19.943527227223395","49.5","14"
"5.483633618330022","51","14"
"25.74842312752834","52.5","14"
"26.013658563831513","54","14"
"12.150149609892575","55.5","14"
"20.75412535880851","57","14"
"26.336137002613217","58.5","14"
"6.2441724358525965","60","14"
"11.357273740428067","61.5","14"
"26.526770453248794","63","14"
"19.725678347759835","64.5","14"
"17.55277899586944","66","14"
"21.69450031503023","67.5","14"
"19.230308757430606","69","14"
"7.680207082845275","70.5","14"
"20.001981159473722","72","14"
"32.91982452661244","73.5","14"
"12.678999230480711","75","14"
"4.7640464419928366","76.5","14"
"24.10333757212632","78","14"
"30.804764059189","79.5","14"
"9.418718919245082","81","14"
"10.242393350020597","82.5","14"
"27.028203404161975","84","14"
"20.24009525357866","85.5","14"
"15.337457028031295","87","14"
"27.679896187477564","88.5","14"
"22.511027646634655","90","14"
"2.4006663124470875","91.5","14"
"14.810225174771377","93","14"
"31.629367159847057","94.5","14"
"14.376667886671093","96","14"
"10.137913632372056","97.5","14"
"23.058083901252118","99","14"
"24.408580734213633","100.5","14"
"13.258883878328808","102","14"
"15.156021416626382","103.5","14"
"24.535906079441723","105","14"
"10.178468454484745","106.5","14"
"7.842445537090983","108","14"
"30.417019119224992","109.5","14"
"26.599358288101723","111","14"
"3.6854429811481273","112.5","14"
"15.24253581502746","114","14"
"30.645684476419934","115.5","14"
"19.362385477461125","117","14"
"3.9147939510987526","118.5","14"
"22.093873665493465","120","14"
"28.481596163171222","121.5","14"
"12.359066357737271","123","14"
"8.482163183253258","124.5","14"
"28.608761212659736","126","14"
"19.201594911906586","127.5","14"
"10.840671062812524","129","14"
"20.49299662965947","130.5","14"
"28.156906688590368","132","14"
"15.947117480678102","133.5","14"
"10.842508365610161","135","14"
"24.71098735864845","136.5","14"
"12.942595991315722","138","14"
"7.3634008481960604","139.5","14"
"26.489287385362974","141","14"
"32.66492293847692","142.5","14"
"11.50606738951685","144","14"
"9.275506872349029","145.5","14"
"20.927328390110205","147","14"
"21.53584934913003","148.5","14"
"7.132464779885879","150","14"
"17.213962588065964","151.5","14"
"29.18713089153434","153","14"
"23.49849296104677","154.5","14"
"11.371382379028233","156","14"
"25.173851760743684","157.5","14"
"21.442013617058322","159","14"
"18.266166473126777","160.5","14"
"11.355811041804436","162","14"
"21.619795531007902","163.5","14"
"22.846686925306482","165","14"
"15.602467701830063","166.5","14"
"13.872379232310466","168","14"
"23.899775921624954","169.5","14"
"20.988770444027626","171","14"
"15.527593910343183","172.5","14"
"22.090341932187812","174","14"
"25.808176849145227","175.5","14"
"16.601085766557667","177","14"
"9.35456403416984","178.5","14"
"21.463907924270387","180","14"
"27.20160680513814","181.5","14"
"16.326023504480496","183","14"
"9.70394427968036","184.5","14"
"19.43166111447782","186","14"
"23.02629307446624","187.5","14"
"14.823815465735416","189","14"
"20.353560244368428","190.5","14"
"21.710190131713713","192","14"
"11.019038404680554","193.5","14"
"6.463359871858866","195","14"
"28.1697059549265","196.5","14"
"27.474694990335536","198","14"
"5.191687597661276","199.5","14"
"6.2085606464918275","201","14"
"29.769246612149033","202.5","14"
"23.912723287285697","204","14"
"4.116792282553004","205.5","14"
"12.947378728328065","207","14"
"26.330986630806848","208.5","14"
"13.97657843241475","210","14"
"7.326178260887053","211.5","14"
"23.40629154858074","213","14"
"16.478994425695728","214.5","14"
"7.899735582884391","216","14"
"13.52138731767921","217.5","14"
"31.34893673283909","219","14"
"22.316785799513628","220.5","14"
"5.391066313414959","222","14"
"13.183339284018702","223.5","14"
"29.238319245153892","225","14"
"16.30556140485464","226.5","14"
"15.758836195786303","228","14"
"23.030934681533953","229.5","14"
"16.21487931722459","231","14"
"6.609887601281145","232.5","14"
"18.338255997311027","234","14"
"28.56569915609868","235.5","14"
"12.660123535973158","237","14"
"8.152269324171174","238.5","14"
"18.491779241889795","240","14"
"30.40201752881469","241.5","14"
"16.814003809684277","243","14"
"6.837017516948897","244.5","14"
"18.889262148033033","246","14"
"18.67788433788235","247.5","14"
"15.05012865718658","249","14"
"16.831179846648826","250.5","14"
"24.378614142637925","252","14"
"15.138181546218588","253.5","14"
"9.712553206302582","255","14"
"20.442092278274167","256.5","14"
"22.630489788898554","258","14"
"13.10868589917374","259.5","14"
"12.032989976540085","261","14"
"22.90043304137927","262.5","14"
"28.256122782007836","264","14"
"10.038997222293794","265.5","14"
"13.367583555556182","267","14"
"24.31421010222834","268.5","14"
"18.096092693436802","270","14"
"10.150042095884963","271.5","14"
"19.853589120906374","273","14"
"27.267624257013455","274.5","14"
"20.52492684404498","276","14"
"7.4949653187979335","277.5","14"
"16.18074503641991","279","14"
"24.694325313457536","280.5","14"
"15.838022291136774","282","14"
"14.517486822715979","283.5","14"
"25.230256695279436","285","14"
"27.65134438003811","286.5","14"
"14.171864815360513","288","14"
"16.466879900942782","289.5","14"
"23.364330654056772","291","14"
"17.555897793411187","292.5","14"
"14.232356420082949","294","14"
"17.018384362333475","295.5","14"
"26.169438145179313","297","14"
"17.305125562914743","298.5","14"
"15.576996360342461","300","14"
"26.205933303452746","1.5","15"
"30.287928778516573","3","15"
"11.605908984787664","4.5","15"
"14.775684927582773","6","15"
"25.18081068665527","7.5","15"
"17.83962473715043","9","15"
"17.685880214757244","10.5","15"
"27.914187576662616","12","15"
"9.790797564183043","13.5","15"
"8.591534534476354","15","15"
"28.54527713040772","16.5","15"
"28.57107080571947","18","15"
"8.938275127318862","19.5","15"
"10.010039448470417","21","15"
"25.283452230333676","22.5","15"
"19.296453400490584","24","15"
"16.86022473772197","25.5","15"
"22.499188412390982","27","15"
"18.231591379038267","28.5","15"
"12.730882779753426","30","15"
"25.22094386127908","31.5","15"
"29.787638805920366","33","15"
"9.30006348271405","34.5","15"
"8.500103238498287","36","15"
"31.394673288968068","37.5","15"
"28.733633336134318","39","15"
"9.837094284228039","40.5","15"
"17.074592411884744","42","15"
"25.151572395287637","43.5","15"
"13.571040665357824","45","15"
"17.226146806618726","46.5","15"
"27.965501379121836","48","15"
"15.498129114126149","49.5","15"
"10.493486171996192","51","15"
"29.38447759743715","52.5","15"
"24.87733252004829","54","15"
"0.8534286196066274","55.5","15"
"9.767342115855108","57","15"
"33.799189530475594","58.5","15"
"21.613676415384095","60","15"
"7.099678202935134","61.5","15"
"19.140879415852243","63","15"
"23.30511880173345","64.5","15"
"5.795113939914579","66","15"
"13.401965249350207","67.5","15"
"28.168533356744604","69","15"
"18.213131233812113","70.5","15"
"15.028772734578089","72","15"
"25.99335327525524","73.5","15"
"23.827928583395067","75","15"
"7.696836023481273","76.5","15"
"15.84885444997311","78","15"
"30.89136209014986","79.5","15"
"13.30119846888684","81","15"
"1.8315502278429983","82.5","15"
"23.994294652934855","84","15"
"32.06046164329636","85.5","15"
"8.518294191422653","87","15"
"7.925788867600453","88.5","15"
"22.316454753964507","90","15"
"17.5869951668889","91.5","15"
"15.771764395652095","93","15"
"21.72406790960199","94.5","15"
"19.357261240829686","96","15"
"8.302482984431201","97.5","15"
"16.91517481418657","99","15"
"28.81438057260066","100.5","15"
"11.127623087138234","102","15"
"15.215006764100304","103.5","15"
"28.05863843085039","105","15"
"25.57500230310222","106.5","15"
"7.295698984296453","108","15"
"10.772294475813451","109.5","15"
"26.59715247933756","111","15"
"23.319076727491517","112.5","15"
"9.314671303155398","114","15"
"14.52160572628508","115.5","15"
"21.42876482571338","117","15"
"20.020779319628982","118.5","15"
"19.27712905214672","120","15"
"22.346475358235068","121.5","15"
"11.691322221151657","123","15"
"13.222826048649218","124.5","15"
"25.880766426343154","126","15"
"27.00973977424583","127.5","15"
"10.145252389492637","129","15"
"6.365527200367736","130.5","15"
"20.609141347052145","132","15"
"28.383162382656682","133.5","15"
"14.889061058777774","135","15"
"15.80675416784951","136.5","15"
"21.855503446674206","138","15"
"12.217939026628201","139.5","15"
"14.958963939992808","141","15"
"27.180400724199252","142.5","15"
"16.44408131667811","144","15"
"9.902454872040092","145.5","15"
"20.04492822126508","147","15"
"28.429646404788684","148.5","15"
"14.970378042057606","150","15"
"10.961640333497431","151.5","15"
"24.12821651631549","153","15"
"28.434294981236384","154.5","15"
"11.619457459471814","156","15"
"16.918703062802237","157.5","15"
"29.91245691670009","159","15"
"16.89126112912485","160.5","15"
"11.387214196828841","162","15"
"20.78333925734621","163.5","15"
"22.26733107916449","165","15"
"8.430560151524801","166.5","15"
"15.505372042271983","168","15"
"25.440592583122875","169.5","15"
"21.549044127780114","171","15"
"8.807927684696267","172.5","15"
"14.198638559732167","174","15"
"32.19247215421705","175.5","15"
"16.639030555867265","177","15"
"7.463313879611685","178.5","15"
"30.580541681732303","180","15"
"33.07313694744677","181.5","15"
"10.402924306170824","183","15"
"5.335856191959798","184.5","15"
"25.367994294199974","186","15"
"26.192632241757938","187.5","15"
"10.380672818234702","189","15"
"16.96563486759805","190.5","15"
"24.14811409616284","192","15"
"14.427274297062185","193.5","15"
"12.955566007461401","195","15"
"27.030940628149732","196.5","15"
"25.09243023676413","198","15"
"5.749463194276623","199.5","15"
"12.637242190321203","201","15"
"30.150760926409525","202.5","15"
"20.481068535821034","204","15"
"5.133273739345842","205.5","15"
"17.89055696605566","207","15"
"30.889975183533526","208.5","15"
"16.842407517799117","210","15"
"4.983873754198662","211.5","15"
"23.39102337938614","213","15"
"27.150061270794534","214.5","15"
"12.23672934623098","216","15"
"10.80357131082569","217.5","15"
"21.900496021490152","219","15"
"15.834527147076022","220.5","15"
"13.361230965702992","222","15"
"27.090872068956152","223.5","15"
"30.57900144875638","225","15"
"3.888568609814396","226.5","15"
"0.615864670933984","228","15"
"29.279201628125715","229.5","15"
"33.15278650656601","231","15"
"7.151462002956861","232.5","15"
"3.6012121436566313","234","15"
"24.4692491869531","235.5","15"
"21.089045883202292","237","15"
"14.246427598265715","238.5","15"
"20.307977014599043","240","15"
"17.533184584051288","241.5","15"
"13.30935787050025","243","15"
"20.34280300636689","244.5","15"
"29.26963615410103","246","15"
"23.24251111901411","247.5","15"
"5.868799887700852","249","15"
"9.840817675483187","250.5","15"
"32.84542291061931","252","15"
"20.152793315239666","253.5","15"
"4.933386694439753","255","15"
"15.512918138447017","256.5","15"
"25.40293876542751","258","15"
"12.649556213576119","259.5","15"
"10.880589057829399","261","15"
"23.292418849062056","262.5","15"
"23.814218070626346","264","15"
"12.93439912928491","265.5","15"
"17.38789391957573","267","15"
"30.274028350143354","268.5","15"
"13.6649251830894","270","15"
"4.109805479121492","271.5","15"
"21.022361113193746","273","15"
"33.48053902364876","274.5","15"
"15.17134359851584","276","15"
"4.660108158051613","277.5","15"
"19.529249857669594","279","15"
"18.232763977220163","280.5","15"
"20.971200637094118","282","15"
"18.272973815023764","283.5","15"
"19.804503777696258","285","15"
"6.089165148924004","286.5","15"
"10.07421001465062","288","15"
"28.069294612842192","289.5","15"
"25.483510025049313","291","15"
"6.997128567955236","292.5","15"
"11.200592495545152","294","15"
"24.350436939372482","295.5","15"
"21.333244246031132","297","15"
"13.452787710520727","298.5","15"
"17.0806191832238","300","15"
"8.51935702186984","1.5","16"
"6.382760299130886","3","16"
"32.57075964554608","4.5","16"
"24.569052450634015","6","16"
"5.224652764974048","7.5","16"
"22.11396290329031","9","16"
"31.91756147615448","10.5","16"
"10.312872947429105","12","16"
"6.172736726627869","13.5","16"
"27.533678595464462","15","16"
"19.15406199808736","16.5","16"
"10.446064768256672","18","16"
"22.150883193742615","19.5","16"
"14.634500970261353","21","16"
"4.480546438689243","22.5","16"
"29.561377884819063","24","16"
"33.3424721215241","25.5","16"
"8.895849026681123","27","16"
"5.627526486533023","28.5","16"
"33.474277035735334","30","16"
"28.23532789448786","31.5","16"
"7.932920285666582","33","16"
"15.963880581878746","34.5","16"
"23.36886249338978","36","16"
"11.698910133606578","37.5","16"
"15.096710250638324","39","16"
"27.868339510453932","40.5","16"
"14.83975443775324","42","16"
"4.854412294006224","43.5","16"
"26.823653844048224","45","16"
"25.48987481131747","46.5","16"
"14.48993599247638","48","16"
"15.345154708220926","49.5","16"
"30.12417971115986","51","16"
"11.658204598651787","52.5","16"
"8.595784985092608","54","16"
"27.226222655233006","55.5","16"
"25.781457988640927","57","16"
"9.003125208047265","58.5","16"
"11.081031910789015","60","16"
"26.4085924192465","61.5","16"
"14.673613130717861","63","16"
"12.034839475752692","64.5","16"
"27.333091127870226","66","16"
"21.697242766052973","67.5","16"
"8.825517528597224","69","16"
"18.707427539624177","70.5","16"
"27.460825924172234","72","16"
"10.229984368963432","73.5","16"
"12.747085717038052","75","16"
"28.09427984007608","76.5","16"
"28.163139056638876","78","16"
"4.967810640099916","79.5","16"
"15.205875133979468","81","16"
"30.82734485032925","82.5","16"
"22.167519103758597","84","16"
"16.425718742771696","85.5","16"
"16.92465317096149","87","16"
"19.709275911973236","88.5","16"
"15.986813326708065","90","16"
"24.168002964285215","91.5","16"
"18.63646182796196","93","16"
"6.790412837425966","94.5","16"
"12.626864783528662","96","16"
"34.113972031412665","97.5","16"
"24.15998817730642","99","16"
"5.892968390718151","100.5","16"
"13.401406827779184","102","16"
"27.097885007562592","103.5","16"
"18.036805920278677","105","16"
"12.035884882749926","106.5","16"
"20.80195447127695","108","16"
"30.46686760954309","109.5","16"
"13.593840991967493","111","16"
"15.949964472400568","112.5","16"
"27.121425830795303","114","16"
"14.879730801327462","115.5","16"
"10.008248317815157","117","16"
"25.25175897486754","118.5","16"
"27.84863881559106","120","16"
"12.58367640695544","121.5","16"
"13.279788533583492","123","16"
"23.419779041190054","124.5","16"
"18.60026286833774","126","16"
"10.147034808422921","127.5","16"
"16.996329759381833","129","16"
"26.61307054321544","130.5","16"
"14.02921119003548","132","16"
"9.411920289073072","133.5","16"
"25.389507027858052","135","16"
"31.827921310831673","136.5","16"
"13.84444595734438","138","16"
"5.1612418612118365","139.5","16"
"24.95751175204613","141","16"
"25.195808792375587","142.5","16"
"17.380511603830268","144","16"
"18.90797493328352","145.5","16"
"21.166083667173446","147","16"
"16.125585878555864","148.5","16"
"14.493634119729094","150","16"
"23.92724050578728","151.5","16"
"29.353456887139235","153","16"
"7.862449399983052","154.5","16"
"14.394993000160104","156","16"
"25.217152518569108","157.5","16"
"26.18082262737919","159","16"
"9.44063936163208","160.5","16"
"13.744161806444737","162","16"
"19.453102411991082","163.5","16"
"15.965816327168623","165","16"
"18.294197319412607","166.5","16"
"22.911451631130113","168","16"
"17.027843553313446","169.5","16"
"9.85655714899904","171","16"
"19.19386412716204","172.5","16"
"30.785197524890773","174","16"
"20.952498305913604","175.5","16"
"1.2104396283693015","177","16"
"11.537481869783726","178.5","16"
"30.35950779561717","180","16"
"24.692424415067567","181.5","16"
"7.5079849917759836","183","16"
"12.766138259562638","184.5","16"
"25.394146892580775","186","16"
"18.22812062780745","187.5","16"
"11.73153902833524","189","16"
"17.398278295748256","190.5","16"
"17.571286184410468","192","16"
"10.429786038964746","193.5","16"
"19.898569499307357","195","16"
"31.147263784312727","196.5","16"
"14.757703927230352","198","16"
"2.7524425001193946","199.5","16"
"21.892462068716412","201","16"
"37.8799845298376","202.5","16"
"14.663894330333576","204","16"
"-0.12838584801126096","205.5","16"
"24.99517950850146","207","16"
"37.279460934346616","208.5","16"
"14.94247438695644","210","16"
"2.837405122508954","211.5","16"
"21.585633372683297","213","16"
"24.975855160157593","214.5","16"
"11.912085172620007","216","16"
"21.86723988256315","217.5","16"
"25.857905117658646","219","16"
"12.717840456290435","220.5","16"
"5.953317123150965","222","16"
"26.97341013874696","223.5","16"
"22.429965045724153","225","16"
"9.083737412776461","226.5","16"
"10.987981105137733","228","16"
"31.52242899341002","229.5","16"
"24.978383302745904","231","16"
"5.651440171594746","232.5","16"
"12.318789439651345","234","16"
"30.552643253666126","235.5","16"
"18.993349838057615","237","16"
"8.32164790820799","238.5","16"
"17.706650709447285","240","16"
"27.89657421110422","241.5","16"
"18.56165076089491","243","16"
"11.681061551473807","244.5","16"
"23.409744876361604","246","16"
"20.441109595696766","247.5","16"
"9.923445773372048","249","16"
"19.692504099047614","250.5","16"
"26.240104173502328","252","16"
"11.713848128424551","253.5","16"
"10.355150948742235","255","16"
"23.020529397221487","256.5","16"
"24.978787526784835","258","16"
"9.426744160293847","259.5","16"
"12.552420480083146","261","16"
"23.932697530312844","262.5","16"
"22.07798347913551","264","16"
"11.77309918351027","265.5","16"
"18.83422843900866","267","16"
"21.467744567950238","268.5","16"
"9.231498722455477","270","16"
"16.346954294910113","271.5","16"
"30.590385930956256","273","16"
"17.15625089478367","274.5","16"
"4.969741593941056","276","16"
"12.63348308099365","277.5","16"
"25.7405773480141","279","16"
"23.20104330812384","280.5","16"
"11.024234948629303","282","16"
"18.092585352961084","283.5","16"
"24.210125896893754","285","16"
"9.319943639111447","286.5","16"
"11.103779095876325","288","16"
"29.159105272283497","289.5","16"
"22.26974945401809","291","16"
"5.440344621333317","292.5","16"
"8.264885792948185","294","16"
"28.836598955981867","295.5","16"
"16.96805846948664","297","16"
"4.606869064372486","298.5","16"
"23.261122848254864","300","16"
"20.722676031641726","1.5","17"
"27.646702772970393","3","17"
"4.968648708042698","4.5","17"
"15.068404113843222","6","17"
"28.026720412879847","7.5","17"
"19.977300842614028","9","17"
"16.88751508738476","10.5","17"
"24.860491013322854","12","17"
"20.80786276315632","13.5","17"
"10.532263802213585","15","17"
"19.442641372638764","16.5","17"
"24.315483756419972","18","17"
"11.650096596215741","19.5","17"
"17.64212296254303","21","17"
"33.69201440511919","22.5","17"
"17.428821603517434","24","17"
"7.01487043145704","25.5","17"
"20.76708840557421","27","17"
"31.54840387260129","28.5","17"
"10.89641216390503","30","17"
"10.84416446452828","31.5","17"
"29.192828359669264","33","17"
"12.693815261149007","34.5","17"
"8.972888552997272","36","17"
"26.098880142246013","37.5","17"
"35.52896176437853","39","17"
"5.077410674103659","40.5","17"
"6.156445365334727","42","17"
"31.476309121382055","43.5","17"
"22.200513890936293","45","17"
"7.635277232449162","46.5","17"
"18.321755990204686","48","17"
"27.74232615100737","49.5","17"
"9.878535959943383","51","17"
"15.840928522589083","52.5","17"
"32.33107918329029","54","17"
"18.029878356577008","55.5","17"
"2.9972184503142048","57","17"
"20.53203561162617","58.5","17"
"31.294331640683577","60","17"
"4.152313905560263","61.5","17"
"5.516689387582554","63","17"
"33.11969589041357","64.5","17"
"26.109945775311733","66","17"
"6.306394624741704","67.5","17"
"12.421631353004221","69","17"
"32.00866521127342","70.5","17"
"16.631785885376434","72","17"
"15.43225627688545","73.5","17"
"28.998002826974783","75","17"
"21.511505304854442","76.5","17"
"7.5484344020164515","78","17"
"18.05488449195084","79.5","17"
"26.301631602324523","81","17"
"8.75358917132505","82.5","17"
"19.820852200788","84","17"
"29.06920549755638","85.5","17"
"20.275924836063854","87","17"
"4.384145539198074","88.5","17"
"19.170136873014826","90","17"
"35.96480588028526","91.5","17"
"13.458175041246472","93","17"
"6.4751324614064645","94.5","17"
"25.40831912677327","96","17"
"25.528290033775825","97.5","17"
"15.267853830155468","99","17"
"18.878449154991646","100.5","17"
"24.19290630130432","102","17"
"4.063030485375261","103.5","17"
"8.411669647084787","105","17"
"34.21816774682696","106.5","17"
"28.66384544968898","108","17"
"3.5058322583327612","109.5","17"
"7.512040299752752","111","17"
"34.08862091172974","112.5","17"
"20.827160976325253","114","17"
"6.315617292388549","115.5","17"
"18.352334144873772","117","17"
"25.65561015196893","118.5","17"
"10.80405568273441","120","17"
"10.346709287239571","121.5","17"
"28.305608864566892","123","17"
"13.219982541616742","124.5","17"
"11.757198543082344","126","17"
"28.468072081317008","127.5","17"
"29.723903825989012","129","17"
"-0.23687180212322495","130.5","17"
"7.430907133869935","132","17"
"33.14554532076517","133.5","17"
"25.339536573390276","135","17"
"14.772062592337358","136.5","17"
"19.814769674409092","138","17"
"26.85691521001021","139.5","17"
"8.447341547347897","141","17"
"5.696376991370841","142.5","17"
"26.192705420247744","144","17"
"24.61673694846784","145.5","17"
"12.01660583537594","147","17"
"16.581634227029138","148.5","17"
"28.134165601710542","150","17"
"10.02203026672869","151.5","17"
"11.301302649796169","153","17"
"30.46257098678446","154.5","17"
"27.231613470648742","156","17"
"9.017236460164925","157.5","17"
"10.264470603457179","159","17"
"31.96021059695163","160.5","17"
"18.160331211071824","162","17"
"8.053683088469537","163.5","17"
"21.46959842302533","165","17"
"23.74119464952457","166.5","17"
"13.186823102836984","168","17"
"16.281686051382817","169.5","17"
"29.29647175172002","171","17"
"16.33421949533881","172.5","17"
"4.576787478027083","174","17"
"22.534561500487385","175.5","17"
"32.83665543060251","177","17"
"9.93598107444138","178.5","17"
"8.974325116445971","180","17"
"22.56266900995301","181.5","17"
"24.06144114436718","183","17"
"13.685489209897487","184.5","17"
"17.121987680449333","186","17"
"16.545126872340738","187.5","17"
"8.947304830257469","189","17"
"18.78615191355087","190.5","17"
"36.59386908680073","192","17"
"17.595175476642254","193.5","17"
"-2.0523297315888045","195","17"
"19.392332903241883","196.5","17"
"35.96993534395169","198","17"
"14.558780399106714","199.5","17"
"5.8167251160648945","201","17"
"24.49817908325655","202.5","17"
"24.081884078198087","204","17"
"8.475699083320361","205.5","17"
"16.082053388846056","207","17"
"34.86450804631671","208.5","17"
"12.664157064637484","210","17"
"9.9757683935836","211.5","17"
"25.101629818339788","213","17"
"25.34005927688889","214.5","17"
"8.431598589142054","216","17"
"12.571791871741889","217.5","17"
"30.93922082248322","219","17"
"18.372080140706526","220.5","17"
"3.7710195623554372","222","17"
"21.739728106420554","223.5","17"
"31.249483680502248","225","17"
"10.654627820067303","226.5","17"
"6.457643237928992","228","17"
"26.74739837298","229.5","17"
"26.15411770563485","231","17"
"8.217399922443834","232.5","17"
"17.846118456948247","234","17"
"31.732322325624633","235.5","17"
"10.15756728392005","237","17"
"7.100778493799723","238.5","17"
"27.08906525719593","240","17"
"22.661627236311162","241.5","17"
"4.74703505663035","243","17"
"12.558254722300209","244.5","17"
"28.092901645184728","246","17"
"15.282623688681387","247.5","17"
"5.637609437021344","249","17"
"24.37685088950259","250.5","17"
"28.542170529280938","252","17"
"10.394463478873211","253.5","17"
"13.076568382701224","255","17"
"26.816078128008268","256.5","17"
"19.53513898375401","258","17"
"12.267883345921046","259.5","17"
"19.894121292534127","261","17"
"27.32430273971348","262.5","17"
"5.45169991925452","264","17"
"7.4965656626762","265.5","17"
"32.80043904752834","267","17"
"28.054282568361916","268.5","17"
"2.6964664002456353","270","17"
"9.521608747085331","271.5","17"
"32.09487992633529","273","17"
"23.49560589538941","274.5","17"
"2.5599734890311776","276","17"
"14.058132374613955","277.5","17"
"26.33832016089244","279","17"
"18.8009548766317","280.5","17"
"16.229541150360795","282","17"
"21.560242179065483","283.5","17"
"8.940408628765717","285","17"
"9.30603101432326","286.5","17"
"24.85839845698339","288","17"
"29.88432849909452","289.5","17"
"9.164600515184993","291","17"
"7.3445016320310685","292.5","17"
"26.28953101633154","294","17"
"19.97140474714963","295.5","17"
"15.054995026758704","297","17"
"21.918783674561762","298.5","17"
"27.548403153020498","300","17"
"13.53428154181759","1.5","18"
"10.053282708910993","3","18"
"21.909681664305847","4.5","18"
"27.96219266597559","6","18"
"10.113748178458499","7.5","18"
"10.845356228505127","9","18"
"26.44893119057976","10.5","18"
"11.49792715369839","12","18"
"9.770154260677666","13.5","18"
"31.68741164102347","15","18"
"21.35596616711601","16.5","18"
"4.726250623180346","18","18"
"18.034138390090735","19.5","18"
"30.653047626370448","21","18"
"10.230223070227801","22.5","18"
"5.371627405887645","24","18"
"31.57693999893578","25.5","18"
"27.430418519312692","27","18"
"-0.15180093655082685","28.5","18"
"11.949037696454727","30","18"
"34.12141532923297","31.5","18"
"21.24923708207842","33","18"
"8.75466245584221","34.5","18"
"22.76248810340428","36","18"
"18.004196191344963","37.5","18"
"12.89563195313749","39","18"
"25.167725675739895","40.5","18"
"21.239302230914706","42","18"
"-1.271762549447663","43.5","18"
"10.953669976316021","45","18"
"36.94620260707843","46.5","18"
"22.074359401545102","48","18"
"1.9414693287740217","49.5","18"
"16.070938970120462","51","18"
"30.476196124648407","52.5","18"
"10.436049769223173","54","18"
"13.379616190094342","55.5","18"
"27.512779167244762","57","18"
"18.882172546246792","58.5","18"
"9.396517959313828","60","18"
"20.269781327610108","61.5","18"
"25.01946082835721","63","18"
"6.363765253991148","64.5","18"
"15.404366560544249","66","18"
"37.27129979038821","67.5","18"
"22.55346594368736","69","18"
"-6.371320061891157","70.5","18"
"14.464445485193828","72","18"
"33.70486594180518","73.5","18"
"12.774880475577005","75","18"
"10.498802066577126","76.5","18"
"25.941630021722105","78","18"
"15.96857271695133","79.5","18"
"4.990803060245327","81","18"
"24.02763268207664","82.5","18"
"23.685730581286332","84","18"
"0.6315654861702513","85.5","18"
"13.692767856115728","87","18"
"32.77853080155631","88.5","18"
"19.362631148105475","90","18"
"1.6687584701646911","91.5","18"
"21.82086911285585","93","18"
"36.1941542367184","94.5","18"
"11.006205162617011","96","18"
"2.067096758804105","97.5","18"
"20.750584913777878","99","18"
"27.04664438359318","100.5","18"
"21.433835049649964","102","18"
"21.435002420796874","103.5","18"
"12.992313805759165","105","18"
"1.9902700163705176","106.5","18"
"22.26917448016961","108","18"
"36.848188731707786","109.5","18"
"14.976568593826224","111","18"
"-2.0579365977839683","112.5","18"
"23.516318892694603","114","18"
"32.931707319481","115.5","18"
"12.919382728942145","117","18"
"9.123364436179106","118.5","18"
"22.732995429667316","120","18"
"23.163703112527642","121.5","18"
"13.287744080832441","123","18"
"18.627581095520455","124.5","18"
"27.585530782527258","126","18"
"5.797771451618797","127.5","18"
"12.756864628324676","129","18"
"27.598411939078172","130.5","18"
"25.838037157676215","132","18"
"8.921723721035157","133.5","18"
"11.617669813506545","135","18"
"25.30299437180197","136.5","18"
"11.95091942904975","138","18"
"15.7352552986187","139.5","18"
"27.600765847166944","141","18"
"23.02757718272784","142.5","18"
"3.9659574763021213","144","18"
"13.739445278542217","145.5","18"
"25.91337441293187","147","18"
"23.1660239160615","148.5","18"
"12.512855309927836","150","18"
"18.026634110195594","151.5","18"
"22.170327763891166","153","18"
"9.513880575858279","154.5","18"
"16.765897664361567","156","18"
"30.318081801006787","157.5","18"
"11.960991925468097","159","18"
"5.525648961135097","160.5","18"
"21.71585623763872","162","18"
"28.878545911745874","163.5","18"
"11.298761439620392","165","18"
"7.735078753785081","166.5","18"
"19.95926582956675","168","18"
"21.439311239970472","169.5","18"
"17.73457004565341","171","18"
"19.750126932735142","172.5","18"
"27.818801157545014","174","18"
"13.798208477029226","175.5","18"
"8.558501415708763","177","18"
"27.11707693768681","178.5","18"
"21.18623388704513","180","18"
"13.71524933359124","181.5","18"
"22.883473055194145","183","18"
"28.59832630848235","184.5","18"
"15.786541223557995","186","18"
"15.166506848808638","187.5","18"
"23.848854146789698","189","18"
"28.7203758330644","190.5","18"
"9.88312878135123","192","18"
"16.553835112627695","193.5","18"
"21.11046801492061","195","18"
"22.657602419371813","196.5","18"
"20.85388157917455","198","18"
"20.510284176703728","199.5","18"
"17.968732501308804","201","18"
"18.615086739558517","202.5","18"
"19.293064539474553","204","18"
"29.778909657493465","205.5","18"
"15.826200480343054","207","18"
"2.1461253897256163","208.5","18"
"21.238228946397548","210","18"
"34.576501903268785","211.5","18"
"18.235389691128216","213","18"
"12.140433423025785","214.5","18"
"21.36181870395552","216","18"
"25.244632783836394","217.5","18"
"10.104370877693311","219","18"
"19.316532184217458","220.5","18"
"23.073289346026883","222","18"
"15.974782434514898","223.5","18"
"20.041213541734912","225","18"
"31.495565518271103","226.5","18"
"16.534425389379056","228","18"
"5.554757447800574","229.5","18"
"18.14403331598495","231","18"
"28.892503837503938","232.5","18"
"22.411191278398828","234","18"
"13.84437800588956","235.5","18"
"20.197010546532663","237","18"
"18.13936905843229","238.5","18"
"15.329017108873627","240","18"
"21.42664787654398","241.5","18"
"23.85307062167854","243","18"
"13.134911676044345","244.5","18"
"16.974881492488585","246","18"
"29.047161348674706","247.5","18"
"18.828706947718267","249","18"
"9.532312843564506","250.5","18"
"21.711577038330045","252","18"
"28.236664273099326","253.5","18"
"21.13320039007546","255","18"
"19.206773161232885","256.5","18"
"25.7216066957043","258","18"
"11.316420106148668","259.5","18"
"9.245746748655275","261","18"
"24.783840029940677","262.5","18"
"24.528891398490284","264","18"
"11.259026390828033","265.5","18"
"15.642799503783342","267","18"
"32.48151673488223","268.5","18"
"23.69094541985753","270","18"
"6.755335947978781","271.5","18"
"26.216530245714704","273","18"
"28.380501821848725","274.5","18"
"16.76532617520308","276","18"
"17.7315871510213","277.5","18"
"23.576745159479714","279","18"
"10.760422137014865","280.5","18"
"14.800833935246228","282","18"
"32.156855137821296","283.5","18"
"26.04579089023649","285","18"
"11.151544612752435","286.5","18"
"19.916210742385676","288","18"
"31.59875067358807","289.5","18"
"13.682531579267813","291","18"
"7.346628164097941","292.5","18"
"30.852371893843028","294","18"
"31.29173206195046","295.5","18"
"3.4551975348354933","297","18"
"12.92951620743533","298.5","18"
"30.322099648566155","300","18"
"13.53428154181759","1.5","19"
"10.053282708910993","3","19"
"21.909681664305847","4.5","19"
"27.96219266597559","6","19"
"10.113748178458499","7.5","19"
"10.845356228505127","9","19"
"26.44893119057976","10.5","19"
"11.49792715369839","12","19"
"9.770154260677666","13.5","19"
"31.68741164102347","15","19"
"21.35596616711601","16.5","19"
"4.726250623180346","18","19"
"18.034138390090735","19.5","19"
"30.653047626370448","21","19"
"10.230223070227801","22.5","19"
"5.371627405887645","24","19"
"31.57693999893578","25.5","19"
"27.430418519312692","27","19"
"-0.15180093655082685","28.5","19"
"11.949037696454727","30","19"
"34.12141532923297","31.5","19"
"21.24923708207842","33","19"
"8.75466245584221","34.5","19"
"22.76248810340428","36","19"
"18.004196191344963","37.5","19"
"12.89563195313749","39","19"
"25.167725675739895","40.5","19"
"21.239302230914706","42","19"
"-1.271762549447663","43.5","19"
"10.953669976316021","45","19"
"36.94620260707843","46.5","19"
"22.074359401545102","48","19"
"1.9414693287740217","49.5","19"
"16.070938970120462","51","19"
"30.476196124648407","52.5","19"
"10.436049769223173","54","19"
"13.379616190094342","55.5","19"
"27.512779167244762","57","19"
"18.882172546246792","58.5","19"
"9.396517959313828","60","19"
"20.269781327610108","61.5","19"
"25.01946082835721","63","19"
"6.363765253991148","64.5","19"
"15.404366560544249","66","19"
"37.27129979038821","67.5","19"
"22.55346594368736","69","19"
"-6.371320061891157","70.5","19"
"14.464445485193828","72","19"
"33.70486594180518","73.5","19"
"12.774880475577005","75","19"
"10.498802066577126","76.5","19"
"25.941630021722105","78","19"
"15.96857271695133","79.5","19"
"4.990803060245327","81","19"
"24.02763268207664","82.5","19"
"23.685730581286332","84","19"
"0.6315654861702513","85.5","19"
"13.692767856115728","87","19"
"32.77853080155631","88.5","19"
"19.362631148105475","90","19"
"1.6687584701646911","91.5","19"
"21.82086911285585","93","19"
"36.1941542367184","94.5","19"
"11.006205162617011","96","19"
"2.067096758804105","97.5","19"
"20.750584913777878","99","19"
"27.04664438359318","100.5","19"
"21.433835049649964","102","19"
"21.435002420796874","103.5","19"
"12.992313805759165","105","19"
"1.9902700163705176","106.5","19"
"22.26917448016961","108","19"
"36.848188731707786","109.5","19"
"14.976568593826224","111","19"
"-2.0579365977839683","112.5","19"
"23.516318892694603","114","19"
"32.931707319481","115.5","19"
"12.919382728942145","117","19"
"9.123364436179106","118.5","19"
"22.732995429667316","120","19"
"23.163703112527642","121.5","19"
"13.287744080832441","123","19"
"18.627581095520455","124.5","19"
"27.585530782527258","126","19"
"5.797771451618797","127.5","19"
"12.756864628324676","129","19"
"27.598411939078172","130.5","19"
"25.838037157676215","132","19"
"8.921723721035157","133.5","19"
"11.617669813506545","135","19"
"25.30299437180197","136.5","19"
"11.95091942904975","138","19"
"15.7352552986187","139.5","19"
"27.600765847166944","141","19"
"23.02757718272784","142.5","19"
"3.9659574763021213","144","19"
"13.739445278542217","145.5","19"
"25.91337441293187","147","19"
"23.1660239160615","148.5","19"
"12.512855309927836","150","19"
"18.026634110195594","151.5","19"
"22.170327763891166","153","19"
"9.513880575858279","154.5","19"
"16.765897664361567","156","19"
"30.318081801006787","157.5","19"
"11.960991925468097","159","19"
"5.525648961135097","160.5","19"
"21.71585623763872","162","19"
"28.878545911745874","163.5","19"
"11.298761439620392","165","19"
"7.735078753785081","166.5","19"
"19.95926582956675","168","19"
"21.439311239970472","169.5","19"
"17.73457004565341","171","19"
"19.750126932735142","172.5","19"
"27.818801157545014","174","19"
"13.798208477029226","175.5","19"
"8.558501415708763","177","19"
"27.11707693768681","178.5","19"
"21.18623388704513","180","19"
"13.71524933359124","181.5","19"
"22.883473055194145","183","19"
"28.59832630848235","184.5","19"
"15.786541223557995","186","19"
"15.166506848808638","187.5","19"
"23.848854146789698","189","19"
"28.7203758330644","190.5","19"
"9.88312878135123","192","19"
"16.553835112627695","193.5","19"
"21.11046801492061","195","19"
"22.657602419371813","196.5","19"
"20.85388157917455","198","19"
"20.510284176703728","199.5","19"
"17.968732501308804","201","19"
"18.615086739558517","202.5","19"
"19.293064539474553","204","19"
"29.778909657493465","205.5","19"
"15.826200480343054","207","19"
"2.1461253897256163","208.5","19"
"21.238228946397548","210","19"
"34.576501903268785","211.5","19"
"18.235389691128216","213","19"
"12.140433423025785","214.5","19"
"21.36181870395552","216","19"
"25.244632783836394","217.5","19"
"10.104370877693311","219","19"
"19.316532184217458","220.5","19"
"23.073289346026883","222","19"
"15.974782434514898","223.5","19"
"20.041213541734912","225","19"
"31.495565518271103","226.5","19"
"16.534425389379056","228","19"
"5.554757447800574","229.5","19"
"18.14403331598495","231","19"
"28.892503837503938","232.5","19"
"22.411191278398828","234","19"
"13.84437800588956","235.5","19"
"20.197010546532663","237","19"
"18.13936905843229","238.5","19"
"15.329017108873627","240","19"
"21.42664787654398","241.5","19"
"23.85307062167854","243","19"
"13.134911676044345","244.5","19"
"16.974881492488585","246","19"
"29.047161348674706","247.5","19"
"18.828706947718267","249","19"
"9.532312843564506","250.5","19"
"21.711577038330045","252","19"
"28.236664273099326","253.5","19"
"21.13320039007546","255","19"
"19.206773161232885","256.5","19"
"25.7216066957043","258","19"
"11.316420106148668","259.5","19"
"9.245746748655275","261","19"
"24.783840029940677","262.5","19"
"24.528891398490284","264","19"
"11.259026390828033","265.5","19"
"15.642799503783342","267","19"
"32.48151673488223","268.5","19"
"23.69094541985753","270","19"
"6.755335947978781","271.5","19"
"26.216530245714704","273","19"
"28.380501821848725","274.5","19"
"16.76532617520308","276","19"
"17.7315871510213","277.5","19"
"23.576745159479714","279","19"
"10.760422137014865","280.5","19"
"14.800833935246228","282","19"
"32.156855137821296","283.5","19"
"26.04579089023649","285","19"
"11.151544612752435","286.5","19"
"19.916210742385676","288","19"
"31.59875067358807","289.5","19"
"13.682531579267813","291","19"
"7.346628164097941","292.5","19"
"30.852371893843028","294","19"
"31.29173206195046","295.5","19"
"3.4551975348354933","297","19"
"12.92951620743533","298.5","19"
"30.322099648566155","300","19"