"nusselt","time","episode"
"3.6769951187563605","1","0"
"3.3687041806898392","2","0"
"3.078369135949358","3","0"
"3.042049359983552","4","0"
"3.114270637156553","5","0"
"3.1933351636589506","6","0"
"3.2554689128420673","7","0"
"3.2562583986569407","8","0"
"3.1928249432566815","9","0"
"3.1141472118179467","10","0"
"3.068410020180447","11","0"
"3.0757092575663614","12","0"
"3.1252907121492415","13","0"
"3.190617312768427","14","0"
"3.243219259665535","15","0"
"3.2626892951505386","16","0"
"3.247493017854854","17","0"
"3.2141148791258325","18","0"
"3.1818400881207167","19","0"
"3.160743082263175","20","0"
"3.15200855779574","21","0"
"3.153527063476776","22","0"
"3.1634247782565312","23","0"
"3.1802841808219213","24","0"
"3.2014927681724457","25","0"
"3.2219698422156235","26","0"
"3.235771350849027","27","0"
"3.240335906616426","28","0"
"3.2388604127958134","29","0"
"3.237169547992936","30","0"
"3.2373094923793864","31","0"
"3.2342706109364268","32","0"
"3.2203244827143536","33","0"
"3.194222517040295","34","0"
"3.1663165466696364","35","0"
"3.153440728075781","36","0"
"3.1668962717449087","37","0"
"3.2030651945190844","38","0"
"3.2442574662385093","39","0"
"3.2705470633616613","40","0"
"3.2740649971920903","41","0"
"3.263224138284499","42","0"
"3.252094040199568","43","0"
"3.245123313689642","44","0"
"3.2330460196349513","45","0"
"3.2050552722640377","46","0"
"3.1646721222088106","47","0"
"3.132188193824389","48","0"
"3.1306781035073494","49","0"
"3.167319533385887","50","0"
"3.224853195264733","51","0"
"3.271761369218253","52","0"
"3.2858536754297365","53","0"
"3.271307874602919","54","0"
"3.2517053750550176","55","0"
"3.2447570895157467","56","0"
"3.2434848111516277","57","0"
"3.224157213494258","58","0"
"3.174481943186831","59","0"
"3.112361907930227","60","0"
"3.0758775648462793","61","0"
"3.0943882488357515","62","0"
"3.1639222197727324","63","0"
"3.2461057295161244","64","0"
"3.2949562941519543","65","0"
"3.2921050441580886","66","0"
"3.2591813350848455","67","0"
"3.2344273860508688","68","0"
"3.2350516813873043","69","0"
"3.2412428958470936","70","0"
"3.2183216260833323","71","0"
"3.155225096923057","72","0"
"3.0803881999480747","73","0"
"3.042265666006261","74","0"
"3.072615208737207","75","0"
"3.1598145871022956","76","0"
"3.254869240237323","77","0"
"3.307263919836014","78","0"
"3.299946293321368","79","0"
"3.2576089087382063","80","0"
"3.2241475514096702","81","0"
"3.2261962250224467","82","0"
"3.2530602486583553","83","0"
"3.2710033630983273","84","0"
"3.2548371371820797","85","0"
"3.206225319539614","86","0"
"3.1525122329149013","87","0"
"3.1318091907644265","88","0"
"3.1645275026201403","89","0"
"3.234507176168756","90","0"
"3.3029253321759118","91","0"
"3.3378384956338127","92","0"
"3.329867275848819","93","0"
"3.293421269423075","94","0"
"3.259530416850601","95","0"
"3.258609402013273","96","0"
"3.299559809937853","97","0"
"3.3660231080567793","98","0"
"3.4321098965569266","99","0"
"3.4784293067108827","100","0"
"3.4981069211744513","101","0"
"3.49790183563707","102","0"
"3.492443692885367","103","0"
"3.5013063178936283","104","0"
"3.529501839121775","105","0"
"3.5705688154217055","106","0"
"3.609191284320904","107","0"
"3.628441585301571","108","0"
"3.619749449334263","109","0"
"3.586782728400596","110","0"
"3.533327089578128","111","0"
"3.468400062908673","112","0"
"3.3928918068949074","113","0"
"3.30652118604334","114","0"
"3.2230083604687456","115","0"
"3.166791547215182","116","0"
"3.152290316649528","117","0"
"3.1512851481722417","118","0"
"3.10150951685716","119","0"
"2.9956052777703976","120","0"
"2.898805839166889","121","0"
"2.8852465060084787","122","0"
"2.950812165301177","123","0"
"3.0113067885859834","124","0"
"3.018202400180243","125","0"
"3.012676622836425","126","0"
"3.0402344464817723","127","0"
"3.1031832392518974","128","0"
"3.177207586081055","129","0"
"3.231944541991934","130","0"
"3.249644234236321","131","0"
"3.2331049271829224","132","0"
"3.195257295131641","133","0"
"3.147819576606676","134","0"
"3.1003457031845434","135","0"
"3.061635963843906","136","0"
"3.038534542954603","137","0"
"3.033672332645868","138","0"
"3.0452026280408258","139","0"
"3.068717648486519","140","0"
"3.0992785103578058","141","0"
"3.1318727735146177","142","0"
"3.1611513832570495","143","0"
"3.1818497502053047","144","0"
"3.1901476107853974","145","0"
"3.1850460301230017","146","0"
"3.168821831699227","147","0"
"3.146247150260037","148","0"
"3.1229936294585126","149","0"
"3.1040101266845306","150","0"
"3.0924963503374165","151","0"
"3.0895967899206114","152","0"
"3.09463104767104","153","0"
"3.1056346036158846","154","0"
"3.1200158373245603","155","0"
"3.135099598086818","156","0"
"3.1484772217189474","157","0"
"3.158201018976121","158","0"
"3.1629581930749815","159","0"
"3.162272185069243","160","0"
"3.1566787731333097","161","0"
"3.1477101768747295","162","0"
"3.1375783903038292","163","0"
"3.128624131332057","164","0"
"3.122725584531236","165","0"
"3.1208916585404287","166","0"
"3.1231491578523625","167","0"
"3.128706414891128","168","0"
"3.1362634117594346","169","0"
"3.1443455896771146","170","0"
"3.1515859195150577","171","0"
"3.1569212602884504","172","0"
"3.159721083057897","173","0"
"3.159850118639167","174","0"
"3.1576627473605323","175","0"
"3.1539172870220664","176","0"
"3.149624204663572","177","0"
"3.145833550703647","178","0"
"3.143421146358159","179","0"
"3.14291248435663","180","0"
"3.144397328581682","181","0"
"3.1475655572860597","182","0"
"3.1518134460230947","183","0"
"3.156402001161889","184","0"
"3.160605631317909","185","0"
"3.1638601954232812","186","0"
"3.1658465330064587","187","0"
"3.1665203854864257","188","0"
"3.1660830982387878","189","0"
"3.164922089687503","190","0"
"3.16352139910241","191","0"
"3.1623656891136416","192","0"
"3.161856715431964","193","0"
"3.1622403936941472","194","0"
"3.163570956245941","195","0"
"3.1657137572634126","196","0"
"3.1683879729332167","197","0"
"3.1712454565300425","198","0"
"3.1739340094866546","199","0"
"3.1761684444676366","200","0"
"3.177798531641655","201","0"
"3.1787818825085816","202","0"
"3.1792088843113357","203","0"
"3.1792858693078907","204","0"
"3.1793042584366225","205","0"
"3.1795249279814035","206","0"
"3.18008844568898","207","0"
"3.1810477971845112","208","0"
"3.182397683905481","209","0"
"3.184073899741403","210","0"
"3.1859661099198853","211","0"
"3.1879243962897434","212","0"
"3.189801645821122","213","0"
"3.1914750565357117","214","0"
"3.192861721514145","215","0"
"3.193934524583547","216","0"
"3.194730555681528","217","0"
"3.19533833197012","218","0"
"3.195875356865117","219","0"
"3.196461003863201","220","0"
"3.1971666477182636","221","0"
"3.1980178462024402","222","0"
"3.199016157716471","223","0"
"3.2001597121794676","224","0"
"3.2014173415766307","225","0"
"3.2027105025106652","226","0"
"3.203938833973917","227","0"
"3.2050228575286464","228","0"
"3.2059186262739865","229","0"
"3.206626451890085","230","0"
"3.2071725155093738","231","0"
"3.2076016990731637","232","0"
"3.207965741486023","233","0"
"3.2083042261267463","234","0"
"3.208635230443918","235","0"
"3.2090036363788492","236","0"
"3.209385756240292","237","0"
"3.209686527583108","238","0"
"3.209817121565118","239","0"
"3.20980745948053","240","0"
"3.209750110333299","241","0"
"3.20968309910148","242","0"
"3.2095989454615212","243","0"
"3.2094839354869107","244","0"
"3.2093399392585367","245","0"
"3.209161969894031","246","0"
"3.2089116907351904","247","0"
"3.2085252073516757","248","0"
"3.207970416688243","249","0"
"3.207296875888424","250","0"
"3.2066124262834252","251","0"
"3.206022415763269","252","0"
"3.2055527137802393","253","0"
"3.2051581267128766","254","0"
"3.204761669564626","255","0"
"3.204298512864704","256","0"
"3.2037633580505953","257","0"
"3.203196723541539","258","0"
"3.2026425562384024","259","0"
"3.2021042846228136","260","0"
"3.2015470005181967","261","0"
"3.2009579250384848","262","0"
"3.200344538507229","263","0"
"3.1997102694060575","264","0"
"3.199069766701926","265","0"
"3.1984342508801626","266","0"
"3.1978386301173427","267","0"
"3.197303786983382","268","0"
"3.19684063028346","269","0"
"3.1964292124881055","270","0"
"3.196026521736895","271","0"
"3.1955957797723644","272","0"
"3.195131376351851","273","0"
"3.1946454670011253","274","0"
"3.1941302597164882","275","0"
"3.193589494659715","276","0"
"3.1930499763235347","277","0"
"3.1925438077631894","278","0"
"3.192075040820604","279","0"
"3.1916259097273416","280","0"
"3.1911892458399995","281","0"
"3.190774087882869","282","0"
"3.1903882278596503","283","0"
"3.1900179518438314","284","0"
"3.1896339619015004","285","0"
"3.189216933863482","286","0"
"3.188768114450368","287","0"
"3.1882974774268944","288","0"
"3.1878168666386846","289","0"
"3.187328463846775","290","0"
"3.1868372559335336","291","0"
"3.186350723222512","292","0"
"3.185876034357115","293","0"
"3.185418176219709","294","0"
"3.1849762137698505","295","0"
"3.1845485886068006","296","0"
"3.184129690487894","297","0"
"3.1837129741300236","298","0"
"3.1832931409706733","299","0"
"3.182866762528215","300","0"
"3.680397730932031","1","1"
"3.382181230289179","2","1"
"3.115793506359661","3","1"
"3.09342266373726","4","1"
"3.161626383802595","5","1"
"3.2313124546517984","6","1"
"3.2821811482459013","7","1"
"3.2725468031912026","8","1"
"3.205441755647553","9","1"
"3.1308417355850473","10","1"
"3.092249499660204","11","1"
"3.102861585339166","12","1"
"3.1472800582704954","13","1"
"3.198265631920097","14","1"
"3.2299086472652254","15","1"
"3.2281900429291763","16","1"
"3.200666192419961","17","1"
"3.1693170914543924","18","1"
"3.1506365417842623","19","1"
"3.146736176412243","20","1"
"3.1518053423392467","21","1"
"3.160320755662641","22","1"
"3.169880297481821","23","1"
"3.1801002895346038","24","1"
"3.1890451981019363","25","1"
"3.191026548802746","26","1"
"3.181660872035619","27","1"
"3.165983360591429","28","1"
"3.1572958998263414","29","1"
"3.1649089991212875","30","1"
"3.1824849543469202","31","1"
"3.190416902433266","32","1"
"3.1735057609633084","33","1"
"3.1378791616466453","34","1"
"3.109191185784665","35","1"
"3.1132031326496676","36","1"
"3.1535295569179596","37","1"
"3.2024271852561372","38","1"
"3.2200414771399735","39","1"
"3.1932026995960525","40","1"
"3.1511414636240156","41","1"
"3.1367539963123803","42","1"
"3.161358338875319","43","1"
"3.1891549095140306","44","1"
"3.175752351470062","45","1"
"3.1175339283060697","46","1"
"3.055484956123208","47","1"
"3.0438882728567274","48","1"
"3.1086420053638966","49","1"
"3.2112764080180347","50","1"
"3.2620603246118827","51","1"
"3.2085435964804074","52","1"
"3.100018750709296","53","1"
"3.0408004576305325","54","1"
"3.085529675669414","55","1"
"3.18144300761217","56","1"
"3.2228038982916605","57","1"
"3.1614814525337773","58","1"
"3.0376711889446546","59","1"
"2.944640275010564","60","1"
"2.9745328946445477","61","1"
"3.1293886827350907","62","1"
"3.2773769104446937","63","1"
"3.2714512474709974","64","1"
"3.1175803686481207","65","1"
"2.96706160981694","66","1"
"2.960302202447354","67","1"
"3.093643333282041","68","1"
"3.2326520559278844","69","1"
"3.2574789381164924","70","1"
"3.1445899469131433","71","1"
"2.9629620808303505","72","1"
"2.858183007077853","73","1"
"2.944684221911431","74","1"
"3.1613028598089756","75","1"
"3.308746270619882","76","1"
"3.262587687422292","77","1"
"3.0829221595512806","78","1"
"2.9429288393179185","79","1"
"2.965305292182983","80","1"
"3.1160101240625178","81","1"
"3.2619948717808036","82","1"
"3.298584251074626","83","1"
"3.18262334033263","84","1"
"2.977057503843314","85","1"
"2.85603116733609","86","1"
"2.9422889599740834","87","1"
"3.1566744096112376","88","1"
"3.325465417118674","89","1"
"3.3364964009165425","90","1"
"3.193291840118379","91","1"
"3.0223225000566","92","1"
"2.9741523331838446","93","1"
"3.0820525719383722","94","1"
"3.2584205238435877","95","1"
"3.386572180214144","96","1"
"3.3686088065645525","97","1"
"3.193479783247621","98","1"
"3.000872983951675","99","1"
"2.9540449117961898","100","1"
"3.0723446703687465","101","1"
"3.258543325821898","102","1"
"3.4084141016253957","103","1"
"3.4392635793137267","104","1"
"3.3184195756930803","105","1"
"3.1374761592152867","106","1"
"3.058423788238661","107","1"
"3.1430620908276676","108","1"
"3.321518923084751","109","1"
"3.485112040764061","110","1"
"3.552068105196969","111","1"
"3.4946597387376173","112","1"
"3.357969293032567","113","1"
"3.2422075459051407","114","1"
"3.219785276058321","115","1"
"3.282864974490604","116","1"
"3.373749658925596","117","1"
"3.4387801634041852","118","1"
"3.456298146122291","119","1"
"3.43572039939131","120","1"
"3.4044199205288295","121","1"
"3.3899794675920347","122","1"
"3.406825156230913","123","1"
"3.4510937110110564","124","1"
"3.5069891820320365","125","1"
"3.555820422498691","126","1"
"3.583751950641485","127","1"
"3.5859558409679635","128","1"
"3.5660881016141173","129","1"
"3.533017902871316","130","1"
"3.4968231106448564","131","1"
"3.465017398262474","132","1"
"3.4402061000812663","133","1"
"3.420133898550335","134","1"
"3.3992192255793707","135","1"
"3.371641142724404","136","1"
"3.3354921674797","137","1"
"3.295446255344604","138","1"
"3.257856382775715","139","1"
"3.225124045313341","140","1"
"3.226041943349189","141","1"
"3.3050812237595992","142","1"
"3.393843989747035","143","1"
"3.3937885106806918","144","1"
"3.29472066396007","145","1"
"3.151852717721742","146","1"
"3.053705262478152","147","1"
"3.015983860886809","148","1"
"3.0145068086654567","149","1"
"3.045560436850725","150","1"
"3.1111999643384984","151","1"
"3.190474874940793","152","1"
"3.2489248764547467","153","1"
"3.2790493861188397","154","1"
"3.304052990951361","155","1"
"3.3396387601686364","156","1"
"3.377632881889476","157","1"
"3.3988218333906763","158","1"
"3.391053517382028","159","1"
"3.358949215417866","160","1"
"3.318741852966108","161","1"
"3.2841886800791427","162","1"
"3.259662880913499","163","1"
"3.2452856990467476","164","1"
"3.2428137637929924","165","1"
"3.2539622510066555","166","1"
"3.276599268475444","167","1"
"3.30483530812283","168","1"
"3.331684371111635","169","1"
"3.351616628256116","170","1"
"3.361699169363633","171","1"
"3.361414605388513","172","1"
"3.3520430066985742","173","1"
"3.336287886897533","174","1"
"3.317932419621763","175","1"
"3.30110137994984","176","1"
"3.289243197039191","177","1"
"3.284319897421449","178","1"
"3.286540306795771","179","1"
"3.2945922517390955","180","1"
"3.3061505983473727","181","1"
"3.3185037293330395","182","1"
"3.3291170617325934","183","1"
"3.336065658952012","184","1"
"3.3383085092969904","185","1"
"3.335790445381332","186","1"
"3.329373262814246","187","1"
"3.320609440412899","188","1"
"3.3113939934771066","189","1"
"3.3035437055895356","190","1"
"3.2984016065079005","191","1"
"3.296644977193796","192","1"
"3.298194650889631","193","1"
"3.302311633964508","194","1"
"3.3078081133744144","195","1"
"3.3133566433690365","196","1"
"3.317770657624953","197","1"
"3.3202039445403564","198","1"
"3.3202837346582434","199","1"
"3.3181396869201802","200","1"
"3.3143231635079715","201","1"
"3.3096644803358775","202","1"
"3.305082782160339","203","1"
"3.3013887490462923","204","1"
"3.2991359249365786","205","1"
"3.2985303304090228","206","1"
"3.2994438649227984","207","1"
"3.301439864590564","208","1"
"3.303880320149371","209","1"
"3.3061197420127213","210","1"
"3.3076373126533127","211","1"
"3.3081079496767867","212","1"
"3.307424123432084","213","1"
"3.3057126877394385","214","1"
"3.3033130622800186","215","1"
"3.300679676709602","216","1"
"3.2982644672427823","217","1"
"3.296429917891679","218","1"
"3.2953839193150047","219","1"
"3.295173846895256","220","1"
"3.2956943527424087","221","1"
"3.296703261381471","222","1"
"3.2978692568151238","223","1"
"3.2988616464063423","224","1"
"3.2994326444374704","225","1"
"3.2994451116433905","226","1"
"3.298876295373298","227","1"
"3.2978131543884843","228","1"
"3.2964342814137506","229","1"
"3.2949737482402424","230","1"
"3.293665938339252","231","1"
"3.2926950546782447","232","1"
"3.292161769945024","233","1"
"3.2920707593418093","234","1"
"3.2923484663536735","235","1"
"3.2928568166750547","236","1"
"3.293420646062779","237","1"
"3.293870712196485","238","1"
"3.2940773561346064","239","1"
"3.2939745016857676","240","1"
"3.293563395570561","241","1"
"3.292906062138438","242","1"
"3.292107225919125","243","1"
"3.2912924940122634","244","1"
"3.2905837333557213","245","1"
"3.290071642872564","246","1"
"3.2898014161842517","247","1"
"3.289768689768712","248","1"
"3.2899245298427098","249","1"
"3.2901860294868785","250","1"
"3.290457191215635","251","1"
"3.290650432907392","252","1"
"3.2907037302126994","253","1"
"3.290587785197645","254","1"
"3.290311636586521","255","1"
"3.289914556077974","256","1"
"3.2894585680214563","257","1"
"3.2890119303693783","258","1"
"3.288635109070451","259","1"
"3.2883729860659865","260","1"
"3.288245820565604","261","1"
"3.2882451972053084","262","1"
"3.288338701249707","263","1"
"3.2884773989155653","264","1"
"3.2886126680997956","265","1"
"3.2886996268610864","266","1"
"3.2887064838243423","267","1"
"3.2886229535446794","268","1"
"3.2884549579449094","269","1"
"3.288227743117021","270","1"
"3.287974658836848","271","1"
"3.287734353442743","272","1"
"3.287537994949506","273","1"
"3.2874102060888277","274","1"
"3.2873587788644083","275","1"
"3.287378414713732","276","1"
"3.287447919386735","277","1"
"3.28753737158921","278","1"
"3.2876152916262087","279","1"
"3.287660485247668","280","1"
"3.2876492647623405","281","1"
"3.287580071769485","282","1"
"3.287456023070583","283","1"
"3.287284287309037","284","1"
"3.287082630253284","285","1"
"3.2868812848776785","286","1"
"3.286708302395541","287","1"
"3.286580825215011","288","1"
"3.2865001000566796","289","1"
"3.286460204997736","290","1"
"3.2864480494719643","291","1"
"3.2864511662734444","292","1"
"3.2864511662734444","293","1"
"3.2864330888248605","294","1"
"3.2863857134423653","295","1"
"3.2863052999641824","296","1"
"3.2861955885520877","297","1"
"3.2860646828899296","298","1"
"3.2859266085843672","299","1"
"3.2857950795619133","300","1"
"3.680397730932031","1","2"
"3.382181230289179","2","2"
"3.115793506359661","3","2"
"3.09342266373726","4","2"
"3.161626383802595","5","2"
"3.2313124546517984","6","2"
"3.2821811482459013","7","2"
"3.2725468031912026","8","2"
"3.205441755647553","9","2"
"3.1308417355850473","10","2"
"3.092249499660204","11","2"
"3.102861585339166","12","2"
"3.1472800582704954","13","2"
"3.198265631920097","14","2"
"3.2299086472652254","15","2"
"3.2281900429291763","16","2"
"3.200666192419961","17","2"
"3.1693170914543924","18","2"
"3.1506365417842623","19","2"
"3.146736176412243","20","2"
"3.1518053423392467","21","2"
"3.160320755662641","22","2"
"3.169880297481821","23","2"
"3.1801002895346038","24","2"
"3.1890451981019363","25","2"
"3.191026548802746","26","2"
"3.181660872035619","27","2"
"3.165983360591429","28","2"
"3.1572958998263414","29","2"
"3.1649089991212875","30","2"
"3.1824849543469202","31","2"
"3.190416902433266","32","2"
"3.1735057609633084","33","2"
"3.1378791616466453","34","2"
"3.109191185784665","35","2"
"3.1132031326496676","36","2"
"3.1535295569179596","37","2"
"3.2024271852561372","38","2"
"3.2200414771399735","39","2"
"3.1932026995960525","40","2"
"3.1511414636240156","41","2"
"3.1367539963123803","42","2"
"3.161358338875319","43","2"
"3.1891549095140306","44","2"
"3.175752351470062","45","2"
"3.1175339283060697","46","2"
"3.055484956123208","47","2"
"3.0438882728567274","48","2"
"3.1086420053638966","49","2"
"3.2112764080180347","50","2"
"3.2620603246118827","51","2"
"3.2085435964804074","52","2"
"3.100018750709296","53","2"
"3.0408004576305325","54","2"
"3.085529675669414","55","2"
"3.18144300761217","56","2"
"3.2228038982916605","57","2"
"3.1614814525337773","58","2"
"3.0376711889446546","59","2"
"2.944640275010564","60","2"
"2.9745328946445477","61","2"
"3.1293886827350907","62","2"
"3.2773769104446937","63","2"
"3.2714512474709974","64","2"
"3.1175803686481207","65","2"
"2.96706160981694","66","2"
"2.960302202447354","67","2"
"3.093643333282041","68","2"
"3.2326520559278844","69","2"
"3.2574789381164924","70","2"
"3.1445899469131433","71","2"
"2.9629620808303505","72","2"
"2.858183007077853","73","2"
"2.944684221911431","74","2"
"3.1613028598089756","75","2"
"3.308746270619882","76","2"
"3.262587687422292","77","2"
"3.0829221595512806","78","2"
"2.9429288393179185","79","2"
"2.965305292182983","80","2"
"3.1160101240625178","81","2"
"3.2619948717808036","82","2"
"3.298584251074626","83","2"
"3.18262334033263","84","2"
"2.977057503843314","85","2"
"2.85603116733609","86","2"
"2.9422889599740834","87","2"
"3.1566744096112376","88","2"
"3.325465417118674","89","2"
"3.3364964009165425","90","2"
"3.193291840118379","91","2"
"3.0223225000566","92","2"
"2.9741523331838446","93","2"
"3.0820525719383722","94","2"
"3.2584205238435877","95","2"
"3.386572180214144","96","2"
"3.3686088065645525","97","2"
"3.193479783247621","98","2"
"3.000872983951675","99","2"
"2.9540449117961898","100","2"
"3.0723446703687465","101","2"
"3.258543325821898","102","2"
"3.4084141016253957","103","2"
"3.4392635793137267","104","2"
"3.3184195756930803","105","2"
"3.1374761592152867","106","2"
"3.058423788238661","107","2"
"3.1430620908276676","108","2"
"3.321518923084751","109","2"
"3.485112040764061","110","2"
"3.552068105196969","111","2"
"3.4946597387376173","112","2"
"3.357969293032567","113","2"
"3.2422075459051407","114","2"
"3.219785276058321","115","2"
"3.282864974490604","116","2"
"3.373749658925596","117","2"
"3.4387801634041852","118","2"
"3.456298146122291","119","2"
"3.43572039939131","120","2"
"3.4044199205288295","121","2"
"3.3899794675920347","122","2"
"3.406825156230913","123","2"
"3.4510937110110564","124","2"
"3.5069891820320365","125","2"
"3.555820422498691","126","2"
"3.583751950641485","127","2"
"3.5859558409679635","128","2"
"3.5660881016141173","129","2"
"3.533017902871316","130","2"
"3.4968231106448564","131","2"
"3.465017398262474","132","2"
"3.4402061000812663","133","2"
"3.420133898550335","134","2"
"3.3992192255793707","135","2"
"3.371641142724404","136","2"
"3.3354921674797","137","2"
"3.295446255344604","138","2"
"3.257856382775715","139","2"
"3.225124045313341","140","2"
"3.226041943349189","141","2"
"3.3050812237595992","142","2"
"3.393843989747035","143","2"
"3.3937885106806918","144","2"
"3.29472066396007","145","2"
"3.151852717721742","146","2"
"3.053705262478152","147","2"
"3.015983860886809","148","2"
"3.0145068086654567","149","2"
"3.045560436850725","150","2"
"3.1111999643384984","151","2"
"3.190474874940793","152","2"
"3.2489248764547467","153","2"
"3.2790493861188397","154","2"
"3.304052990951361","155","2"
"3.3396387601686364","156","2"
"3.377632881889476","157","2"
"3.3988218333906763","158","2"
"3.391053517382028","159","2"
"3.358949215417866","160","2"
"3.318741852966108","161","2"
"3.2841886800791427","162","2"
"3.259662880913499","163","2"
"3.2452856990467476","164","2"
"3.2428137637929924","165","2"
"3.2539622510066555","166","2"
"3.276599268475444","167","2"
"3.30483530812283","168","2"
"3.331684371111635","169","2"
"3.351616628256116","170","2"
"3.361699169363633","171","2"
"3.361414605388513","172","2"
"3.3520430066985742","173","2"
"3.336287886897533","174","2"
"3.317932419621763","175","2"
"3.30110137994984","176","2"
"3.289243197039191","177","2"
"3.284319897421449","178","2"
"3.286540306795771","179","2"
"3.2945922517390955","180","2"
"3.3061505983473727","181","2"
"3.3185037293330395","182","2"
"3.3291170617325934","183","2"
"3.336065658952012","184","2"
"3.3383085092969904","185","2"
"3.335790445381332","186","2"
"3.329373262814246","187","2"
"3.320609440412899","188","2"
"3.3113939934771066","189","2"
"3.3035437055895356","190","2"
"3.2984016065079005","191","2"
"3.296644977193796","192","2"
"3.298194650889631","193","2"
"3.302311633964508","194","2"
"3.3078081133744144","195","2"
"3.3133566433690365","196","2"
"3.317770657624953","197","2"
"3.3202039445403564","198","2"
"3.3202837346582434","199","2"
"3.3181396869201802","200","2"
"3.3143231635079715","201","2"
"3.3096644803358775","202","2"
"3.305082782160339","203","2"
"3.3013887490462923","204","2"
"3.2991359249365786","205","2"
"3.2985303304090228","206","2"
"3.2994438649227984","207","2"
"3.301439864590564","208","2"
"3.303880320149371","209","2"
"3.3061197420127213","210","2"
"3.3076373126533127","211","2"
"3.3081079496767867","212","2"
"3.307424123432084","213","2"
"3.3057126877394385","214","2"
"3.3033130622800186","215","2"
"3.300679676709602","216","2"
"3.2982644672427823","217","2"
"3.296429917891679","218","2"
"3.2953839193150047","219","2"
"3.295173846895256","220","2"
"3.2956943527424087","221","2"
"3.296703261381471","222","2"
"3.2978692568151238","223","2"
"3.2988616464063423","224","2"
"3.2994326444374704","225","2"
"3.2994451116433905","226","2"
"3.298876295373298","227","2"
"3.2978131543884843","228","2"
"3.2964342814137506","229","2"
"3.2949737482402424","230","2"
"3.293665938339252","231","2"
"3.2926950546782447","232","2"
"3.292161769945024","233","2"
"3.2920707593418093","234","2"
"3.2923484663536735","235","2"
"3.2928568166750547","236","2"
"3.293420646062779","237","2"
"3.293870712196485","238","2"
"3.2940773561346064","239","2"
"3.2939745016857676","240","2"
"3.293563395570561","241","2"
"3.292906062138438","242","2"
"3.292107225919125","243","2"
"3.2912924940122634","244","2"
"3.2905837333557213","245","2"
"3.290071642872564","246","2"
"3.2898014161842517","247","2"
"3.289768689768712","248","2"
"3.2899245298427098","249","2"
"3.2901860294868785","250","2"
"3.290457191215635","251","2"
"3.290650432907392","252","2"
"3.2907037302126994","253","2"
"3.290587785197645","254","2"
"3.290311636586521","255","2"
"3.289914556077974","256","2"
"3.2894585680214563","257","2"
"3.2890119303693783","258","2"
"3.288635109070451","259","2"
"3.2883729860659865","260","2"
"3.288245820565604","261","2"
"3.2882451972053084","262","2"
"3.288338701249707","263","2"
"3.2884773989155653","264","2"
"3.2886126680997956","265","2"
"3.2886996268610864","266","2"
"3.2887064838243423","267","2"
"3.2886229535446794","268","2"
"3.2884549579449094","269","2"
"3.288227743117021","270","2"
"3.287974658836848","271","2"
"3.287734353442743","272","2"
"3.287537994949506","273","2"
"3.2874102060888277","274","2"
"3.2873587788644083","275","2"
"3.287378414713732","276","2"
"3.287447919386735","277","2"
"3.28753737158921","278","2"
"3.2876152916262087","279","2"
"3.287660485247668","280","2"
"3.2876492647623405","281","2"
"3.287580071769485","282","2"
"3.287456023070583","283","2"
"3.287284287309037","284","2"
"3.287082630253284","285","2"
"3.2868812848776785","286","2"
"3.286708302395541","287","2"
"3.286580825215011","288","2"
"3.2865001000566796","289","2"
"3.286460204997736","290","2"
"3.2864480494719643","291","2"
"3.2864511662734444","292","2"
"3.2864511662734444","293","2"
"3.2864330888248605","294","2"
"3.2863857134423653","295","2"
"3.2863052999641824","296","2"
"3.2861955885520877","297","2"
"3.2860646828899296","298","2"
"3.2859266085843672","299","2"
"3.2857950795619133","300","2"
"3.680397730932031","1","3"
"3.382181230289179","2","3"
"3.115793506359661","3","3"
"3.09342266373726","4","3"
"3.161626383802595","5","3"
"3.2313124546517984","6","3"
"3.2821811482459013","7","3"
"3.2725468031912026","8","3"
"3.205441755647553","9","3"
"3.1308417355850473","10","3"
"3.092249499660204","11","3"
"3.102861585339166","12","3"
"3.1472800582704954","13","3"
"3.198265631920097","14","3"
"3.2299086472652254","15","3"
"3.2281900429291763","16","3"
"3.200666192419961","17","3"
"3.1693170914543924","18","3"
"3.1506365417842623","19","3"
"3.146736176412243","20","3"
"3.1518053423392467","21","3"
"3.160320755662641","22","3"
"3.169880297481821","23","3"
"3.1801002895346038","24","3"
"3.1890451981019363","25","3"
"3.191026548802746","26","3"
"3.181660872035619","27","3"
"3.165983360591429","28","3"
"3.1572958998263414","29","3"
"3.1649089991212875","30","3"
"3.1824849543469202","31","3"
"3.190416902433266","32","3"
"3.1735057609633084","33","3"
"3.1378791616466453","34","3"
"3.109191185784665","35","3"
"3.1132031326496676","36","3"
"3.1535295569179596","37","3"
"3.2024271852561372","38","3"
"3.2200414771399735","39","3"
"3.1932026995960525","40","3"
"3.1511414636240156","41","3"
"3.1367539963123803","42","3"
"3.161358338875319","43","3"
"3.1891549095140306","44","3"
"3.175752351470062","45","3"
"3.1175339283060697","46","3"
"3.055484956123208","47","3"
"3.0438882728567274","48","3"
"3.1086420053638966","49","3"
"3.2112764080180347","50","3"
"3.2620603246118827","51","3"
"3.2085435964804074","52","3"
"3.100018750709296","53","3"
"3.0408004576305325","54","3"
"3.085529675669414","55","3"
"3.18144300761217","56","3"
"3.2228038982916605","57","3"
"3.1614814525337773","58","3"
"3.0376711889446546","59","3"
"2.944640275010564","60","3"
"2.9745328946445477","61","3"
"3.1293886827350907","62","3"
"3.2773769104446937","63","3"
"3.2714512474709974","64","3"
"3.1175803686481207","65","3"
"2.96706160981694","66","3"
"2.960302202447354","67","3"
"3.093643333282041","68","3"
"3.2326520559278844","69","3"
"3.2574789381164924","70","3"
"3.1445899469131433","71","3"
"2.9629620808303505","72","3"
"2.858183007077853","73","3"
"2.944684221911431","74","3"
"3.1613028598089756","75","3"
"3.308746270619882","76","3"
"3.262587687422292","77","3"
"3.0829221595512806","78","3"
"2.9429288393179185","79","3"
"2.965305292182983","80","3"
"3.1160101240625178","81","3"
"3.2619948717808036","82","3"
"3.298584251074626","83","3"
"3.18262334033263","84","3"
"2.977057503843314","85","3"
"2.85603116733609","86","3"
"2.9422889599740834","87","3"
"3.1566744096112376","88","3"
"3.325465417118674","89","3"
"3.3364964009165425","90","3"
"3.193291840118379","91","3"
"3.0223225000566","92","3"
"2.9741523331838446","93","3"
"3.0820525719383722","94","3"
"3.2584205238435877","95","3"
"3.386572180214144","96","3"
"3.3686088065645525","97","3"
"3.193479783247621","98","3"
"3.000872983951675","99","3"
"2.9540449117961898","100","3"
"3.0723446703687465","101","3"
"3.258543325821898","102","3"
"3.4084141016253957","103","3"
"3.4392635793137267","104","3"
"3.3184195756930803","105","3"
"3.1374761592152867","106","3"
"3.058423788238661","107","3"
"3.1430620908276676","108","3"
"3.321518923084751","109","3"
"3.485112040764061","110","3"
"3.552068105196969","111","3"
"3.4946597387376173","112","3"
"3.357969293032567","113","3"
"3.2422075459051407","114","3"
"3.219785276058321","115","3"
"3.282864974490604","116","3"
"3.373749658925596","117","3"
"3.4387801634041852","118","3"
"3.456298146122291","119","3"
"3.43572039939131","120","3"
"3.4044199205288295","121","3"
"3.3899794675920347","122","3"
"3.406825156230913","123","3"
"3.4510937110110564","124","3"
"3.5069891820320365","125","3"
"3.555820422498691","126","3"
"3.583751950641485","127","3"
"3.5859558409679635","128","3"
"3.5660881016141173","129","3"
"3.533017902871316","130","3"
"3.4968231106448564","131","3"
"3.465017398262474","132","3"
"3.4402061000812663","133","3"
"3.420133898550335","134","3"
"3.3992192255793707","135","3"
"3.371641142724404","136","3"
"3.3354921674797","137","3"
"3.295446255344604","138","3"
"3.257856382775715","139","3"
"3.225124045313341","140","3"
"3.226041943349189","141","3"
"3.3050812237595992","142","3"
"3.393843989747035","143","3"
"3.3937885106806918","144","3"
"3.29472066396007","145","3"
"3.151852717721742","146","3"
"3.053705262478152","147","3"
"3.015983860886809","148","3"
"3.0145068086654567","149","3"
"3.045560436850725","150","3"
"3.1111999643384984","151","3"
"3.190474874940793","152","3"
"3.2489248764547467","153","3"
"3.2790493861188397","154","3"
"3.304052990951361","155","3"
"3.3396387601686364","156","3"
"3.377632881889476","157","3"
"3.3988218333906763","158","3"
"3.391053517382028","159","3"
"3.358949215417866","160","3"
"3.318741852966108","161","3"
"3.2841886800791427","162","3"
"3.259662880913499","163","3"
"3.2452856990467476","164","3"
"3.2428137637929924","165","3"
"3.2539622510066555","166","3"
"3.276599268475444","167","3"
"3.30483530812283","168","3"
"3.331684371111635","169","3"
"3.351616628256116","170","3"
"3.361699169363633","171","3"
"3.361414605388513","172","3"
"3.3520430066985742","173","3"
"3.336287886897533","174","3"
"3.317932419621763","175","3"
"3.30110137994984","176","3"
"3.289243197039191","177","3"
"3.284319897421449","178","3"
"3.286540306795771","179","3"
"3.2945922517390955","180","3"
"3.3061505983473727","181","3"
"3.3185037293330395","182","3"
"3.3291170617325934","183","3"
"3.336065658952012","184","3"
"3.3383085092969904","185","3"
"3.335790445381332","186","3"
"3.329373262814246","187","3"
"3.320609440412899","188","3"
"3.3113939934771066","189","3"
"3.3035437055895356","190","3"
"3.2984016065079005","191","3"
"3.296644977193796","192","3"
"3.298194650889631","193","3"
"3.302311633964508","194","3"
"3.3078081133744144","195","3"
"3.3133566433690365","196","3"
"3.317770657624953","197","3"
"3.3202039445403564","198","3"
"3.3202837346582434","199","3"
"3.3181396869201802","200","3"
"3.3143231635079715","201","3"
"3.3096644803358775","202","3"
"3.305082782160339","203","3"
"3.3013887490462923","204","3"
"3.2991359249365786","205","3"
"3.2985303304090228","206","3"
"3.2994438649227984","207","3"
"3.301439864590564","208","3"
"3.303880320149371","209","3"
"3.3061197420127213","210","3"
"3.3076373126533127","211","3"
"3.3081079496767867","212","3"
"3.307424123432084","213","3"
"3.3057126877394385","214","3"
"3.3033130622800186","215","3"
"3.300679676709602","216","3"
"3.2982644672427823","217","3"
"3.296429917891679","218","3"
"3.2953839193150047","219","3"
"3.295173846895256","220","3"
"3.2956943527424087","221","3"
"3.296703261381471","222","3"
"3.2978692568151238","223","3"
"3.2988616464063423","224","3"
"3.2994326444374704","225","3"
"3.2994451116433905","226","3"
"3.298876295373298","227","3"
"3.2978131543884843","228","3"
"3.2964342814137506","229","3"
"3.2949737482402424","230","3"
"3.293665938339252","231","3"
"3.2926950546782447","232","3"
"3.292161769945024","233","3"
"3.2920707593418093","234","3"
"3.2923484663536735","235","3"
"3.2928568166750547","236","3"
"3.293420646062779","237","3"
"3.293870712196485","238","3"
"3.2940773561346064","239","3"
"3.2939745016857676","240","3"
"3.293563395570561","241","3"
"3.292906062138438","242","3"
"3.292107225919125","243","3"
"3.2912924940122634","244","3"
"3.2905837333557213","245","3"
"3.290071642872564","246","3"
"3.2898014161842517","247","3"
"3.289768689768712","248","3"
"3.2899245298427098","249","3"
"3.2901860294868785","250","3"
"3.290457191215635","251","3"
"3.290650432907392","252","3"
"3.2907037302126994","253","3"
"3.290587785197645","254","3"
"3.290311636586521","255","3"
"3.289914556077974","256","3"
"3.2894585680214563","257","3"
"3.2890119303693783","258","3"
"3.288635109070451","259","3"
"3.2883729860659865","260","3"
"3.288245820565604","261","3"
"3.2882451972053084","262","3"
"3.288338701249707","263","3"
"3.2884773989155653","264","3"
"3.2886126680997956","265","3"
"3.2886996268610864","266","3"
"3.2887064838243423","267","3"
"3.2886229535446794","268","3"
"3.2884549579449094","269","3"
"3.288227743117021","270","3"
"3.287974658836848","271","3"
"3.287734353442743","272","3"
"3.287537994949506","273","3"
"3.2874102060888277","274","3"
"3.2873587788644083","275","3"
"3.287378414713732","276","3"
"3.287447919386735","277","3"
"3.28753737158921","278","3"
"3.2876152916262087","279","3"
"3.287660485247668","280","3"
"3.2876492647623405","281","3"
"3.287580071769485","282","3"
"3.287456023070583","283","3"
"3.287284287309037","284","3"
"3.287082630253284","285","3"
"3.2868812848776785","286","3"
"3.286708302395541","287","3"
"3.286580825215011","288","3"
"3.2865001000566796","289","3"
"3.286460204997736","290","3"
"3.2864480494719643","291","3"
"3.2864511662734444","292","3"
"3.2864511662734444","293","3"
"3.2864330888248605","294","3"
"3.2863857134423653","295","3"
"3.2863052999641824","296","3"
"3.2861955885520877","297","3"
"3.2860646828899296","298","3"
"3.2859266085843672","299","3"
"3.2857950795619133","300","3"
"3.680397730932031","1","4"
"3.382181230289179","2","4"
"3.115793506359661","3","4"
"3.09342266373726","4","4"
"3.161626383802595","5","4"
"3.2313124546517984","6","4"
"3.2821811482459013","7","4"
"3.2725468031912026","8","4"
"3.205441755647553","9","4"
"3.1308417355850473","10","4"
"3.092249499660204","11","4"
"3.102861585339166","12","4"
"3.1472800582704954","13","4"
"3.198265631920097","14","4"
"3.2299086472652254","15","4"
"3.2281900429291763","16","4"
"3.200666192419961","17","4"
"3.1693170914543924","18","4"
"3.1506365417842623","19","4"
"3.146736176412243","20","4"
"3.1518053423392467","21","4"
"3.160320755662641","22","4"
"3.169880297481821","23","4"
"3.1801002895346038","24","4"
"3.1890451981019363","25","4"
"3.191026548802746","26","4"
"3.181660872035619","27","4"
"3.165983360591429","28","4"
"3.1572958998263414","29","4"
"3.1649089991212875","30","4"
"3.1824849543469202","31","4"
"3.190416902433266","32","4"
"3.1735057609633084","33","4"
"3.1378791616466453","34","4"
"3.109191185784665","35","4"
"3.1132031326496676","36","4"
"3.1535295569179596","37","4"
"3.2024271852561372","38","4"
"3.2200414771399735","39","4"
"3.1932026995960525","40","4"
"3.1511414636240156","41","4"
"3.1367539963123803","42","4"
"3.161358338875319","43","4"
"3.1891549095140306","44","4"
"3.175752351470062","45","4"
"3.1175339283060697","46","4"
"3.055484956123208","47","4"
"3.0438882728567274","48","4"
"3.1086420053638966","49","4"
"3.2112764080180347","50","4"
"3.2620603246118827","51","4"
"3.2085435964804074","52","4"
"3.100018750709296","53","4"
"3.0408004576305325","54","4"
"3.085529675669414","55","4"
"3.18144300761217","56","4"
"3.2228038982916605","57","4"
"3.1614814525337773","58","4"
"3.0376711889446546","59","4"
"2.944640275010564","60","4"
"2.9745328946445477","61","4"
"3.1293886827350907","62","4"
"3.2773769104446937","63","4"
"3.2714512474709974","64","4"
"3.1175803686481207","65","4"
"2.96706160981694","66","4"
"2.960302202447354","67","4"
"3.093643333282041","68","4"
"3.2326520559278844","69","4"
"3.2574789381164924","70","4"
"3.1445899469131433","71","4"
"2.9629620808303505","72","4"
"2.858183007077853","73","4"
"2.944684221911431","74","4"
"3.1613028598089756","75","4"
"3.308746270619882","76","4"
"3.262587687422292","77","4"
"3.0829221595512806","78","4"
"2.9429288393179185","79","4"
"2.965305292182983","80","4"
"3.1160101240625178","81","4"
"3.2619948717808036","82","4"
"3.298584251074626","83","4"
"3.18262334033263","84","4"
"2.977057503843314","85","4"
"2.85603116733609","86","4"
"2.9422889599740834","87","4"
"3.1566744096112376","88","4"
"3.325465417118674","89","4"
"3.3364964009165425","90","4"
"3.193291840118379","91","4"
"3.0223225000566","92","4"
"2.9741523331838446","93","4"
"3.0820525719383722","94","4"
"3.2584205238435877","95","4"
"3.386572180214144","96","4"
"3.3686088065645525","97","4"
"3.193479783247621","98","4"
"3.000872983951675","99","4"
"2.9540449117961898","100","4"
"3.0723446703687465","101","4"
"3.258543325821898","102","4"
"3.4084141016253957","103","4"
"3.4392635793137267","104","4"
"3.3184195756930803","105","4"
"3.1374761592152867","106","4"
"3.058423788238661","107","4"
"3.1430620908276676","108","4"
"3.321518923084751","109","4"
"3.485112040764061","110","4"
"3.552068105196969","111","4"
"3.4946597387376173","112","4"
"3.357969293032567","113","4"
"3.2422075459051407","114","4"
"3.219785276058321","115","4"
"3.282864974490604","116","4"
"3.373749658925596","117","4"
"3.4387801634041852","118","4"
"3.456298146122291","119","4"
"3.43572039939131","120","4"
"3.4044199205288295","121","4"
"3.3899794675920347","122","4"
"3.406825156230913","123","4"
"3.4510937110110564","124","4"
"3.5069891820320365","125","4"
"3.555820422498691","126","4"
"3.583751950641485","127","4"
"3.5859558409679635","128","4"
"3.5660881016141173","129","4"
"3.533017902871316","130","4"
"3.4968231106448564","131","4"
"3.465017398262474","132","4"
"3.4402061000812663","133","4"
"3.420133898550335","134","4"
"3.3992192255793707","135","4"
"3.371641142724404","136","4"
"3.3354921674797","137","4"
"3.295446255344604","138","4"
"3.257856382775715","139","4"
"3.225124045313341","140","4"
"3.226041943349189","141","4"
"3.3050812237595992","142","4"
"3.393843989747035","143","4"
"3.3937885106806918","144","4"
"3.29472066396007","145","4"
"3.151852717721742","146","4"
"3.053705262478152","147","4"
"3.015983860886809","148","4"
"3.0145068086654567","149","4"
"3.045560436850725","150","4"
"3.1111999643384984","151","4"
"3.190474874940793","152","4"
"3.2489248764547467","153","4"
"3.2790493861188397","154","4"
"3.304052990951361","155","4"
"3.3396387601686364","156","4"
"3.377632881889476","157","4"
"3.3988218333906763","158","4"
"3.391053517382028","159","4"
"3.358949215417866","160","4"
"3.318741852966108","161","4"
"3.2841886800791427","162","4"
"3.259662880913499","163","4"
"3.2452856990467476","164","4"
"3.2428137637929924","165","4"
"3.2539622510066555","166","4"
"3.276599268475444","167","4"
"3.30483530812283","168","4"
"3.331684371111635","169","4"
"3.351616628256116","170","4"
"3.361699169363633","171","4"
"3.361414605388513","172","4"
"3.3520430066985742","173","4"
"3.336287886897533","174","4"
"3.317932419621763","175","4"
"3.30110137994984","176","4"
"3.289243197039191","177","4"
"3.284319897421449","178","4"
"3.286540306795771","179","4"
"3.2945922517390955","180","4"
"3.3061505983473727","181","4"
"3.3185037293330395","182","4"
"3.3291170617325934","183","4"
"3.336065658952012","184","4"
"3.3383085092969904","185","4"
"3.335790445381332","186","4"
"3.329373262814246","187","4"
"3.320609440412899","188","4"
"3.3113939934771066","189","4"
"3.3035437055895356","190","4"
"3.2984016065079005","191","4"
"3.296644977193796","192","4"
"3.298194650889631","193","4"
"3.302311633964508","194","4"
"3.3078081133744144","195","4"
"3.3133566433690365","196","4"
"3.317770657624953","197","4"
"3.3202039445403564","198","4"
"3.3202837346582434","199","4"
"3.3181396869201802","200","4"
"3.3143231635079715","201","4"
"3.3096644803358775","202","4"
"3.305082782160339","203","4"
"3.3013887490462923","204","4"
"3.2991359249365786","205","4"
"3.2985303304090228","206","4"
"3.2994438649227984","207","4"
"3.301439864590564","208","4"
"3.303880320149371","209","4"
"3.3061197420127213","210","4"
"3.3076373126533127","211","4"
"3.3081079496767867","212","4"
"3.307424123432084","213","4"
"3.3057126877394385","214","4"
"3.3033130622800186","215","4"
"3.300679676709602","216","4"
"3.2982644672427823","217","4"
"3.296429917891679","218","4"
"3.2953839193150047","219","4"
"3.295173846895256","220","4"
"3.2956943527424087","221","4"
"3.296703261381471","222","4"
"3.2978692568151238","223","4"
"3.2988616464063423","224","4"
"3.2994326444374704","225","4"
"3.2994451116433905","226","4"
"3.298876295373298","227","4"
"3.2978131543884843","228","4"
"3.2964342814137506","229","4"
"3.2949737482402424","230","4"
"3.293665938339252","231","4"
"3.2926950546782447","232","4"
"3.292161769945024","233","4"
"3.2920707593418093","234","4"
"3.2923484663536735","235","4"
"3.2928568166750547","236","4"
"3.293420646062779","237","4"
"3.293870712196485","238","4"
"3.2940773561346064","239","4"
"3.2939745016857676","240","4"
"3.293563395570561","241","4"
"3.292906062138438","242","4"
"3.292107225919125","243","4"
"3.2912924940122634","244","4"
"3.2905837333557213","245","4"
"3.290071642872564","246","4"
"3.2898014161842517","247","4"
"3.289768689768712","248","4"
"3.2899245298427098","249","4"
"3.2901860294868785","250","4"
"3.290457191215635","251","4"
"3.290650432907392","252","4"
"3.2907037302126994","253","4"
"3.290587785197645","254","4"
"3.290311636586521","255","4"
"3.289914556077974","256","4"
"3.2894585680214563","257","4"
"3.2890119303693783","258","4"
"3.288635109070451","259","4"
"3.2883729860659865","260","4"
"3.288245820565604","261","4"
"3.2882451972053084","262","4"
"3.288338701249707","263","4"
"3.2884773989155653","264","4"
"3.2886126680997956","265","4"
"3.2886996268610864","266","4"
"3.2887064838243423","267","4"
"3.2886229535446794","268","4"
"3.2884549579449094","269","4"
"3.288227743117021","270","4"
"3.287974658836848","271","4"
"3.287734353442743","272","4"
"3.287537994949506","273","4"
"3.2874102060888277","274","4"
"3.2873587788644083","275","4"
"3.287378414713732","276","4"
"3.287447919386735","277","4"
"3.28753737158921","278","4"
"3.2876152916262087","279","4"
"3.287660485247668","280","4"
"3.2876492647623405","281","4"
"3.287580071769485","282","4"
"3.287456023070583","283","4"
"3.287284287309037","284","4"
"3.287082630253284","285","4"
"3.2868812848776785","286","4"
"3.286708302395541","287","4"
"3.286580825215011","288","4"
"3.2865001000566796","289","4"
"3.286460204997736","290","4"
"3.2864480494719643","291","4"
"3.2864511662734444","292","4"
"3.2864511662734444","293","4"
"3.2864330888248605","294","4"
"3.2863857134423653","295","4"
"3.2863052999641824","296","4"
"3.2861955885520877","297","4"
"3.2860646828899296","298","4"
"3.2859266085843672","299","4"
"3.2857950795619133","300","4"
"3.6651980251547185","1","5"
"3.3423229496031763","2","5"
"3.0074980571774743","3","5"
"2.9357667411971224","4","5"
"3.0028608799355925","5","5"
"3.0913724317237437","6","5"
"3.17395645045731","7","5"
"3.202724216437177","8","5"
"3.1624595048381883","9","5"
"3.092841691941396","10","5"
"3.0366429561364163","11","5"
"3.0156463112865293","12","5"
"3.029839913546111","13","5"
"3.0651489107919665","14","5"
"3.1021147997045677","15","5"
"3.122291725765226","16","5"
"3.1174613068315864","17","5"
"3.094633229432076","18","5"
"3.0694145652974374","19","5"
"3.054840401577153","20","5"
"3.0553029349167784","21","5"
"3.067080704349245","22","5"
"3.0821859710417145","23","5"
"3.0927123446799776","24","5"
"3.0942931863906127","25","5"
"3.0875774142417463","26","5"
"3.0770257945114956","27","5"
"3.067982395017397","28","5"
"3.064064887237237","29","5"
"3.066080211074178","30","5"
"3.0723256578797185","31","5"
"3.079626453666373","32","5"
"3.0846616464572456","33","5"
"3.0853308237349926","34","5"
"3.0816791791210734","35","5"
"3.0758202156990477","36","5"
"3.070744192808788","37","5"
"3.068634741567152","38","5"
"3.069697570871818","39","5"
"3.0722415042397597","40","5"
"3.0739903415501644","41","5"
"3.0737413091119157","42","5"
"3.0721436366732893","43","5"
"3.0709975887691083","44","5"
"3.0716627142049315","45","5"
"3.073870033013038","46","5"
"3.0759283687104024","47","5"
"3.0761290907257117","48","5"
"3.0741489867454943","49","5"
"3.071250984729429","50","5"
"3.0691253261200973","51","5"
"3.0684146953826668","52","5"
"3.0682912700440608","53","5"
"3.0674771614974956","54","5"
"3.0657632323636665","55","5"
"3.0645190052128672","56","5"
"3.065572484113093","57","5"
"3.0693615796722784","58","5"
"3.0740514308591713","59","5"
"3.0766000394293336","60","5"
"3.075086832310814","61","5"
"3.0703720467120807","62","5"
"3.0655316540137054","63","5"
"3.063401008522006","64","5"
"3.0642634274915106","65","5"
"3.0657610506026307","66","5"
"3.06519503945387","67","5"
"3.0622371948493896","68","5"
"3.059540849889078","69","5"
"3.0605145386714168","70","5"
"3.066097353482318","71","5"
"3.0733791367799443","72","5"
"3.0775045352188175","73","5"
"3.075512275712828","74","5"
"3.068881592244365","75","5"
"3.062443527107363","76","5"
"3.0603961002151783","77","5"
"3.062800712556966","78","5"
"3.0656800137641516","79","5"
"3.0648098027909474","80","5"
"3.0599182945483006","81","5"
"3.055415763130353","82","5"
"3.056747884082887","83","5"
"3.0653792424213355","84","5"
"3.076781748955615","85","5"
"3.0834610545271657","86","5"
"3.080875044339244","87","5"
"3.071333579968648","88","5"
"3.062305141121653","89","5"
"3.0602895056045636","90","5"
"3.065423189322203","91","5"
"3.0715109259728575","92","5"
"3.071633727951168","93","5"
"3.064677650408197","94","5"
"3.05697603395122","95","5"
"3.057203560459257","96","5"
"3.068714531685039","97","5"
"3.0858625500674735","98","5"
"3.0977466024304063","99","5"
"3.0967467325156357","100","5"
"3.084768552748008","101","5"
"3.071926707290284","102","5"
"3.068565860254445","103","5"
"3.0768440849852143","104","5"
"3.0889325995252324","105","5"
"3.0937567848559118","106","5"
"3.0868250183644848","107","5"
"3.0746511034639155","108","5"
"3.069920110497487","109","5"
"3.081125635178233","110","5"
"3.1050595537428323","111","5"
"3.1284972775118227","112","5"
"3.137807786892754","113","5"
"3.1293612548820673","114","5"
"3.1126576923906746","115","5"
"3.103225004391729","116","5"
"3.1104609707076003","117","5"
"3.1303072041312343","118","5"
"3.1487645908153996","119","5"
"3.153301407049627","120","5"
"3.1430225074488725","121","5"
"3.1299406682771913","122","5"
"3.1303555145541737","123","5"
"3.152586412790124","124","5"
"3.1896202479749887","125","5"
"3.2245327880725934","126","5"
"3.241859087499681","127","5"
"3.238077472264048","128","5"
"3.224191498310538","129","5"
"3.2179924918470486","130","5"
"3.2322867667944335","131","5"
"3.265991234638406","132","5"
"3.305298464822752","133","5"
"3.3339692982765925","134","5"
"3.343646343511567","135","5"
"3.338036724207938","136","5"
"3.3307483956272033","137","5"
"3.3386812787539935","138","5"
"3.369572521582156","139","5"
"3.4173736591596837","140","5"
"3.46666338112404","141","5"
"3.5006941780829646","142","5"
"3.5105591664471807","143","5"
"3.5001010507613284","144","5"
"3.4856216378060343","145","5"
"3.486461615804883","146","5"
"3.5142176680243558","147","5"
"3.5650461548793673","148","5"
"3.6224922346366264","149","5"
"3.6678853313907385","150","5"
"3.689741590088798","151","5"
"3.6872581226695673","152","5"
"3.6653719426773","153","5"
"3.6376289810240436","154","5"
"3.6176998406810426","155","5"
"3.613914173603485","156","5"
"3.6237991094971727","157","5"
"3.634475089606474","158","5"
"3.6289066120823805","159","5"
"3.5963011284402406","160","5"
"3.5388827882161533","161","5"
"3.4748696077406223","162","5"
"3.428599131369902","163","5"
"3.4128502451718203","164","5"
"3.39765801971806","165","5"
"3.344884025379258","166","5"
"3.2504349667717864","167","5"
"3.133850072373503","168","5"
"3.005885424091744","169","5"
"2.8762380146909554","170","5"
"2.761973890674649","171","5"
"2.701663470357308","172","5"
"2.728050935046931","173","5"
"2.823734558720614","174","5"
"2.9265285416105264","175","5"
"2.9877129130628473","176","5"
"3.013477952496922","177","5"
"3.0383487815863974","178","5"
"3.0807631511661135","179","5"
"3.133716049909865","180","5"
"3.177626484199961","181","5"
"3.194086624495769","182","5"
"3.177772662189371","183","5"
"3.1373474353141644","184","5"
"3.0848252785349435","185","5"
"3.0292520847869913","186","5"
"2.979514166769817","187","5"
"2.9455563029655236","188","5"
"2.934921464635758","189","5"
"2.9486213655409146","190","5"
"2.980922961038758","191","5"
"3.022257670585817","192","5"
"3.0629665263956998","193","5"
"3.0959500780573586","194","5"
"3.117363439265116","195","5"
"3.1259106439636053","196","5"
"3.122021810757061","197","5"
"3.107426141106565","198","5"
"3.0849518206750295","199","5"
"3.058311583385382","200","5"
"3.032011700817346","201","5"
"3.0109863813938436","202","5"
"2.9995134351461172","203","5"
"2.9998350890588488","204","5"
"3.0113264244353073","205","5"
"3.030698904033988","206","5"
"3.05306943497624","207","5"
"3.073472640824343","208","5"
"3.088218851986322","209","5"
"3.095596321089383","210","5"
"3.0957184997073974","211","5"
"3.08987699037366","212","5"
"3.079890446751725","213","5"
"3.0676984544025725","214","5"
"3.0552518193725073","215","5"
"3.0445287755608588","216","5"
"3.037403767377674","217","5"
"3.0352812255698227","218","5"
"3.038623995157078","219","5"
"3.0467239388431935","220","5"
"3.0578163236302167","221","5"
"3.069527393511012","222","5"
"3.0795095736108746","223","5"
"3.0860701290460386","224","5"
"3.088537389097574","225","5"
"3.087237059520135","226","5"
"3.0831727503902693","227","5"
"3.077607701347804","228","5"
"3.071766503694214","229","5"
"3.06670357137017","230","5"
"3.063278518223844","231","5"
"3.062074186131988","232","5"
"3.0633626718638025","233","5"
"3.0670454844925215","234","5"
"3.0726161437776507","235","5"
"3.079154569922307","236","5"
"3.0855415195150377","237","5"
"3.090706059567329","238","5"
"3.0939191702130175","239","5"
"3.0949767009551676","240","5"
"3.0942299153205695","241","5"
"3.0923866389253223","242","5"
"3.090214228293791","243","5"
"3.0883616014941038","244","5"
"3.08731404451669","245","5"
"3.087391652873541","246","5"
"3.0887409162342148","247","5"
"3.0913231862603605","248","5"
"3.094914676605716","249","5"
"3.0991379426110597","250","5"
"3.103512061808033","251","5"
"3.1075336707576233","252","5"
"3.110785118061516","253","5"
"3.1130451108146335","254","5"
"3.1143373367082243","255","5"
"3.114900542735653","256","5"
"3.115106563313478","257","5"
"3.1153506088693588","258","5"
"3.1159727224447584","259","5"
"3.117206975830822","260","5"
"3.1191584052374237","261","5"
"3.1218129850579044","262","5"
"3.1250529001963208","263","5"
"3.1286811687991403","264","5"
"3.1324602905935897","265","5"
"3.1361393630605323","266","5"
"3.1395129889824394","267","5"
"3.14243810717138","268","5"
"3.144828693906508","269","5"
"3.146687554309155","270","5"
"3.148198579666639","271","5"
"3.1497158386270825","272","5"
"3.151546024456114","273","5"
"3.1538306399409235","274","5"
"3.1565896326109826","275","5"
"3.159783107407348","276","5"
"3.1632804703480093","277","5"
"3.1669096739912725","278","5"
"3.170523605307284","279","5"
"3.1740356172149014","280","5"
"3.177406749695624","281","5"
"3.1806020945728775","282","5"
"3.1835711596626854","283","5"
"3.1863089580826807","284","5"
"3.1888881113073464","285","5"
"3.191433603076028","286","5"
"3.194058573282449","287","5"
"3.1968343966805","288","5"
"3.199789747843796","289","5"
"3.2029208866105625","290","5"
"3.2061872945615586","291","5"
"3.209531310869406","292","5"
"3.212885924302285","293","5"
"3.216174149863641","294","5"
"3.219331469762839","295","5"
"3.2223251575843386","296","5"
"3.225155525008289","297","5"
"3.2278546750899326","298","5"
"3.230473723373542","299","5"
"3.2330503831570234","300","5"
"3.6769951187563605","1","6"
"3.3687041806898392","2","6"
"3.078369135949358","3","6"
"3.042049359983552","4","6"
"3.114270637156553","5","6"
"3.1933351636589506","6","6"
"3.2554689128420673","7","6"
"3.2562583986569407","8","6"
"3.1928249432566815","9","6"
"3.1141472118179467","10","6"
"3.068410020180447","11","6"
"3.0757092575663614","12","6"
"3.1252907121492415","13","6"
"3.190617312768427","14","6"
"3.243219259665535","15","6"
"3.2626892951505386","16","6"
"3.247493017854854","17","6"
"3.2141148791258325","18","6"
"3.1818400881207167","19","6"
"3.160743082263175","20","6"
"3.15200855779574","21","6"
"3.153527063476776","22","6"
"3.1634247782565312","23","6"
"3.1802841808219213","24","6"
"3.2014927681724457","25","6"
"3.2219698422156235","26","6"
"3.235771350849027","27","6"
"3.240335906616426","28","6"
"3.2388604127958134","29","6"
"3.237169547992936","30","6"
"3.2373094923793864","31","6"
"3.2342706109364268","32","6"
"3.2203244827143536","33","6"
"3.194222517040295","34","6"
"3.1663165466696364","35","6"
"3.153440728075781","36","6"
"3.1668962717449087","37","6"
"3.2030651945190844","38","6"
"3.2442574662385093","39","6"
"3.2705470633616613","40","6"
"3.2740649971920903","41","6"
"3.263224138284499","42","6"
"3.252094040199568","43","6"
"3.245123313689642","44","6"
"3.2330460196349513","45","6"
"3.2050552722640377","46","6"
"3.1646721222088106","47","6"
"3.132188193824389","48","6"
"3.1306781035073494","49","6"
"3.167319533385887","50","6"
"3.224853195264733","51","6"
"3.271761369218253","52","6"
"3.2858536754297365","53","6"
"3.271307874602919","54","6"
"3.2517053750550176","55","6"
"3.2447570895157467","56","6"
"3.2434848111516277","57","6"
"3.224157213494258","58","6"
"3.174481943186831","59","6"
"3.112361907930227","60","6"
"3.0758775648462793","61","6"
"3.0943882488357515","62","6"
"3.1639222197727324","63","6"
"3.2461057295161244","64","6"
"3.2949562941519543","65","6"
"3.2921050441580886","66","6"
"3.2591813350848455","67","6"
"3.2344273860508688","68","6"
"3.2350516813873043","69","6"
"3.2412428958470936","70","6"
"3.2183216260833323","71","6"
"3.155225096923057","72","6"
"3.0803881999480747","73","6"
"3.042265666006261","74","6"
"3.072615208737207","75","6"
"3.1598145871022956","76","6"
"3.254869240237323","77","6"
"3.307263919836014","78","6"
"3.299946293321368","79","6"
"3.2576089087382063","80","6"
"3.2241475514096702","81","6"
"3.2261962250224467","82","6"
"3.2530602486583553","83","6"
"3.2710033630983273","84","6"
"3.2548371371820797","85","6"
"3.206225319539614","86","6"
"3.1525122329149013","87","6"
"3.1318091907644265","88","6"
"3.1645275026201403","89","6"
"3.234507176168756","90","6"
"3.3029253321759118","91","6"
"3.3378384956338127","92","6"
"3.329867275848819","93","6"
"3.293421269423075","94","6"
"3.259530416850601","95","6"
"3.258609402013273","96","6"
"3.299559809937853","97","6"
"3.3660231080567793","98","6"
"3.4321098965569266","99","6"
"3.4784293067108827","100","6"
"3.4981069211744513","101","6"
"3.49790183563707","102","6"
"3.492443692885367","103","6"
"3.5013063178936283","104","6"
"3.529501839121775","105","6"
"3.5705688154217055","106","6"
"3.609191284320904","107","6"
"3.628441585301571","108","6"
"3.619749449334263","109","6"
"3.586782728400596","110","6"
"3.533327089578128","111","6"
"3.468400062908673","112","6"
"3.3928918068949074","113","6"
"3.30652118604334","114","6"
"3.2230083604687456","115","6"
"3.166791547215182","116","6"
"3.152290316649528","117","6"
"3.1512851481722417","118","6"
"3.10150951685716","119","6"
"2.9956052777703976","120","6"
"2.898805839166889","121","6"
"2.8852465060084787","122","6"
"2.950812165301177","123","6"
"3.0113067885859834","124","6"
"3.018202400180243","125","6"
"3.012676622836425","126","6"
"3.0402344464817723","127","6"
"3.1031832392518974","128","6"
"3.177207586081055","129","6"
"3.231944541991934","130","6"
"3.249644234236321","131","6"
"3.2331049271829224","132","6"
"3.195257295131641","133","6"
"3.147819576606676","134","6"
"3.1003457031845434","135","6"
"3.061635963843906","136","6"
"3.038534542954603","137","6"
"3.033672332645868","138","6"
"3.0452026280408258","139","6"
"3.068717648486519","140","6"
"3.0992785103578058","141","6"
"3.1318727735146177","142","6"
"3.1611513832570495","143","6"
"3.1818497502053047","144","6"
"3.1901476107853974","145","6"
"3.1850460301230017","146","6"
"3.168821831699227","147","6"
"3.146247150260037","148","6"
"3.1229936294585126","149","6"
"3.1040101266845306","150","6"
"3.0924963503374165","151","6"
"3.0895967899206114","152","6"
"3.09463104767104","153","6"
"3.1056346036158846","154","6"
"3.1200158373245603","155","6"
"3.135099598086818","156","6"
"3.1484772217189474","157","6"
"3.158201018976121","158","6"
"3.1629581930749815","159","6"
"3.162272185069243","160","6"
"3.1566787731333097","161","6"
"3.1477101768747295","162","6"
"3.1375783903038292","163","6"
"3.128624131332057","164","6"
"3.122725584531236","165","6"
"3.1208916585404287","166","6"
"3.1231491578523625","167","6"
"3.128706414891128","168","6"
"3.1362634117594346","169","6"
"3.1443455896771146","170","6"
"3.1515859195150577","171","6"
"3.1569212602884504","172","6"
"3.159721083057897","173","6"
"3.159850118639167","174","6"
"3.1576627473605323","175","6"
"3.1539172870220664","176","6"
"3.149624204663572","177","6"
"3.145833550703647","178","6"
"3.143421146358159","179","6"
"3.14291248435663","180","6"
"3.144397328581682","181","6"
"3.1475655572860597","182","6"
"3.1518134460230947","183","6"
"3.156402001161889","184","6"
"3.160605631317909","185","6"
"3.1638601954232812","186","6"
"3.1658465330064587","187","6"
"3.1665203854864257","188","6"
"3.1660830982387878","189","6"
"3.164922089687503","190","6"
"3.16352139910241","191","6"
"3.1623656891136416","192","6"
"3.161856715431964","193","6"
"3.1622403936941472","194","6"
"3.163570956245941","195","6"
"3.1657137572634126","196","6"
"3.1683879729332167","197","6"
"3.1712454565300425","198","6"
"3.1739340094866546","199","6"
"3.1761684444676366","200","6"
"3.177798531641655","201","6"
"3.1787818825085816","202","6"
"3.1792088843113357","203","6"
"3.1792858693078907","204","6"
"3.1793042584366225","205","6"
"3.1795249279814035","206","6"
"3.18008844568898","207","6"
"3.1810477971845112","208","6"
"3.182397683905481","209","6"
"3.184073899741403","210","6"
"3.1859661099198853","211","6"
"3.1879243962897434","212","6"
"3.189801645821122","213","6"
"3.1914750565357117","214","6"
"3.192861721514145","215","6"
"3.193934524583547","216","6"
"3.194730555681528","217","6"
"3.19533833197012","218","6"
"3.195875356865117","219","6"
"3.196461003863201","220","6"
"3.1971666477182636","221","6"
"3.1980178462024402","222","6"
"3.199016157716471","223","6"
"3.2001597121794676","224","6"
"3.2014173415766307","225","6"
"3.2027105025106652","226","6"
"3.203938833973917","227","6"
"3.2050228575286464","228","6"
"3.2059186262739865","229","6"
"3.206626451890085","230","6"
"3.2071725155093738","231","6"
"3.2076016990731637","232","6"
"3.207965741486023","233","6"
"3.2083042261267463","234","6"
"3.208635230443918","235","6"
"3.2090036363788492","236","6"
"3.209385756240292","237","6"
"3.209686527583108","238","6"
"3.209817121565118","239","6"
"3.20980745948053","240","6"
"3.209750110333299","241","6"
"3.20968309910148","242","6"
"3.2095989454615212","243","6"
"3.2094839354869107","244","6"
"3.2093399392585367","245","6"
"3.209161969894031","246","6"
"3.2089116907351904","247","6"
"3.2085252073516757","248","6"
"3.207970416688243","249","6"
"3.207296875888424","250","6"
"3.2066124262834252","251","6"
"3.206022415763269","252","6"
"3.2055527137802393","253","6"
"3.2051581267128766","254","6"
"3.204761669564626","255","6"
"3.204298512864704","256","6"
"3.2037633580505953","257","6"
"3.203196723541539","258","6"
"3.2026425562384024","259","6"
"3.2021042846228136","260","6"
"3.2015470005181967","261","6"
"3.2009579250384848","262","6"
"3.200344538507229","263","6"
"3.1997102694060575","264","6"
"3.199069766701926","265","6"
"3.1984342508801626","266","6"
"3.1978386301173427","267","6"
"3.197303786983382","268","6"
"3.19684063028346","269","6"
"3.1964292124881055","270","6"
"3.196026521736895","271","6"
"3.1955957797723644","272","6"
"3.195131376351851","273","6"
"3.1946454670011253","274","6"
"3.1941302597164882","275","6"
"3.193589494659715","276","6"
"3.1930499763235347","277","6"
"3.1925438077631894","278","6"
"3.192075040820604","279","6"
"3.1916259097273416","280","6"
"3.1911892458399995","281","6"
"3.190774087882869","282","6"
"3.1903882278596503","283","6"
"3.1900179518438314","284","6"
"3.1896339619015004","285","6"
"3.189216933863482","286","6"
"3.188768114450368","287","6"
"3.1882974774268944","288","6"
"3.1878168666386846","289","6"
"3.187328463846775","290","6"
"3.1868372559335336","291","6"
"3.186350723222512","292","6"
"3.185876034357115","293","6"
"3.185418176219709","294","6"
"3.1849762137698505","295","6"
"3.1845485886068006","296","6"
"3.184129690487894","297","6"
"3.1837129741300236","298","6"
"3.1832931409706733","299","6"
"3.182866762528215","300","6"
"3.667506328330776","1","7"
"3.3411323314378323","2","7"
"2.9714933898412923","3","7"
"2.8652540945954343","4","7"
"2.9229323760629504","5","7"
"3.015953939592601","6","7"
"3.11211723901405","7","7"
"3.1610859304259704","8","7"
"3.1365205478815312","9","7"
"3.069977771324866","10","7"
"3.005969266051555","11","7"
"2.972987272790636","12","7"
"2.9775349978300434","13","7"
"3.0088454504572604","14","7"
"3.0481311747113944","15","7"
"3.075713309408285","16","7"
"3.079787280622739","17","7"
"3.0626738587367317","18","7"
"3.036949026041748","19","7"
"3.015908434290994","20","7"
"3.0071686112610427","21","7"
"3.0115486523808284","22","7"
"3.0247523584903755","23","7"
"3.03982115860553","24","7"
"3.0499136734777825","25","7"
"3.051096499639427","26","7"
"3.0439490504855864","27","7"
"3.0330249729784806","28","7"
"3.024340629014873","29","7"
"3.022154816136978","30","7"
"3.026728410628669","31","7"
"3.034348055206723","32","7"
"3.039719550877283","33","7"
"3.0393975852844033","34","7"
"3.03399242815786","35","7"
"3.027556233101746","36","7"
"3.0245416627103303","37","7"
"3.026637088345306","38","7"
"3.0318483804197967","39","7"
"3.036366807525292","40","7"
"3.0376001258709113","41","7"
"3.0359002223437423","42","7"
"3.033690098414304","43","7"
"3.032933962375266","44","7"
"3.033274628777025","45","7"
"3.032564309719743","46","7"
"3.029282006081199","47","7"
"3.0245528831956583","48","7"
"3.021739034819552","49","7"
"3.0237253724027293","50","7"
"3.0301777748265386","51","7"
"3.0372759785169956","52","7"
"3.0404585445081813","53","7"
"3.0380595424090573","54","7"
"3.032700513944417","55","7"
"3.029047622609906","56","7"
"3.0297445394208244","57","7"
"3.0330361934638086","58","7"
"3.034286654217568","59","7"
"3.0302762657533053","60","7"
"3.022561558730113","61","7"
"3.0167730350215343","62","7"
"3.0181656219227797","63","7"
"3.0270404024568127","64","7"
"3.0379769471698386","65","7"
"3.043826871867572","66","7"
"3.0413892214300966","67","7"
"3.0339381958121083","68","7"
"3.0282653054384365","69","7"
"3.028672983072015","70","7"
"3.033144034795015","71","7"
"3.035176189359948","72","7"
"3.0299091065389665","73","7"
"3.01919042624939","74","7"
"3.0108963058310727","75","7"
"3.0126937652445647","76","7"
"3.0253476675730475","77","7"
"3.041283873540074","78","7"
"3.0500692018716324","79","7"
"3.046677498501142","80","7"
"3.0355766983501224","81","7"
"3.026790746658268","82","7"
"3.027166321236603","83","7"
"3.034376729780339","84","7"
"3.0390114135810364","85","7"
"3.0332677718137693","86","7"
"3.018717919145028","87","7"
"3.0060842760261655","88","7"
"3.0068257630982473","89","7"
"3.023356343107502","90","7"
"3.0460310738741985","91","7"
"3.0599522676844324","92","7"
"3.0567070539834997","93","7"
"3.0412601858488264","94","7"
"3.0276622043520645","95","7"
"3.0269886635522454","96","7"
"3.0378276523789483","97","7"
"3.047591656375214","98","7"
"3.043853053000004","99","7"
"3.026053623108258","100","7"
"3.0072244020075343","101","7"
"3.0039629809389057","102","7"
"3.0227230090467745","103","7"
"3.0534852162936668","104","7"
"3.0764417059141516","105","7"
"3.0772037638760015","106","7"
"3.0584309568820647","107","7"
"3.037639397569559","108","7"
"3.0325901791720264","109","7"
"3.046465244320357","110","7"
"3.0654041768331752","111","7"
"3.0706210791503294","112","7"
"3.05489214048172","113","7"
"3.0295497393283273","114","7"
"3.016191128185226","115","7"
"3.0297245918913527","116","7"
"3.0660727307506264","117","7"
"3.1041650317180842","118","7"
"3.121141626019121","119","7"
"3.1095284237047967","120","7"
"3.0830430914487033","121","7"
"3.0659034884302647","122","7"
"3.0736836482845367","123","7"
"3.1012346149666277","124","7"
"3.127728674266865","125","7"
"3.133933914333314","126","7"
"3.117269311860421","127","7"
"3.0937888879111552","128","7"
"3.086710008389874","129","7"
"3.109637511756595","130","7"
"3.156714928030477","131","7"
"3.2070163637552276","132","7"
"3.238879113604693","133","7"
"3.243155365235196","134","7"
"3.2282062502968722","135","7"
"3.214766602315292","136","7"
"3.2221930052015884","137","7"
"3.2546463889315063","138","7"
"3.299189533922034","139","7"
"3.3368479761234817","140","7"
"3.3556229648784544","141","7"
"3.356192092828695","142","7"
"3.3506092780177936","143","7"
"3.35535928347325","144","7"
"3.381523896857056","145","7"
"3.426858397743345","146","7"
"3.480390086521924","147","7"
"3.527323194887284","148","7"
"3.558587830532746","149","7"
"3.574334534969791","150","7"
"3.5798768313614526","151","7"
"3.584255625760646","152","7"
"3.5955811472983705","153","7"
"3.617353252356471","154","7"
"3.6468506615627962","155","7"
"3.6761925423752713","156","7"
"3.694700421243412","157","7"
"3.6960649569313375","158","7"
"3.6809615603197554","159","7"
"3.6525756025211837","160","7"
"3.612277229466211","161","7"
"3.563408275701649","162","7"
"3.5128281979245903","163","7"
"3.463596448467761","164","7"
"3.4186814690606746","165","7"
"3.3674440578514924","166","7"
"3.29709067980543","167","7"
"3.2191394747916733","168","7"
"3.1575717367573177","169","7"
"3.1094127903698903","170","7"
"3.0467049263541655","171","7"
"2.956008496728564","172","7"
"2.8627089145069005","173","7"
"2.808734016557871","174","7"
"2.8200573563345595","175","7"
"2.8873970990296502","176","7"
"2.9822248490169367","177","7"
"3.0800958439692545","178","7"
"3.1668591818072973","179","7"
"3.233055370039391","180","7"
"3.270523063990266","181","7"
"3.27541955911528","182","7"
"3.2513167099104665","183","7"
"3.2074639364477497","184","7"
"3.1545683868512295","185","7"
"3.102768392974915","186","7"
"3.060942475514615","187","7"
"3.0360373616088605","188","7"
"3.0319954934496507","189","7"
"3.0485151646537254","190","7"
"3.080802734544909","191","7"
"3.1210627709416783","192","7"
"3.160734666899179","193","7"
"3.1923617865567597","194","7"
"3.210865613582976","195","7"
"3.2142685374387945","196","7"
"3.2037412287600877","197","7"
"3.1829802141020855","198","7"
"3.1571338261493835","199","7"
"3.131609715469709","200","7"
"3.111059084911604","201","7"
"3.0987065772862334","202","7"
"3.096051685785605","203","7"
"3.102852858295022","204","7"
"3.1173073368384765","205","7"
"3.136400862704701","206","7"
"3.156428182294321","207","7"
"3.1736968208940297","208","7"
"3.185246440458163","209","7"
"3.189441966930335","210","7"
"3.1862765433472893","211","7"
"3.177307635408561","212","7"
"3.16516675860368","213","7"
"3.1528183028202332","214","7"
"3.1428619921726546","215","7"
"3.137077208625852","216","7"
"3.136249386152775","217","7"
"3.14019089330433","218","7"
"3.147896561603231","219","7"
"3.1577846142983987","220","7"
"3.1680120866747337","221","7"
"3.176812063973248","222","7"
"3.1828225039471993","223","7"
"3.18534960658715","224","7"
"3.184440123915298","225","7"
"3.1808227641176585","226","7"
"3.175695625683127","227","7"
"3.170452853913689","228","7"
"3.166372337416128","229","7"
"3.164315248439355","230","7"
"3.164645317716083","231","7"
"3.167266859440876","232","7"
"3.171724197237364","233","7"
"3.177268675390062","234","7"
"3.1829774089807534","235","7"
"3.187961174547207","236","7"
"3.1915523532124146","237","7"
"3.1934280443430536","238","7"
"3.1936371817223588","239","7"
"3.1925394442411177","240","7"
"3.190701154728238","241","7"
"3.188776218134216","242","7"
"3.1873736574682345","243","7"
"3.1869391753419283","244","7"
"3.1876710003294226","245","7"
"3.189508666482006","246","7"
"3.192188180714326","247","7"
"3.195332410047308","248","7"
"3.1985149760384934","249","7"
"3.201326954333712","250","7"
"3.2034544830239313","251","7"
"3.2047395402741183","252","7"
"3.205199268492412","253","7"
"3.205006961841099","254","7"
"3.204440950692338","255","7"
"3.2038172787161985","256","7"
"3.2034164580458757","257","7"
"3.2034401457371238","258","7"
"3.20398184583434","259","7"
"3.2050231692087943","260","7"
"3.2064422489226194","261","7"
"3.208051141846574","262","7"
"3.209622321472621","263","7"
"3.210937923377311","264","7"
"3.2118717171007067","265","7"
"3.2123286401976685","266","7"
"3.2122432398371177","267","7"
"3.2116560344382936","268","7"
"3.2107671226562093","269","7"
"3.20984018589607","270","7"
"3.2090628556069682","271","7"
"3.2085816214584626","272","7"
"3.208439806991125","273","7"
"3.208573829454763","274","7"
"3.2088347057386355","275","7"
"3.209038544555425","276","7"
"3.2090478949598644","277","7"
"3.208814446529016","278","7"
"3.2083858863255212","279","7"
"3.207821433577501","280","7"
"3.2071438409357578","281","7"
"3.2063630821650286","282","7"
"3.205515935522776","283","7"
"3.204660373516527","284","7"
"3.203858732175882","285","7"
"3.203165243846591","286","7"
"3.202602349499311","287","7"
"3.2021672440127085","288","7"
"3.201830629452873","289","7"
"3.201520196025469","290","7"
"3.2011773478626737","291","7"
"3.2007706052695393","292","7"
"3.200274722154078","293","7"
"3.199665699144894","294","7"
"3.198930445675772","295","7"
"3.1981334795373466","296","7"
"3.197372356615941","297","7"
"3.1967184516654457","298","7"
"3.1961745698071926","299","7"
"3.195706737905051","300","7"
"3.6647626079879685","1","8"
"3.3577685710172576","2","8"
"3.1054235961556915","3","8"
"3.117714391111759","4","8"
"3.214679955234149","5","8"
"3.2998889441741364","6","8"
"3.3496374593163427","7","8"
"3.3219206787955176","8","8"
"3.2351342766265234","9","8"
"3.152693319080887","10","8"
"3.115481514531517","11","8"
"3.1285147316001103","12","8"
"3.1723774788275634","13","8"
"3.2206358511822013","14","8"
"3.2497003366629604","15","8"
"3.2460549256520013","16","8"
"3.2152584335888292","17","8"
"3.178619185471328","18","8"
"3.156720226592993","19","8"
"3.1568140423175395","20","8"
"3.172786403181734","21","8"
"3.1926282730832964","22","8"
"3.2059647549358896","23","8"
"3.208321056854738","24","8"
"3.2015962459815803","25","8"
"3.191160571266384","26","8"
"3.181891827025284","27","8"
"3.176298415089351","28","8"
"3.1751280561336266","29","8"
"3.178213689598785","30","8"
"3.1840932239105784","31","8"
"3.18953297753355","32","8"
"3.190710505132678","33","8"
"3.186004134897941","34","8"
"3.178066888249079","35","8"
"3.1726673413651993","36","8"
"3.17440589323072","37","8"
"3.1825765883104307","38","8"
"3.1910224969608216","39","8"
"3.192808735888986","40","8"
"3.1860882885379","41","8"
"3.1758838804925165","42","8"
"3.169877180680341","43","8"
"3.1717806113441513","44","8"
"3.178187508466354","45","8"
"3.1819298520033397","46","8"
"3.1790879524139135","47","8"
"3.1730419809030903","48","8"
"3.171334597052369","49","8"
"3.177983357969416","50","8"
"3.1885642756335786","51","8"
"3.193411213615062","52","8"
"3.1867225576390714","53","8"
"3.172865569939325","54","8"
"3.163189771424942","55","8"
"3.165837494282167","56","8"
"3.17785993263081","57","8"
"3.187267374537768","58","8"
"3.1840897954289504","59","8"
"3.1705784610133314","60","8"
"3.1601973303240345","61","8"
"3.1652509122436387","62","8"
"3.184227246374217","63","8"
"3.2013428500212595","64","8"
"3.2003956540515004","65","8"
"3.180622042102349","66","8"
"3.158581268756676","67","8"
"3.153589087826227","68","8"
"3.1700423711587784","69","8"
"3.1924761731710745","70","8"
"3.1988054619364257","71","8"
"3.1813139720308996","72","8"
"3.155692305464903","73","8"
"3.147756617216781","74","8"
"3.1688424025889947","75","8"
"3.2029109128458266","76","8"
"3.219412818281466","77","8"
"3.201984599445983","78","8"
"3.164926141529427","79","8"
"3.14095139286544","80","8"
"3.152290940009824","81","8"
"3.190484848705529","82","8"
"3.22193618075964","83","8"
"3.2168162109685126","84","8"
"3.1774310607471676","85","8"
"3.138789579358941","86","8"
"3.1380618062133707","87","8"
"3.1793478936573423","88","8"
"3.227672030523207","89","8"
"3.2403402701384976","90","8"
"3.206315083422237","91","8"
"3.1556480468838872","92","8"
"3.1328508258190286","93","8"
"3.160228810018982","94","8"
"3.2199626220625306","95","8"
"3.268029311126151","96","8"
"3.268854951838192","97","8"
"3.222857195596968","98","8"
"3.1668607402080373","99","8"
"3.146854614868481","100","8"
"3.1782816358710484","101","8"
"3.23225154693771","102","8"
"3.2638060451208077","103","8"
"3.2498281255236385","104","8"
"3.202722034676141","105","8"
"3.15620907115028","106","8"
"3.1411976201823566","107","8"
"3.1641784208543853","108","8"
"3.207438066995466","109","8"
"3.2484196429348455","110","8"
"3.276091853194507","111","8"
"3.2946673666547626","112","8"
"3.3143577600043987","113","8"
"3.3434587120624735","114","8"
"3.387679891460121","115","8"
"3.4481720213037437","116","8"
"3.5178786630427146","117","8"
"3.5824594130677463","118","8"
"3.626322471975347","119","8"
"3.6398631043248777","120","8"
"3.625096945633427","121","8"
"3.5938575560799535","122","8"
"3.560045558584922","123","8"
"3.5327532864256677","124","8"
"3.512315172400989","125","8"
"3.493859655797712","126","8"
"3.473141341319985","127","8"
"3.4508693013044995","128","8"
"3.4283903056707445","129","8"
"3.3937900690814318","130","8"
"3.3352845885011346","131","8"
"3.257335876928562","132","8"
"3.167771157920333","133","8"
"3.058575888150883","134","8"
"2.9324797623563588","135","8"
"2.8222107544770627","136","8"
"2.7721708183964804","137","8"
"2.800736303960298","138","8"
"2.8838489322248657","139","8"
"2.9859045448441752","140","8"
"3.0871429321154404","141","8"
"3.180331867884565","142","8"
"3.257695555819349","143","8"
"3.306251582715323","144","8"
"3.3145413396115684","145","8"
"3.283568748264779","146","8"
"3.226929920090829","147","8"
"3.160808535094254","148","8"
"3.0982717834797793","149","8"
"3.049950140055098","150","8"
"3.024398289842252","151","8"
"3.0255038193271933","152","8"
"3.050628044376989","153","8"
"3.0919851948947032","154","8"
"3.139780098869272","155","8"
"3.1847087922028705","156","8"
"3.2190518926700866","157","8"
"3.2372172350555792","158","8"
"3.236580472513224","159","8"
"3.218335340009844","160","8"
"3.1874440971816815","161","8"
"3.1513085241833414","162","8"
"3.1177427540052265","163","8"
"3.093157735611464","164","8"
"3.0814778337454682","165","8"
"3.0837742930759013","166","8"
"3.098432610436145","167","8"
"3.1217219744546894","168","8"
"3.1486168544252493","169","8"
"3.1737837796553205","170","8"
"3.1925662487338453","171","8"
"3.2018265776109494","172","8"
"3.2004841712135312","173","8"
"3.1896246114970603","174","8"
"3.1721580560033744","175","8"
"3.152089594634219","176","8"
"3.1335929362514063","177","8"
"3.1201370809021305","178","8"
"3.1138638945634187","179","8"
"3.1153219342957432","180","8"
"3.123542809879281","181","8"
"3.1363796684546372","182","8"
"3.1510061944397854","183","8"
"3.164482308998681","184","8"
"3.1743061555833614","185","8"
"3.1788582441448408","186","8"
"3.1776595222956487","187","8"
"3.1713956863613766","188","8"
"3.1616968235160425","189","8"
"3.150730669188957","190","8"
"3.140727294839031","191","8"
"3.1335259250195873","192","8"
"3.1302542185060753","193","8"
"3.131177103424291","194","8"
"3.135735737268878","195","8"
"3.142730774830348","196","8"
"3.1506000752069467","197","8"
"3.1577422257982715","198","8"
"3.1628207421297154","199","8"
"3.1650012564450942","200","8"
"3.1640743196849543","201","8"
"3.160448856203467","202","8"
"3.1550271800290797","203","8"
"3.1489833902792923","204","8"
"3.143510910240782","205","8"
"3.1395865454973664","206","8"
"3.1378040467309782","207","8"
"3.1382946312839235","208","8"
"3.1407425671662828","209","8"
"3.144480858861345","210","8"
"3.148650827561381","211","8"
"3.152387249175555","212","8"
"3.1549835448083603","213","8"
"3.1560067907342306","214","8"
"3.155358807706547","215","8"
"3.1532727324760113","216","8"
"3.1502469415992675","217","8"
"3.1469200676995603","218","8"
"3.14393261348102","219","8"
"3.1418029030297645","220","8"
"3.1408394996923095","221","8"
"3.14109912925559","222","8"
"3.1424016405940645","223","8"
"3.1443801861735423","224","8"
"3.1465716092941007","225","8"
"3.148512753255819","226","8"
"3.1498236799582893","227","8"
"3.150275927853031","228","8"
"3.1498249266788814","229","8"
"3.1486053222597734","230","8"
"3.1468885880046127","231","8"
"3.1450197538372295","232","8"
"3.143343538001308","233","8"
"3.142139829269748","234","8"
"3.141572571400396","235","8"
"3.1416698156065705","236","8"
"3.1423280840791374","237","8"
"3.14334634312264","238","8"
"3.144471196776757","239","8"
"3.14544893740102","240","8"
"3.1460757261786396","241","8"
"3.1462306312121933","242","8"
"3.145895886733246","243","8"
"3.145148477738352","244","8"
"3.144135828937513","245","8"
"3.143047130180564","246","8"
"3.142068766196005","247","8"
"3.141348473373987","248","8"
"3.1409713403949118","249","8"
"3.140952639586032","250","8"
"3.1412381386015964","251","8"
"3.14171812602951","252","8"
"3.1422532808436188","253","8"
"3.1427070871391005","254","8"
"3.1429623531803093","255","8"
"3.1429576779780892","256","8"
"3.142686204569185","257","8"
"3.1421872046522434","258","8"
"3.141536728183376","259","8"
"3.1408370062511257","260","8"
"3.1401933867455143","261","8"
"3.139692205067537","262","8"
"3.139385200121761","263","8"
"3.1392789171912945","264","8"
"3.1393424999414856","265","8"
"3.139517040824363","266","8"
"3.1397277366044083","267","8"
"3.139897602285066","268","8"
"3.139963366796293","269","8"
"3.139888251880626","270","8"
"3.1396613487328855","271","8"
"3.1393035399229863","272","8"
"3.138859395712092","273","8"
"3.1383893820489144","274","8"
"3.137955523282904","275","8"
"3.137606441517149","276","8"
"3.137363954362008","277","8"
"3.137230555258666","278","8"
"3.1371894134791303","279","8"
"3.137207490927714","280","8"
"3.1372414640638455","281","8"
"3.137246762626362","282","8"
"3.1371856733173544","283","8"
"3.1370423004492762","284","8"
"3.1368178907427193","285","8"
"3.136527093164639","286","8"
"3.136193283726136","287","8"
"3.1358488771626005","288","8"
"3.1355269115697206","289","8"
"3.1352535680799285","290","8"
"3.135044430700623","291","8"
"3.134898252711213","292","8"
"3.1348038136263705","293","8"
"3.134739607515883","294","8"
"3.13468412844954","295","8"
"3.134615558816981","296","8"
"3.1345161328497704","297","8"
"3.134374941742728","298","8"
"3.1341894920546705","299","8"
"3.1339697575503336","300","8"
"3.667506328330776","1","9"
"3.3411323314378323","2","9"
"2.9714933898412923","3","9"
"2.8652540945954343","4","9"
"2.9229323760629504","5","9"
"3.015953939592601","6","9"
"3.11211723901405","7","9"
"3.1610859304259704","8","9"
"3.1365205478815312","9","9"
"3.069977771324866","10","9"
"3.005969266051555","11","9"
"2.972987272790636","12","9"
"2.9775349978300434","13","9"
"3.0088454504572604","14","9"
"3.0481311747113944","15","9"
"3.075713309408285","16","9"
"3.079787280622739","17","9"
"3.0626738587367317","18","9"
"3.036949026041748","19","9"
"3.015908434290994","20","9"
"3.0071686112610427","21","9"
"3.0115486523808284","22","9"
"3.0247523584903755","23","9"
"3.03982115860553","24","9"
"3.0499136734777825","25","9"
"3.051096499639427","26","9"
"3.0439490504855864","27","9"
"3.0330249729784806","28","9"
"3.024340629014873","29","9"
"3.022154816136978","30","9"
"3.026728410628669","31","9"
"3.034348055206723","32","9"
"3.039719550877283","33","9"
"3.0393975852844033","34","9"
"3.03399242815786","35","9"
"3.027556233101746","36","9"
"3.0245416627103303","37","9"
"3.026637088345306","38","9"
"3.0318483804197967","39","9"
"3.036366807525292","40","9"
"3.0376001258709113","41","9"
"3.0359002223437423","42","9"
"3.033690098414304","43","9"
"3.032933962375266","44","9"
"3.033274628777025","45","9"
"3.032564309719743","46","9"
"3.029282006081199","47","9"
"3.0245528831956583","48","9"
"3.021739034819552","49","9"
"3.0237253724027293","50","9"
"3.0301777748265386","51","9"
"3.0372759785169956","52","9"
"3.0404585445081813","53","9"
"3.0380595424090573","54","9"
"3.032700513944417","55","9"
"3.029047622609906","56","9"
"3.0297445394208244","57","9"
"3.0330361934638086","58","9"
"3.034286654217568","59","9"
"3.0302762657533053","60","9"
"3.022561558730113","61","9"
"3.0167730350215343","62","9"
"3.0181656219227797","63","9"
"3.0270404024568127","64","9"
"3.0379769471698386","65","9"
"3.043826871867572","66","9"
"3.0413892214300966","67","9"
"3.0339381958121083","68","9"
"3.0282653054384365","69","9"
"3.028672983072015","70","9"
"3.033144034795015","71","9"
"3.035176189359948","72","9"
"3.0299091065389665","73","9"
"3.01919042624939","74","9"
"3.0108963058310727","75","9"
"3.0126937652445647","76","9"
"3.0253476675730475","77","9"
"3.041283873540074","78","9"
"3.0500692018716324","79","9"
"3.046677498501142","80","9"
"3.0355766983501224","81","9"
"3.026790746658268","82","9"
"3.027166321236603","83","9"
"3.034376729780339","84","9"
"3.0390114135810364","85","9"
"3.0332677718137693","86","9"
"3.018717919145028","87","9"
"3.0060842760261655","88","9"
"3.0068257630982473","89","9"
"3.023356343107502","90","9"
"3.0460310738741985","91","9"
"3.0599522676844324","92","9"
"3.0567070539834997","93","9"
"3.0412601858488264","94","9"
"3.0276622043520645","95","9"
"3.0269886635522454","96","9"
"3.0378276523789483","97","9"
"3.047591656375214","98","9"
"3.043853053000004","99","9"
"3.026053623108258","100","9"
"3.0072244020075343","101","9"
"3.0039629809389057","102","9"
"3.0227230090467745","103","9"
"3.0534852162936668","104","9"
"3.0764417059141516","105","9"
"3.0772037638760015","106","9"
"3.0584309568820647","107","9"
"3.037639397569559","108","9"
"3.0325901791720264","109","9"
"3.046465244320357","110","9"
"3.0654041768331752","111","9"
"3.0706210791503294","112","9"
"3.05489214048172","113","9"
"3.0295497393283273","114","9"
"3.016191128185226","115","9"
"3.0297245918913527","116","9"
"3.0660727307506264","117","9"
"3.1041650317180842","118","9"
"3.121141626019121","119","9"
"3.1095284237047967","120","9"
"3.0830430914487033","121","9"
"3.0659034884302647","122","9"
"3.0736836482845367","123","9"
"3.1012346149666277","124","9"
"3.127728674266865","125","9"
"3.133933914333314","126","9"
"3.117269311860421","127","9"
"3.0937888879111552","128","9"
"3.086710008389874","129","9"
"3.109637511756595","130","9"
"3.156714928030477","131","9"
"3.2070163637552276","132","9"
"3.238879113604693","133","9"
"3.243155365235196","134","9"
"3.2282062502968722","135","9"
"3.214766602315292","136","9"
"3.2221930052015884","137","9"
"3.2546463889315063","138","9"
"3.299189533922034","139","9"
"3.3368479761234817","140","9"
"3.3556229648784544","141","9"
"3.356192092828695","142","9"
"3.3506092780177936","143","9"
"3.35535928347325","144","9"
"3.381523896857056","145","9"
"3.426858397743345","146","9"
"3.480390086521924","147","9"
"3.527323194887284","148","9"
"3.558587830532746","149","9"
"3.574334534969791","150","9"
"3.5798768313614526","151","9"
"3.584255625760646","152","9"
"3.5955811472983705","153","9"
"3.617353252356471","154","9"
"3.6468506615627962","155","9"
"3.6761925423752713","156","9"
"3.694700421243412","157","9"
"3.6960649569313375","158","9"
"3.6809615603197554","159","9"
"3.6525756025211837","160","9"
"3.612277229466211","161","9"
"3.563408275701649","162","9"
"3.5128281979245903","163","9"
"3.463596448467761","164","9"
"3.4186814690606746","165","9"
"3.3674440578514924","166","9"
"3.29709067980543","167","9"
"3.2191394747916733","168","9"
"3.1575717367573177","169","9"
"3.1094127903698903","170","9"
"3.0467049263541655","171","9"
"2.956008496728564","172","9"
"2.8627089145069005","173","9"
"2.808734016557871","174","9"
"2.8200573563345595","175","9"
"2.8873970990296502","176","9"
"2.9822248490169367","177","9"
"3.0800958439692545","178","9"
"3.1668591818072973","179","9"
"3.233055370039391","180","9"
"3.270523063990266","181","9"
"3.27541955911528","182","9"
"3.2513167099104665","183","9"
"3.2074639364477497","184","9"
"3.1545683868512295","185","9"
"3.102768392974915","186","9"
"3.060942475514615","187","9"
"3.0360373616088605","188","9"
"3.0319954934496507","189","9"
"3.0485151646537254","190","9"
"3.080802734544909","191","9"
"3.1210627709416783","192","9"
"3.160734666899179","193","9"
"3.1923617865567597","194","9"
"3.210865613582976","195","9"
"3.2142685374387945","196","9"
"3.2037412287600877","197","9"
"3.1829802141020855","198","9"
"3.1571338261493835","199","9"
"3.131609715469709","200","9"
"3.111059084911604","201","9"
"3.0987065772862334","202","9"
"3.096051685785605","203","9"
"3.102852858295022","204","9"
"3.1173073368384765","205","9"
"3.136400862704701","206","9"
"3.156428182294321","207","9"
"3.1736968208940297","208","9"
"3.185246440458163","209","9"
"3.189441966930335","210","9"
"3.1862765433472893","211","9"
"3.177307635408561","212","9"
"3.16516675860368","213","9"
"3.1528183028202332","214","9"
"3.1428619921726546","215","9"
"3.137077208625852","216","9"
"3.136249386152775","217","9"
"3.14019089330433","218","9"
"3.147896561603231","219","9"
"3.1577846142983987","220","9"
"3.1680120866747337","221","9"
"3.176812063973248","222","9"
"3.1828225039471993","223","9"
"3.18534960658715","224","9"
"3.184440123915298","225","9"
"3.1808227641176585","226","9"
"3.175695625683127","227","9"
"3.170452853913689","228","9"
"3.166372337416128","229","9"
"3.164315248439355","230","9"
"3.164645317716083","231","9"
"3.167266859440876","232","9"
"3.171724197237364","233","9"
"3.177268675390062","234","9"
"3.1829774089807534","235","9"
"3.187961174547207","236","9"
"3.1915523532124146","237","9"
"3.1934280443430536","238","9"
"3.1936371817223588","239","9"
"3.1925394442411177","240","9"
"3.190701154728238","241","9"
"3.188776218134216","242","9"
"3.1873736574682345","243","9"
"3.1869391753419283","244","9"
"3.1876710003294226","245","9"
"3.189508666482006","246","9"
"3.192188180714326","247","9"
"3.195332410047308","248","9"
"3.1985149760384934","249","9"
"3.201326954333712","250","9"
"3.2034544830239313","251","9"
"3.2047395402741183","252","9"
"3.205199268492412","253","9"
"3.205006961841099","254","9"
"3.204440950692338","255","9"
"3.2038172787161985","256","9"
"3.2034164580458757","257","9"
"3.2034401457371238","258","9"
"3.20398184583434","259","9"
"3.2050231692087943","260","9"
"3.2064422489226194","261","9"
"3.208051141846574","262","9"
"3.209622321472621","263","9"
"3.210937923377311","264","9"
"3.2118717171007067","265","9"
"3.2123286401976685","266","9"
"3.2122432398371177","267","9"
"3.2116560344382936","268","9"
"3.2107671226562093","269","9"
"3.20984018589607","270","9"
"3.2090628556069682","271","9"
"3.2085816214584626","272","9"
"3.208439806991125","273","9"
"3.208573829454763","274","9"
"3.2088347057386355","275","9"
"3.209038544555425","276","9"
"3.2090478949598644","277","9"
"3.208814446529016","278","9"
"3.2083858863255212","279","9"
"3.207821433577501","280","9"
"3.2071438409357578","281","9"
"3.2063630821650286","282","9"
"3.205515935522776","283","9"
"3.204660373516527","284","9"
"3.203858732175882","285","9"
"3.203165243846591","286","9"
"3.202602349499311","287","9"
"3.2021672440127085","288","9"
"3.201830629452873","289","9"
"3.201520196025469","290","9"
"3.2011773478626737","291","9"
"3.2007706052695393","292","9"
"3.200274722154078","293","9"
"3.199665699144894","294","9"
"3.198930445675772","295","9"
"3.1981334795373466","296","9"
"3.197372356615941","297","9"
"3.1967184516654457","298","9"
"3.1961745698071926","299","9"
"3.195706737905051","300","9"
"3.6679018504385823","1","10"
"3.3415649434832506","2","10"
"2.9745509720931316","3","10"
"2.871260171047314","4","10"
"2.9298697527970416","5","10"
"3.022778799793266","6","10"
"3.118097757693794","7","10"
"3.165369974060173","8","10"
"3.1389784575286264","9","10"
"3.071384383832771","10","10"
"3.007470629324451","11","10"
"2.9754373904340317","12","10"
"2.980860625009159","13","10"
"3.012093780959673","14","10"
"3.050249352997174","15","10"
"3.0764379657523757","16","10"
"3.0800307028183234","17","10"
"3.064010343211338","18","10"
"3.040485037320761","19","10"
"3.021475665094495","20","10"
"3.0135346782838575","21","10"
"3.0173664740233184","22","10"
"3.029365536360862","23","10"
"3.0432851717703553","24","10"
"3.0524488798015805","25","10"
"3.0525941227505466","26","10"
"3.044048164772649","27","10"
"3.0317511362136216","28","10"
"3.02263667364578","29","10"
"3.0216498942972247","30","10"
"3.0287907981679574","31","10"
"3.0392202392801937","32","10"
"3.0463692468347743","33","10"
"3.0462056147570764","34","10"
"3.03981180820109","35","10"
"3.032266655178407","36","10"
"3.0286468019395834","37","10"
"3.030255071503242","38","10"
"3.034187228250357","39","10"
"3.036374287848844","40","10"
"3.0352095391357836","41","10"
"3.0326899168193853","42","10"
"3.032270395340183","43","10"
"3.035385638419401","44","10"
"3.039790302270878","45","10"
"3.041437220172888","46","10"
"3.0382583943434787","47","10"
"3.0323614059433974","48","10"
"3.028567323501844","49","10"
"3.0302715905510857","50","10"
"3.0362421354660936","51","10"
"3.041385169588173","52","10"
"3.0410348411018253","53","10"
"3.0352057989740073","54","10"
"3.028948820002991","55","10"
"3.028202346048541","56","10"
"3.0345656079500243","57","10"
"3.043532645807864","58","10"
"3.0480445276302515","59","10"
"3.044420310869356","60","10"
"3.035541478493399","61","10"
"3.0287951616900295","62","10"
"3.0299932601789252","63","10"
"3.0382069671190592","64","10"
"3.0464094535738657","65","10"
"3.0476203309488294","66","10"
"3.0411133844991203","67","10"
"3.0331829948135147","68","10"
"3.031820017526329","69","10"
"3.039736693285423","70","10"
"3.0517878062076815","71","10"
"3.058847673239935","72","10"
"3.0553858418361455","73","10"
"3.044577397663946","74","10"
"3.0359662985351172","75","10"
"3.037472648690381","76","10"
"3.048519528175797","77","10"
"3.0603178684980312","78","10"
"3.063339919212999","79","10"
"3.055615861785366","80","10"
"3.04488783109135","81","10"
"3.0420649439909515","82","10"
"3.052418646827225","83","10"
"3.0707064795108803","84","10"
"3.0848894846454304","85","10"
"3.0857902402731385","86","10"
"3.0747430491075742","87","10"
"3.0628309455313216","88","10"
"3.0618126864878192","89","10"
"3.0740723134290873","90","10"
"3.090472299456332","91","10"
"3.098223161376692","92","10"
"3.0920528294868186","93","10"
"3.0789900028041655","94","10"
"3.0730020038008696","95","10"
"3.084085973223897","96","10"
"3.1104447633399044","97","10"
"3.1396697640968814","98","10"
"3.157638747989137","99","10"
"3.158430103884898","100","10"
"3.148446988744592","101","10"
"3.141536728183376","102","10"
"3.1480171818205056","103","10"
"3.1664708283428946","104","10"
"3.185630430400494","105","10"
"3.194377110393701","106","10"
"3.1909112271479874","107","10"
"3.184359087076819","108","10"
"3.1882778415775705","109","10"
"3.211618944500682","110","10"
"3.253065858901019","111","10"
"3.302519212943073","112","10"
"3.347447594596524","113","10"
"3.378819448212896","114","10"
"3.394527815991738","115","10"
"3.400486205380974","116","10"
"3.4071823416805165","117","10"
"3.4225481729767107","118","10"
"3.446945248241232","119","10"
"3.4737061057481537","120","10"
"3.493921056786867","121","10"
"3.502069310895922","122","10"
"3.4995219490463523","123","10"
"3.4935532742122324","124","10"
"3.49192225199777","125","10"
"3.49819575001663","126","10"
"3.5089845583395056","127","10"
"3.5153291194321086","128","10"
"3.507467922739358","129","10"
"3.4788210886569133","130","10"
"3.4318010215302626","131","10"
"3.376054533620025","132","10"
"3.329575854910443","133","10"
"3.311661726724235","134","10"
"3.315830760383827","135","10"
"3.320895874468907","136","10"
"3.3130970138057556","137","10"
"3.2766612928248953","138","10"
"3.1901257931750377","139","10"
"3.061166885221172","140","10"
"2.9216407735296555","141","10"
"2.819760636833667","142","10"
"2.7884405221218627","143","10"
"2.817086109483715","144","10"
"2.870499359806056","145","10"
"2.927583267231344","146","10"
"2.98842634892161","147","10"
"3.056760662968955","148","10"
"3.1277589072412204","149","10"
"3.1875497567518525","150","10"
"3.2230145940717057","151","10"
"3.229618784727589","152","10"
"3.2097977973959426","153","10"
"3.1690041645858047","154","10"
"3.115687223429194","155","10"
"3.0614012686924648","156","10"
"3.0179926394406418","157","10"
"2.993486164444174","158","10"
"2.9900028271101724","159","10"
"3.0048986447431894","160","10"
"3.0332428374019296","161","10"
"3.069218830164496","162","10"
"3.1064209726292784","163","10"
"3.138201750599821","164","10"
"3.1587735754079893","165","10"
"3.1646783558117706","166","10"
"3.1557262786010343","167","10"
"3.1348739416596696","168","10"
"3.107252846944279","169","10"
"3.078843824814755","170","10"
"3.055195716945868","171","10"
"3.040375949268962","172","10"
"3.0363353278303444","173","10"
"3.04279458721741","174","10"
"3.0576021993685436","175","10"
"3.077366772593403","176","10"
"3.098156461825021","177","10"
"3.116169704298292","178","10"
"3.128328346871609","179","10"
"3.1327797627452854","180","10"
"3.129225050657393","181","10"
"3.118928696968351","182","10"
"3.1043913115055295","183","10"
"3.088748708237915","184","10"
"3.0750793519872617","185","10"
"3.06579066021669","186","10"
"3.062222234202286","187","10"
"3.0645121482496114","188","10"
"3.071712894708759","189","10"
"3.082080623151692","190","10"
"3.0934628704763516","191","10"
"3.1037084203012704","192","10"
"3.1110369556210964","193","10"
"3.1143292330243764","194","10"
"3.1132872862896264","195","10"
"3.108448140311843","196","10"
"3.1010270359880625","197","10"
"3.092639099845199","198","10"
"3.0849515089948816","199","10"
"3.0793562269780606","200","10"
"3.0767243998083837","201","10"
"3.077286670795368","202","10"
"3.0806615434378672","203","10"
"3.085984728685488","204","10"
"3.0921148538362697","205","10"
"3.097856937202797","206","10"
"3.1021852394180147","207","10"
"3.104416869277665","208","10"
"3.1043096513067545","209","10"
"3.1020742812853284","210","10"
"3.098303263174727","211","10"
"3.0938272245693588","212","10"
"3.0895425575748603","213","10"
"3.0862365662450686","214","10"
"3.0844468988352762","215","10"
"3.0843792642431613","216","10"
"3.085899951685233","217","10"
"3.088594738244805","218","10"
"3.091867068118613","219","10"
"3.0950636597164585","220","10"
"3.0975998010807","221","10"
"3.099062204335097","222","10"
"3.099269471633514","223","10"
"3.098288925887919","224","10"
"3.0964023259521003","225","10"
"3.0940385437096998","226","10"
"3.0916778782687797","227","10"
"3.089762292079197","228","10"
"3.088610945612501","229","10"
"3.0883762504610597","230","10"
"3.089024233488743","231","10"
"3.090362588044237","232","10"
"3.09208680262295","233","10"
"3.093844678657647","234","10"
"3.095307393592191","235","10"
"3.096229343469963","236","10"
"3.096487726312651","237","10"
"3.0960915808445484","238","10"
"3.0951671375255927","239","10"
"3.0939319490990855","240","10"
"3.0926428400069748","241","10"
"3.0915472842867695","242","10"
"3.090833536747859","243","10"
"3.090602581758194","244","10"
"3.0908581594795503","245","10"
"3.0915114410697497","246","10"
"3.0924097032562736","247","10"
"3.093365314590029","248","10"
"3.094198435625622","249","10"
"3.0947660051751225","250","10"
"3.0949860513596072","251","10"
"3.0948467303334533","252","10"
"3.094403832843151","253","10"
"3.0937670703007956","254","10"
"3.093074205331801","255","10"
"3.092457701999065","256","10"
"3.092026648354387","257","10"
"3.0918468089089934","258","10"
"3.09193283262984","259","10"
"3.092246071178576","260","10"
"3.0927089161983496","261","10"
"3.093224746843283","262","10"
"3.0936956955469044","263","10"
"3.0940385437096998","264","10"
"3.094201240746954","265","10"
"3.094170072732154","266","10"
"3.093967480635957","267","10"
"3.0936461384033733","268","10"
"3.0932780441485903","269","10"
"3.0929364427063866","270","10"
"3.0926827350659183","271","10"
"3.092558998047164","272","10"
"3.0925780105361915","273","10"
"3.0927260586064897","274","10"
"3.0929651172800026","275","10"
"3.0932431359720147","276","10"
"3.093507752417663","277","10"
"3.0937131496351924","278","10"
"3.0938272245693588","279","10"
"3.093838133374539","280","10"
"3.093751797973544","281","10"
"3.093594087818658","282","10"
"3.0934027162077884","283","10"
"3.093217578199879","284","10"
"3.093072958611209","285","10"
"3.0929950385742098","286","10"
"3.0929934801734698","287","10"
"3.093064231567065","288","10"
"3.093188903626263","289","10"
"3.0933416268987814","290","10"
"3.093493103450707","291","10"
"3.0936152820687215","292","10"
"3.0936919553851285","293","10"
"3.093713772995488","294","10"
"3.0936838517012806","295","10"
"3.09361403534813","296","10"
"3.093520531303731","297","10"
"3.0934251571784444","298","10"
"3.093347237141445","299","10"
"3.093301731839838","300","10"
"3.680397730932031","1","11"
"3.382181230289179","2","11"
"3.115793506359661","3","11"
"3.09342266373726","4","11"
"3.161626383802595","5","11"
"3.2313124546517984","6","11"
"3.2821811482459013","7","11"
"3.2725468031912026","8","11"
"3.205441755647553","9","11"
"3.1308417355850473","10","11"
"3.092249499660204","11","11"
"3.102861585339166","12","11"
"3.1472800582704954","13","11"
"3.198265631920097","14","11"
"3.2299086472652254","15","11"
"3.2281900429291763","16","11"
"3.200666192419961","17","11"
"3.1693170914543924","18","11"
"3.1506365417842623","19","11"
"3.146736176412243","20","11"
"3.1518053423392467","21","11"
"3.160320755662641","22","11"
"3.169880297481821","23","11"
"3.1801002895346038","24","11"
"3.1890451981019363","25","11"
"3.191026548802746","26","11"
"3.181660872035619","27","11"
"3.165983360591429","28","11"
"3.1572958998263414","29","11"
"3.1649089991212875","30","11"
"3.1824849543469202","31","11"
"3.190416902433266","32","11"
"3.1735057609633084","33","11"
"3.1378791616466453","34","11"
"3.109191185784665","35","11"
"3.1132031326496676","36","11"
"3.1535295569179596","37","11"
"3.2024271852561372","38","11"
"3.2200414771399735","39","11"
"3.1932026995960525","40","11"
"3.1511414636240156","41","11"
"3.1367539963123803","42","11"
"3.161358338875319","43","11"
"3.1891549095140306","44","11"
"3.175752351470062","45","11"
"3.1175339283060697","46","11"
"3.055484956123208","47","11"
"3.0438882728567274","48","11"
"3.1086420053638966","49","11"
"3.2112764080180347","50","11"
"3.2620603246118827","51","11"
"3.2085435964804074","52","11"
"3.100018750709296","53","11"
"3.0408004576305325","54","11"
"3.085529675669414","55","11"
"3.18144300761217","56","11"
"3.2228038982916605","57","11"
"3.1614814525337773","58","11"
"3.0376711889446546","59","11"
"2.944640275010564","60","11"
"2.9745328946445477","61","11"
"3.1293886827350907","62","11"
"3.2773769104446937","63","11"
"3.2714512474709974","64","11"
"3.1175803686481207","65","11"
"2.96706160981694","66","11"
"2.960302202447354","67","11"
"3.093643333282041","68","11"
"3.2326520559278844","69","11"
"3.2574789381164924","70","11"
"3.1445899469131433","71","11"
"2.9629620808303505","72","11"
"2.858183007077853","73","11"
"2.944684221911431","74","11"
"3.1613028598089756","75","11"
"3.308746270619882","76","11"
"3.262587687422292","77","11"
"3.0829221595512806","78","11"
"2.9429288393179185","79","11"
"2.965305292182983","80","11"
"3.1160101240625178","81","11"
"3.2619948717808036","82","11"
"3.298584251074626","83","11"
"3.18262334033263","84","11"
"2.977057503843314","85","11"
"2.85603116733609","86","11"
"2.9422889599740834","87","11"
"3.1566744096112376","88","11"
"3.325465417118674","89","11"
"3.3364964009165425","90","11"
"3.193291840118379","91","11"
"3.0223225000566","92","11"
"2.9741523331838446","93","11"
"3.0820525719383722","94","11"
"3.2584205238435877","95","11"
"3.386572180214144","96","11"
"3.3686088065645525","97","11"
"3.193479783247621","98","11"
"3.000872983951675","99","11"
"2.9540449117961898","100","11"
"3.0723446703687465","101","11"
"3.258543325821898","102","11"
"3.4084141016253957","103","11"
"3.4392635793137267","104","11"
"3.3184195756930803","105","11"
"3.1374761592152867","106","11"
"3.058423788238661","107","11"
"3.1430620908276676","108","11"
"3.321518923084751","109","11"
"3.485112040764061","110","11"
"3.552068105196969","111","11"
"3.4946597387376173","112","11"
"3.357969293032567","113","11"
"3.2422075459051407","114","11"
"3.219785276058321","115","11"
"3.282864974490604","116","11"
"3.373749658925596","117","11"
"3.4387801634041852","118","11"
"3.456298146122291","119","11"
"3.43572039939131","120","11"
"3.4044199205288295","121","11"
"3.3899794675920347","122","11"
"3.406825156230913","123","11"
"3.4510937110110564","124","11"
"3.5069891820320365","125","11"
"3.555820422498691","126","11"
"3.583751950641485","127","11"
"3.5859558409679635","128","11"
"3.5660881016141173","129","11"
"3.533017902871316","130","11"
"3.4968231106448564","131","11"
"3.465017398262474","132","11"
"3.4402061000812663","133","11"
"3.420133898550335","134","11"
"3.3992192255793707","135","11"
"3.371641142724404","136","11"
"3.3354921674797","137","11"
"3.295446255344604","138","11"
"3.257856382775715","139","11"
"3.225124045313341","140","11"
"3.226041943349189","141","11"
"3.3050812237595992","142","11"
"3.393843989747035","143","11"
"3.3937885106806918","144","11"
"3.29472066396007","145","11"
"3.151852717721742","146","11"
"3.053705262478152","147","11"
"3.015983860886809","148","11"
"3.0145068086654567","149","11"
"3.045560436850725","150","11"
"3.1111999643384984","151","11"
"3.190474874940793","152","11"
"3.2489248764547467","153","11"
"3.2790493861188397","154","11"
"3.304052990951361","155","11"
"3.3396387601686364","156","11"
"3.377632881889476","157","11"
"3.3988218333906763","158","11"
"3.391053517382028","159","11"
"3.358949215417866","160","11"
"3.318741852966108","161","11"
"3.2841886800791427","162","11"
"3.259662880913499","163","11"
"3.2452856990467476","164","11"
"3.2428137637929924","165","11"
"3.2539622510066555","166","11"
"3.276599268475444","167","11"
"3.30483530812283","168","11"
"3.331684371111635","169","11"
"3.351616628256116","170","11"
"3.361699169363633","171","11"
"3.361414605388513","172","11"
"3.3520430066985742","173","11"
"3.336287886897533","174","11"
"3.317932419621763","175","11"
"3.30110137994984","176","11"
"3.289243197039191","177","11"
"3.284319897421449","178","11"
"3.286540306795771","179","11"
"3.2945922517390955","180","11"
"3.3061505983473727","181","11"
"3.3185037293330395","182","11"
"3.3291170617325934","183","11"
"3.336065658952012","184","11"
"3.3383085092969904","185","11"
"3.335790445381332","186","11"
"3.329373262814246","187","11"
"3.320609440412899","188","11"
"3.3113939934771066","189","11"
"3.3035437055895356","190","11"
"3.2984016065079005","191","11"
"3.296644977193796","192","11"
"3.298194650889631","193","11"
"3.302311633964508","194","11"
"3.3078081133744144","195","11"
"3.3133566433690365","196","11"
"3.317770657624953","197","11"
"3.3202039445403564","198","11"
"3.3202837346582434","199","11"
"3.3181396869201802","200","11"
"3.3143231635079715","201","11"
"3.3096644803358775","202","11"
"3.305082782160339","203","11"
"3.3013887490462923","204","11"
"3.2991359249365786","205","11"
"3.2985303304090228","206","11"
"3.2994438649227984","207","11"
"3.301439864590564","208","11"
"3.303880320149371","209","11"
"3.3061197420127213","210","11"
"3.3076373126533127","211","11"
"3.3081079496767867","212","11"
"3.307424123432084","213","11"
"3.3057126877394385","214","11"
"3.3033130622800186","215","11"
"3.300679676709602","216","11"
"3.2982644672427823","217","11"
"3.296429917891679","218","11"
"3.2953839193150047","219","11"
"3.295173846895256","220","11"
"3.2956943527424087","221","11"
"3.296703261381471","222","11"
"3.2978692568151238","223","11"
"3.2988616464063423","224","11"
"3.2994326444374704","225","11"
"3.2994451116433905","226","11"
"3.298876295373298","227","11"
"3.2978131543884843","228","11"
"3.2964342814137506","229","11"
"3.2949737482402424","230","11"
"3.293665938339252","231","11"
"3.2926950546782447","232","11"
"3.292161769945024","233","11"
"3.2920707593418093","234","11"
"3.2923484663536735","235","11"
"3.2928568166750547","236","11"
"3.293420646062779","237","11"
"3.293870712196485","238","11"
"3.2940773561346064","239","11"
"3.2939745016857676","240","11"
"3.293563395570561","241","11"
"3.292906062138438","242","11"
"3.292107225919125","243","11"
"3.2912924940122634","244","11"
"3.2905837333557213","245","11"
"3.290071642872564","246","11"
"3.2898014161842517","247","11"
"3.289768689768712","248","11"
"3.2899245298427098","249","11"
"3.2901860294868785","250","11"
"3.290457191215635","251","11"
"3.290650432907392","252","11"
"3.2907037302126994","253","11"
"3.290587785197645","254","11"
"3.290311636586521","255","11"
"3.289914556077974","256","11"
"3.2894585680214563","257","11"
"3.2890119303693783","258","11"
"3.288635109070451","259","11"
"3.2883729860659865","260","11"
"3.288245820565604","261","11"
"3.2882451972053084","262","11"
"3.288338701249707","263","11"
"3.2884773989155653","264","11"
"3.2886126680997956","265","11"
"3.2886996268610864","266","11"
"3.2887064838243423","267","11"
"3.2886229535446794","268","11"
"3.2884549579449094","269","11"
"3.288227743117021","270","11"
"3.287974658836848","271","11"
"3.287734353442743","272","11"
"3.287537994949506","273","11"
"3.2874102060888277","274","11"
"3.2873587788644083","275","11"
"3.287378414713732","276","11"
"3.287447919386735","277","11"
"3.28753737158921","278","11"
"3.2876152916262087","279","11"
"3.287660485247668","280","11"
"3.2876492647623405","281","11"
"3.287580071769485","282","11"
"3.287456023070583","283","11"
"3.287284287309037","284","11"
"3.287082630253284","285","11"
"3.2868812848776785","286","11"
"3.286708302395541","287","11"
"3.286580825215011","288","11"
"3.2865001000566796","289","11"
"3.286460204997736","290","11"
"3.2864480494719643","291","11"
"3.2864511662734444","292","11"
"3.2864511662734444","293","11"
"3.2864330888248605","294","11"
"3.2863857134423653","295","11"
"3.2863052999641824","296","11"
"3.2861955885520877","297","11"
"3.2860646828899296","298","11"
"3.2859266085843672","299","11"
"3.2857950795619133","300","11"
"3.667506328330776","1","12"
"3.3411323314378323","2","12"
"2.9714933898412923","3","12"
"2.8652540945954343","4","12"
"2.9229323760629504","5","12"
"3.015953939592601","6","12"
"3.11211723901405","7","12"
"3.1610859304259704","8","12"
"3.1365205478815312","9","12"
"3.069977771324866","10","12"
"3.005969266051555","11","12"
"2.972987272790636","12","12"
"2.9775349978300434","13","12"
"3.0088454504572604","14","12"
"3.0481311747113944","15","12"
"3.075713309408285","16","12"
"3.079787280622739","17","12"
"3.0626738587367317","18","12"
"3.036949026041748","19","12"
"3.015908434290994","20","12"
"3.0071686112610427","21","12"
"3.0115486523808284","22","12"
"3.0247523584903755","23","12"
"3.03982115860553","24","12"
"3.0499136734777825","25","12"
"3.051096499639427","26","12"
"3.0439490504855864","27","12"
"3.0330249729784806","28","12"
"3.024340629014873","29","12"
"3.022154816136978","30","12"
"3.026728410628669","31","12"
"3.034348055206723","32","12"
"3.039719550877283","33","12"
"3.0393975852844033","34","12"
"3.03399242815786","35","12"
"3.027556233101746","36","12"
"3.0245416627103303","37","12"
"3.026637088345306","38","12"
"3.0318483804197967","39","12"
"3.036366807525292","40","12"
"3.0376001258709113","41","12"
"3.0359002223437423","42","12"
"3.033690098414304","43","12"
"3.032933962375266","44","12"
"3.033274628777025","45","12"
"3.032564309719743","46","12"
"3.029282006081199","47","12"
"3.0245528831956583","48","12"
"3.021739034819552","49","12"
"3.0237253724027293","50","12"
"3.0301777748265386","51","12"
"3.0372759785169956","52","12"
"3.0404585445081813","53","12"
"3.0380595424090573","54","12"
"3.032700513944417","55","12"
"3.029047622609906","56","12"
"3.0297445394208244","57","12"
"3.0330361934638086","58","12"
"3.034286654217568","59","12"
"3.0302762657533053","60","12"
"3.022561558730113","61","12"
"3.0167730350215343","62","12"
"3.0181656219227797","63","12"
"3.0270404024568127","64","12"
"3.0379769471698386","65","12"
"3.043826871867572","66","12"
"3.0413892214300966","67","12"
"3.0339381958121083","68","12"
"3.0282653054384365","69","12"
"3.028672983072015","70","12"
"3.033144034795015","71","12"
"3.035176189359948","72","12"
"3.0299091065389665","73","12"
"3.01919042624939","74","12"
"3.0108963058310727","75","12"
"3.0126937652445647","76","12"
"3.0253476675730475","77","12"
"3.041283873540074","78","12"
"3.0500692018716324","79","12"
"3.046677498501142","80","12"
"3.0355766983501224","81","12"
"3.026790746658268","82","12"
"3.027166321236603","83","12"
"3.034376729780339","84","12"
"3.0390114135810364","85","12"
"3.0332677718137693","86","12"
"3.018717919145028","87","12"
"3.0060842760261655","88","12"
"3.0068257630982473","89","12"
"3.023356343107502","90","12"
"3.0460310738741985","91","12"
"3.0599522676844324","92","12"
"3.0567070539834997","93","12"
"3.0412601858488264","94","12"
"3.0276622043520645","95","12"
"3.0269886635522454","96","12"
"3.0378276523789483","97","12"
"3.047591656375214","98","12"
"3.043853053000004","99","12"
"3.026053623108258","100","12"
"3.0072244020075343","101","12"
"3.0039629809389057","102","12"
"3.0227230090467745","103","12"
"3.0534852162936668","104","12"
"3.0764417059141516","105","12"
"3.0772037638760015","106","12"
"3.0584309568820647","107","12"
"3.037639397569559","108","12"
"3.0325901791720264","109","12"
"3.046465244320357","110","12"
"3.0654041768331752","111","12"
"3.0706210791503294","112","12"
"3.05489214048172","113","12"
"3.0295497393283273","114","12"
"3.016191128185226","115","12"
"3.0297245918913527","116","12"
"3.0660727307506264","117","12"
"3.1041650317180842","118","12"
"3.121141626019121","119","12"
"3.1095284237047967","120","12"
"3.0830430914487033","121","12"
"3.0659034884302647","122","12"
"3.0736836482845367","123","12"
"3.1012346149666277","124","12"
"3.127728674266865","125","12"
"3.133933914333314","126","12"
"3.117269311860421","127","12"
"3.0937888879111552","128","12"
"3.086710008389874","129","12"
"3.109637511756595","130","12"
"3.156714928030477","131","12"
"3.2070163637552276","132","12"
"3.238879113604693","133","12"
"3.243155365235196","134","12"
"3.2282062502968722","135","12"
"3.214766602315292","136","12"
"3.2221930052015884","137","12"
"3.2546463889315063","138","12"
"3.299189533922034","139","12"
"3.3368479761234817","140","12"
"3.3556229648784544","141","12"
"3.356192092828695","142","12"
"3.3506092780177936","143","12"
"3.35535928347325","144","12"
"3.381523896857056","145","12"
"3.426858397743345","146","12"
"3.480390086521924","147","12"
"3.527323194887284","148","12"
"3.558587830532746","149","12"
"3.574334534969791","150","12"
"3.5798768313614526","151","12"
"3.584255625760646","152","12"
"3.5955811472983705","153","12"
"3.617353252356471","154","12"
"3.6468506615627962","155","12"
"3.6761925423752713","156","12"
"3.694700421243412","157","12"
"3.6960649569313375","158","12"
"3.6809615603197554","159","12"
"3.6525756025211837","160","12"
"3.612277229466211","161","12"
"3.563408275701649","162","12"
"3.5128281979245903","163","12"
"3.463596448467761","164","12"
"3.4186814690606746","165","12"
"3.3674440578514924","166","12"
"3.29709067980543","167","12"
"3.2191394747916733","168","12"
"3.1575717367573177","169","12"
"3.1094127903698903","170","12"
"3.0467049263541655","171","12"
"2.956008496728564","172","12"
"2.8627089145069005","173","12"
"2.808734016557871","174","12"
"2.8200573563345595","175","12"
"2.8873970990296502","176","12"
"2.9822248490169367","177","12"
"3.0800958439692545","178","12"
"3.1668591818072973","179","12"
"3.233055370039391","180","12"
"3.270523063990266","181","12"
"3.27541955911528","182","12"
"3.2513167099104665","183","12"
"3.2074639364477497","184","12"
"3.1545683868512295","185","12"
"3.102768392974915","186","12"
"3.060942475514615","187","12"
"3.0360373616088605","188","12"
"3.0319954934496507","189","12"
"3.0485151646537254","190","12"
"3.080802734544909","191","12"
"3.1210627709416783","192","12"
"3.160734666899179","193","12"
"3.1923617865567597","194","12"
"3.210865613582976","195","12"
"3.2142685374387945","196","12"
"3.2037412287600877","197","12"
"3.1829802141020855","198","12"
"3.1571338261493835","199","12"
"3.131609715469709","200","12"
"3.111059084911604","201","12"
"3.0987065772862334","202","12"
"3.096051685785605","203","12"
"3.102852858295022","204","12"
"3.1173073368384765","205","12"
"3.136400862704701","206","12"
"3.156428182294321","207","12"
"3.1736968208940297","208","12"
"3.185246440458163","209","12"
"3.189441966930335","210","12"
"3.1862765433472893","211","12"
"3.177307635408561","212","12"
"3.16516675860368","213","12"
"3.1528183028202332","214","12"
"3.1428619921726546","215","12"
"3.137077208625852","216","12"
"3.136249386152775","217","12"
"3.14019089330433","218","12"
"3.147896561603231","219","12"
"3.1577846142983987","220","12"
"3.1680120866747337","221","12"
"3.176812063973248","222","12"
"3.1828225039471993","223","12"
"3.18534960658715","224","12"
"3.184440123915298","225","12"
"3.1808227641176585","226","12"
"3.175695625683127","227","12"
"3.170452853913689","228","12"
"3.166372337416128","229","12"
"3.164315248439355","230","12"
"3.164645317716083","231","12"
"3.167266859440876","232","12"
"3.171724197237364","233","12"
"3.177268675390062","234","12"
"3.1829774089807534","235","12"
"3.187961174547207","236","12"
"3.1915523532124146","237","12"
"3.1934280443430536","238","12"
"3.1936371817223588","239","12"
"3.1925394442411177","240","12"
"3.190701154728238","241","12"
"3.188776218134216","242","12"
"3.1873736574682345","243","12"
"3.1869391753419283","244","12"
"3.1876710003294226","245","12"
"3.189508666482006","246","12"
"3.192188180714326","247","12"
"3.195332410047308","248","12"
"3.1985149760384934","249","12"
"3.201326954333712","250","12"
"3.2034544830239313","251","12"
"3.2047395402741183","252","12"
"3.205199268492412","253","12"
"3.205006961841099","254","12"
"3.204440950692338","255","12"
"3.2038172787161985","256","12"
"3.2034164580458757","257","12"
"3.2034401457371238","258","12"
"3.20398184583434","259","12"
"3.2050231692087943","260","12"
"3.2064422489226194","261","12"
"3.208051141846574","262","12"
"3.209622321472621","263","12"
"3.210937923377311","264","12"
"3.2118717171007067","265","12"
"3.2123286401976685","266","12"
"3.2122432398371177","267","12"
"3.2116560344382936","268","12"
"3.2107671226562093","269","12"
"3.20984018589607","270","12"
"3.2090628556069682","271","12"
"3.2085816214584626","272","12"
"3.208439806991125","273","12"
"3.208573829454763","274","12"
"3.2088347057386355","275","12"
"3.209038544555425","276","12"
"3.2090478949598644","277","12"
"3.208814446529016","278","12"
"3.2083858863255212","279","12"
"3.207821433577501","280","12"
"3.2071438409357578","281","12"
"3.2063630821650286","282","12"
"3.205515935522776","283","12"
"3.204660373516527","284","12"
"3.203858732175882","285","12"
"3.203165243846591","286","12"
"3.202602349499311","287","12"
"3.2021672440127085","288","12"
"3.201830629452873","289","12"
"3.201520196025469","290","12"
"3.2011773478626737","291","12"
"3.2007706052695393","292","12"
"3.200274722154078","293","12"
"3.199665699144894","294","12"
"3.198930445675772","295","12"
"3.1981334795373466","296","12"
"3.197372356615941","297","12"
"3.1967184516654457","298","12"
"3.1961745698071926","299","12"
"3.195706737905051","300","12"
"3.6651980251547185","1","13"
"3.3423229496031763","2","13"
"3.0074980571774743","3","13"
"2.9357667411971224","4","13"
"3.0028608799355925","5","13"
"3.0913724317237437","6","13"
"3.17395645045731","7","13"
"3.202724216437177","8","13"
"3.1624595048381883","9","13"
"3.092841691941396","10","13"
"3.0366429561364163","11","13"
"3.0156463112865293","12","13"
"3.029839913546111","13","13"
"3.0651489107919665","14","13"
"3.1021147997045677","15","13"
"3.122291725765226","16","13"
"3.1174613068315864","17","13"
"3.094633229432076","18","13"
"3.0694145652974374","19","13"
"3.054840401577153","20","13"
"3.0553029349167784","21","13"
"3.067080704349245","22","13"
"3.0821859710417145","23","13"
"3.0927123446799776","24","13"
"3.0942931863906127","25","13"
"3.0875774142417463","26","13"
"3.0770257945114956","27","13"
"3.067982395017397","28","13"
"3.064064887237237","29","13"
"3.066080211074178","30","13"
"3.0723256578797185","31","13"
"3.079626453666373","32","13"
"3.0846616464572456","33","13"
"3.0853308237349926","34","13"
"3.0816791791210734","35","13"
"3.0758202156990477","36","13"
"3.070744192808788","37","13"
"3.068634741567152","38","13"
"3.069697570871818","39","13"
"3.0722415042397597","40","13"
"3.0739903415501644","41","13"
"3.0737413091119157","42","13"
"3.0721436366732893","43","13"
"3.0709975887691083","44","13"
"3.0716627142049315","45","13"
"3.073870033013038","46","13"
"3.0759283687104024","47","13"
"3.0761290907257117","48","13"
"3.0741489867454943","49","13"
"3.071250984729429","50","13"
"3.0691253261200973","51","13"
"3.0684146953826668","52","13"
"3.0682912700440608","53","13"
"3.0674771614974956","54","13"
"3.0657632323636665","55","13"
"3.0645190052128672","56","13"
"3.065572484113093","57","13"
"3.0693615796722784","58","13"
"3.0740514308591713","59","13"
"3.0766000394293336","60","13"
"3.075086832310814","61","13"
"3.0703720467120807","62","13"
"3.0655316540137054","63","13"
"3.063401008522006","64","13"
"3.0642634274915106","65","13"
"3.0657610506026307","66","13"
"3.06519503945387","67","13"
"3.0622371948493896","68","13"
"3.059540849889078","69","13"
"3.0605145386714168","70","13"
"3.066097353482318","71","13"
"3.0733791367799443","72","13"
"3.0775045352188175","73","13"
"3.075512275712828","74","13"
"3.068881592244365","75","13"
"3.062443527107363","76","13"
"3.0603961002151783","77","13"
"3.062800712556966","78","13"
"3.0656800137641516","79","13"
"3.0648098027909474","80","13"
"3.0599182945483006","81","13"
"3.055415763130353","82","13"
"3.056747884082887","83","13"
"3.0653792424213355","84","13"
"3.076781748955615","85","13"
"3.0834610545271657","86","13"
"3.080875044339244","87","13"
"3.071333579968648","88","13"
"3.062305141121653","89","13"
"3.0602895056045636","90","13"
"3.065423189322203","91","13"
"3.0715109259728575","92","13"
"3.071633727951168","93","13"
"3.064677650408197","94","13"
"3.05697603395122","95","13"
"3.057203560459257","96","13"
"3.068714531685039","97","13"
"3.0858625500674735","98","13"
"3.0977466024304063","99","13"
"3.0967467325156357","100","13"
"3.084768552748008","101","13"
"3.071926707290284","102","13"
"3.068565860254445","103","13"
"3.0768440849852143","104","13"
"3.0889325995252324","105","13"
"3.0937567848559118","106","13"
"3.0868250183644848","107","13"
"3.0746511034639155","108","13"
"3.069920110497487","109","13"
"3.081125635178233","110","13"
"3.1050595537428323","111","13"
"3.1284972775118227","112","13"
"3.137807786892754","113","13"
"3.1293612548820673","114","13"
"3.1126576923906746","115","13"
"3.103225004391729","116","13"
"3.1104609707076003","117","13"
"3.1303072041312343","118","13"
"3.1487645908153996","119","13"
"3.153301407049627","120","13"
"3.1430225074488725","121","13"
"3.1299406682771913","122","13"
"3.1303555145541737","123","13"
"3.152586412790124","124","13"
"3.1896202479749887","125","13"
"3.2245327880725934","126","13"
"3.241859087499681","127","13"
"3.238077472264048","128","13"
"3.224191498310538","129","13"
"3.2179924918470486","130","13"
"3.2322867667944335","131","13"
"3.265991234638406","132","13"
"3.305298464822752","133","13"
"3.3339692982765925","134","13"
"3.343646343511567","135","13"
"3.338036724207938","136","13"
"3.3307483956272033","137","13"
"3.3386812787539935","138","13"
"3.369572521582156","139","13"
"3.4173736591596837","140","13"
"3.46666338112404","141","13"
"3.5006941780829646","142","13"
"3.5105591664471807","143","13"
"3.5001010507613284","144","13"
"3.4856216378060343","145","13"
"3.486461615804883","146","13"
"3.5142176680243558","147","13"
"3.5650461548793673","148","13"
"3.6224922346366264","149","13"
"3.6678853313907385","150","13"
"3.689741590088798","151","13"
"3.6872581226695673","152","13"
"3.6653719426773","153","13"
"3.6376289810240436","154","13"
"3.6176998406810426","155","13"
"3.613914173603485","156","13"
"3.6237991094971727","157","13"
"3.634475089606474","158","13"
"3.6289066120823805","159","13"
"3.5963011284402406","160","13"
"3.5388827882161533","161","13"
"3.4748696077406223","162","13"
"3.428599131369902","163","13"
"3.4128502451718203","164","13"
"3.39765801971806","165","13"
"3.344884025379258","166","13"
"3.2504349667717864","167","13"
"3.133850072373503","168","13"
"3.005885424091744","169","13"
"2.8762380146909554","170","13"
"2.761973890674649","171","13"
"2.701663470357308","172","13"
"2.728050935046931","173","13"
"2.823734558720614","174","13"
"2.9265285416105264","175","13"
"2.9877129130628473","176","13"
"3.013477952496922","177","13"
"3.0383487815863974","178","13"
"3.0807631511661135","179","13"
"3.133716049909865","180","13"
"3.177626484199961","181","13"
"3.194086624495769","182","13"
"3.177772662189371","183","13"
"3.1373474353141644","184","13"
"3.0848252785349435","185","13"
"3.0292520847869913","186","13"
"2.979514166769817","187","13"
"2.9455563029655236","188","13"
"2.934921464635758","189","13"
"2.9486213655409146","190","13"
"2.980922961038758","191","13"
"3.022257670585817","192","13"
"3.0629665263956998","193","13"
"3.0959500780573586","194","13"
"3.117363439265116","195","13"
"3.1259106439636053","196","13"
"3.122021810757061","197","13"
"3.107426141106565","198","13"
"3.0849518206750295","199","13"
"3.058311583385382","200","13"
"3.032011700817346","201","13"
"3.0109863813938436","202","13"
"2.9995134351461172","203","13"
"2.9998350890588488","204","13"
"3.0113264244353073","205","13"
"3.030698904033988","206","13"
"3.05306943497624","207","13"
"3.073472640824343","208","13"
"3.088218851986322","209","13"
"3.095596321089383","210","13"
"3.0957184997073974","211","13"
"3.08987699037366","212","13"
"3.079890446751725","213","13"
"3.0676984544025725","214","13"
"3.0552518193725073","215","13"
"3.0445287755608588","216","13"
"3.037403767377674","217","13"
"3.0352812255698227","218","13"
"3.038623995157078","219","13"
"3.0467239388431935","220","13"
"3.0578163236302167","221","13"
"3.069527393511012","222","13"
"3.0795095736108746","223","13"
"3.0860701290460386","224","13"
"3.088537389097574","225","13"
"3.087237059520135","226","13"
"3.0831727503902693","227","13"
"3.077607701347804","228","13"
"3.071766503694214","229","13"
"3.06670357137017","230","13"
"3.063278518223844","231","13"
"3.062074186131988","232","13"
"3.0633626718638025","233","13"
"3.0670454844925215","234","13"
"3.0726161437776507","235","13"
"3.079154569922307","236","13"
"3.0855415195150377","237","13"
"3.090706059567329","238","13"
"3.0939191702130175","239","13"
"3.0949767009551676","240","13"
"3.0942299153205695","241","13"
"3.0923866389253223","242","13"
"3.090214228293791","243","13"
"3.0883616014941038","244","13"
"3.08731404451669","245","13"
"3.087391652873541","246","13"
"3.0887409162342148","247","13"
"3.0913231862603605","248","13"
"3.094914676605716","249","13"
"3.0991379426110597","250","13"
"3.103512061808033","251","13"
"3.1075336707576233","252","13"
"3.110785118061516","253","13"
"3.1130451108146335","254","13"
"3.1143373367082243","255","13"
"3.114900542735653","256","13"
"3.115106563313478","257","13"
"3.1153506088693588","258","13"
"3.1159727224447584","259","13"
"3.117206975830822","260","13"
"3.1191584052374237","261","13"
"3.1218129850579044","262","13"
"3.1250529001963208","263","13"
"3.1286811687991403","264","13"
"3.1324602905935897","265","13"
"3.1361393630605323","266","13"
"3.1395129889824394","267","13"
"3.14243810717138","268","13"
"3.144828693906508","269","13"
"3.146687554309155","270","13"
"3.148198579666639","271","13"
"3.1497158386270825","272","13"
"3.151546024456114","273","13"
"3.1538306399409235","274","13"
"3.1565896326109826","275","13"
"3.159783107407348","276","13"
"3.1632804703480093","277","13"
"3.1669096739912725","278","13"
"3.170523605307284","279","13"
"3.1740356172149014","280","13"
"3.177406749695624","281","13"
"3.1806020945728775","282","13"
"3.1835711596626854","283","13"
"3.1863089580826807","284","13"
"3.1888881113073464","285","13"
"3.191433603076028","286","13"
"3.194058573282449","287","13"
"3.1968343966805","288","13"
"3.199789747843796","289","13"
"3.2029208866105625","290","13"
"3.2061872945615586","291","13"
"3.209531310869406","292","13"
"3.212885924302285","293","13"
"3.216174149863641","294","13"
"3.219331469762839","295","13"
"3.2223251575843386","296","13"
"3.225155525008289","297","13"
"3.2278546750899326","298","13"
"3.230473723373542","299","13"
"3.2330503831570234","300","13"
"3.6651980251547185","1","14"
"3.3423229496031763","2","14"
"3.0074980571774743","3","14"
"2.9357667411971224","4","14"
"3.0028608799355925","5","14"
"3.0913724317237437","6","14"
"3.17395645045731","7","14"
"3.202724216437177","8","14"
"3.1624595048381883","9","14"
"3.092841691941396","10","14"
"3.0366429561364163","11","14"
"3.0156463112865293","12","14"
"3.029839913546111","13","14"
"3.0651489107919665","14","14"
"3.1021147997045677","15","14"
"3.122291725765226","16","14"
"3.1174613068315864","17","14"
"3.094633229432076","18","14"
"3.0694145652974374","19","14"
"3.054840401577153","20","14"
"3.0553029349167784","21","14"
"3.067080704349245","22","14"
"3.0821859710417145","23","14"
"3.0927123446799776","24","14"
"3.0942931863906127","25","14"
"3.0875774142417463","26","14"
"3.0770257945114956","27","14"
"3.067982395017397","28","14"
"3.064064887237237","29","14"
"3.066080211074178","30","14"
"3.0723256578797185","31","14"
"3.079626453666373","32","14"
"3.0846616464572456","33","14"
"3.0853308237349926","34","14"
"3.0816791791210734","35","14"
"3.0758202156990477","36","14"
"3.070744192808788","37","14"
"3.068634741567152","38","14"
"3.069697570871818","39","14"
"3.0722415042397597","40","14"
"3.0739903415501644","41","14"
"3.0737413091119157","42","14"
"3.0721436366732893","43","14"
"3.0709975887691083","44","14"
"3.0716627142049315","45","14"
"3.073870033013038","46","14"
"3.0759283687104024","47","14"
"3.0761290907257117","48","14"
"3.0741489867454943","49","14"
"3.071250984729429","50","14"
"3.0691253261200973","51","14"
"3.0684146953826668","52","14"
"3.0682912700440608","53","14"
"3.0674771614974956","54","14"
"3.0657632323636665","55","14"
"3.0645190052128672","56","14"
"3.065572484113093","57","14"
"3.0693615796722784","58","14"
"3.0740514308591713","59","14"
"3.0766000394293336","60","14"
"3.075086832310814","61","14"
"3.0703720467120807","62","14"
"3.0655316540137054","63","14"
"3.063401008522006","64","14"
"3.0642634274915106","65","14"
"3.0657610506026307","66","14"
"3.06519503945387","67","14"
"3.0622371948493896","68","14"
"3.059540849889078","69","14"
"3.0605145386714168","70","14"
"3.066097353482318","71","14"
"3.0733791367799443","72","14"
"3.0775045352188175","73","14"
"3.075512275712828","74","14"
"3.068881592244365","75","14"
"3.062443527107363","76","14"
"3.0603961002151783","77","14"
"3.062800712556966","78","14"
"3.0656800137641516","79","14"
"3.0648098027909474","80","14"
"3.0599182945483006","81","14"
"3.055415763130353","82","14"
"3.056747884082887","83","14"
"3.0653792424213355","84","14"
"3.076781748955615","85","14"
"3.0834610545271657","86","14"
"3.080875044339244","87","14"
"3.071333579968648","88","14"
"3.062305141121653","89","14"
"3.0602895056045636","90","14"
"3.065423189322203","91","14"
"3.0715109259728575","92","14"
"3.071633727951168","93","14"
"3.064677650408197","94","14"
"3.05697603395122","95","14"
"3.057203560459257","96","14"
"3.068714531685039","97","14"
"3.0858625500674735","98","14"
"3.0977466024304063","99","14"
"3.0967467325156357","100","14"
"3.084768552748008","101","14"
"3.071926707290284","102","14"
"3.068565860254445","103","14"
"3.0768440849852143","104","14"
"3.0889325995252324","105","14"
"3.0937567848559118","106","14"
"3.0868250183644848","107","14"
"3.0746511034639155","108","14"
"3.069920110497487","109","14"
"3.081125635178233","110","14"
"3.1050595537428323","111","14"
"3.1284972775118227","112","14"
"3.137807786892754","113","14"
"3.1293612548820673","114","14"
"3.1126576923906746","115","14"
"3.103225004391729","116","14"
"3.1104609707076003","117","14"
"3.1303072041312343","118","14"
"3.1487645908153996","119","14"
"3.153301407049627","120","14"
"3.1430225074488725","121","14"
"3.1299406682771913","122","14"
"3.1303555145541737","123","14"
"3.152586412790124","124","14"
"3.1896202479749887","125","14"
"3.2245327880725934","126","14"
"3.241859087499681","127","14"
"3.238077472264048","128","14"
"3.224191498310538","129","14"
"3.2179924918470486","130","14"
"3.2322867667944335","131","14"
"3.265991234638406","132","14"
"3.305298464822752","133","14"
"3.3339692982765925","134","14"
"3.343646343511567","135","14"
"3.338036724207938","136","14"
"3.3307483956272033","137","14"
"3.3386812787539935","138","14"
"3.369572521582156","139","14"
"3.4173736591596837","140","14"
"3.46666338112404","141","14"
"3.5006941780829646","142","14"
"3.5105591664471807","143","14"
"3.5001010507613284","144","14"
"3.4856216378060343","145","14"
"3.486461615804883","146","14"
"3.5142176680243558","147","14"
"3.5650461548793673","148","14"
"3.6224922346366264","149","14"
"3.6678853313907385","150","14"
"3.689741590088798","151","14"
"3.6872581226695673","152","14"
"3.6653719426773","153","14"
"3.6376289810240436","154","14"
"3.6176998406810426","155","14"
"3.613914173603485","156","14"
"3.6237991094971727","157","14"
"3.634475089606474","158","14"
"3.6289066120823805","159","14"
"3.5963011284402406","160","14"
"3.5388827882161533","161","14"
"3.4748696077406223","162","14"
"3.428599131369902","163","14"
"3.4128502451718203","164","14"
"3.39765801971806","165","14"
"3.344884025379258","166","14"
"3.2504349667717864","167","14"
"3.133850072373503","168","14"
"3.005885424091744","169","14"
"2.8762380146909554","170","14"
"2.761973890674649","171","14"
"2.701663470357308","172","14"
"2.728050935046931","173","14"
"2.823734558720614","174","14"
"2.9265285416105264","175","14"
"2.9877129130628473","176","14"
"3.013477952496922","177","14"
"3.0383487815863974","178","14"
"3.0807631511661135","179","14"
"3.133716049909865","180","14"
"3.177626484199961","181","14"
"3.194086624495769","182","14"
"3.177772662189371","183","14"
"3.1373474353141644","184","14"
"3.0848252785349435","185","14"
"3.0292520847869913","186","14"
"2.979514166769817","187","14"
"2.9455563029655236","188","14"
"2.934921464635758","189","14"
"2.9486213655409146","190","14"
"2.980922961038758","191","14"
"3.022257670585817","192","14"
"3.0629665263956998","193","14"
"3.0959500780573586","194","14"
"3.117363439265116","195","14"
"3.1259106439636053","196","14"
"3.122021810757061","197","14"
"3.107426141106565","198","14"
"3.0849518206750295","199","14"
"3.058311583385382","200","14"
"3.032011700817346","201","14"
"3.0109863813938436","202","14"
"2.9995134351461172","203","14"
"2.9998350890588488","204","14"
"3.0113264244353073","205","14"
"3.030698904033988","206","14"
"3.05306943497624","207","14"
"3.073472640824343","208","14"
"3.088218851986322","209","14"
"3.095596321089383","210","14"
"3.0957184997073974","211","14"
"3.08987699037366","212","14"
"3.079890446751725","213","14"
"3.0676984544025725","214","14"
"3.0552518193725073","215","14"
"3.0445287755608588","216","14"
"3.037403767377674","217","14"
"3.0352812255698227","218","14"
"3.038623995157078","219","14"
"3.0467239388431935","220","14"
"3.0578163236302167","221","14"
"3.069527393511012","222","14"
"3.0795095736108746","223","14"
"3.0860701290460386","224","14"
"3.088537389097574","225","14"
"3.087237059520135","226","14"
"3.0831727503902693","227","14"
"3.077607701347804","228","14"
"3.071766503694214","229","14"
"3.06670357137017","230","14"
"3.063278518223844","231","14"
"3.062074186131988","232","14"
"3.0633626718638025","233","14"
"3.0670454844925215","234","14"
"3.0726161437776507","235","14"
"3.079154569922307","236","14"
"3.0855415195150377","237","14"
"3.090706059567329","238","14"
"3.0939191702130175","239","14"
"3.0949767009551676","240","14"
"3.0942299153205695","241","14"
"3.0923866389253223","242","14"
"3.090214228293791","243","14"
"3.0883616014941038","244","14"
"3.08731404451669","245","14"
"3.087391652873541","246","14"
"3.0887409162342148","247","14"
"3.0913231862603605","248","14"
"3.094914676605716","249","14"
"3.0991379426110597","250","14"
"3.103512061808033","251","14"
"3.1075336707576233","252","14"
"3.110785118061516","253","14"
"3.1130451108146335","254","14"
"3.1143373367082243","255","14"
"3.114900542735653","256","14"
"3.115106563313478","257","14"
"3.1153506088693588","258","14"
"3.1159727224447584","259","14"
"3.117206975830822","260","14"
"3.1191584052374237","261","14"
"3.1218129850579044","262","14"
"3.1250529001963208","263","14"
"3.1286811687991403","264","14"
"3.1324602905935897","265","14"
"3.1361393630605323","266","14"
"3.1395129889824394","267","14"
"3.14243810717138","268","14"
"3.144828693906508","269","14"
"3.146687554309155","270","14"
"3.148198579666639","271","14"
"3.1497158386270825","272","14"
"3.151546024456114","273","14"
"3.1538306399409235","274","14"
"3.1565896326109826","275","14"
"3.159783107407348","276","14"
"3.1632804703480093","277","14"
"3.1669096739912725","278","14"
"3.170523605307284","279","14"
"3.1740356172149014","280","14"
"3.177406749695624","281","14"
"3.1806020945728775","282","14"
"3.1835711596626854","283","14"
"3.1863089580826807","284","14"
"3.1888881113073464","285","14"
"3.191433603076028","286","14"
"3.194058573282449","287","14"
"3.1968343966805","288","14"
"3.199789747843796","289","14"
"3.2029208866105625","290","14"
"3.2061872945615586","291","14"
"3.209531310869406","292","14"
"3.212885924302285","293","14"
"3.216174149863641","294","14"
"3.219331469762839","295","14"
"3.2223251575843386","296","14"
"3.225155525008289","297","14"
"3.2278546750899326","298","14"
"3.230473723373542","299","14"
"3.2330503831570234","300","14"
"3.680397730932031","1","15"
"3.382181230289179","2","15"
"3.115793506359661","3","15"
"3.09342266373726","4","15"
"3.161626383802595","5","15"
"3.2313124546517984","6","15"
"3.2821811482459013","7","15"
"3.2725468031912026","8","15"
"3.205441755647553","9","15"
"3.1308417355850473","10","15"
"3.092249499660204","11","15"
"3.102861585339166","12","15"
"3.1472800582704954","13","15"
"3.198265631920097","14","15"
"3.2299086472652254","15","15"
"3.2281900429291763","16","15"
"3.200666192419961","17","15"
"3.1693170914543924","18","15"
"3.1506365417842623","19","15"
"3.146736176412243","20","15"
"3.1518053423392467","21","15"
"3.160320755662641","22","15"
"3.169880297481821","23","15"
"3.1801002895346038","24","15"
"3.1890451981019363","25","15"
"3.191026548802746","26","15"
"3.181660872035619","27","15"
"3.165983360591429","28","15"
"3.1572958998263414","29","15"
"3.1649089991212875","30","15"
"3.1824849543469202","31","15"
"3.190416902433266","32","15"
"3.1735057609633084","33","15"
"3.1378791616466453","34","15"
"3.109191185784665","35","15"
"3.1132031326496676","36","15"
"3.1535295569179596","37","15"
"3.2024271852561372","38","15"
"3.2200414771399735","39","15"
"3.1932026995960525","40","15"
"3.1511414636240156","41","15"
"3.1367539963123803","42","15"
"3.161358338875319","43","15"
"3.1891549095140306","44","15"
"3.175752351470062","45","15"
"3.1175339283060697","46","15"
"3.055484956123208","47","15"
"3.0438882728567274","48","15"
"3.1086420053638966","49","15"
"3.2112764080180347","50","15"
"3.2620603246118827","51","15"
"3.2085435964804074","52","15"
"3.100018750709296","53","15"
"3.0408004576305325","54","15"
"3.085529675669414","55","15"
"3.18144300761217","56","15"
"3.2228038982916605","57","15"
"3.1614814525337773","58","15"
"3.0376711889446546","59","15"
"2.944640275010564","60","15"
"2.9745328946445477","61","15"
"3.1293886827350907","62","15"
"3.2773769104446937","63","15"
"3.2714512474709974","64","15"
"3.1175803686481207","65","15"
"2.96706160981694","66","15"
"2.960302202447354","67","15"
"3.093643333282041","68","15"
"3.2326520559278844","69","15"
"3.2574789381164924","70","15"
"3.1445899469131433","71","15"
"2.9629620808303505","72","15"
"2.858183007077853","73","15"
"2.944684221911431","74","15"
"3.1613028598089756","75","15"
"3.308746270619882","76","15"
"3.262587687422292","77","15"
"3.0829221595512806","78","15"
"2.9429288393179185","79","15"
"2.965305292182983","80","15"
"3.1160101240625178","81","15"
"3.2619948717808036","82","15"
"3.298584251074626","83","15"
"3.18262334033263","84","15"
"2.977057503843314","85","15"
"2.85603116733609","86","15"
"2.9422889599740834","87","15"
"3.1566744096112376","88","15"
"3.325465417118674","89","15"
"3.3364964009165425","90","15"
"3.193291840118379","91","15"
"3.0223225000566","92","15"
"2.9741523331838446","93","15"
"3.0820525719383722","94","15"
"3.2584205238435877","95","15"
"3.386572180214144","96","15"
"3.3686088065645525","97","15"
"3.193479783247621","98","15"
"3.000872983951675","99","15"
"2.9540449117961898","100","15"
"3.0723446703687465","101","15"
"3.258543325821898","102","15"
"3.4084141016253957","103","15"
"3.4392635793137267","104","15"
"3.3184195756930803","105","15"
"3.1374761592152867","106","15"
"3.058423788238661","107","15"
"3.1430620908276676","108","15"
"3.321518923084751","109","15"
"3.485112040764061","110","15"
"3.552068105196969","111","15"
"3.4946597387376173","112","15"
"3.357969293032567","113","15"
"3.2422075459051407","114","15"
"3.219785276058321","115","15"
"3.282864974490604","116","15"
"3.373749658925596","117","15"
"3.4387801634041852","118","15"
"3.456298146122291","119","15"
"3.43572039939131","120","15"
"3.4044199205288295","121","15"
"3.3899794675920347","122","15"
"3.406825156230913","123","15"
"3.4510937110110564","124","15"
"3.5069891820320365","125","15"
"3.555820422498691","126","15"
"3.583751950641485","127","15"
"3.5859558409679635","128","15"
"3.5660881016141173","129","15"
"3.533017902871316","130","15"
"3.4968231106448564","131","15"
"3.465017398262474","132","15"
"3.4402061000812663","133","15"
"3.420133898550335","134","15"
"3.3992192255793707","135","15"
"3.371641142724404","136","15"
"3.3354921674797","137","15"
"3.295446255344604","138","15"
"3.257856382775715","139","15"
"3.225124045313341","140","15"
"3.226041943349189","141","15"
"3.3050812237595992","142","15"
"3.393843989747035","143","15"
"3.3937885106806918","144","15"
"3.29472066396007","145","15"
"3.151852717721742","146","15"
"3.053705262478152","147","15"
"3.015983860886809","148","15"
"3.0145068086654567","149","15"
"3.045560436850725","150","15"
"3.1111999643384984","151","15"
"3.190474874940793","152","15"
"3.2489248764547467","153","15"
"3.2790493861188397","154","15"
"3.304052990951361","155","15"
"3.3396387601686364","156","15"
"3.377632881889476","157","15"
"3.3988218333906763","158","15"
"3.391053517382028","159","15"
"3.358949215417866","160","15"
"3.318741852966108","161","15"
"3.2841886800791427","162","15"
"3.259662880913499","163","15"
"3.2452856990467476","164","15"
"3.2428137637929924","165","15"
"3.2539622510066555","166","15"
"3.276599268475444","167","15"
"3.30483530812283","168","15"
"3.331684371111635","169","15"
"3.351616628256116","170","15"
"3.361699169363633","171","15"
"3.361414605388513","172","15"
"3.3520430066985742","173","15"
"3.336287886897533","174","15"
"3.317932419621763","175","15"
"3.30110137994984","176","15"
"3.289243197039191","177","15"
"3.284319897421449","178","15"
"3.286540306795771","179","15"
"3.2945922517390955","180","15"
"3.3061505983473727","181","15"
"3.3185037293330395","182","15"
"3.3291170617325934","183","15"
"3.336065658952012","184","15"
"3.3383085092969904","185","15"
"3.335790445381332","186","15"
"3.329373262814246","187","15"
"3.320609440412899","188","15"
"3.3113939934771066","189","15"
"3.3035437055895356","190","15"
"3.2984016065079005","191","15"
"3.296644977193796","192","15"
"3.298194650889631","193","15"
"3.302311633964508","194","15"
"3.3078081133744144","195","15"
"3.3133566433690365","196","15"
"3.317770657624953","197","15"
"3.3202039445403564","198","15"
"3.3202837346582434","199","15"
"3.3181396869201802","200","15"
"3.3143231635079715","201","15"
"3.3096644803358775","202","15"
"3.305082782160339","203","15"
"3.3013887490462923","204","15"
"3.2991359249365786","205","15"
"3.2985303304090228","206","15"
"3.2994438649227984","207","15"
"3.301439864590564","208","15"
"3.303880320149371","209","15"
"3.3061197420127213","210","15"
"3.3076373126533127","211","15"
"3.3081079496767867","212","15"
"3.307424123432084","213","15"
"3.3057126877394385","214","15"
"3.3033130622800186","215","15"
"3.300679676709602","216","15"
"3.2982644672427823","217","15"
"3.296429917891679","218","15"
"3.2953839193150047","219","15"
"3.295173846895256","220","15"
"3.2956943527424087","221","15"
"3.296703261381471","222","15"
"3.2978692568151238","223","15"
"3.2988616464063423","224","15"
"3.2994326444374704","225","15"
"3.2994451116433905","226","15"
"3.298876295373298","227","15"
"3.2978131543884843","228","15"
"3.2964342814137506","229","15"
"3.2949737482402424","230","15"
"3.293665938339252","231","15"
"3.2926950546782447","232","15"
"3.292161769945024","233","15"
"3.2920707593418093","234","15"
"3.2923484663536735","235","15"
"3.2928568166750547","236","15"
"3.293420646062779","237","15"
"3.293870712196485","238","15"
"3.2940773561346064","239","15"
"3.2939745016857676","240","15"
"3.293563395570561","241","15"
"3.292906062138438","242","15"
"3.292107225919125","243","15"
"3.2912924940122634","244","15"
"3.2905837333557213","245","15"
"3.290071642872564","246","15"
"3.2898014161842517","247","15"
"3.289768689768712","248","15"
"3.2899245298427098","249","15"
"3.2901860294868785","250","15"
"3.290457191215635","251","15"
"3.290650432907392","252","15"
"3.2907037302126994","253","15"
"3.290587785197645","254","15"
"3.290311636586521","255","15"
"3.289914556077974","256","15"
"3.2894585680214563","257","15"
"3.2890119303693783","258","15"
"3.288635109070451","259","15"
"3.2883729860659865","260","15"
"3.288245820565604","261","15"
"3.2882451972053084","262","15"
"3.288338701249707","263","15"
"3.2884773989155653","264","15"
"3.2886126680997956","265","15"
"3.2886996268610864","266","15"
"3.2887064838243423","267","15"
"3.2886229535446794","268","15"
"3.2884549579449094","269","15"
"3.288227743117021","270","15"
"3.287974658836848","271","15"
"3.287734353442743","272","15"
"3.287537994949506","273","15"
"3.2874102060888277","274","15"
"3.2873587788644083","275","15"
"3.287378414713732","276","15"
"3.287447919386735","277","15"
"3.28753737158921","278","15"
"3.2876152916262087","279","15"
"3.287660485247668","280","15"
"3.2876492647623405","281","15"
"3.287580071769485","282","15"
"3.287456023070583","283","15"
"3.287284287309037","284","15"
"3.287082630253284","285","15"
"3.2868812848776785","286","15"
"3.286708302395541","287","15"
"3.286580825215011","288","15"
"3.2865001000566796","289","15"
"3.286460204997736","290","15"
"3.2864480494719643","291","15"
"3.2864511662734444","292","15"
"3.2864511662734444","293","15"
"3.2864330888248605","294","15"
"3.2863857134423653","295","15"
"3.2863052999641824","296","15"
"3.2861955885520877","297","15"
"3.2860646828899296","298","15"
"3.2859266085843672","299","15"
"3.2857950795619133","300","15"
"3.680397730932031","1","16"
"3.382181230289179","2","16"
"3.115793506359661","3","16"
"3.09342266373726","4","16"
"3.161626383802595","5","16"
"3.2313124546517984","6","16"
"3.2821811482459013","7","16"
"3.2725468031912026","8","16"
"3.205441755647553","9","16"
"3.1308417355850473","10","16"
"3.092249499660204","11","16"
"3.102861585339166","12","16"
"3.1472800582704954","13","16"
"3.198265631920097","14","16"
"3.2299086472652254","15","16"
"3.2281900429291763","16","16"
"3.200666192419961","17","16"
"3.1693170914543924","18","16"
"3.1506365417842623","19","16"
"3.146736176412243","20","16"
"3.1518053423392467","21","16"
"3.160320755662641","22","16"
"3.169880297481821","23","16"
"3.1801002895346038","24","16"
"3.1890451981019363","25","16"
"3.191026548802746","26","16"
"3.181660872035619","27","16"
"3.165983360591429","28","16"
"3.1572958998263414","29","16"
"3.1649089991212875","30","16"
"3.1824849543469202","31","16"
"3.190416902433266","32","16"
"3.1735057609633084","33","16"
"3.1378791616466453","34","16"
"3.109191185784665","35","16"
"3.1132031326496676","36","16"
"3.1535295569179596","37","16"
"3.2024271852561372","38","16"
"3.2200414771399735","39","16"
"3.1932026995960525","40","16"
"3.1511414636240156","41","16"
"3.1367539963123803","42","16"
"3.161358338875319","43","16"
"3.1891549095140306","44","16"
"3.175752351470062","45","16"
"3.1175339283060697","46","16"
"3.055484956123208","47","16"
"3.0438882728567274","48","16"
"3.1086420053638966","49","16"
"3.2112764080180347","50","16"
"3.2620603246118827","51","16"
"3.2085435964804074","52","16"
"3.100018750709296","53","16"
"3.0408004576305325","54","16"
"3.085529675669414","55","16"
"3.18144300761217","56","16"
"3.2228038982916605","57","16"
"3.1614814525337773","58","16"
"3.0376711889446546","59","16"
"2.944640275010564","60","16"
"2.9745328946445477","61","16"
"3.1293886827350907","62","16"
"3.2773769104446937","63","16"
"3.2714512474709974","64","16"
"3.1175803686481207","65","16"
"2.96706160981694","66","16"
"2.960302202447354","67","16"
"3.093643333282041","68","16"
"3.2326520559278844","69","16"
"3.2574789381164924","70","16"
"3.1445899469131433","71","16"
"2.9629620808303505","72","16"
"2.858183007077853","73","16"
"2.944684221911431","74","16"
"3.1613028598089756","75","16"
"3.308746270619882","76","16"
"3.262587687422292","77","16"
"3.0829221595512806","78","16"
"2.9429288393179185","79","16"
"2.965305292182983","80","16"
"3.1160101240625178","81","16"
"3.2619948717808036","82","16"
"3.298584251074626","83","16"
"3.18262334033263","84","16"
"2.977057503843314","85","16"
"2.85603116733609","86","16"
"2.9422889599740834","87","16"
"3.1566744096112376","88","16"
"3.325465417118674","89","16"
"3.3364964009165425","90","16"
"3.193291840118379","91","16"
"3.0223225000566","92","16"
"2.9741523331838446","93","16"
"3.0820525719383722","94","16"
"3.2584205238435877","95","16"
"3.386572180214144","96","16"
"3.3686088065645525","97","16"
"3.193479783247621","98","16"
"3.000872983951675","99","16"
"2.9540449117961898","100","16"
"3.0723446703687465","101","16"
"3.258543325821898","102","16"
"3.4084141016253957","103","16"
"3.4392635793137267","104","16"
"3.3184195756930803","105","16"
"3.1374761592152867","106","16"
"3.058423788238661","107","16"
"3.1430620908276676","108","16"
"3.321518923084751","109","16"
"3.485112040764061","110","16"
"3.552068105196969","111","16"
"3.4946597387376173","112","16"
"3.357969293032567","113","16"
"3.2422075459051407","114","16"
"3.219785276058321","115","16"
"3.282864974490604","116","16"
"3.373749658925596","117","16"
"3.4387801634041852","118","16"
"3.456298146122291","119","16"
"3.43572039939131","120","16"
"3.4044199205288295","121","16"
"3.3899794675920347","122","16"
"3.406825156230913","123","16"
"3.4510937110110564","124","16"
"3.5069891820320365","125","16"
"3.555820422498691","126","16"
"3.583751950641485","127","16"
"3.5859558409679635","128","16"
"3.5660881016141173","129","16"
"3.533017902871316","130","16"
"3.4968231106448564","131","16"
"3.465017398262474","132","16"
"3.4402061000812663","133","16"
"3.420133898550335","134","16"
"3.3992192255793707","135","16"
"3.371641142724404","136","16"
"3.3354921674797","137","16"
"3.295446255344604","138","16"
"3.257856382775715","139","16"
"3.225124045313341","140","16"
"3.226041943349189","141","16"
"3.3050812237595992","142","16"
"3.393843989747035","143","16"
"3.3937885106806918","144","16"
"3.29472066396007","145","16"
"3.151852717721742","146","16"
"3.053705262478152","147","16"
"3.015983860886809","148","16"
"3.0145068086654567","149","16"
"3.045560436850725","150","16"
"3.1111999643384984","151","16"
"3.190474874940793","152","16"
"3.2489248764547467","153","16"
"3.2790493861188397","154","16"
"3.304052990951361","155","16"
"3.3396387601686364","156","16"
"3.377632881889476","157","16"
"3.3988218333906763","158","16"
"3.391053517382028","159","16"
"3.358949215417866","160","16"
"3.318741852966108","161","16"
"3.2841886800791427","162","16"
"3.259662880913499","163","16"
"3.2452856990467476","164","16"
"3.2428137637929924","165","16"
"3.2539622510066555","166","16"
"3.276599268475444","167","16"
"3.30483530812283","168","16"
"3.331684371111635","169","16"
"3.351616628256116","170","16"
"3.361699169363633","171","16"
"3.361414605388513","172","16"
"3.3520430066985742","173","16"
"3.336287886897533","174","16"
"3.317932419621763","175","16"
"3.30110137994984","176","16"
"3.289243197039191","177","16"
"3.284319897421449","178","16"
"3.286540306795771","179","16"
"3.2945922517390955","180","16"
"3.3061505983473727","181","16"
"3.3185037293330395","182","16"
"3.3291170617325934","183","16"
"3.336065658952012","184","16"
"3.3383085092969904","185","16"
"3.335790445381332","186","16"
"3.329373262814246","187","16"
"3.320609440412899","188","16"
"3.3113939934771066","189","16"
"3.3035437055895356","190","16"
"3.2984016065079005","191","16"
"3.296644977193796","192","16"
"3.298194650889631","193","16"
"3.302311633964508","194","16"
"3.3078081133744144","195","16"
"3.3133566433690365","196","16"
"3.317770657624953","197","16"
"3.3202039445403564","198","16"
"3.3202837346582434","199","16"
"3.3181396869201802","200","16"
"3.3143231635079715","201","16"
"3.3096644803358775","202","16"
"3.305082782160339","203","16"
"3.3013887490462923","204","16"
"3.2991359249365786","205","16"
"3.2985303304090228","206","16"
"3.2994438649227984","207","16"
"3.301439864590564","208","16"
"3.303880320149371","209","16"
"3.3061197420127213","210","16"
"3.3076373126533127","211","16"
"3.3081079496767867","212","16"
"3.307424123432084","213","16"
"3.3057126877394385","214","16"
"3.3033130622800186","215","16"
"3.300679676709602","216","16"
"3.2982644672427823","217","16"
"3.296429917891679","218","16"
"3.2953839193150047","219","16"
"3.295173846895256","220","16"
"3.2956943527424087","221","16"
"3.296703261381471","222","16"
"3.2978692568151238","223","16"
"3.2988616464063423","224","16"
"3.2994326444374704","225","16"
"3.2994451116433905","226","16"
"3.298876295373298","227","16"
"3.2978131543884843","228","16"
"3.2964342814137506","229","16"
"3.2949737482402424","230","16"
"3.293665938339252","231","16"
"3.2926950546782447","232","16"
"3.292161769945024","233","16"
"3.2920707593418093","234","16"
"3.2923484663536735","235","16"
"3.2928568166750547","236","16"
"3.293420646062779","237","16"
"3.293870712196485","238","16"
"3.2940773561346064","239","16"
"3.2939745016857676","240","16"
"3.293563395570561","241","16"
"3.292906062138438","242","16"
"3.292107225919125","243","16"
"3.2912924940122634","244","16"
"3.2905837333557213","245","16"
"3.290071642872564","246","16"
"3.2898014161842517","247","16"
"3.289768689768712","248","16"
"3.2899245298427098","249","16"
"3.2901860294868785","250","16"
"3.290457191215635","251","16"
"3.290650432907392","252","16"
"3.2907037302126994","253","16"
"3.290587785197645","254","16"
"3.290311636586521","255","16"
"3.289914556077974","256","16"
"3.2894585680214563","257","16"
"3.2890119303693783","258","16"
"3.288635109070451","259","16"
"3.2883729860659865","260","16"
"3.288245820565604","261","16"
"3.2882451972053084","262","16"
"3.288338701249707","263","16"
"3.2884773989155653","264","16"
"3.2886126680997956","265","16"
"3.2886996268610864","266","16"
"3.2887064838243423","267","16"
"3.2886229535446794","268","16"
"3.2884549579449094","269","16"
"3.288227743117021","270","16"
"3.287974658836848","271","16"
"3.287734353442743","272","16"
"3.287537994949506","273","16"
"3.2874102060888277","274","16"
"3.2873587788644083","275","16"
"3.287378414713732","276","16"
"3.287447919386735","277","16"
"3.28753737158921","278","16"
"3.2876152916262087","279","16"
"3.287660485247668","280","16"
"3.2876492647623405","281","16"
"3.287580071769485","282","16"
"3.287456023070583","283","16"
"3.287284287309037","284","16"
"3.287082630253284","285","16"
"3.2868812848776785","286","16"
"3.286708302395541","287","16"
"3.286580825215011","288","16"
"3.2865001000566796","289","16"
"3.286460204997736","290","16"
"3.2864480494719643","291","16"
"3.2864511662734444","292","16"
"3.2864511662734444","293","16"
"3.2864330888248605","294","16"
"3.2863857134423653","295","16"
"3.2863052999641824","296","16"
"3.2861955885520877","297","16"
"3.2860646828899296","298","16"
"3.2859266085843672","299","16"
"3.2857950795619133","300","16"
"3.6688830195444733","1","17"
"3.3498746479089676","2","17"
"2.9855900595748475","3","17"
"2.882703507680981","4","17"
"2.9434465400437397","5","17"
"3.035535244890439","6","17"
"3.1271907143314244","7","17"
"3.172922607406408","8","17"
"3.1490105064521683","9","17"
"3.084803460924584","10","17"
"3.021799812448411","11","17"
"2.987945426453252","12","17"
"2.9905392286448733","13","17"
"3.019922251236884","14","17"
"3.0583904384628253","15","17"
"3.086628659871247","16","17"
"3.0921229575201177","17","17"
"3.075940524236174","18","17"
"3.050256833320726","19","17"
"3.029475247772956","20","17"
"3.0225079497446576","21","17"
"3.029865159638099","22","17"
"3.0451540059377384","23","17"
"3.0592541041529215","24","17"
"3.065118366137463","25","17"
"3.061114522956309","26","17"
"3.0511404465402943","27","17"
"3.0415740477578583","28","17"
"3.037334886064967","29","17"
"3.0395833466526088","30","17"
"3.046007386182951","31","17"
"3.0528998809757306","32","17"
"3.05741145111797","33","17"
"3.05863853586063","34","17"
"3.0573138952316476","35","17"
"3.054732871926094","36","17"
"3.0520041122303905","37","17"
"3.0499972037574454","38","17"
"3.049515657928792","39","17"
"3.0511956139264895","40","17"
"3.0549968650114465","41","17"
"3.0598067130553184","42","17"
"3.063777518140785","43","17"
"3.0654132155574674","44","17"
"3.0647150520259565","45","17"
"3.0633707755476505","46","17"
"3.063696792982454","47","17"
"3.0670046543931337","48","17"
"3.0726485585130425","49","17"
"3.0785296512255758","50","17"
"3.0827117754513838","51","17"
"3.0848841860829146","52","17"
"3.0865335974261083","53","17"
"3.089711176534926","54","17"
"3.0954211568462093","55","17"
"3.102928908251133","56","17"
"3.1104547371046403","57","17"
"3.116669327575529","58","17"
"3.1218740743669113","59","17"
"3.127934383164542","60","17"
"3.1370235996403966","61","17"
"3.1501677748416768","62","17"
"3.166722042542179","63","17"
"3.185015797148646","64","17"
"3.203563882755878","65","17"
"3.2219190383515004","66","17"
"3.2406672226137454","67","17"
"3.2607412942255647","68","17"
"3.2826365129421236","69","17"
"3.3060187576447704","70","17"
"3.32996670181603","71","17"
"3.3535780314274537","72","17"
"3.3764463155660556","73","17"
"3.3987875485743966","74","17"
"3.4212902318993996","75","17"
"3.444457417299929","76","17"
"3.4682186650625395","77","17"
"3.491687868526477","78","17"
"3.513214681308105","79","17"
"3.5303651931317233","80","17"
"3.542568094286056","81","17"
"3.549369578475621","82","17"
"3.5512172183929405","83","17"
"3.548639000208719","84","17"
"3.541553887084478","85","17"
"3.5278131560799335","86","17"
"3.50717213827891","87","17"
"3.4791218599997293","88","17"
"3.4440728039973023","89","17"
"3.4157822203240173","90","17"
"3.3910426085768486","91","17"
"3.3623527626339804","92","17"
"3.3318174585348292","93","17"
"3.280041775710058","94","17"
"3.1643816363108783","95","17"
"2.998440632076716","96","17"
"2.8432669302352167","97","17"
"2.76520227364759","98","17"
"2.787066324349349","99","17"
"2.8709419456162104","100","17"
"2.969044830598637","101","17"
"3.0604419171969335","102","17"
"3.141685711294118","103","17"
"3.208425158024169","104","17"
"3.251802619261192","105","17"
"3.2641208420702834","106","17"
"3.245021394281247","107","17"
"3.201838733136721","108","17"
"3.1448542516786437","109","17"
"3.0842137620845755","110","17"
"3.030669294419928","111","17"
"2.9947197944699413","112","17"
"2.9829298695117035","113","17"
"2.9953836731851724","114","17"
"3.0264722095470162","115","17"
"3.0676772601525086","116","17"
"3.110257131890811","117","17"
"3.146728072728395","118","17"
"3.1713981798025603","119","17"
"3.180780375617531","120","17"
"3.17414626366744","121","17"
"3.1538268997791477","122","17"
"3.1246947797062736","123","17"
"3.0929501566328987","124","17"
"3.0646991563384085","125","17"
"3.044811157774943","126","17"
"3.0361882148004904","127","17"
"3.039431558420535","128","17"
"3.0529014393764706","129","17"
"3.0731703110807875","130","17"
"3.0957989131855803","131","17"
"3.1162787923500903","132","17"
"3.1308950328903546","133","17"
"3.13738078509","134","17"
"3.1352308154291246","135","17"
"3.125640105595145","136","17"
"3.1110793441212237","137","17"
"3.09465754048362","138","17"
"3.079486197599775","139","17"
"3.0681516373377584","140","17"
"3.0623294521731963","141","17"
"3.0625663290856733","142","17"
"3.068273192595477","143","17"
"3.0779087843707678","144","17"
"3.0893265632322993","145","17"
"3.1002091872797215","146","17"
"3.108527307069434","147","17"
"3.1129082832296633","148","17"
"3.1128459472000642","149","17"
"3.1087230422023753","150","17"
"3.1016488378833142","151","17"
"3.0931786181813794","152","17"
"3.0849636645206533","153","17"
"3.078444250865025","154","17"
"3.074610273364528","155","17"
"3.073881253498366","156","17"
"3.0760820270233644","157","17"
"3.080526585933785","158","17"
"3.0861813988588733","159","17"
"3.091874548442165","160","17"
"3.096520141048043","161","17"
"3.0993106134130493","162","17"
"3.099852313510266","163","17"
"3.098211940891364","164","17"
"3.094865119462185","165","17"
"3.0905608166183627","166","17"
"3.0861561527668857","167","17"
"3.082439990362331","168","17"
"3.079997976402784","169","17"
"3.0791283887898757","170","17"
"3.0798172019169465","171","17"
"3.081771124764732","172","17"
"3.084497391019252","173","17"
"3.087405990160349","174","17"
"3.089923119035563","175","17"
"3.0915918545479326","176","17"
"3.0921510087334374","177","17"
"3.091567543496389","178","17"
"3.0900262851645497","179","17"
"3.0878738220624906","180","17"
"3.0855384027135577","181","17"
"3.083442665398434","182","17"
"3.0819272765188783","183","17"
"3.081192334729904","184","17"
"3.0812761766897148","185","17"
"3.0820650391442923","186","17"
"3.0833292138245634","187","17"
"3.084774162990672","188","17"
"3.086098803619654","189","17"
"3.0870500514313375","190","17"
"3.087463962667876","191","17"
"3.0872887984247024","192","17"
"3.086585959690972","193","17"
"3.085513468301718","194","17"
"3.0842810849965425","195","17"
"3.0831101026805223","196","17"
"3.0821887761630467","197","17"
"3.081643024223906","198","17"
"3.0815208456058913","199","17"
"3.08178546205154","200","17"
"3.0823333957517165","201","17"
"3.0830200271177515","202","17"
"3.0836898277557947","203","17"
"3.0842056584007276","204","17"
"3.0844665346846","205","17"
"3.0844278863462486","206","17"
"3.0841043623526287","207","17"
"3.0835629739355603","208","17"
"3.082906575543881","209","17"
"3.08224893043161","210","17"
"3.0816922696872893","211","17"
"3.0813098381456983","212","17"
"3.0811405958253366","213","17"
"3.081179244163688","214","17"
"3.0813855764216616","215","17"
"3.0816891528858092","216","17"
"3.082008313357357","217","17"
"3.0822645144390095","218","17"
"3.0824019653842756","219","17"
"3.082390744898948","220","17"
"3.082230852983026","221","17"
"3.0819472240483496","222","17"
"3.0815887918781546","223","17"
"3.0812110355387836","224","17"
"3.0808694340965803","225","17"
"3.0806076227722636","226","17"
"3.080449912617378","227","17"
"3.0804012905142906","228","17"
"3.080446795815898","229","17"
"3.0805540137868084","230","17"
"3.0806827376879307","231","17"
"3.0807908906992854","232","17"
"3.0808476164862206","233","17"
"3.080832032478821","234","17"
"3.080739775155014","235","17"
"3.0805795715589444","236","17"
"3.080372615940675","237","17"
"3.080145712792934","238","17"
"3.079928160049633","239","17"
"3.079744892122611","240","17"
"3.079613363100157","241","17"
"3.079538559864638","242","17"
"3.079515807213834","243","17"
"3.0795298328204943","244","17"
"3.0795588190742578","245","17"
"3.0795793899640254","246","17"
"3.0795734680412137","247","17"
"3.07953357298227","248","17"
"3.0794593931070473","249","17"
"3.0793562269780606","250","17"
"3.079227814757086","251","17"
"3.079082883488268","252","17"
"3.07893639381871","253","17"
"3.0788036180756637","254","17"
"3.078694841704013","255","17"
"3.0786134931853866","256","17"
"3.0785580141190434","257","17"
"3.0785240409829115","258","17"
"3.078501600012256","259","17"
"3.07848071744234","260","17"
"3.078449549427541","261","17"
"3.078403420765637","262","17"
"3.078337967934558","263","17"
"3.078255061015191","264","17"
"3.0781590635296086","265","17"
"3.078054962360178","266","17"
"3.0779499261503034","267","17"
"3.077849253462501","268","17"
"3.077756996138694","269","17"
"3.077676582660511","270","17"
"3.077610506469136","271","17"
"3.0775562741233844","272","17"
"3.0775070286600013","273","17"
"3.0774559131157297","274","17"
"3.0774013690898308","275","17"
"3.0773449549830434","276","17"
"3.0772838656740364","277","17"
"3.077214672681181","278","17"
"3.077135817603738","279","17"
"3.0770513522836316","280","17"
"3.0769634584818966","281","17"
"3.0768749413198657","282","17"
"3.0767901643196107","283","17"
"3.0767116209223158","284","17"
"3.076640869528721","285","17"
"3.0765763517380855","286","17"
"3.0765155741092265","287","17"
"3.0764566665612554","288","17"
"3.076398694053728","289","17"
"3.076338539785165","290","17"
"3.0762746453548258","291","17"
"3.0762073224428588","292","17"
"3.0761359476889676","293","17"
"3.0760602094130047","294","17"
"3.0759816660157098","295","17"
"3.075904369339007","296","17"
"3.0758289427431915","297","17"
"3.0757560095885608","298","17"
"3.0756861932354096","299","17"
"3.0756207404043305","300","17"
"3.6651980251547185","1","18"
"3.3423229496031763","2","18"
"3.0074980571774743","3","18"
"2.9357667411971224","4","18"
"3.0028608799355925","5","18"
"3.0913724317237437","6","18"
"3.17395645045731","7","18"
"3.202724216437177","8","18"
"3.1624595048381883","9","18"
"3.092841691941396","10","18"
"3.0366429561364163","11","18"
"3.0156463112865293","12","18"
"3.029839913546111","13","18"
"3.0651489107919665","14","18"
"3.1021147997045677","15","18"
"3.122291725765226","16","18"
"3.1174613068315864","17","18"
"3.094633229432076","18","18"
"3.0694145652974374","19","18"
"3.054840401577153","20","18"
"3.0553029349167784","21","18"
"3.067080704349245","22","18"
"3.0821859710417145","23","18"
"3.0927123446799776","24","18"
"3.0942931863906127","25","18"
"3.0875774142417463","26","18"
"3.0770257945114956","27","18"
"3.067982395017397","28","18"
"3.064064887237237","29","18"
"3.066080211074178","30","18"
"3.0723256578797185","31","18"
"3.079626453666373","32","18"
"3.0846616464572456","33","18"
"3.0853308237349926","34","18"
"3.0816791791210734","35","18"
"3.0758202156990477","36","18"
"3.070744192808788","37","18"
"3.068634741567152","38","18"
"3.069697570871818","39","18"
"3.0722415042397597","40","18"
"3.0739903415501644","41","18"
"3.0737413091119157","42","18"
"3.0721436366732893","43","18"
"3.0709975887691083","44","18"
"3.0716627142049315","45","18"
"3.073870033013038","46","18"
"3.0759283687104024","47","18"
"3.0761290907257117","48","18"
"3.0741489867454943","49","18"
"3.071250984729429","50","18"
"3.0691253261200973","51","18"
"3.0684146953826668","52","18"
"3.0682912700440608","53","18"
"3.0674771614974956","54","18"
"3.0657632323636665","55","18"
"3.0645190052128672","56","18"
"3.065572484113093","57","18"
"3.0693615796722784","58","18"
"3.0740514308591713","59","18"
"3.0766000394293336","60","18"
"3.075086832310814","61","18"
"3.0703720467120807","62","18"
"3.0655316540137054","63","18"
"3.063401008522006","64","18"
"3.0642634274915106","65","18"
"3.0657610506026307","66","18"
"3.06519503945387","67","18"
"3.0622371948493896","68","18"
"3.059540849889078","69","18"
"3.0605145386714168","70","18"
"3.066097353482318","71","18"
"3.0733791367799443","72","18"
"3.0775045352188175","73","18"
"3.075512275712828","74","18"
"3.068881592244365","75","18"
"3.062443527107363","76","18"
"3.0603961002151783","77","18"
"3.062800712556966","78","18"
"3.0656800137641516","79","18"
"3.0648098027909474","80","18"
"3.0599182945483006","81","18"
"3.055415763130353","82","18"
"3.056747884082887","83","18"
"3.0653792424213355","84","18"
"3.076781748955615","85","18"
"3.0834610545271657","86","18"
"3.080875044339244","87","18"
"3.071333579968648","88","18"
"3.062305141121653","89","18"
"3.0602895056045636","90","18"
"3.065423189322203","91","18"
"3.0715109259728575","92","18"
"3.071633727951168","93","18"
"3.064677650408197","94","18"
"3.05697603395122","95","18"
"3.057203560459257","96","18"
"3.068714531685039","97","18"
"3.0858625500674735","98","18"
"3.0977466024304063","99","18"
"3.0967467325156357","100","18"
"3.084768552748008","101","18"
"3.071926707290284","102","18"
"3.068565860254445","103","18"
"3.0768440849852143","104","18"
"3.0889325995252324","105","18"
"3.0937567848559118","106","18"
"3.0868250183644848","107","18"
"3.0746511034639155","108","18"
"3.069920110497487","109","18"
"3.081125635178233","110","18"
"3.1050595537428323","111","18"
"3.1284972775118227","112","18"
"3.137807786892754","113","18"
"3.1293612548820673","114","18"
"3.1126576923906746","115","18"
"3.103225004391729","116","18"
"3.1104609707076003","117","18"
"3.1303072041312343","118","18"
"3.1487645908153996","119","18"
"3.153301407049627","120","18"
"3.1430225074488725","121","18"
"3.1299406682771913","122","18"
"3.1303555145541737","123","18"
"3.152586412790124","124","18"
"3.1896202479749887","125","18"
"3.2245327880725934","126","18"
"3.241859087499681","127","18"
"3.238077472264048","128","18"
"3.224191498310538","129","18"
"3.2179924918470486","130","18"
"3.2322867667944335","131","18"
"3.265991234638406","132","18"
"3.305298464822752","133","18"
"3.3339692982765925","134","18"
"3.343646343511567","135","18"
"3.338036724207938","136","18"
"3.3307483956272033","137","18"
"3.3386812787539935","138","18"
"3.369572521582156","139","18"
"3.4173736591596837","140","18"
"3.46666338112404","141","18"
"3.5006941780829646","142","18"
"3.5105591664471807","143","18"
"3.5001010507613284","144","18"
"3.4856216378060343","145","18"
"3.486461615804883","146","18"
"3.5142176680243558","147","18"
"3.5650461548793673","148","18"
"3.6224922346366264","149","18"
"3.6678853313907385","150","18"
"3.689741590088798","151","18"
"3.6872581226695673","152","18"
"3.6653719426773","153","18"
"3.6376289810240436","154","18"
"3.6176998406810426","155","18"
"3.613914173603485","156","18"
"3.6237991094971727","157","18"
"3.634475089606474","158","18"
"3.6289066120823805","159","18"
"3.5963011284402406","160","18"
"3.5388827882161533","161","18"
"3.4748696077406223","162","18"
"3.428599131369902","163","18"
"3.4128502451718203","164","18"
"3.39765801971806","165","18"
"3.344884025379258","166","18"
"3.2504349667717864","167","18"
"3.133850072373503","168","18"
"3.005885424091744","169","18"
"2.8762380146909554","170","18"
"2.761973890674649","171","18"
"2.701663470357308","172","18"
"2.728050935046931","173","18"
"2.823734558720614","174","18"
"2.9265285416105264","175","18"
"2.9877129130628473","176","18"
"3.013477952496922","177","18"
"3.0383487815863974","178","18"
"3.0807631511661135","179","18"
"3.133716049909865","180","18"
"3.177626484199961","181","18"
"3.194086624495769","182","18"
"3.177772662189371","183","18"
"3.1373474353141644","184","18"
"3.0848252785349435","185","18"
"3.0292520847869913","186","18"
"2.979514166769817","187","18"
"2.9455563029655236","188","18"
"2.934921464635758","189","18"
"2.9486213655409146","190","18"
"2.980922961038758","191","18"
"3.022257670585817","192","18"
"3.0629665263956998","193","18"
"3.0959500780573586","194","18"
"3.117363439265116","195","18"
"3.1259106439636053","196","18"
"3.122021810757061","197","18"
"3.107426141106565","198","18"
"3.0849518206750295","199","18"
"3.058311583385382","200","18"
"3.032011700817346","201","18"
"3.0109863813938436","202","18"
"2.9995134351461172","203","18"
"2.9998350890588488","204","18"
"3.0113264244353073","205","18"
"3.030698904033988","206","18"
"3.05306943497624","207","18"
"3.073472640824343","208","18"
"3.088218851986322","209","18"
"3.095596321089383","210","18"
"3.0957184997073974","211","18"
"3.08987699037366","212","18"
"3.079890446751725","213","18"
"3.0676984544025725","214","18"
"3.0552518193725073","215","18"
"3.0445287755608588","216","18"
"3.037403767377674","217","18"
"3.0352812255698227","218","18"
"3.038623995157078","219","18"
"3.0467239388431935","220","18"
"3.0578163236302167","221","18"
"3.069527393511012","222","18"
"3.0795095736108746","223","18"
"3.0860701290460386","224","18"
"3.088537389097574","225","18"
"3.087237059520135","226","18"
"3.0831727503902693","227","18"
"3.077607701347804","228","18"
"3.071766503694214","229","18"
"3.06670357137017","230","18"
"3.063278518223844","231","18"
"3.062074186131988","232","18"
"3.0633626718638025","233","18"
"3.0670454844925215","234","18"
"3.0726161437776507","235","18"
"3.079154569922307","236","18"
"3.0855415195150377","237","18"
"3.090706059567329","238","18"
"3.0939191702130175","239","18"
"3.0949767009551676","240","18"
"3.0942299153205695","241","18"
"3.0923866389253223","242","18"
"3.090214228293791","243","18"
"3.0883616014941038","244","18"
"3.08731404451669","245","18"
"3.087391652873541","246","18"
"3.0887409162342148","247","18"
"3.0913231862603605","248","18"
"3.094914676605716","249","18"
"3.0991379426110597","250","18"
"3.103512061808033","251","18"
"3.1075336707576233","252","18"
"3.110785118061516","253","18"
"3.1130451108146335","254","18"
"3.1143373367082243","255","18"
"3.114900542735653","256","18"
"3.115106563313478","257","18"
"3.1153506088693588","258","18"
"3.1159727224447584","259","18"
"3.117206975830822","260","18"
"3.1191584052374237","261","18"
"3.1218129850579044","262","18"
"3.1250529001963208","263","18"
"3.1286811687991403","264","18"
"3.1324602905935897","265","18"
"3.1361393630605323","266","18"
"3.1395129889824394","267","18"
"3.14243810717138","268","18"
"3.144828693906508","269","18"
"3.146687554309155","270","18"
"3.148198579666639","271","18"
"3.1497158386270825","272","18"
"3.151546024456114","273","18"
"3.1538306399409235","274","18"
"3.1565896326109826","275","18"
"3.159783107407348","276","18"
"3.1632804703480093","277","18"
"3.1669096739912725","278","18"
"3.170523605307284","279","18"
"3.1740356172149014","280","18"
"3.177406749695624","281","18"
"3.1806020945728775","282","18"
"3.1835711596626854","283","18"
"3.1863089580826807","284","18"
"3.1888881113073464","285","18"
"3.191433603076028","286","18"
"3.194058573282449","287","18"
"3.1968343966805","288","18"
"3.199789747843796","289","18"
"3.2029208866105625","290","18"
"3.2061872945615586","291","18"
"3.209531310869406","292","18"
"3.212885924302285","293","18"
"3.216174149863641","294","18"
"3.219331469762839","295","18"
"3.2223251575843386","296","18"
"3.225155525008289","297","18"
"3.2278546750899326","298","18"
"3.230473723373542","299","18"
"3.2330503831570234","300","18"
"3.6647626079879685","1","19"
"3.3577685710172576","2","19"
"3.1054235961556915","3","19"
"3.117714391111759","4","19"
"3.214679955234149","5","19"
"3.2998889441741364","6","19"
"3.3496374593163427","7","19"
"3.3219206787955176","8","19"
"3.2351342766265234","9","19"
"3.152693319080887","10","19"
"3.115481514531517","11","19"
"3.1285147316001103","12","19"
"3.1723774788275634","13","19"
"3.2206358511822013","14","19"
"3.2497003366629604","15","19"
"3.2460549256520013","16","19"
"3.2152584335888292","17","19"
"3.178619185471328","18","19"
"3.156720226592993","19","19"
"3.1568140423175395","20","19"
"3.172786403181734","21","19"
"3.1926282730832964","22","19"
"3.2059647549358896","23","19"
"3.208321056854738","24","19"
"3.2015962459815803","25","19"
"3.191160571266384","26","19"
"3.181891827025284","27","19"
"3.176298415089351","28","19"
"3.1751280561336266","29","19"
"3.178213689598785","30","19"
"3.1840932239105784","31","19"
"3.18953297753355","32","19"
"3.190710505132678","33","19"
"3.186004134897941","34","19"
"3.178066888249079","35","19"
"3.1726673413651993","36","19"
"3.17440589323072","37","19"
"3.1825765883104307","38","19"
"3.1910224969608216","39","19"
"3.192808735888986","40","19"
"3.1860882885379","41","19"
"3.1758838804925165","42","19"
"3.169877180680341","43","19"
"3.1717806113441513","44","19"
"3.178187508466354","45","19"
"3.1819298520033397","46","19"
"3.1790879524139135","47","19"
"3.1730419809030903","48","19"
"3.171334597052369","49","19"
"3.177983357969416","50","19"
"3.1885642756335786","51","19"
"3.193411213615062","52","19"
"3.1867225576390714","53","19"
"3.172865569939325","54","19"
"3.163189771424942","55","19"
"3.165837494282167","56","19"
"3.17785993263081","57","19"
"3.187267374537768","58","19"
"3.1840897954289504","59","19"
"3.1705784610133314","60","19"
"3.1601973303240345","61","19"
"3.1652509122436387","62","19"
"3.184227246374217","63","19"
"3.2013428500212595","64","19"
"3.2003956540515004","65","19"
"3.180622042102349","66","19"
"3.158581268756676","67","19"
"3.153589087826227","68","19"
"3.1700423711587784","69","19"
"3.1924761731710745","70","19"
"3.1988054619364257","71","19"
"3.1813139720308996","72","19"
"3.155692305464903","73","19"
"3.147756617216781","74","19"
"3.1688424025889947","75","19"
"3.2029109128458266","76","19"
"3.219412818281466","77","19"
"3.201984599445983","78","19"
"3.164926141529427","79","19"
"3.14095139286544","80","19"
"3.152290940009824","81","19"
"3.190484848705529","82","19"
"3.22193618075964","83","19"
"3.2168162109685126","84","19"
"3.1774310607471676","85","19"
"3.138789579358941","86","19"
"3.1380618062133707","87","19"
"3.1793478936573423","88","19"
"3.227672030523207","89","19"
"3.2403402701384976","90","19"
"3.206315083422237","91","19"
"3.1556480468838872","92","19"
"3.1328508258190286","93","19"
"3.160228810018982","94","19"
"3.2199626220625306","95","19"
"3.268029311126151","96","19"
"3.268854951838192","97","19"
"3.222857195596968","98","19"
"3.1668607402080373","99","19"
"3.146854614868481","100","19"
"3.1782816358710484","101","19"
"3.23225154693771","102","19"
"3.2638060451208077","103","19"
"3.2498281255236385","104","19"
"3.202722034676141","105","19"
"3.15620907115028","106","19"
"3.1411976201823566","107","19"
"3.1641784208543853","108","19"
"3.207438066995466","109","19"
"3.2484196429348455","110","19"
"3.276091853194507","111","19"
"3.2946673666547626","112","19"
"3.3143577600043987","113","19"
"3.3434587120624735","114","19"
"3.387679891460121","115","19"
"3.4481720213037437","116","19"
"3.5178786630427146","117","19"
"3.5824594130677463","118","19"
"3.626322471975347","119","19"
"3.6398631043248777","120","19"
"3.625096945633427","121","19"
"3.5938575560799535","122","19"
"3.560045558584922","123","19"
"3.5327532864256677","124","19"
"3.512315172400989","125","19"
"3.493859655797712","126","19"
"3.473141341319985","127","19"
"3.4508693013044995","128","19"
"3.4283903056707445","129","19"
"3.3937900690814318","130","19"
"3.3352845885011346","131","19"
"3.257335876928562","132","19"
"3.167771157920333","133","19"
"3.058575888150883","134","19"
"2.9324797623563588","135","19"
"2.8222107544770627","136","19"
"2.7721708183964804","137","19"
"2.800736303960298","138","19"
"2.8838489322248657","139","19"
"2.9859045448441752","140","19"
"3.0871429321154404","141","19"
"3.180331867884565","142","19"
"3.257695555819349","143","19"
"3.306251582715323","144","19"
"3.3145413396115684","145","19"
"3.283568748264779","146","19"
"3.226929920090829","147","19"
"3.160808535094254","148","19"
"3.0982717834797793","149","19"
"3.049950140055098","150","19"
"3.024398289842252","151","19"
"3.0255038193271933","152","19"
"3.050628044376989","153","19"
"3.0919851948947032","154","19"
"3.139780098869272","155","19"
"3.1847087922028705","156","19"
"3.2190518926700866","157","19"
"3.2372172350555792","158","19"
"3.236580472513224","159","19"
"3.218335340009844","160","19"
"3.1874440971816815","161","19"
"3.1513085241833414","162","19"
"3.1177427540052265","163","19"
"3.093157735611464","164","19"
"3.0814778337454682","165","19"
"3.0837742930759013","166","19"
"3.098432610436145","167","19"
"3.1217219744546894","168","19"
"3.1486168544252493","169","19"
"3.1737837796553205","170","19"
"3.1925662487338453","171","19"
"3.2018265776109494","172","19"
"3.2004841712135312","173","19"
"3.1896246114970603","174","19"
"3.1721580560033744","175","19"
"3.152089594634219","176","19"
"3.1335929362514063","177","19"
"3.1201370809021305","178","19"
"3.1138638945634187","179","19"
"3.1153219342957432","180","19"
"3.123542809879281","181","19"
"3.1363796684546372","182","19"
"3.1510061944397854","183","19"
"3.164482308998681","184","19"
"3.1743061555833614","185","19"
"3.1788582441448408","186","19"
"3.1776595222956487","187","19"
"3.1713956863613766","188","19"
"3.1616968235160425","189","19"
"3.150730669188957","190","19"
"3.140727294839031","191","19"
"3.1335259250195873","192","19"
"3.1302542185060753","193","19"
"3.131177103424291","194","19"
"3.135735737268878","195","19"
"3.142730774830348","196","19"
"3.1506000752069467","197","19"
"3.1577422257982715","198","19"
"3.1628207421297154","199","19"
"3.1650012564450942","200","19"
"3.1640743196849543","201","19"
"3.160448856203467","202","19"
"3.1550271800290797","203","19"
"3.1489833902792923","204","19"
"3.143510910240782","205","19"
"3.1395865454973664","206","19"
"3.1378040467309782","207","19"
"3.1382946312839235","208","19"
"3.1407425671662828","209","19"
"3.144480858861345","210","19"
"3.148650827561381","211","19"
"3.152387249175555","212","19"
"3.1549835448083603","213","19"
"3.1560067907342306","214","19"
"3.155358807706547","215","19"
"3.1532727324760113","216","19"
"3.1502469415992675","217","19"
"3.1469200676995603","218","19"
"3.14393261348102","219","19"
"3.1418029030297645","220","19"
"3.1408394996923095","221","19"
"3.14109912925559","222","19"
"3.1424016405940645","223","19"
"3.1443801861735423","224","19"
"3.1465716092941007","225","19"
"3.148512753255819","226","19"
"3.1498236799582893","227","19"
"3.150275927853031","228","19"
"3.1498249266788814","229","19"
"3.1486053222597734","230","19"
"3.1468885880046127","231","19"
"3.1450197538372295","232","19"
"3.143343538001308","233","19"
"3.142139829269748","234","19"
"3.141572571400396","235","19"
"3.1416698156065705","236","19"
"3.1423280840791374","237","19"
"3.14334634312264","238","19"
"3.144471196776757","239","19"
"3.14544893740102","240","19"
"3.1460757261786396","241","19"
"3.1462306312121933","242","19"
"3.145895886733246","243","19"
"3.145148477738352","244","19"
"3.144135828937513","245","19"
"3.143047130180564","246","19"
"3.142068766196005","247","19"
"3.141348473373987","248","19"
"3.1409713403949118","249","19"
"3.140952639586032","250","19"
"3.1412381386015964","251","19"
"3.14171812602951","252","19"
"3.1422532808436188","253","19"
"3.1427070871391005","254","19"
"3.1429623531803093","255","19"
"3.1429576779780892","256","19"
"3.142686204569185","257","19"
"3.1421872046522434","258","19"
"3.141536728183376","259","19"
"3.1408370062511257","260","19"
"3.1401933867455143","261","19"
"3.139692205067537","262","19"
"3.139385200121761","263","19"
"3.1392789171912945","264","19"
"3.1393424999414856","265","19"
"3.139517040824363","266","19"
"3.1397277366044083","267","19"
"3.139897602285066","268","19"
"3.139963366796293","269","19"
"3.139888251880626","270","19"
"3.1396613487328855","271","19"
"3.1393035399229863","272","19"
"3.138859395712092","273","19"
"3.1383893820489144","274","19"
"3.137955523282904","275","19"
"3.137606441517149","276","19"
"3.137363954362008","277","19"
"3.137230555258666","278","19"
"3.1371894134791303","279","19"
"3.137207490927714","280","19"
"3.1372414640638455","281","19"
"3.137246762626362","282","19"
"3.1371856733173544","283","19"
"3.1370423004492762","284","19"
"3.1368178907427193","285","19"
"3.136527093164639","286","19"
"3.136193283726136","287","19"
"3.1358488771626005","288","19"
"3.1355269115697206","289","19"
"3.1352535680799285","290","19"
"3.135044430700623","291","19"
"3.134898252711213","292","19"
"3.1348038136263705","293","19"
"3.134739607515883","294","19"
"3.13468412844954","295","19"
"3.134615558816981","296","19"
"3.1345161328497704","297","19"
"3.134374941742728","298","19"
"3.1341894920546705","299","19"
"3.1339697575503336","300","19"