"nusselt","time","episode"
"7.600938923045523","1","0"
"7.37910007354252","2","0"
"5.137241146017595","3","0"
"3.1191498439055683","4","0"
"3.031930841188354","5","0"
"4.580132606183732","6","0"
"6.390194536757215","7","0"
"6.983858868470349","8","0"
"5.745504237978099","9","0"
"3.8188323838981724","10","0"
"3.0026754748397657","11","0"
"4.061143090159005","12","0"
"5.8984099954905025","13","0"
"6.832902098069788","14","0"
"6.144659098378915","15","0"
"4.398079856181454","16","0"
"3.2038884442873456","17","0"
"3.635065863358428","18","0"
"5.225241416230741","19","0"
"6.529113794053628","20","0"
"6.322625003960008","21","0"
"4.680730379182545","22","0"
"3.1383191235448455","23","0"
"3.1494980090352653","24","0"
"4.823112024453796","25","0"
"6.602643540611064","26","0"
"6.9070681490195405","27","0"
"5.445412493104157","28","0"
"3.3787041901167743","29","0"
"2.5905547799212583","30","0"
"3.690359878725117","31","0"
"5.717215524632953","32","0"
"6.99998043824369","33","0"
"6.3202268403083535","34","0"
"4.165458678908981","35","0"
"2.58901594082133","36","0"
"3.0539356130731283","37","0"
"5.134263129951474","38","0"
"6.903547915190855","39","0"
"6.922533900136617","40","0"
"5.165529162424743","41","0"
"3.1043496685767304","42","0"
"2.619197015065969","43","0"
"3.974203559579052","44","0"
"5.948457113138075","45","0"
"6.8932283542521615","46","0"
"5.865100540806641","47","0"
"3.7541642039872873","48","0"
"2.621720453322792","49","0"
"3.57294987039679","50","0"
"5.7063108842448065","51","0"
"6.977726511024575","52","0"
"6.366469373423993","53","0"
"4.367237910480063","54","0"
"2.738327066373745","55","0"
"2.9075132955230694","56","0"
"4.629898509349049","57","0"
"6.4344438271981295","58","0"
"6.745880328806052","59","0"
"5.096264327947021","60","0"
"3.046836951092912","61","0"
"2.62253012104215","62","0"
"4.253158568844922","63","0"
"6.377487963174837","64","0"
"7.0697202359671545","65","0"
"5.813913929532084","66","0"
"3.628533463501713","67","0"
"2.5073342847339637","68","0"
"3.3098198837860457","69","0"
"5.272277413257282","70","0"
"6.760285340289935","71","0"
"6.408128145325762","72","0"
"4.37651694298751","73","0"
"2.694487749710246","74","0"
"3.0368630714013034","75","0"
"5.070356703272574","76","0"
"6.80574381815765","77","0"
"6.7849729749986105","78","0"
"5.058599010774685","79","0"
"3.0735171315383147","80","0"
"2.618837046589922","81","0"
"3.954015356586471","82","0"
"5.912234457621922","83","0"
"6.830854494231206","84","0"
"5.733423514718065","85","0"
"3.573098318190397","86","0"
"2.549578484554184","87","0"
"3.686495705994342","88","0"
"5.893190626822313","89","0"
"7.065668935383875","90","0"
"6.284993139811584","91","0"
"4.187779512175919","92","0"
"2.6172684133905726","93","0"
"2.8982558680935653","94","0"
"4.6866337924959245","95","0"
"6.477428872110388","96","0"
"6.7002678276407455","97","0"
"4.957111247952228","98","0"
"2.951905284019106","99","0"
"2.7167305259213905","100","0"
"4.480201802849154","101","0"
"6.515420356265861","102","0"
"7.013267561178532","103","0"
"5.630919964763295","104","0"
"3.494560375178213","105","0"
"2.5265544408471063","106","0"
"3.4409024217621944","107","0"
"5.397357224255314","108","0"
"6.759113090577038","109","0"
"6.222941962083774","110","0"
"4.146951490367952","111","0"
"2.642202067212597","112","0"
"3.2342745925379424","113","0"
"5.353328863159815","114","0"
"6.937567549694838","115","0"
"6.680600237332786","116","0"
"4.814421556085792","117","0"
"2.914466471696171","118","0"
"2.648684984471443","119","0"
"4.118613642893935","120","0"
"6.067446731439222","121","0"
"6.836281550422846","122","0"
"5.555786215403103","123","0"
"3.4006570401206857","124","0"
"2.562895227353947","125","0"
"3.89169655466737","126","0"
"6.08883784941662","127","0"
"7.106177759588687","128","0"
"6.170575434778338","129","0"
"4.038252858547574","130","0"
"2.5843717202361187","131","0"
"2.9994692115792496","132","0"
"4.829252396686549","133","0"
"6.551177457199246","134","0"
"6.634051748435956","135","0"
"4.8148341433807005","136","0"
"2.901282669819556","137","0"
"2.8328592137401083","138","0"
"4.684608142204285","139","0"
"6.631504440052696","140","0"
"6.995162505862439","141","0"
"5.530804821328204","142","0"
"3.4227140823553217","143","0"
"2.544416613270842","144","0"
"3.5319490079652804","145","0"
"5.4960931273920535","146","0"
"6.801171904889748","147","0"
"6.173533239642512","148","0"
"4.084267492937817","149","0"
"2.640986084640314","150","0"
"3.3142287135623794","151","0"
"5.44848006570304","152","0"
"6.997189898499074","153","0"
"6.70248827210287","154","0"
"4.815035906931167","155","0"
"2.923844120930357","156","0"
"2.659800274369531","157","0"
"4.133270248995153","158","0"
"6.094246785220308","159","0"
"6.878676985788665","160","0"
"5.59908941251152","161","0"
"3.451581602707937","162","0"
"2.5847255905046826","163","0"
"3.8774180374301515","164","0"
"6.059627087099914","165","0"
"7.1470831415144485","166","0"
"6.303895492197567","167","0"
"4.182793269268113","168","0"
"2.6471112984716068","169","0"
"2.9558332265767127","170","0"
"4.7337283323143104","171","0"
"6.51046233934698","172","0"
"6.7327360781608325","173","0"
"5.023737126699932","174","0"
"3.0638931147217803","175","0"
"2.819579060185248","176","0"
"4.54320674022744","177","0"
"6.525357298243567","178","0"
"7.0797937777925","179","0"
"5.802332213878729","180","0"
"3.670989880942371","181","0"
"2.5829308009249314","182","0"
"3.368079718803887","183","0"
"5.2960335903314215","184","0"
"6.778652444293336","185","0"
"6.434802053329181","186","0"
"4.454726976671562","187","0"
"2.800883698384717","188","0"
"3.130621443355214","189","0"
"5.1245784795291005","190","0"
"6.889599398095764","191","0"
"6.985558700247851","192","0"
"5.336794706091565","193","0"
"3.2638930635835703","194","0"
"2.5912930114958046","195","0"
"3.753066875109191","196","0"
"5.755878857018647","197","0"
"6.951095116239043","198","0"
"6.149927949644973","199","0"
"4.030913752957994","200","0"
"2.6874802123732886","201","0"
"3.431283980449645","202","0"
"5.530162941431903","203","0"
"7.092239696563567","204","0"
"6.88045905624995","205","0"
"5.021102701066903","206","0"
"3.0583622147684157","207","0"
"2.700890519099304","208","0"
"4.093968172934149","209","0"
"6.070608739136856","210","0"
"7.00244829569516","211","0"
"5.911067086475011","212","0"
"3.797958393915406","213","0"
"2.724200133151126","214","0"
"3.712242686460214","215","0"
"5.794607004638171","216","0"
"7.171173500358704","217","0"
"6.770388153511203","218","0"
"4.814522960564523","219","0"
"2.971610508978965","220","0"
"2.836946929333792","221","0"
"4.36066683056445","222","0"
"6.28742824117714","223","0"
"7.03685821547811","224","0"
"5.808931868252266","225","0"
"3.7376645453499466","226","0"
"2.844217038061555","227","0"
"3.9230706125303523","228","0"
"5.927921138084415","229","0"
"7.2055227865358145","230","0"
"6.753363352092252","231","0"
"4.772000334014041","232","0"
"2.9708351654560166","233","0"
"2.9011945071627894","234","0"
"4.463687160044853","235","0"
"6.382542854475462","236","0"
"7.125212530194319","237","0"
"5.924905487366394","238","0"
"3.868236576242446","239","0"
"2.953845907874971","240","0"
"3.921453716374631","241","0"
"5.848411663502801","242","0"
"7.199258707808389","243","0"
"6.920087647763091","244","0"
"5.026475744563686","245","0"
"3.1280678625299707","246","0"
"2.8929988647734755","247","0"
"4.338519534859053","248","0"
"6.281728682228222","249","0"
"7.245892223140995","250","0"
"6.3217538314623125","251","0"
"4.302870459315383","252","0"
"3.1363251839321213","253","0"
"3.7459006101431536","254","0"
"5.500898166420339","255","0"
"7.034973695131096","256","0"
"7.199113744704773","257","0"
"5.644372610472699","258","0"
"3.5893794867653166","259","0"
"2.8898220471433813","260","0"
"3.9627347478813992","261","0"
"5.864109494973263","262","0"
"7.214150878952984","263","0"
"6.912327243153625","264","0"
"5.145998868902421","265","0"
"3.5777991649879586","266","0"
"3.5248663755590215","267","0"
"4.869045814036253","268","0"
"6.547791732404205","269","0"
"7.3674103324994515","270","0"
"6.516364707253362","271","0"
"4.502278359347739","272","0"
"3.1205998234107315","273","0"
"3.446967524691146","274","0"
"5.066293206274326","275","0"
"6.7974955569494755","276","0"
"7.4386171847090345","277","0"
"6.395708710198624","278","0"
"4.559207739727101","279","0"
"3.5452159196981756","280","0"
"4.055111440253966","281","0"
"5.5707034763156305","282","0"
"7.034319967288826","283","0"
"7.3184399840590295","284","0"
"5.956728373300189","285","0"
"4.034276827268095","286","0"
"3.204099964969786","287","0"
"3.954373582717523","288","0"
"5.650710216158929","289","0"
"7.172791790390423","290","0"
"7.4992842435725064","291","0"
"6.298233567900549","292","0"
"4.53886063487094","293","0"
"3.6888652951880716","294","0"
"4.256482266158128","295","0"
"5.7385752804004335","296","0"
"7.140314479676359","297","0"
"7.357702683123138","298","0"
"5.970440628413906","299","0"
"4.142129376358712","300","0"
"7.600938923045523","1","1"
"7.37910007354252","2","1"
"5.137241146017595","3","1"
"3.1191498439055683","4","1"
"3.031930841188354","5","1"
"4.580132606183732","6","1"
"6.390194536757215","7","1"
"6.983858868470349","8","1"
"5.745504237978099","9","1"
"3.8188323838981724","10","1"
"3.0026754748397657","11","1"
"4.061143090159005","12","1"
"5.8984099954905025","13","1"
"6.832902098069788","14","1"
"6.144659098378915","15","1"
"4.398079856181454","16","1"
"3.2038884442873456","17","1"
"3.635065863358428","18","1"
"5.225241416230741","19","1"
"6.529113794053628","20","1"
"6.322625003960008","21","1"
"4.680730379182545","22","1"
"3.1383191235448455","23","1"
"3.1494980090352653","24","1"
"4.823112024453796","25","1"
"6.602643540611064","26","1"
"6.9070681490195405","27","1"
"5.445412493104157","28","1"
"3.3787041901167743","29","1"
"2.5905547799212583","30","1"
"3.690359878725117","31","1"
"5.717215524632953","32","1"
"6.99998043824369","33","1"
"6.3202268403083535","34","1"
"4.165458678908981","35","1"
"2.58901594082133","36","1"
"3.0539356130731283","37","1"
"5.134263129951474","38","1"
"6.903547915190855","39","1"
"6.922533900136617","40","1"
"5.165529162424743","41","1"
"3.1043496685767304","42","1"
"2.619197015065969","43","1"
"3.974203559579052","44","1"
"5.948457113138075","45","1"
"6.8932283542521615","46","1"
"5.865100540806641","47","1"
"3.7541642039872873","48","1"
"2.621720453322792","49","1"
"3.57294987039679","50","1"
"5.7063108842448065","51","1"
"6.977726511024575","52","1"
"6.366469373423993","53","1"
"4.367237910480063","54","1"
"2.738327066373745","55","1"
"2.9075132955230694","56","1"
"4.629898509349049","57","1"
"6.4344438271981295","58","1"
"6.745880328806052","59","1"
"5.096264327947021","60","1"
"3.046836951092912","61","1"
"2.62253012104215","62","1"
"4.253158568844922","63","1"
"6.377487963174837","64","1"
"7.0697202359671545","65","1"
"5.813913929532084","66","1"
"3.628533463501713","67","1"
"2.5073342847339637","68","1"
"3.3098198837860457","69","1"
"5.272277413257282","70","1"
"6.760285340289935","71","1"
"6.408128145325762","72","1"
"4.37651694298751","73","1"
"2.694487749710246","74","1"
"3.0368630714013034","75","1"
"5.070356703272574","76","1"
"6.80574381815765","77","1"
"6.7849729749986105","78","1"
"5.058599010774685","79","1"
"3.0735171315383147","80","1"
"2.618837046589922","81","1"
"3.954015356586471","82","1"
"5.912234457621922","83","1"
"6.830854494231206","84","1"
"5.733423514718065","85","1"
"3.573098318190397","86","1"
"2.549578484554184","87","1"
"3.686495705994342","88","1"
"5.893190626822313","89","1"
"7.065668935383875","90","1"
"6.284993139811584","91","1"
"4.187779512175919","92","1"
"2.6172684133905726","93","1"
"2.8982558680935653","94","1"
"4.6866337924959245","95","1"
"6.477428872110388","96","1"
"6.7002678276407455","97","1"
"4.957111247952228","98","1"
"2.951905284019106","99","1"
"2.7167305259213905","100","1"
"4.480201802849154","101","1"
"6.515420356265861","102","1"
"7.013267561178532","103","1"
"5.630919964763295","104","1"
"3.494560375178213","105","1"
"2.5265544408471063","106","1"
"3.4409024217621944","107","1"
"5.397357224255314","108","1"
"6.759113090577038","109","1"
"6.222941962083774","110","1"
"4.146951490367952","111","1"
"2.642202067212597","112","1"
"3.2342745925379424","113","1"
"5.353328863159815","114","1"
"6.937567549694838","115","1"
"6.680600237332786","116","1"
"4.814421556085792","117","1"
"2.914466471696171","118","1"
"2.648684984471443","119","1"
"4.118613642893935","120","1"
"6.067446731439222","121","1"
"6.836281550422846","122","1"
"5.555786215403103","123","1"
"3.4006570401206857","124","1"
"2.562895227353947","125","1"
"3.89169655466737","126","1"
"6.08883784941662","127","1"
"7.106177759588687","128","1"
"6.170575434778338","129","1"
"4.038252858547574","130","1"
"2.5843717202361187","131","1"
"2.9994692115792496","132","1"
"4.829252396686549","133","1"
"6.551177457199246","134","1"
"6.634051748435956","135","1"
"4.8148341433807005","136","1"
"2.901282669819556","137","1"
"2.8328592137401083","138","1"
"4.684608142204285","139","1"
"6.631504440052696","140","1"
"6.995162505862439","141","1"
"5.530804821328204","142","1"
"3.4227140823553217","143","1"
"2.544416613270842","144","1"
"3.5319490079652804","145","1"
"5.4960931273920535","146","1"
"6.801171904889748","147","1"
"6.173533239642512","148","1"
"4.084267492937817","149","1"
"2.640986084640314","150","1"
"3.3142287135623794","151","1"
"5.44848006570304","152","1"
"6.997189898499074","153","1"
"6.70248827210287","154","1"
"4.815035906931167","155","1"
"2.923844120930357","156","1"
"2.659800274369531","157","1"
"4.133270248995153","158","1"
"6.094246785220308","159","1"
"6.878676985788665","160","1"
"5.59908941251152","161","1"
"3.451581602707937","162","1"
"2.5847255905046826","163","1"
"3.8774180374301515","164","1"
"6.059627087099914","165","1"
"7.1470831415144485","166","1"
"6.303895492197567","167","1"
"4.182793269268113","168","1"
"2.6471112984716068","169","1"
"2.9558332265767127","170","1"
"4.7337283323143104","171","1"
"6.51046233934698","172","1"
"6.7327360781608325","173","1"
"5.023737126699932","174","1"
"3.0638931147217803","175","1"
"2.819579060185248","176","1"
"4.54320674022744","177","1"
"6.525357298243567","178","1"
"7.0797937777925","179","1"
"5.802332213878729","180","1"
"3.670989880942371","181","1"
"2.5829308009249314","182","1"
"3.368079718803887","183","1"
"5.2960335903314215","184","1"
"6.778652444293336","185","1"
"6.434802053329181","186","1"
"4.454726976671562","187","1"
"2.800883698384717","188","1"
"3.130621443355214","189","1"
"5.1245784795291005","190","1"
"6.889599398095764","191","1"
"6.985558700247851","192","1"
"5.336794706091565","193","1"
"3.2638930635835703","194","1"
"2.5912930114958046","195","1"
"3.753066875109191","196","1"
"5.755878857018647","197","1"
"6.951095116239043","198","1"
"6.149927949644973","199","1"
"4.030913752957994","200","1"
"2.6874802123732886","201","1"
"3.431283980449645","202","1"
"5.530162941431903","203","1"
"7.092239696563567","204","1"
"6.88045905624995","205","1"
"5.021102701066903","206","1"
"3.0583622147684157","207","1"
"2.700890519099304","208","1"
"4.093968172934149","209","1"
"6.070608739136856","210","1"
"7.00244829569516","211","1"
"5.911067086475011","212","1"
"3.797958393915406","213","1"
"2.724200133151126","214","1"
"3.712242686460214","215","1"
"5.794607004638171","216","1"
"7.171173500358704","217","1"
"6.770388153511203","218","1"
"4.814522960564523","219","1"
"2.971610508978965","220","1"
"2.836946929333792","221","1"
"4.36066683056445","222","1"
"6.28742824117714","223","1"
"7.03685821547811","224","1"
"5.808931868252266","225","1"
"3.7376645453499466","226","1"
"2.844217038061555","227","1"
"3.9230706125303523","228","1"
"5.927921138084415","229","1"
"7.2055227865358145","230","1"
"6.753363352092252","231","1"
"4.772000334014041","232","1"
"2.9708351654560166","233","1"
"2.9011945071627894","234","1"
"4.463687160044853","235","1"
"6.382542854475462","236","1"
"7.125212530194319","237","1"
"5.924905487366394","238","1"
"3.868236576242446","239","1"
"2.953845907874971","240","1"
"3.921453716374631","241","1"
"5.848411663502801","242","1"
"7.199258707808389","243","1"
"6.920087647763091","244","1"
"5.026475744563686","245","1"
"3.1280678625299707","246","1"
"2.8929988647734755","247","1"
"4.338519534859053","248","1"
"6.281728682228222","249","1"
"7.245892223140995","250","1"
"6.3217538314623125","251","1"
"4.302870459315383","252","1"
"3.1363251839321213","253","1"
"3.7459006101431536","254","1"
"5.500898166420339","255","1"
"7.034973695131096","256","1"
"7.199113744704773","257","1"
"5.644372610472699","258","1"
"3.5893794867653166","259","1"
"2.8898220471433813","260","1"
"3.9627347478813992","261","1"
"5.864109494973263","262","1"
"7.214150878952984","263","1"
"6.912327243153625","264","1"
"5.145998868902421","265","1"
"3.5777991649879586","266","1"
"3.5248663755590215","267","1"
"4.869045814036253","268","1"
"6.547791732404205","269","1"
"7.3674103324994515","270","1"
"6.516364707253362","271","1"
"4.502278359347739","272","1"
"3.1205998234107315","273","1"
"3.446967524691146","274","1"
"5.066293206274326","275","1"
"6.7974955569494755","276","1"
"7.4386171847090345","277","1"
"6.395708710198624","278","1"
"4.559207739727101","279","1"
"3.5452159196981756","280","1"
"4.055111440253966","281","1"
"5.5707034763156305","282","1"
"7.034319967288826","283","1"
"7.3184399840590295","284","1"
"5.956728373300189","285","1"
"4.034276827268095","286","1"
"3.204099964969786","287","1"
"3.954373582717523","288","1"
"5.650710216158929","289","1"
"7.172791790390423","290","1"
"7.4992842435725064","291","1"
"6.298233567900549","292","1"
"4.53886063487094","293","1"
"3.6888652951880716","294","1"
"4.256482266158128","295","1"
"5.7385752804004335","296","1"
"7.140314479676359","297","1"
"7.357702683123138","298","1"
"5.970440628413906","299","1"
"4.142129376358712","300","1"
"3.785816340111534","1","2"
"4.668426984232101","2","2"
"6.820316791699089","3","2"
"8.513680287640362","4","2"
"8.19138200733118","5","2"
"6.225465574575097","6","2"
"4.693140405646708","7","2"
"4.988851198264242","8","2"
"6.519136429672028","9","2"
"7.5544768544604635","10","2"
"6.7963100654146125","11","2"
"4.640447014420137","12","2"
"2.991763516602639","13","2"
"3.4507222781562104","14","2"
"5.9639472570850875","15","2"
"8.668128020473686","16","2"
"9.255785443580713","17","2"
"7.064854911802029","18","2"
"4.522679128429758","19","2"
"4.280626637697241","20","2"
"5.966721070317748","21","2"
"7.797678944420938","22","2"
"8.133506185150322","23","2"
"6.446741995113587","24","2"
"4.118248447382902","25","2"
"3.121817025624511","26","2"
"4.392371933976557","27","2"
"6.978432509216707","28","2"
"8.686060235166236","29","2"
"8.024317605917242","30","2"
"5.772203235749452","31","2"
"4.617106560861897","32","2"
"5.566754974087079","33","2"
"7.313754469897428","34","2"
"8.143247287550547","35","2"
"7.174914663532805","36","2"
"5.079340234068804","37","2"
"3.5582768862526155","38","2"
"3.8187752349823234","39","2"
"5.826818781974937","40","2"
"7.907088452999435","41","2"
"8.11838611528033","42","2"
"6.322716999775764","43","2"
"4.51369490069553","44","2"
"4.691606793581766","45","2"
"6.638437579258351","46","2"
"8.513445419534984","47","2"
"8.528513915993111","48","2"
"6.351596716543347","49","2"
"3.8353184522445494","50","2"
"2.87686370470917","51","2"
"4.1070249578606","52","2"
"6.6952979627758955","53","2"
"8.552657939063225","54","2"
"8.039071783338201","55","2"
"5.665517709336747","56","2"
"3.8387940820413524","57","2"
"4.423405189158442","58","2"
"6.8859516246134165","59","2"
"9.005091270140063","60","2"
"8.848204254313194","61","2"
"6.431502051907914","62","2"
"3.7871893079679015","63","2"
"2.8109007882322112","64","2"
"4.036948190615027","65","2"
"6.599411839113615","66","2"
"8.535522324502567","67","2"
"8.254615191903861","68","2"
"5.951792658397249","69","2"
"3.7159657292463626","70","2"
"3.8572211227125934","71","2"
"6.190315506638106","72","2"
"8.809505378089593","73","2"
"9.408275477577217","74","2"
"7.356832207563442","75","2"
"4.438890106070468","76","2"
"2.8113273142870825","77","2"
"3.3373674035701533","78","2"
"5.527946678597767","79","2"
"7.872152345027878","80","2"
"8.641806066159335","81","2"
"7.100359024242083","82","2"
"4.348922031419527","83","2"
"3.1956015030202733","84","2"
"4.551880482083489","85","2"
"7.343604324358443","86","2"
"9.442138301031614","87","2"
"8.82282804486234","88","2"
"6.001994496280412","89","2"
"3.42017513722804","90","2"
"2.7710054437002762","91","2"
"4.079908145759352","92","2"
"6.415893428501215","93","2"
"8.357095742904693","94","2"
"8.353008898483507","95","2"
"5.93167554308048","96","2"
"3.45871546005706","97","2"
"3.317611999074427","98","2"
"5.194204676358866","99","2"
"7.870897856631197","100","2"
"9.419524753805451","101","2"
"8.225702719050366","102","2"
"5.193249174363395","103","2"
"2.962664264365637","104","2"
"2.953121092356889","105","2"
"4.6373860627322365","106","2"
"6.962802977670063","107","2"
"8.577574866373293","108","2"
"7.775182482778465","109","2"
"4.976128595107906","110","2"
"3.1087452565310993","111","2"
"3.6227237883490857","112","2"
"5.883349165350354","113","2"
"8.453144950058542","114","2"
"9.393006959913619","115","2"
"7.685283056520344","116","2"
"4.652794664933465","117","2"
"2.8722785496193026","118","2"
"3.1333510010249914","119","2"
"5.000102216837472","120","2"
"7.402943716335429","121","2"
"8.46097226071583","122","2"
"6.893579611003232","123","2"
"4.195966442840256","124","2"
"2.9488725583201307","125","2"
"3.9901278958989153","126","2"
"6.374534339938653","127","2"
"8.733482684312753","128","2"
"9.185727145192091","129","2"
"7.061769567284193","130","2"
"3.983386414642754","131","2"
"2.425545125960382","132","2"
"3.1189930328559834","133","2"
"5.41850720168535","134","2"
"7.742585298728719","135","2"
"8.142410265014762","136","2"
"6.0703536598295305","137","2"
"3.4974704397895127","138","2"
"2.66496684998436","139","2"
"4.068177982312391","140","2"
"6.643373991099289","141","2"
"8.779468047307073","142","2"
"8.781898967044642","143","2"
"6.213601599032489","144","2"
"3.193020044675104","145","2"
"2.0901937196492395","146","2"
"3.4870247330731523","147","2"
"6.038481988235865","148","2"
"7.910941126253241","149","2"
"7.485150340969906","150","2"
"5.151713760487299","151","2"
"2.9380055525838853","152","2"
"2.734382745773182","153","2"
"4.542226496933034","154","2"
"7.058917696995739","155","2"
"8.469277670839853","156","2"
"7.420933776881825","157","2"
"4.643806255571248","158","2"
"2.51250939783927","159","2"
"2.850911476002841","160","2"
"4.934946528796877","161","2"
"7.001878897350666","162","2"
"7.47545105484957","163","2"
"6.056407930486432","164","2"
"3.8399381057653255","165","2"
"2.7549567039477423","166","2"
"3.741741981108157","167","2"
"5.901275804538919","168","2"
"7.37315519241825","169","2"
"6.92150870434133","170","2"
"4.870656089280993","171","2"
"3.138617064539057","172","2"
"3.2887071925389106","173","2"
"5.059263541155927","174","2"
"6.738926978398451","175","2"
"7.007742236729152","176","2"
"5.667638143196137","177","2"
"3.7481315086752502","178","2"
"2.863211386263295","179","2"
"3.8842313033001235","180","2"
"5.901932320133182","181","2"
"7.113561817679148","182","2"
"6.505960816816891","183","2"
"4.456108307783907","184","2"
"2.948923783262995","185","2"
"3.2004859929803486","186","2"
"4.859215155103265","187","2"
"6.573670434151729","188","2"
"7.282778363631392","189","2"
"6.235656898922129","190","2"
"4.03917664986413","191","2"
"2.6294730173797785","192","2"
"3.1419731694691766","193","2"
"5.151044700009069","194","2"
"7.035444128279852","195","2"
"7.304267052928532","196","2"
"5.75513696651961","197","2"
"3.7751044030798786","198","2"
"3.0226803831388316","199","2"
"3.804934743276946","200","2"
"5.5178003067516155","201","2"
"7.088589135329227","202","2"
"7.4786709084010505","203","2"
"6.14972095905952","204","2"
"4.055713594684372","205","2"
"2.864017743527161","206","2"
"3.425357568182327","207","2"
"5.193542585260618","208","2"
"7.026965180594287","209","2"
"7.791867875392315","210","2"
"6.828144799294376","211","2"
"4.884274954702956","212","2"
"3.5182224656226015","213","2"
"3.5991003779635946","214","2"
"4.91039549393584","215","2"
"6.63797690324157","216","2"
"7.900328154417323","217","2"
"7.766557875051286","218","2"
"6.115005780433378","219","2"
"4.082082940782597","220","2"
"3.1994824022630044","221","2"
"3.8387219489585434","222","2"
"5.345672999250073","223","2"
"6.9293053497267","224","2"
"7.8797629079677405","225","2"
"7.659088641859656","226","2"
"6.387371937864684","227","2"
"4.8001437357865715","228","2"
"3.8277406453906004","229","2"
"3.9787162331171113","230","2"
"5.090569996033088","231","2"
"6.6065010924308565","232","2"
"7.890647685622938","233","2"
"8.382737485732843","234","2"
"7.763454410145498","235","2"
"6.245566660317908","236","2"
"4.56996009916265","237","2"
"3.6590934977828495","238","2"
"3.9707624282131575","239","2"
"5.133963446612268","240","2"
"6.343382605297082","241","2"
"7.014022345030535","242","2"
"6.933759480472914","243","2"
"6.111334311059093","244","2"
"4.763255156013181","245","2"
"3.6207472721863154","246","2"
"3.3339876027480964","247","2"
"3.9193322371082444","248","2"
"4.8709136078713104","249","2"
"5.426305240946716","250","2"
"5.279891809356133","251","2"
"4.78661094220738","252","2"
"4.42145167194961","253","2"
"4.333704041760795","254","2"
"4.285228170830065","255","2"
"4.004186529197716","256","2"
"3.6249282032372525","257","2"
"3.512604448419467","258","2"
"3.7788058407880847","259","2"
"4.326801916296058","260","2"
"4.970003207042114","261","2"
"5.41521939667905","262","2"
"5.5207960947366885","263","2"
"5.298904974883824","264","2"
"4.941439551656695","265","2"
"4.439980117099583","266","2"
"4.158074272349521","267","2"
"4.236007621648305","268","2"
"4.090403335073582","269","2"
"3.7040993144207617","270","2"
"3.6526684263778506","271","2"
"3.9007759144383454","272","2"
"4.188371212536353","273","2"
"4.395731872065666","274","2"
"4.660123316453073","275","2"
"5.032072505157876","276","2"
"5.4468447006903675","277","2"
"5.767655366842486","278","2"
"5.696962157937544","279","2"
"5.229811587153648","280","2"
"4.7768761122491386","281","2"
"4.4698676062125","282","2"
"4.261489765674878","283","2"
"4.097000201695126","284","2"
"4.000227224430192","285","2"
"4.08203310971573","286","2"
"4.336323483226864","287","2"
"4.660621278652755","288","2"
"4.955874879943499","289","2"
"5.203914416549174","290","2"
"5.400591713504755","291","2"
"5.395611394569934","292","2"
"5.148431879453983","293","2"
"4.849308529928479","294","2"
"4.575087123546083","295","2"
"4.336667770597953","296","2"
"4.189972776056115","297","2"
"4.210325107947262","298","2"
"4.402936468621602","299","2"
"4.697057197196344","300","2"
"7.442502614048753","1","3"
"7.905230416296352","2","3"
"6.581777913884276","3","3"
"4.747788011020107","4","3"
"3.9769397381598117","5","3"
"4.9203209364365765","6","3"
"6.526088386203633","7","3"
"7.105445277752625","8","3"
"5.70729217294621","9","3"
"3.392723097949679","10","3"
"2.421303387069106","11","3"
"3.9039999496178144","12","3"
"6.807318898033483","13","3"
"8.862193193812178","14","3"
"8.356228055096988","15","3"
"5.838203264174813","16","3"
"4.068059502852704","17","3"
"4.251571641023122","18","3"
"5.570446654663311","19","3"
"6.71930190130838","20","3"
"6.568117232182423","21","3"
"5.0507487011634575","22","3"
"3.3930151149709067","23","3"
"3.3506085285971166","24","3"
"5.305975759344114","25","3"
"7.625827275897667","26","3"
"8.282084306163178","27","3"
"6.707929267054473","28","3"
"4.753024106200253","29","3"
"4.375150944511124","30","3"
"5.348681680588112","31","3"
"6.456200140686561","32","3"
"6.528653118036846","33","3"
"5.255914354467579","34","3"
"3.563367669860145","35","3"
"3.0580130488313393","36","3"
"4.595286826015633","37","3"
"7.144167152930165","38","3"
"8.518288441684168","39","3"
"7.375674623281584","40","3"
"5.000065627592568","41","3"
"4.028760563012692","42","3"
"4.86163213608087","43","3"
"6.28429898956542","44","3"
"6.956497082662749","45","3"
"6.088623889451187","46","3"
"4.196317699591327","47","3"
"2.8875772098513215","48","3"
"3.6222038726024612","49","3"
"6.077578816056413","50","3"
"8.219824047035921","51","3"
"8.130994420604969","52","3"
"5.941852231729552","53","3"
"4.2323960889418615","54","3"
"4.448691842076531","55","3"
"5.725851283368102","56","3"
"6.722718988313338","57","3"
"6.415571443146066","58","3"
"4.856841035812548","59","3"
"3.2684402355525384","60","3"
"3.2463392862240186","61","3"
"5.20722661438541","62","3"
"7.6143452223780494","63","3"
"8.330012732296355","64","3"
"6.634851833257839","65","3"
"4.515918481378646","66","3"
"4.16884893380101","67","3"
"5.303052801379848","68","3"
"6.57528733030745","69","3"
"6.755585190430373","70","3"
"5.447877911272633","71","3"
"3.6047964522225224","72","3"
"2.900981592604353","73","3"
"4.317874140539682","74","3"
"6.884390483497547","75","3"
"8.39717176861265","76","3"
"7.422090693958764","77","3"
"5.066739595062145","78","3"
"3.997651690058007","79","3"
"4.765155705934152","80","3"
"6.149203831064889","81","3"
"6.850363182675585","82","3"
"6.059094626469323","83","3"
"4.253798706396228","84","3"
"2.964705247293237","85","3"
"3.6052581736463005","86","3"
"5.941851534791554","87","3"
"8.002437237465138","88","3"
"7.910709742837853","89","3"
"5.786298806762154","90","3"
"4.1172047827306635","91","3"
"4.364597560874049","92","3"
"5.680768106612394","93","3"
"6.742382396993308","94","3"
"6.46280641597108","95","3"
"4.859613106700213","96","3"
"3.2104867047848864","97","3"
"3.1374545719581333","98","3"
"5.05162858538613","99","3"
"7.432472282379294","100","3"
"8.163235469337657","101","3"
"6.516454612255124","102","3"
"4.390387751495807","103","3"
"4.010369066179356","104","3"
"5.144291719275938","105","3"
"6.487668982117293","106","3"
"6.7853778959755395","107","3"
"5.5639780246334265","108","3"
"3.7095120833834394","109","3"
"2.928837681687144","110","3"
"4.200001713849578","111","3"
"6.6165878760781665","112","3"
"8.069353739358073","113","3"
"7.174879816632897","114","3"
"4.917119551742047","115","3"
"3.8445664710110785","116","3"
"4.618308778908716","117","3"
"6.066890574916694","118","3"
"6.867018606955514","119","3"
"6.158130909883267","120","3"
"4.355775022755394","121","3"
"3.0249886417887235","122","3"
"3.591390152889996","123","3"
"5.782017865108482","124","3"
"7.701117487838445","125","3"
"7.581322906149428","126","3"
"5.513024539119252","127","3"
"3.830953529562099","128","3"
"4.120743833885299","129","3"
"5.578239815358689","130","3"
"6.8160619852203475","131","3"
"6.695689641930859","132","3"
"5.0884554861466835","133","3"
"3.337898470324748","134","3"
"3.196883520467881","135","3"
"5.019853091236209","136","3"
"7.20294690369463","137","3"
"7.791032943670524","138","3"
"6.1751487419222375","139","3"
"4.0616232804397345","140","3"
"3.6766291547544494","141","3"
"4.95265467792302","142","3"
"6.533674556313559","143","3"
"7.065025661611577","144","3"
"5.846353605594246","145","3"
"3.831636877269291","146","3"
"3.0521545880188414","147","3"
"4.420589559645892","148","3"
"6.718500422610501","149","3"
"7.85198574711324","150","3"
"6.777253689731037","151","3"
"4.468217257032866","152","3"
"3.3446608597208547","153","3"
"4.23257798975938","154","3"
"6.028800822503482","155","3"
"7.1963287804641425","156","3"
"6.546864804866657","157","3"
"4.470417838762043","158","3"
"3.1152828834228004","159","3"
"3.971847909145285","160","3"
"6.27886844868379","161","3"
"7.822831436774384","162","3"
"7.3093435493070995","163","3"
"5.085797713090717","164","3"
"3.3013426784454767","165","3"
"3.557978945258404","166","3"
"5.308789646511668","167","3"
"6.986306514719872","168","3"
"7.039782567318372","169","3"
"5.200517540746162","170","3"
"3.3949233312098572","171","3"
"3.6575414168609566","172","3"
"5.754791285272525","173","3"
"7.711620343470654","174","3"
"7.712729868763718","175","3"
"5.743114786051422","176","3"
"3.5536481725378635","177","3"
"3.114571309726683","178","3"
"4.576484135763386","179","3"
"6.5618336391910494","180","3"
"7.3151915560496255","181","3"
"5.985637361463694","182","3"
"3.8442580759468945","183","3"
"3.4107211732830556","184","3"
"5.199027487306105","185","3"
"7.360643761475356","186","3"
"7.9684956600169485","187","3"
"6.439249911633412","188","3"
"4.0610713055451955","189","3"
"2.9603838832356715","190","3"
"3.9326928870018913","191","3"
"5.998009404806957","192","3"
"7.3538980985912055","193","3"
"6.68049709050906","194","3"
"4.5010308403310395","195","3"
"3.383062840357241","196","3"
"4.597296795202315","197","3"
"6.865761330806841","198","3"
"8.037109205935394","199","3"
"7.147734778542724","200","3"
"4.834706633460116","201","3"
"3.1240695292345504","202","3"
"3.43701908323647","203","3"
"5.328837068028622","204","3"
"7.09481976103274","205","3"
"7.083870168143713","206","3"
"5.1548541631069895","207","3"
"3.521206754130705","208","3"
"4.115946809643992","209","3"
"6.2812610368314585","210","3"
"7.984843734639691","211","3"
"7.787415835460095","212","3"
"5.758222659506445","213","3"
"3.542167861363241","214","3"
"3.0380618047581316","215","3"
"4.557407200408865","216","3"
"6.6219633588579425","217","3"
"7.344842086243168","218","3"
"5.949093417530391","219","3"
"3.8885251383067616","220","3"
"3.6625050092838225","221","3"
"5.474948028528004","222","3"
"7.570865351487099","223","3"
"8.21551627326932","224","3"
"6.8261320423557015","225","3"
"4.424888970156515","226","3"
"3.030870101555161","227","3"
"3.8100293600434654","228","3"
"5.871059360690873","229","3"
"7.251525572980088","230","3"
"6.66032352321444","231","3"
"4.668716213501336","232","3"
"3.6180382741874837","233","3"
"4.519155061442082","234","3"
"6.565600589071082","235","3"
"8.205872742188836","236","3"
"7.799800423687325","237","3"
"5.559316554832761","238","3"
"3.5661017576269103","239","3"
"3.374804822017092","240","3"
"4.957470519490276","241","3"
"6.75842033420687","242","3"
"7.154897210349772","243","3"
"5.734259840315852","244","3"
"3.934360311162479","245","3"
"3.5417277450174054","246","3"
"5.0849805532878785","247","3"
"7.295215222208483","248","3"
"8.383792649862052","249","3"
"7.044255515390536","250","3"
"4.5934009117926236","251","3"
"3.315725387913419","252","3"
"3.982220437371839","253","3"
"5.663825543877225","254","3"
"6.9709822420164205","255","3"
"6.820999790937282","256","3"
"5.172325353313759","257","3"
"3.5966847908619863","258","3"
"3.606043971239221","259","3"
"5.326717679576229","260","3"
"7.448291381061436","261","3"
"7.968647592500547","262","3"
"6.172645340632862","263","3"
"3.9902582233045707","264","3"
"3.305591909420233","265","3"
"4.299448493744437","266","3"
"5.8901261904444215","267","3"
"6.995885927504524","268","3"
"6.672910223461135","269","3"
"5.103336506283308","270","3"
"3.6334092417368113","271","3"
"3.7640826771080427","272","3"
"5.276230445582821","273","3"
"6.862697591366947","274","3"
"6.953606183846398","275","3"
"5.460118581803244","276","3"
"3.9126527833339186","277","3"
"3.605264446088284","278","3"
"4.502081125894261","279","3"
"5.850225096174002","280","3"
"6.827238779896773","281","3"
"6.602919528058334","282","3"
"5.251607277638976","283","3"
"4.010120956252012","284","3"
"3.9395880430866463","285","3"
"4.941836457846645","286","3"
"6.110895937058253","287","3"
"6.312640670198427","288","3"
"5.40116808122923","289","3"
"4.267007423806278","290","3"
"3.9421137463919633","291","3"
"4.564516316459054","292","3"
"5.600932813516643","293","3"
"6.466415857863529","294","3"
"6.756055623579128","295","3"
"6.267794800831091","296","3"
"5.297330940414988","297","3"
"4.5187257476352185","298","3"
"4.481469184598801","299","3"
"5.171172966333809","300","3"
"3.571737546748998","1","4"
"4.448765717504336","2","4"
"6.040505199244511","3","4"
"6.874135737792682","4","4"
"6.230956749062567","5","4"
"4.476944314645774","6","4"
"3.2822573798349772","7","4"
"3.726489841487515","8","4"
"5.329213414547626","9","4"
"6.661026036716581","10","4"
"6.50823631938087","11","4"
"4.955124277719485","12","4"
"3.4907850620422023","13","4"
"3.5082649639739496","14","4"
"4.919736553925123","15","4"
"6.460015179288466","16","4"
"6.881461950029296","17","4"
"5.720828451215392","18","4"
"3.8441821097050957","19","4"
"3.0270808496591877","20","4"
"3.9149516333208356","21","4"
"5.693821755317853","22","4"
"6.901898959887219","23","4"
"6.452768417983641","24","4"
"4.677972247054844","25","4"
"3.193775873934104","26","4"
"3.339359949306881","27","4"
"4.908819020184011","28","4"
"6.544182987449753","29","4"
"6.977578760168966","30","4"
"5.745835631996222","31","4"
"3.782635515087951","32","4"
"2.9235977533480093","33","4"
"3.819395858269681","34","4"
"5.637319597931361","35","4"
"6.8971583876237625","36","4"
"6.473775523124055","37","4"
"4.6747520450343645","38","4"
"3.1187574678126064","39","4"
"3.2225785790528905","40","4"
"4.828062026585698","41","4"
"6.523308997466987","42","4"
"6.985649999125609","43","4"
"5.736420348110135","44","4"
"3.7237982669386374","45","4"
"2.834085998851362","46","4"
"3.745403693350468","47","4"
"5.612642417292658","48","4"
"6.915694150622716","49","4"
"6.488744357448447","50","4"
"4.627465150328488","51","4"
"3.0185221025728346","52","4"
"3.133635700197238","53","4"
"4.804774540315318","54","4"
"6.558068780125011","55","4"
"7.022237850152796","56","4"
"5.712803907104625","57","4"
"3.638248779196006","58","4"
"2.7530620779997554","59","4"
"3.717267260957919","60","4"
"5.632587737392882","61","4"
"6.94662565285687","62","4"
"6.483389085870617","63","4"
"4.57083684716433","64","4"
"2.952665643375094","65","4"
"3.1204569511211098","66","4"
"4.843164324536737","67","4"
"6.59214626048284","68","4"
"7.00764466540941","69","4"
"5.635104380504223","70","4"
"3.563041154408009","71","4"
"2.7590585325358887","72","4"
"3.7973496185740165","73","4"
"5.717053138079382","74","4"
"6.963820507147371","75","4"
"6.408839022083881","76","4"
"4.469088081061562","77","4"
"2.9179572598944343","78","4"
"3.190403042492029","79","4"
"4.9505725756535295","80","4"
"6.645029218844909","81","4"
"6.968085767696085","82","4"
"5.511873894484297","83","4"
"3.4640285668860016","84","4"
"2.7884588619880937","85","4"
"3.927508713702609","86","4"
"5.843539369957693","87","4"
"7.0066166818621305","88","4"
"6.368767178003913","89","4"
"4.411189956864764","90","4"
"2.947397140578035","91","4"
"3.30055165381757","92","4"
"5.035486107472844","93","4"
"6.658515666047223","94","4"
"6.928595866844577","95","4"
"5.438296407673986","96","4"
"3.419741990262186","97","4"
"2.835738961548488","98","4"
"4.039433123047451","99","4"
"5.933423463579855","100","4"
"7.041964680190597","101","4"
"6.400760813747256","102","4"
"4.471149623660107","103","4"
"3.0547419703369947","104","4"
"3.3881936978996645","105","4"
"5.027073368897104","106","4"
"6.598940012088864","107","4"
"6.896713741180939","108","4"
"5.458725054275932","109","4"
"3.4836097368821886","110","4"
"2.905870264192417","111","4"
"4.097174784663664","112","4"
"5.9479971340592925","113","4"
"7.080077431557749","114","4"
"6.56207547667641","115","4"
"4.72405343902391","116","4"
"3.263132355758583","117","4"
"3.416789760901998","118","4"
"4.879686314923098","119","4"
"6.441221549230195","120","4"
"6.883064907425054","121","4"
"5.609751866945307","122","4"
"3.7034267692525416","123","4"
"2.983039246741724","124","4"
"4.001324553308288","125","4"
"5.807861371487099","126","4"
"7.0724619900519","127","4"
"6.845074817145578","128","4"
"5.148109545629836","129","4"
"3.4882266026509723","130","4"
"3.2722033522735807","131","4"
"4.501567134120621","132","4"
"6.166186119265953","133","4"
"6.948059951257075","134","4"
"5.955490611415464","135","4"
"4.068545617106418","136","4"
"3.0051851485711247","137","4"
"3.6241897974282065","138","4"
"5.360232034031549","139","4"
"6.903829478142111","140","4"
"7.153946586920288","141","4"
"5.7513905763105235","142","4"
"3.8590892650166504","143","4"
"3.0876677606528715","144","4"
"3.9373149798056613","145","4"
"5.692297900384886","146","4"
"6.9677498435809735","147","4"
"6.4897988246396565","148","4"
"4.684909567888488","149","4"
"3.1879254279085845","150","4"
"3.104898158781279","151","4"
"4.5646020398328275","152","4"
"6.457078282564237","153","4"
"7.295365760816085","154","4"
"6.347490357858213","155","4"
"4.323446856772936","156","4"
"2.966830559718613","157","4"
"3.314260772710295","158","4"
"5.055089231015972","159","4"
"6.8045597204987835","160","4"
"6.985286197490572","161","4"
"5.389974560040849","162","4"
"3.453401307821122","163","4"
"2.7135038772244284","164","4"
"3.70943611714164","165","4"
"5.826066088936928","166","4"
"7.2715158455811935","167","4"
"6.765908932997055","168","4"
"4.672699911098794","169","4"
"2.8471645630902556","170","4"
"2.7887609846102945","171","4"
"4.420526835226058","172","4"
"6.496338193876354","173","4"
"7.313221312328839","174","4"
"6.0284962605982875","175","4"
"3.688693151502527","176","4"
"2.420011786724024","177","4"
"3.149942655478089","178","4"
"5.3846520445489325","179","4"
"7.150401263323669","180","4"
"6.877562581929614","181","4"
"4.811557140913371","182","4"
"2.80315379967921","183","4"
"2.5942661489959375","184","4"
"4.164958974364303","185","4"
"6.291715803741795","186","4"
"7.265235040341812","187","4"
"6.061556211478809","188","4"
"3.641796193606619","189","4"
"2.3713254405178503","190","4"
"3.332388478511328","191","4"
"5.478913954206511","192","4"
"6.963113812017241","193","4"
"6.41651858188556","194","4"
"4.289641182234388","195","4"
"2.5849770108875174","196","4"
"2.786354806171661","197","4"
"4.56860316088024","198","4"
"6.535347207509133","199","4"
"7.045055600212419","200","4"
"5.433712297991116","201","4"
"3.1265154331390788","202","4"
"2.573077839976003","203","4"
"4.088634157965263","204","4"
"6.019010934443386","205","4"
"6.756298158002486","206","4"
"5.665437909935958","207","4"
"3.6552237495480893","208","4"
"2.5872354384705414","209","4"
"3.3499903445927526","210","4"
"5.274498206188405","211","4"
"6.795409621520995","212","4"
"6.487908728788658","213","4"
"4.497167016069263","214","4"
"2.8519572314690738","215","4"
"3.255182732482618","216","4"
"5.110344914792763","217","4"
"6.596369704751665","218","4"
"6.5790500985594935","219","4"
"5.138154831733177","220","4"
"3.3830882785941734","221","4"
"2.7856653602569854","222","4"
"3.8048566862211524","223","4"
"5.658479680962371","224","4"
"6.91336080220489","225","4"
"6.388781843434953","226","4"
"4.4892219228902865","227","4"
"3.114574097478676","228","4"
"3.6754722376775106","229","4"
"5.495794837928843","230","4"
"6.934855763944014","231","4"
"7.015710328862068","232","4"
"5.731344897138565","233","4"
"3.9954814251317496","234","4"
"3.0616183090958","235","4"
"3.5524375912350665","236","4"
"5.070282479375771","237","4"
"6.6491536979179955","238","4"
"7.256993051575622","239","4"
"6.3423162901599035","240","4"
"4.612305006523602","241","4"
"3.647054242333706","242","4"
"4.25510581361177","243","4"
"5.839487372436414","244","4"
"7.426924655913973","245","4"
"7.949533370963124","246","4"
"7.008201518869937","247","4"
"5.183589613708954","248","4"
"3.6768180249519493","249","4"
"3.50400946055721","250","4"
"4.521142728612823","251","4"
"5.989345071613884","252","4"
"7.113949315206122","253","4"
"7.411803192167985","254","4"
"6.841889113556008","255","4"
"5.936180550300559","256","4"
"5.304420542201229","257","4"
"5.162257038523401","258","4"
"5.312716892131276","259","4"
"5.480046826922513","260","4"
"5.738014593780917","261","4"
"6.146163787516933","262","4"
"6.649631100446732","263","4"
"7.052738644704089","264","4"
"7.171954070916639","265","4"
"6.929869869505207","266","4"
"6.37742245100301","267","4"
"5.599485621763471","268","4"
"5.020785942746741","269","4"
"5.118884147615168","270","4"
"5.7346940326887035","271","4"
"6.325845554449486","272","4"
"6.6011883340709145","273","4"
"6.6087905337547985","274","4"
"6.40507137526585","275","4"
"5.983561880105186","276","4"
"5.496761490932285","277","4"
"5.193459649638838","278","4"
"5.101922419085049","279","4"
"5.086120743852861","280","4"
"5.02436506783627","281","4"
"5.034783245501703","282","4"
"5.356034027999657","283","4"
"5.791630033979048","284","4"
"6.032134973886659","285","4"
"5.862185946098353","286","4"
"5.221014487271926","287","4"
"4.48137126481006","288","4"
"3.866607483671757","289","4"
"3.6440748323915897","290","4"
"3.6636438059728094","291","4"
"3.7434411159476615","292","4"
"3.7394124658493215","293","4"
"3.7319277002181264","294","4"
"3.816129658341324","295","4"
"4.013201770672861","296","4"
"4.340915956165712","297","4"
"4.681240537797196","298","4"
"4.960927680430129","299","4"
"5.1418123623474985","300","4"
"6.510519488262829","1","5"
"4.1190084582698905","2","5"
"2.952589328664296","3","5"
"3.875801489743429","4","5"
"5.741103771457743","5","5"
"6.904413512184565","6","5"
"6.33189427933548","7","5"
"4.484149259670709","8","5"
"3.1629917740865605","9","5"
"3.6820945425359874","10","5"
"5.402988483280414","11","5"
"6.531803974726509","12","5"
"5.9629729377636655","13","5"
"4.255742118004086","14","5"
"3.006143438318589","15","5"
"3.352290936924665","16","5"
"5.016000417982403","17","5"
"6.651300963890314","18","5"
"6.690974856373335","19","5"
"4.834903169975596","20","5"
"2.813597764050575","21","5"
"2.685726542135429","22","5"
"4.437615058002841","23","5"
"6.48034207294268","24","5"
"6.995727722578943","25","5"
"5.481621906798345","26","5"
"3.2102466096445217","27","5"
"2.3326352760192264","28","5"
"3.450835182111912","29","5"
"5.553087671474243","30","5"
"7.017802536732532","31","5"
"6.49580294549377","32","5"
"4.320780371991992","33","5"
"2.6823721795503044","34","5"
"3.230754010240258","35","5"
"5.1494211829423655","36","5"
"6.647604404748095","37","5"
"6.541771581976135","38","5"
"4.953741901200143","39","5"
"3.164551172857434","40","5"
"2.810581416394556","41","5"
"4.046048458525947","42","5"
"5.872706922118514","43","5"
"6.82361958087235","44","5"
"5.921711420520846","45","5"
"3.9145111685060012","46","5"
"2.9137007110706974","47","5"
"3.943033704549529","48","5"
"5.832523219489842","49","5"
"6.993385313967141","50","5"
"6.597364235275033","51","5"
"4.936254332950416","52","5"
"3.2464344182607667","53","5"
"2.931519499104048","54","5"
"4.08834423175803","55","5"
"5.818866370946979","56","5"
"6.983343831289711","57","5"
"6.651857120412842","58","5"
"4.932894046392307","59","5"
"3.4028687728578335","60","5"
"3.6113661382621385","61","5"
"5.258823722140881","62","5"
"6.923340954338482","63","5"
"7.529700708626023","64","5"
"6.739028034408183","65","5"
"5.034766170520749","66","5"
"3.503956144800351","67","5"
"3.299653997675945","68","5"
"4.405084780000918","69","5"
"5.977095689358296","70","5"
"7.1268761211959175","71","5"
"7.345371759121766","72","5"
"6.597423475004876","73","5"
"5.28515369124221","74","5"
"4.23315993298784","75","5"
"4.1650391222340915","76","5"
"5.090868633965298","77","5"
"6.456848293024846","78","5"
"7.599085067970428","79","5"
"7.969706938257744","80","5"
"7.3110162005026735","81","5"
"6.086518439758757","82","5"
"5.105374352989916","83","5"
"4.837089812944811","84","5"
"5.259722423689503","85","5"
"6.021818200699958","86","5"
"6.638748413605529","87","5"
"6.735721760544932","88","5"
"6.2552896423301805","89","5"
"5.564081519926153","90","5"
"5.006003539336856","91","5"
"4.740805040747585","92","5"
"4.706270369062965","93","5"
"4.5842250261089035","94","5"
"4.267367740751324","95","5"
"3.8231213403388233","96","5"
"3.6409975026607326","97","5"
"3.879091734032723","98","5"
"4.40540537148007","99","5"
"4.764269200800498","100","5"
"4.696805602579009","101","5"
"4.61704523031806","102","5"
"4.70490437058658","103","5"
"4.673186722290507","104","5"
"4.833171279050179","105","5"
"5.110774925537625","106","5"
"5.078404943275278","107","5"
"4.895593576262006","108","5"
"4.863547321699802","109","5"
"4.764595716252633","110","5"
"4.479215984050763","111","5"
"4.164768710290807","112","5"
"4.011623554576037","113","5"
"4.065611159665183","114","5"
"4.296441554751394","115","5"
"4.622913796731531","116","5"
"4.912054206371451","117","5"
"5.079349294262779","118","5"
"5.161012655727694","119","5"
"5.188515223010921","120","5"
"5.141299415980856","121","5"
"5.021348720180252","122","5"
"4.857628924219463","123","5"
"4.695735105813842","124","5"
"4.563349293781142","125","5"
"4.489921648640435","126","5"
"4.484666039196342","127","5"
"4.536223421485919","128","5"
"4.65047246752361","129","5"
"4.82722639792591","130","5"
"5.027629873888632","131","5"
"5.183445347543335","132","5"
"5.246905036965418","133","5"
"5.209851282886464","134","5"
"5.094335203568126","135","5"
"4.938872380540489","136","5"
"4.774620123949108","137","5"
"4.62693512898089","138","5"
"4.530103608924112","139","5"
"4.516771533488389","140","5"
"4.59519378479288","141","5"
"4.743264186474078","142","5"
"4.916675602237222","143","5"
"5.070878012895195","144","5"
"5.174687624658509","145","5"
"5.20681089086951","146","5"
"5.160888252295023","147","5"
"5.041516711970886","148","5"
"4.87033201311185","149","5"
"4.680369365299501","150","5"
"4.520245072471198","151","5"
"4.428115793087977","152","5"
"4.413618088850338","153","5"
"4.465365386744413","154","5"
"4.5665841314995825","155","5"
"4.694293838033656","156","5"
"4.825193429785289","157","5"
"4.932055978449525","158","5"
"4.985843213864201","159","5"
"4.965838305565136","160","5"
"4.8725806835629","161","5"
"4.7322895038171175","162","5"
"4.585869799784551","163","5"
"4.470193424726637","164","5"
"4.4061740940920355","165","5"
"4.398481640937391","166","5"
"4.440846062562292","167","5"
"4.519613298175869","168","5"
"4.61549175552017","169","5"
"4.707117497199724","170","5"
"4.776290335861689","171","5"
"4.811298576916055","172","5"
"4.807535808664012","173","5"
"4.76737127183029","174","5"
"4.699816723200042","175","5"
"4.619149286134492","176","5"
"4.542217785208057","177","5"
"4.485004054125447","178","5"
"4.458838213922684","179","5"
"4.467702568321228","180","5"
"4.5076740533294615","181","5"
"4.568510468126485","182","5"
"4.636286294571147","183","5"
"4.695788073101702","184","5"
"4.733043590731122","185","5"
"4.738412801068915","186","5"
"4.709774224848694","187","5"
"4.653885372900579","188","5"
"4.58470661026563","189","5"
"4.519430003482355","190","5"
"4.473376340564215","191","5"
"4.4564609584109744","192","5"
"4.471193182284992","193","5"
"4.5127000217031625","194","5"
"4.570328082425676","195","5"
"4.630167875885337","196","5"
"4.6781461330853835","197","5"
"4.703493419609313","198","5"
"4.701750029206926","199","5"
"4.675656670555971","200","5"
"4.633629566922177","201","5"
"4.586706125382339","202","5"
"4.545887860706346","203","5"
"4.5197429286435264","204","5"
"4.512751943584025","205","5"
"4.524757397540258","206","5"
"4.5514874090525295","207","5"
"4.585995597093219","208","5"
"4.620702760932382","209","5"
"4.649362593761547","210","5"
"4.6680600463760715","211","5"
"4.6751168920763995","212","5"
"4.670625823616283","213","5"
"4.656297475312196","214","5"
"4.635542661727115","215","5"
"4.613009262370739","216","5"
"4.593491513732384","217","5"
"4.58076821363805","218","5"
"4.576896026120297","219","5"
"4.582168013607347","220","5"
"4.595461757453171","221","5"
"4.614578766742586","222","5"
"4.636405122499832","223","5"
"4.657179450348862","224","5"
"4.673022244922942","225","5"
"4.680832132130276","226","5"
"4.679092574886879","227","5"
"4.668252749732562","228","5"
"4.650672837198079","229","5"
"4.630167527416337","230","5"
"4.611298628054265","231","5"
"4.598442561271283","232","5"
"4.594907691744637","233","5"
"4.60203771593477","234","5"
"4.618826603841346","235","5"
"4.642083424839807","236","5"
"4.667197585603354","237","5"
"4.689201312081131","238","5"
"4.703824116689439","239","5"
"4.708356652960445","240","5"
"4.702162616501835","241","5"
"4.686928597269144","242","5"
"4.666444544096347","243","5"
"4.645745834020117","244","5"
"4.629844148185193","245","5"
"4.62252490532856","246","5"
"4.625571918256497","247","5"
"4.638462483470389","248","5"
"4.658591795202125","249","5"
"4.681873357499521","250","5"
"4.703601096530028","251","5"
"4.719456087519076","252","5"
"4.726477040912497","253","5"
"4.723738771517743","254","5"
"4.71257591560128","255","5"
"4.696206932838594","256","5"
"4.678893599088406","257","5"
"4.66490152336843","258","5"
"4.657546388204891","259","5"
"4.658518616712319","260","5"
"4.6676296871622105","261","5"
"4.682972777191612","262","5"
"4.701402954083845","263","5"
"4.7191734791608235","264","5"
"4.732732059445946","265","5"
"4.739539749811933","266","5"
"4.7386448814223","267","5"
"4.73084126665695","268","5"
"4.7183803637189214","269","5"
"4.704413377766879","270","5"
"4.692286656598967","271","5"
"4.6848294200186995","272","5"
"4.6837495145905566","273","5"
"4.689280414543922","274","5"
"4.700165540668119","275","5"
"4.714030076734433","276","5"
"4.728034000400378","277","5"
"4.739602125762768","278","5"
"4.746851326350586","279","5"
"4.748881506739214","280","5"
"4.745913247805068","281","5"
"4.739169675734912","282","5"
"4.73050464560384","283","5"
"4.721965761250434","284","5"
"4.715342062515961","285","5"
"4.71182775266026","286","5"
"4.711923930104006","287","5"
"4.715411756315777","288","5"
"4.7215531739555265","289","5"
"4.729060590071661","290","5"
"4.736019515983248","291","5"
"4.7402157796701445","292","5"
"4.740332168315836","293","5"
"4.736670804542524","294","5"
"4.730575036341654","295","5"
"4.723517842172328","296","5"
"4.71666903246445","297","5"
"4.710984109213492","298","5"
"4.707371531100051","299","5"
"4.706428922457546","300","5"
"3.785816340111534","1","6"
"4.668426984232101","2","6"
"6.820316791699089","3","6"
"8.513680287640362","4","6"
"8.19138200733118","5","6"
"6.225465574575097","6","6"
"4.693140405646708","7","6"
"4.988851198264242","8","6"
"6.519136429672028","9","6"
"7.5544768544604635","10","6"
"6.7963100654146125","11","6"
"4.640447014420137","12","6"
"2.991763516602639","13","6"
"3.4507222781562104","14","6"
"5.9639472570850875","15","6"
"8.668128020473686","16","6"
"9.255785443580713","17","6"
"7.064854911802029","18","6"
"4.522679128429758","19","6"
"4.280626637697241","20","6"
"5.966721070317748","21","6"
"7.797678944420938","22","6"
"8.133506185150322","23","6"
"6.446741995113587","24","6"
"4.118248447382902","25","6"
"3.121817025624511","26","6"
"4.392371933976557","27","6"
"6.978432509216707","28","6"
"8.686060235166236","29","6"
"8.024317605917242","30","6"
"5.772203235749452","31","6"
"4.617106560861897","32","6"
"5.566754974087079","33","6"
"7.313754469897428","34","6"
"8.143247287550547","35","6"
"7.174914663532805","36","6"
"5.079340234068804","37","6"
"3.5582768862526155","38","6"
"3.8187752349823234","39","6"
"5.826818781974937","40","6"
"7.907088452999435","41","6"
"8.11838611528033","42","6"
"6.322716999775764","43","6"
"4.51369490069553","44","6"
"4.691606793581766","45","6"
"6.638437579258351","46","6"
"8.513445419534984","47","6"
"8.528513915993111","48","6"
"6.351596716543347","49","6"
"3.8353184522445494","50","6"
"2.87686370470917","51","6"
"4.1070249578606","52","6"
"6.6952979627758955","53","6"
"8.552657939063225","54","6"
"8.039071783338201","55","6"
"5.665517709336747","56","6"
"3.8387940820413524","57","6"
"4.423405189158442","58","6"
"6.8859516246134165","59","6"
"9.005091270140063","60","6"
"8.848204254313194","61","6"
"6.431502051907914","62","6"
"3.7871893079679015","63","6"
"2.8109007882322112","64","6"
"4.036948190615027","65","6"
"6.599411839113615","66","6"
"8.535522324502567","67","6"
"8.254615191903861","68","6"
"5.951792658397249","69","6"
"3.7159657292463626","70","6"
"3.8572211227125934","71","6"
"6.190315506638106","72","6"
"8.809505378089593","73","6"
"9.408275477577217","74","6"
"7.356832207563442","75","6"
"4.438890106070468","76","6"
"2.8113273142870825","77","6"
"3.3373674035701533","78","6"
"5.527946678597767","79","6"
"7.872152345027878","80","6"
"8.641806066159335","81","6"
"7.100359024242083","82","6"
"4.348922031419527","83","6"
"3.1956015030202733","84","6"
"4.551880482083489","85","6"
"7.343604324358443","86","6"
"9.442138301031614","87","6"
"8.82282804486234","88","6"
"6.001994496280412","89","6"
"3.42017513722804","90","6"
"2.7710054437002762","91","6"
"4.079908145759352","92","6"
"6.415893428501215","93","6"
"8.357095742904693","94","6"
"8.353008898483507","95","6"
"5.93167554308048","96","6"
"3.45871546005706","97","6"
"3.317611999074427","98","6"
"5.194204676358866","99","6"
"7.870897856631197","100","6"
"9.419524753805451","101","6"
"8.225702719050366","102","6"
"5.193249174363395","103","6"
"2.962664264365637","104","6"
"2.953121092356889","105","6"
"4.6373860627322365","106","6"
"6.962802977670063","107","6"
"8.577574866373293","108","6"
"7.775182482778465","109","6"
"4.976128595107906","110","6"
"3.1087452565310993","111","6"
"3.6227237883490857","112","6"
"5.883349165350354","113","6"
"8.453144950058542","114","6"
"9.393006959913619","115","6"
"7.685283056520344","116","6"
"4.652794664933465","117","6"
"2.8722785496193026","118","6"
"3.1333510010249914","119","6"
"5.000102216837472","120","6"
"7.402943716335429","121","6"
"8.46097226071583","122","6"
"6.893579611003232","123","6"
"4.195966442840256","124","6"
"2.9488725583201307","125","6"
"3.9901278958989153","126","6"
"6.374534339938653","127","6"
"8.733482684312753","128","6"
"9.185727145192091","129","6"
"7.061769567284193","130","6"
"3.983386414642754","131","6"
"2.425545125960382","132","6"
"3.1189930328559834","133","6"
"5.41850720168535","134","6"
"7.742585298728719","135","6"
"8.142410265014762","136","6"
"6.0703536598295305","137","6"
"3.4974704397895127","138","6"
"2.66496684998436","139","6"
"4.068177982312391","140","6"
"6.643373991099289","141","6"
"8.779468047307073","142","6"
"8.781898967044642","143","6"
"6.213601599032489","144","6"
"3.193020044675104","145","6"
"2.0901937196492395","146","6"
"3.4870247330731523","147","6"
"6.038481988235865","148","6"
"7.910941126253241","149","6"
"7.485150340969906","150","6"
"5.151713760487299","151","6"
"2.9380055525838853","152","6"
"2.734382745773182","153","6"
"4.542226496933034","154","6"
"7.058917696995739","155","6"
"8.469277670839853","156","6"
"7.420933776881825","157","6"
"4.643806255571248","158","6"
"2.51250939783927","159","6"
"2.850911476002841","160","6"
"4.934946528796877","161","6"
"7.001878897350666","162","6"
"7.47545105484957","163","6"
"6.056407930486432","164","6"
"3.8399381057653255","165","6"
"2.7549567039477423","166","6"
"3.741741981108157","167","6"
"5.901275804538919","168","6"
"7.37315519241825","169","6"
"6.92150870434133","170","6"
"4.870656089280993","171","6"
"3.138617064539057","172","6"
"3.2887071925389106","173","6"
"5.059263541155927","174","6"
"6.738926978398451","175","6"
"7.007742236729152","176","6"
"5.667638143196137","177","6"
"3.7481315086752502","178","6"
"2.863211386263295","179","6"
"3.8842313033001235","180","6"
"5.901932320133182","181","6"
"7.113561817679148","182","6"
"6.505960816816891","183","6"
"4.456108307783907","184","6"
"2.948923783262995","185","6"
"3.2004859929803486","186","6"
"4.859215155103265","187","6"
"6.573670434151729","188","6"
"7.282778363631392","189","6"
"6.235656898922129","190","6"
"4.03917664986413","191","6"
"2.6294730173797785","192","6"
"3.1419731694691766","193","6"
"5.151044700009069","194","6"
"7.035444128279852","195","6"
"7.304267052928532","196","6"
"5.75513696651961","197","6"
"3.7751044030798786","198","6"
"3.0226803831388316","199","6"
"3.804934743276946","200","6"
"5.5178003067516155","201","6"
"7.088589135329227","202","6"
"7.4786709084010505","203","6"
"6.14972095905952","204","6"
"4.055713594684372","205","6"
"2.864017743527161","206","6"
"3.425357568182327","207","6"
"5.193542585260618","208","6"
"7.026965180594287","209","6"
"7.791867875392315","210","6"
"6.828144799294376","211","6"
"4.884274954702956","212","6"
"3.5182224656226015","213","6"
"3.5991003779635946","214","6"
"4.91039549393584","215","6"
"6.63797690324157","216","6"
"7.900328154417323","217","6"
"7.766557875051286","218","6"
"6.115005780433378","219","6"
"4.082082940782597","220","6"
"3.1994824022630044","221","6"
"3.8387219489585434","222","6"
"5.345672999250073","223","6"
"6.9293053497267","224","6"
"7.8797629079677405","225","6"
"7.659088641859656","226","6"
"6.387371937864684","227","6"
"4.8001437357865715","228","6"
"3.8277406453906004","229","6"
"3.9787162331171113","230","6"
"5.090569996033088","231","6"
"6.6065010924308565","232","6"
"7.890647685622938","233","6"
"8.382737485732843","234","6"
"7.763454410145498","235","6"
"6.245566660317908","236","6"
"4.56996009916265","237","6"
"3.6590934977828495","238","6"
"3.9707624282131575","239","6"
"5.133963446612268","240","6"
"6.343382605297082","241","6"
"7.014022345030535","242","6"
"6.933759480472914","243","6"
"6.111334311059093","244","6"
"4.763255156013181","245","6"
"3.6207472721863154","246","6"
"3.3339876027480964","247","6"
"3.9193322371082444","248","6"
"4.8709136078713104","249","6"
"5.426305240946716","250","6"
"5.279891809356133","251","6"
"4.78661094220738","252","6"
"4.42145167194961","253","6"
"4.333704041760795","254","6"
"4.285228170830065","255","6"
"4.004186529197716","256","6"
"3.6249282032372525","257","6"
"3.512604448419467","258","6"
"3.7788058407880847","259","6"
"4.326801916296058","260","6"
"4.970003207042114","261","6"
"5.41521939667905","262","6"
"5.5207960947366885","263","6"
"5.298904974883824","264","6"
"4.941439551656695","265","6"
"4.439980117099583","266","6"
"4.158074272349521","267","6"
"4.236007621648305","268","6"
"4.090403335073582","269","6"
"3.7040993144207617","270","6"
"3.6526684263778506","271","6"
"3.9007759144383454","272","6"
"4.188371212536353","273","6"
"4.395731872065666","274","6"
"4.660123316453073","275","6"
"5.032072505157876","276","6"
"5.4468447006903675","277","6"
"5.767655366842486","278","6"
"5.696962157937544","279","6"
"5.229811587153648","280","6"
"4.7768761122491386","281","6"
"4.4698676062125","282","6"
"4.261489765674878","283","6"
"4.097000201695126","284","6"
"4.000227224430192","285","6"
"4.08203310971573","286","6"
"4.336323483226864","287","6"
"4.660621278652755","288","6"
"4.955874879943499","289","6"
"5.203914416549174","290","6"
"5.400591713504755","291","6"
"5.395611394569934","292","6"
"5.148431879453983","293","6"
"4.849308529928479","294","6"
"4.575087123546083","295","6"
"4.336667770597953","296","6"
"4.189972776056115","297","6"
"4.210325107947262","298","6"
"4.402936468621602","299","6"
"4.697057197196344","300","6"
"6.510519488262829","1","7"
"4.1190084582698905","2","7"
"2.952589328664296","3","7"
"3.875801489743429","4","7"
"5.741103771457743","5","7"
"6.904413512184565","6","7"
"6.33189427933548","7","7"
"4.484149259670709","8","7"
"3.1629917740865605","9","7"
"3.6820945425359874","10","7"
"5.402988483280414","11","7"
"6.531803974726509","12","7"
"5.9629729377636655","13","7"
"4.255742118004086","14","7"
"3.006143438318589","15","7"
"3.352290936924665","16","7"
"5.016000417982403","17","7"
"6.651300963890314","18","7"
"6.690974856373335","19","7"
"4.834903169975596","20","7"
"2.813597764050575","21","7"
"2.685726542135429","22","7"
"4.437615058002841","23","7"
"6.48034207294268","24","7"
"6.995727722578943","25","7"
"5.481621906798345","26","7"
"3.2102466096445217","27","7"
"2.3326352760192264","28","7"
"3.450835182111912","29","7"
"5.553087671474243","30","7"
"7.017802536732532","31","7"
"6.49580294549377","32","7"
"4.320780371991992","33","7"
"2.6823721795503044","34","7"
"3.230754010240258","35","7"
"5.1494211829423655","36","7"
"6.647604404748095","37","7"
"6.541771581976135","38","7"
"4.953741901200143","39","7"
"3.164551172857434","40","7"
"2.810581416394556","41","7"
"4.046048458525947","42","7"
"5.872706922118514","43","7"
"6.82361958087235","44","7"
"5.921711420520846","45","7"
"3.9145111685060012","46","7"
"2.9137007110706974","47","7"
"3.943033704549529","48","7"
"5.832523219489842","49","7"
"6.993385313967141","50","7"
"6.597364235275033","51","7"
"4.936254332950416","52","7"
"3.2464344182607667","53","7"
"2.931519499104048","54","7"
"4.08834423175803","55","7"
"5.818866370946979","56","7"
"6.983343831289711","57","7"
"6.651857120412842","58","7"
"4.932894046392307","59","7"
"3.4028687728578335","60","7"
"3.6113661382621385","61","7"
"5.258823722140881","62","7"
"6.923340954338482","63","7"
"7.529700708626023","64","7"
"6.739028034408183","65","7"
"5.034766170520749","66","7"
"3.503956144800351","67","7"
"3.299653997675945","68","7"
"4.405084780000918","69","7"
"5.977095689358296","70","7"
"7.1268761211959175","71","7"
"7.345371759121766","72","7"
"6.597423475004876","73","7"
"5.28515369124221","74","7"
"4.23315993298784","75","7"
"4.1650391222340915","76","7"
"5.090868633965298","77","7"
"6.456848293024846","78","7"
"7.599085067970428","79","7"
"7.969706938257744","80","7"
"7.3110162005026735","81","7"
"6.086518439758757","82","7"
"5.105374352989916","83","7"
"4.837089812944811","84","7"
"5.259722423689503","85","7"
"6.021818200699958","86","7"
"6.638748413605529","87","7"
"6.735721760544932","88","7"
"6.2552896423301805","89","7"
"5.564081519926153","90","7"
"5.006003539336856","91","7"
"4.740805040747585","92","7"
"4.706270369062965","93","7"
"4.5842250261089035","94","7"
"4.267367740751324","95","7"
"3.8231213403388233","96","7"
"3.6409975026607326","97","7"
"3.879091734032723","98","7"
"4.40540537148007","99","7"
"4.764269200800498","100","7"
"4.696805602579009","101","7"
"4.61704523031806","102","7"
"4.70490437058658","103","7"
"4.673186722290507","104","7"
"4.833171279050179","105","7"
"5.110774925537625","106","7"
"5.078404943275278","107","7"
"4.895593576262006","108","7"
"4.863547321699802","109","7"
"4.764595716252633","110","7"
"4.479215984050763","111","7"
"4.164768710290807","112","7"
"4.011623554576037","113","7"
"4.065611159665183","114","7"
"4.296441554751394","115","7"
"4.622913796731531","116","7"
"4.912054206371451","117","7"
"5.079349294262779","118","7"
"5.161012655727694","119","7"
"5.188515223010921","120","7"
"5.141299415980856","121","7"
"5.021348720180252","122","7"
"4.857628924219463","123","7"
"4.695735105813842","124","7"
"4.563349293781142","125","7"
"4.489921648640435","126","7"
"4.484666039196342","127","7"
"4.536223421485919","128","7"
"4.65047246752361","129","7"
"4.82722639792591","130","7"
"5.027629873888632","131","7"
"5.183445347543335","132","7"
"5.246905036965418","133","7"
"5.209851282886464","134","7"
"5.094335203568126","135","7"
"4.938872380540489","136","7"
"4.774620123949108","137","7"
"4.62693512898089","138","7"
"4.530103608924112","139","7"
"4.516771533488389","140","7"
"4.59519378479288","141","7"
"4.743264186474078","142","7"
"4.916675602237222","143","7"
"5.070878012895195","144","7"
"5.174687624658509","145","7"
"5.20681089086951","146","7"
"5.160888252295023","147","7"
"5.041516711970886","148","7"
"4.87033201311185","149","7"
"4.680369365299501","150","7"
"4.520245072471198","151","7"
"4.428115793087977","152","7"
"4.413618088850338","153","7"
"4.465365386744413","154","7"
"4.5665841314995825","155","7"
"4.694293838033656","156","7"
"4.825193429785289","157","7"
"4.932055978449525","158","7"
"4.985843213864201","159","7"
"4.965838305565136","160","7"
"4.8725806835629","161","7"
"4.7322895038171175","162","7"
"4.585869799784551","163","7"
"4.470193424726637","164","7"
"4.4061740940920355","165","7"
"4.398481640937391","166","7"
"4.440846062562292","167","7"
"4.519613298175869","168","7"
"4.61549175552017","169","7"
"4.707117497199724","170","7"
"4.776290335861689","171","7"
"4.811298576916055","172","7"
"4.807535808664012","173","7"
"4.76737127183029","174","7"
"4.699816723200042","175","7"
"4.619149286134492","176","7"
"4.542217785208057","177","7"
"4.485004054125447","178","7"
"4.458838213922684","179","7"
"4.467702568321228","180","7"
"4.5076740533294615","181","7"
"4.568510468126485","182","7"
"4.636286294571147","183","7"
"4.695788073101702","184","7"
"4.733043590731122","185","7"
"4.738412801068915","186","7"
"4.709774224848694","187","7"
"4.653885372900579","188","7"
"4.58470661026563","189","7"
"4.519430003482355","190","7"
"4.473376340564215","191","7"
"4.4564609584109744","192","7"
"4.471193182284992","193","7"
"4.5127000217031625","194","7"
"4.570328082425676","195","7"
"4.630167875885337","196","7"
"4.6781461330853835","197","7"
"4.703493419609313","198","7"
"4.701750029206926","199","7"
"4.675656670555971","200","7"
"4.633629566922177","201","7"
"4.586706125382339","202","7"
"4.545887860706346","203","7"
"4.5197429286435264","204","7"
"4.512751943584025","205","7"
"4.524757397540258","206","7"
"4.5514874090525295","207","7"
"4.585995597093219","208","7"
"4.620702760932382","209","7"
"4.649362593761547","210","7"
"4.6680600463760715","211","7"
"4.6751168920763995","212","7"
"4.670625823616283","213","7"
"4.656297475312196","214","7"
"4.635542661727115","215","7"
"4.613009262370739","216","7"
"4.593491513732384","217","7"
"4.58076821363805","218","7"
"4.576896026120297","219","7"
"4.582168013607347","220","7"
"4.595461757453171","221","7"
"4.614578766742586","222","7"
"4.636405122499832","223","7"
"4.657179450348862","224","7"
"4.673022244922942","225","7"
"4.680832132130276","226","7"
"4.679092574886879","227","7"
"4.668252749732562","228","7"
"4.650672837198079","229","7"
"4.630167527416337","230","7"
"4.611298628054265","231","7"
"4.598442561271283","232","7"
"4.594907691744637","233","7"
"4.60203771593477","234","7"
"4.618826603841346","235","7"
"4.642083424839807","236","7"
"4.667197585603354","237","7"
"4.689201312081131","238","7"
"4.703824116689439","239","7"
"4.708356652960445","240","7"
"4.702162616501835","241","7"
"4.686928597269144","242","7"
"4.666444544096347","243","7"
"4.645745834020117","244","7"
"4.629844148185193","245","7"
"4.62252490532856","246","7"
"4.625571918256497","247","7"
"4.638462483470389","248","7"
"4.658591795202125","249","7"
"4.681873357499521","250","7"
"4.703601096530028","251","7"
"4.719456087519076","252","7"
"4.726477040912497","253","7"
"4.723738771517743","254","7"
"4.71257591560128","255","7"
"4.696206932838594","256","7"
"4.678893599088406","257","7"
"4.66490152336843","258","7"
"4.657546388204891","259","7"
"4.658518616712319","260","7"
"4.6676296871622105","261","7"
"4.682972777191612","262","7"
"4.701402954083845","263","7"
"4.7191734791608235","264","7"
"4.732732059445946","265","7"
"4.739539749811933","266","7"
"4.7386448814223","267","7"
"4.73084126665695","268","7"
"4.7183803637189214","269","7"
"4.704413377766879","270","7"
"4.692286656598967","271","7"
"4.6848294200186995","272","7"
"4.6837495145905566","273","7"
"4.689280414543922","274","7"
"4.700165540668119","275","7"
"4.714030076734433","276","7"
"4.728034000400378","277","7"
"4.739602125762768","278","7"
"4.746851326350586","279","7"
"4.748881506739214","280","7"
"4.745913247805068","281","7"
"4.739169675734912","282","7"
"4.73050464560384","283","7"
"4.721965761250434","284","7"
"4.715342062515961","285","7"
"4.71182775266026","286","7"
"4.711923930104006","287","7"
"4.715411756315777","288","7"
"4.7215531739555265","289","7"
"4.729060590071661","290","7"
"4.736019515983248","291","7"
"4.7402157796701445","292","7"
"4.740332168315836","293","7"
"4.736670804542524","294","7"
"4.730575036341654","295","7"
"4.723517842172328","296","7"
"4.71666903246445","297","7"
"4.710984109213492","298","7"
"4.707371531100051","299","7"
"4.706428922457546","300","7"
"3.5287138217778407","1","8"
"4.2056434269446505","2","8"
"5.791877098499394","3","8"
"6.8023357913466675","4","8"
"6.182682641682303","5","8"
"4.488097761899262","6","8"
"3.235815173982866","7","8"
"3.4245891940393602","8","8"
"5.108606054487365","9","8"
"6.750447363507967","10","8"
"6.70404523159075","11","8"
"4.987664312853383","12","8"
"3.2271128576688928","13","8"
"3.034993186752251","14","8"
"4.5116040867010625","15","8"
"6.470091508865804","16","8"
"7.1514836080348045","17","8"
"5.799190417383042","18","8"
"3.5478782228511307","19","8"
"2.3623387735006296","20","8"
"3.2200692537905304","21","8"
"5.498495124202698","22","8"
"7.255245828014244","23","8"
"6.939537096477626","24","8"
"4.786295926232214","25","8"
"2.7980097003148217","26","8"
"2.6972922282148253","27","8"
"4.393775567104843","28","8"
"6.484696541555158","29","8"
"7.190245905616238","30","8"
"5.834298320571145","31","8"
"3.55525182687162","32","8"
"2.39669171860223","33","8"
"3.3713591605542095","34","8"
"5.619554299889369","35","8"
"7.09480861002477","36","8"
"6.5552224853405425","37","8"
"4.446743203433687","38","8"
"2.730864428523992","39","8"
"2.89180675232763","40","8"
"4.668706804838361","41","8"
"6.602831713870566","42","8"
"6.959847263619884","43","8"
"5.3288287047726435","44","8"
"3.1465736571950034","45","8"
"2.4414823556332115","46","8"
"3.8649487712361457","47","8"
"6.11636202177779","48","8"
"7.152331084640562","49","8"
"6.105171288341401","50","8"
"3.8110231936288357","51","8"
"2.4496549990685863","52","8"
"3.069297868897479","53","8"
"5.073262237786886","54","8"
"6.874886340016696","55","8"
"6.860407453105007","56","8"
"4.888524882615711","57","8"
"2.7791218093923002","58","8"
"2.5352590222095737","59","8"
"4.3572939991223745","60","8"
"6.493114855634882","61","8"
"7.098839002468105","62","8"
"5.726984504553103","63","8"
"3.514172907384317","64","8"
"2.5280981585130218","65","8"
"3.426306449266816","66","8"
"5.402604818912429","67","8"
"6.895860689071196","68","8"
"6.5280809319403605","69","8"
"4.466582588958191","70","8"
"2.703443402986549","71","8"
"2.9214037925298144","72","8"
"4.903808732915269","73","8"
"6.782561569524992","74","8"
"6.963596093111965","75","8"
"5.3306557277348094","76","8"
"3.268697754142857","77","8"
"2.6478380305691838","78","8"
"3.7477328601403053","79","8"
"5.657141908474911","80","8"
"6.942659378709364","81","8"
"6.380639516802498","82","8"
"4.279337302400652","83","8"
"2.677320772939671","84","8"
"3.147796783381767","85","8"
"5.146820210333248","86","8"
"6.9392938651162694","87","8"
"7.101487366861098","88","8"
"5.515653737717296","89","8"
"3.484003158382148","90","8"
"2.78846408902308","91","8"
"3.7401243880144377","92","8"
"5.496525925888909","93","8"
"6.840507085505664","94","8"
"6.6434025655572135","95","8"
"4.862527004470502","96","8"
"3.1058473883347673","97","8"
"3.173352105898146","98","8"
"4.806178173443604","99","8"
"6.67335765765595","100","8"
"7.400704454547354","101","8"
"6.450677603989174","102","8"
"4.488512091539165","103","8"
"3.118705894400743","104","8"
"3.30906997850003","105","8"
"4.7295616884923355","106","8"
"6.333240066609919","107","8"
"7.078634072963569","108","8"
"6.39578955500641","109","8"
"4.666153224013118","110","8"
"3.3818884998303482","111","8"
"3.771746207335765","112","8"
"5.380678801021446","113","8"
"7.03352476103293","114","8"
"7.714390672013324","115","8"
"7.003413554822606","116","8"
"5.2816599410574545","117","8"
"3.601087696665336","118","8"
"3.2594030405304513","119","8"
"4.288093282940483","120","8"
"5.896340786573978","121","8"
"7.172006341266501","122","8"
"7.467906004081534","123","8"
"6.7669592185602765","124","8"
"5.579292888673903","125","8"
"4.553474727754271","126","8"
"4.234454843788414","127","8"
"4.807571352501918","128","8"
"5.943416857535412","129","8"
"6.984287485339214","130","8"
"7.347573386257941","131","8"
"6.691688520883447","132","8"
"5.427489338605583","133","8"
"4.432038857079596","134","8"
"4.183299246254774","135","8"
"4.469350826686867","136","8"
"4.824127811586108","137","8"
"4.798497916703926","138","8"
"4.471547575257054","139","8"
"3.9354349895556355","140","8"
"3.774399450294744","141","8"
"4.014331158698872","142","8"
"4.385249227635404","143","8"
"4.4751235641255915","144","8"
"4.359058646133706","145","8"
"4.49879715404695","146","8"
"4.7876291686226855","147","8"
"4.85406617717289","148","8"
"4.965212455242791","149","8"
"5.040171970103445","150","8"
"4.945500957840949","151","8"
"4.909719464077629","152","8"
"4.899146217707606","153","8"
"4.705321487978476","154","8"
"4.3935873938453405","155","8"
"4.1600371982213264","156","8"
"4.104057047395453","157","8"
"4.22060529188906","158","8"
"4.473719930997306","159","8"
"4.750161084903828","160","8"
"4.917622740976716","161","8"
"4.9805736656601445","162","8"
"5.0201890153513204","163","8"
"5.043856332830695","164","8"
"5.014186288373204","165","8"
"4.925223546784604","166","8"
"4.796494916897227","167","8"
"4.659298141863256","168","8"
"4.560637856499317","169","8"
"4.533276419160717","170","8"
"4.557097411468685","171","8"
"4.619438515403727","172","8"
"4.737346834400736","173","8"
"4.907861427374545","174","8"
"5.076915586773219","175","8"
"5.178461195449524","176","8"
"5.184198389050343","177","8"
"5.103398185296145","178","8"
"4.976010464117219","179","8"
"4.836982832962094","180","8"
"4.694157935124015","181","8"
"4.5748512100337075","182","8"
"4.515812546802927","183","8"
"4.5409047540195315","184","8"
"4.645362169652132","185","8"
"4.799385815713577","186","8"
"4.956052947602028","187","8"
"5.0763224925367885","188","8"
"5.134220616733587","189","8"
"5.119220420199278","190","8"
"5.04053263551749","191","8"
"4.907143581236444","192","8"
"4.73675164935031","193","8"
"4.565677066694983","194","8"
"4.439569969087668","195","8"
"4.384599681421123","196","8"
"4.40094183207088","197","8"
"4.475461230585698","198","8"
"4.590338914697726","199","8"
"4.723698000644851","200","8"
"4.845698391098032","201","8"
"4.922429870818996","202","8"
"4.92983936714639","203","8"
"4.865879276241632","204","8"
"4.750525583476864","205","8"
"4.617986793553568","206","8"
"4.5044402610180185","207","8"
"4.433747052113076","208","8"
"4.412477201347357","209","8"
"4.435496018019449","210","8"
"4.4925679222194335","211","8"
"4.569082654222971","212","8"
"4.647621991111152","213","8"
"4.712438270346645","214","8"
"4.752863810460677","215","8"
"4.763552051600395","216","8"
"4.743721377800868","217","8"
"4.697321336697645","218","8"
"4.632719714365584","219","8"
"4.560847286367762","220","8"
"4.4941910908171385","221","8"
"4.446627860194993","222","8"
"4.429667177071872","223","8"
"4.447268346215298","224","8"
"4.49471936981974","225","8"
"4.560943812280507","226","8"
"4.631696957853291","227","8"
"4.69206642419155","228","8"
"4.728710727196587","229","8"
"4.732513220914526","230","8"
"4.701516903446543","231","8"
"4.64290616014663","232","8"
"4.57188713272755","233","8"
"4.507405035262173","234","8"
"4.465869969855078","235","8"
"4.456561665951708","236","8"
"4.48031714608785","237","8"
"4.530674052675602","238","8"
"4.595892116667032","239","8"
"4.66128058199901","240","8"
"4.712088059002571","241","8"
"4.737030076080574","242","8"
"4.731595353570954","243","8"
"4.699324684973344","244","8"
"4.650378380893859","245","8"
"4.598027534693381","246","8"
"4.55483933235466","247","8"
"4.529835287794822","248","8"
"4.527235360592702","249","8"
"4.546326234707186","250","8"
"4.582079154012582","251","8"
"4.626388729590336","252","8"
"4.669932370308118","253","8"
"4.70414854132758","254","8"
"4.723087134489467","255","8"
"4.724480313547781","256","8"
"4.709683971377933","257","8"
"4.683198585103015","258","8"
"4.651605688708611","259","8"
"4.622176436329482","260","8"
"4.601272129543796","261","8"
"4.592999823974685","262","8"
"4.598478802047188","263","8"
"4.615916887699045","264","8"
"4.641386486841651","265","8"
"4.669905538195189","266","8"
"4.696449467261952","267","8"
"4.716703530895359","268","8"
"4.727619322291475","269","8"
"4.727933989797642","270","8"
"4.718443088138756","271","8"
"4.701921824423472","272","8"
"4.682533009314776","273","8"
"4.664811269897668","274","8"
"4.652610673301952","275","8"
"4.648434272348003","276","8"
"4.653147315560532","277","8"
"4.666002685405516","278","8"
"4.6848294200186995","279","8"
"4.7064083627866005","280","8"
"4.726966988325201","281","8"
"4.742821979314248","282","8"
"4.751099860387344","283","8"
"4.750389680567223","284","8"
"4.741065695558895","285","8"
"4.725242415248764","286","8"
"4.706376303638685","287","8"
"4.688636095364626","288","8"
"4.676106544033781","289","8"
"4.671912371160879","290","8"
"4.6774725425101655","291","8"
"4.692134027177371","292","8"
"4.713146359352772","293","8"
"4.736224415754705","294","8"
"4.756621351677734","295","8"
"4.770245095665685","296","8"
"4.774516977125382","297","8"
"4.768911504806214","298","8"
"4.755048014146897","299","8"
"4.736296200368516","300","8"
"6.510519488262829","1","9"
"4.1190084582698905","2","9"
"2.952589328664296","3","9"
"3.875801489743429","4","9"
"5.741103771457743","5","9"
"6.904413512184565","6","9"
"6.33189427933548","7","9"
"4.484149259670709","8","9"
"3.1629917740865605","9","9"
"3.6820945425359874","10","9"
"5.402988483280414","11","9"
"6.531803974726509","12","9"
"5.9629729377636655","13","9"
"4.255742118004086","14","9"
"3.006143438318589","15","9"
"3.352290936924665","16","9"
"5.016000417982403","17","9"
"6.651300963890314","18","9"
"6.690974856373335","19","9"
"4.834903169975596","20","9"
"2.813597764050575","21","9"
"2.685726542135429","22","9"
"4.437615058002841","23","9"
"6.48034207294268","24","9"
"6.995727722578943","25","9"
"5.481621906798345","26","9"
"3.2102466096445217","27","9"
"2.3326352760192264","28","9"
"3.450835182111912","29","9"
"5.553087671474243","30","9"
"7.017802536732532","31","9"
"6.49580294549377","32","9"
"4.320780371991992","33","9"
"2.6823721795503044","34","9"
"3.230754010240258","35","9"
"5.1494211829423655","36","9"
"6.647604404748095","37","9"
"6.541771581976135","38","9"
"4.953741901200143","39","9"
"3.164551172857434","40","9"
"2.810581416394556","41","9"
"4.046048458525947","42","9"
"5.872706922118514","43","9"
"6.82361958087235","44","9"
"5.921711420520846","45","9"
"3.9145111685060012","46","9"
"2.9137007110706974","47","9"
"3.943033704549529","48","9"
"5.832523219489842","49","9"
"6.993385313967141","50","9"
"6.597364235275033","51","9"
"4.936254332950416","52","9"
"3.2464344182607667","53","9"
"2.931519499104048","54","9"
"4.08834423175803","55","9"
"5.818866370946979","56","9"
"6.983343831289711","57","9"
"6.651857120412842","58","9"
"4.932894046392307","59","9"
"3.4028687728578335","60","9"
"3.6113661382621385","61","9"
"5.258823722140881","62","9"
"6.923340954338482","63","9"
"7.529700708626023","64","9"
"6.739028034408183","65","9"
"5.034766170520749","66","9"
"3.503956144800351","67","9"
"3.299653997675945","68","9"
"4.405084780000918","69","9"
"5.977095689358296","70","9"
"7.1268761211959175","71","9"
"7.345371759121766","72","9"
"6.597423475004876","73","9"
"5.28515369124221","74","9"
"4.23315993298784","75","9"
"4.1650391222340915","76","9"
"5.090868633965298","77","9"
"6.456848293024846","78","9"
"7.599085067970428","79","9"
"7.969706938257744","80","9"
"7.3110162005026735","81","9"
"6.086518439758757","82","9"
"5.105374352989916","83","9"
"4.837089812944811","84","9"
"5.259722423689503","85","9"
"6.021818200699958","86","9"
"6.638748413605529","87","9"
"6.735721760544932","88","9"
"6.2552896423301805","89","9"
"5.564081519926153","90","9"
"5.006003539336856","91","9"
"4.740805040747585","92","9"
"4.706270369062965","93","9"
"4.5842250261089035","94","9"
"4.267367740751324","95","9"
"3.8231213403388233","96","9"
"3.6409975026607326","97","9"
"3.879091734032723","98","9"
"4.40540537148007","99","9"
"4.764269200800498","100","9"
"4.696805602579009","101","9"
"4.61704523031806","102","9"
"4.70490437058658","103","9"
"4.673186722290507","104","9"
"4.833171279050179","105","9"
"5.110774925537625","106","9"
"5.078404943275278","107","9"
"4.895593576262006","108","9"
"4.863547321699802","109","9"
"4.764595716252633","110","9"
"4.479215984050763","111","9"
"4.164768710290807","112","9"
"4.011623554576037","113","9"
"4.065611159665183","114","9"
"4.296441554751394","115","9"
"4.622913796731531","116","9"
"4.912054206371451","117","9"
"5.079349294262779","118","9"
"5.161012655727694","119","9"
"5.188515223010921","120","9"
"5.141299415980856","121","9"
"5.021348720180252","122","9"
"4.857628924219463","123","9"
"4.695735105813842","124","9"
"4.563349293781142","125","9"
"4.489921648640435","126","9"
"4.484666039196342","127","9"
"4.536223421485919","128","9"
"4.65047246752361","129","9"
"4.82722639792591","130","9"
"5.027629873888632","131","9"
"5.183445347543335","132","9"
"5.246905036965418","133","9"
"5.209851282886464","134","9"
"5.094335203568126","135","9"
"4.938872380540489","136","9"
"4.774620123949108","137","9"
"4.62693512898089","138","9"
"4.530103608924112","139","9"
"4.516771533488389","140","9"
"4.59519378479288","141","9"
"4.743264186474078","142","9"
"4.916675602237222","143","9"
"5.070878012895195","144","9"
"5.174687624658509","145","9"
"5.20681089086951","146","9"
"5.160888252295023","147","9"
"5.041516711970886","148","9"
"4.87033201311185","149","9"
"4.680369365299501","150","9"
"4.520245072471198","151","9"
"4.428115793087977","152","9"
"4.413618088850338","153","9"
"4.465365386744413","154","9"
"4.5665841314995825","155","9"
"4.694293838033656","156","9"
"4.825193429785289","157","9"
"4.932055978449525","158","9"
"4.985843213864201","159","9"
"4.965838305565136","160","9"
"4.8725806835629","161","9"
"4.7322895038171175","162","9"
"4.585869799784551","163","9"
"4.470193424726637","164","9"
"4.4061740940920355","165","9"
"4.398481640937391","166","9"
"4.440846062562292","167","9"
"4.519613298175869","168","9"
"4.61549175552017","169","9"
"4.707117497199724","170","9"
"4.776290335861689","171","9"
"4.811298576916055","172","9"
"4.807535808664012","173","9"
"4.76737127183029","174","9"
"4.699816723200042","175","9"
"4.619149286134492","176","9"
"4.542217785208057","177","9"
"4.485004054125447","178","9"
"4.458838213922684","179","9"
"4.467702568321228","180","9"
"4.5076740533294615","181","9"
"4.568510468126485","182","9"
"4.636286294571147","183","9"
"4.695788073101702","184","9"
"4.733043590731122","185","9"
"4.738412801068915","186","9"
"4.709774224848694","187","9"
"4.653885372900579","188","9"
"4.58470661026563","189","9"
"4.519430003482355","190","9"
"4.473376340564215","191","9"
"4.4564609584109744","192","9"
"4.471193182284992","193","9"
"4.5127000217031625","194","9"
"4.570328082425676","195","9"
"4.630167875885337","196","9"
"4.6781461330853835","197","9"
"4.703493419609313","198","9"
"4.701750029206926","199","9"
"4.675656670555971","200","9"
"4.633629566922177","201","9"
"4.586706125382339","202","9"
"4.545887860706346","203","9"
"4.5197429286435264","204","9"
"4.512751943584025","205","9"
"4.524757397540258","206","9"
"4.5514874090525295","207","9"
"4.585995597093219","208","9"
"4.620702760932382","209","9"
"4.649362593761547","210","9"
"4.6680600463760715","211","9"
"4.6751168920763995","212","9"
"4.670625823616283","213","9"
"4.656297475312196","214","9"
"4.635542661727115","215","9"
"4.613009262370739","216","9"
"4.593491513732384","217","9"
"4.58076821363805","218","9"
"4.576896026120297","219","9"
"4.582168013607347","220","9"
"4.595461757453171","221","9"
"4.614578766742586","222","9"
"4.636405122499832","223","9"
"4.657179450348862","224","9"
"4.673022244922942","225","9"
"4.680832132130276","226","9"
"4.679092574886879","227","9"
"4.668252749732562","228","9"
"4.650672837198079","229","9"
"4.630167527416337","230","9"
"4.611298628054265","231","9"
"4.598442561271283","232","9"
"4.594907691744637","233","9"
"4.60203771593477","234","9"
"4.618826603841346","235","9"
"4.642083424839807","236","9"
"4.667197585603354","237","9"
"4.689201312081131","238","9"
"4.703824116689439","239","9"
"4.708356652960445","240","9"
"4.702162616501835","241","9"
"4.686928597269144","242","9"
"4.666444544096347","243","9"
"4.645745834020117","244","9"
"4.629844148185193","245","9"
"4.62252490532856","246","9"
"4.625571918256497","247","9"
"4.638462483470389","248","9"
"4.658591795202125","249","9"
"4.681873357499521","250","9"
"4.703601096530028","251","9"
"4.719456087519076","252","9"
"4.726477040912497","253","9"
"4.723738771517743","254","9"
"4.71257591560128","255","9"
"4.696206932838594","256","9"
"4.678893599088406","257","9"
"4.66490152336843","258","9"
"4.657546388204891","259","9"
"4.658518616712319","260","9"
"4.6676296871622105","261","9"
"4.682972777191612","262","9"
"4.701402954083845","263","9"
"4.7191734791608235","264","9"
"4.732732059445946","265","9"
"4.739539749811933","266","9"
"4.7386448814223","267","9"
"4.73084126665695","268","9"
"4.7183803637189214","269","9"
"4.704413377766879","270","9"
"4.692286656598967","271","9"
"4.6848294200186995","272","9"
"4.6837495145905566","273","9"
"4.689280414543922","274","9"
"4.700165540668119","275","9"
"4.714030076734433","276","9"
"4.728034000400378","277","9"
"4.739602125762768","278","9"
"4.746851326350586","279","9"
"4.748881506739214","280","9"
"4.745913247805068","281","9"
"4.739169675734912","282","9"
"4.73050464560384","283","9"
"4.721965761250434","284","9"
"4.715342062515961","285","9"
"4.71182775266026","286","9"
"4.711923930104006","287","9"
"4.715411756315777","288","9"
"4.7215531739555265","289","9"
"4.729060590071661","290","9"
"4.736019515983248","291","9"
"4.7402157796701445","292","9"
"4.740332168315836","293","9"
"4.736670804542524","294","9"
"4.730575036341654","295","9"
"4.723517842172328","296","9"
"4.71666903246445","297","9"
"4.710984109213492","298","9"
"4.707371531100051","299","9"
"4.706428922457546","300","9"
"3.785816340111534","1","10"
"4.668426984232101","2","10"
"6.820316791699089","3","10"
"8.513680287640362","4","10"
"8.19138200733118","5","10"
"6.225465574575097","6","10"
"4.693140405646708","7","10"
"4.988851198264242","8","10"
"6.519136429672028","9","10"
"7.5544768544604635","10","10"
"6.7963100654146125","11","10"
"4.640447014420137","12","10"
"2.991763516602639","13","10"
"3.4507222781562104","14","10"
"5.9639472570850875","15","10"
"8.668128020473686","16","10"
"9.255785443580713","17","10"
"7.064854911802029","18","10"
"4.522679128429758","19","10"
"4.280626637697241","20","10"
"5.966721070317748","21","10"
"7.797678944420938","22","10"
"8.133506185150322","23","10"
"6.446741995113587","24","10"
"4.118248447382902","25","10"
"3.121817025624511","26","10"
"4.392371933976557","27","10"
"6.978432509216707","28","10"
"8.686060235166236","29","10"
"8.024317605917242","30","10"
"5.772203235749452","31","10"
"4.617106560861897","32","10"
"5.566754974087079","33","10"
"7.313754469897428","34","10"
"8.143247287550547","35","10"
"7.174914663532805","36","10"
"5.079340234068804","37","10"
"3.5582768862526155","38","10"
"3.8187752349823234","39","10"
"5.826818781974937","40","10"
"7.907088452999435","41","10"
"8.11838611528033","42","10"
"6.322716999775764","43","10"
"4.51369490069553","44","10"
"4.691606793581766","45","10"
"6.638437579258351","46","10"
"8.513445419534984","47","10"
"8.528513915993111","48","10"
"6.351596716543347","49","10"
"3.8353184522445494","50","10"
"2.87686370470917","51","10"
"4.1070249578606","52","10"
"6.6952979627758955","53","10"
"8.552657939063225","54","10"
"8.039071783338201","55","10"
"5.665517709336747","56","10"
"3.8387940820413524","57","10"
"4.423405189158442","58","10"
"6.8859516246134165","59","10"
"9.005091270140063","60","10"
"8.848204254313194","61","10"
"6.431502051907914","62","10"
"3.7871893079679015","63","10"
"2.8109007882322112","64","10"
"4.036948190615027","65","10"
"6.599411839113615","66","10"
"8.535522324502567","67","10"
"8.254615191903861","68","10"
"5.951792658397249","69","10"
"3.7159657292463626","70","10"
"3.8572211227125934","71","10"
"6.190315506638106","72","10"
"8.809505378089593","73","10"
"9.408275477577217","74","10"
"7.356832207563442","75","10"
"4.438890106070468","76","10"
"2.8113273142870825","77","10"
"3.3373674035701533","78","10"
"5.527946678597767","79","10"
"7.872152345027878","80","10"
"8.641806066159335","81","10"
"7.100359024242083","82","10"
"4.348922031419527","83","10"
"3.1956015030202733","84","10"
"4.551880482083489","85","10"
"7.343604324358443","86","10"
"9.442138301031614","87","10"
"8.82282804486234","88","10"
"6.001994496280412","89","10"
"3.42017513722804","90","10"
"2.7710054437002762","91","10"
"4.079908145759352","92","10"
"6.415893428501215","93","10"
"8.357095742904693","94","10"
"8.353008898483507","95","10"
"5.93167554308048","96","10"
"3.45871546005706","97","10"
"3.317611999074427","98","10"
"5.194204676358866","99","10"
"7.870897856631197","100","10"
"9.419524753805451","101","10"
"8.225702719050366","102","10"
"5.193249174363395","103","10"
"2.962664264365637","104","10"
"2.953121092356889","105","10"
"4.6373860627322365","106","10"
"6.962802977670063","107","10"
"8.577574866373293","108","10"
"7.775182482778465","109","10"
"4.976128595107906","110","10"
"3.1087452565310993","111","10"
"3.6227237883490857","112","10"
"5.883349165350354","113","10"
"8.453144950058542","114","10"
"9.393006959913619","115","10"
"7.685283056520344","116","10"
"4.652794664933465","117","10"
"2.8722785496193026","118","10"
"3.1333510010249914","119","10"
"5.000102216837472","120","10"
"7.402943716335429","121","10"
"8.46097226071583","122","10"
"6.893579611003232","123","10"
"4.195966442840256","124","10"
"2.9488725583201307","125","10"
"3.9901278958989153","126","10"
"6.374534339938653","127","10"
"8.733482684312753","128","10"
"9.185727145192091","129","10"
"7.061769567284193","130","10"
"3.983386414642754","131","10"
"2.425545125960382","132","10"
"3.1189930328559834","133","10"
"5.41850720168535","134","10"
"7.742585298728719","135","10"
"8.142410265014762","136","10"
"6.0703536598295305","137","10"
"3.4974704397895127","138","10"
"2.66496684998436","139","10"
"4.068177982312391","140","10"
"6.643373991099289","141","10"
"8.779468047307073","142","10"
"8.781898967044642","143","10"
"6.213601599032489","144","10"
"3.193020044675104","145","10"
"2.0901937196492395","146","10"
"3.4870247330731523","147","10"
"6.038481988235865","148","10"
"7.910941126253241","149","10"
"7.485150340969906","150","10"
"5.151713760487299","151","10"
"2.9380055525838853","152","10"
"2.734382745773182","153","10"
"4.542226496933034","154","10"
"7.058917696995739","155","10"
"8.469277670839853","156","10"
"7.420933776881825","157","10"
"4.643806255571248","158","10"
"2.51250939783927","159","10"
"2.850911476002841","160","10"
"4.934946528796877","161","10"
"7.001878897350666","162","10"
"7.47545105484957","163","10"
"6.056407930486432","164","10"
"3.8399381057653255","165","10"
"2.7549567039477423","166","10"
"3.741741981108157","167","10"
"5.901275804538919","168","10"
"7.37315519241825","169","10"
"6.92150870434133","170","10"
"4.870656089280993","171","10"
"3.138617064539057","172","10"
"3.2887071925389106","173","10"
"5.059263541155927","174","10"
"6.738926978398451","175","10"
"7.007742236729152","176","10"
"5.667638143196137","177","10"
"3.7481315086752502","178","10"
"2.863211386263295","179","10"
"3.8842313033001235","180","10"
"5.901932320133182","181","10"
"7.113561817679148","182","10"
"6.505960816816891","183","10"
"4.456108307783907","184","10"
"2.948923783262995","185","10"
"3.2004859929803486","186","10"
"4.859215155103265","187","10"
"6.573670434151729","188","10"
"7.282778363631392","189","10"
"6.235656898922129","190","10"
"4.03917664986413","191","10"
"2.6294730173797785","192","10"
"3.1419731694691766","193","10"
"5.151044700009069","194","10"
"7.035444128279852","195","10"
"7.304267052928532","196","10"
"5.75513696651961","197","10"
"3.7751044030798786","198","10"
"3.0226803831388316","199","10"
"3.804934743276946","200","10"
"5.5178003067516155","201","10"
"7.088589135329227","202","10"
"7.4786709084010505","203","10"
"6.14972095905952","204","10"
"4.055713594684372","205","10"
"2.864017743527161","206","10"
"3.425357568182327","207","10"
"5.193542585260618","208","10"
"7.026965180594287","209","10"
"7.791867875392315","210","10"
"6.828144799294376","211","10"
"4.884274954702956","212","10"
"3.5182224656226015","213","10"
"3.5991003779635946","214","10"
"4.91039549393584","215","10"
"6.63797690324157","216","10"
"7.900328154417323","217","10"
"7.766557875051286","218","10"
"6.115005780433378","219","10"
"4.082082940782597","220","10"
"3.1994824022630044","221","10"
"3.8387219489585434","222","10"
"5.345672999250073","223","10"
"6.9293053497267","224","10"
"7.8797629079677405","225","10"
"7.659088641859656","226","10"
"6.387371937864684","227","10"
"4.8001437357865715","228","10"
"3.8277406453906004","229","10"
"3.9787162331171113","230","10"
"5.090569996033088","231","10"
"6.6065010924308565","232","10"
"7.890647685622938","233","10"
"8.382737485732843","234","10"
"7.763454410145498","235","10"
"6.245566660317908","236","10"
"4.56996009916265","237","10"
"3.6590934977828495","238","10"
"3.9707624282131575","239","10"
"5.133963446612268","240","10"
"6.343382605297082","241","10"
"7.014022345030535","242","10"
"6.933759480472914","243","10"
"6.111334311059093","244","10"
"4.763255156013181","245","10"
"3.6207472721863154","246","10"
"3.3339876027480964","247","10"
"3.9193322371082444","248","10"
"4.8709136078713104","249","10"
"5.426305240946716","250","10"
"5.279891809356133","251","10"
"4.78661094220738","252","10"
"4.42145167194961","253","10"
"4.333704041760795","254","10"
"4.285228170830065","255","10"
"4.004186529197716","256","10"
"3.6249282032372525","257","10"
"3.512604448419467","258","10"
"3.7788058407880847","259","10"
"4.326801916296058","260","10"
"4.970003207042114","261","10"
"5.41521939667905","262","10"
"5.5207960947366885","263","10"
"5.298904974883824","264","10"
"4.941439551656695","265","10"
"4.439980117099583","266","10"
"4.158074272349521","267","10"
"4.236007621648305","268","10"
"4.090403335073582","269","10"
"3.7040993144207617","270","10"
"3.6526684263778506","271","10"
"3.9007759144383454","272","10"
"4.188371212536353","273","10"
"4.395731872065666","274","10"
"4.660123316453073","275","10"
"5.032072505157876","276","10"
"5.4468447006903675","277","10"
"5.767655366842486","278","10"
"5.696962157937544","279","10"
"5.229811587153648","280","10"
"4.7768761122491386","281","10"
"4.4698676062125","282","10"
"4.261489765674878","283","10"
"4.097000201695126","284","10"
"4.000227224430192","285","10"
"4.08203310971573","286","10"
"4.336323483226864","287","10"
"4.660621278652755","288","10"
"4.955874879943499","289","10"
"5.203914416549174","290","10"
"5.400591713504755","291","10"
"5.395611394569934","292","10"
"5.148431879453983","293","10"
"4.849308529928479","294","10"
"4.575087123546083","295","10"
"4.336667770597953","296","10"
"4.189972776056115","297","10"
"4.210325107947262","298","10"
"4.402936468621602","299","10"
"4.697057197196344","300","10"
"5.851825265817768","1","11"
"7.458893201889383","2","11"
"7.239573086311715","3","11"
"5.095485151265083","4","11"
"3.4168831505937507","5","11"
"3.71186250678222","6","11"
"5.581126532547051","7","11"
"7.425399755574008","8","11"
"7.658434217079387","9","11"
"5.946100068828312","10","11"
"3.5879221894111724","11","11"
"2.669768230088155","12","11"
"4.034481030101555","13","11"
"6.379574595541316","14","11"
"7.623636799769463","15","11"
"6.485093796214107","16","11"
"4.046653749177345","17","11"
"2.661430760816217","18","11"
"3.5727728481452585","19","11"
"6.021020903630068","20","11"
"8.15945945926365","21","11"
"8.048030921304495","22","11"
"5.395353875979615","23","11"
"2.5673517973831546","24","11"
"2.101183038004161","25","11"
"4.1943077304046446","26","11"
"6.8886787430002","27","11"
"7.9204013626402086","28","11"
"6.391316606934246","29","11"
"3.756567246204929","30","11"
"2.485923478258118","31","11"
"3.6052487649833256","32","11"
"6.107152683070159","33","11"
"8.031164324811124","34","11"
"7.5974869891406565","35","11"
"5.02679529063584","36","11"
"2.6874760307452994","37","11"
"2.777444279630739","38","11"
"4.891656921979423","39","11"
"6.986345543247769","40","11"
"7.250827241105936","41","11"
"5.646604554411793","42","11"
"3.6086208994874025","43","11"
"3.0225451771671894","44","11"
"4.426681494687772","45","11"
"6.528847563738332","46","11"
"7.538209624645508","47","11"
"6.368729543352012","48","11"
"4.027755578419351","49","11"
"2.6980318536653685","50","11"
"3.6314741933849315","51","11"
"5.935526125520291","52","11"
"7.359126527453371","53","11"
"6.629667311489558","54","11"
"4.476087080908043","55","11"
"2.82694029355627","56","11"
"3.231590335838045","57","11"
"5.26385038745258","58","11"
"7.243542148211213","59","11"
"7.504215079909459","60","11"
"5.543779367570873","61","11"
"3.1439657152059044","62","11"
"2.5210045493332918","63","11"
"4.158259309388031","64","11"
"6.495745099639922","65","11"
"7.449555626590091","66","11"
"6.305686622852828","67","11"
"4.058022201803263","68","11"
"2.772574076899626","69","11"
"3.5354385765220466","70","11"
"5.590255723384894","71","11"
"7.220720216523601","72","11"
"7.023239350056146","73","11"
"5.07083445427031","74","11"
"3.195189612663363","75","11"
"3.109669047847655","76","11"
"4.797427419938759","77","11"
"6.6487627157010305","78","11"
"7.0657407199976845","79","11"
"5.747210342197585","80","11"
"3.7870600259692435","81","11"
"2.896385634975514","82","11"
"3.894389523092244","83","11"
"5.878327030135643","84","11"
"7.169353795245519","85","11"
"6.591307844071059","86","11"
"4.599728411877881","87","11"
"3.0980730449653384","88","11"
"3.3719418007206676","89","11"
"5.0110437949395195","90","11"
"6.674039959956145","91","11"
"7.119382643839746","92","11"
"5.83491232294752","93","11"
"3.752399905444956","94","11"
"2.6935733670566657","95","11"
"3.5408827076946414","96","11"
"5.645292917099264","97","11"
"7.208769123731225","98","11"
"6.984260304757286","99","11"
"5.033183075857938","100","11"
"3.2960881144083807","101","11"
"3.2144874773633","102","11"
"4.5367875927954255","103","11"
"6.18506826044999","104","11"
"7.210682218536162","105","11"
"6.790476694370048","106","11"
"4.9483918566573","107","11"
"3.1077402719377587","108","11"
"2.8471480108127993","109","11"
"4.344041374618442","110","11"
"6.475420296799704","111","11"
"7.536336255306465","112","11"
"6.6992272992094986","113","11"
"4.685503010593917","114","11"
"3.3258815168915454","115","11"
"3.496870027704101","116","11"
"4.8196329099670026","117","11"
"6.452818597519508","118","11"
"7.518485582359698","119","11"
"7.2161936042255785","120","11"
"5.430293817110162","121","11"
"3.414068218019199","122","11"
"2.8418683570077694","123","11"
"3.9931456374309304","124","11"
"6.005586514722908","125","11"
"7.661783004160526","126","11"
"7.8167095333985825","127","11"
"6.250901720693791","128","11"
"4.232955033216382","129","11"
"3.3022459100910866","130","11"
"3.865674283692226","131","11"
"5.365077146994729","132","11"
"7.055367494833133","133","11"
"8.119386918245683","134","11"
"7.82579969570853","135","11"
"5.981062660443799","136","11"
"3.747297622360457","137","11"
"2.888454829025499","138","11"
"3.7267546779268144","139","11"
"5.42283832287489","140","11"
"7.14122886232994","141","11"
"8.183025023795294","142","11"
"7.925069453351857","143","11"
"6.363225823980575","144","11"
"4.482243482714752","145","11"
"3.454695521683697","146","11"
"3.749601350913361","147","11"
"5.009343266224019","148","11"
"6.597056885617847","149","11"
"7.887944263128092","150","11"
"8.299723109958503","151","11"
"7.606228682451526","152","11"
"6.187097046962622","153","11"
"4.933866623368734","154","11"
"4.281087662183021","155","11"
"4.116428045331719","156","11"
"4.580903419609693","157","11"
"5.661755986491701","158","11"
"6.752050320903726","159","11"
"7.393921157011302","160","11"
"7.543006648886815","161","11"
"6.903324198093447","162","11"
"5.534988540131135","163","11"
"4.4647113104331435","164","11"
"3.9473494931031095","165","11"
"4.130896478173434","166","11"
"5.0799605088871616","167","11"
"6.324322047985517","168","11"
"7.200242087323788","169","11"
"7.284587614674605","170","11"
"6.459806097889019","171","11"
"5.2177604837585365","172","11"
"4.113052077668652","173","11"
"3.7651820968001335","174","11"
"4.242616684684817","175","11"
"5.097863103714791","176","11"
"5.553699931505623","177","11"
"5.369430570200209","178","11"
"4.873629923719124","179","11"
"4.423550849200056","180","11"
"4.063091728801849","181","11"
"3.918780959151703","182","11"
"3.8786491784038937","183","11"
"3.7764759770602496","184","11"
"3.809473203520937","185","11"
"4.098569706066972","186","11"
"4.549693839114275","187","11"
"4.994623935702967","188","11"
"5.100447001342953","189","11"
"4.97066634354736","190","11"
"4.919822974236894","191","11"
"4.834919199549554","192","11"
"4.389536093262061","193","11"
"3.777441584656694","194","11"
"3.4416540693932056","195","11"
"3.4230085386595426","196","11"
"3.6545978992257453","197","11"
"4.119503284248581","198","11"
"4.712805208202674","199","11"
"5.231586339765952","200","11"
"5.573030203822474","201","11"
"5.800864810923612","202","11"
"5.852871369753","203","11"
"5.646716761429496","204","11"
"5.181146846025418","205","11"
"4.557534043124529","206","11"
"4.12869101787827","207","11"
"3.991261117083917","208","11"
"4.0987366227175315","209","11"
"4.225995061897799","210","11"
"4.3294112521611545","211","11"
"4.527380672165317","212","11"
"4.859199125529308","213","11"
"5.256510236456002","214","11"
"5.5711317447154975","215","11"
"5.687552101086443","216","11"
"5.610845711133412","217","11"
"5.391479249178867","218","11"
"5.078796273961243","219","11"
"4.722741453242382","220","11"
"4.39841752264156","221","11"
"4.198325577964013","222","11"
"4.17945737553994","223","11"
"4.331785022982873","224","11"
"4.59656535877325","225","11"
"4.906028480439395","226","11"
"5.195689851232936","227","11"
"5.413181549972442","228","11"
"5.521902483808761","229","11"
"5.495716083935052","230","11"
"5.327932094038016","231","11"
"5.053531923059094","232","11"
"4.751355288163668","233","11"
"4.506917875601462","234","11"
"4.375407069225447","235","11"
"4.36830875571423","236","11"
"4.464472260699775","237","11"
"4.633294339745063","238","11"
"4.8467511159442465","239","11"
"5.0753307497654125","240","11"
"5.280727089546923","241","11"
"5.417020284466284","242","11"
"5.446383676204587","243","11"
"5.355625622332738","244","11"
"5.170702881654053","245","11"
"4.94719347176947","246","11"
"4.7439520642782576","247","11"
"4.602308127878055","248","11"
"4.540259389433239","249","11"
"4.558299281046504","250","11"
"4.646851177685192","251","11"
"4.788793055079606","252","11"
"4.9585169718945075","253","11"
"5.1226779296081295","254","11"
"5.246585490893263","255","11"
"5.303919443780555","256","11"
"5.283329107563038","257","11"
"5.191265340351643","258","11"
"5.049679946743286","259","11"
"4.889952211635934","260","11"
"4.745711135785603","261","11"
"4.645981050594494","262","11"
"4.609476832127086","263","11"
"4.641629021265009","264","11"
"4.733650623727516","265","11"
"4.8641881561891065","266","11"
"5.003948966118292","267","11"
"5.12208832006169","268","11"
"5.193011518506023","269","11"
"5.201996791647248","270","11"
"5.147996641674135","271","11"
"5.042976448608024","272","11"
"4.9086350285524984","273","11"
"4.771837947460471","274","11"
"4.659059789067887","275","11"
"4.592186845799836","276","11"
"4.580432289522939","277","11"
"4.619911736304474","278","11"
"4.695765771085761","279","11"
"4.785879854247314","280","11"
"4.866937228122833","281","11"
"4.921047494299654","282","11"
"4.939388114659124","283","11"
"4.917294483179584","284","11"
"4.858788629048394","285","11"
"4.774567853599247","286","11"
"4.680503525864146","287","11"
"4.5956342496077145","288","11"
"4.536790032078419","289","11"
"4.513624161488718","290","11"
"4.527242678441682","291","11"
"4.570400563977484","292","11"
"4.629730198822495","293","11"
"4.689992336709038","294","11"
"4.73801031937498","295","11"
"4.764697469200364","296","11"
"4.7653191378947195","297","11"
"4.740066634938539","298","11"
"4.694881008297102","299","11"
"4.640642157059621","300","11"
"3.5287138217778407","1","12"
"4.2056434269446505","2","12"
"5.791877098499394","3","12"
"6.8023357913466675","4","12"
"6.182682641682303","5","12"
"4.488097761899262","6","12"
"3.235815173982866","7","12"
"3.4245891940393602","8","12"
"5.108606054487365","9","12"
"6.750447363507967","10","12"
"6.70404523159075","11","12"
"4.987664312853383","12","12"
"3.2271128576688928","13","12"
"3.034993186752251","14","12"
"4.5116040867010625","15","12"
"6.470091508865804","16","12"
"7.1514836080348045","17","12"
"5.799190417383042","18","12"
"3.5478782228511307","19","12"
"2.3623387735006296","20","12"
"3.2200692537905304","21","12"
"5.498495124202698","22","12"
"7.255245828014244","23","12"
"6.939537096477626","24","12"
"4.786295926232214","25","12"
"2.7980097003148217","26","12"
"2.6972922282148253","27","12"
"4.393775567104843","28","12"
"6.484696541555158","29","12"
"7.190245905616238","30","12"
"5.834298320571145","31","12"
"3.55525182687162","32","12"
"2.39669171860223","33","12"
"3.3713591605542095","34","12"
"5.619554299889369","35","12"
"7.09480861002477","36","12"
"6.5552224853405425","37","12"
"4.446743203433687","38","12"
"2.730864428523992","39","12"
"2.89180675232763","40","12"
"4.668706804838361","41","12"
"6.602831713870566","42","12"
"6.959847263619884","43","12"
"5.3288287047726435","44","12"
"3.1465736571950034","45","12"
"2.4414823556332115","46","12"
"3.8649487712361457","47","12"
"6.11636202177779","48","12"
"7.152331084640562","49","12"
"6.105171288341401","50","12"
"3.8110231936288357","51","12"
"2.4496549990685863","52","12"
"3.069297868897479","53","12"
"5.073262237786886","54","12"
"6.874886340016696","55","12"
"6.860407453105007","56","12"
"4.888524882615711","57","12"
"2.7791218093923002","58","12"
"2.5352590222095737","59","12"
"4.3572939991223745","60","12"
"6.493114855634882","61","12"
"7.098839002468105","62","12"
"5.726984504553103","63","12"
"3.514172907384317","64","12"
"2.5280981585130218","65","12"
"3.426306449266816","66","12"
"5.402604818912429","67","12"
"6.895860689071196","68","12"
"6.5280809319403605","69","12"
"4.466582588958191","70","12"
"2.703443402986549","71","12"
"2.9214037925298144","72","12"
"4.903808732915269","73","12"
"6.782561569524992","74","12"
"6.963596093111965","75","12"
"5.3306557277348094","76","12"
"3.268697754142857","77","12"
"2.6478380305691838","78","12"
"3.7477328601403053","79","12"
"5.657141908474911","80","12"
"6.942659378709364","81","12"
"6.380639516802498","82","12"
"4.279337302400652","83","12"
"2.677320772939671","84","12"
"3.147796783381767","85","12"
"5.146820210333248","86","12"
"6.9392938651162694","87","12"
"7.101487366861098","88","12"
"5.515653737717296","89","12"
"3.484003158382148","90","12"
"2.78846408902308","91","12"
"3.7401243880144377","92","12"
"5.496525925888909","93","12"
"6.840507085505664","94","12"
"6.6434025655572135","95","12"
"4.862527004470502","96","12"
"3.1058473883347673","97","12"
"3.173352105898146","98","12"
"4.806178173443604","99","12"
"6.67335765765595","100","12"
"7.400704454547354","101","12"
"6.450677603989174","102","12"
"4.488512091539165","103","12"
"3.118705894400743","104","12"
"3.30906997850003","105","12"
"4.7295616884923355","106","12"
"6.333240066609919","107","12"
"7.078634072963569","108","12"
"6.39578955500641","109","12"
"4.666153224013118","110","12"
"3.3818884998303482","111","12"
"3.771746207335765","112","12"
"5.380678801021446","113","12"
"7.03352476103293","114","12"
"7.714390672013324","115","12"
"7.003413554822606","116","12"
"5.2816599410574545","117","12"
"3.601087696665336","118","12"
"3.2594030405304513","119","12"
"4.288093282940483","120","12"
"5.896340786573978","121","12"
"7.172006341266501","122","12"
"7.467906004081534","123","12"
"6.7669592185602765","124","12"
"5.579292888673903","125","12"
"4.553474727754271","126","12"
"4.234454843788414","127","12"
"4.807571352501918","128","12"
"5.943416857535412","129","12"
"6.984287485339214","130","12"
"7.347573386257941","131","12"
"6.691688520883447","132","12"
"5.427489338605583","133","12"
"4.432038857079596","134","12"
"4.183299246254774","135","12"
"4.469350826686867","136","12"
"4.824127811586108","137","12"
"4.798497916703926","138","12"
"4.471547575257054","139","12"
"3.9354349895556355","140","12"
"3.774399450294744","141","12"
"4.014331158698872","142","12"
"4.385249227635404","143","12"
"4.4751235641255915","144","12"
"4.359058646133706","145","12"
"4.49879715404695","146","12"
"4.7876291686226855","147","12"
"4.85406617717289","148","12"
"4.965212455242791","149","12"
"5.040171970103445","150","12"
"4.945500957840949","151","12"
"4.909719464077629","152","12"
"4.899146217707606","153","12"
"4.705321487978476","154","12"
"4.3935873938453405","155","12"
"4.1600371982213264","156","12"
"4.104057047395453","157","12"
"4.22060529188906","158","12"
"4.473719930997306","159","12"
"4.750161084903828","160","12"
"4.917622740976716","161","12"
"4.9805736656601445","162","12"
"5.0201890153513204","163","12"
"5.043856332830695","164","12"
"5.014186288373204","165","12"
"4.925223546784604","166","12"
"4.796494916897227","167","12"
"4.659298141863256","168","12"
"4.560637856499317","169","12"
"4.533276419160717","170","12"
"4.557097411468685","171","12"
"4.619438515403727","172","12"
"4.737346834400736","173","12"
"4.907861427374545","174","12"
"5.076915586773219","175","12"
"5.178461195449524","176","12"
"5.184198389050343","177","12"
"5.103398185296145","178","12"
"4.976010464117219","179","12"
"4.836982832962094","180","12"
"4.694157935124015","181","12"
"4.5748512100337075","182","12"
"4.515812546802927","183","12"
"4.5409047540195315","184","12"
"4.645362169652132","185","12"
"4.799385815713577","186","12"
"4.956052947602028","187","12"
"5.0763224925367885","188","12"
"5.134220616733587","189","12"
"5.119220420199278","190","12"
"5.04053263551749","191","12"
"4.907143581236444","192","12"
"4.73675164935031","193","12"
"4.565677066694983","194","12"
"4.439569969087668","195","12"
"4.384599681421123","196","12"
"4.40094183207088","197","12"
"4.475461230585698","198","12"
"4.590338914697726","199","12"
"4.723698000644851","200","12"
"4.845698391098032","201","12"
"4.922429870818996","202","12"
"4.92983936714639","203","12"
"4.865879276241632","204","12"
"4.750525583476864","205","12"
"4.617986793553568","206","12"
"4.5044402610180185","207","12"
"4.433747052113076","208","12"
"4.412477201347357","209","12"
"4.435496018019449","210","12"
"4.4925679222194335","211","12"
"4.569082654222971","212","12"
"4.647621991111152","213","12"
"4.712438270346645","214","12"
"4.752863810460677","215","12"
"4.763552051600395","216","12"
"4.743721377800868","217","12"
"4.697321336697645","218","12"
"4.632719714365584","219","12"
"4.560847286367762","220","12"
"4.4941910908171385","221","12"
"4.446627860194993","222","12"
"4.429667177071872","223","12"
"4.447268346215298","224","12"
"4.49471936981974","225","12"
"4.560943812280507","226","12"
"4.631696957853291","227","12"
"4.69206642419155","228","12"
"4.728710727196587","229","12"
"4.732513220914526","230","12"
"4.701516903446543","231","12"
"4.64290616014663","232","12"
"4.57188713272755","233","12"
"4.507405035262173","234","12"
"4.465869969855078","235","12"
"4.456561665951708","236","12"
"4.48031714608785","237","12"
"4.530674052675602","238","12"
"4.595892116667032","239","12"
"4.66128058199901","240","12"
"4.712088059002571","241","12"
"4.737030076080574","242","12"
"4.731595353570954","243","12"
"4.699324684973344","244","12"
"4.650378380893859","245","12"
"4.598027534693381","246","12"
"4.55483933235466","247","12"
"4.529835287794822","248","12"
"4.527235360592702","249","12"
"4.546326234707186","250","12"
"4.582079154012582","251","12"
"4.626388729590336","252","12"
"4.669932370308118","253","12"
"4.70414854132758","254","12"
"4.723087134489467","255","12"
"4.724480313547781","256","12"
"4.709683971377933","257","12"
"4.683198585103015","258","12"
"4.651605688708611","259","12"
"4.622176436329482","260","12"
"4.601272129543796","261","12"
"4.592999823974685","262","12"
"4.598478802047188","263","12"
"4.615916887699045","264","12"
"4.641386486841651","265","12"
"4.669905538195189","266","12"
"4.696449467261952","267","12"
"4.716703530895359","268","12"
"4.727619322291475","269","12"
"4.727933989797642","270","12"
"4.718443088138756","271","12"
"4.701921824423472","272","12"
"4.682533009314776","273","12"
"4.664811269897668","274","12"
"4.652610673301952","275","12"
"4.648434272348003","276","12"
"4.653147315560532","277","12"
"4.666002685405516","278","12"
"4.6848294200186995","279","12"
"4.7064083627866005","280","12"
"4.726966988325201","281","12"
"4.742821979314248","282","12"
"4.751099860387344","283","12"
"4.750389680567223","284","12"
"4.741065695558895","285","12"
"4.725242415248764","286","12"
"4.706376303638685","287","12"
"4.688636095364626","288","12"
"4.676106544033781","289","12"
"4.671912371160879","290","12"
"4.6774725425101655","291","12"
"4.692134027177371","292","12"
"4.713146359352772","293","12"
"4.736224415754705","294","12"
"4.756621351677734","295","12"
"4.770245095665685","296","12"
"4.774516977125382","297","12"
"4.768911504806214","298","12"
"4.755048014146897","299","12"
"4.736296200368516","300","12"
"6.510519488262829","1","13"
"4.1190084582698905","2","13"
"2.952589328664296","3","13"
"3.875801489743429","4","13"
"5.741103771457743","5","13"
"6.904413512184565","6","13"
"6.33189427933548","7","13"
"4.484149259670709","8","13"
"3.1629917740865605","9","13"
"3.6820945425359874","10","13"
"5.402988483280414","11","13"
"6.531803974726509","12","13"
"5.9629729377636655","13","13"
"4.255742118004086","14","13"
"3.006143438318589","15","13"
"3.352290936924665","16","13"
"5.016000417982403","17","13"
"6.651300963890314","18","13"
"6.690974856373335","19","13"
"4.834903169975596","20","13"
"2.813597764050575","21","13"
"2.685726542135429","22","13"
"4.437615058002841","23","13"
"6.48034207294268","24","13"
"6.995727722578943","25","13"
"5.481621906798345","26","13"
"3.2102466096445217","27","13"
"2.3326352760192264","28","13"
"3.450835182111912","29","13"
"5.553087671474243","30","13"
"7.017802536732532","31","13"
"6.49580294549377","32","13"
"4.320780371991992","33","13"
"2.6823721795503044","34","13"
"3.230754010240258","35","13"
"5.1494211829423655","36","13"
"6.647604404748095","37","13"
"6.541771581976135","38","13"
"4.953741901200143","39","13"
"3.164551172857434","40","13"
"2.810581416394556","41","13"
"4.046048458525947","42","13"
"5.872706922118514","43","13"
"6.82361958087235","44","13"
"5.921711420520846","45","13"
"3.9145111685060012","46","13"
"2.9137007110706974","47","13"
"3.943033704549529","48","13"
"5.832523219489842","49","13"
"6.993385313967141","50","13"
"6.597364235275033","51","13"
"4.936254332950416","52","13"
"3.2464344182607667","53","13"
"2.931519499104048","54","13"
"4.08834423175803","55","13"
"5.818866370946979","56","13"
"6.983343831289711","57","13"
"6.651857120412842","58","13"
"4.932894046392307","59","13"
"3.4028687728578335","60","13"
"3.6113661382621385","61","13"
"5.258823722140881","62","13"
"6.923340954338482","63","13"
"7.529700708626023","64","13"
"6.739028034408183","65","13"
"5.034766170520749","66","13"
"3.503956144800351","67","13"
"3.299653997675945","68","13"
"4.405084780000918","69","13"
"5.977095689358296","70","13"
"7.1268761211959175","71","13"
"7.345371759121766","72","13"
"6.597423475004876","73","13"
"5.28515369124221","74","13"
"4.23315993298784","75","13"
"4.1650391222340915","76","13"
"5.090868633965298","77","13"
"6.456848293024846","78","13"
"7.599085067970428","79","13"
"7.969706938257744","80","13"
"7.3110162005026735","81","13"
"6.086518439758757","82","13"
"5.105374352989916","83","13"
"4.837089812944811","84","13"
"5.259722423689503","85","13"
"6.021818200699958","86","13"
"6.638748413605529","87","13"
"6.735721760544932","88","13"
"6.2552896423301805","89","13"
"5.564081519926153","90","13"
"5.006003539336856","91","13"
"4.740805040747585","92","13"
"4.706270369062965","93","13"
"4.5842250261089035","94","13"
"4.267367740751324","95","13"
"3.8231213403388233","96","13"
"3.6409975026607326","97","13"
"3.879091734032723","98","13"
"4.40540537148007","99","13"
"4.764269200800498","100","13"
"4.696805602579009","101","13"
"4.61704523031806","102","13"
"4.70490437058658","103","13"
"4.673186722290507","104","13"
"4.833171279050179","105","13"
"5.110774925537625","106","13"
"5.078404943275278","107","13"
"4.895593576262006","108","13"
"4.863547321699802","109","13"
"4.764595716252633","110","13"
"4.479215984050763","111","13"
"4.164768710290807","112","13"
"4.011623554576037","113","13"
"4.065611159665183","114","13"
"4.296441554751394","115","13"
"4.622913796731531","116","13"
"4.912054206371451","117","13"
"5.079349294262779","118","13"
"5.161012655727694","119","13"
"5.188515223010921","120","13"
"5.141299415980856","121","13"
"5.021348720180252","122","13"
"4.857628924219463","123","13"
"4.695735105813842","124","13"
"4.563349293781142","125","13"
"4.489921648640435","126","13"
"4.484666039196342","127","13"
"4.536223421485919","128","13"
"4.65047246752361","129","13"
"4.82722639792591","130","13"
"5.027629873888632","131","13"
"5.183445347543335","132","13"
"5.246905036965418","133","13"
"5.209851282886464","134","13"
"5.094335203568126","135","13"
"4.938872380540489","136","13"
"4.774620123949108","137","13"
"4.62693512898089","138","13"
"4.530103608924112","139","13"
"4.516771533488389","140","13"
"4.59519378479288","141","13"
"4.743264186474078","142","13"
"4.916675602237222","143","13"
"5.070878012895195","144","13"
"5.174687624658509","145","13"
"5.20681089086951","146","13"
"5.160888252295023","147","13"
"5.041516711970886","148","13"
"4.87033201311185","149","13"
"4.680369365299501","150","13"
"4.520245072471198","151","13"
"4.428115793087977","152","13"
"4.413618088850338","153","13"
"4.465365386744413","154","13"
"4.5665841314995825","155","13"
"4.694293838033656","156","13"
"4.825193429785289","157","13"
"4.932055978449525","158","13"
"4.985843213864201","159","13"
"4.965838305565136","160","13"
"4.8725806835629","161","13"
"4.7322895038171175","162","13"
"4.585869799784551","163","13"
"4.470193424726637","164","13"
"4.4061740940920355","165","13"
"4.398481640937391","166","13"
"4.440846062562292","167","13"
"4.519613298175869","168","13"
"4.61549175552017","169","13"
"4.707117497199724","170","13"
"4.776290335861689","171","13"
"4.811298576916055","172","13"
"4.807535808664012","173","13"
"4.76737127183029","174","13"
"4.699816723200042","175","13"
"4.619149286134492","176","13"
"4.542217785208057","177","13"
"4.485004054125447","178","13"
"4.458838213922684","179","13"
"4.467702568321228","180","13"
"4.5076740533294615","181","13"
"4.568510468126485","182","13"
"4.636286294571147","183","13"
"4.695788073101702","184","13"
"4.733043590731122","185","13"
"4.738412801068915","186","13"
"4.709774224848694","187","13"
"4.653885372900579","188","13"
"4.58470661026563","189","13"
"4.519430003482355","190","13"
"4.473376340564215","191","13"
"4.4564609584109744","192","13"
"4.471193182284992","193","13"
"4.5127000217031625","194","13"
"4.570328082425676","195","13"
"4.630167875885337","196","13"
"4.6781461330853835","197","13"
"4.703493419609313","198","13"
"4.701750029206926","199","13"
"4.675656670555971","200","13"
"4.633629566922177","201","13"
"4.586706125382339","202","13"
"4.545887860706346","203","13"
"4.5197429286435264","204","13"
"4.512751943584025","205","13"
"4.524757397540258","206","13"
"4.5514874090525295","207","13"
"4.585995597093219","208","13"
"4.620702760932382","209","13"
"4.649362593761547","210","13"
"4.6680600463760715","211","13"
"4.6751168920763995","212","13"
"4.670625823616283","213","13"
"4.656297475312196","214","13"
"4.635542661727115","215","13"
"4.613009262370739","216","13"
"4.593491513732384","217","13"
"4.58076821363805","218","13"
"4.576896026120297","219","13"
"4.582168013607347","220","13"
"4.595461757453171","221","13"
"4.614578766742586","222","13"
"4.636405122499832","223","13"
"4.657179450348862","224","13"
"4.673022244922942","225","13"
"4.680832132130276","226","13"
"4.679092574886879","227","13"
"4.668252749732562","228","13"
"4.650672837198079","229","13"
"4.630167527416337","230","13"
"4.611298628054265","231","13"
"4.598442561271283","232","13"
"4.594907691744637","233","13"
"4.60203771593477","234","13"
"4.618826603841346","235","13"
"4.642083424839807","236","13"
"4.667197585603354","237","13"
"4.689201312081131","238","13"
"4.703824116689439","239","13"
"4.708356652960445","240","13"
"4.702162616501835","241","13"
"4.686928597269144","242","13"
"4.666444544096347","243","13"
"4.645745834020117","244","13"
"4.629844148185193","245","13"
"4.62252490532856","246","13"
"4.625571918256497","247","13"
"4.638462483470389","248","13"
"4.658591795202125","249","13"
"4.681873357499521","250","13"
"4.703601096530028","251","13"
"4.719456087519076","252","13"
"4.726477040912497","253","13"
"4.723738771517743","254","13"
"4.71257591560128","255","13"
"4.696206932838594","256","13"
"4.678893599088406","257","13"
"4.66490152336843","258","13"
"4.657546388204891","259","13"
"4.658518616712319","260","13"
"4.6676296871622105","261","13"
"4.682972777191612","262","13"
"4.701402954083845","263","13"
"4.7191734791608235","264","13"
"4.732732059445946","265","13"
"4.739539749811933","266","13"
"4.7386448814223","267","13"
"4.73084126665695","268","13"
"4.7183803637189214","269","13"
"4.704413377766879","270","13"
"4.692286656598967","271","13"
"4.6848294200186995","272","13"
"4.6837495145905566","273","13"
"4.689280414543922","274","13"
"4.700165540668119","275","13"
"4.714030076734433","276","13"
"4.728034000400378","277","13"
"4.739602125762768","278","13"
"4.746851326350586","279","13"
"4.748881506739214","280","13"
"4.745913247805068","281","13"
"4.739169675734912","282","13"
"4.73050464560384","283","13"
"4.721965761250434","284","13"
"4.715342062515961","285","13"
"4.71182775266026","286","13"
"4.711923930104006","287","13"
"4.715411756315777","288","13"
"4.7215531739555265","289","13"
"4.729060590071661","290","13"
"4.736019515983248","291","13"
"4.7402157796701445","292","13"
"4.740332168315836","293","13"
"4.736670804542524","294","13"
"4.730575036341654","295","13"
"4.723517842172328","296","13"
"4.71666903246445","297","13"
"4.710984109213492","298","13"
"4.707371531100051","299","13"
"4.706428922457546","300","13"
"5.851825265817768","1","14"
"7.458893201889383","2","14"
"7.239573086311715","3","14"
"5.095485151265083","4","14"
"3.4168831505937507","5","14"
"3.71186250678222","6","14"
"5.581126532547051","7","14"
"7.425399755574008","8","14"
"7.658434217079387","9","14"
"5.946100068828312","10","14"
"3.5879221894111724","11","14"
"2.669768230088155","12","14"
"4.034481030101555","13","14"
"6.379574595541316","14","14"
"7.623636799769463","15","14"
"6.485093796214107","16","14"
"4.046653749177345","17","14"
"2.661430760816217","18","14"
"3.5727728481452585","19","14"
"6.021020903630068","20","14"
"8.15945945926365","21","14"
"8.048030921304495","22","14"
"5.395353875979615","23","14"
"2.5673517973831546","24","14"
"2.101183038004161","25","14"
"4.1943077304046446","26","14"
"6.8886787430002","27","14"
"7.9204013626402086","28","14"
"6.391316606934246","29","14"
"3.756567246204929","30","14"
"2.485923478258118","31","14"
"3.6052487649833256","32","14"
"6.107152683070159","33","14"
"8.031164324811124","34","14"
"7.5974869891406565","35","14"
"5.02679529063584","36","14"
"2.6874760307452994","37","14"
"2.777444279630739","38","14"
"4.891656921979423","39","14"
"6.986345543247769","40","14"
"7.250827241105936","41","14"
"5.646604554411793","42","14"
"3.6086208994874025","43","14"
"3.0225451771671894","44","14"
"4.426681494687772","45","14"
"6.528847563738332","46","14"
"7.538209624645508","47","14"
"6.368729543352012","48","14"
"4.027755578419351","49","14"
"2.6980318536653685","50","14"
"3.6314741933849315","51","14"
"5.935526125520291","52","14"
"7.359126527453371","53","14"
"6.629667311489558","54","14"
"4.476087080908043","55","14"
"2.82694029355627","56","14"
"3.231590335838045","57","14"
"5.26385038745258","58","14"
"7.243542148211213","59","14"
"7.504215079909459","60","14"
"5.543779367570873","61","14"
"3.1439657152059044","62","14"
"2.5210045493332918","63","14"
"4.158259309388031","64","14"
"6.495745099639922","65","14"
"7.449555626590091","66","14"
"6.305686622852828","67","14"
"4.058022201803263","68","14"
"2.772574076899626","69","14"
"3.5354385765220466","70","14"
"5.590255723384894","71","14"
"7.220720216523601","72","14"
"7.023239350056146","73","14"
"5.07083445427031","74","14"
"3.195189612663363","75","14"
"3.109669047847655","76","14"
"4.797427419938759","77","14"
"6.6487627157010305","78","14"
"7.0657407199976845","79","14"
"5.747210342197585","80","14"
"3.7870600259692435","81","14"
"2.896385634975514","82","14"
"3.894389523092244","83","14"
"5.878327030135643","84","14"
"7.169353795245519","85","14"
"6.591307844071059","86","14"
"4.599728411877881","87","14"
"3.0980730449653384","88","14"
"3.3719418007206676","89","14"
"5.0110437949395195","90","14"
"6.674039959956145","91","14"
"7.119382643839746","92","14"
"5.83491232294752","93","14"
"3.752399905444956","94","14"
"2.6935733670566657","95","14"
"3.5408827076946414","96","14"
"5.645292917099264","97","14"
"7.208769123731225","98","14"
"6.984260304757286","99","14"
"5.033183075857938","100","14"
"3.2960881144083807","101","14"
"3.2144874773633","102","14"
"4.5367875927954255","103","14"
"6.18506826044999","104","14"
"7.210682218536162","105","14"
"6.790476694370048","106","14"
"4.9483918566573","107","14"
"3.1077402719377587","108","14"
"2.8471480108127993","109","14"
"4.344041374618442","110","14"
"6.475420296799704","111","14"
"7.536336255306465","112","14"
"6.6992272992094986","113","14"
"4.685503010593917","114","14"
"3.3258815168915454","115","14"
"3.496870027704101","116","14"
"4.8196329099670026","117","14"
"6.452818597519508","118","14"
"7.518485582359698","119","14"
"7.2161936042255785","120","14"
"5.430293817110162","121","14"
"3.414068218019199","122","14"
"2.8418683570077694","123","14"
"3.9931456374309304","124","14"
"6.005586514722908","125","14"
"7.661783004160526","126","14"
"7.8167095333985825","127","14"
"6.250901720693791","128","14"
"4.232955033216382","129","14"
"3.3022459100910866","130","14"
"3.865674283692226","131","14"
"5.365077146994729","132","14"
"7.055367494833133","133","14"
"8.119386918245683","134","14"
"7.82579969570853","135","14"
"5.981062660443799","136","14"
"3.747297622360457","137","14"
"2.888454829025499","138","14"
"3.7267546779268144","139","14"
"5.42283832287489","140","14"
"7.14122886232994","141","14"
"8.183025023795294","142","14"
"7.925069453351857","143","14"
"6.363225823980575","144","14"
"4.482243482714752","145","14"
"3.454695521683697","146","14"
"3.749601350913361","147","14"
"5.009343266224019","148","14"
"6.597056885617847","149","14"
"7.887944263128092","150","14"
"8.299723109958503","151","14"
"7.606228682451526","152","14"
"6.187097046962622","153","14"
"4.933866623368734","154","14"
"4.281087662183021","155","14"
"4.116428045331719","156","14"
"4.580903419609693","157","14"
"5.661755986491701","158","14"
"6.752050320903726","159","14"
"7.393921157011302","160","14"
"7.543006648886815","161","14"
"6.903324198093447","162","14"
"5.534988540131135","163","14"
"4.4647113104331435","164","14"
"3.9473494931031095","165","14"
"4.130896478173434","166","14"
"5.0799605088871616","167","14"
"6.324322047985517","168","14"
"7.200242087323788","169","14"
"7.284587614674605","170","14"
"6.459806097889019","171","14"
"5.2177604837585365","172","14"
"4.113052077668652","173","14"
"3.7651820968001335","174","14"
"4.242616684684817","175","14"
"5.097863103714791","176","14"
"5.553699931505623","177","14"
"5.369430570200209","178","14"
"4.873629923719124","179","14"
"4.423550849200056","180","14"
"4.063091728801849","181","14"
"3.918780959151703","182","14"
"3.8786491784038937","183","14"
"3.7764759770602496","184","14"
"3.809473203520937","185","14"
"4.098569706066972","186","14"
"4.549693839114275","187","14"
"4.994623935702967","188","14"
"5.100447001342953","189","14"
"4.97066634354736","190","14"
"4.919822974236894","191","14"
"4.834919199549554","192","14"
"4.389536093262061","193","14"
"3.777441584656694","194","14"
"3.4416540693932056","195","14"
"3.4230085386595426","196","14"
"3.6545978992257453","197","14"
"4.119503284248581","198","14"
"4.712805208202674","199","14"
"5.231586339765952","200","14"
"5.573030203822474","201","14"
"5.800864810923612","202","14"
"5.852871369753","203","14"
"5.646716761429496","204","14"
"5.181146846025418","205","14"
"4.557534043124529","206","14"
"4.12869101787827","207","14"
"3.991261117083917","208","14"
"4.0987366227175315","209","14"
"4.225995061897799","210","14"
"4.3294112521611545","211","14"
"4.527380672165317","212","14"
"4.859199125529308","213","14"
"5.256510236456002","214","14"
"5.5711317447154975","215","14"
"5.687552101086443","216","14"
"5.610845711133412","217","14"
"5.391479249178867","218","14"
"5.078796273961243","219","14"
"4.722741453242382","220","14"
"4.39841752264156","221","14"
"4.198325577964013","222","14"
"4.17945737553994","223","14"
"4.331785022982873","224","14"
"4.59656535877325","225","14"
"4.906028480439395","226","14"
"5.195689851232936","227","14"
"5.413181549972442","228","14"
"5.521902483808761","229","14"
"5.495716083935052","230","14"
"5.327932094038016","231","14"
"5.053531923059094","232","14"
"4.751355288163668","233","14"
"4.506917875601462","234","14"
"4.375407069225447","235","14"
"4.36830875571423","236","14"
"4.464472260699775","237","14"
"4.633294339745063","238","14"
"4.8467511159442465","239","14"
"5.0753307497654125","240","14"
"5.280727089546923","241","14"
"5.417020284466284","242","14"
"5.446383676204587","243","14"
"5.355625622332738","244","14"
"5.170702881654053","245","14"
"4.94719347176947","246","14"
"4.7439520642782576","247","14"
"4.602308127878055","248","14"
"4.540259389433239","249","14"
"4.558299281046504","250","14"
"4.646851177685192","251","14"
"4.788793055079606","252","14"
"4.9585169718945075","253","14"
"5.1226779296081295","254","14"
"5.246585490893263","255","14"
"5.303919443780555","256","14"
"5.283329107563038","257","14"
"5.191265340351643","258","14"
"5.049679946743286","259","14"
"4.889952211635934","260","14"
"4.745711135785603","261","14"
"4.645981050594494","262","14"
"4.609476832127086","263","14"
"4.641629021265009","264","14"
"4.733650623727516","265","14"
"4.8641881561891065","266","14"
"5.003948966118292","267","14"
"5.12208832006169","268","14"
"5.193011518506023","269","14"
"5.201996791647248","270","14"
"5.147996641674135","271","14"
"5.042976448608024","272","14"
"4.9086350285524984","273","14"
"4.771837947460471","274","14"
"4.659059789067887","275","14"
"4.592186845799836","276","14"
"4.580432289522939","277","14"
"4.619911736304474","278","14"
"4.695765771085761","279","14"
"4.785879854247314","280","14"
"4.866937228122833","281","14"
"4.921047494299654","282","14"
"4.939388114659124","283","14"
"4.917294483179584","284","14"
"4.858788629048394","285","14"
"4.774567853599247","286","14"
"4.680503525864146","287","14"
"4.5956342496077145","288","14"
"4.536790032078419","289","14"
"4.513624161488718","290","14"
"4.527242678441682","291","14"
"4.570400563977484","292","14"
"4.629730198822495","293","14"
"4.689992336709038","294","14"
"4.73801031937498","295","14"
"4.764697469200364","296","14"
"4.7653191378947195","297","14"
"4.740066634938539","298","14"
"4.694881008297102","299","14"
"4.640642157059621","300","14"
"6.510519488262829","1","15"
"4.1190084582698905","2","15"
"2.952589328664296","3","15"
"3.875801489743429","4","15"
"5.741103771457743","5","15"
"6.904413512184565","6","15"
"6.33189427933548","7","15"
"4.484149259670709","8","15"
"3.1629917740865605","9","15"
"3.6820945425359874","10","15"
"5.402988483280414","11","15"
"6.531803974726509","12","15"
"5.9629729377636655","13","15"
"4.255742118004086","14","15"
"3.006143438318589","15","15"
"3.352290936924665","16","15"
"5.016000417982403","17","15"
"6.651300963890314","18","15"
"6.690974856373335","19","15"
"4.834903169975596","20","15"
"2.813597764050575","21","15"
"2.685726542135429","22","15"
"4.437615058002841","23","15"
"6.48034207294268","24","15"
"6.995727722578943","25","15"
"5.481621906798345","26","15"
"3.2102466096445217","27","15"
"2.3326352760192264","28","15"
"3.450835182111912","29","15"
"5.553087671474243","30","15"
"7.017802536732532","31","15"
"6.49580294549377","32","15"
"4.320780371991992","33","15"
"2.6823721795503044","34","15"
"3.230754010240258","35","15"
"5.1494211829423655","36","15"
"6.647604404748095","37","15"
"6.541771581976135","38","15"
"4.953741901200143","39","15"
"3.164551172857434","40","15"
"2.810581416394556","41","15"
"4.046048458525947","42","15"
"5.872706922118514","43","15"
"6.82361958087235","44","15"
"5.921711420520846","45","15"
"3.9145111685060012","46","15"
"2.9137007110706974","47","15"
"3.943033704549529","48","15"
"5.832523219489842","49","15"
"6.993385313967141","50","15"
"6.597364235275033","51","15"
"4.936254332950416","52","15"
"3.2464344182607667","53","15"
"2.931519499104048","54","15"
"4.08834423175803","55","15"
"5.818866370946979","56","15"
"6.983343831289711","57","15"
"6.651857120412842","58","15"
"4.932894046392307","59","15"
"3.4028687728578335","60","15"
"3.6113661382621385","61","15"
"5.258823722140881","62","15"
"6.923340954338482","63","15"
"7.529700708626023","64","15"
"6.739028034408183","65","15"
"5.034766170520749","66","15"
"3.503956144800351","67","15"
"3.299653997675945","68","15"
"4.405084780000918","69","15"
"5.977095689358296","70","15"
"7.1268761211959175","71","15"
"7.345371759121766","72","15"
"6.597423475004876","73","15"
"5.28515369124221","74","15"
"4.23315993298784","75","15"
"4.1650391222340915","76","15"
"5.090868633965298","77","15"
"6.456848293024846","78","15"
"7.599085067970428","79","15"
"7.969706938257744","80","15"
"7.3110162005026735","81","15"
"6.086518439758757","82","15"
"5.105374352989916","83","15"
"4.837089812944811","84","15"
"5.259722423689503","85","15"
"6.021818200699958","86","15"
"6.638748413605529","87","15"
"6.735721760544932","88","15"
"6.2552896423301805","89","15"
"5.564081519926153","90","15"
"5.006003539336856","91","15"
"4.740805040747585","92","15"
"4.706270369062965","93","15"
"4.5842250261089035","94","15"
"4.267367740751324","95","15"
"3.8231213403388233","96","15"
"3.6409975026607326","97","15"
"3.879091734032723","98","15"
"4.40540537148007","99","15"
"4.764269200800498","100","15"
"4.696805602579009","101","15"
"4.61704523031806","102","15"
"4.70490437058658","103","15"
"4.673186722290507","104","15"
"4.833171279050179","105","15"
"5.110774925537625","106","15"
"5.078404943275278","107","15"
"4.895593576262006","108","15"
"4.863547321699802","109","15"
"4.764595716252633","110","15"
"4.479215984050763","111","15"
"4.164768710290807","112","15"
"4.011623554576037","113","15"
"4.065611159665183","114","15"
"4.296441554751394","115","15"
"4.622913796731531","116","15"
"4.912054206371451","117","15"
"5.079349294262779","118","15"
"5.161012655727694","119","15"
"5.188515223010921","120","15"
"5.141299415980856","121","15"
"5.021348720180252","122","15"
"4.857628924219463","123","15"
"4.695735105813842","124","15"
"4.563349293781142","125","15"
"4.489921648640435","126","15"
"4.484666039196342","127","15"
"4.536223421485919","128","15"
"4.65047246752361","129","15"
"4.82722639792591","130","15"
"5.027629873888632","131","15"
"5.183445347543335","132","15"
"5.246905036965418","133","15"
"5.209851282886464","134","15"
"5.094335203568126","135","15"
"4.938872380540489","136","15"
"4.774620123949108","137","15"
"4.62693512898089","138","15"
"4.530103608924112","139","15"
"4.516771533488389","140","15"
"4.59519378479288","141","15"
"4.743264186474078","142","15"
"4.916675602237222","143","15"
"5.070878012895195","144","15"
"5.174687624658509","145","15"
"5.20681089086951","146","15"
"5.160888252295023","147","15"
"5.041516711970886","148","15"
"4.87033201311185","149","15"
"4.680369365299501","150","15"
"4.520245072471198","151","15"
"4.428115793087977","152","15"
"4.413618088850338","153","15"
"4.465365386744413","154","15"
"4.5665841314995825","155","15"
"4.694293838033656","156","15"
"4.825193429785289","157","15"
"4.932055978449525","158","15"
"4.985843213864201","159","15"
"4.965838305565136","160","15"
"4.8725806835629","161","15"
"4.7322895038171175","162","15"
"4.585869799784551","163","15"
"4.470193424726637","164","15"
"4.4061740940920355","165","15"
"4.398481640937391","166","15"
"4.440846062562292","167","15"
"4.519613298175869","168","15"
"4.61549175552017","169","15"
"4.707117497199724","170","15"
"4.776290335861689","171","15"
"4.811298576916055","172","15"
"4.807535808664012","173","15"
"4.76737127183029","174","15"
"4.699816723200042","175","15"
"4.619149286134492","176","15"
"4.542217785208057","177","15"
"4.485004054125447","178","15"
"4.458838213922684","179","15"
"4.467702568321228","180","15"
"4.5076740533294615","181","15"
"4.568510468126485","182","15"
"4.636286294571147","183","15"
"4.695788073101702","184","15"
"4.733043590731122","185","15"
"4.738412801068915","186","15"
"4.709774224848694","187","15"
"4.653885372900579","188","15"
"4.58470661026563","189","15"
"4.519430003482355","190","15"
"4.473376340564215","191","15"
"4.4564609584109744","192","15"
"4.471193182284992","193","15"
"4.5127000217031625","194","15"
"4.570328082425676","195","15"
"4.630167875885337","196","15"
"4.6781461330853835","197","15"
"4.703493419609313","198","15"
"4.701750029206926","199","15"
"4.675656670555971","200","15"
"4.633629566922177","201","15"
"4.586706125382339","202","15"
"4.545887860706346","203","15"
"4.5197429286435264","204","15"
"4.512751943584025","205","15"
"4.524757397540258","206","15"
"4.5514874090525295","207","15"
"4.585995597093219","208","15"
"4.620702760932382","209","15"
"4.649362593761547","210","15"
"4.6680600463760715","211","15"
"4.6751168920763995","212","15"
"4.670625823616283","213","15"
"4.656297475312196","214","15"
"4.635542661727115","215","15"
"4.613009262370739","216","15"
"4.593491513732384","217","15"
"4.58076821363805","218","15"
"4.576896026120297","219","15"
"4.582168013607347","220","15"
"4.595461757453171","221","15"
"4.614578766742586","222","15"
"4.636405122499832","223","15"
"4.657179450348862","224","15"
"4.673022244922942","225","15"
"4.680832132130276","226","15"
"4.679092574886879","227","15"
"4.668252749732562","228","15"
"4.650672837198079","229","15"
"4.630167527416337","230","15"
"4.611298628054265","231","15"
"4.598442561271283","232","15"
"4.594907691744637","233","15"
"4.60203771593477","234","15"
"4.618826603841346","235","15"
"4.642083424839807","236","15"
"4.667197585603354","237","15"
"4.689201312081131","238","15"
"4.703824116689439","239","15"
"4.708356652960445","240","15"
"4.702162616501835","241","15"
"4.686928597269144","242","15"
"4.666444544096347","243","15"
"4.645745834020117","244","15"
"4.629844148185193","245","15"
"4.62252490532856","246","15"
"4.625571918256497","247","15"
"4.638462483470389","248","15"
"4.658591795202125","249","15"
"4.681873357499521","250","15"
"4.703601096530028","251","15"
"4.719456087519076","252","15"
"4.726477040912497","253","15"
"4.723738771517743","254","15"
"4.71257591560128","255","15"
"4.696206932838594","256","15"
"4.678893599088406","257","15"
"4.66490152336843","258","15"
"4.657546388204891","259","15"
"4.658518616712319","260","15"
"4.6676296871622105","261","15"
"4.682972777191612","262","15"
"4.701402954083845","263","15"
"4.7191734791608235","264","15"
"4.732732059445946","265","15"
"4.739539749811933","266","15"
"4.7386448814223","267","15"
"4.73084126665695","268","15"
"4.7183803637189214","269","15"
"4.704413377766879","270","15"
"4.692286656598967","271","15"
"4.6848294200186995","272","15"
"4.6837495145905566","273","15"
"4.689280414543922","274","15"
"4.700165540668119","275","15"
"4.714030076734433","276","15"
"4.728034000400378","277","15"
"4.739602125762768","278","15"
"4.746851326350586","279","15"
"4.748881506739214","280","15"
"4.745913247805068","281","15"
"4.739169675734912","282","15"
"4.73050464560384","283","15"
"4.721965761250434","284","15"
"4.715342062515961","285","15"
"4.71182775266026","286","15"
"4.711923930104006","287","15"
"4.715411756315777","288","15"
"4.7215531739555265","289","15"
"4.729060590071661","290","15"
"4.736019515983248","291","15"
"4.7402157796701445","292","15"
"4.740332168315836","293","15"
"4.736670804542524","294","15"
"4.730575036341654","295","15"
"4.723517842172328","296","15"
"4.71666903246445","297","15"
"4.710984109213492","298","15"
"4.707371531100051","299","15"
"4.706428922457546","300","15"
"3.571737546748998","1","16"
"4.448765717504336","2","16"
"6.040505199244511","3","16"
"6.874135737792682","4","16"
"6.230956749062567","5","16"
"4.476944314645774","6","16"
"3.2822573798349772","7","16"
"3.726489841487515","8","16"
"5.329213414547626","9","16"
"6.661026036716581","10","16"
"6.50823631938087","11","16"
"4.955124277719485","12","16"
"3.4907850620422023","13","16"
"3.5082649639739496","14","16"
"4.919736553925123","15","16"
"6.460015179288466","16","16"
"6.881461950029296","17","16"
"5.720828451215392","18","16"
"3.8441821097050957","19","16"
"3.0270808496591877","20","16"
"3.9149516333208356","21","16"
"5.693821755317853","22","16"
"6.901898959887219","23","16"
"6.452768417983641","24","16"
"4.677972247054844","25","16"
"3.193775873934104","26","16"
"3.339359949306881","27","16"
"4.908819020184011","28","16"
"6.544182987449753","29","16"
"6.977578760168966","30","16"
"5.745835631996222","31","16"
"3.782635515087951","32","16"
"2.9235977533480093","33","16"
"3.819395858269681","34","16"
"5.637319597931361","35","16"
"6.8971583876237625","36","16"
"6.473775523124055","37","16"
"4.6747520450343645","38","16"
"3.1187574678126064","39","16"
"3.2225785790528905","40","16"
"4.828062026585698","41","16"
"6.523308997466987","42","16"
"6.985649999125609","43","16"
"5.736420348110135","44","16"
"3.7237982669386374","45","16"
"2.834085998851362","46","16"
"3.745403693350468","47","16"
"5.612642417292658","48","16"
"6.915694150622716","49","16"
"6.488744357448447","50","16"
"4.627465150328488","51","16"
"3.0185221025728346","52","16"
"3.133635700197238","53","16"
"4.804774540315318","54","16"
"6.558068780125011","55","16"
"7.022237850152796","56","16"
"5.712803907104625","57","16"
"3.638248779196006","58","16"
"2.7530620779997554","59","16"
"3.717267260957919","60","16"
"5.632587737392882","61","16"
"6.94662565285687","62","16"
"6.483389085870617","63","16"
"4.57083684716433","64","16"
"2.952665643375094","65","16"
"3.1204569511211098","66","16"
"4.843164324536737","67","16"
"6.59214626048284","68","16"
"7.00764466540941","69","16"
"5.635104380504223","70","16"
"3.563041154408009","71","16"
"2.7590585325358887","72","16"
"3.7973496185740165","73","16"
"5.717053138079382","74","16"
"6.963820507147371","75","16"
"6.408839022083881","76","16"
"4.469088081061562","77","16"
"2.9179572598944343","78","16"
"3.190403042492029","79","16"
"4.9505725756535295","80","16"
"6.645029218844909","81","16"
"6.968085767696085","82","16"
"5.511873894484297","83","16"
"3.4640285668860016","84","16"
"2.7884588619880937","85","16"
"3.927508713702609","86","16"
"5.843539369957693","87","16"
"7.0066166818621305","88","16"
"6.368767178003913","89","16"
"4.411189956864764","90","16"
"2.947397140578035","91","16"
"3.30055165381757","92","16"
"5.035486107472844","93","16"
"6.658515666047223","94","16"
"6.928595866844577","95","16"
"5.438296407673986","96","16"
"3.419741990262186","97","16"
"2.835738961548488","98","16"
"4.039433123047451","99","16"
"5.933423463579855","100","16"
"7.041964680190597","101","16"
"6.400760813747256","102","16"
"4.471149623660107","103","16"
"3.0547419703369947","104","16"
"3.3881936978996645","105","16"
"5.027073368897104","106","16"
"6.598940012088864","107","16"
"6.896713741180939","108","16"
"5.458725054275932","109","16"
"3.4836097368821886","110","16"
"2.905870264192417","111","16"
"4.097174784663664","112","16"
"5.9479971340592925","113","16"
"7.080077431557749","114","16"
"6.56207547667641","115","16"
"4.72405343902391","116","16"
"3.263132355758583","117","16"
"3.416789760901998","118","16"
"4.879686314923098","119","16"
"6.441221549230195","120","16"
"6.883064907425054","121","16"
"5.609751866945307","122","16"
"3.7034267692525416","123","16"
"2.983039246741724","124","16"
"4.001324553308288","125","16"
"5.807861371487099","126","16"
"7.0724619900519","127","16"
"6.845074817145578","128","16"
"5.148109545629836","129","16"
"3.4882266026509723","130","16"
"3.2722033522735807","131","16"
"4.501567134120621","132","16"
"6.166186119265953","133","16"
"6.948059951257075","134","16"
"5.955490611415464","135","16"
"4.068545617106418","136","16"
"3.0051851485711247","137","16"
"3.6241897974282065","138","16"
"5.360232034031549","139","16"
"6.903829478142111","140","16"
"7.153946586920288","141","16"
"5.7513905763105235","142","16"
"3.8590892650166504","143","16"
"3.0876677606528715","144","16"
"3.9373149798056613","145","16"
"5.692297900384886","146","16"
"6.9677498435809735","147","16"
"6.4897988246396565","148","16"
"4.684909567888488","149","16"
"3.1879254279085845","150","16"
"3.104898158781279","151","16"
"4.5646020398328275","152","16"
"6.457078282564237","153","16"
"7.295365760816085","154","16"
"6.347490357858213","155","16"
"4.323446856772936","156","16"
"2.966830559718613","157","16"
"3.314260772710295","158","16"
"5.055089231015972","159","16"
"6.8045597204987835","160","16"
"6.985286197490572","161","16"
"5.389974560040849","162","16"
"3.453401307821122","163","16"
"2.7135038772244284","164","16"
"3.70943611714164","165","16"
"5.826066088936928","166","16"
"7.2715158455811935","167","16"
"6.765908932997055","168","16"
"4.672699911098794","169","16"
"2.8471645630902556","170","16"
"2.7887609846102945","171","16"
"4.420526835226058","172","16"
"6.496338193876354","173","16"
"7.313221312328839","174","16"
"6.0284962605982875","175","16"
"3.688693151502527","176","16"
"2.420011786724024","177","16"
"3.149942655478089","178","16"
"5.3846520445489325","179","16"
"7.150401263323669","180","16"
"6.877562581929614","181","16"
"4.811557140913371","182","16"
"2.80315379967921","183","16"
"2.5942661489959375","184","16"
"4.164958974364303","185","16"
"6.291715803741795","186","16"
"7.265235040341812","187","16"
"6.061556211478809","188","16"
"3.641796193606619","189","16"
"2.3713254405178503","190","16"
"3.332388478511328","191","16"
"5.478913954206511","192","16"
"6.963113812017241","193","16"
"6.41651858188556","194","16"
"4.289641182234388","195","16"
"2.5849770108875174","196","16"
"2.786354806171661","197","16"
"4.56860316088024","198","16"
"6.535347207509133","199","16"
"7.045055600212419","200","16"
"5.433712297991116","201","16"
"3.1265154331390788","202","16"
"2.573077839976003","203","16"
"4.088634157965263","204","16"
"6.019010934443386","205","16"
"6.756298158002486","206","16"
"5.665437909935958","207","16"
"3.6552237495480893","208","16"
"2.5872354384705414","209","16"
"3.3499903445927526","210","16"
"5.274498206188405","211","16"
"6.795409621520995","212","16"
"6.487908728788658","213","16"
"4.497167016069263","214","16"
"2.8519572314690738","215","16"
"3.255182732482618","216","16"
"5.110344914792763","217","16"
"6.596369704751665","218","16"
"6.5790500985594935","219","16"
"5.138154831733177","220","16"
"3.3830882785941734","221","16"
"2.7856653602569854","222","16"
"3.8048566862211524","223","16"
"5.658479680962371","224","16"
"6.91336080220489","225","16"
"6.388781843434953","226","16"
"4.4892219228902865","227","16"
"3.114574097478676","228","16"
"3.6754722376775106","229","16"
"5.495794837928843","230","16"
"6.934855763944014","231","16"
"7.015710328862068","232","16"
"5.731344897138565","233","16"
"3.9954814251317496","234","16"
"3.0616183090958","235","16"
"3.5524375912350665","236","16"
"5.070282479375771","237","16"
"6.6491536979179955","238","16"
"7.256993051575622","239","16"
"6.3423162901599035","240","16"
"4.612305006523602","241","16"
"3.647054242333706","242","16"
"4.25510581361177","243","16"
"5.839487372436414","244","16"
"7.426924655913973","245","16"
"7.949533370963124","246","16"
"7.008201518869937","247","16"
"5.183589613708954","248","16"
"3.6768180249519493","249","16"
"3.50400946055721","250","16"
"4.521142728612823","251","16"
"5.989345071613884","252","16"
"7.113949315206122","253","16"
"7.411803192167985","254","16"
"6.841889113556008","255","16"
"5.936180550300559","256","16"
"5.304420542201229","257","16"
"5.162257038523401","258","16"
"5.312716892131276","259","16"
"5.480046826922513","260","16"
"5.738014593780917","261","16"
"6.146163787516933","262","16"
"6.649631100446732","263","16"
"7.052738644704089","264","16"
"7.171954070916639","265","16"
"6.929869869505207","266","16"
"6.37742245100301","267","16"
"5.599485621763471","268","16"
"5.020785942746741","269","16"
"5.118884147615168","270","16"
"5.7346940326887035","271","16"
"6.325845554449486","272","16"
"6.6011883340709145","273","16"
"6.6087905337547985","274","16"
"6.40507137526585","275","16"
"5.983561880105186","276","16"
"5.496761490932285","277","16"
"5.193459649638838","278","16"
"5.101922419085049","279","16"
"5.086120743852861","280","16"
"5.02436506783627","281","16"
"5.034783245501703","282","16"
"5.356034027999657","283","16"
"5.791630033979048","284","16"
"6.032134973886659","285","16"
"5.862185946098353","286","16"
"5.221014487271926","287","16"
"4.48137126481006","288","16"
"3.866607483671757","289","16"
"3.6440748323915897","290","16"
"3.6636438059728094","291","16"
"3.7434411159476615","292","16"
"3.7394124658493215","293","16"
"3.7319277002181264","294","16"
"3.816129658341324","295","16"
"4.013201770672861","296","16"
"4.340915956165712","297","16"
"4.681240537797196","298","16"
"4.960927680430129","299","16"
"5.1418123623474985","300","16"
"5.851825265817768","1","17"
"7.458893201889383","2","17"
"7.239573086311715","3","17"
"5.095485151265083","4","17"
"3.4168831505937507","5","17"
"3.71186250678222","6","17"
"5.581126532547051","7","17"
"7.425399755574008","8","17"
"7.658434217079387","9","17"
"5.946100068828312","10","17"
"3.5879221894111724","11","17"
"2.669768230088155","12","17"
"4.034481030101555","13","17"
"6.379574595541316","14","17"
"7.623636799769463","15","17"
"6.485093796214107","16","17"
"4.046653749177345","17","17"
"2.661430760816217","18","17"
"3.5727728481452585","19","17"
"6.021020903630068","20","17"
"8.15945945926365","21","17"
"8.048030921304495","22","17"
"5.395353875979615","23","17"
"2.5673517973831546","24","17"
"2.101183038004161","25","17"
"4.1943077304046446","26","17"
"6.8886787430002","27","17"
"7.9204013626402086","28","17"
"6.391316606934246","29","17"
"3.756567246204929","30","17"
"2.485923478258118","31","17"
"3.6052487649833256","32","17"
"6.107152683070159","33","17"
"8.031164324811124","34","17"
"7.5974869891406565","35","17"
"5.02679529063584","36","17"
"2.6874760307452994","37","17"
"2.777444279630739","38","17"
"4.891656921979423","39","17"
"6.986345543247769","40","17"
"7.250827241105936","41","17"
"5.646604554411793","42","17"
"3.6086208994874025","43","17"
"3.0225451771671894","44","17"
"4.426681494687772","45","17"
"6.528847563738332","46","17"
"7.538209624645508","47","17"
"6.368729543352012","48","17"
"4.027755578419351","49","17"
"2.6980318536653685","50","17"
"3.6314741933849315","51","17"
"5.935526125520291","52","17"
"7.359126527453371","53","17"
"6.629667311489558","54","17"
"4.476087080908043","55","17"
"2.82694029355627","56","17"
"3.231590335838045","57","17"
"5.26385038745258","58","17"
"7.243542148211213","59","17"
"7.504215079909459","60","17"
"5.543779367570873","61","17"
"3.1439657152059044","62","17"
"2.5210045493332918","63","17"
"4.158259309388031","64","17"
"6.495745099639922","65","17"
"7.449555626590091","66","17"
"6.305686622852828","67","17"
"4.058022201803263","68","17"
"2.772574076899626","69","17"
"3.5354385765220466","70","17"
"5.590255723384894","71","17"
"7.220720216523601","72","17"
"7.023239350056146","73","17"
"5.07083445427031","74","17"
"3.195189612663363","75","17"
"3.109669047847655","76","17"
"4.797427419938759","77","17"
"6.6487627157010305","78","17"
"7.0657407199976845","79","17"
"5.747210342197585","80","17"
"3.7870600259692435","81","17"
"2.896385634975514","82","17"
"3.894389523092244","83","17"
"5.878327030135643","84","17"
"7.169353795245519","85","17"
"6.591307844071059","86","17"
"4.599728411877881","87","17"
"3.0980730449653384","88","17"
"3.3719418007206676","89","17"
"5.0110437949395195","90","17"
"6.674039959956145","91","17"
"7.119382643839746","92","17"
"5.83491232294752","93","17"
"3.752399905444956","94","17"
"2.6935733670566657","95","17"
"3.5408827076946414","96","17"
"5.645292917099264","97","17"
"7.208769123731225","98","17"
"6.984260304757286","99","17"
"5.033183075857938","100","17"
"3.2960881144083807","101","17"
"3.2144874773633","102","17"
"4.5367875927954255","103","17"
"6.18506826044999","104","17"
"7.210682218536162","105","17"
"6.790476694370048","106","17"
"4.9483918566573","107","17"
"3.1077402719377587","108","17"
"2.8471480108127993","109","17"
"4.344041374618442","110","17"
"6.475420296799704","111","17"
"7.536336255306465","112","17"
"6.6992272992094986","113","17"
"4.685503010593917","114","17"
"3.3258815168915454","115","17"
"3.496870027704101","116","17"
"4.8196329099670026","117","17"
"6.452818597519508","118","17"
"7.518485582359698","119","17"
"7.2161936042255785","120","17"
"5.430293817110162","121","17"
"3.414068218019199","122","17"
"2.8418683570077694","123","17"
"3.9931456374309304","124","17"
"6.005586514722908","125","17"
"7.661783004160526","126","17"
"7.8167095333985825","127","17"
"6.250901720693791","128","17"
"4.232955033216382","129","17"
"3.3022459100910866","130","17"
"3.865674283692226","131","17"
"5.365077146994729","132","17"
"7.055367494833133","133","17"
"8.119386918245683","134","17"
"7.82579969570853","135","17"
"5.981062660443799","136","17"
"3.747297622360457","137","17"
"2.888454829025499","138","17"
"3.7267546779268144","139","17"
"5.42283832287489","140","17"
"7.14122886232994","141","17"
"8.183025023795294","142","17"
"7.925069453351857","143","17"
"6.363225823980575","144","17"
"4.482243482714752","145","17"
"3.454695521683697","146","17"
"3.749601350913361","147","17"
"5.009343266224019","148","17"
"6.597056885617847","149","17"
"7.887944263128092","150","17"
"8.299723109958503","151","17"
"7.606228682451526","152","17"
"6.187097046962622","153","17"
"4.933866623368734","154","17"
"4.281087662183021","155","17"
"4.116428045331719","156","17"
"4.580903419609693","157","17"
"5.661755986491701","158","17"
"6.752050320903726","159","17"
"7.393921157011302","160","17"
"7.543006648886815","161","17"
"6.903324198093447","162","17"
"5.534988540131135","163","17"
"4.4647113104331435","164","17"
"3.9473494931031095","165","17"
"4.130896478173434","166","17"
"5.0799605088871616","167","17"
"6.324322047985517","168","17"
"7.200242087323788","169","17"
"7.284587614674605","170","17"
"6.459806097889019","171","17"
"5.2177604837585365","172","17"
"4.113052077668652","173","17"
"3.7651820968001335","174","17"
"4.242616684684817","175","17"
"5.097863103714791","176","17"
"5.553699931505623","177","17"
"5.369430570200209","178","17"
"4.873629923719124","179","17"
"4.423550849200056","180","17"
"4.063091728801849","181","17"
"3.918780959151703","182","17"
"3.8786491784038937","183","17"
"3.7764759770602496","184","17"
"3.809473203520937","185","17"
"4.098569706066972","186","17"
"4.549693839114275","187","17"
"4.994623935702967","188","17"
"5.100447001342953","189","17"
"4.97066634354736","190","17"
"4.919822974236894","191","17"
"4.834919199549554","192","17"
"4.389536093262061","193","17"
"3.777441584656694","194","17"
"3.4416540693932056","195","17"
"3.4230085386595426","196","17"
"3.6545978992257453","197","17"
"4.119503284248581","198","17"
"4.712805208202674","199","17"
"5.231586339765952","200","17"
"5.573030203822474","201","17"
"5.800864810923612","202","17"
"5.852871369753","203","17"
"5.646716761429496","204","17"
"5.181146846025418","205","17"
"4.557534043124529","206","17"
"4.12869101787827","207","17"
"3.991261117083917","208","17"
"4.0987366227175315","209","17"
"4.225995061897799","210","17"
"4.3294112521611545","211","17"
"4.527380672165317","212","17"
"4.859199125529308","213","17"
"5.256510236456002","214","17"
"5.5711317447154975","215","17"
"5.687552101086443","216","17"
"5.610845711133412","217","17"
"5.391479249178867","218","17"
"5.078796273961243","219","17"
"4.722741453242382","220","17"
"4.39841752264156","221","17"
"4.198325577964013","222","17"
"4.17945737553994","223","17"
"4.331785022982873","224","17"
"4.59656535877325","225","17"
"4.906028480439395","226","17"
"5.195689851232936","227","17"
"5.413181549972442","228","17"
"5.521902483808761","229","17"
"5.495716083935052","230","17"
"5.327932094038016","231","17"
"5.053531923059094","232","17"
"4.751355288163668","233","17"
"4.506917875601462","234","17"
"4.375407069225447","235","17"
"4.36830875571423","236","17"
"4.464472260699775","237","17"
"4.633294339745063","238","17"
"4.8467511159442465","239","17"
"5.0753307497654125","240","17"
"5.280727089546923","241","17"
"5.417020284466284","242","17"
"5.446383676204587","243","17"
"5.355625622332738","244","17"
"5.170702881654053","245","17"
"4.94719347176947","246","17"
"4.7439520642782576","247","17"
"4.602308127878055","248","17"
"4.540259389433239","249","17"
"4.558299281046504","250","17"
"4.646851177685192","251","17"
"4.788793055079606","252","17"
"4.9585169718945075","253","17"
"5.1226779296081295","254","17"
"5.246585490893263","255","17"
"5.303919443780555","256","17"
"5.283329107563038","257","17"
"5.191265340351643","258","17"
"5.049679946743286","259","17"
"4.889952211635934","260","17"
"4.745711135785603","261","17"
"4.645981050594494","262","17"
"4.609476832127086","263","17"
"4.641629021265009","264","17"
"4.733650623727516","265","17"
"4.8641881561891065","266","17"
"5.003948966118292","267","17"
"5.12208832006169","268","17"
"5.193011518506023","269","17"
"5.201996791647248","270","17"
"5.147996641674135","271","17"
"5.042976448608024","272","17"
"4.9086350285524984","273","17"
"4.771837947460471","274","17"
"4.659059789067887","275","17"
"4.592186845799836","276","17"
"4.580432289522939","277","17"
"4.619911736304474","278","17"
"4.695765771085761","279","17"
"4.785879854247314","280","17"
"4.866937228122833","281","17"
"4.921047494299654","282","17"
"4.939388114659124","283","17"
"4.917294483179584","284","17"
"4.858788629048394","285","17"
"4.774567853599247","286","17"
"4.680503525864146","287","17"
"4.5956342496077145","288","17"
"4.536790032078419","289","17"
"4.513624161488718","290","17"
"4.527242678441682","291","17"
"4.570400563977484","292","17"
"4.629730198822495","293","17"
"4.689992336709038","294","17"
"4.73801031937498","295","17"
"4.764697469200364","296","17"
"4.7653191378947195","297","17"
"4.740066634938539","298","17"
"4.694881008297102","299","17"
"4.640642157059621","300","17"
"5.851825265817768","1","18"
"7.458893201889383","2","18"
"7.239573086311715","3","18"
"5.095485151265083","4","18"
"3.4168831505937507","5","18"
"3.71186250678222","6","18"
"5.581126532547051","7","18"
"7.425399755574008","8","18"
"7.658434217079387","9","18"
"5.946100068828312","10","18"
"3.5879221894111724","11","18"
"2.669768230088155","12","18"
"4.034481030101555","13","18"
"6.379574595541316","14","18"
"7.623636799769463","15","18"
"6.485093796214107","16","18"
"4.046653749177345","17","18"
"2.661430760816217","18","18"
"3.5727728481452585","19","18"
"6.021020903630068","20","18"
"8.15945945926365","21","18"
"8.048030921304495","22","18"
"5.395353875979615","23","18"
"2.5673517973831546","24","18"
"2.101183038004161","25","18"
"4.1943077304046446","26","18"
"6.8886787430002","27","18"
"7.9204013626402086","28","18"
"6.391316606934246","29","18"
"3.756567246204929","30","18"
"2.485923478258118","31","18"
"3.6052487649833256","32","18"
"6.107152683070159","33","18"
"8.031164324811124","34","18"
"7.5974869891406565","35","18"
"5.02679529063584","36","18"
"2.6874760307452994","37","18"
"2.777444279630739","38","18"
"4.891656921979423","39","18"
"6.986345543247769","40","18"
"7.250827241105936","41","18"
"5.646604554411793","42","18"
"3.6086208994874025","43","18"
"3.0225451771671894","44","18"
"4.426681494687772","45","18"
"6.528847563738332","46","18"
"7.538209624645508","47","18"
"6.368729543352012","48","18"
"4.027755578419351","49","18"
"2.6980318536653685","50","18"
"3.6314741933849315","51","18"
"5.935526125520291","52","18"
"7.359126527453371","53","18"
"6.629667311489558","54","18"
"4.476087080908043","55","18"
"2.82694029355627","56","18"
"3.231590335838045","57","18"
"5.26385038745258","58","18"
"7.243542148211213","59","18"
"7.504215079909459","60","18"
"5.543779367570873","61","18"
"3.1439657152059044","62","18"
"2.5210045493332918","63","18"
"4.158259309388031","64","18"
"6.495745099639922","65","18"
"7.449555626590091","66","18"
"6.305686622852828","67","18"
"4.058022201803263","68","18"
"2.772574076899626","69","18"
"3.5354385765220466","70","18"
"5.590255723384894","71","18"
"7.220720216523601","72","18"
"7.023239350056146","73","18"
"5.07083445427031","74","18"
"3.195189612663363","75","18"
"3.109669047847655","76","18"
"4.797427419938759","77","18"
"6.6487627157010305","78","18"
"7.0657407199976845","79","18"
"5.747210342197585","80","18"
"3.7870600259692435","81","18"
"2.896385634975514","82","18"
"3.894389523092244","83","18"
"5.878327030135643","84","18"
"7.169353795245519","85","18"
"6.591307844071059","86","18"
"4.599728411877881","87","18"
"3.0980730449653384","88","18"
"3.3719418007206676","89","18"
"5.0110437949395195","90","18"
"6.674039959956145","91","18"
"7.119382643839746","92","18"
"5.83491232294752","93","18"
"3.752399905444956","94","18"
"2.6935733670566657","95","18"
"3.5408827076946414","96","18"
"5.645292917099264","97","18"
"7.208769123731225","98","18"
"6.984260304757286","99","18"
"5.033183075857938","100","18"
"3.2960881144083807","101","18"
"3.2144874773633","102","18"
"4.5367875927954255","103","18"
"6.18506826044999","104","18"
"7.210682218536162","105","18"
"6.790476694370048","106","18"
"4.9483918566573","107","18"
"3.1077402719377587","108","18"
"2.8471480108127993","109","18"
"4.344041374618442","110","18"
"6.475420296799704","111","18"
"7.536336255306465","112","18"
"6.6992272992094986","113","18"
"4.685503010593917","114","18"
"3.3258815168915454","115","18"
"3.496870027704101","116","18"
"4.8196329099670026","117","18"
"6.452818597519508","118","18"
"7.518485582359698","119","18"
"7.2161936042255785","120","18"
"5.430293817110162","121","18"
"3.414068218019199","122","18"
"2.8418683570077694","123","18"
"3.9931456374309304","124","18"
"6.005586514722908","125","18"
"7.661783004160526","126","18"
"7.8167095333985825","127","18"
"6.250901720693791","128","18"
"4.232955033216382","129","18"
"3.3022459100910866","130","18"
"3.865674283692226","131","18"
"5.365077146994729","132","18"
"7.055367494833133","133","18"
"8.119386918245683","134","18"
"7.82579969570853","135","18"
"5.981062660443799","136","18"
"3.747297622360457","137","18"
"2.888454829025499","138","18"
"3.7267546779268144","139","18"
"5.42283832287489","140","18"
"7.14122886232994","141","18"
"8.183025023795294","142","18"
"7.925069453351857","143","18"
"6.363225823980575","144","18"
"4.482243482714752","145","18"
"3.454695521683697","146","18"
"3.749601350913361","147","18"
"5.009343266224019","148","18"
"6.597056885617847","149","18"
"7.887944263128092","150","18"
"8.299723109958503","151","18"
"7.606228682451526","152","18"
"6.187097046962622","153","18"
"4.933866623368734","154","18"
"4.281087662183021","155","18"
"4.116428045331719","156","18"
"4.580903419609693","157","18"
"5.661755986491701","158","18"
"6.752050320903726","159","18"
"7.393921157011302","160","18"
"7.543006648886815","161","18"
"6.903324198093447","162","18"
"5.534988540131135","163","18"
"4.4647113104331435","164","18"
"3.9473494931031095","165","18"
"4.130896478173434","166","18"
"5.0799605088871616","167","18"
"6.324322047985517","168","18"
"7.200242087323788","169","18"
"7.284587614674605","170","18"
"6.459806097889019","171","18"
"5.2177604837585365","172","18"
"4.113052077668652","173","18"
"3.7651820968001335","174","18"
"4.242616684684817","175","18"
"5.097863103714791","176","18"
"5.553699931505623","177","18"
"5.369430570200209","178","18"
"4.873629923719124","179","18"
"4.423550849200056","180","18"
"4.063091728801849","181","18"
"3.918780959151703","182","18"
"3.8786491784038937","183","18"
"3.7764759770602496","184","18"
"3.809473203520937","185","18"
"4.098569706066972","186","18"
"4.549693839114275","187","18"
"4.994623935702967","188","18"
"5.100447001342953","189","18"
"4.97066634354736","190","18"
"4.919822974236894","191","18"
"4.834919199549554","192","18"
"4.389536093262061","193","18"
"3.777441584656694","194","18"
"3.4416540693932056","195","18"
"3.4230085386595426","196","18"
"3.6545978992257453","197","18"
"4.119503284248581","198","18"
"4.712805208202674","199","18"
"5.231586339765952","200","18"
"5.573030203822474","201","18"
"5.800864810923612","202","18"
"5.852871369753","203","18"
"5.646716761429496","204","18"
"5.181146846025418","205","18"
"4.557534043124529","206","18"
"4.12869101787827","207","18"
"3.991261117083917","208","18"
"4.0987366227175315","209","18"
"4.225995061897799","210","18"
"4.3294112521611545","211","18"
"4.527380672165317","212","18"
"4.859199125529308","213","18"
"5.256510236456002","214","18"
"5.5711317447154975","215","18"
"5.687552101086443","216","18"
"5.610845711133412","217","18"
"5.391479249178867","218","18"
"5.078796273961243","219","18"
"4.722741453242382","220","18"
"4.39841752264156","221","18"
"4.198325577964013","222","18"
"4.17945737553994","223","18"
"4.331785022982873","224","18"
"4.59656535877325","225","18"
"4.906028480439395","226","18"
"5.195689851232936","227","18"
"5.413181549972442","228","18"
"5.521902483808761","229","18"
"5.495716083935052","230","18"
"5.327932094038016","231","18"
"5.053531923059094","232","18"
"4.751355288163668","233","18"
"4.506917875601462","234","18"
"4.375407069225447","235","18"
"4.36830875571423","236","18"
"4.464472260699775","237","18"
"4.633294339745063","238","18"
"4.8467511159442465","239","18"
"5.0753307497654125","240","18"
"5.280727089546923","241","18"
"5.417020284466284","242","18"
"5.446383676204587","243","18"
"5.355625622332738","244","18"
"5.170702881654053","245","18"
"4.94719347176947","246","18"
"4.7439520642782576","247","18"
"4.602308127878055","248","18"
"4.540259389433239","249","18"
"4.558299281046504","250","18"
"4.646851177685192","251","18"
"4.788793055079606","252","18"
"4.9585169718945075","253","18"
"5.1226779296081295","254","18"
"5.246585490893263","255","18"
"5.303919443780555","256","18"
"5.283329107563038","257","18"
"5.191265340351643","258","18"
"5.049679946743286","259","18"
"4.889952211635934","260","18"
"4.745711135785603","261","18"
"4.645981050594494","262","18"
"4.609476832127086","263","18"
"4.641629021265009","264","18"
"4.733650623727516","265","18"
"4.8641881561891065","266","18"
"5.003948966118292","267","18"
"5.12208832006169","268","18"
"5.193011518506023","269","18"
"5.201996791647248","270","18"
"5.147996641674135","271","18"
"5.042976448608024","272","18"
"4.9086350285524984","273","18"
"4.771837947460471","274","18"
"4.659059789067887","275","18"
"4.592186845799836","276","18"
"4.580432289522939","277","18"
"4.619911736304474","278","18"
"4.695765771085761","279","18"
"4.785879854247314","280","18"
"4.866937228122833","281","18"
"4.921047494299654","282","18"
"4.939388114659124","283","18"
"4.917294483179584","284","18"
"4.858788629048394","285","18"
"4.774567853599247","286","18"
"4.680503525864146","287","18"
"4.5956342496077145","288","18"
"4.536790032078419","289","18"
"4.513624161488718","290","18"
"4.527242678441682","291","18"
"4.570400563977484","292","18"
"4.629730198822495","293","18"
"4.689992336709038","294","18"
"4.73801031937498","295","18"
"4.764697469200364","296","18"
"4.7653191378947195","297","18"
"4.740066634938539","298","18"
"4.694881008297102","299","18"
"4.640642157059621","300","18"
"3.5287138217778407","1","19"
"4.2056434269446505","2","19"
"5.791877098499394","3","19"
"6.8023357913466675","4","19"
"6.182682641682303","5","19"
"4.488097761899262","6","19"
"3.235815173982866","7","19"
"3.4245891940393602","8","19"
"5.108606054487365","9","19"
"6.750447363507967","10","19"
"6.70404523159075","11","19"
"4.987664312853383","12","19"
"3.2271128576688928","13","19"
"3.034993186752251","14","19"
"4.5116040867010625","15","19"
"6.470091508865804","16","19"
"7.1514836080348045","17","19"
"5.799190417383042","18","19"
"3.5478782228511307","19","19"
"2.3623387735006296","20","19"
"3.2200692537905304","21","19"
"5.498495124202698","22","19"
"7.255245828014244","23","19"
"6.939537096477626","24","19"
"4.786295926232214","25","19"
"2.7980097003148217","26","19"
"2.6972922282148253","27","19"
"4.393775567104843","28","19"
"6.484696541555158","29","19"
"7.190245905616238","30","19"
"5.834298320571145","31","19"
"3.55525182687162","32","19"
"2.39669171860223","33","19"
"3.3713591605542095","34","19"
"5.619554299889369","35","19"
"7.09480861002477","36","19"
"6.5552224853405425","37","19"
"4.446743203433687","38","19"
"2.730864428523992","39","19"
"2.89180675232763","40","19"
"4.668706804838361","41","19"
"6.602831713870566","42","19"
"6.959847263619884","43","19"
"5.3288287047726435","44","19"
"3.1465736571950034","45","19"
"2.4414823556332115","46","19"
"3.8649487712361457","47","19"
"6.11636202177779","48","19"
"7.152331084640562","49","19"
"6.105171288341401","50","19"
"3.8110231936288357","51","19"
"2.4496549990685863","52","19"
"3.069297868897479","53","19"
"5.073262237786886","54","19"
"6.874886340016696","55","19"
"6.860407453105007","56","19"
"4.888524882615711","57","19"
"2.7791218093923002","58","19"
"2.5352590222095737","59","19"
"4.3572939991223745","60","19"
"6.493114855634882","61","19"
"7.098839002468105","62","19"
"5.726984504553103","63","19"
"3.514172907384317","64","19"
"2.5280981585130218","65","19"
"3.426306449266816","66","19"
"5.402604818912429","67","19"
"6.895860689071196","68","19"
"6.5280809319403605","69","19"
"4.466582588958191","70","19"
"2.703443402986549","71","19"
"2.9214037925298144","72","19"
"4.903808732915269","73","19"
"6.782561569524992","74","19"
"6.963596093111965","75","19"
"5.3306557277348094","76","19"
"3.268697754142857","77","19"
"2.6478380305691838","78","19"
"3.7477328601403053","79","19"
"5.657141908474911","80","19"
"6.942659378709364","81","19"
"6.380639516802498","82","19"
"4.279337302400652","83","19"
"2.677320772939671","84","19"
"3.147796783381767","85","19"
"5.146820210333248","86","19"
"6.9392938651162694","87","19"
"7.101487366861098","88","19"
"5.515653737717296","89","19"
"3.484003158382148","90","19"
"2.78846408902308","91","19"
"3.7401243880144377","92","19"
"5.496525925888909","93","19"
"6.840507085505664","94","19"
"6.6434025655572135","95","19"
"4.862527004470502","96","19"
"3.1058473883347673","97","19"
"3.173352105898146","98","19"
"4.806178173443604","99","19"
"6.67335765765595","100","19"
"7.400704454547354","101","19"
"6.450677603989174","102","19"
"4.488512091539165","103","19"
"3.118705894400743","104","19"
"3.30906997850003","105","19"
"4.7295616884923355","106","19"
"6.333240066609919","107","19"
"7.078634072963569","108","19"
"6.39578955500641","109","19"
"4.666153224013118","110","19"
"3.3818884998303482","111","19"
"3.771746207335765","112","19"
"5.380678801021446","113","19"
"7.03352476103293","114","19"
"7.714390672013324","115","19"
"7.003413554822606","116","19"
"5.2816599410574545","117","19"
"3.601087696665336","118","19"
"3.2594030405304513","119","19"
"4.288093282940483","120","19"
"5.896340786573978","121","19"
"7.172006341266501","122","19"
"7.467906004081534","123","19"
"6.7669592185602765","124","19"
"5.579292888673903","125","19"
"4.553474727754271","126","19"
"4.234454843788414","127","19"
"4.807571352501918","128","19"
"5.943416857535412","129","19"
"6.984287485339214","130","19"
"7.347573386257941","131","19"
"6.691688520883447","132","19"
"5.427489338605583","133","19"
"4.432038857079596","134","19"
"4.183299246254774","135","19"
"4.469350826686867","136","19"
"4.824127811586108","137","19"
"4.798497916703926","138","19"
"4.471547575257054","139","19"
"3.9354349895556355","140","19"
"3.774399450294744","141","19"
"4.014331158698872","142","19"
"4.385249227635404","143","19"
"4.4751235641255915","144","19"
"4.359058646133706","145","19"
"4.49879715404695","146","19"
"4.7876291686226855","147","19"
"4.85406617717289","148","19"
"4.965212455242791","149","19"
"5.040171970103445","150","19"
"4.945500957840949","151","19"
"4.909719464077629","152","19"
"4.899146217707606","153","19"
"4.705321487978476","154","19"
"4.3935873938453405","155","19"
"4.1600371982213264","156","19"
"4.104057047395453","157","19"
"4.22060529188906","158","19"
"4.473719930997306","159","19"
"4.750161084903828","160","19"
"4.917622740976716","161","19"
"4.9805736656601445","162","19"
"5.0201890153513204","163","19"
"5.043856332830695","164","19"
"5.014186288373204","165","19"
"4.925223546784604","166","19"
"4.796494916897227","167","19"
"4.659298141863256","168","19"
"4.560637856499317","169","19"
"4.533276419160717","170","19"
"4.557097411468685","171","19"
"4.619438515403727","172","19"
"4.737346834400736","173","19"
"4.907861427374545","174","19"
"5.076915586773219","175","19"
"5.178461195449524","176","19"
"5.184198389050343","177","19"
"5.103398185296145","178","19"
"4.976010464117219","179","19"
"4.836982832962094","180","19"
"4.694157935124015","181","19"
"4.5748512100337075","182","19"
"4.515812546802927","183","19"
"4.5409047540195315","184","19"
"4.645362169652132","185","19"
"4.799385815713577","186","19"
"4.956052947602028","187","19"
"5.0763224925367885","188","19"
"5.134220616733587","189","19"
"5.119220420199278","190","19"
"5.04053263551749","191","19"
"4.907143581236444","192","19"
"4.73675164935031","193","19"
"4.565677066694983","194","19"
"4.439569969087668","195","19"
"4.384599681421123","196","19"
"4.40094183207088","197","19"
"4.475461230585698","198","19"
"4.590338914697726","199","19"
"4.723698000644851","200","19"
"4.845698391098032","201","19"
"4.922429870818996","202","19"
"4.92983936714639","203","19"
"4.865879276241632","204","19"
"4.750525583476864","205","19"
"4.617986793553568","206","19"
"4.5044402610180185","207","19"
"4.433747052113076","208","19"
"4.412477201347357","209","19"
"4.435496018019449","210","19"
"4.4925679222194335","211","19"
"4.569082654222971","212","19"
"4.647621991111152","213","19"
"4.712438270346645","214","19"
"4.752863810460677","215","19"
"4.763552051600395","216","19"
"4.743721377800868","217","19"
"4.697321336697645","218","19"
"4.632719714365584","219","19"
"4.560847286367762","220","19"
"4.4941910908171385","221","19"
"4.446627860194993","222","19"
"4.429667177071872","223","19"
"4.447268346215298","224","19"
"4.49471936981974","225","19"
"4.560943812280507","226","19"
"4.631696957853291","227","19"
"4.69206642419155","228","19"
"4.728710727196587","229","19"
"4.732513220914526","230","19"
"4.701516903446543","231","19"
"4.64290616014663","232","19"
"4.57188713272755","233","19"
"4.507405035262173","234","19"
"4.465869969855078","235","19"
"4.456561665951708","236","19"
"4.48031714608785","237","19"
"4.530674052675602","238","19"
"4.595892116667032","239","19"
"4.66128058199901","240","19"
"4.712088059002571","241","19"
"4.737030076080574","242","19"
"4.731595353570954","243","19"
"4.699324684973344","244","19"
"4.650378380893859","245","19"
"4.598027534693381","246","19"
"4.55483933235466","247","19"
"4.529835287794822","248","19"
"4.527235360592702","249","19"
"4.546326234707186","250","19"
"4.582079154012582","251","19"
"4.626388729590336","252","19"
"4.669932370308118","253","19"
"4.70414854132758","254","19"
"4.723087134489467","255","19"
"4.724480313547781","256","19"
"4.709683971377933","257","19"
"4.683198585103015","258","19"
"4.651605688708611","259","19"
"4.622176436329482","260","19"
"4.601272129543796","261","19"
"4.592999823974685","262","19"
"4.598478802047188","263","19"
"4.615916887699045","264","19"
"4.641386486841651","265","19"
"4.669905538195189","266","19"
"4.696449467261952","267","19"
"4.716703530895359","268","19"
"4.727619322291475","269","19"
"4.727933989797642","270","19"
"4.718443088138756","271","19"
"4.701921824423472","272","19"
"4.682533009314776","273","19"
"4.664811269897668","274","19"
"4.652610673301952","275","19"
"4.648434272348003","276","19"
"4.653147315560532","277","19"
"4.666002685405516","278","19"
"4.6848294200186995","279","19"
"4.7064083627866005","280","19"
"4.726966988325201","281","19"
"4.742821979314248","282","19"
"4.751099860387344","283","19"
"4.750389680567223","284","19"
"4.741065695558895","285","19"
"4.725242415248764","286","19"
"4.706376303638685","287","19"
"4.688636095364626","288","19"
"4.676106544033781","289","19"
"4.671912371160879","290","19"
"4.6774725425101655","291","19"
"4.692134027177371","292","19"
"4.713146359352772","293","19"
"4.736224415754705","294","19"
"4.756621351677734","295","19"
"4.770245095665685","296","19"
"4.774516977125382","297","19"
"4.768911504806214","298","19"
"4.755048014146897","299","19"
"4.736296200368516","300","19"