"nusselt","time","episode"
"30.609199772216474","1.5","0"
"18.589460329366325","3","0"
"10.589279428670219","4.5","0"
"23.342148859920467","6","0"
"19.93261492051727","7.5","0"
"13.08187208086719","9","0"
"23.233480544903006","10.5","0"
"25.416609204261338","12","0"
"8.090163436810508","13.5","0"
"10.390093677624774","15","0"
"30.45214827902204","16.5","0"
"24.564536292405965","18","0"
"9.34812781175687","19.5","0"
"14.698234207847712","21","0"
"23.40663479054483","22.5","0"
"7.93792081580335","24","0"
"15.33010084746076","25.5","0"
"25.798715915820264","27","0"
"20.85240755530845","28.5","0"
"7.658624655387383","30","0"
"20.55808715399724","31.5","0"
"24.01833204449125","33","0"
"12.413022426382","34.5","0"
"13.001977722276093","36","0"
"24.22356634618819","37.5","0"
"13.554094617932664","39","0"
"10.462810446007362","40.5","0"
"23.22714537849977","42","0"
"20.630011155406923","43.5","0"
"10.949453501427179","45","0"
"18.29431754121729","46.5","0"
"27.832121385034768","48","0"
"16.766064929481125","49.5","0"
"3.5586028790012527","51","0"
"23.5326464076464","52.5","0"
"27.659223264107265","54","0"
"11.159250133494547","55.5","0"
"9.34491144289538","57","0"
"27.214907866832945","58.5","0"
"23.427812993963794","60","0"
"7.2291623136125125","61.5","0"
"16.76024549719652","63","0"
"24.63792386361178","64.5","0"
"13.235235029706383","66","0"
"16.89858594748547","67.5","0"
"26.927565557228267","69","0"
"14.85993601983484","70.5","0"
"8.407688388770321","72","0"
"21.183453104432488","73.5","0"
"24.89003421506468","75","0"
"13.483299656079991","76.5","0"
"16.518162341192088","78","0"
"25.14722872921413","79.5","0"
"11.80907338063008","81","0"
"14.481570122981015","82.5","0"
"25.97260194636015","84","0"
"25.911508361441808","85.5","0"
"3.468096550422612","87","0"
"10.642393944682174","88.5","0"
"30.376739587621575","90","0"
"17.762522486414447","91.5","0"
"4.342476051874583","93","0"
"15.672929875788617","94.5","0"
"30.6341327291005","96","0"
"17.694811475203615","97.5","0"
"12.923088696747339","99","0"
"20.031470348520692","100.5","0"
"13.583881747973846","102","0"
"17.77071847727276","103.5","0"
"27.099770224847607","105","0"
"22.906935472902063","106.5","0"
"0.4238289048185268","108","0"
"12.235517545286687","109.5","0"
"34.15139760191364","111","0"
"19.104690910298","112.5","0"
"5.3569860453051374","114","0"
"14.110080390651497","115.5","0"
"29.872278441106406","117","0"
"16.643936999374283","118.5","0"
"7.820069471487692","120","0"
"25.574176431574404","121.5","0"
"26.178001770831653","123","0"
"11.75894959980271","124.5","0"
"18.557620716920574","126","0"
"28.230175780336495","127.5","0"
"11.53584058079807","129","0"
"13.516820631446294","130.5","0"
"26.871092671237697","132","0"
"25.401238236712008","133.5","0"
"14.14541863184799","135","0"
"16.555112251509318","136.5","0"
"26.64237852838289","138","0"
"17.82224310347642","139.5","0"
"7.741778070292354","141","0"
"20.309698451454487","142.5","0"
"22.22551479927514","144","0"
"7.622979761471701","145.5","0"
"14.744596265830035","147","0"
"31.39051953849906","148.5","0"
"25.427610370562228","150","0"
"9.438742819104599","151.5","0"
"15.340453861423365","153","0"
"30.550866061770826","154.5","0"
"10.38509140514301","156","0"
"4.8766058489712485","157.5","0"
"25.702597711804597","159","0"
"28.660688320557334","160.5","0"
"9.435891471519643","162","0"
"14.82973246933976","163.5","0"
"28.986740308924585","165","0"
"15.880849131123451","166.5","0"
"8.939812746777292","168","0"
"18.04829320083328","169.5","0"
"34.62005704346354","171","0"
"16.782702581842102","172.5","0"
"5.213897269317508","174","0"
"16.60044632594436","175.5","0"
"19.357212455169815","177","0"
"17.472078802717974","178.5","0"
"27.086838540291822","180","0"
"22.7655406918362","181.5","0"
"3.3572293960209723","183","0"
"5.915276504866622","184.5","0"
"30.557716962292698","186","0"
"34.15656191247997","187.5","0"
"5.422397161122056","189","0"
"4.364135142512272","190.5","0"
"23.731597813289962","192","0"
"31.695370672962408","193.5","0"
"19.918346857350024","195","0"
"11.061931453777056","196.5","0"
"12.569332551780896","198","0"
"13.478095271578763","199.5","0"
"20.825254850900297","201","0"
"31.002105538056824","202.5","0"
"13.552715551868813","204","0"
"9.152295203655052","205.5","0"
"26.280361054620805","207","0"
"35.83426242385069","208.5","0"
"14.454738010052015","210","0"
"7.354883394686098","211.5","0"
"20.95613980695397","213","0"
"29.097114379692528","214.5","0"
"15.307234311741265","216","0"
"12.339033746152777","217.5","0"
"22.025666085958946","219","0"
"17.459025154012515","220.5","0"
"15.15347585058812","222","0"
"22.294600520687332","223.5","0"
"27.12298000253119","225","0"
"15.441337379001421","226.5","0"
"13.569320099674878","228","0"
"23.39024280882821","229.5","0"
"19.834311815877385","231","0"
"7.433978888096807","232.5","0"
"18.16096019761516","234","0"
"34.68328674334623","235.5","0"
"14.919529445712152","237","0"
"4.537971080633544","238.5","0"
"15.155719990942181","240","0"
"28.899170049456302","241.5","0"
"19.28740366058453","243","0"
"9.085732397796182","244.5","0"
"17.122365769313333","246","0"
"28.013241631995513","247.5","0"
"21.472192774723467","249","0"
"19.074023896034145","250.5","0"
"17.915401063344923","252","0"
"13.123514126257003","253.5","0"
"12.702775270287798","255","0"
"26.947769789794805","256.5","0"
"23.41780670665527","258","0"
"4.343982744709347","259.5","0"
"11.383283466519243","261","0"
"24.93675345377106","262.5","0"
"22.801218690306793","264","0"
"14.985876200791596","265.5","0"
"21.05649016696344","267","0"
"22.335073452585238","268.5","0"
"11.14037531015949","270","0"
"12.121923620967262","271.5","0"
"27.13440804335595","273","0"
"24.88128590084283","274.5","0"
"8.769130888683925","276","0"
"11.273536639949638","277.5","0"
"29.637211708398404","279","0"
"23.795108030716914","280.5","0"
"9.237624807459266","282","0"
"16.14474121943518","283.5","0"
"24.527748420173307","285","0"
"18.00046757305483","286.5","0"
"12.406364926154616","288","0"
"27.52167209610123","289.5","0"
"21.699108817543035","291","0"
"5.617828594288685","292.5","0"
"15.090003964751068","294","0"
"32.1854261110557","295.5","0"
"24.011068208205472","297","0"
"3.7031983478236454","298.5","0"
"11.65353250054665","300","0"
"33.237171759382726","1.5","1"
"21.451819534692376","3","1"
"3.0208185132767578","4.5","1"
"20.076943810555367","6","1"
"33.41430203630403","7.5","1"
"20.13040418204891","9","1"
"3.9292419113867725","10.5","1"
"19.335764188276567","12","1"
"22.856890097599486","13.5","1"
"19.18793492714273","15","1"
"19.094390166685255","16.5","1"
"19.679039256923243","18","1"
"10.034273725011293","19.5","1"
"16.62732025515325","21","1"
"27.926103474086084","22.5","1"
"16.299456227990795","24","1"
"13.219919817196908","25.5","1"
"25.85702697578097","27","1"
"23.89347385977663","28.5","1"
"10.001822549472159","30","1"
"13.013178387078957","31.5","1"
"28.228524037280863","33","1"
"15.35836516797597","34.5","1"
"6.881851538370265","36","1"
"16.509596973194753","37.5","1"
"29.500434141570324","39","1"
"18.268955967464397","40.5","1"
"9.584082269240023","42","1"
"26.192336043108725","43.5","1"
"19.39333997864922","45","1"
"10.964616258749558","46.5","1"
"16.02740125337567","48","1"
"23.95812182848557","49.5","1"
"16.781063035201438","51","1"
"15.234832907802843","52.5","1"
"19.99506230749703","54","1"
"11.0788078074024","55.5","1"
"17.222230015069087","57","1"
"24.781838075540975","58.5","1"
"22.866917293047955","60","1"
"7.483505044590759","61.5","1"
"11.230413601313744","63","1"
"25.73552803221746","64.5","1"
"23.213243207781556","66","1"
"12.98770878793635","67.5","1"
"18.130390754671048","69","1"
"19.236856489923284","70.5","1"
"9.731641466899573","72","1"
"19.05683043561964","73.5","1"
"23.414808130918207","75","1"
"10.294362274198084","76.5","1"
"16.431972018960153","78","1"
"26.326928709312583","79.5","1"
"19.351149094585857","81","1"
"7.4217563379541485","82.5","1"
"19.071574158970627","84","1"
"32.58902639047775","85.5","1"
"14.66397970523835","87","1"
"10.184336672429218","88.5","1"
"19.470288903025608","90","1"
"23.08671411421636","91.5","1"
"12.728185629700562","93","1"
"16.770394656794668","94.5","1"
"26.927217088229188","96","1"
"11.95927048861265","97.5","1"
"3.6312497357909","99","1"
"24.149711826523614","100.5","1"
"22.262881130046264","102","1"
"12.467359197408221","103.5","1"
"13.69161442372878","105","1"
"26.726580834975085","106.5","1"
"13.349589487616296","108","1"
"10.649514908678333","109.5","1"
"25.12001504273114","111","1"
"30.053715794856313","112.5","1"
"3.985053577451592","114","1"
"12.320786167016061","115.5","1"
"27.115390347731275","117","1"
"19.54384373935098","118.5","1"
"12.442406203556748","120","1"
"19.728432995197544","121.5","1"
"29.027305585107246","123","1"
"5.518358989674386","124.5","1"
"6.506379676553783","126","1"
"30.05879298817288","127.5","1"
"29.676609613434156","129","1"
"6.461333089042978","130.5","1"
"6.983932482546403","132","1"
"29.681575296671017","133.5","1"
"18.679896746352025","135","1"
"11.426409989845128","136.5","1"
"24.18758866437839","138","1"
"20.534232708665357","139.5","1"
"3.951776094798396","141","1"
"10.464582410867674","142.5","1"
"36.305789765263","144","1"
"19.365016418404164","145.5","1"
"1.2017008970449248","147","1"
"16.46963629072549","148.5","1"
"35.33034140428409","150","1"
"19.03047398287438","151.5","1"
"3.6048257671770694","153","1"
"24.572542367659782","154.5","1"
"18.399450638239102","156","1"
"13.17586810867847","157.5","1"
"16.115790414991785","159","1"
"22.260201403443354","160.5","1"
"12.230474327697532","162","1"
"13.991887546716741","163.5","1"
"27.31625659052477","165","1"
"22.169791121632585","166.5","1"
"7.885927498795928","168","1"
"21.855069602770353","169.5","1"
"28.872989573555575","171","1"
"18.75503363193321","172.5","1"
"3.7072257782804887","174","1"
"21.669265932462","175.5","1"
"23.877951308212705","177","1"
"18.475233933813573","178.5","1"
"11.789588736546637","180","1"
"23.181612676735252","181.5","1"
"16.536897776927514","183","1"
"9.847659864280082","184.5","1"
"23.849247916758657","186","1"
"21.399216396936566","187.5","1"
"9.783333358222794","189","1"
"10.895154190818358","190.5","1"
"25.937549449742903","192","1"
"21.765828434451493","193.5","1"
"10.633013159226996","195","1"
"10.186843035705087","196.5","1"
"27.813089750650125","198","1"
"29.20098253424769","199.5","1"
"9.009091868483976","201","1"
"8.088104856198456","202.5","1"
"19.396319388591333","204","1"
"25.05944590365641","205.5","1"
"19.73965892400284","207","1"
"18.307838138381513","208.5","1"
"11.150701317774667","210","1"
"8.857654210864688","211.5","1"
"22.32925750499063","213","1"
"32.93154353905143","214.5","1"
"20.30638973830824","216","1"
"2.992391936883851","217.5","1"
"19.631075983890156","219","1"
"32.48654862722891","220.5","1"
"19.054868555154833","222","1"
"9.40259351631275","223.5","1"
"17.418458135484858","225","1"
"26.86524536143317","226.5","1"
"12.703548871465753","228","1"
"18.94035467267784","229.5","1"
"21.491372508432715","231","1"
"16.915502375045705","232.5","1"
"11.51062536402479","234","1"
"21.419957271761685","235.5","1"
"30.594668614954923","237","1"
"18.51165939828719","238.5","1"
"9.449635088843277","240","1"
"21.73944236184131","241.5","1"
"20.363892350191087","243","1"
"14.035821646947989","244.5","1"
"19.6139400208605","246","1"
"26.07529924507841","247.5","1"
"23.154139380847948","249","1"
"23.208984916612824","250.5","1"
"15.86920155482927","252","1"
"24.765254435874855","253.5","1"
"16.93034541206143","255","1"
"13.064100161914215","256.5","1"
"26.87967720502998","258","1"
"17.588587670214686","259.5","1"
"8.617540775877542","261","1"
"15.517340210045315","262.5","1"
"31.271918114662885","264","1"
"19.036992095502132","265.5","1"
"2.1603427070948715","267","1"
"15.645252725536851","268.5","1"
"29.628064397172608","270","1"
"21.656241903621464","271.5","1"
"10.547978011727004","273","1"
"15.482134387068472","274.5","1"
"28.58360175092631","276","1"
"17.060643197851654","277.5","1"
"11.379896347848206","279","1"
"24.172689872322813","280.5","1"
"23.34856417419349","282","1"
"9.402265955453618","283.5","1"
"13.0061706755075","285","1"
"30.99954080622361","286.5","1"
"20.244053861408187","288","1"
"10.295237802558267","289.5","1"
"12.064175338440068","291","1"
"24.14021256160875","292.5","1"
"20.106558448442005","294","1"
"15.330254173820354","295.5","1"
"23.240392427499717","297","1"
"24.961907688469502","298.5","1"
"13.650043814483778","300","1"
"20.728511145031288","1.5","2"
"27.137209734108538","3","2"
"4.422972390661586","4.5","2"
"16.92734160928938","6","2"
"27.236683694585324","7.5","2"
"17.099274471089434","9","2"
"11.46612500167004","10.5","2"
"21.310900413810256","12","2"
"20.212400679876943","13.5","2"
"12.618218396489041","15","2"
"21.070319159191843","16.5","2"
"25.596084677546436","18","2"
"11.484897897822865","19.5","2"
"9.10619014155955","21","2"
"27.13497953251444","22.5","2"
"21.63096047773836","24","2"
"8.77691394377833","25.5","2"
"17.27273885414044","27","2"
"23.525746721464657","28.5","2"
"8.74079251850641","30","2"
"13.276445844709837","31.5","2"
"30.82957505192335","33","2"
"14.18217949773322","34.5","2"
"8.58855425336174","36","2"
"22.975712799250076","37.5","2"
"31.347048030864087","39","2"
"8.168304996336243","40.5","2"
"10.72491140366383","42","2"
"26.846680675507294","43.5","2"
"15.347346578225126","45","2"
"12.80813574333151","46.5","2"
"20.331394131337078","48","2"
"18.622906383897824","49.5","2"
"7.388123852508142","51","2"
"19.107574491265368","52.5","2"
"31.20410604744232","54","2"
"7.8549790958153185","55.5","2"
"0.8938662690183773","57","2"
"27.65248735835509","58.5","2"
"31.52023712340582","60","2"
"11.121155502515347","61.5","2"
"9.164165800108643","63","2"
"27.916456109846614","64.5","2"
"16.7821363197186","66","2"
"12.832245442205215","67.5","2"
"20.62275254615613","69","2"
"20.835093873089264","70.5","2"
"11.3011772009565","72","2"
"16.374141846218173","73.5","2"
"30.48560130293352","75","2"
"16.280706853495406","76.5","2"
"5.792479514281549","78","2"
"26.271922877808134","79.5","2"
"27.82292180345911","81","2"
"6.468481930559062","82.5","2"
"12.59209716031816","84","2"
"25.732386584190774","85.5","2"
"18.872969479981148","87","2"
"12.422472905636994","88.5","2"
"21.47446305025246","90","2"
"17.555312365492735","91.5","2"
"13.07212888765297","93","2"
"20.28181047745828","94.5","2"
"32.16342377845392","96","2"
"13.568226778190269","97.5","2"
"4.000073462484348","99","2"
"21.644968931501293","100.5","2"
"35.10340096863458","102","2"
"10.896776314009065","103.5","2"
"3.7120246319840406","105","2"
"24.219041476235162","106.5","2"
"23.28508880366645","108","2"
"17.534799737862013","109.5","2"
"18.762370646708796","111","2"
"21.91897359016626","112.5","2"
"4.101374271688801","114","2"
"12.372124362305218","115.5","2"
"32.760894785512974","117","2"
"21.06277480536181","118.5","2"
"5.757610835061314","120","2"
"14.2649138786668","121.5","2"
"33.20294861898328","123","2"
"13.597925919809184","124.5","2"
"3.608296082821637","126","2"
"24.369726440816443","127.5","2"
"24.810400337050396","129","2"
"12.172535258393342","130.5","2"
"18.107224535612346","132","2"
"24.122543441010503","133.5","2"
"20.258044891721166","135","2"
"8.803983015626706","136.5","2"
"22.997824899586565","138","2"
"25.545277897480872","139.5","2"
"14.513854904573089","141","2"
"14.659540210190098","142.5","2"
"23.21353243705079","144","2"
"13.549255254707969","145.5","2"
"8.3566768831678","147","2"
"26.07620177978602","148.5","2"
"29.273120844091807","150","2"
"5.480582336656846","151.5","2"
"10.435796258026343","153","2"
"29.176969535521227","154.5","2"
"21.409328967289806","156","2"
"9.763938444906614","157.5","2"
"19.013041821195507","159","2"
"28.82950412716064","160.5","2"
"12.206353303581357","162","2"
"11.014384601197868","163.5","2"
"25.638754706483528","165","2"
"20.677653836960857","166.5","2"
"5.5770115492541885","168","2"
"15.759738730493916","169.5","2"
"29.697430636129063","171","2"
"16.031997559473506","172.5","2"
"9.537136525684243","174","2"
"25.359066518443598","175.5","2"
"22.973552291455793","177","2"
"5.444713115823007","178.5","2"
"14.508715858009188","180","2"
"28.90244217335764","181.5","2"
"13.650143999321012","183","2"
"6.617887578327477","184.5","2"
"20.752346424568216","186","2"
"24.498142494011645","187.5","2"
"9.663940038586215","189","2"
"13.045985000997149","190.5","2"
"29.44836241903811","192","2"
"19.60278378585502","193.5","2"
"10.799280786274544","195","2"
"17.160531836437343","196.5","2"
"24.85722760114649","198","2"
"10.297332972415225","199.5","2"
"14.816217099210522","201","2"
"32.13140993150863","202.5","2"
"19.200284668470054","204","2"
"10.38526912433254","205.5","2"
"16.89918879885387","207","2"
"28.790224701584574","208.5","2"
"15.129076051272682","210","2"
"10.694064927865451","211.5","2"
"27.458909344677306","213","2"
"22.107777578556675","214.5","2"
"7.370313601965269","216","2"
"15.370833388762978","217.5","2"
"26.900273465220483","219","2"
"17.22551782007539","220.5","2"
"6.7053262907486095","222","2"
"22.669910344419243","223.5","2"
"27.093187645455025","225","2"
"13.86672009576544","226.5","2"
"13.192213918252719","228","2"
"23.819182011518212","229.5","2"
"22.48096174139421","231","2"
"12.727824093114018","232.5","2"
"20.213083679115133","234","2"
"22.434101372743207","235.5","2"
"12.15623213627148","237","2"
"19.041354927370588","238.5","2"
"30.44986232238809","240","2"
"17.637328029115718","241.5","2"
"5.853780873840593","243","2"
"20.325560760292515","244.5","2"
"31.55001728406702","246","2"
"24.223629070608023","247.5","2"
"7.914518508997775","249","2"
"17.31983095467583","250.5","2"
"25.0759267449678","252","2"
"16.71635582676266","253.5","2"
"17.579222565864466","255","2"
"23.99363778887159","256.5","2"
"10.900340280697135","258","2"
"14.492607007354312","259.5","2"
"28.951027463554084","261","2"
"27.372198061291748","262.5","2"
"0.9268822365774216","264","2"
"5.178071171522306","265.5","2"
"29.41956494095431","267","2"
"26.56945093625586","268.5","2"
"15.080265998571836","270","2"
"18.857244816397753","271.5","2"
"20.317910123417757","273","2"
"11.539442007903538","274.5","2"
"16.703340509647095","276","2"
"27.739651651439445","277.5","2"
"20.89064157388728","279","2"
"3.369097378957069","280.5","2"
"13.220141095011323","282","2"
"33.08633695313184","283.5","2"
"18.44493106965376","285","2"
"7.876364638288732","286.5","2"
"21.062931616411394","288","2"
"31.368130405308303","289.5","2"
"15.432798146179017","291","2"
"13.548557445537316","292.5","2"
"21.62650878627514","294","2"
"21.276771360040563","295.5","2"
"11.290176905828108","297","2"
"16.823719125378567","298.5","2"
"27.721322182087945","300","2"
"6.154101911315927","1.5","3"
"23.961048968077826","3","3"
"28.606849860199794","4.5","3"
"5.159542203668834","6","3"
"9.119671535961377","7.5","3"
"35.390298980265435","9","3"
"18.598811494956582","10.5","3"
"6.942947301219852","12","3"
"22.434038648323373","13.5","3"
"28.853832490331264","15","3"
"7.510030504800571","16.5","3"
"9.448915500360181","18","3"
"30.872426284739962","19.5","3"
"18.41167318838176","21","3"
"6.269709550863774","22.5","3"
"24.498595503710447","24","3"
"25.909661475746695","25.5","3"
"10.782734607025827","27","3"
"10.12147983437554","28.5","3"
"21.84144272256141","30","3"
"13.15281949790696","31.5","3"
"16.932765529260028","33","3"
"29.580209149529235","34.5","3"
"16.223606723306496","36","3"
"4.99752502723754","37.5","3"
"22.842743998581916","39","3"
"33.25035085692785","40.5","3"
"12.46811624630872","42","3"
"4.791280165443275","43.5","3"
"30.48854586597573","45","3"
"21.545167410165373","46.5","3"
"8.84664868870131","48","3"
"17.12777575052402","49.5","3"
"23.98353044555334","51","3"
"5.217658120990056","52.5","3"
"16.68208912773833","54","3"
"32.83859291823738","55.5","3"
"13.509547212263039","57","3"
"6.5551583670447116","58.5","3"
"24.059437447622482","60","3"
"29.13545119662609","61.5","3"
"17.31062788841018","63","3"
"11.740526043821461","64.5","3"
"23.536887275365178","66","3"
"12.600925622409799","67.5","3"
"12.075462249320202","69","3"
"24.900486542692025","70.5","3"
"24.103029177062137","72","3"
"11.703888884430905","73.5","3"
"12.080588228296639","75","3"
"35.90116150229367","76.5","3"
"22.001435294108063","78","3"
"2.5057029271147804","79.5","3"
"18.100845810584225","81","3"
"24.320078320172815","82.5","3"
"16.05810659922942","84","3"
"16.779862559499616","85.5","3"
"25.815043430772057","87","3"
"10.17272220068995","88.5","3"
"11.168484561970113","90","3"
"27.259173883785817","91.5","3"
"24.007966834113677","93","3"
"4.96094623640433","94.5","3"
"14.17409153226462","96","3"
"29.423432946844073","97.5","3"
"13.57296160071524","99","3"
"7.59665815562635","100.5","3"
"22.174356065520506","102","3"
"23.38252073580864","103.5","3"
"8.709828434420842","105","3"
"13.960069713583433","106.5","3"
"25.779973510704856","108","3"
"17.763052159293046","109.5","3"
"14.945840597487532","111","3"
"23.055334480849393","112.5","3"
"19.201882398830826","114","3"
"5.563830273777817","115.5","3"
"17.251970101795393","117","3"
"28.70613913210707","118.5","3"
"13.217478791858367","120","3"
"5.787801753555177","121.5","3"
"27.0261909956923","123","3"
"26.153398117151756","124.5","3"
"8.192302313957745","126","3"
"12.900284885447679","127.5","3"
"25.878248737824816","129","3"
"14.903276851595159","130.5","3"
"9.450351192636381","132","3"
"22.699965795589716","133.5","3"
"23.762130666989172","135","3"
"8.32985261079128","136.5","3"
"15.31471942584146","138","3"
"27.086629458892375","139.5","3"
"15.270610219938176","141","3"
"7.497773107758004","142.5","3"
"22.83895962525193","144","3"
"23.88605321244127","145.5","3"
"4.770924348862137","147","3"
"11.806346610712296","148.5","3"
"30.556786550065162","150","3"
"15.232794364158238","151.5","3"
"7.4854425322256315","153","3"
"22.15898509797118","154.5","3"
"22.34577667789192","156","3"
"11.40676069415962","157.5","3"
"14.573824676969405","159","3"
"33.35965861255862","160.5","3"
"17.963596068262394","162","3"
"2.8458984009821053","163.5","3"
"22.80423643183881","165","3"
"37.952762280295026","166.5","3"
"8.831174922797254","168","3"
"1.6062864725618704","169.5","3"
"23.957764647761515","171","3"
"31.648630526116087","172.5","3"
"13.492162965071538","174","3"
"12.798303690522525","175.5","3"
"18.419064215852202","177","3"
"9.009147623523829","178.5","3"
"16.658492549465766","180","3"
"27.829094931777774","181.5","3"
"21.440565728367154","183","3"
"-1.8652894319199727","184.5","3"
"12.847526678987279","186","3"
"35.738823734383224","187.5","3"
"21.869184339578005","189","3"
"1.4307547971738364","190.5","3"
"13.72279717211127","192","3"
"33.31144444184619","193.5","3"
"16.72128666309961","195","3"
"3.5849663011264936","196.5","3"
"14.559780505134068","198","3"
"27.398202560347936","199.5","3"
"21.456509927419965","201","3"
"17.814252709327565","202.5","3"
"20.80943435834216","204","3"
"18.23948071717739","205.5","3"
"15.22685993710394","207","3"
"28.754321940609575","208.5","3"
"14.226205071076725","210","3"
"2.226109479083974","211.5","3"
"20.947553530816688","213","3"
"37.13597882397628","214.5","3"
"14.836515418406812","216","3"
"3.3772214980843223","217.5","3"
"21.382526474225727","219","3"
"33.45578727064426","220.5","3"
"14.920325697375047","222","3"
"4.765869806030512","223.5","3"
"17.512774754775293","225","3"
"25.84614603128476","226.5","3"
"13.811621919976233","228","3"
"14.242252939656762","229.5","3"
"18.07140018016214","231","3"
"14.561650912486618","232.5","3"
"15.92805622642854","234","3"
"31.237576494803754","235.5","3"
"20.203174963126354","237","3"
"0.5157621595001104","238.5","3"
"11.695732096334988","240","3"
"31.98593109377357","241.5","3"
"24.87059487195112","243","3"
"4.194326199261596","244.5","3"
"15.805862087211871","246","3"
"28.351000436386787","247.5","3"
"15.167384990686314","249","3"
"14.407970856858263","250.5","3"
"26.748238183267777","252","3"
"27.163205521439753","253.5","3"
"7.991754049125905","255","3"
"11.54611606040838","256.5","3"
"27.130090512457375","258","3"
"21.594061095425996","259.5","3"
"10.257168435581502","261","3"
"18.66438464885807","262.5","3"
"25.329509377941807","264","3"
"11.977547687614289","265.5","3"
"7.078673798429462","267","3"
"26.170314544711992","268.5","3"
"30.30486088718177","270","3"
"13.165642285900528","271.5","3"
"10.54944593738562","273","3"
"24.40801795678012","274.5","3"
"22.963474568002457","276","3"
"14.93340025422045","277.5","3"
"19.650635548808403","279","3"
"23.739619569648738","280.5","3"
"11.110952330222345","282","3"
"13.916876109975226","283.5","3"
"27.609582112843615","285","3"
"25.635792719991365","286.5","3"
"5.577907985754317","288","3"
"9.708336731413738","289.5","3"
"25.862226133247212","291","3"
"28.27308276819296","292.5","3"
"16.378832238945762","294","3"
"17.375369943748872","295.5","3"
"20.079917993462498","297","3"
"11.033539942077182","298.5","3"
"15.17858478431668","300","3"
"14.550385780918926","1.5","4"
"4.732931645065168","3","4"
"20.812087949770138","4.5","4"
"25.28685677245467","6","4"
"14.504815618737007","7.5","4"
"14.792003730809592","9","4"
"22.684012884811928","10.5","4"
"7.294769443241412","12","4"
"16.044828188019554","13.5","4"
"30.795477360363574","15","4"
"15.719736231744765","16.5","4"
"5.477840321220351","18","4"
"18.6518659000662","19.5","4"
"29.88158953276177","21","4"
"10.62041252022034","22.5","4"
"8.399203168642774","24","4"
"22.392779918832545","25.5","4"
"19.61266636666887","27","4"
"15.417639744719127","28.5","4"
"21.427803051275923","30","4"
"19.262890608844394","31.5","4"
"7.682283958079779","33","4"
"16.612843110586557","34.5","4"
"29.034804637967405","36","4"
"11.750889511854037","37.5","4"
"6.3237109204783835","39","4"
"28.217031529691273","40.5","4"
"27.20825036660556","42","4"
"11.44159365530745","43.5","4"
"13.033472350412758","45","4"
"28.424077870183417","46.5","4"
"13.341924040809078","48","4"
"7.9767454893356184","49.5","4"
"22.067783791532502","51","4"
"26.419227693098357","52.5","4"
"3.918558287461292","54","4"
"13.89529542486233","55.5","4"
"26.209015511749588","57","4"
"19.96473505050728","58.5","4"
"11.716451191847664","60","4"
"21.62691301031407","61.5","4"
"24.954157737930007","63","4"
"6.313632325852552","64.5","4"
"12.583099690761967","66","4"
"25.55004495338826","67.5","4"
"14.690376231918505","69","4"
"11.253276652343247","70.5","4"
"24.134321693179334","72","4"
"25.85518183243085","73.5","4"
"7.870976436390489","75","4"
"12.503835189886704","76.5","4"
"30.192375094279413","78","4"
"14.337876317693738","79.5","4"
"4.786296187583963","81","4"
"21.412263076262043","82.5","4"
"22.927010771938942","84","4"
"10.564437944898451","85.5","4"
"15.615200759056371","87","4"
"27.92837549196007","88.5","4"
"15.824087015863647","90","4"
"8.25379489588003","91.5","4"
"21.687963036607528","93","4"
"22.998432977989957","94.5","4"
"4.588537417089743","96","4"
"16.319270175278366","97.5","4"
"28.992155517170257","99","4"
"11.333668450430526","100.5","4"
"4.860138946419821","102","4"
"25.94820040469972","103.5","4"
"34.15981661293136","105","4"
"2.1930617681770452","106.5","4"
"6.133875463850698","108","4"
"31.697782078436028","109.5","4"
"26.651276684274343","111","4"
"10.756983619166464","112.5","4"
"12.771834856525064","114","4"
"22.801342396801466","115.5","4"
"14.509834443496228","117","4"
"15.707782002731395","118.5","4"
"27.738794417701715","120","4"
"12.981229878070994","121.5","4"
"9.381054647479743","123","4"
"27.30919486625846","124.5","4"
"29.311954229349052","126","4"
"6.336180883610387","127.5","4"
"7.976118245137278","129","4"
"28.143689259455343","130.5","4"
"23.595553773704943","132","4"
"7.355573363304273","133.5","4"
"17.102151082676823","135","4"
"23.930807085992846","136.5","4"
"15.81362074947634","138","4"
"19.899456352910008","139.5","4"
"27.17305499769869","141","4"
"14.018565462113651","142.5","4"
"2.6940549947720163","144","4"
"23.47023212522155","145.5","4"
"36.46486934803207","147","4"
"10.193391639370258","148.5","4"
"9.375479143494497","150","4"
"28.412364084779416","151.5","4"
"27.35513701909689","153","4"
"3.6008889386599865","154.5","4"
"13.371954227977117","156","4"
"26.59031551757565","157.5","4"
"17.96459965897974","159","4"
"14.149656886049275","160.5","4"
"24.536954971128946","162","4"
"19.735492977118863","163.5","4"
"5.279689087515919","165","4"
"17.40583136130327","166.5","4"
"35.83621036555553","168","4"
"9.583084776730162","169.5","4"
"5.004379412449403","171","4"
"25.614243397088387","172.5","4"
"29.333287501472604","174","4"
"10.299178115765342","175.5","4"
"11.69934833337292","177","4"
"22.766143543204606","178.5","4"
"15.588204865697803","180","4"
"11.138072801248082","181.5","4"
"26.414220193581606","183","4"
"24.46945652600755","184.5","4"
"2.252027296476644","186","4"
"16.10957024335824","187.5","4"
"32.2789586750982","189","4"
"23.023163822854517","190.5","4"
"3.091984812406573","192","4"
"15.44986790009885","193.5","4"
"26.669926745104995","195","4"
"18.1060711032254","196.5","4"
"12.274380550408853","198","4"
"23.60515757931953","199.5","4"
"16.131882713369205","201","4"
"13.365720988756111","202.5","4"
"25.605793023860745","204","4"
"26.998979051554304","205.5","4"
"5.9839527752049015","207","4"
"7.288260477924886","208.5","4"
"28.47296110137407","210","4"
"29.108216602003154","211.5","4"
"10.901299441617098","213","4"
"15.827134377260583","214.5","4"
"26.248963997803884","216","4"
"11.235789606797018","217.5","4"
"11.438595079570385","219","4"
"30.136052049958447","220.5","4"
"19.494624235576214","222","4"
"5.7873395965451495","223.5","4"
"18.20686576120869","225","4"
"36.286853959853104","226.5","4"
"13.381663445463927","228","4"
"1.2206741628722204","229.5","4"
"21.926145082167285","231","4"
"38.97658859241593","232.5","4"
"21.450220061986606","234","4"
"2.9054502283726533","235.5","4"
"19.688331182783656","237","4"
"27.413233770623165","238.5","4"
"17.94945693862481","240","4"
"20.924547607497566","241.5","4"
"20.790035089163492","243","4"
"5.144364200827746","244.5","4"
"14.487846920826907","246","4"
"37.6810853945439","247.5","4"
"20.240933321521442","249","4"
"2.9049717368782946","250.5","4"
"13.468291096289704","252","4"
"36.96275836922463","253.5","4"
"20.538484030454107","255","4"
"9.186112377670572","256.5","4"
"20.2373981035258","258","4"
"29.129046336423034","259.5","4"
"12.734269027251965","261","4"
"9.636674952925858","262.5","4"
"26.650853294440463","264","4"
"17.598864020997496","265.5","4"
"4.812017555578403","267","4"
"19.82000890581023","268.5","4"
"31.795903979196392","270","4"
"10.37681526641491","271.5","4"
"7.683533219441474","273","4"
"28.11709062075572","274.5","4"
"18.131443131048265","276","4"
"4.300957277393194","277.5","4"
"24.694518713752025","279","4"
"32.66681860983191","280.5","4"
"11.847762151252708","282","4"
"-4.224167777583883","283.5","4"
"24.28877186529565","285","4"
"39.21771868570789","286.5","4"
"14.118783403903468","288","4"
"-1.216699002765239","289.5","4"
"25.161566486181194","291","4"
"30.173864421048393","292.5","4"
"22.80534456325588","294","4"
"12.80672618623024","295.5","4"
"15.353815905193008","297","4"
"11.030082258433831","298.5","4"
"19.69580235812389","300","4"
"14.550385780918926","1.5","5"
"4.732931645065168","3","5"
"20.812087949770138","4.5","5"
"25.28685677245467","6","5"
"14.504815618737007","7.5","5"
"14.792003730809592","9","5"
"22.684012884811928","10.5","5"
"7.294769443241412","12","5"
"16.044828188019554","13.5","5"
"30.795477360363574","15","5"
"15.719736231744765","16.5","5"
"5.477840321220351","18","5"
"18.6518659000662","19.5","5"
"29.88158953276177","21","5"
"10.62041252022034","22.5","5"
"8.399203168642774","24","5"
"22.392779918832545","25.5","5"
"19.61266636666887","27","5"
"15.417639744719127","28.5","5"
"21.427803051275923","30","5"
"19.262890608844394","31.5","5"
"7.682283958079779","33","5"
"16.612843110586557","34.5","5"
"29.034804637967405","36","5"
"11.750889511854037","37.5","5"
"6.3237109204783835","39","5"
"28.217031529691273","40.5","5"
"27.20825036660556","42","5"
"11.44159365530745","43.5","5"
"13.033472350412758","45","5"
"28.424077870183417","46.5","5"
"13.341924040809078","48","5"
"7.9767454893356184","49.5","5"
"22.067783791532502","51","5"
"26.419227693098357","52.5","5"
"3.918558287461292","54","5"
"13.89529542486233","55.5","5"
"26.209015511749588","57","5"
"19.96473505050728","58.5","5"
"11.716451191847664","60","5"
"21.62691301031407","61.5","5"
"24.954157737930007","63","5"
"6.313632325852552","64.5","5"
"12.583099690761967","66","5"
"25.55004495338826","67.5","5"
"14.690376231918505","69","5"
"11.253276652343247","70.5","5"
"24.134321693179334","72","5"
"25.85518183243085","73.5","5"
"7.870976436390489","75","5"
"12.503835189886704","76.5","5"
"30.192375094279413","78","5"
"14.337876317693738","79.5","5"
"4.786296187583963","81","5"
"21.412263076262043","82.5","5"
"22.927010771938942","84","5"
"10.564437944898451","85.5","5"
"15.615200759056371","87","5"
"27.92837549196007","88.5","5"
"15.824087015863647","90","5"
"8.25379489588003","91.5","5"
"21.687963036607528","93","5"
"22.998432977989957","94.5","5"
"4.588537417089743","96","5"
"16.319270175278366","97.5","5"
"28.992155517170257","99","5"
"11.333668450430526","100.5","5"
"4.860138946419821","102","5"
"25.94820040469972","103.5","5"
"34.15981661293136","105","5"
"2.1930617681770452","106.5","5"
"6.133875463850698","108","5"
"31.697782078436028","109.5","5"
"26.651276684274343","111","5"
"10.756983619166464","112.5","5"
"12.771834856525064","114","5"
"22.801342396801466","115.5","5"
"14.509834443496228","117","5"
"15.707782002731395","118.5","5"
"27.738794417701715","120","5"
"12.981229878070994","121.5","5"
"9.381054647479743","123","5"
"27.30919486625846","124.5","5"
"29.311954229349052","126","5"
"6.336180883610387","127.5","5"
"7.976118245137278","129","5"
"28.143689259455343","130.5","5"
"23.595553773704943","132","5"
"7.355573363304273","133.5","5"
"17.102151082676823","135","5"
"23.930807085992846","136.5","5"
"15.81362074947634","138","5"
"19.899456352910008","139.5","5"
"27.17305499769869","141","5"
"14.018565462113651","142.5","5"
"2.6940549947720163","144","5"
"23.47023212522155","145.5","5"
"36.46486934803207","147","5"
"10.193391639370258","148.5","5"
"9.375479143494497","150","5"
"28.412364084779416","151.5","5"
"27.35513701909689","153","5"
"3.6008889386599865","154.5","5"
"13.371954227977117","156","5"
"26.59031551757565","157.5","5"
"17.96459965897974","159","5"
"14.149656886049275","160.5","5"
"24.536954971128946","162","5"
"19.735492977118863","163.5","5"
"5.279689087515919","165","5"
"17.40583136130327","166.5","5"
"35.83621036555553","168","5"
"9.583084776730162","169.5","5"
"5.004379412449403","171","5"
"25.614243397088387","172.5","5"
"29.333287501472604","174","5"
"10.299178115765342","175.5","5"
"11.69934833337292","177","5"
"22.766143543204606","178.5","5"
"15.588204865697803","180","5"
"11.138072801248082","181.5","5"
"26.414220193581606","183","5"
"24.46945652600755","184.5","5"
"2.252027296476644","186","5"
"16.10957024335824","187.5","5"
"32.2789586750982","189","5"
"23.023163822854517","190.5","5"
"3.091984812406573","192","5"
"15.44986790009885","193.5","5"
"26.669926745104995","195","5"
"18.1060711032254","196.5","5"
"12.274380550408853","198","5"
"23.60515757931953","199.5","5"
"16.131882713369205","201","5"
"13.365720988756111","202.5","5"
"25.605793023860745","204","5"
"26.998979051554304","205.5","5"
"5.9839527752049015","207","5"
"7.288260477924886","208.5","5"
"28.47296110137407","210","5"
"29.108216602003154","211.5","5"
"10.901299441617098","213","5"
"15.827134377260583","214.5","5"
"26.248963997803884","216","5"
"11.235789606797018","217.5","5"
"11.438595079570385","219","5"
"30.136052049958447","220.5","5"
"19.494624235576214","222","5"
"5.7873395965451495","223.5","5"
"18.20686576120869","225","5"
"36.286853959853104","226.5","5"
"13.381663445463927","228","5"
"1.2206741628722204","229.5","5"
"21.926145082167285","231","5"
"38.97658859241593","232.5","5"
"21.450220061986606","234","5"
"2.9054502283726533","235.5","5"
"19.688331182783656","237","5"
"27.413233770623165","238.5","5"
"17.94945693862481","240","5"
"20.924547607497566","241.5","5"
"20.790035089163492","243","5"
"5.144364200827746","244.5","5"
"14.487846920826907","246","5"
"37.6810853945439","247.5","5"
"20.240933321521442","249","5"
"2.9049717368782946","250.5","5"
"13.468291096289704","252","5"
"36.96275836922463","253.5","5"
"20.538484030454107","255","5"
"9.186112377670572","256.5","5"
"20.2373981035258","258","5"
"29.129046336423034","259.5","5"
"12.734269027251965","261","5"
"9.636674952925858","262.5","5"
"26.650853294440463","264","5"
"17.598864020997496","265.5","5"
"4.812017555578403","267","5"
"19.82000890581023","268.5","5"
"31.795903979196392","270","5"
"10.37681526641491","271.5","5"
"7.683533219441474","273","5"
"28.11709062075572","274.5","5"
"18.131443131048265","276","5"
"4.300957277393194","277.5","5"
"24.694518713752025","279","5"
"32.66681860983191","280.5","5"
"11.847762151252708","282","5"
"-4.224167777583883","283.5","5"
"24.28877186529565","285","5"
"39.21771868570789","286.5","5"
"14.118783403903468","288","5"
"-1.216699002765239","289.5","5"
"25.161566486181194","291","5"
"30.173864421048393","292.5","5"
"22.80534456325588","294","5"
"12.80672618623024","295.5","5"
"15.353815905193008","297","5"
"11.030082258433831","298.5","5"
"19.69580235812389","300","5"
"22.68539456439327","1.5","6"
"26.773786187935176","3","6"
"7.589855169591851","4.5","6"
"10.81472841700367","6","6"
"31.45370045272188","7.5","6"
"17.12440779764793","9","6"
"6.321687186766239","10.5","6"
"23.740989052815113","12","6"
"27.293518988334935","13.5","6"
"10.33021363599572","15","6"
"13.151830717122076","16.5","6"
"24.40055723550986","18","6"
"15.658015402628081","19.5","6"
"10.708754638521581","21","6"
"30.509408704950527","22.5","6"
"19.103502631011143","24","6"
"4.176119129646023","25.5","6"
"15.25201068711239","27","6"
"32.77898381125511","28.5","6"
"11.226709375853545","30","6"
"6.086387415415104","31.5","6"
"28.876488202306316","33","6"
"40.30530088590009","34.5","6"
"3.9680073451891973","36","6"
"6.091761242967134","37.5","6"
"26.802609801193906","39","6"
"23.88859529378954","40.5","6"
"15.544437159413615","42","6"
"22.986348073101933","43.5","6"
"14.418965053779171","45","6"
"13.007215211332236","46.5","6"
"26.13075111690168","48","6"
"29.721224099386102","49.5","6"
"5.198494068385766","51","6"
"3.281533217696268","52.5","6"
"29.763772164173517","54","6"
"32.7560475817358","55.5","6"
"7.432663417625288","57","6"
"10.729025080197944","58.5","6"
"26.13052809674227","60","6"
"15.674328978819915","61.5","6"
"14.565804662955626","63","6"
"30.5938078965272","64.5","6"
"14.569035841749576","66","6"
"3.3516456158969974","67.5","6"
"26.78196301299854","69","6"
"37.17426162821498","70.5","6"
"10.344961715209196","72","6"
"0.9014939287185066","73.5","6"
"26.434525482157877","75","6"
"27.085897673994314","76.5","6"
"17.826764488739457","78","6"
"13.496055363791239","79.5","6"
"23.293990444247896","81","6"
"10.367133926448027","82.5","6"
"20.219559975462996","84","6"
"27.327426764290216","85.5","6"
"12.028504309349454","87","6"
"9.020317797289271","88.5","6"
"29.460764430715294","90","6"
"32.68275061246975","91.5","6"
"5.858803618876053","93","6"
"3.5023373320651343","94.5","6"
"26.97431441579957","96","6"
"26.366405019873127","97.5","6"
"7.994462524421238","99","6"
"16.195509667910844","100.5","6"
"21.098001536478595","102","6"
"18.016451846042536","103.5","6"
"16.541809447469515","105","6"
"27.297453203334527","106.5","6"
"9.067458683484535","108","6"
"7.681954654875651","109.5","6"
"26.084173008139928","111","6"
"29.356725526350584","112.5","6"
"14.767358260849806","114","6"
"10.917805546930921","115.5","6"
"22.997945121391247","117","6"
"15.004693526741804","118.5","6"
"12.0673376946067","120","6"
"21.620980325604766","121.5","6"
"25.854427397047846","123","6"
"8.076263879609789","124.5","6"
"16.488662698075146","126","6"
"29.379794174089543","127.5","6"
"24.22895193456894","129","6"
"7.4434555025267315","130.5","6"
"17.912043564538806","132","6"
"28.013856679778886","133.5","6"
"21.239960837322965","135","6"
"10.507966801252875","136.5","6"
"21.3368456731366","138","6"
"23.533249259014806","139.5","6"
"14.018155139867236","141","6"
"18.42388005741946","142.5","6"
"25.55573196745321","144","6"
"9.386263387843462","145.5","6"
"9.518496918923564","147","6"
"29.194842510483937","148.5","6"
"21.92373193434867","150","6"
"8.442324464933673","151.5","6"
"15.99101760518194","153","6"
"30.96376000939829","154.5","6"
"20.611643354465524","156","6"
"8.970770732655376","157.5","6"
"19.756047421029475","159","6"
"29.225537402267715","160.5","6"
"11.615405636185036","162","6"
"14.167565579084389","163.5","6"
"29.07446912178745","165","6"
"20.239844355899326","166.5","6"
"5.928691254572376","168","6"
"21.41287638170042","169.5","6"
"31.99576140423756","171","6"
"13.467395530962074","172.5","6"
"10.936425116724154","174","6"
"29.19084557106451","175.5","6"
"16.447902279253","177","6"
"15.773778546466765","178.5","6"
"24.387811981868587","180","6"
"30.083091731478582","181.5","6"
"5.244188808234855","183","6"
"7.892867258912565","184.5","6"
"33.7443126325008","186","6"
"27.907042219836523","187.5","6"
"6.628446624585787","189","6"
"10.82832567734769","190.5","6"
"27.72072804244452","192","6"
"16.199863788054323","193.5","6"
"10.768218259696738","195","6"
"23.771774546538655","196.5","6"
"21.307096874685318","198","6"
"11.745625016450468","199.5","6"
"17.865824378846103","201","6"
"34.43292919095869","202.5","6"
"10.86176040663672","204","6"
"2.8097101132209867","205.5","6"
"23.353174419051292","207","6"
"33.33659693419964","208.5","6"
"9.29355233946628","210","6"
"14.629631115999238","211.5","6"
"25.699639210002424","213","6"
"16.2980187933696","214.5","6"
"13.478827056476826","216","6"
"25.496917369788836","217.5","6"
"28.30004381465162","219","6"
"10.271103710854629","220.5","6"
"8.985677365263433","222","6"
"29.31400322706363","223.5","6"
"23.75693150952293","225","6"
"3.550690236997815","226.5","6"
"13.785461481042955","228","6"
"29.089451546402806","229.5","6"
"14.025770058669586","231","6"
"12.61924289534633","232.5","6"
"22.358668288512806","234","6"
"17.528666683478242","235.5","6"
"10.970431335171671","237","6"
"18.427687081234385","238.5","6"
"28.243368816641585","240","6"
"14.956623970664","241.5","6"
"10.489672178801284","243","6"
"24.015242866814425","244.5","6"
"27.706764889651467","246","6"
"5.943319547567419","247.5","6"
"17.209460368597878","249","6"
"21.94158051648144","250.5","6"
"15.299949567315542","252","6"
"13.831205877724413","253.5","6"
"22.226300596868057","255","6"
"19.011660141614165","256.5","6"
"7.598795141763195","258","6"
"16.449271762419375","259.5","6"
"29.729914916223105","261","6"
"13.146174194094543","262.5","6"
"15.012879063530145","264","6"
"25.80026311817617","265.5","6"
"26.62593079162641","267","6"
"9.29928116981112","268.5","6"
"9.686765629198316","270","6"
"27.872892257926885","271.5","6"
"22.768987050237083","273","6"
"13.609537778030958","274.5","6"
"19.070767453237764","276","6"
"20.76836205976584","277.5","6"
"9.753787542963474","279","6"
"12.556095085678422","280.5","6"
"28.964880848612427","282","6"
"23.160927556949986","283.5","6"
"2.1496749820674736","285","6"
"14.604016031049518","286.5","6"
"30.56939764314179","288","6"
"20.371198002756756","289.5","6"
"4.384445222537281","291","6"
"18.826633557173754","292.5","6"
"23.268862344724386","294","6"
"23.994514188404274","295.5","6"
"9.581255314485002","297","6"
"21.102514210016654","298.5","6"
"19.352783414191535","300","6"
"7.787694087955859","1.5","7"
"10.076775617656331","3","7"
"30.647869377044152","4.5","7"
"25.761769490193025","6","7"
"9.80854944616857","7.5","7"
"16.208361204596837","9","7"
"27.728640031068583","10.5","7"
"9.840821160173178","12","7"
"13.830769420303069","13.5","7"
"33.180350404393074","15","7"
"16.47130545723107","16.5","7"
"3.2780827212260233","18","7"
"26.197793067634283","19.5","7"
"36.40835116107162","21","7"
"3.0786724254692985","22.5","7"
"4.867759527843407","24","7"
"34.79416260947284","25.5","7"
"30.665899163056444","27","7"
"1.6432147124632188","28.5","7"
"10.776038775208544","30","7"
"28.214533006967887","31.5","7"
"13.960780590341551","33","7"
"19.705559490098068","34.5","7"
"31.472294758512678","36","7"
"6.9658269045268115","37.5","7"
"-0.10815200238583592","39","7"
"32.638515957726796","40.5","7"
"34.352899800630446","42","7"
"1.2652857086169886","43.5","7"
"2.2468899922577377","45","7"
"35.90696002643833","46.5","7"
"30.133274752035796","48","7"
"6.380656853135202","49.5","7"
"13.801285458291085","51","7"
"29.286087375547496","52.5","7"
"16.254792956378978","54","7"
"12.121993314767078","55.5","7"
"24.42353179661907","57","7"
"13.780910475914997","58.5","7"
"6.496912209435084","60","7"
"26.269427839774735","61.5","7"
"25.49074424147017","63","7"
"12.606005429243858","64.5","7"
"15.06620178976905","66","7"
"23.345262430427226","67.5","7"
"10.959875338017103","69","7"
"12.512323023531746","70.5","7"
"31.334119830998297","72","7"
"14.247520048577824","73.5","7"
"6.917965558675955","75","7"
"20.251336863488916","76.5","7"
"34.59453517397107","78","7"
"18.068027000251064","79.5","7"
"3.5403134835846473","81","7"
"28.60402377661727","82.5","7"
"26.475280673945036","84","7"
"11.270629537324831","85.5","7"
"19.024001171216508","87","7"
"26.635311577081588","88.5","7"
"10.179723814053924","90","7"
"13.381610303941567","91.5","7"
"27.167437677433554","93","7"
"22.207859617436853","94.5","7"
"6.571499820756471","96","7"
"26.600436799653867","97.5","7"
"24.60215352085643","99","7"
"5.322859169466689","100.5","7"
"12.135827534030472","102","7"
"30.89222280857758","103.5","7"
"18.885425504353186","105","7"
"8.222098155723902","106.5","7"
"28.146454360963023","108","7"
"26.403712110914412","109.5","7"
"7.805265637234363","111","7"
"8.415376486062478","112.5","7"
"25.783529636840445","114","7"
"22.359351287751","115.5","7"
"20.285267289929134","117","7"
"19.933360644175295","118.5","7"
"18.730020527179395","120","7"
"7.3328270493894605","121.5","7"
"19.53937288209281","123","7"
"26.702459810858908","124.5","7"
"12.202090656550137","126","7"
"9.75220897839765","127.5","7"
"28.457994357863672","129","7"
"26.62848158469966","130.5","7"
"7.342558046188711","132","7"
"14.432346263343765","133.5","7"
"30.18481680168941","135","7"
"14.828024971244279","136.5","7"
"9.289037052410727","138","7"
"22.658992810678132","139.5","7"
"27.428292858418317","141","7"
"13.445678942939537","142.5","7"
"10.115706574233316","144","7"
"25.88714689371627","145.5","7"
"21.960493671406397","147","7"
"6.791979205576822","148.5","7"
"17.51607475619656","150","7"
"26.348084262246605","151.5","7"
"13.747146443421839","153","7"
"16.77739365664115","154.5","7"
"29.227823358901666","156","7"
"9.87060829021436","157.5","7"
"7.469803243547014","159","7"
"29.855510112870775","160.5","7"
"35.12088365831833","162","7"
"1.38279990917604","163.5","7"
"4.262307709532963","165","7"
"34.70086700434971","166.5","7"
"29.71566253416082","168","7"
"4.945177143023555","169.5","7"
"14.396762351502922","171","7"
"31.16932535664435","172.5","7"
"17.124148188243616","174","7"
"7.620362759288626","175.5","7"
"20.34245453736781","177","7"
"18.90107698944677","178.5","7"
"14.51379740718824","180","7"
"24.961020834866847","181.5","7"
"33.42562030939408","183","7"
"4.529033721979692","184.5","7"
"7.889310261604477","186","7"
"32.354022382189584","187.5","7"
"33.58233378765941","189","7"
"2.3946475994536387","190.5","7"
"14.28654596295706","192","7"
"34.00382446549412","193.5","7"
"12.953807981361054","195","7"
"9.050875043818417","196.5","7"
"24.091510534297615","198","7"
"24.927066015596694","199.5","7"
"10.134221603326825","201","7"
"12.960153601834262","202.5","7"
"26.62717656829811","204","7"
"11.537978438107412","205.5","7"
"10.538270536585191","207","7"
"29.685624506440302","208.5","7"
"23.478084874115773","210","7"
"9.68180604416894","211.5","7"
"14.416597206930438","213","7"
"31.54357060758408","214.5","7"
"17.293288071016065","216","7"
"-0.6099975964034148","217.5","7"
"18.68844120620942","219","7"
"32.83769735290975","220.5","7"
"18.99288288959885","222","7"
"9.875719459258335","223.5","7"
"19.73471240656093","225","7"
"16.044805537534614","226.5","7"
"16.22139046047236","228","7"
"22.687778092346964","229.5","7"
"26.534365335083695","231","7"
"10.597187061431795","232.5","7"
"7.41456393781318","234","7"
"29.22816660086576","235.5","7"
"24.564348119146462","237","7"
"7.199970194387256","238.5","7"
"13.725806201918306","240","7"
"23.28453648030291","241.5","7"
"17.388275493129722","243","7"
"14.132143705328117","244.5","7"
"24.980148298226236","246","7"
"21.891867929072983","247.5","7"
"3.8797379697915124","249","7"
"21.48104214495505","250.5","7"
"32.70035875099316","252","7"
"8.670991564473608","253.5","7"
"3.4710811873997147","255","7"
"24.836960644160115","256.5","7"
"25.781640934865443","258","7"
"10.767766121170434","259.5","7"
"10.360523469535519","261","7"
"24.473192113677666","262.5","7"
"12.962953550241854","264","7"
"17.736450035903434","265.5","7"
"23.698303342773062","267","7"
"16.614623787171844","268.5","7"
"5.171238130036636","270","7"
"13.711879638370156","271.5","7"
"29.288857704090166","273","7"
"19.576110226320598","274.5","7"
"2.0626823099651608","276","7"
"10.810626936884521","277.5","7"
"31.489362770087517","279","7"
"24.625516624899607","280.5","7"
"13.242894378306117","282","7"
"13.687244622480343","283.5","7"
"20.1704676628729","285","7"
"17.060305182922548","286.5","7"
"20.43483541136837","288","7"
"20.78867780241208","289.5","7"
"11.221563359909663","291","7"
"7.795058980251371","292.5","7"
"18.890169909775633","294","7"
"28.35109626536153","295.5","7"
"18.16965972617714","297","7"
"9.385251956573638","298.5","7"
"18.436465015321158","300","7"
"33.237171759382726","1.5","8"
"21.451819534692376","3","8"
"3.0208185132767578","4.5","8"
"20.076943810555367","6","8"
"33.41430203630403","7.5","8"
"20.13040418204891","9","8"
"3.9292419113867725","10.5","8"
"19.335764188276567","12","8"
"22.856890097599486","13.5","8"
"19.18793492714273","15","8"
"19.094390166685255","16.5","8"
"19.679039256923243","18","8"
"10.034273725011293","19.5","8"
"16.62732025515325","21","8"
"27.926103474086084","22.5","8"
"16.299456227990795","24","8"
"13.219919817196908","25.5","8"
"25.85702697578097","27","8"
"23.89347385977663","28.5","8"
"10.001822549472159","30","8"
"13.013178387078957","31.5","8"
"28.228524037280863","33","8"
"15.35836516797597","34.5","8"
"6.881851538370265","36","8"
"16.509596973194753","37.5","8"
"29.500434141570324","39","8"
"18.268955967464397","40.5","8"
"9.584082269240023","42","8"
"26.192336043108725","43.5","8"
"19.39333997864922","45","8"
"10.964616258749558","46.5","8"
"16.02740125337567","48","8"
"23.95812182848557","49.5","8"
"16.781063035201438","51","8"
"15.234832907802843","52.5","8"
"19.99506230749703","54","8"
"11.0788078074024","55.5","8"
"17.222230015069087","57","8"
"24.781838075540975","58.5","8"
"22.866917293047955","60","8"
"7.483505044590759","61.5","8"
"11.230413601313744","63","8"
"25.73552803221746","64.5","8"
"23.213243207781556","66","8"
"12.98770878793635","67.5","8"
"18.130390754671048","69","8"
"19.236856489923284","70.5","8"
"9.731641466899573","72","8"
"19.05683043561964","73.5","8"
"23.414808130918207","75","8"
"10.294362274198084","76.5","8"
"16.431972018960153","78","8"
"26.326928709312583","79.5","8"
"19.351149094585857","81","8"
"7.4217563379541485","82.5","8"
"19.071574158970627","84","8"
"32.58902639047775","85.5","8"
"14.66397970523835","87","8"
"10.184336672429218","88.5","8"
"19.470288903025608","90","8"
"23.08671411421636","91.5","8"
"12.728185629700562","93","8"
"16.770394656794668","94.5","8"
"26.927217088229188","96","8"
"11.95927048861265","97.5","8"
"3.6312497357909","99","8"
"24.149711826523614","100.5","8"
"22.262881130046264","102","8"
"12.467359197408221","103.5","8"
"13.69161442372878","105","8"
"26.726580834975085","106.5","8"
"13.349589487616296","108","8"
"10.649514908678333","109.5","8"
"25.12001504273114","111","8"
"30.053715794856313","112.5","8"
"3.985053577451592","114","8"
"12.320786167016061","115.5","8"
"27.115390347731275","117","8"
"19.54384373935098","118.5","8"
"12.442406203556748","120","8"
"19.728432995197544","121.5","8"
"29.027305585107246","123","8"
"5.518358989674386","124.5","8"
"6.506379676553783","126","8"
"30.05879298817288","127.5","8"
"29.676609613434156","129","8"
"6.461333089042978","130.5","8"
"6.983932482546403","132","8"
"29.681575296671017","133.5","8"
"18.679896746352025","135","8"
"11.426409989845128","136.5","8"
"24.18758866437839","138","8"
"20.534232708665357","139.5","8"
"3.951776094798396","141","8"
"10.464582410867674","142.5","8"
"36.305789765263","144","8"
"19.365016418404164","145.5","8"
"1.2017008970449248","147","8"
"16.46963629072549","148.5","8"
"35.33034140428409","150","8"
"19.03047398287438","151.5","8"
"3.6048257671770694","153","8"
"24.572542367659782","154.5","8"
"18.399450638239102","156","8"
"13.17586810867847","157.5","8"
"16.115790414991785","159","8"
"22.260201403443354","160.5","8"
"12.230474327697532","162","8"
"13.991887546716741","163.5","8"
"27.31625659052477","165","8"
"22.169791121632585","166.5","8"
"7.885927498795928","168","8"
"21.855069602770353","169.5","8"
"28.872989573555575","171","8"
"18.75503363193321","172.5","8"
"3.7072257782804887","174","8"
"21.669265932462","175.5","8"
"23.877951308212705","177","8"
"18.475233933813573","178.5","8"
"11.789588736546637","180","8"
"23.181612676735252","181.5","8"
"16.536897776927514","183","8"
"9.847659864280082","184.5","8"
"23.849247916758657","186","8"
"21.399216396936566","187.5","8"
"9.783333358222794","189","8"
"10.895154190818358","190.5","8"
"25.937549449742903","192","8"
"21.765828434451493","193.5","8"
"10.633013159226996","195","8"
"10.186843035705087","196.5","8"
"27.813089750650125","198","8"
"29.20098253424769","199.5","8"
"9.009091868483976","201","8"
"8.088104856198456","202.5","8"
"19.396319388591333","204","8"
"25.05944590365641","205.5","8"
"19.73965892400284","207","8"
"18.307838138381513","208.5","8"
"11.150701317774667","210","8"
"8.857654210864688","211.5","8"
"22.32925750499063","213","8"
"32.93154353905143","214.5","8"
"20.30638973830824","216","8"
"2.992391936883851","217.5","8"
"19.631075983890156","219","8"
"32.48654862722891","220.5","8"
"19.054868555154833","222","8"
"9.40259351631275","223.5","8"
"17.418458135484858","225","8"
"26.86524536143317","226.5","8"
"12.703548871465753","228","8"
"18.94035467267784","229.5","8"
"21.491372508432715","231","8"
"16.915502375045705","232.5","8"
"11.51062536402479","234","8"
"21.419957271761685","235.5","8"
"30.594668614954923","237","8"
"18.51165939828719","238.5","8"
"9.449635088843277","240","8"
"21.73944236184131","241.5","8"
"20.363892350191087","243","8"
"14.035821646947989","244.5","8"
"19.6139400208605","246","8"
"26.07529924507841","247.5","8"
"23.154139380847948","249","8"
"23.208984916612824","250.5","8"
"15.86920155482927","252","8"
"24.765254435874855","253.5","8"
"16.93034541206143","255","8"
"13.064100161914215","256.5","8"
"26.87967720502998","258","8"
"17.588587670214686","259.5","8"
"8.617540775877542","261","8"
"15.517340210045315","262.5","8"
"31.271918114662885","264","8"
"19.036992095502132","265.5","8"
"2.1603427070948715","267","8"
"15.645252725536851","268.5","8"
"29.628064397172608","270","8"
"21.656241903621464","271.5","8"
"10.547978011727004","273","8"
"15.482134387068472","274.5","8"
"28.58360175092631","276","8"
"17.060643197851654","277.5","8"
"11.379896347848206","279","8"
"24.172689872322813","280.5","8"
"23.34856417419349","282","8"
"9.402265955453618","283.5","8"
"13.0061706755075","285","8"
"30.99954080622361","286.5","8"
"20.244053861408187","288","8"
"10.295237802558267","289.5","8"
"12.064175338440068","291","8"
"24.14021256160875","292.5","8"
"20.106558448442005","294","8"
"15.330254173820354","295.5","8"
"23.240392427499717","297","8"
"24.961907688469502","298.5","8"
"13.650043814483778","300","8"
"13.399224540672458","1.5","9"
"9.62114194729196","3","9"
"21.39026945538524","4.5","9"
"25.8357372622823","6","9"
"10.180117584022883","7.5","9"
"11.404026954861854","9","9"
"25.575608639160617","10.5","9"
"10.590872803168502","12","9"
"11.654954254062888","13.5","9"
"35.08608902876039","15","9"
"22.112649175163785","16.5","9"
"1.5688868194427068","18","9"
"17.169423022948816","19.5","9"
"34.514652140622445","21","9"
"16.592919395564277","22.5","9"
"9.29303486300265","24","9"
"26.473449469354883","25.5","9"
"20.35801890521163","27","9"
"4.281797580651392","28.5","9"
"13.109278296472171","30","9"
"33.74483533599942","31.5","9"
"14.561340775077438","33","9"
"6.601708162700288","34.5","9"
"27.3503333739446","36","9"
"30.162859770057512","37.5","9"
"3.7964185965257298","39","9"
"10.415932653906403","40.5","9"
"31.743501211115053","42","9"
"17.748766672675846","43.5","9"
"11.309756507713798","45","9"
"22.971782068940474","46.5","9"
"24.758818213461886","48","9"
"13.765606588647993","49.5","9"
"23.69988364968388","51","9"
"25.649710571814538","52.5","9"
"3.63177701294513","54","9"
"10.042228401087744","55.5","9"
"37.84550352237884","57","9"
"28.898375540138403","58.5","9"
"-2.4441870413281794","60","9"
"7.175228895452723","61.5","9"
"36.34606929686642","63","9"
"21.485080900654363","64.5","9"
"8.896664444138965","66","9"
"18.07536749971664","67.5","9"
"27.357679100445164","69","9"
"21.491391674227664","70.5","9"
"19.627214947380374","72","9"
"20.130351911699048","73.5","9"
"8.635569690717336","75","9"
"15.234310204304228","76.5","9"
"32.72655665034384","78","9"
"17.798967116683013","79.5","9"
"6.147439184053558","81","9"
"17.596820250317904","82.5","9"
"33.717278407552335","84","9"
"14.414513362315951","85.5","9"
"4.719958579815746","87","9"
"22.631430655196063","88.5","9"
"24.183860046088256","90","9"
"12.264460509177603","91.5","9"
"21.687412455588984","93","9"
"25.82280209303653","94.5","9"
"12.866634976551717","96","9"
"11.152370484280251","97.5","9"
"25.786171031853456","99","9"
"21.08937170171643","100.5","9"
"9.246583074253063","102","9"
"20.313364345324786","103.5","9"
"20.959810927859255","105","9"
"8.62108296325317","106.5","9"
"15.077171593860024","108","9"
"28.226067330837363","109.5","9"
"9.571607079073033","111","9"
"9.242809154993049","112.5","9"
"31.385268110682958","114","9"
"25.370890071582313","115.5","9"
"3.5955560562153477","117","9"
"17.57156844429972","118.5","9"
"27.91070811370682","120","9"
"10.813589794549182","121.5","9"
"14.630150334807865","123","9"
"28.91264011861566","124.5","9"
"20.978382583165114","126","9"
"-2.126015461581953","127.5","9"
"18.717893806011485","129","9"
"33.24221062110939","130.5","9"
"6.5968557318881285","132","9"
"2.3493102581217284","133.5","9"
"29.88096925794341","135","9"
"25.242528031081964","136.5","9"
"5.188936870499805","138","9"
"14.097561641859622","139.5","9"
"28.699662835759206","141","9"
"15.13432922143378","142.5","9"
"8.459364598988584","144","9"
"20.738761360639163","145.5","9"
"23.783540602292522","147","9"
"12.519138205981212","148.5","9"
"15.351132693900109","150","9"
"21.63929237150631","151.5","9"
"17.697095689492567","153","9"
"16.907048517128075","154.5","9"
"29.39301160322457","156","9"
"16.554115630171953","157.5","9"
"6.813304201561644","159","9"
"17.088311636378442","160.5","9"
"30.205724941634088","162","9"
"7.875058750714687","163.5","9"
"9.354305295938024","165","9"
"28.313836217635124","166.5","9"
"20.64046871006925","168","9"
"8.29627762273012","169.5","9"
"15.229215587537707","171","9"
"21.61032588595796","172.5","9"
"15.265379700262015","174","9"
"17.393917206224796","175.5","9"
"28.549223541822276","177","9"
"13.963861056293402","178.5","9"
"6.5496037711994095","180","9"
"20.661047546809797","181.5","9"
"25.348743124345912","183","9"
"11.313708146163343","184.5","9"
"13.651834945139038","186","9"
"25.248932891285016","187.5","9"
"10.043664964536443","189","9"
"10.151881141027596","190.5","9"
"20.980853228368577","192","9"
"27.593735485110546","193.5","9"
"8.657794172306028","195","9"
"12.889617378213405","196.5","9"
"25.728548198165928","198","9"
"10.579661684295667","199.5","9"
"10.086814138347268","201","9"
"22.00281174665442","202.5","9"
"23.796641294312856","204","9"
"6.322173301019952","205.5","9"
"14.30710476273016","207","9"
"31.618188274356637","208.5","9"
"14.938050573013145","210","9"
"4.492914910225265","211.5","9"
"17.080760313168422","213","9"
"20.929962815743234","214.5","9"
"9.58795637333727","216","9"
"19.04116675411109","217.5","9"
"28.33514858161873","219","9"
"11.26889503288192","220.5","9"
"7.22612845538929","222","9"
"21.41535225393887","223.5","9"
"26.946996188616854","225","9"
"10.338278079806882","226.5","9"
"12.51730613021856","228","9"
"27.243984120116007","229.5","9"
"19.69959892786884","231","9"
"8.611216063544276","232.5","9"
"15.482880110726498","234","9"
"23.389838584789278","235.5","9"
"9.363776683332961","237","9"
"18.353051991011874","238.5","9"
"27.028891630435155","240","9"
"16.428342714334754","241.5","9"
"2.311270075423635","243","9"
"16.167050204756148","244.5","9"
"32.45501915219234","246","9"
"9.191179116917164","247.5","9"
"9.37140031386029","249","9"
"25.046468918130746","250.5","9"
"20.20928710937018","252","9"
"10.677843695958373","253.5","9"
"17.08060001742885","255","9"
"20.49503691564907","256.5","9"
"13.975781309579359","258","9"
"16.733165971278176","259.5","9"
"28.588875829227355","261","9"
"17.973778332415453","262.5","9"
"5.814115954434298","264","9"
"21.470375508893277","265.5","9"
"29.279783571354177","267","9"
"6.313845763114488","268.5","9"
"7.8389634606176966","270","9"
"26.19742020580527","271.5","9"
"28.029779970691752","273","9"
"7.8328521855463675","274.5","9"
"11.162451692423575","276","9"
"21.60724542000611","277.5","9"
"22.352761738978437","279","9"
"15.488044421292832","280.5","9"
"23.08214917032844","282","9"
"17.616057481412","283.5","9"
"6.108161936408737","285","9"
"15.926073437823785","286.5","9"
"29.27787744592922","288","9"
"15.708782108758749","289.5","9"
"4.5233745854346665","291","9"
"16.32180006021167","292.5","9"
"30.79290914384037","294","9"
"15.022001981926005","295.5","9"
"8.154978670639004","297","9"
"23.417493084556103","298.5","9"
"21.927573805063506","300","9"
"7.787694087955859","1.5","10"
"10.076775617656331","3","10"
"30.647869377044152","4.5","10"
"25.761769490193025","6","10"
"9.80854944616857","7.5","10"
"16.208361204596837","9","10"
"27.728640031068583","10.5","10"
"9.840821160173178","12","10"
"13.830769420303069","13.5","10"
"33.180350404393074","15","10"
"16.47130545723107","16.5","10"
"3.2780827212260233","18","10"
"26.197793067634283","19.5","10"
"36.40835116107162","21","10"
"3.0786724254692985","22.5","10"
"4.867759527843407","24","10"
"34.79416260947284","25.5","10"
"30.665899163056444","27","10"
"1.6432147124632188","28.5","10"
"10.776038775208544","30","10"
"28.214533006967887","31.5","10"
"13.960780590341551","33","10"
"19.705559490098068","34.5","10"
"31.472294758512678","36","10"
"6.9658269045268115","37.5","10"
"-0.10815200238583592","39","10"
"32.638515957726796","40.5","10"
"34.352899800630446","42","10"
"1.2652857086169886","43.5","10"
"2.2468899922577377","45","10"
"35.90696002643833","46.5","10"
"30.133274752035796","48","10"
"6.380656853135202","49.5","10"
"13.801285458291085","51","10"
"29.286087375547496","52.5","10"
"16.254792956378978","54","10"
"12.121993314767078","55.5","10"
"24.42353179661907","57","10"
"13.780910475914997","58.5","10"
"6.496912209435084","60","10"
"26.269427839774735","61.5","10"
"25.49074424147017","63","10"
"12.606005429243858","64.5","10"
"15.06620178976905","66","10"
"23.345262430427226","67.5","10"
"10.959875338017103","69","10"
"12.512323023531746","70.5","10"
"31.334119830998297","72","10"
"14.247520048577824","73.5","10"
"6.917965558675955","75","10"
"20.251336863488916","76.5","10"
"34.59453517397107","78","10"
"18.068027000251064","79.5","10"
"3.5403134835846473","81","10"
"28.60402377661727","82.5","10"
"26.475280673945036","84","10"
"11.270629537324831","85.5","10"
"19.024001171216508","87","10"
"26.635311577081588","88.5","10"
"10.179723814053924","90","10"
"13.381610303941567","91.5","10"
"27.167437677433554","93","10"
"22.207859617436853","94.5","10"
"6.571499820756471","96","10"
"26.600436799653867","97.5","10"
"24.60215352085643","99","10"
"5.322859169466689","100.5","10"
"12.135827534030472","102","10"
"30.89222280857758","103.5","10"
"18.885425504353186","105","10"
"8.222098155723902","106.5","10"
"28.146454360963023","108","10"
"26.403712110914412","109.5","10"
"7.805265637234363","111","10"
"8.415376486062478","112.5","10"
"25.783529636840445","114","10"
"22.359351287751","115.5","10"
"20.285267289929134","117","10"
"19.933360644175295","118.5","10"
"18.730020527179395","120","10"
"7.3328270493894605","121.5","10"
"19.53937288209281","123","10"
"26.702459810858908","124.5","10"
"12.202090656550137","126","10"
"9.75220897839765","127.5","10"
"28.457994357863672","129","10"
"26.62848158469966","130.5","10"
"7.342558046188711","132","10"
"14.432346263343765","133.5","10"
"30.18481680168941","135","10"
"14.828024971244279","136.5","10"
"9.289037052410727","138","10"
"22.658992810678132","139.5","10"
"27.428292858418317","141","10"
"13.445678942939537","142.5","10"
"10.115706574233316","144","10"
"25.88714689371627","145.5","10"
"21.960493671406397","147","10"
"6.791979205576822","148.5","10"
"17.51607475619656","150","10"
"26.348084262246605","151.5","10"
"13.747146443421839","153","10"
"16.77739365664115","154.5","10"
"29.227823358901666","156","10"
"9.87060829021436","157.5","10"
"7.469803243547014","159","10"
"29.855510112870775","160.5","10"
"35.12088365831833","162","10"
"1.38279990917604","163.5","10"
"4.262307709532963","165","10"
"34.70086700434971","166.5","10"
"29.71566253416082","168","10"
"4.945177143023555","169.5","10"
"14.396762351502922","171","10"
"31.16932535664435","172.5","10"
"17.124148188243616","174","10"
"7.620362759288626","175.5","10"
"20.34245453736781","177","10"
"18.90107698944677","178.5","10"
"14.51379740718824","180","10"
"24.961020834866847","181.5","10"
"33.42562030939408","183","10"
"4.529033721979692","184.5","10"
"7.889310261604477","186","10"
"32.354022382189584","187.5","10"
"33.58233378765941","189","10"
"2.3946475994536387","190.5","10"
"14.28654596295706","192","10"
"34.00382446549412","193.5","10"
"12.953807981361054","195","10"
"9.050875043818417","196.5","10"
"24.091510534297615","198","10"
"24.927066015596694","199.5","10"
"10.134221603326825","201","10"
"12.960153601834262","202.5","10"
"26.62717656829811","204","10"
"11.537978438107412","205.5","10"
"10.538270536585191","207","10"
"29.685624506440302","208.5","10"
"23.478084874115773","210","10"
"9.68180604416894","211.5","10"
"14.416597206930438","213","10"
"31.54357060758408","214.5","10"
"17.293288071016065","216","10"
"-0.6099975964034148","217.5","10"
"18.68844120620942","219","10"
"32.83769735290975","220.5","10"
"18.99288288959885","222","10"
"9.875719459258335","223.5","10"
"19.73471240656093","225","10"
"16.044805537534614","226.5","10"
"16.22139046047236","228","10"
"22.687778092346964","229.5","10"
"26.534365335083695","231","10"
"10.597187061431795","232.5","10"
"7.41456393781318","234","10"
"29.22816660086576","235.5","10"
"24.564348119146462","237","10"
"7.199970194387256","238.5","10"
"13.725806201918306","240","10"
"23.28453648030291","241.5","10"
"17.388275493129722","243","10"
"14.132143705328117","244.5","10"
"24.980148298226236","246","10"
"21.891867929072983","247.5","10"
"3.8797379697915124","249","10"
"21.48104214495505","250.5","10"
"32.70035875099316","252","10"
"8.670991564473608","253.5","10"
"3.4710811873997147","255","10"
"24.836960644160115","256.5","10"
"25.781640934865443","258","10"
"10.767766121170434","259.5","10"
"10.360523469535519","261","10"
"24.473192113677666","262.5","10"
"12.962953550241854","264","10"
"17.736450035903434","265.5","10"
"23.698303342773062","267","10"
"16.614623787171844","268.5","10"
"5.171238130036636","270","10"
"13.711879638370156","271.5","10"
"29.288857704090166","273","10"
"19.576110226320598","274.5","10"
"2.0626823099651608","276","10"
"10.810626936884521","277.5","10"
"31.489362770087517","279","10"
"24.625516624899607","280.5","10"
"13.242894378306117","282","10"
"13.687244622480343","283.5","10"
"20.1704676628729","285","10"
"17.060305182922548","286.5","10"
"20.43483541136837","288","10"
"20.78867780241208","289.5","10"
"11.221563359909663","291","10"
"7.795058980251371","292.5","10"
"18.890169909775633","294","10"
"28.35109626536153","295.5","10"
"18.16965972617714","297","10"
"9.385251956573638","298.5","10"
"18.436465015321158","300","10"
"22.76840162231863","1.5","11"
"-0.16636317016881788","3","11"
"26.05939511996049","4.5","11"
"31.909299276186342","6","11"
"13.868887572939705","7.5","11"
"9.493705091984165","9","11"
"29.313992772993657","10.5","11"
"16.18451721333493","12","11"
"8.135966202049312","13.5","11"
"24.91925508298236","15","11"
"22.724926629993668","16.5","11"
"8.633876131381816","18","11"
"18.681072829223915","19.5","11"
"32.39942092338946","21","11"
"3.0549214318715197","22.5","11"
"8.402823761543193","24","11"
"28.233076784753816","25.5","11"
"19.991568905781275","27","11"
"8.32345036410572","28.5","11"
"17.46327124876628","30","11"
"23.643292284233624","31.5","11"
"12.163792171206476","33","11"
"15.156136411396078","34.5","11"
"23.452599593868207","36","11"
"6.3424263192463615","37.5","11"
"5.967380460781253","39","11"
"25.5531289040301","40.5","11"
"30.327971351200617","42","11"
"10.457538110051313","43.5","11"
"12.43440099947543","45","11"
"22.453613894346574","46.5","11"
"9.954350617727773","48","11"
"10.69149148430726","49.5","11"
"22.622253724105345","51","11"
"28.542459758550173","52.5","11"
"6.6112875754849405","54","11"
"11.380025281377865","55.5","11"
"20.387701494553088","57","11"
"15.92982819128885","58.5","11"
"15.59257815163623","60","11"
"25.479427710725115","61.5","11"
"18.97101471756171","63","11"
"10.662127744099958","64.5","11"
"22.104146531586284","66","11"
"30.17939810875375","67.5","11"
"11.85276877959696","69","11"
"4.982768671885336","70.5","11"
"26.55642342272533","72","11"
"25.356792758224614","73.5","11"
"12.512943298350104","75","11"
"12.59891844097511","76.5","11"
"23.47853614146958","78","11"
"20.95293911919744","79.5","11"
"7.140270485465225","81","11"
"22.944082268203772","82.5","11"
"22.55846647382413","84","11"
"10.496785302244962","85.5","11"
"8.693032228665286","87","11"
"31.97256382296894","88.5","11"
"21.452427613095765","90","11"
"11.253426494012851","91.5","11"
"14.336116549248393","93","11"
"28.71766474425157","94.5","11"
"15.512168930098998","96","11"
"9.420259152221007","97.5","11"
"18.228775749525717","99","11"
"19.95238705152495","100.5","11"
"17.453439195957298","102","11"
"23.54440723636528","103.5","11"
"27.230951379550493","105","11"
"7.403983547828676","106.5","11"
"6.17068032394706","108","11"
"28.2799458651298","109.5","11"
"36.13332548823935","111","11"
"3.7558254428231415","112.5","11"
"4.6240011071259035","114","11"
"30.979364451177","115.5","11"
"28.604231115671723","117","11"
"12.049946478035219","118.5","11"
"8.336830702497814","120","11"
"26.16837705707712","121.5","11"
"18.10754861178149","123","11"
"13.110282758362013","124.5","11"
"26.36041135308899","126","11"
"20.676763498668212","127.5","11"
"10.524736871833502","129","11"
"14.755593947440934","130.5","11"
"27.958399580920627","132","11"
"14.206435553586536","133.5","11"
"7.220506343675416","135","11"
"17.727905576046044","136.5","11"
"24.266441971834738","138","11"
"17.274867999724805","139.5","11"
"13.697075804116828","141","11"
"21.383125840904142","142.5","11"
"11.508156461166323","144","11"
"12.452672971442082","145.5","11"
"23.278955749282677","147","11"
"25.52808792175636","148.5","11"
"11.020719767601106","150","11"
"10.11117386372781","151.5","11"
"25.49623611289564","153","11"
"17.49983435849453","154.5","11"
"13.250781974100246","156","11"
"18.886397732860615","157.5","11"
"27.780534034411268","159","11"
"7.629787103368688","160.5","11"
"10.930224110885561","162","11"
"25.015831523731816","163.5","11"
"22.219986338604766","165","11"
"11.278756705555827","166.5","11"
"21.08060422169963","168","11"
"30.194270765634396","169.5","11"
"6.180227067763049","171","11"
"3.524773508570767","172.5","11"
"29.035923223454443","174","11"
"28.41174206761606","175.5","11"
"9.123211980992009","177","11"
"11.723691506476005","178.5","11"
"27.31336952486741","180","11"
"18.90800455314844","181.5","11"
"18.7333449214306","183","11"
"25.63057265438518","184.5","11"
"21.84085032526298","186","11"
"10.846460004059706","187.5","11"
"15.268308582199266","189","11"
"27.51460514479993","190.5","11"
"16.86241660772617","192","11"
"8.264359604759576","193.5","11"
"19.4640182033872","195","11"
"28.575135696593712","196.5","11"
"11.844606764466057","198","11"
"10.845236006700445","199.5","11"
"28.62571771415487","201","11"
"23.806328732487223","202.5","11"
"8.88636021583623","204","11"
"11.035009610080794","205.5","11"
"24.93385419169873","207","11"
"18.396478197676966","208.5","11"
"15.03744612796514","210","11"
"24.874210237816552","211.5","11"
"18.041388287616552","213","11"
"12.09235951108549","214.5","11"
"18.700810113331688","216","11"
"31.488373118130134","217.5","11"
"14.855158509857482","219","11"
"2.2686379424901917","220.5","11"
"22.7189434172795","222","11"
"34.207755493134506","223.5","11"
"12.940785694865511","225","11"
"9.549260633334661","226.5","11"
"20.965121595405204","228","11"
"17.20249447330631","229.5","11"
"16.35375466742712","231","11"
"25.753610088579613","232.5","11"
"25.643903335944906","234","11"
"1.0040856522197","235.5","11"
"3.1696862120278464","237","11"
"26.644087768823365","238.5","11"
"30.59524010411341","240","11"
"11.611940983161704","241.5","11"
"13.737932923086218","243","11"
"18.793973300235173","244.5","11"
"19.694622790562008","246","11"
"11.78440700253035","247.5","11"
"19.06926729419673","249","11"
"18.23281798991502","250.5","11"
"9.544939617746095","252","11"
"19.275264743001653","253.5","11"
"33.9192545241079","255","11"
"18.519703805130906","256.5","11"
"4.007698835356671","258","11"
"13.220811897834547","259.5","11"
"21.55411783640669","261","11"
"18.273743931511728","262.5","11"
"14.334181675131013","264","11"
"24.511408708806545","265.5","11"
"19.1706003367836","267","11"
"16.915979777574442","268.5","11"
"24.798575041566686","270","11"
"31.708459168567774","271.5","11"
"10.30043347533452","273","11"
"9.809458950256165","274.5","11"
"26.033695531278493","276","11"
"25.464384304034922","277.5","11"
"11.133970449956438","279","11"
"12.835771077303386","280.5","11"
"19.940790003235637","282","11"
"21.017609738391318","283.5","11"
"14.113782002594203","285","11"
"19.26733707327263","286.5","11"
"17.092852187436428","288","11"
"12.574360088265092","289.5","11"
"20.70365833601705","291","11"
"23.54633426993018","292.5","11"
"12.324866738995265","294","11"
"9.030744860914181","295.5","11"
"27.76168360390615","297","11"
"29.819464479606154","298.5","11"
"7.884979663118436","300","11"
"20.728511145031288","1.5","12"
"27.137209734108538","3","12"
"4.422972390661586","4.5","12"
"16.92734160928938","6","12"
"27.236683694585324","7.5","12"
"17.099274471089434","9","12"
"11.46612500167004","10.5","12"
"21.310900413810256","12","12"
"20.212400679876943","13.5","12"
"12.618218396489041","15","12"
"21.070319159191843","16.5","12"
"25.596084677546436","18","12"
"11.484897897822865","19.5","12"
"9.10619014155955","21","12"
"27.13497953251444","22.5","12"
"21.63096047773836","24","12"
"8.77691394377833","25.5","12"
"17.27273885414044","27","12"
"23.525746721464657","28.5","12"
"8.74079251850641","30","12"
"13.276445844709837","31.5","12"
"30.82957505192335","33","12"
"14.18217949773322","34.5","12"
"8.58855425336174","36","12"
"22.975712799250076","37.5","12"
"31.347048030864087","39","12"
"8.168304996336243","40.5","12"
"10.72491140366383","42","12"
"26.846680675507294","43.5","12"
"15.347346578225126","45","12"
"12.80813574333151","46.5","12"
"20.331394131337078","48","12"
"18.622906383897824","49.5","12"
"7.388123852508142","51","12"
"19.107574491265368","52.5","12"
"31.20410604744232","54","12"
"7.8549790958153185","55.5","12"
"0.8938662690183773","57","12"
"27.65248735835509","58.5","12"
"31.52023712340582","60","12"
"11.121155502515347","61.5","12"
"9.164165800108643","63","12"
"27.916456109846614","64.5","12"
"16.7821363197186","66","12"
"12.832245442205215","67.5","12"
"20.62275254615613","69","12"
"20.835093873089264","70.5","12"
"11.3011772009565","72","12"
"16.374141846218173","73.5","12"
"30.48560130293352","75","12"
"16.280706853495406","76.5","12"
"5.792479514281549","78","12"
"26.271922877808134","79.5","12"
"27.82292180345911","81","12"
"6.468481930559062","82.5","12"
"12.59209716031816","84","12"
"25.732386584190774","85.5","12"
"18.872969479981148","87","12"
"12.422472905636994","88.5","12"
"21.47446305025246","90","12"
"17.555312365492735","91.5","12"
"13.07212888765297","93","12"
"20.28181047745828","94.5","12"
"32.16342377845392","96","12"
"13.568226778190269","97.5","12"
"4.000073462484348","99","12"
"21.644968931501293","100.5","12"
"35.10340096863458","102","12"
"10.896776314009065","103.5","12"
"3.7120246319840406","105","12"
"24.219041476235162","106.5","12"
"23.28508880366645","108","12"
"17.534799737862013","109.5","12"
"18.762370646708796","111","12"
"21.91897359016626","112.5","12"
"4.101374271688801","114","12"
"12.372124362305218","115.5","12"
"32.760894785512974","117","12"
"21.06277480536181","118.5","12"
"5.757610835061314","120","12"
"14.2649138786668","121.5","12"
"33.20294861898328","123","12"
"13.597925919809184","124.5","12"
"3.608296082821637","126","12"
"24.369726440816443","127.5","12"
"24.810400337050396","129","12"
"12.172535258393342","130.5","12"
"18.107224535612346","132","12"
"24.122543441010503","133.5","12"
"20.258044891721166","135","12"
"8.803983015626706","136.5","12"
"22.997824899586565","138","12"
"25.545277897480872","139.5","12"
"14.513854904573089","141","12"
"14.659540210190098","142.5","12"
"23.21353243705079","144","12"
"13.549255254707969","145.5","12"
"8.3566768831678","147","12"
"26.07620177978602","148.5","12"
"29.273120844091807","150","12"
"5.480582336656846","151.5","12"
"10.435796258026343","153","12"
"29.176969535521227","154.5","12"
"21.409328967289806","156","12"
"9.763938444906614","157.5","12"
"19.013041821195507","159","12"
"28.82950412716064","160.5","12"
"12.206353303581357","162","12"
"11.014384601197868","163.5","12"
"25.638754706483528","165","12"
"20.677653836960857","166.5","12"
"5.5770115492541885","168","12"
"15.759738730493916","169.5","12"
"29.697430636129063","171","12"
"16.031997559473506","172.5","12"
"9.537136525684243","174","12"
"25.359066518443598","175.5","12"
"22.973552291455793","177","12"
"5.444713115823007","178.5","12"
"14.508715858009188","180","12"
"28.90244217335764","181.5","12"
"13.650143999321012","183","12"
"6.617887578327477","184.5","12"
"20.752346424568216","186","12"
"24.498142494011645","187.5","12"
"9.663940038586215","189","12"
"13.045985000997149","190.5","12"
"29.44836241903811","192","12"
"19.60278378585502","193.5","12"
"10.799280786274544","195","12"
"17.160531836437343","196.5","12"
"24.85722760114649","198","12"
"10.297332972415225","199.5","12"
"14.816217099210522","201","12"
"32.13140993150863","202.5","12"
"19.200284668470054","204","12"
"10.38526912433254","205.5","12"
"16.89918879885387","207","12"
"28.790224701584574","208.5","12"
"15.129076051272682","210","12"
"10.694064927865451","211.5","12"
"27.458909344677306","213","12"
"22.107777578556675","214.5","12"
"7.370313601965269","216","12"
"15.370833388762978","217.5","12"
"26.900273465220483","219","12"
"17.22551782007539","220.5","12"
"6.7053262907486095","222","12"
"22.669910344419243","223.5","12"
"27.093187645455025","225","12"
"13.86672009576544","226.5","12"
"13.192213918252719","228","12"
"23.819182011518212","229.5","12"
"22.48096174139421","231","12"
"12.727824093114018","232.5","12"
"20.213083679115133","234","12"
"22.434101372743207","235.5","12"
"12.15623213627148","237","12"
"19.041354927370588","238.5","12"
"30.44986232238809","240","12"
"17.637328029115718","241.5","12"
"5.853780873840593","243","12"
"20.325560760292515","244.5","12"
"31.55001728406702","246","12"
"24.223629070608023","247.5","12"
"7.914518508997775","249","12"
"17.31983095467583","250.5","12"
"25.0759267449678","252","12"
"16.71635582676266","253.5","12"
"17.579222565864466","255","12"
"23.99363778887159","256.5","12"
"10.900340280697135","258","12"
"14.492607007354312","259.5","12"
"28.951027463554084","261","12"
"27.372198061291748","262.5","12"
"0.9268822365774216","264","12"
"5.178071171522306","265.5","12"
"29.41956494095431","267","12"
"26.56945093625586","268.5","12"
"15.080265998571836","270","12"
"18.857244816397753","271.5","12"
"20.317910123417757","273","12"
"11.539442007903538","274.5","12"
"16.703340509647095","276","12"
"27.739651651439445","277.5","12"
"20.89064157388728","279","12"
"3.369097378957069","280.5","12"
"13.220141095011323","282","12"
"33.08633695313184","283.5","12"
"18.44493106965376","285","12"
"7.876364638288732","286.5","12"
"21.062931616411394","288","12"
"31.368130405308303","289.5","12"
"15.432798146179017","291","12"
"13.548557445537316","292.5","12"
"21.62650878627514","294","12"
"21.276771360040563","295.5","12"
"11.290176905828108","297","12"
"16.823719125378567","298.5","12"
"27.721322182087945","300","12"
"7.787694087955859","1.5","13"
"10.076775617656331","3","13"
"30.647869377044152","4.5","13"
"25.761769490193025","6","13"
"9.80854944616857","7.5","13"
"16.208361204596837","9","13"
"27.728640031068583","10.5","13"
"9.840821160173178","12","13"
"13.830769420303069","13.5","13"
"33.180350404393074","15","13"
"16.47130545723107","16.5","13"
"3.2780827212260233","18","13"
"26.197793067634283","19.5","13"
"36.40835116107162","21","13"
"3.0786724254692985","22.5","13"
"4.867759527843407","24","13"
"34.79416260947284","25.5","13"
"30.665899163056444","27","13"
"1.6432147124632188","28.5","13"
"10.776038775208544","30","13"
"28.214533006967887","31.5","13"
"13.960780590341551","33","13"
"19.705559490098068","34.5","13"
"31.472294758512678","36","13"
"6.9658269045268115","37.5","13"
"-0.10815200238583592","39","13"
"32.638515957726796","40.5","13"
"34.352899800630446","42","13"
"1.2652857086169886","43.5","13"
"2.2468899922577377","45","13"
"35.90696002643833","46.5","13"
"30.133274752035796","48","13"
"6.380656853135202","49.5","13"
"13.801285458291085","51","13"
"29.286087375547496","52.5","13"
"16.254792956378978","54","13"
"12.121993314767078","55.5","13"
"24.42353179661907","57","13"
"13.780910475914997","58.5","13"
"6.496912209435084","60","13"
"26.269427839774735","61.5","13"
"25.49074424147017","63","13"
"12.606005429243858","64.5","13"
"15.06620178976905","66","13"
"23.345262430427226","67.5","13"
"10.959875338017103","69","13"
"12.512323023531746","70.5","13"
"31.334119830998297","72","13"
"14.247520048577824","73.5","13"
"6.917965558675955","75","13"
"20.251336863488916","76.5","13"
"34.59453517397107","78","13"
"18.068027000251064","79.5","13"
"3.5403134835846473","81","13"
"28.60402377661727","82.5","13"
"26.475280673945036","84","13"
"11.270629537324831","85.5","13"
"19.024001171216508","87","13"
"26.635311577081588","88.5","13"
"10.179723814053924","90","13"
"13.381610303941567","91.5","13"
"27.167437677433554","93","13"
"22.207859617436853","94.5","13"
"6.571499820756471","96","13"
"26.600436799653867","97.5","13"
"24.60215352085643","99","13"
"5.322859169466689","100.5","13"
"12.135827534030472","102","13"
"30.89222280857758","103.5","13"
"18.885425504353186","105","13"
"8.222098155723902","106.5","13"
"28.146454360963023","108","13"
"26.403712110914412","109.5","13"
"7.805265637234363","111","13"
"8.415376486062478","112.5","13"
"25.783529636840445","114","13"
"22.359351287751","115.5","13"
"20.285267289929134","117","13"
"19.933360644175295","118.5","13"
"18.730020527179395","120","13"
"7.3328270493894605","121.5","13"
"19.53937288209281","123","13"
"26.702459810858908","124.5","13"
"12.202090656550137","126","13"
"9.75220897839765","127.5","13"
"28.457994357863672","129","13"
"26.62848158469966","130.5","13"
"7.342558046188711","132","13"
"14.432346263343765","133.5","13"
"30.18481680168941","135","13"
"14.828024971244279","136.5","13"
"9.289037052410727","138","13"
"22.658992810678132","139.5","13"
"27.428292858418317","141","13"
"13.445678942939537","142.5","13"
"10.115706574233316","144","13"
"25.88714689371627","145.5","13"
"21.960493671406397","147","13"
"6.791979205576822","148.5","13"
"17.51607475619656","150","13"
"26.348084262246605","151.5","13"
"13.747146443421839","153","13"
"16.77739365664115","154.5","13"
"29.227823358901666","156","13"
"9.87060829021436","157.5","13"
"7.469803243547014","159","13"
"29.855510112870775","160.5","13"
"35.12088365831833","162","13"
"1.38279990917604","163.5","13"
"4.262307709532963","165","13"
"34.70086700434971","166.5","13"
"29.71566253416082","168","13"
"4.945177143023555","169.5","13"
"14.396762351502922","171","13"
"31.16932535664435","172.5","13"
"17.124148188243616","174","13"
"7.620362759288626","175.5","13"
"20.34245453736781","177","13"
"18.90107698944677","178.5","13"
"14.51379740718824","180","13"
"24.961020834866847","181.5","13"
"33.42562030939408","183","13"
"4.529033721979692","184.5","13"
"7.889310261604477","186","13"
"32.354022382189584","187.5","13"
"33.58233378765941","189","13"
"2.3946475994536387","190.5","13"
"14.28654596295706","192","13"
"34.00382446549412","193.5","13"
"12.953807981361054","195","13"
"9.050875043818417","196.5","13"
"24.091510534297615","198","13"
"24.927066015596694","199.5","13"
"10.134221603326825","201","13"
"12.960153601834262","202.5","13"
"26.62717656829811","204","13"
"11.537978438107412","205.5","13"
"10.538270536585191","207","13"
"29.685624506440302","208.5","13"
"23.478084874115773","210","13"
"9.68180604416894","211.5","13"
"14.416597206930438","213","13"
"31.54357060758408","214.5","13"
"17.293288071016065","216","13"
"-0.6099975964034148","217.5","13"
"18.68844120620942","219","13"
"32.83769735290975","220.5","13"
"18.99288288959885","222","13"
"9.875719459258335","223.5","13"
"19.73471240656093","225","13"
"16.044805537534614","226.5","13"
"16.22139046047236","228","13"
"22.687778092346964","229.5","13"
"26.534365335083695","231","13"
"10.597187061431795","232.5","13"
"7.41456393781318","234","13"
"29.22816660086576","235.5","13"
"24.564348119146462","237","13"
"7.199970194387256","238.5","13"
"13.725806201918306","240","13"
"23.28453648030291","241.5","13"
"17.388275493129722","243","13"
"14.132143705328117","244.5","13"
"24.980148298226236","246","13"
"21.891867929072983","247.5","13"
"3.8797379697915124","249","13"
"21.48104214495505","250.5","13"
"32.70035875099316","252","13"
"8.670991564473608","253.5","13"
"3.4710811873997147","255","13"
"24.836960644160115","256.5","13"
"25.781640934865443","258","13"
"10.767766121170434","259.5","13"
"10.360523469535519","261","13"
"24.473192113677666","262.5","13"
"12.962953550241854","264","13"
"17.736450035903434","265.5","13"
"23.698303342773062","267","13"
"16.614623787171844","268.5","13"
"5.171238130036636","270","13"
"13.711879638370156","271.5","13"
"29.288857704090166","273","13"
"19.576110226320598","274.5","13"
"2.0626823099651608","276","13"
"10.810626936884521","277.5","13"
"31.489362770087517","279","13"
"24.625516624899607","280.5","13"
"13.242894378306117","282","13"
"13.687244622480343","283.5","13"
"20.1704676628729","285","13"
"17.060305182922548","286.5","13"
"20.43483541136837","288","13"
"20.78867780241208","289.5","13"
"11.221563359909663","291","13"
"7.795058980251371","292.5","13"
"18.890169909775633","294","13"
"28.35109626536153","295.5","13"
"18.16965972617714","297","13"
"9.385251956573638","298.5","13"
"18.436465015321158","300","13"
"13.399224540672458","1.5","14"
"9.62114194729196","3","14"
"21.39026945538524","4.5","14"
"25.8357372622823","6","14"
"10.180117584022883","7.5","14"
"11.404026954861854","9","14"
"25.575608639160617","10.5","14"
"10.590872803168502","12","14"
"11.654954254062888","13.5","14"
"35.08608902876039","15","14"
"22.112649175163785","16.5","14"
"1.5688868194427068","18","14"
"17.169423022948816","19.5","14"
"34.514652140622445","21","14"
"16.592919395564277","22.5","14"
"9.29303486300265","24","14"
"26.473449469354883","25.5","14"
"20.35801890521163","27","14"
"4.281797580651392","28.5","14"
"13.109278296472171","30","14"
"33.74483533599942","31.5","14"
"14.561340775077438","33","14"
"6.601708162700288","34.5","14"
"27.3503333739446","36","14"
"30.162859770057512","37.5","14"
"3.7964185965257298","39","14"
"10.415932653906403","40.5","14"
"31.743501211115053","42","14"
"17.748766672675846","43.5","14"
"11.309756507713798","45","14"
"22.971782068940474","46.5","14"
"24.758818213461886","48","14"
"13.765606588647993","49.5","14"
"23.69988364968388","51","14"
"25.649710571814538","52.5","14"
"3.63177701294513","54","14"
"10.042228401087744","55.5","14"
"37.84550352237884","57","14"
"28.898375540138403","58.5","14"
"-2.4441870413281794","60","14"
"7.175228895452723","61.5","14"
"36.34606929686642","63","14"
"21.485080900654363","64.5","14"
"8.896664444138965","66","14"
"18.07536749971664","67.5","14"
"27.357679100445164","69","14"
"21.491391674227664","70.5","14"
"19.627214947380374","72","14"
"20.130351911699048","73.5","14"
"8.635569690717336","75","14"
"15.234310204304228","76.5","14"
"32.72655665034384","78","14"
"17.798967116683013","79.5","14"
"6.147439184053558","81","14"
"17.596820250317904","82.5","14"
"33.717278407552335","84","14"
"14.414513362315951","85.5","14"
"4.719958579815746","87","14"
"22.631430655196063","88.5","14"
"24.183860046088256","90","14"
"12.264460509177603","91.5","14"
"21.687412455588984","93","14"
"25.82280209303653","94.5","14"
"12.866634976551717","96","14"
"11.152370484280251","97.5","14"
"25.786171031853456","99","14"
"21.08937170171643","100.5","14"
"9.246583074253063","102","14"
"20.313364345324786","103.5","14"
"20.959810927859255","105","14"
"8.62108296325317","106.5","14"
"15.077171593860024","108","14"
"28.226067330837363","109.5","14"
"9.571607079073033","111","14"
"9.242809154993049","112.5","14"
"31.385268110682958","114","14"
"25.370890071582313","115.5","14"
"3.5955560562153477","117","14"
"17.57156844429972","118.5","14"
"27.91070811370682","120","14"
"10.813589794549182","121.5","14"
"14.630150334807865","123","14"
"28.91264011861566","124.5","14"
"20.978382583165114","126","14"
"-2.126015461581953","127.5","14"
"18.717893806011485","129","14"
"33.24221062110939","130.5","14"
"6.5968557318881285","132","14"
"2.3493102581217284","133.5","14"
"29.88096925794341","135","14"
"25.242528031081964","136.5","14"
"5.188936870499805","138","14"
"14.097561641859622","139.5","14"
"28.699662835759206","141","14"
"15.13432922143378","142.5","14"
"8.459364598988584","144","14"
"20.738761360639163","145.5","14"
"23.783540602292522","147","14"
"12.519138205981212","148.5","14"
"15.351132693900109","150","14"
"21.63929237150631","151.5","14"
"17.697095689492567","153","14"
"16.907048517128075","154.5","14"
"29.39301160322457","156","14"
"16.554115630171953","157.5","14"
"6.813304201561644","159","14"
"17.088311636378442","160.5","14"
"30.205724941634088","162","14"
"7.875058750714687","163.5","14"
"9.354305295938024","165","14"
"28.313836217635124","166.5","14"
"20.64046871006925","168","14"
"8.29627762273012","169.5","14"
"15.229215587537707","171","14"
"21.61032588595796","172.5","14"
"15.265379700262015","174","14"
"17.393917206224796","175.5","14"
"28.549223541822276","177","14"
"13.963861056293402","178.5","14"
"6.5496037711994095","180","14"
"20.661047546809797","181.5","14"
"25.348743124345912","183","14"
"11.313708146163343","184.5","14"
"13.651834945139038","186","14"
"25.248932891285016","187.5","14"
"10.043664964536443","189","14"
"10.151881141027596","190.5","14"
"20.980853228368577","192","14"
"27.593735485110546","193.5","14"
"8.657794172306028","195","14"
"12.889617378213405","196.5","14"
"25.728548198165928","198","14"
"10.579661684295667","199.5","14"
"10.086814138347268","201","14"
"22.00281174665442","202.5","14"
"23.796641294312856","204","14"
"6.322173301019952","205.5","14"
"14.30710476273016","207","14"
"31.618188274356637","208.5","14"
"14.938050573013145","210","14"
"4.492914910225265","211.5","14"
"17.080760313168422","213","14"
"20.929962815743234","214.5","14"
"9.58795637333727","216","14"
"19.04116675411109","217.5","14"
"28.33514858161873","219","14"
"11.26889503288192","220.5","14"
"7.22612845538929","222","14"
"21.41535225393887","223.5","14"
"26.946996188616854","225","14"
"10.338278079806882","226.5","14"
"12.51730613021856","228","14"
"27.243984120116007","229.5","14"
"19.69959892786884","231","14"
"8.611216063544276","232.5","14"
"15.482880110726498","234","14"
"23.389838584789278","235.5","14"
"9.363776683332961","237","14"
"18.353051991011874","238.5","14"
"27.028891630435155","240","14"
"16.428342714334754","241.5","14"
"2.311270075423635","243","14"
"16.167050204756148","244.5","14"
"32.45501915219234","246","14"
"9.191179116917164","247.5","14"
"9.37140031386029","249","14"
"25.046468918130746","250.5","14"
"20.20928710937018","252","14"
"10.677843695958373","253.5","14"
"17.08060001742885","255","14"
"20.49503691564907","256.5","14"
"13.975781309579359","258","14"
"16.733165971278176","259.5","14"
"28.588875829227355","261","14"
"17.973778332415453","262.5","14"
"5.814115954434298","264","14"
"21.470375508893277","265.5","14"
"29.279783571354177","267","14"
"6.313845763114488","268.5","14"
"7.8389634606176966","270","14"
"26.19742020580527","271.5","14"
"28.029779970691752","273","14"
"7.8328521855463675","274.5","14"
"11.162451692423575","276","14"
"21.60724542000611","277.5","14"
"22.352761738978437","279","14"
"15.488044421292832","280.5","14"
"23.08214917032844","282","14"
"17.616057481412","283.5","14"
"6.108161936408737","285","14"
"15.926073437823785","286.5","14"
"29.27787744592922","288","14"
"15.708782108758749","289.5","14"
"4.5233745854346665","291","14"
"16.32180006021167","292.5","14"
"30.79290914384037","294","14"
"15.022001981926005","295.5","14"
"8.154978670639004","297","14"
"23.417493084556103","298.5","14"
"21.927573805063506","300","14"
"14.550385780918926","1.5","15"
"4.732931645065168","3","15"
"20.812087949770138","4.5","15"
"25.28685677245467","6","15"
"14.504815618737007","7.5","15"
"14.792003730809592","9","15"
"22.684012884811928","10.5","15"
"7.294769443241412","12","15"
"16.044828188019554","13.5","15"
"30.795477360363574","15","15"
"15.719736231744765","16.5","15"
"5.477840321220351","18","15"
"18.6518659000662","19.5","15"
"29.88158953276177","21","15"
"10.62041252022034","22.5","15"
"8.399203168642774","24","15"
"22.392779918832545","25.5","15"
"19.61266636666887","27","15"
"15.417639744719127","28.5","15"
"21.427803051275923","30","15"
"19.262890608844394","31.5","15"
"7.682283958079779","33","15"
"16.612843110586557","34.5","15"
"29.034804637967405","36","15"
"11.750889511854037","37.5","15"
"6.3237109204783835","39","15"
"28.217031529691273","40.5","15"
"27.20825036660556","42","15"
"11.44159365530745","43.5","15"
"13.033472350412758","45","15"
"28.424077870183417","46.5","15"
"13.341924040809078","48","15"
"7.9767454893356184","49.5","15"
"22.067783791532502","51","15"
"26.419227693098357","52.5","15"
"3.918558287461292","54","15"
"13.89529542486233","55.5","15"
"26.209015511749588","57","15"
"19.96473505050728","58.5","15"
"11.716451191847664","60","15"
"21.62691301031407","61.5","15"
"24.954157737930007","63","15"
"6.313632325852552","64.5","15"
"12.583099690761967","66","15"
"25.55004495338826","67.5","15"
"14.690376231918505","69","15"
"11.253276652343247","70.5","15"
"24.134321693179334","72","15"
"25.85518183243085","73.5","15"
"7.870976436390489","75","15"
"12.503835189886704","76.5","15"
"30.192375094279413","78","15"
"14.337876317693738","79.5","15"
"4.786296187583963","81","15"
"21.412263076262043","82.5","15"
"22.927010771938942","84","15"
"10.564437944898451","85.5","15"
"15.615200759056371","87","15"
"27.92837549196007","88.5","15"
"15.824087015863647","90","15"
"8.25379489588003","91.5","15"
"21.687963036607528","93","15"
"22.998432977989957","94.5","15"
"4.588537417089743","96","15"
"16.319270175278366","97.5","15"
"28.992155517170257","99","15"
"11.333668450430526","100.5","15"
"4.860138946419821","102","15"
"25.94820040469972","103.5","15"
"34.15981661293136","105","15"
"2.1930617681770452","106.5","15"
"6.133875463850698","108","15"
"31.697782078436028","109.5","15"
"26.651276684274343","111","15"
"10.756983619166464","112.5","15"
"12.771834856525064","114","15"
"22.801342396801466","115.5","15"
"14.509834443496228","117","15"
"15.707782002731395","118.5","15"
"27.738794417701715","120","15"
"12.981229878070994","121.5","15"
"9.381054647479743","123","15"
"27.30919486625846","124.5","15"
"29.311954229349052","126","15"
"6.336180883610387","127.5","15"
"7.976118245137278","129","15"
"28.143689259455343","130.5","15"
"23.595553773704943","132","15"
"7.355573363304273","133.5","15"
"17.102151082676823","135","15"
"23.930807085992846","136.5","15"
"15.81362074947634","138","15"
"19.899456352910008","139.5","15"
"27.17305499769869","141","15"
"14.018565462113651","142.5","15"
"2.6940549947720163","144","15"
"23.47023212522155","145.5","15"
"36.46486934803207","147","15"
"10.193391639370258","148.5","15"
"9.375479143494497","150","15"
"28.412364084779416","151.5","15"
"27.35513701909689","153","15"
"3.6008889386599865","154.5","15"
"13.371954227977117","156","15"
"26.59031551757565","157.5","15"
"17.96459965897974","159","15"
"14.149656886049275","160.5","15"
"24.536954971128946","162","15"
"19.735492977118863","163.5","15"
"5.279689087515919","165","15"
"17.40583136130327","166.5","15"
"35.83621036555553","168","15"
"9.583084776730162","169.5","15"
"5.004379412449403","171","15"
"25.614243397088387","172.5","15"
"29.333287501472604","174","15"
"10.299178115765342","175.5","15"
"11.69934833337292","177","15"
"22.766143543204606","178.5","15"
"15.588204865697803","180","15"
"11.138072801248082","181.5","15"
"26.414220193581606","183","15"
"24.46945652600755","184.5","15"
"2.252027296476644","186","15"
"16.10957024335824","187.5","15"
"32.2789586750982","189","15"
"23.023163822854517","190.5","15"
"3.091984812406573","192","15"
"15.44986790009885","193.5","15"
"26.669926745104995","195","15"
"18.1060711032254","196.5","15"
"12.274380550408853","198","15"
"23.60515757931953","199.5","15"
"16.131882713369205","201","15"
"13.365720988756111","202.5","15"
"25.605793023860745","204","15"
"26.998979051554304","205.5","15"
"5.9839527752049015","207","15"
"7.288260477924886","208.5","15"
"28.47296110137407","210","15"
"29.108216602003154","211.5","15"
"10.901299441617098","213","15"
"15.827134377260583","214.5","15"
"26.248963997803884","216","15"
"11.235789606797018","217.5","15"
"11.438595079570385","219","15"
"30.136052049958447","220.5","15"
"19.494624235576214","222","15"
"5.7873395965451495","223.5","15"
"18.20686576120869","225","15"
"36.286853959853104","226.5","15"
"13.381663445463927","228","15"
"1.2206741628722204","229.5","15"
"21.926145082167285","231","15"
"38.97658859241593","232.5","15"
"21.450220061986606","234","15"
"2.9054502283726533","235.5","15"
"19.688331182783656","237","15"
"27.413233770623165","238.5","15"
"17.94945693862481","240","15"
"20.924547607497566","241.5","15"
"20.790035089163492","243","15"
"5.144364200827746","244.5","15"
"14.487846920826907","246","15"
"37.6810853945439","247.5","15"
"20.240933321521442","249","15"
"2.9049717368782946","250.5","15"
"13.468291096289704","252","15"
"36.96275836922463","253.5","15"
"20.538484030454107","255","15"
"9.186112377670572","256.5","15"
"20.2373981035258","258","15"
"29.129046336423034","259.5","15"
"12.734269027251965","261","15"
"9.636674952925858","262.5","15"
"26.650853294440463","264","15"
"17.598864020997496","265.5","15"
"4.812017555578403","267","15"
"19.82000890581023","268.5","15"
"31.795903979196392","270","15"
"10.37681526641491","271.5","15"
"7.683533219441474","273","15"
"28.11709062075572","274.5","15"
"18.131443131048265","276","15"
"4.300957277393194","277.5","15"
"24.694518713752025","279","15"
"32.66681860983191","280.5","15"
"11.847762151252708","282","15"
"-4.224167777583883","283.5","15"
"24.28877186529565","285","15"
"39.21771868570789","286.5","15"
"14.118783403903468","288","15"
"-1.216699002765239","289.5","15"
"25.161566486181194","291","15"
"30.173864421048393","292.5","15"
"22.80534456325588","294","15"
"12.80672618623024","295.5","15"
"15.353815905193008","297","15"
"11.030082258433831","298.5","15"
"19.69580235812389","300","15"
"14.550385780918926","1.5","16"
"4.732931645065168","3","16"
"20.812087949770138","4.5","16"
"25.28685677245467","6","16"
"14.504815618737007","7.5","16"
"14.792003730809592","9","16"
"22.684012884811928","10.5","16"
"7.294769443241412","12","16"
"16.044828188019554","13.5","16"
"30.795477360363574","15","16"
"15.719736231744765","16.5","16"
"5.477840321220351","18","16"
"18.6518659000662","19.5","16"
"29.88158953276177","21","16"
"10.62041252022034","22.5","16"
"8.399203168642774","24","16"
"22.392779918832545","25.5","16"
"19.61266636666887","27","16"
"15.417639744719127","28.5","16"
"21.427803051275923","30","16"
"19.262890608844394","31.5","16"
"7.682283958079779","33","16"
"16.612843110586557","34.5","16"
"29.034804637967405","36","16"
"11.750889511854037","37.5","16"
"6.3237109204783835","39","16"
"28.217031529691273","40.5","16"
"27.20825036660556","42","16"
"11.44159365530745","43.5","16"
"13.033472350412758","45","16"
"28.424077870183417","46.5","16"
"13.341924040809078","48","16"
"7.9767454893356184","49.5","16"
"22.067783791532502","51","16"
"26.419227693098357","52.5","16"
"3.918558287461292","54","16"
"13.89529542486233","55.5","16"
"26.209015511749588","57","16"
"19.96473505050728","58.5","16"
"11.716451191847664","60","16"
"21.62691301031407","61.5","16"
"24.954157737930007","63","16"
"6.313632325852552","64.5","16"
"12.583099690761967","66","16"
"25.55004495338826","67.5","16"
"14.690376231918505","69","16"
"11.253276652343247","70.5","16"
"24.134321693179334","72","16"
"25.85518183243085","73.5","16"
"7.870976436390489","75","16"
"12.503835189886704","76.5","16"
"30.192375094279413","78","16"
"14.337876317693738","79.5","16"
"4.786296187583963","81","16"
"21.412263076262043","82.5","16"
"22.927010771938942","84","16"
"10.564437944898451","85.5","16"
"15.615200759056371","87","16"
"27.92837549196007","88.5","16"
"15.824087015863647","90","16"
"8.25379489588003","91.5","16"
"21.687963036607528","93","16"
"22.998432977989957","94.5","16"
"4.588537417089743","96","16"
"16.319270175278366","97.5","16"
"28.992155517170257","99","16"
"11.333668450430526","100.5","16"
"4.860138946419821","102","16"
"25.94820040469972","103.5","16"
"34.15981661293136","105","16"
"2.1930617681770452","106.5","16"
"6.133875463850698","108","16"
"31.697782078436028","109.5","16"
"26.651276684274343","111","16"
"10.756983619166464","112.5","16"
"12.771834856525064","114","16"
"22.801342396801466","115.5","16"
"14.509834443496228","117","16"
"15.707782002731395","118.5","16"
"27.738794417701715","120","16"
"12.981229878070994","121.5","16"
"9.381054647479743","123","16"
"27.30919486625846","124.5","16"
"29.311954229349052","126","16"
"6.336180883610387","127.5","16"
"7.976118245137278","129","16"
"28.143689259455343","130.5","16"
"23.595553773704943","132","16"
"7.355573363304273","133.5","16"
"17.102151082676823","135","16"
"23.930807085992846","136.5","16"
"15.81362074947634","138","16"
"19.899456352910008","139.5","16"
"27.17305499769869","141","16"
"14.018565462113651","142.5","16"
"2.6940549947720163","144","16"
"23.47023212522155","145.5","16"
"36.46486934803207","147","16"
"10.193391639370258","148.5","16"
"9.375479143494497","150","16"
"28.412364084779416","151.5","16"
"27.35513701909689","153","16"
"3.6008889386599865","154.5","16"
"13.371954227977117","156","16"
"26.59031551757565","157.5","16"
"17.96459965897974","159","16"
"14.149656886049275","160.5","16"
"24.536954971128946","162","16"
"19.735492977118863","163.5","16"
"5.279689087515919","165","16"
"17.40583136130327","166.5","16"
"35.83621036555553","168","16"
"9.583084776730162","169.5","16"
"5.004379412449403","171","16"
"25.614243397088387","172.5","16"
"29.333287501472604","174","16"
"10.299178115765342","175.5","16"
"11.69934833337292","177","16"
"22.766143543204606","178.5","16"
"15.588204865697803","180","16"
"11.138072801248082","181.5","16"
"26.414220193581606","183","16"
"24.46945652600755","184.5","16"
"2.252027296476644","186","16"
"16.10957024335824","187.5","16"
"32.2789586750982","189","16"
"23.023163822854517","190.5","16"
"3.091984812406573","192","16"
"15.44986790009885","193.5","16"
"26.669926745104995","195","16"
"18.1060711032254","196.5","16"
"12.274380550408853","198","16"
"23.60515757931953","199.5","16"
"16.131882713369205","201","16"
"13.365720988756111","202.5","16"
"25.605793023860745","204","16"
"26.998979051554304","205.5","16"
"5.9839527752049015","207","16"
"7.288260477924886","208.5","16"
"28.47296110137407","210","16"
"29.108216602003154","211.5","16"
"10.901299441617098","213","16"
"15.827134377260583","214.5","16"
"26.248963997803884","216","16"
"11.235789606797018","217.5","16"
"11.438595079570385","219","16"
"30.136052049958447","220.5","16"
"19.494624235576214","222","16"
"5.7873395965451495","223.5","16"
"18.20686576120869","225","16"
"36.286853959853104","226.5","16"
"13.381663445463927","228","16"
"1.2206741628722204","229.5","16"
"21.926145082167285","231","16"
"38.97658859241593","232.5","16"
"21.450220061986606","234","16"
"2.9054502283726533","235.5","16"
"19.688331182783656","237","16"
"27.413233770623165","238.5","16"
"17.94945693862481","240","16"
"20.924547607497566","241.5","16"
"20.790035089163492","243","16"
"5.144364200827746","244.5","16"
"14.487846920826907","246","16"
"37.6810853945439","247.5","16"
"20.240933321521442","249","16"
"2.9049717368782946","250.5","16"
"13.468291096289704","252","16"
"36.96275836922463","253.5","16"
"20.538484030454107","255","16"
"9.186112377670572","256.5","16"
"20.2373981035258","258","16"
"29.129046336423034","259.5","16"
"12.734269027251965","261","16"
"9.636674952925858","262.5","16"
"26.650853294440463","264","16"
"17.598864020997496","265.5","16"
"4.812017555578403","267","16"
"19.82000890581023","268.5","16"
"31.795903979196392","270","16"
"10.37681526641491","271.5","16"
"7.683533219441474","273","16"
"28.11709062075572","274.5","16"
"18.131443131048265","276","16"
"4.300957277393194","277.5","16"
"24.694518713752025","279","16"
"32.66681860983191","280.5","16"
"11.847762151252708","282","16"
"-4.224167777583883","283.5","16"
"24.28877186529565","285","16"
"39.21771868570789","286.5","16"
"14.118783403903468","288","16"
"-1.216699002765239","289.5","16"
"25.161566486181194","291","16"
"30.173864421048393","292.5","16"
"22.80534456325588","294","16"
"12.80672618623024","295.5","16"
"15.353815905193008","297","16"
"11.030082258433831","298.5","16"
"19.69580235812389","300","16"
"14.550385780918926","1.5","17"
"4.732931645065168","3","17"
"20.812087949770138","4.5","17"
"25.28685677245467","6","17"
"14.504815618737007","7.5","17"
"14.792003730809592","9","17"
"22.684012884811928","10.5","17"
"7.294769443241412","12","17"
"16.044828188019554","13.5","17"
"30.795477360363574","15","17"
"15.719736231744765","16.5","17"
"5.477840321220351","18","17"
"18.6518659000662","19.5","17"
"29.88158953276177","21","17"
"10.62041252022034","22.5","17"
"8.399203168642774","24","17"
"22.392779918832545","25.5","17"
"19.61266636666887","27","17"
"15.417639744719127","28.5","17"
"21.427803051275923","30","17"
"19.262890608844394","31.5","17"
"7.682283958079779","33","17"
"16.612843110586557","34.5","17"
"29.034804637967405","36","17"
"11.750889511854037","37.5","17"
"6.3237109204783835","39","17"
"28.217031529691273","40.5","17"
"27.20825036660556","42","17"
"11.44159365530745","43.5","17"
"13.033472350412758","45","17"
"28.424077870183417","46.5","17"
"13.341924040809078","48","17"
"7.9767454893356184","49.5","17"
"22.067783791532502","51","17"
"26.419227693098357","52.5","17"
"3.918558287461292","54","17"
"13.89529542486233","55.5","17"
"26.209015511749588","57","17"
"19.96473505050728","58.5","17"
"11.716451191847664","60","17"
"21.62691301031407","61.5","17"
"24.954157737930007","63","17"
"6.313632325852552","64.5","17"
"12.583099690761967","66","17"
"25.55004495338826","67.5","17"
"14.690376231918505","69","17"
"11.253276652343247","70.5","17"
"24.134321693179334","72","17"
"25.85518183243085","73.5","17"
"7.870976436390489","75","17"
"12.503835189886704","76.5","17"
"30.192375094279413","78","17"
"14.337876317693738","79.5","17"
"4.786296187583963","81","17"
"21.412263076262043","82.5","17"
"22.927010771938942","84","17"
"10.564437944898451","85.5","17"
"15.615200759056371","87","17"
"27.92837549196007","88.5","17"
"15.824087015863647","90","17"
"8.25379489588003","91.5","17"
"21.687963036607528","93","17"
"22.998432977989957","94.5","17"
"4.588537417089743","96","17"
"16.319270175278366","97.5","17"
"28.992155517170257","99","17"
"11.333668450430526","100.5","17"
"4.860138946419821","102","17"
"25.94820040469972","103.5","17"
"34.15981661293136","105","17"
"2.1930617681770452","106.5","17"
"6.133875463850698","108","17"
"31.697782078436028","109.5","17"
"26.651276684274343","111","17"
"10.756983619166464","112.5","17"
"12.771834856525064","114","17"
"22.801342396801466","115.5","17"
"14.509834443496228","117","17"
"15.707782002731395","118.5","17"
"27.738794417701715","120","17"
"12.981229878070994","121.5","17"
"9.381054647479743","123","17"
"27.30919486625846","124.5","17"
"29.311954229349052","126","17"
"6.336180883610387","127.5","17"
"7.976118245137278","129","17"
"28.143689259455343","130.5","17"
"23.595553773704943","132","17"
"7.355573363304273","133.5","17"
"17.102151082676823","135","17"
"23.930807085992846","136.5","17"
"15.81362074947634","138","17"
"19.899456352910008","139.5","17"
"27.17305499769869","141","17"
"14.018565462113651","142.5","17"
"2.6940549947720163","144","17"
"23.47023212522155","145.5","17"
"36.46486934803207","147","17"
"10.193391639370258","148.5","17"
"9.375479143494497","150","17"
"28.412364084779416","151.5","17"
"27.35513701909689","153","17"
"3.6008889386599865","154.5","17"
"13.371954227977117","156","17"
"26.59031551757565","157.5","17"
"17.96459965897974","159","17"
"14.149656886049275","160.5","17"
"24.536954971128946","162","17"
"19.735492977118863","163.5","17"
"5.279689087515919","165","17"
"17.40583136130327","166.5","17"
"35.83621036555553","168","17"
"9.583084776730162","169.5","17"
"5.004379412449403","171","17"
"25.614243397088387","172.5","17"
"29.333287501472604","174","17"
"10.299178115765342","175.5","17"
"11.69934833337292","177","17"
"22.766143543204606","178.5","17"
"15.588204865697803","180","17"
"11.138072801248082","181.5","17"
"26.414220193581606","183","17"
"24.46945652600755","184.5","17"
"2.252027296476644","186","17"
"16.10957024335824","187.5","17"
"32.2789586750982","189","17"
"23.023163822854517","190.5","17"
"3.091984812406573","192","17"
"15.44986790009885","193.5","17"
"26.669926745104995","195","17"
"18.1060711032254","196.5","17"
"12.274380550408853","198","17"
"23.60515757931953","199.5","17"
"16.131882713369205","201","17"
"13.365720988756111","202.5","17"
"25.605793023860745","204","17"
"26.998979051554304","205.5","17"
"5.9839527752049015","207","17"
"7.288260477924886","208.5","17"
"28.47296110137407","210","17"
"29.108216602003154","211.5","17"
"10.901299441617098","213","17"
"15.827134377260583","214.5","17"
"26.248963997803884","216","17"
"11.235789606797018","217.5","17"
"11.438595079570385","219","17"
"30.136052049958447","220.5","17"
"19.494624235576214","222","17"
"5.7873395965451495","223.5","17"
"18.20686576120869","225","17"
"36.286853959853104","226.5","17"
"13.381663445463927","228","17"
"1.2206741628722204","229.5","17"
"21.926145082167285","231","17"
"38.97658859241593","232.5","17"
"21.450220061986606","234","17"
"2.9054502283726533","235.5","17"
"19.688331182783656","237","17"
"27.413233770623165","238.5","17"
"17.94945693862481","240","17"
"20.924547607497566","241.5","17"
"20.790035089163492","243","17"
"5.144364200827746","244.5","17"
"14.487846920826907","246","17"
"37.6810853945439","247.5","17"
"20.240933321521442","249","17"
"2.9049717368782946","250.5","17"
"13.468291096289704","252","17"
"36.96275836922463","253.5","17"
"20.538484030454107","255","17"
"9.186112377670572","256.5","17"
"20.2373981035258","258","17"
"29.129046336423034","259.5","17"
"12.734269027251965","261","17"
"9.636674952925858","262.5","17"
"26.650853294440463","264","17"
"17.598864020997496","265.5","17"
"4.812017555578403","267","17"
"19.82000890581023","268.5","17"
"31.795903979196392","270","17"
"10.37681526641491","271.5","17"
"7.683533219441474","273","17"
"28.11709062075572","274.5","17"
"18.131443131048265","276","17"
"4.300957277393194","277.5","17"
"24.694518713752025","279","17"
"32.66681860983191","280.5","17"
"11.847762151252708","282","17"
"-4.224167777583883","283.5","17"
"24.28877186529565","285","17"
"39.21771868570789","286.5","17"
"14.118783403903468","288","17"
"-1.216699002765239","289.5","17"
"25.161566486181194","291","17"
"30.173864421048393","292.5","17"
"22.80534456325588","294","17"
"12.80672618623024","295.5","17"
"15.353815905193008","297","17"
"11.030082258433831","298.5","17"
"19.69580235812389","300","17"
"30.609199772216474","1.5","18"
"18.589460329366325","3","18"
"10.589279428670219","4.5","18"
"23.342148859920467","6","18"
"19.93261492051727","7.5","18"
"13.08187208086719","9","18"
"23.233480544903006","10.5","18"
"25.416609204261338","12","18"
"8.090163436810508","13.5","18"
"10.390093677624774","15","18"
"30.45214827902204","16.5","18"
"24.564536292405965","18","18"
"9.34812781175687","19.5","18"
"14.698234207847712","21","18"
"23.40663479054483","22.5","18"
"7.93792081580335","24","18"
"15.33010084746076","25.5","18"
"25.798715915820264","27","18"
"20.85240755530845","28.5","18"
"7.658624655387383","30","18"
"20.55808715399724","31.5","18"
"24.01833204449125","33","18"
"12.413022426382","34.5","18"
"13.001977722276093","36","18"
"24.22356634618819","37.5","18"
"13.554094617932664","39","18"
"10.462810446007362","40.5","18"
"23.22714537849977","42","18"
"20.630011155406923","43.5","18"
"10.949453501427179","45","18"
"18.29431754121729","46.5","18"
"27.832121385034768","48","18"
"16.766064929481125","49.5","18"
"3.5586028790012527","51","18"
"23.5326464076464","52.5","18"
"27.659223264107265","54","18"
"11.159250133494547","55.5","18"
"9.34491144289538","57","18"
"27.214907866832945","58.5","18"
"23.427812993963794","60","18"
"7.2291623136125125","61.5","18"
"16.76024549719652","63","18"
"24.63792386361178","64.5","18"
"13.235235029706383","66","18"
"16.89858594748547","67.5","18"
"26.927565557228267","69","18"
"14.85993601983484","70.5","18"
"8.407688388770321","72","18"
"21.183453104432488","73.5","18"
"24.89003421506468","75","18"
"13.483299656079991","76.5","18"
"16.518162341192088","78","18"
"25.14722872921413","79.5","18"
"11.80907338063008","81","18"
"14.481570122981015","82.5","18"
"25.97260194636015","84","18"
"25.911508361441808","85.5","18"
"3.468096550422612","87","18"
"10.642393944682174","88.5","18"
"30.376739587621575","90","18"
"17.762522486414447","91.5","18"
"4.342476051874583","93","18"
"15.672929875788617","94.5","18"
"30.6341327291005","96","18"
"17.694811475203615","97.5","18"
"12.923088696747339","99","18"
"20.031470348520692","100.5","18"
"13.583881747973846","102","18"
"17.77071847727276","103.5","18"
"27.099770224847607","105","18"
"22.906935472902063","106.5","18"
"0.4238289048185268","108","18"
"12.235517545286687","109.5","18"
"34.15139760191364","111","18"
"19.104690910298","112.5","18"
"5.3569860453051374","114","18"
"14.110080390651497","115.5","18"
"29.872278441106406","117","18"
"16.643936999374283","118.5","18"
"7.820069471487692","120","18"
"25.574176431574404","121.5","18"
"26.178001770831653","123","18"
"11.75894959980271","124.5","18"
"18.557620716920574","126","18"
"28.230175780336495","127.5","18"
"11.53584058079807","129","18"
"13.516820631446294","130.5","18"
"26.871092671237697","132","18"
"25.401238236712008","133.5","18"
"14.14541863184799","135","18"
"16.555112251509318","136.5","18"
"26.64237852838289","138","18"
"17.82224310347642","139.5","18"
"7.741778070292354","141","18"
"20.309698451454487","142.5","18"
"22.22551479927514","144","18"
"7.622979761471701","145.5","18"
"14.744596265830035","147","18"
"31.39051953849906","148.5","18"
"25.427610370562228","150","18"
"9.438742819104599","151.5","18"
"15.340453861423365","153","18"
"30.550866061770826","154.5","18"
"10.38509140514301","156","18"
"4.8766058489712485","157.5","18"
"25.702597711804597","159","18"
"28.660688320557334","160.5","18"
"9.435891471519643","162","18"
"14.82973246933976","163.5","18"
"28.986740308924585","165","18"
"15.880849131123451","166.5","18"
"8.939812746777292","168","18"
"18.04829320083328","169.5","18"
"34.62005704346354","171","18"
"16.782702581842102","172.5","18"
"5.213897269317508","174","18"
"16.60044632594436","175.5","18"
"19.357212455169815","177","18"
"17.472078802717974","178.5","18"
"27.086838540291822","180","18"
"22.7655406918362","181.5","18"
"3.3572293960209723","183","18"
"5.915276504866622","184.5","18"
"30.557716962292698","186","18"
"34.15656191247997","187.5","18"
"5.422397161122056","189","18"
"4.364135142512272","190.5","18"
"23.731597813289962","192","18"
"31.695370672962408","193.5","18"
"19.918346857350024","195","18"
"11.061931453777056","196.5","18"
"12.569332551780896","198","18"
"13.478095271578763","199.5","18"
"20.825254850900297","201","18"
"31.002105538056824","202.5","18"
"13.552715551868813","204","18"
"9.152295203655052","205.5","18"
"26.280361054620805","207","18"
"35.83426242385069","208.5","18"
"14.454738010052015","210","18"
"7.354883394686098","211.5","18"
"20.95613980695397","213","18"
"29.097114379692528","214.5","18"
"15.307234311741265","216","18"
"12.339033746152777","217.5","18"
"22.025666085958946","219","18"
"17.459025154012515","220.5","18"
"15.15347585058812","222","18"
"22.294600520687332","223.5","18"
"27.12298000253119","225","18"
"15.441337379001421","226.5","18"
"13.569320099674878","228","18"
"23.39024280882821","229.5","18"
"19.834311815877385","231","18"
"7.433978888096807","232.5","18"
"18.16096019761516","234","18"
"34.68328674334623","235.5","18"
"14.919529445712152","237","18"
"4.537971080633544","238.5","18"
"15.155719990942181","240","18"
"28.899170049456302","241.5","18"
"19.28740366058453","243","18"
"9.085732397796182","244.5","18"
"17.122365769313333","246","18"
"28.013241631995513","247.5","18"
"21.472192774723467","249","18"
"19.074023896034145","250.5","18"
"17.915401063344923","252","18"
"13.123514126257003","253.5","18"
"12.702775270287798","255","18"
"26.947769789794805","256.5","18"
"23.41780670665527","258","18"
"4.343982744709347","259.5","18"
"11.383283466519243","261","18"
"24.93675345377106","262.5","18"
"22.801218690306793","264","18"
"14.985876200791596","265.5","18"
"21.05649016696344","267","18"
"22.335073452585238","268.5","18"
"11.14037531015949","270","18"
"12.121923620967262","271.5","18"
"27.13440804335595","273","18"
"24.88128590084283","274.5","18"
"8.769130888683925","276","18"
"11.273536639949638","277.5","18"
"29.637211708398404","279","18"
"23.795108030716914","280.5","18"
"9.237624807459266","282","18"
"16.14474121943518","283.5","18"
"24.527748420173307","285","18"
"18.00046757305483","286.5","18"
"12.406364926154616","288","18"
"27.52167209610123","289.5","18"
"21.699108817543035","291","18"
"5.617828594288685","292.5","18"
"15.090003964751068","294","18"
"32.1854261110557","295.5","18"
"24.011068208205472","297","18"
"3.7031983478236454","298.5","18"
"11.65353250054665","300","18"
"14.550385780918926","1.5","19"
"4.732931645065168","3","19"
"20.812087949770138","4.5","19"
"25.28685677245467","6","19"
"14.504815618737007","7.5","19"
"14.792003730809592","9","19"
"22.684012884811928","10.5","19"
"7.294769443241412","12","19"
"16.044828188019554","13.5","19"
"30.795477360363574","15","19"
"15.719736231744765","16.5","19"
"5.477840321220351","18","19"
"18.6518659000662","19.5","19"
"29.88158953276177","21","19"
"10.62041252022034","22.5","19"
"8.399203168642774","24","19"
"22.392779918832545","25.5","19"
"19.61266636666887","27","19"
"15.417639744719127","28.5","19"
"21.427803051275923","30","19"
"19.262890608844394","31.5","19"
"7.682283958079779","33","19"
"16.612843110586557","34.5","19"
"29.034804637967405","36","19"
"11.750889511854037","37.5","19"
"6.3237109204783835","39","19"
"28.217031529691273","40.5","19"
"27.20825036660556","42","19"
"11.44159365530745","43.5","19"
"13.033472350412758","45","19"
"28.424077870183417","46.5","19"
"13.341924040809078","48","19"
"7.9767454893356184","49.5","19"
"22.067783791532502","51","19"
"26.419227693098357","52.5","19"
"3.918558287461292","54","19"
"13.89529542486233","55.5","19"
"26.209015511749588","57","19"
"19.96473505050728","58.5","19"
"11.716451191847664","60","19"
"21.62691301031407","61.5","19"
"24.954157737930007","63","19"
"6.313632325852552","64.5","19"
"12.583099690761967","66","19"
"25.55004495338826","67.5","19"
"14.690376231918505","69","19"
"11.253276652343247","70.5","19"
"24.134321693179334","72","19"
"25.85518183243085","73.5","19"
"7.870976436390489","75","19"
"12.503835189886704","76.5","19"
"30.192375094279413","78","19"
"14.337876317693738","79.5","19"
"4.786296187583963","81","19"
"21.412263076262043","82.5","19"
"22.927010771938942","84","19"
"10.564437944898451","85.5","19"
"15.615200759056371","87","19"
"27.92837549196007","88.5","19"
"15.824087015863647","90","19"
"8.25379489588003","91.5","19"
"21.687963036607528","93","19"
"22.998432977989957","94.5","19"
"4.588537417089743","96","19"
"16.319270175278366","97.5","19"
"28.992155517170257","99","19"
"11.333668450430526","100.5","19"
"4.860138946419821","102","19"
"25.94820040469972","103.5","19"
"34.15981661293136","105","19"
"2.1930617681770452","106.5","19"
"6.133875463850698","108","19"
"31.697782078436028","109.5","19"
"26.651276684274343","111","19"
"10.756983619166464","112.5","19"
"12.771834856525064","114","19"
"22.801342396801466","115.5","19"
"14.509834443496228","117","19"
"15.707782002731395","118.5","19"
"27.738794417701715","120","19"
"12.981229878070994","121.5","19"
"9.381054647479743","123","19"
"27.30919486625846","124.5","19"
"29.311954229349052","126","19"
"6.336180883610387","127.5","19"
"7.976118245137278","129","19"
"28.143689259455343","130.5","19"
"23.595553773704943","132","19"
"7.355573363304273","133.5","19"
"17.102151082676823","135","19"
"23.930807085992846","136.5","19"
"15.81362074947634","138","19"
"19.899456352910008","139.5","19"
"27.17305499769869","141","19"
"14.018565462113651","142.5","19"
"2.6940549947720163","144","19"
"23.47023212522155","145.5","19"
"36.46486934803207","147","19"
"10.193391639370258","148.5","19"
"9.375479143494497","150","19"
"28.412364084779416","151.5","19"
"27.35513701909689","153","19"
"3.6008889386599865","154.5","19"
"13.371954227977117","156","19"
"26.59031551757565","157.5","19"
"17.96459965897974","159","19"
"14.149656886049275","160.5","19"
"24.536954971128946","162","19"
"19.735492977118863","163.5","19"
"5.279689087515919","165","19"
"17.40583136130327","166.5","19"
"35.83621036555553","168","19"
"9.583084776730162","169.5","19"
"5.004379412449403","171","19"
"25.614243397088387","172.5","19"
"29.333287501472604","174","19"
"10.299178115765342","175.5","19"
"11.69934833337292","177","19"
"22.766143543204606","178.5","19"
"15.588204865697803","180","19"
"11.138072801248082","181.5","19"
"26.414220193581606","183","19"
"24.46945652600755","184.5","19"
"2.252027296476644","186","19"
"16.10957024335824","187.5","19"
"32.2789586750982","189","19"
"23.023163822854517","190.5","19"
"3.091984812406573","192","19"
"15.44986790009885","193.5","19"
"26.669926745104995","195","19"
"18.1060711032254","196.5","19"
"12.274380550408853","198","19"
"23.60515757931953","199.5","19"
"16.131882713369205","201","19"
"13.365720988756111","202.5","19"
"25.605793023860745","204","19"
"26.998979051554304","205.5","19"
"5.9839527752049015","207","19"
"7.288260477924886","208.5","19"
"28.47296110137407","210","19"
"29.108216602003154","211.5","19"
"10.901299441617098","213","19"
"15.827134377260583","214.5","19"
"26.248963997803884","216","19"
"11.235789606797018","217.5","19"
"11.438595079570385","219","19"
"30.136052049958447","220.5","19"
"19.494624235576214","222","19"
"5.7873395965451495","223.5","19"
"18.20686576120869","225","19"
"36.286853959853104","226.5","19"
"13.381663445463927","228","19"
"1.2206741628722204","229.5","19"
"21.926145082167285","231","19"
"38.97658859241593","232.5","19"
"21.450220061986606","234","19"
"2.9054502283726533","235.5","19"
"19.688331182783656","237","19"
"27.413233770623165","238.5","19"
"17.94945693862481","240","19"
"20.924547607497566","241.5","19"
"20.790035089163492","243","19"
"5.144364200827746","244.5","19"
"14.487846920826907","246","19"
"37.6810853945439","247.5","19"
"20.240933321521442","249","19"
"2.9049717368782946","250.5","19"
"13.468291096289704","252","19"
"36.96275836922463","253.5","19"
"20.538484030454107","255","19"
"9.186112377670572","256.5","19"
"20.2373981035258","258","19"
"29.129046336423034","259.5","19"
"12.734269027251965","261","19"
"9.636674952925858","262.5","19"
"26.650853294440463","264","19"
"17.598864020997496","265.5","19"
"4.812017555578403","267","19"
"19.82000890581023","268.5","19"
"31.795903979196392","270","19"
"10.37681526641491","271.5","19"
"7.683533219441474","273","19"
"28.11709062075572","274.5","19"
"18.131443131048265","276","19"
"4.300957277393194","277.5","19"
"24.694518713752025","279","19"
"32.66681860983191","280.5","19"
"11.847762151252708","282","19"
"-4.224167777583883","283.5","19"
"24.28877186529565","285","19"
"39.21771868570789","286.5","19"
"14.118783403903468","288","19"
"-1.216699002765239","289.5","19"
"25.161566486181194","291","19"
"30.173864421048393","292.5","19"
"22.80534456325588","294","19"
"12.80672618623024","295.5","19"
"15.353815905193008","297","19"
"11.030082258433831","298.5","19"
"19.69580235812389","300","19"