"nusselt","time","episode"
"7.306780824696163","1.5","0"
"16.02075076557129","3","0"
"16.445298087160108","4.5","0"
"10.040828953310756","6","0"
"12.403323956699891","7.5","0"
"19.481307397555646","9","0"
"13.646271660491713","10.5","0"
"2.7560467082602305","12","0"
"9.923853056166811","13.5","0"
"21.046353158290056","15","0"
"17.78087713093629","16.5","0"
"5.4599025757385595","18","0"
"11.192776183492606","19.5","0"
"20.81457221623296","21","0"
"9.278372820071892","22.5","0"
"6.419660424262668","24","0"
"17.028259960769283","25.5","0"
"20.882881595868465","27","0"
"9.756707564000719","28.5","0"
"3.694822054421167","30","0"
"15.222358690468877","31.5","0"
"23.704640414130935","33","0"
"11.951372937298911","34.5","0"
"1.81498713621467","36","0"
"11.805914149830368","37.5","0"
"21.400527777663637","39","0"
"13.398038681822657","40.5","0"
"6.659252850028911","42","0"
"15.917966444765964","43.5","0"
"17.141681925025704","45","0"
"4.474451763814601","46.5","0"
"7.839524792860251","48","0"
"20.869384287059507","49.5","0"
"17.76133011045473","51","0"
"2.6973316227804065","52.5","0"
"6.981834011200893","54","0"
"21.149852785035034","55.5","0"
"19.158197938532812","57","0"
"4.063570837515031","58.5","0"
"8.528907515401494","60","0"
"18.813842802221842","61.5","0"
"13.619495218977391","63","0"
"6.967633863658203","64.5","0"
"12.04119292234835","66","0"
"16.514883797001655","67.5","0"
"6.7776071526273665","69","0"
"8.321838913078615","70.5","0"
"20.989085047897305","72","0"
"16.086452940768808","73.5","0"
"2.9505012253935328","75","0"
"8.011996898755593","76.5","0"
"21.624805020157734","78","0"
"17.896925000439573","79.5","0"
"1.1344663568813655","81","0"
"8.692687641169602","82.5","0"
"20.72850797696687","84","0"
"12.93386590461839","85.5","0"
"7.897258865074258","87","0"
"15.304808998418952","88.5","0"
"14.611358070745995","90","0"
"3.6938044187379604","91.5","0"
"11.862230856571363","93","0"
"23.06616363096148","94.5","0"
"12.586884863060554","96","0"
"2.0125734544350524","97.5","0"
"12.58347741984259","99","0"
"21.912908123358417","100.5","0"
"10.252616393074291","102","0"
"5.935147790200378","103.5","0"
"14.238343944826807","105","0"
"15.395978558509212","106.5","0"
"7.706916577893576","108","0"
"11.37175539167773","109.5","0"
"15.57761328155526","111","0"
"5.713322691270638","112.5","0"
"5.5434558418123565","114","0"
"18.978099798616384","115.5","0"
"20.788761983177427","117","0"
"2.83865402508486","118.5","0"
"7.682573579134733","120","0"
"20.02063249204467","121.5","0"
"14.38534476982756","123","0"
"3.358985136554922","124.5","0"
"12.076789132850582","126","0"
"18.262349714755064","127.5","0"
"8.967403302813494","129","0"
"5.995979573485279","130.5","0"
"18.500767885563732","132","0"
"16.843486618632916","133.5","0"
"6.487866949449335","135","0"
"8.993508073608885","136.5","0"
"17.451384462482498","138","0"
"14.65208375728387","139.5","0"
"6.076086046722427","141","0"
"10.931270305721146","142.5","0"
"14.712080627372327","144","0"
"8.54556136490928","145.5","0"
"9.686164996104823","147","0"
"19.597986419358627","148.5","0"
"14.404185834773909","150","0"
"3.004636171098558","151.5","0"
"7.8507078765703415","153","0"
"18.336951916578606","154.5","0"
"13.359909290917587","156","0"
"5.430311272887651","157.5","0"
"12.789432544836753","159","0"
"17.022168172276704","160.5","0"
"8.132060766965806","162","0"
"5.653046867449724","163.5","0"
"14.276386065290438","165","0"
"15.624151802853257","166.5","0"
"7.415201101777622","168","0"
"9.800826668149899","169.5","0"
"17.50564018424487","171","0"
"11.098496834725717","172.5","0"
"4.952547682830026","174","0"
"11.463433769609592","175.5","0"
"18.451265286058295","177","0"
"11.75652765118006","178.5","0"
"6.633366255337117","180","0"
"13.053168494067123","181.5","0"
"15.316267919060019","183","0"
"6.127357431067741","184.5","0"
"8.565472271963625","186","0"
"17.891643580331785","187.5","0"
"12.915514177504395","189","0"
"5.044611764945034","190.5","0"
"11.861178936071878","192","0"
"19.480113662588824","193.5","0"
"10.63358303796959","195","0"
"4.1692066420743314","196.5","0"
"12.314266808812674","198","0"
"16.85734391801281","199.5","0"
"10.250694884961897","201","0"
"9.496748398963689","202.5","0"
"14.8933148414282","204","0"
"10.948270120193209","205.5","0"
"4.632275681954508","207","0"
"13.063863798345599","208.5","0"
"18.095427853095156","210","0"
"10.362951165464814","211.5","0"
"3.1267431026788834","213","0"
"13.634144185933195","214.5","0"
"20.150091958316214","216","0"
"8.583285571621955","217.5","0"
"5.2120930924705915","219","0"
"14.505315133993374","220.5","0"
"16.354279691941624","222","0"
"5.463991040079895","223.5","0"
"10.166598126630031","225","0"
"17.33758224844552","226.5","0"
"9.829780974698341","228","0"
"5.699156828544227","229.5","0"
"14.71175803841915","231","0"
"18.27530781690799","232.5","0"
"8.521536279901392","234","0"
"5.374483124778638","235.5","0"
"14.71705036733212","237","0"
"16.7357247658641","238.5","0"
"7.532399850227383","240","0"
"8.249670933210922","241.5","0"
"15.704538788223601","243","0"
"11.89760811176963","244.5","0"
"5.348642113308489","246","0"
"14.035150305943889","247.5","0"
"18.009547505116387","249","0"
"6.285819903910854","250.5","0"
"5.721747405670965","252","0"
"17.273829632573715","253.5","0"
"18.857651005423396","255","0"
"5.985184531559443","256.5","0"
"7.670351042131076","258","0"
"15.436252308832493","259.5","0"
"12.376182849412414","261","0"
"7.218536382794844","262.5","0"
"13.206827586229435","264","0"
"15.360322349578489","265.5","0"
"7.76496934305891","267","0"
"8.269340288150568","268.5","0"
"17.820656868224997","270","0"
"15.047591839483916","271.5","0"
"3.2643358624123815","273","0"
"8.968312629645272","274.5","0"
"20.150096633518434","276","0"
"13.029014840998187","277.5","0"
"4.633608504187375","279","0"
"12.512844464703775","280.5","0"
"17.02023419695839","282","0"
"6.884469808169216","283.5","0"
"8.442985869803113","285","0"
"19.099764144386555","286.5","0"
"14.857462274004241","288","0"
"3.3681867137241293","289.5","0"
"9.882475958119626","291","0"
"17.006969089859687","292.5","0"
"10.967841295886236","294","0"
"7.226582405815356","295.5","0"
"14.432009521585496","297","0"
"14.876624369503023","298.5","0"
"7.088390440997336","300","0"
"17.57893488784757","1.5","1"
"11.661628058918659","3","1"
"4.583246057073654","4.5","1"
"13.483334629523934","6","1"
"20.993909856588278","7.5","1"
"9.368076704266201","9","1"
"5.039168660760471","10.5","1"
"15.638448571241826","12","1"
"18.786460142819667","13.5","1"
"10.179620123213297","15","1"
"5.138474241513977","16.5","1"
"17.034646287001717","18","1"
"18.020705654414638","19.5","1"
"4.769761691237318","21","1"
"6.288102960994924","22.5","1"
"18.963921468684052","24","1"
"19.84789312042242","25.5","1"
"9.032191475977017","27","1"
"5.915113769487577","28.5","1"
"14.185691817425873","30","1"
"15.289020840522223","31.5","1"
"7.714918186493","33","1"
"11.55103225440419","34.5","1"
"17.013300872066225","36","1"
"12.51320133847323","37.5","1"
"4.572649711242167","39","1"
"11.87374743803981","40.5","1"
"18.682500787856398","42","1"
"8.576710678899984","43.5","1"
"3.1176461331593477","45","1"
"14.054918619330524","46.5","1"
"20.767223326550173","48","1"
"11.308763275367033","49.5","1"
"2.0925727876213265","51","1"
"12.78364464448847","52.5","1"
"20.549496042366208","54","1"
"12.305704955147228","55.5","1"
"2.9657714098443106","57","1"
"12.556806949578586","58.5","1"
"19.059610390920252","60","1"
"10.178339897005404","61.5","1"
"5.017019890243518","63","1"
"12.230815228387161","64.5","1"
"15.900149249105784","66","1"
"7.772122402455413","67.5","1"
"8.265865833700785","69","1"
"16.89702391765416","70.5","1"
"15.33187530247091","72","1"
"6.733772456613233","73.5","1"
"7.344953850821952","75","1"
"17.01649403518244","76.5","1"
"15.508429639104627","78","1"
"2.866570436740476","79.5","1"
"8.007995704855697","81","1"
"19.69901286412925","82.5","1"
"17.98395700656519","84","1"
"4.365082420682495","85.5","1"
"5.132983606106846","87","1"
"15.404671317836815","88.5","1"
"16.46300619476849","90","1"
"7.734995063226151","91.5","1"
"10.152883420917846","93","1"
"16.868756086631677","94.5","1"
"12.01267418880673","96","1"
"4.971095378837073","97.5","1"
"10.70391054656337","99","1"
"17.923112366474186","100.5","1"
"12.005821900753043","102","1"
"3.07395929041542","103.5","1"
"11.459354655672698","105","1"
"20.715023135363833","106.5","1"
"13.822384969716015","108","1"
"1.816884294315502","109.5","1"
"8.9161132176593","111","1"
"19.447208030964163","112.5","1"
"12.686887438545016","114","1"
"5.236688162549128","115.5","1"
"11.814229776178896","117","1"
"19.80161173524652","118.5","1"
"12.796975204418253","120","1"
"4.062637355471783","121.5","1"
"10.339014130098734","123","1"
"16.633526403737008","124.5","1"
"12.447449294452031","126","1"
"6.34743595236815","127.5","1"
"11.06924799043742","129","1"
"14.94266315926038","130.5","1"
"8.947059160353437","132","1"
"6.609297535108509","133.5","1"
"16.704332341357958","135","1"
"17.60207402203478","136.5","1"
"4.440611481346139","138","1"
"4.177704211709253","139.5","1"
"17.60452538639877","141","1"
"21.160001090653775","142.5","1"
"8.615168892361188","144","1"
"3.2875955778568478","145.5","1"
"12.12633614677711","147","1"
"16.203978174173596","148.5","1"
"10.644953129768478","150","1"
"9.942412050579224","151.5","1"
"13.907070024327222","153","1"
"10.102974078819273","154.5","1"
"6.584655323407589","156","1"
"12.683077927936136","157.5","1"
"19.515129368815415","159","1"
"10.011210768047082","160.5","1"
"0.22143316114363593","162","1"
"10.864524002027839","163.5","1"
"23.230255436877584","165","1"
"14.954173507125866","166.5","1"
"3.1562257070781787","168","1"
"8.0704813409259","169.5","1"
"15.318815904269885","171","1"
"12.156675092383024","172.5","1"
"7.9270804216345","174","1"
"13.650840891461332","175.5","1"
"12.972841507125269","177","1"
"6.320917426176294","178.5","1"
"8.781794657880498","180","1"
"18.262048943412246","181.5","1"
"12.892516078584153","183","1"
"2.5866995854487325","184.5","1"
"7.029534320250544","186","1"
"19.905028766752274","187.5","1"
"18.615943050652632","189","1"
"5.18012405969066","190.5","1"
"5.276944380864084","192","1"
"16.34175638359515","193.5","1"
"16.245850843656097","195","1"
"6.328767090703569","196.5","1"
"8.733499818948545","198","1"
"14.434275436261425","199.5","1"
"9.82464058985752","201","1"
"7.32943062105102","202.5","1"
"15.847112196722074","204","1"
"16.88518942243476","205.5","1"
"4.718658614171922","207","1"
"4.344765160635202","208.5","1"
"17.2883414602644","210","1"
"19.884252168086874","211.5","1"
"6.242442598513905","213","1"
"3.710411905823733","214.5","1"
"16.901689769469655","216","1"
"20.009586547599696","217.5","1"
"7.5776550285160065","219","1"
"4.9814836781697736","220.5","1"
"13.591147909517172","222","1"
"13.585518966044367","223.5","1"
"7.552886586355148","225","1"
"12.129621255536986","226.5","1"
"16.472817885827396","228","1"
"9.462428518667497","229.5","1"
"5.183815521443486","231","1"
"14.483109481849413","232.5","1"
"20.50290609384379","234","1"
"9.898324893645214","235.5","1"
"2.8461487638436043","237","1"
"14.524174899748601","238.5","1"
"21.9592004173395","240","1"
"10.962915191147163","241.5","1"
"3.708266377604967","243","1"
"12.339003303758362","244.5","1"
"16.23671705691908","246","1"
"10.048963025973077","247.5","1"
"8.966492417580977","249","1"
"16.188430009990824","250.5","1"
"14.596431708458475","252","1"
"5.302864091571601","253.5","1"
"7.85980504088997","255","1"
"18.397386697274996","256.5","1"
"13.242617817623797","258","1"
"4.498993848267977","259.5","1"
"10.279117776858005","261","1"
"20.643238522078175","262.5","1"
"14.993714809101357","264","1"
"2.965194996370611","265.5","1"
"7.827286671849196","267","1"
"18.58685394244018","268.5","1"
"15.600752415742472","270","1"
"6.145502280483503","271.5","1"
"11.751354539923698","273","1"
"17.195583889820103","274.5","1"
"11.211215960248408","276","1"
"5.972773038466064","277.5","1"
"14.62450473938846","279","1"
"17.357649774774234","280.5","1"
"6.4579873424615295","282","1"
"4.880636839084429","283.5","1"
"18.594748800588913","285","1"
"22.278448159328665","286.5","1"
"7.750136484815788","288","1"
"1.4878079136593794","289.5","1"
"13.135236214635533","291","1"
"20.245759062942053","292.5","1"
"11.82382562873532","294","1"
"7.380301496406158","295.5","1"
"14.023211397874908","297","1"
"15.588517411532894","298.5","1"
"8.134318110437665","300","1"
"21.97552622349152","1.5","2"
"18.780025506164293","3","2"
"1.4824770143280959","4.5","2"
"5.053662956442833","6","2"
"20.401879649073162","7.5","2"
"17.72715749902847","9","2"
"6.8759671737318895","10.5","2"
"5.447303684956198","12","2"
"14.810984530335103","13.5","2"
"14.908817811989513","15","2"
"7.972346508728304","16.5","2"
"11.262452280577072","18","2"
"14.505508375685132","19.5","2"
"9.691089542443157","21","2"
"8.585500838273836","22.5","2"
"17.407591843288344","24","2"
"15.772759339016929","25.5","2"
"5.005571878407632","27","2"
"4.6199043176801835","28.5","2"
"17.985844229861303","30","2"
"21.471551891388184","31.5","2"
"4.963043901413971","33","2"
"3.411951281704963","34.5","2"
"16.905553044904064","36","2"
"20.677177373393437","37.5","2"
"11.544491646498498","39","2"
"5.103122310327736","40.5","2"
"10.339983455359","42","2"
"14.067318814018538","43.5","2"
"8.728891627960426","45","2"
"12.097955331700978","46.5","2"
"15.885416128510021","48","2"
"8.526500565458596","49.5","2"
"4.753855094884351","51","2"
"15.860173153323839","52.5","2"
"21.42802108351835","54","2"
"9.028604037473585","55.5","2"
"-0.2944650063715212","57","2"
"13.321053685267687","58.5","2"
"21.745021611640464","60","2"
"10.12337977810856","61.5","2"
"2.0901424616673294","63","2"
"13.651260101260387","64.5","2"
"20.83398521425088","66","2"
"12.489842469781683","67.5","2"
"5.0104005831004566","69","2"
"12.301635970815143","70.5","2"
"16.867361317969397","72","2"
"10.888972192836633","73.5","2"
"6.66448829731487","75","2"
"13.566359987347063","76.5","2"
"13.014065102699567","78","2"
"7.255841379708465","79.5","2"
"10.359789949563766","81","2"
"18.962487740003272","82.5","2"
"12.350070286613324","84","2"
"3.7246451693821476","85.5","2"
"7.910425013725972","87","2"
"18.99639542330374","88.5","2"
"16.579806771829187","90","2"
"3.3003043358913775","91.5","2"
"6.318515541035802","93","2"
"18.724080477999784","94.5","2"
"17.55218649754657","96","2"
"7.586417136676539","97.5","2"
"8.042139485868269","99","2"
"12.485994778354675","100.5","2"
"9.72976982800981","102","2"
"6.80567394995439","103.5","2"
"16.541652446512277","105","2"
"19.381376508505223","106.5","2"
"6.604573243265262","108","2"
"3.798738163763901","109.5","2"
"14.32111216652784","111","2"
"18.789816938013583","112.5","2"
"6.544806237285952","114","2"
"4.849788296436541","115.5","2"
"16.822351587797318","117","2"
"20.038061645920592","118.5","2"
"8.313724320425544","120","2"
"4.200991004366577","121.5","2"
"13.381488465964077","123","2"
"16.184015060694463","124.5","2"
"6.318424764192698","126","2"
"7.372743252817259","127.5","2"
"16.643933403878588","129","2"
"15.213265422151098","130.5","2"
"7.054654960978637","132","2"
"9.737097428289191","133.5","2"
"15.849993679690295","135","2"
"10.977116897090593","136.5","2"
"6.819739295833072","138","2"
"12.512249934821472","139.5","2"
"17.669713289352096","141","2"
"8.419123637672554","142.5","2"
"2.2026414630854982","144","2"
"14.240343372976202","145.5","2"
"22.912812322945314","147","2"
"9.991314665799768","148.5","2"
"0.9351152472230028","150","2"
"12.270214715895314","151.5","2"
"20.124732103074535","153","2"
"13.191873172728595","154.5","2"
"6.4316753043677215","156","2"
"10.26821754288222","157.5","2"
"11.94327081185176","159","2"
"7.3105498168858025","160.5","2"
"12.75828323084605","162","2"
"18.89992730069755","163.5","2"
"10.70538946886561","165","2"
"3.3520027220394457","166.5","2"
"12.324458749652138","168","2"
"21.24393655450905","169.5","2"
"11.164626790926363","171","2"
"1.6382107274755062","172.5","2"
"10.98400970356352","174","2"
"19.920405506853648","175.5","2"
"12.719592036474218","177","2"
"6.63839443532466","178.5","2"
"11.321376191756054","180","2"
"13.93934917885441","181.5","2"
"7.601672321520195","183","2"
"9.878815274781413","184.5","2"
"17.83522323994158","186","2"
"11.964107408945651","187.5","2"
"3.781196805034696","189","2"
"11.851828531632004","190.5","2"
"20.14664477587938","192","2"
"10.358328169669665","193.5","2"
"3.457753069053135","195","2"
"10.61955353530793","196.5","2"
"17.869123131238347","198","2"
"11.964656745206494","199.5","2"
"7.514115134345207","201","2"
"12.721979506407866","202.5","2"
"11.801286478833001","204","2"
"4.774687795976392","205.5","2"
"10.6478501967441","207","2"
"18.791989348645114","208.5","2"
"10.86373623045378","210","2"
"4.655470139367988","211.5","2"
"13.67269278663732","213","2"
"20.774122366626063","214.5","2"
"7.148727821647478","216","2"
"2.3614518488938123","217.5","2"
"13.999592276259785","219","2"
"19.010710892501187","220.5","2"
"8.69735738898695","222","2"
"8.17881668516703","223.5","2"
"15.081293813886704","225","2"
"12.774178918393837","226.5","2"
"6.709028169663844","228","2"
"11.293634320983315","229.5","2"
"17.94957089423755","231","2"
"8.631015490285666","232.5","2"
"4.901692391482287","234","2"
"15.307751259016033","235.5","2"
"20.49273285381321","237","2"
"7.356518742713337","238.5","2"
"3.420183144013718","240","2"
"14.672760618301913","241.5","2"
"16.360304469202383","243","2"
"7.653094870737287","244.5","2"
"8.673710216158506","246","2"
"16.23372960270054","247.5","2"
"12.748901658391375","249","2"
"5.748739296087589","250.5","2"
"12.91149584119636","252","2"
"17.78059973560457","253.5","2"
"8.904901303535521","255","2"
"3.816649642668851","256.5","2"
"15.97064506497948","258","2"
"20.66446238175595","259.5","2"
"8.647135587540012","261","2"
"4.919115701355438","262.5","2"
"15.815330172030938","264","2"
"17.093706558245447","265.5","2"
"6.81318622072146","267","2"
"7.547125178819446","268.5","2"
"18.78022965666123","270","2"
"16.869446458159487","271.5","2"
"4.641913221730724","273","2"
"7.344245557685631","274.5","2"
"17.62619339028744","276","2"
"15.035682541028995","277.5","2"
"5.755549896921482","279","2"
"11.39790847289606","280.5","2"
"18.2401284786037","282","2"
"12.726654708627803","283.5","2"
"5.745928330752851","285","2"
"13.262337820587494","286.5","2"
"16.992871796765836","288","2"
"5.91183177752918","289.5","2"
"5.0427483072602035","291","2"
"16.724639861400625","292.5","2"
"19.446796613168807","294","2"
"7.108192259999881","295.5","2"
"4.727072030166885","297","2"
"15.203003353278335","298.5","2"
"17.448700896408255","300","2"
"3.1120701753117026","1.5","3"
"17.595620684570527","3","3"
"20.32227498087429","4.5","3"
"12.127592217773532","6","3"
"6.809258271656343","7.5","3"
"14.611158595451277","9","3"
"13.433895924448837","10.5","3"
"7.539580960837206","12","3"
"10.536338831794893","13.5","3"
"17.97410947228926","15","3"
"13.559618345745914","16.5","3"
"4.2561996881814474","18","3"
"10.922419368718435","19.5","3"
"18.196568061119805","21","3"
"11.191524008498032","22.5","3"
"3.0010202917816216","24","3"
"14.567305198628265","25.5","3"
"21.808691632273053","27","3"
"13.13110801107533","28.5","3"
"2.7581447052564276","30","3"
"10.309242442362173","31.5","3"
"17.926869670658274","33","3"
"10.662723573406462","34.5","3"
"5.471119165064559","36","3"
"14.811656201054033","37.5","3"
"20.701533618558575","39","3"
"10.639523661590392","40.5","3"
"3.2468453465073184","42","3"
"13.60911938685061","43.5","3"
"18.51381169975736","45","3"
"9.56012544025716","46.5","3"
"5.166034558600509","48","3"
"16.118110293400747","49.5","3"
"18.92163270620398","51","3"
"7.164827659692203","52.5","3"
"6.87519031096301","54","3"
"16.79475542749377","55.5","3"
"14.331011128028187","57","3"
"6.078523385479754","58.5","3"
"10.038731345914742","60","3"
"19.31667482658277","61.5","3"
"16.56839304480958","63","3"
"4.045641047401386","64.5","3"
"9.830663808717539","66","3"
"18.237041286737803","67.5","3"
"12.683772974666168","69","3"
"5.569800216721519","70.5","3"
"12.104116469026486","72","3"
"18.676963790027255","73.5","3"
"10.370231234521626","75","3"
"6.262644147306254","76.5","3"
"14.712485811564722","78","3"
"18.054445030435186","79.5","3"
"6.533983533746983","81","3"
"4.831153329988056","82.5","3"
"17.78733046840054","84","3"
"20.197713568128496","85.5","3"
"8.651105613425107","87","3"
"5.302319820113164","88.5","3"
"15.872486077570414","90","3"
"16.137482772999427","91.5","3"
"6.460753503774993","93","3"
"7.745968542036714","94.5","3"
"17.73832032352894","96","3"
"15.96696412243165","97.5","3"
"7.739342222090323","99","3"
"10.389761891795414","100.5","3"
"17.915025825034434","102","3"
"10.440266542976659","103.5","3"
"3.6252924470062573","105","3"
"14.134540429937537","106.5","3"
"21.238747080044924","108","3"
"13.024071593850973","109.5","3"
"3.713952592304966","111","3"
"13.703334061986789","112.5","3"
"18.28206815931802","114","3"
"10.017961760052671","115.5","3"
"5.281926198429612","117","3"
"15.166781444879","118.5","3"
"17.557541162489137","120","3"
"9.842721155242756","121.5","3"
"6.938438784195434","123","3"
"16.92989682286328","124.5","3"
"15.85195726462267","126","3"
"5.847236066857045","127.5","3"
"9.080337487638301","129","3"
"18.378076553705913","130.5","3"
"17.049017858625806","132","3"
"7.144579358877654","133.5","3"
"8.442229266243855","135","3"
"16.255464617821026","136.5","3"
"13.23052151108008","138","3"
"5.786921283017632","139.5","3"
"10.953945815688213","141","3"
"19.86485787087783","142.5","3"
"15.085909796878523","144","3"
"5.23054494683213","145.5","3"
"9.137607935632166","147","3"
"18.318863559189666","148.5","3"
"12.888585012717556","150","3"
"4.9005489149393275","151.5","3"
"10.229872313474665","153","3"
"19.083072114060638","154.5","3"
"16.11907338505805","156","3"
"4.425018513142093","157.5","3"
"8.61886775651753","159","3"
"17.71865953979336","160.5","3"
"13.559540425708914","162","3"
"6.235978352244471","163.5","3"
"11.25667217223249","165","3"
"17.9623466635039","166.5","3"
"15.56270562007662","168","3"
"5.672929723290748","169.5","3"
"7.8172965439055595","171","3"
"17.705796500085572","172.5","3"
"15.922942418328718","174","3"
"5.325298049423972","175.5","3"
"8.678196072688536","177","3"
"18.21190739960342","178.5","3"
"18.9305716928485","180","3"
"7.790929182585482","181.5","3"
"3.8246068368471846","183","3"
"14.740166125508232","184.5","3"
"20.060418462936333","186","3"
"9.895194066558595","187.5","3"
"4.945409038640367","189","3"
"13.070984131326565","190.5","3"
"19.471626612158897","192","3"
"14.113290077447182","193.5","3"
"5.812015041332962","195","3"
"9.220699525486744","196.5","3"
"17.418006635433624","198","3"
"14.385095425709164","199.5","3"
"6.76684795391855","201","3"
"9.225663811043948","202.5","3"
"16.844937489721836","204","3"
"18.230516262839508","205.5","3"
"8.003737374833703","207","3"
"5.763080089297062","208.5","3"
"14.313429250879743","210","3"
"18.859954321717083","211.5","3"
"10.188820141981765","213","3"
"5.635602129566398","214.5","3"
"12.575917617852951","216","3"
"18.452918749243413","217.5","3"
"15.119286065526657","219","3"
"5.741435071819306","220.5","3"
"7.533002951313755","222","3"
"17.491940283339716","223.5","3"
"17.35050918258365","225","3"
"7.13816186463042","226.5","3"
"6.601344236932025","228","3"
"16.814564259299644","229.5","3"
"20.172980189984287","231","3"
"11.536766654030421","232.5","3"
"3.142198152417442","234","3"
"10.441728322870759","235.5","3"
"20.986914195666515","237","3"
"16.32399996556383","238.5","3"
"5.532582490249337","240","3"
"6.803136094349335","241.5","3"
"16.754346096306108","243","3"
"20.616309357291335","244.5","3"
"11.175889353074192","246","3"
"4.461655735338632","247.5","3"
"12.238902549027282","249","3"
"21.168852806856858","250.5","3"
"14.989669200780371","252","3"
"4.275921639146068","253.5","3"
"7.314936714968844","255","3"
"17.373264950188826","256.5","3"
"19.68421740750389","258","3"
"9.653066901988776","259.5","3"
"3.5340009420580945","261","3"
"13.315013323999528","262.5","3"
"20.288914296233557","264","3"
"14.954190649534006","265.5","3"
"5.736926228878361","267","3"
"9.726162130296757","268.5","3"
"18.171861175788173","270","3"
"17.94351962416421","271.5","3"
"8.187877227069269","273","3"
"6.181966909798089","274.5","3"
"15.619415823004461","276","3"
"21.056811585656057","277.5","3"
"11.073858519026647","279","3"
"4.039293681187451","280.5","3"
"10.729595328359336","282","3"
"20.701475957731194","283.5","3"
"19.341821180923073","285","3"
"6.337203882709631","286.5","3"
"4.168143812769666","288","3"
"14.986966933897246","289.5","3"
"23.23811601021004","291","3"
"16.14488050131211","292.5","3"
"3.1577681342105732","294","3"
"6.045178674446605","295.5","3"
"18.5257022974034","297","3"
"22.760235540096915","298.5","3"
"11.931096585271042","300","3"
"7.306780824696163","1.5","4"
"16.02075076557129","3","4"
"16.445298087160108","4.5","4"
"10.040828953310756","6","4"
"12.403323956699891","7.5","4"
"19.481307397555646","9","4"
"13.646271660491713","10.5","4"
"2.7560467082602305","12","4"
"9.923853056166811","13.5","4"
"21.046353158290056","15","4"
"17.78087713093629","16.5","4"
"5.4599025757385595","18","4"
"11.192776183492606","19.5","4"
"20.81457221623296","21","4"
"9.278372820071892","22.5","4"
"6.419660424262668","24","4"
"17.028259960769283","25.5","4"
"20.882881595868465","27","4"
"9.756707564000719","28.5","4"
"3.694822054421167","30","4"
"15.222358690468877","31.5","4"
"23.704640414130935","33","4"
"11.951372937298911","34.5","4"
"1.81498713621467","36","4"
"11.805914149830368","37.5","4"
"21.400527777663637","39","4"
"13.398038681822657","40.5","4"
"6.659252850028911","42","4"
"15.917966444765964","43.5","4"
"17.141681925025704","45","4"
"4.474451763814601","46.5","4"
"7.839524792860251","48","4"
"20.869384287059507","49.5","4"
"17.76133011045473","51","4"
"2.6973316227804065","52.5","4"
"6.981834011200893","54","4"
"21.149852785035034","55.5","4"
"19.158197938532812","57","4"
"4.063570837515031","58.5","4"
"8.528907515401494","60","4"
"18.813842802221842","61.5","4"
"13.619495218977391","63","4"
"6.967633863658203","64.5","4"
"12.04119292234835","66","4"
"16.514883797001655","67.5","4"
"6.7776071526273665","69","4"
"8.321838913078615","70.5","4"
"20.989085047897305","72","4"
"16.086452940768808","73.5","4"
"2.9505012253935328","75","4"
"8.011996898755593","76.5","4"
"21.624805020157734","78","4"
"17.896925000439573","79.5","4"
"1.1344663568813655","81","4"
"8.692687641169602","82.5","4"
"20.72850797696687","84","4"
"12.93386590461839","85.5","4"
"7.897258865074258","87","4"
"15.304808998418952","88.5","4"
"14.611358070745995","90","4"
"3.6938044187379604","91.5","4"
"11.862230856571363","93","4"
"23.06616363096148","94.5","4"
"12.586884863060554","96","4"
"2.0125734544350524","97.5","4"
"12.58347741984259","99","4"
"21.912908123358417","100.5","4"
"10.252616393074291","102","4"
"5.935147790200378","103.5","4"
"14.238343944826807","105","4"
"15.395978558509212","106.5","4"
"7.706916577893576","108","4"
"11.37175539167773","109.5","4"
"15.57761328155526","111","4"
"5.713322691270638","112.5","4"
"5.5434558418123565","114","4"
"18.978099798616384","115.5","4"
"20.788761983177427","117","4"
"2.83865402508486","118.5","4"
"7.682573579134733","120","4"
"20.02063249204467","121.5","4"
"14.38534476982756","123","4"
"3.358985136554922","124.5","4"
"12.076789132850582","126","4"
"18.262349714755064","127.5","4"
"8.967403302813494","129","4"
"5.995979573485279","130.5","4"
"18.500767885563732","132","4"
"16.843486618632916","133.5","4"
"6.487866949449335","135","4"
"8.993508073608885","136.5","4"
"17.451384462482498","138","4"
"14.65208375728387","139.5","4"
"6.076086046722427","141","4"
"10.931270305721146","142.5","4"
"14.712080627372327","144","4"
"8.54556136490928","145.5","4"
"9.686164996104823","147","4"
"19.597986419358627","148.5","4"
"14.404185834773909","150","4"
"3.004636171098558","151.5","4"
"7.8507078765703415","153","4"
"18.336951916578606","154.5","4"
"13.359909290917587","156","4"
"5.430311272887651","157.5","4"
"12.789432544836753","159","4"
"17.022168172276704","160.5","4"
"8.132060766965806","162","4"
"5.653046867449724","163.5","4"
"14.276386065290438","165","4"
"15.624151802853257","166.5","4"
"7.415201101777622","168","4"
"9.800826668149899","169.5","4"
"17.50564018424487","171","4"
"11.098496834725717","172.5","4"
"4.952547682830026","174","4"
"11.463433769609592","175.5","4"
"18.451265286058295","177","4"
"11.75652765118006","178.5","4"
"6.633366255337117","180","4"
"13.053168494067123","181.5","4"
"15.316267919060019","183","4"
"6.127357431067741","184.5","4"
"8.565472271963625","186","4"
"17.891643580331785","187.5","4"
"12.915514177504395","189","4"
"5.044611764945034","190.5","4"
"11.861178936071878","192","4"
"19.480113662588824","193.5","4"
"10.63358303796959","195","4"
"4.1692066420743314","196.5","4"
"12.314266808812674","198","4"
"16.85734391801281","199.5","4"
"10.250694884961897","201","4"
"9.496748398963689","202.5","4"
"14.8933148414282","204","4"
"10.948270120193209","205.5","4"
"4.632275681954508","207","4"
"13.063863798345599","208.5","4"
"18.095427853095156","210","4"
"10.362951165464814","211.5","4"
"3.1267431026788834","213","4"
"13.634144185933195","214.5","4"
"20.150091958316214","216","4"
"8.583285571621955","217.5","4"
"5.2120930924705915","219","4"
"14.505315133993374","220.5","4"
"16.354279691941624","222","4"
"5.463991040079895","223.5","4"
"10.166598126630031","225","4"
"17.33758224844552","226.5","4"
"9.829780974698341","228","4"
"5.699156828544227","229.5","4"
"14.71175803841915","231","4"
"18.27530781690799","232.5","4"
"8.521536279901392","234","4"
"5.374483124778638","235.5","4"
"14.71705036733212","237","4"
"16.7357247658641","238.5","4"
"7.532399850227383","240","4"
"8.249670933210922","241.5","4"
"15.704538788223601","243","4"
"11.89760811176963","244.5","4"
"5.348642113308489","246","4"
"14.035150305943889","247.5","4"
"18.009547505116387","249","4"
"6.285819903910854","250.5","4"
"5.721747405670965","252","4"
"17.273829632573715","253.5","4"
"18.857651005423396","255","4"
"5.985184531559443","256.5","4"
"7.670351042131076","258","4"
"15.436252308832493","259.5","4"
"12.376182849412414","261","4"
"7.218536382794844","262.5","4"
"13.206827586229435","264","4"
"15.360322349578489","265.5","4"
"7.76496934305891","267","4"
"8.269340288150568","268.5","4"
"17.820656868224997","270","4"
"15.047591839483916","271.5","4"
"3.2643358624123815","273","4"
"8.968312629645272","274.5","4"
"20.150096633518434","276","4"
"13.029014840998187","277.5","4"
"4.633608504187375","279","4"
"12.512844464703775","280.5","4"
"17.02023419695839","282","4"
"6.884469808169216","283.5","4"
"8.442985869803113","285","4"
"19.099764144386555","286.5","4"
"14.857462274004241","288","4"
"3.3681867137241293","289.5","4"
"9.882475958119626","291","4"
"17.006969089859687","292.5","4"
"10.967841295886236","294","4"
"7.226582405815356","295.5","4"
"14.432009521585496","297","4"
"14.876624369503023","298.5","4"
"7.088390440997336","300","4"
"10.348042724785802","1.5","5"
"6.695798905782161","3","5"
"13.796400195777604","4.5","5"
"14.649752389776861","6","5"
"8.602601948793998","7.5","5"
"10.66419236610389","9","5"
"16.35683858595667","10.5","5"
"9.664376216158804","12","5"
"4.602851517582962","13.5","5"
"14.946138392910534","15","5"
"20.008763712008985","16.5","5"
"9.092249902894702","18","5"
"-0.9554388382733019","19.5","5"
"11.675166665347229","21","5"
"23.285653466382364","22.5","5"
"12.61858896771469","24","5"
"2.6552941524196543","25.5","5"
"9.512745382559574","27","5"
"19.02743720764338","28.5","5"
"14.846087507003134","30","5"
"5.551199924689498","31.5","5"
"9.13800065261864","33","5"
"14.600358878323222","34.5","5"
"12.561601369455133","36","5"
"9.667292763143676","37.5","5"
"14.758673692696224","39","5"
"13.475932226009034","40.5","5"
"4.957763650106736","42","5"
"7.954863590026847","43.5","5"
"19.070618933747465","45","5"
"17.280393616490507","46.5","5"
"1.2456190948602852","48","5"
"5.17005016770725","49.5","5"
"20.84812458416471","51","5"
"20.270297640993764","52.5","5"
"6.601319302520186","54","5"
"4.154352355821036","55.5","5"
"12.450665833579347","57","5"
"13.476131701303752","58.5","5"
"7.703296412974605","60","5"
"14.304934408446117","61.5","5"
"16.714351299715286","63","5"
"6.877997769896083","64.5","5"
"6.865239922238243","66","5"
"15.436285035248032","67.5","5"
"18.099623067887183","69","5"
"7.668250317933584","70.5","5"
"4.618465913797183","72","5"
"15.884364208010535","73.5","5"
"18.427934468580066","75","5"
"4.675751945798447","76.5","5"
"5.836396220909935","78","5"
"18.02884673988029","79.5","5"
"17.95113552858049","81","5"
"5.993350551436934","82.5","5"
"6.589576752944443","84","5"
"16.106830588844776","85.5","5"
"14.89405819858117","87","5"
"6.521976835245813","88.5","5"
"10.41468617403027","90","5"
"15.008382476866041","91.5","5"
"8.57025578303499","93","5"
"6.4123577583951255","94.5","5"
"15.20268388112664","96","5"
"16.787602368097264","97.5","5"
"7.17774134742404","99","5"
"5.4455536009252015","100.5","5"
"16.36736714135597","102","5"
"19.839247113117015","103.5","5"
"6.411913224584047","105","5"
"4.55066535200328","106.5","5"
"15.637128605815064","108","5"
"16.67584945103336","109.5","5"
"7.037749429751344","111","5"
"9.504633906707983","112.5","5"
"16.123915336157168","114","5"
"10.997343380294781","115.5","5"
"5.098523469744057","117","5"
"13.536144155399608","118.5","5"
"19.285059550770814","120","5"
"9.692884820095612","121.5","5"
"5.3942393605595385","123","5"
"13.381892091755732","124.5","5"
"16.61983741163703","126","5"
"8.03247038847707","127.5","5"
"7.463527108724374","129","5"
"14.557571427606355","130.5","5"
"13.812249131303192","132","5"
"4.926470963247955","133.5","5"
"11.397463549484796","135","5"
"18.007357952076717","136.5","5"
"10.143229128333674","138","5"
"2.8755004625807414","139.5","5"
"12.534839732747841","141","5"
"19.822053277752826","142.5","5"
"11.186715563014827","144","5"
"5.083499707410288","145.5","5"
"12.821465472047024","147","5"
"15.086514456365634","148.5","5"
"8.24830655336307","150","5"
"9.93059703536907","151.5","5"
"17.066780510260088","153","5"
"14.137677490627116","154.5","5"
"4.092638128117121","156","5"
"9.138241425532968","157.5","5"
"17.71213919109729","159","5"
"11.677146613487372","160.5","5"
"4.363726612038713","162","5"
"12.007349133478222","163.5","5"
"18.71179248816505","165","5"
"10.117094747924224","166.5","5"
"5.669948502675168","168","5"
"14.749123812961631","169.5","5"
"15.730461226132414","171","5"
"5.21146661537312","172.5","5"
"6.814744621461439","174","5"
"16.88811298222296","175.5","5"
"14.225011826496287","177","5"
"7.000442874436984","178.5","5"
"10.536005334036536","180","5"
"18.09026642984435","181.5","5"
"12.280017056549783","183","5"
"4.157583699755382","184.5","5"
"9.981847381304394","186","5"
"17.24603399697545","187.5","5"
"9.805857185738551","189","5"
"7.911187071687822","190.5","5"
"15.326484794311323","192","5"
"16.436321698897828","193.5","5"
"5.392451874910782","195","5"
"5.838964465329421","196.5","5"
"16.917686753065542","198","5"
"16.047352666202734","199.5","5"
"4.596525968979387","201","5"
"8.536312256517505","202.5","5"
"18.166394305992327","204","5"
"13.58078142779483","205.5","5"
"5.7557104121977005","207","5"
"11.605325377784323","208.5","5"
"17.092459837653465","210","5"
"10.346628476114272","211.5","5"
"5.807101403799807","213","5"
"15.790727699548889","214.5","5"
"18.588437277592","216","5"
"7.994752415367354","217.5","5"
"5.974645456955149","219","5"
"16.217413146952957","220.5","5"
"15.73075264707079","222","5"
"7.007814889137455","223.5","5"
"8.868730822360606","225","5"
"19.057824463672237","226.5","5"
"15.964557951689121","228","5"
"3.567734474075868","229.5","5"
"7.785804381752061","231","5"
"17.97591098354468","232.5","5"
"16.345577582209582","234","5"
"5.787433217660715","235.5","5"
"10.072049953735497","237","5"
"16.8178992368832","238.5","5"
"13.369979676499332","240","5"
"6.858619056694442","241.5","5"
"13.36411073931257","243","5"
"16.682866929565485","244.5","5"
"5.243786288319548","246","5"
"4.254820893126751","247.5","5"
"16.539595357535504","249","5"
"20.711681924177316","250.5","5"
"8.214683278197649","252","5"
"3.2519233953185402","253.5","5"
"14.146858029386333","255","5"
"19.00158022256565","256.5","5"
"9.188623742256123","258","5"
"4.374681779640581","259.5","5"
"14.582854921211776","261","5"
"17.942586142120962","262.5","5"
"9.581960193025008","264","5"
"7.250319965886718","265.5","5"
"15.211749098231099","267","5"
"16.077261493204414","268.5","5"
"4.790165832125865","270","5"
"7.238144960105632","271.5","5"
"18.778222436508138","273","5"
"18.34578181517133","274.5","5"
"5.915018707042438","276","5"
"6.23156963655107","277.5","5"
"16.917563639407085","279","5"
"16.16711108786791","280.5","5"
"5.652091957396302","282","5"
"8.747929051400012","283.5","5"
"18.736793911236532","285","5"
"16.5503420890384","286.5","5"
"4.171144123794311","288","5"
"6.71455581708855","289.5","5"
"18.911959712810926","291","5"
"18.641142390618093","292.5","5"
"3.7368240711650844","294","5"
"6.97459368136295","295.5","5"
"19.030929583701674","297","5"
"18.441068670016612","298.5","5"
"8.394371558719465","300","5"
"11.834690798694453","1.5","6"
"6.71604954419782","3","6"
"13.34406347219348","4.5","6"
"17.70451237787583","6","6"
"9.758357131183987","7.5","6"
"10.270181127814595","9","6"
"15.311335580717985","10.5","6"
"10.365932386080393","12","6"
"5.577680270063223","13.5","6"
"12.762631168910591","15","6"
"21.516471234317343","16.5","6"
"14.016435471457479","18","6"
"-0.15019346459172095","19.5","6"
"8.931452556142915","21","6"
"22.55302434410633","22.5","6"
"16.419931998315466","24","6"
"2.6315285411349723","25.5","6"
"8.123773191830596","27","6"
"20.458664655236525","28.5","6"
"16.284633204471216","30","6"
"5.3503992101428155","31.5","6"
"9.836180547337065","33","6"
"16.300920050604738","34.5","6"
"12.142453906430344","36","6"
"7.179956614075921","37.5","6"
"14.617161555101678","39","6"
"17.598023738511575","40.5","6"
"7.621250510016553","42","6"
"7.129882081498911","43.5","6"
"16.836088890320234","45","6"
"17.34435973326369","46.5","6"
"3.9212039171146063","48","6"
"5.21673400987425","49.5","6"
"21.519234278829327","51","6"
"22.354873690017982","52.5","6"
"6.318115032045627","54","6"
"2.3936452913803015","55.5","6"
"17.58502511793941","57","6"
"21.465382182858608","58.5","6"
"8.374473898071411","60","6"
"4.688707320750078","61.5","6"
"12.672251717995502","63","6"
"16.484097590383367","64.5","6"
"10.015592990927903","66","6"
"12.981353491967035","67.5","6"
"13.255138009168789","69","6"
"5.190483139009486","70.5","6"
"5.10617794457865","72","6"
"19.199121541964665","73.5","6"
"23.292331213553172","75","6"
"4.609763414464955","76.5","6"
"0.36114936363541356","78","6"
"15.556490717925584","79.5","6"
"25.587275778467173","81","6"
"12.274836932490091","82.5","6"
"0.694690635461611","84","6"
"8.824692755049904","85.5","6"
"19.38907189135924","87","6"
"18.571039291730873","88.5","6"
"8.520385400954918","90","6"
"10.681033223700476","91.5","6"
"10.274144140896363","93","6"
"8.515858246805278","94.5","6"
"13.059067820068314","96","6"
"19.567066190276698","97.5","6"
"14.21063402126924","99","6"
"4.122210730159151","100.5","6"
"7.756596055883001","102","6"
"20.21634736577643","103.5","6"
"18.512666275213473","105","6"
"5.050122659561785","106.5","6"
"5.396452289610309","108","6"
"17.100893902458232","109.5","6"
"19.217046267275904","111","6"
"10.756096712143052","112.5","6"
"7.366917950851218","114","6"
"13.43286114635749","115.5","6"
"12.978597460258381","117","6"
"8.39776887233262","118.5","6"
"11.655940675418107","120","6"
"16.96290063373456","121.5","6"
"14.887955501283413","123","6"
"6.141496800981571","124.5","6"
"9.370896630405193","126","6"
"16.544602499113058","127.5","6"
"12.260861973854329","129","6"
"3.8521613099309406","130.5","6"
"11.07361229170973","132","6"
"20.420635001978813","133.5","6"
"15.289042658132583","135","6"
"4.018866943488174","136.5","6"
"6.761855617148027","138","6"
"19.40810619799735","139.5","6"
"18.53586618702954","141","6"
"3.428325787880109","142.5","6"
"5.240840521320802","144","6"
"17.411063960137017","145.5","6"
"22.151427590215185","147","6"
"10.50068262286417","148.5","6"
"3.8206301877589426","150","6"
"12.086310961371854","151.5","6"
"16.894430738822834","153","6"
"10.398847368109493","154.5","6"
"9.017276801695047","156","6"
"14.79181931803484","157.5","6"
"16.506443498593928","159","6"
"9.495088702175611","160.5","6"
"6.168653881876632","162","6"
"14.832442150123876","163.5","6"
"17.776566594489505","165","6"
"8.221745171150864","166.5","6"
"5.266314139816501","168","6"
"15.385590259176512","169.5","6"
"20.10628219671392","171","6"
"11.92450922534315","172.5","6"
"2.498045673752984","174","6"
"10.883337015760867","175.5","6"
"20.44537461372598","177","6"
"14.378813512326309","178.5","6"
"6.124553868136518","180","6"
"9.370617676672737","181.5","6"
"17.276743841957476","183","6"
"17.42601369843564","184.5","6"
"7.322773133089829","186","6"
"6.454911059400811","187.5","6"
"15.344990803098575","189","6"
"18.060360719644148","190.5","6"
"9.216092892899365","192","6"
"7.335299558237781","193.5","6"
"14.129416408304486","195","6"
"19.098928841589924","196.5","6"
"12.196814820242666","198","6"
"3.4078745053691777","199.5","6"
"10.370446293823743","201","6"
"20.329638424370692","202.5","6"
"14.621969221384512","204","6"
"5.2673196978939725","205.5","6"
"8.302676817579831","207","6"
"17.424877624296194","208.5","6"
"18.983864322953565","210","6"
"9.403757847608762","211.5","6"
"3.9390355279816327","213","6"
"13.938255181534945","214.5","6"
"19.851344978061473","216","6"
"10.452485963178836","217.5","6"
"4.731775673200326","219","6"
"12.84499732322071","220.5","6"
"20.89545633143936","222","6"
"16.620987511383134","223.5","6"
"3.6062667115722222","225","6"
"4.7713574935950565","226.5","6"
"17.14206685000848","228","6"
"21.92149335303496","229.5","6"
"10.647200343635529","231","6"
"3.530586096436615","232.5","6"
"11.874979353824763","234","6"
"21.583388962092048","235.5","6"
"18.90726113457989","237","6"
"8.682510505137168","238.5","6"
"5.490705145564617","240","6"
"15.119558785656153","241.5","6"
"22.27346906896443","243","6"
"14.386166047017529","244.5","6"
"5.386271257576025","246","6"
"8.696704419076898","247.5","6"
"17.604087475790834","249","6"
"19.6582606847788","250.5","6"
"11.890888287778841","252","6"
"6.3126929662710545","253.5","6"
"11.975616977610766","255","6"
"19.368371654330097","256.5","6"
"16.069907400112452","258","6"
"8.089000596119442","259.5","6"
"8.562886105935629","261","6"
"14.989672317581851","262.5","6"
"18.829459536037174","264","6"
"12.833507234564843","265.5","6"
"5.457722373103329","267","6"
"10.603617329340901","268.5","6"
"18.750210183207013","270","6"
"18.14436007792976","271.5","6"
"9.528401076393404","273","6"
"4.282079659670096","274.5","6"
"12.122207164016535","276","6"
"21.363425372846212","277.5","6"
"20.549796813709023","279","6"
"8.523477268023036","280.5","6"
"3.1523299000283234","282","6"
"12.063158580778355","283.5","6"
"23.37541267380294","285","6"
"21.930931027916277","286.5","6"
"8.010842123807269","288","6"
"0.5760932223477185","289.5","6"
"10.157561739939263","291","6"
"22.828145969142987","292.5","6"
"24.20393798561359","294","6"
"11.688308658787472","295.5","6"
"2.655157013154536","297","6"
"8.562163787192649","298.5","6"
"21.690469793737496","300","6"
"20.74045623544029","1.5","7"
"5.077899204750988","3","7"
"4.128911463740876","4.5","7"
"15.731171856869846","6","7"
"19.15845663305565","7.5","7"
"7.873920255592331","9","7"
"9.198248425226234","10.5","7"
"15.624256215702836","12","7"
"12.660706306113367","13.5","7"
"6.247522984926237","15","7"
"13.486911159222187","16.5","7"
"18.338310842023866","18","7"
"12.31972744500556","19.5","7"
"3.1447108788105655","21","7"
"12.369269783729868","22.5","7"
"18.93249164256015","24","7"
"11.133015411116256","25.5","7"
"3.823526085934009","27","7"
"13.426276903231079","28.5","7"
"21.580428000686087","30","7"
"12.42734826250741","31.5","7"
"2.9855186848209563","33","7"
"11.33440364274191","34.5","7"
"19.811636927206806","36","7"
"12.62827988271625","37.5","7"
"3.3399391419112674","39","7"
"11.951742278274287","40.5","7"
"20.881527345625425","42","7"
"15.379016924855279","43.5","7"
"4.314703999961189","45","7"
"8.767047511678076","46.5","7"
"15.946012982883369","48","7"
"12.557015775277744","49.5","7"
"5.421671109585022","51","7"
"13.201918623898502","52.5","7"
"19.524649638935948","54","7"
"10.547985539725127","55.5","7"
"2.9283992068987783","57","7"
"12.169963575492826","58.5","7"
"20.826255546580583","60","7"
"12.137579228915689","61.5","7"
"1.7671976087226546","63","7"
"11.283768085898508","64.5","7"
"22.175997336281696","66","7"
"15.478667301772505","67.5","7"
"2.6970166310308383","69","7"
"6.839930715020612","70.5","7"
"17.158858617981753","72","7"
"16.07752953813169","73.5","7"
"5.1154048457598815","75","7"
"9.840422514151287","76.5","7"
"17.64626247501689","78","7"
"13.188034831706027","79.5","7"
"5.526527324174148","81","7"
"10.212751722945255","82.5","7"
"18.07805168484439","84","7"
"13.251790564379315","85.5","7"
"4.215059467046738","87","7"
"11.262805258344677","88.5","7"
"19.927508697426475","90","7"
"13.947245595403885","91.5","7"
"2.160309844585075","93","7"
"7.646813736554801","94.5","7"
"17.938688581870277","96","7"
"17.681789336686194","97.5","7"
"4.758264589778122","99","7"
"8.632747652708154","100.5","7"
"17.433001567353706","102","7"
"13.466980772158593","103.5","7"
"4.75913106058955","105","7"
"9.654907373262692","106.5","7"
"18.356157647298108","108","7"
"13.880190728364063","109.5","7"
"2.0553390875415603","111","7"
"9.214768252270384","112.5","7"
"21.048986855540623","114","7"
"16.145810866553877","115.5","7"
"1.516978448310494","117","7"
"5.816367264999538","118.5","7"
"17.26151359152566","120","7"
"19.86800895717407","121.5","7"
"6.910384454074329","123","7"
"7.350348254983389","124.5","7"
"15.861235982628504","126","7"
"15.475520890678487","127.5","7"
"4.07407523770286","129","7"
"7.401475487260255","130.5","7"
"17.21983104693344","132","7"
"15.921683230530816","133.5","7"
"3.4705241631172643","135","7"
"6.154061017347468","136.5","7"
"19.64239928204729","138","7"
"18.04169419558068","139.5","7"
"4.114559761726223","141","7"
"3.995876246971447","142.5","7"
"15.102724940862897","144","7"
"19.722451211258537","145.5","7"
"10.930134231581702","147","7"
"6.53412301061321","148.5","7"
"14.287297987271772","150","7"
"14.214729498413904","151.5","7"
"4.062807221152441","153","7"
"7.7167890465813445","154.5","7"
"17.787182420330243","156","7"
"14.768370062100374","157.5","7"
"2.7498325853095635","159","7"
"6.974779910251377","160.5","7"
"20.264347666968526","162","7"
"17.309075982109825","163.5","7"
"3.153851678350913","165","7"
"4.238530930191748","166.5","7"
"15.586787586711518","168","7"
"18.501140343340587","169.5","7"
"9.6399958157822","171","7"
"8.199523155799133","172.5","7"
"13.60843836572724","174","7"
"10.943834132486858","175.5","7"
"3.8577045413630464","177","7"
"11.466376030206673","178.5","7"
"18.696594964148773","180","7"
"11.744874709646865","181.5","7"
"2.0476497434904104","183","7"
"11.649323705876155","184.5","7"
"21.00137771293426","186","7"
"10.961250819156865","187.5","7"
"0.7014724058818153","189","7"
"10.318560120386508","190.5","7"
"19.731564738785938","192","7"
"16.821316809705973","193.5","7"
"5.785205483802915","195","7"
"8.63889554362737","196.5","7"
"13.738207953746043","198","7"
"10.026642052174354","199.5","7"
"7.703813802020278","201","7"
"13.795095814358241","202.5","7"
"16.635602193522658","204","7"
"7.484418249844165","205.5","7"
"5.185602227891872","207","7"
"15.967391124234403","208.5","7"
"20.079239268673064","210","7"
"6.295952625522198","211.5","7"
"1.9175324373064997","213","7"
"14.535315906638713","214.5","7"
"20.2333027658274","216","7"
"12.473967041443515","217.5","7"
"5.148828645630584","219","7"
"11.785738314650228","220.5","7"
"14.51911788934737","222","7"
"8.682819847684053","223.5","7"
"8.441913690094008","225","7"
"15.175848220384198","226.5","7"
"13.288752713130139","228","7"
"5.610947450659558","229.5","7"
"10.088658609621826","231","7"
"18.766280411637677","232.5","7"
"13.576121809582293","234","7"
"1.2849056957148355","235.5","7"
"8.00321998578803","237","7"
"19.6819920112472","238.5","7"
"15.415103252390237","240","7"
"4.51854671275231","241.5","7"
"10.017231649305991","243","7"
"17.505766414704812","244.5","7"
"9.898801764271646","246","7"
"4.939006738800347","247.5","7"
"13.656426199713417","249","7"
"17.714548478641298","250.5","7"
"9.137870526156853","252","7"
"4.866421497134524","253.5","7"
"14.695575605135208","255","7"
"17.019899140799296","256.5","7"
"6.503695625765303","258","7"
"5.68214259886532","259.5","7"
"15.351335052511029","261","7"
"17.086522330834143","262.5","7"
"5.749665375727321","264","7"
"7.990724728654878","265.5","7"
"17.047602830753902","267","7"
"13.52622649309038","268.5","7"
"5.099468639792854","270","7"
"9.558787553221888","271.5","7"
"17.53290596359155","273","7"
"12.907556204125692","274.5","7"
"4.782829660642413","276","7"
"11.660471725569595","277.5","7"
"16.748810656877705","279","7"
"8.595540055840782","280.5","7"
"5.707607256556764","282","7"
"14.053300999362426","283.5","7"
"16.721831623267185","285","7"
"8.424258568110785","286.5","7"
"6.588054195421483","288","7"
"15.967213466550046","289.5","7"
"17.409616205849577","291","7"
"5.382807711931422","292.5","7"
"5.4629827548011285","294","7"
"16.61089063298881","295.5","7"
"16.50307891139631","297","7"
"5.200027953941674","298.5","7"
"8.992747574047774","300","7"
"7.306780824696163","1.5","8"
"16.02075076557129","3","8"
"16.445298087160108","4.5","8"
"10.040828953310756","6","8"
"12.403323956699891","7.5","8"
"19.481307397555646","9","8"
"13.646271660491713","10.5","8"
"2.7560467082602305","12","8"
"9.923853056166811","13.5","8"
"21.046353158290056","15","8"
"17.78087713093629","16.5","8"
"5.4599025757385595","18","8"
"11.192776183492606","19.5","8"
"20.81457221623296","21","8"
"9.278372820071892","22.5","8"
"6.419660424262668","24","8"
"17.028259960769283","25.5","8"
"20.882881595868465","27","8"
"9.756707564000719","28.5","8"
"3.694822054421167","30","8"
"15.222358690468877","31.5","8"
"23.704640414130935","33","8"
"11.951372937298911","34.5","8"
"1.81498713621467","36","8"
"11.805914149830368","37.5","8"
"21.400527777663637","39","8"
"13.398038681822657","40.5","8"
"6.659252850028911","42","8"
"15.917966444765964","43.5","8"
"17.141681925025704","45","8"
"4.474451763814601","46.5","8"
"7.839524792860251","48","8"
"20.869384287059507","49.5","8"
"17.76133011045473","51","8"
"2.6973316227804065","52.5","8"
"6.981834011200893","54","8"
"21.149852785035034","55.5","8"
"19.158197938532812","57","8"
"4.063570837515031","58.5","8"
"8.528907515401494","60","8"
"18.813842802221842","61.5","8"
"13.619495218977391","63","8"
"6.967633863658203","64.5","8"
"12.04119292234835","66","8"
"16.514883797001655","67.5","8"
"6.7776071526273665","69","8"
"8.321838913078615","70.5","8"
"20.989085047897305","72","8"
"16.086452940768808","73.5","8"
"2.9505012253935328","75","8"
"8.011996898755593","76.5","8"
"21.624805020157734","78","8"
"17.896925000439573","79.5","8"
"1.1344663568813655","81","8"
"8.692687641169602","82.5","8"
"20.72850797696687","84","8"
"12.93386590461839","85.5","8"
"7.897258865074258","87","8"
"15.304808998418952","88.5","8"
"14.611358070745995","90","8"
"3.6938044187379604","91.5","8"
"11.862230856571363","93","8"
"23.06616363096148","94.5","8"
"12.586884863060554","96","8"
"2.0125734544350524","97.5","8"
"12.58347741984259","99","8"
"21.912908123358417","100.5","8"
"10.252616393074291","102","8"
"5.935147790200378","103.5","8"
"14.238343944826807","105","8"
"15.395978558509212","106.5","8"
"7.706916577893576","108","8"
"11.37175539167773","109.5","8"
"15.57761328155526","111","8"
"5.713322691270638","112.5","8"
"5.5434558418123565","114","8"
"18.978099798616384","115.5","8"
"20.788761983177427","117","8"
"2.83865402508486","118.5","8"
"7.682573579134733","120","8"
"20.02063249204467","121.5","8"
"14.38534476982756","123","8"
"3.358985136554922","124.5","8"
"12.076789132850582","126","8"
"18.262349714755064","127.5","8"
"8.967403302813494","129","8"
"5.995979573485279","130.5","8"
"18.500767885563732","132","8"
"16.843486618632916","133.5","8"
"6.487866949449335","135","8"
"8.993508073608885","136.5","8"
"17.451384462482498","138","8"
"14.65208375728387","139.5","8"
"6.076086046722427","141","8"
"10.931270305721146","142.5","8"
"14.712080627372327","144","8"
"8.54556136490928","145.5","8"
"9.686164996104823","147","8"
"19.597986419358627","148.5","8"
"14.404185834773909","150","8"
"3.004636171098558","151.5","8"
"7.8507078765703415","153","8"
"18.336951916578606","154.5","8"
"13.359909290917587","156","8"
"5.430311272887651","157.5","8"
"12.789432544836753","159","8"
"17.022168172276704","160.5","8"
"8.132060766965806","162","8"
"5.653046867449724","163.5","8"
"14.276386065290438","165","8"
"15.624151802853257","166.5","8"
"7.415201101777622","168","8"
"9.800826668149899","169.5","8"
"17.50564018424487","171","8"
"11.098496834725717","172.5","8"
"4.952547682830026","174","8"
"11.463433769609592","175.5","8"
"18.451265286058295","177","8"
"11.75652765118006","178.5","8"
"6.633366255337117","180","8"
"13.053168494067123","181.5","8"
"15.316267919060019","183","8"
"6.127357431067741","184.5","8"
"8.565472271963625","186","8"
"17.891643580331785","187.5","8"
"12.915514177504395","189","8"
"5.044611764945034","190.5","8"
"11.861178936071878","192","8"
"19.480113662588824","193.5","8"
"10.63358303796959","195","8"
"4.1692066420743314","196.5","8"
"12.314266808812674","198","8"
"16.85734391801281","199.5","8"
"10.250694884961897","201","8"
"9.496748398963689","202.5","8"
"14.8933148414282","204","8"
"10.948270120193209","205.5","8"
"4.632275681954508","207","8"
"13.063863798345599","208.5","8"
"18.095427853095156","210","8"
"10.362951165464814","211.5","8"
"3.1267431026788834","213","8"
"13.634144185933195","214.5","8"
"20.150091958316214","216","8"
"8.583285571621955","217.5","8"
"5.2120930924705915","219","8"
"14.505315133993374","220.5","8"
"16.354279691941624","222","8"
"5.463991040079895","223.5","8"
"10.166598126630031","225","8"
"17.33758224844552","226.5","8"
"9.829780974698341","228","8"
"5.699156828544227","229.5","8"
"14.71175803841915","231","8"
"18.27530781690799","232.5","8"
"8.521536279901392","234","8"
"5.374483124778638","235.5","8"
"14.71705036733212","237","8"
"16.7357247658641","238.5","8"
"7.532399850227383","240","8"
"8.249670933210922","241.5","8"
"15.704538788223601","243","8"
"11.89760811176963","244.5","8"
"5.348642113308489","246","8"
"14.035150305943889","247.5","8"
"18.009547505116387","249","8"
"6.285819903910854","250.5","8"
"5.721747405670965","252","8"
"17.273829632573715","253.5","8"
"18.857651005423396","255","8"
"5.985184531559443","256.5","8"
"7.670351042131076","258","8"
"15.436252308832493","259.5","8"
"12.376182849412414","261","8"
"7.218536382794844","262.5","8"
"13.206827586229435","264","8"
"15.360322349578489","265.5","8"
"7.76496934305891","267","8"
"8.269340288150568","268.5","8"
"17.820656868224997","270","8"
"15.047591839483916","271.5","8"
"3.2643358624123815","273","8"
"8.968312629645272","274.5","8"
"20.150096633518434","276","8"
"13.029014840998187","277.5","8"
"4.633608504187375","279","8"
"12.512844464703775","280.5","8"
"17.02023419695839","282","8"
"6.884469808169216","283.5","8"
"8.442985869803113","285","8"
"19.099764144386555","286.5","8"
"14.857462274004241","288","8"
"3.3681867137241293","289.5","8"
"9.882475958119626","291","8"
"17.006969089859687","292.5","8"
"10.967841295886236","294","8"
"7.226582405815356","295.5","8"
"14.432009521585496","297","8"
"14.876624369503023","298.5","8"
"7.088390440997336","300","8"
"17.57893488784757","1.5","9"
"11.661628058918659","3","9"
"4.583246057073654","4.5","9"
"13.483334629523934","6","9"
"20.993909856588278","7.5","9"
"9.368076704266201","9","9"
"5.039168660760471","10.5","9"
"15.638448571241826","12","9"
"18.786460142819667","13.5","9"
"10.179620123213297","15","9"
"5.138474241513977","16.5","9"
"17.034646287001717","18","9"
"18.020705654414638","19.5","9"
"4.769761691237318","21","9"
"6.288102960994924","22.5","9"
"18.963921468684052","24","9"
"19.84789312042242","25.5","9"
"9.032191475977017","27","9"
"5.915113769487577","28.5","9"
"14.185691817425873","30","9"
"15.289020840522223","31.5","9"
"7.714918186493","33","9"
"11.55103225440419","34.5","9"
"17.013300872066225","36","9"
"12.51320133847323","37.5","9"
"4.572649711242167","39","9"
"11.87374743803981","40.5","9"
"18.682500787856398","42","9"
"8.576710678899984","43.5","9"
"3.1176461331593477","45","9"
"14.054918619330524","46.5","9"
"20.767223326550173","48","9"
"11.308763275367033","49.5","9"
"2.0925727876213265","51","9"
"12.78364464448847","52.5","9"
"20.549496042366208","54","9"
"12.305704955147228","55.5","9"
"2.9657714098443106","57","9"
"12.556806949578586","58.5","9"
"19.059610390920252","60","9"
"10.178339897005404","61.5","9"
"5.017019890243518","63","9"
"12.230815228387161","64.5","9"
"15.900149249105784","66","9"
"7.772122402455413","67.5","9"
"8.265865833700785","69","9"
"16.89702391765416","70.5","9"
"15.33187530247091","72","9"
"6.733772456613233","73.5","9"
"7.344953850821952","75","9"
"17.01649403518244","76.5","9"
"15.508429639104627","78","9"
"2.866570436740476","79.5","9"
"8.007995704855697","81","9"
"19.69901286412925","82.5","9"
"17.98395700656519","84","9"
"4.365082420682495","85.5","9"
"5.132983606106846","87","9"
"15.404671317836815","88.5","9"
"16.46300619476849","90","9"
"7.734995063226151","91.5","9"
"10.152883420917846","93","9"
"16.868756086631677","94.5","9"
"12.01267418880673","96","9"
"4.971095378837073","97.5","9"
"10.70391054656337","99","9"
"17.923112366474186","100.5","9"
"12.005821900753043","102","9"
"3.07395929041542","103.5","9"
"11.459354655672698","105","9"
"20.715023135363833","106.5","9"
"13.822384969716015","108","9"
"1.816884294315502","109.5","9"
"8.9161132176593","111","9"
"19.447208030964163","112.5","9"
"12.686887438545016","114","9"
"5.236688162549128","115.5","9"
"11.814229776178896","117","9"
"19.80161173524652","118.5","9"
"12.796975204418253","120","9"
"4.062637355471783","121.5","9"
"10.339014130098734","123","9"
"16.633526403737008","124.5","9"
"12.447449294452031","126","9"
"6.34743595236815","127.5","9"
"11.06924799043742","129","9"
"14.94266315926038","130.5","9"
"8.947059160353437","132","9"
"6.609297535108509","133.5","9"
"16.704332341357958","135","9"
"17.60207402203478","136.5","9"
"4.440611481346139","138","9"
"4.177704211709253","139.5","9"
"17.60452538639877","141","9"
"21.160001090653775","142.5","9"
"8.615168892361188","144","9"
"3.2875955778568478","145.5","9"
"12.12633614677711","147","9"
"16.203978174173596","148.5","9"
"10.644953129768478","150","9"
"9.942412050579224","151.5","9"
"13.907070024327222","153","9"
"10.102974078819273","154.5","9"
"6.584655323407589","156","9"
"12.683077927936136","157.5","9"
"19.515129368815415","159","9"
"10.011210768047082","160.5","9"
"0.22143316114363593","162","9"
"10.864524002027839","163.5","9"
"23.230255436877584","165","9"
"14.954173507125866","166.5","9"
"3.1562257070781787","168","9"
"8.0704813409259","169.5","9"
"15.318815904269885","171","9"
"12.156675092383024","172.5","9"
"7.9270804216345","174","9"
"13.650840891461332","175.5","9"
"12.972841507125269","177","9"
"6.320917426176294","178.5","9"
"8.781794657880498","180","9"
"18.262048943412246","181.5","9"
"12.892516078584153","183","9"
"2.5866995854487325","184.5","9"
"7.029534320250544","186","9"
"19.905028766752274","187.5","9"
"18.615943050652632","189","9"
"5.18012405969066","190.5","9"
"5.276944380864084","192","9"
"16.34175638359515","193.5","9"
"16.245850843656097","195","9"
"6.328767090703569","196.5","9"
"8.733499818948545","198","9"
"14.434275436261425","199.5","9"
"9.82464058985752","201","9"
"7.32943062105102","202.5","9"
"15.847112196722074","204","9"
"16.88518942243476","205.5","9"
"4.718658614171922","207","9"
"4.344765160635202","208.5","9"
"17.2883414602644","210","9"
"19.884252168086874","211.5","9"
"6.242442598513905","213","9"
"3.710411905823733","214.5","9"
"16.901689769469655","216","9"
"20.009586547599696","217.5","9"
"7.5776550285160065","219","9"
"4.9814836781697736","220.5","9"
"13.591147909517172","222","9"
"13.585518966044367","223.5","9"
"7.552886586355148","225","9"
"12.129621255536986","226.5","9"
"16.472817885827396","228","9"
"9.462428518667497","229.5","9"
"5.183815521443486","231","9"
"14.483109481849413","232.5","9"
"20.50290609384379","234","9"
"9.898324893645214","235.5","9"
"2.8461487638436043","237","9"
"14.524174899748601","238.5","9"
"21.9592004173395","240","9"
"10.962915191147163","241.5","9"
"3.708266377604967","243","9"
"12.339003303758362","244.5","9"
"16.23671705691908","246","9"
"10.048963025973077","247.5","9"
"8.966492417580977","249","9"
"16.188430009990824","250.5","9"
"14.596431708458475","252","9"
"5.302864091571601","253.5","9"
"7.85980504088997","255","9"
"18.397386697274996","256.5","9"
"13.242617817623797","258","9"
"4.498993848267977","259.5","9"
"10.279117776858005","261","9"
"20.643238522078175","262.5","9"
"14.993714809101357","264","9"
"2.965194996370611","265.5","9"
"7.827286671849196","267","9"
"18.58685394244018","268.5","9"
"15.600752415742472","270","9"
"6.145502280483503","271.5","9"
"11.751354539923698","273","9"
"17.195583889820103","274.5","9"
"11.211215960248408","276","9"
"5.972773038466064","277.5","9"
"14.62450473938846","279","9"
"17.357649774774234","280.5","9"
"6.4579873424615295","282","9"
"4.880636839084429","283.5","9"
"18.594748800588913","285","9"
"22.278448159328665","286.5","9"
"7.750136484815788","288","9"
"1.4878079136593794","289.5","9"
"13.135236214635533","291","9"
"20.245759062942053","292.5","9"
"11.82382562873532","294","9"
"7.380301496406158","295.5","9"
"14.023211397874908","297","9"
"15.588517411532894","298.5","9"
"8.134318110437665","300","9"
"9.610430616143686","1.5","10"
"7.627816052334086","3","10"
"16.567063728978376","4.5","10"
"15.596666289002245","6","10"
"6.385552876067299","7.5","10"
"8.702002981592827","9","10"
"17.53036421198464","10.5","10"
"14.927178889507948","12","10"
"3.5776314875752906","13.5","10"
"8.58447930658878","15","10"
"19.545731684146386","16.5","10"
"15.047973647665211","18","10"
"4.246265662664451","19.5","10"
"8.850689996194236","21","10"
"18.77058315608076","22.5","10"
"14.90768485465155","24","10"
"5.421202810162658","25.5","10"
"9.935500543297415","27","10"
"17.87491103158663","28.5","10"
"12.195548619641432","30","10"
"5.91484260775882","31.5","10"
"11.98874572464472","33","10"
"17.293083673716158","34.5","10"
"11.444591925462875","36","10"
"5.837212433297499","37.5","10"
"13.201898364688882","39","10"
"16.457232320026865","40.5","10"
"8.605111753185733","42","10"
"5.836936985966708","43.5","10"
"15.6030494984332","45","10"
"19.054578314930858","46.5","10"
"6.953518648955842","48","10"
"2.7743540209531354","49.5","10"
"15.264786150614809","51","10"
"20.694057970208892","52.5","10"
"8.685614060210836","54","10"
"3.323969430328331","55.5","10"
"12.830702113232881","57","10"
"19.232577289050536","58.5","10"
"12.040777608551144","60","10"
"6.337394397200094","61.5","10"
"11.978239766056152","63","10"
"14.5093545087114","64.5","10"
"9.162195603307186","66","10"
"9.176567954131643","67.5","10"
"15.868117880296252","69","10"
"15.20799023564627","70.5","10"
"4.57306814184085","72","10"
"6.194454764527727","73.5","10"
"18.641053561775916","75","10"
"17.98165057347002","76.5","10"
"3.042658811552939","78","10"
"5.526113958377868","79.5","10"
"18.417836031785","81","10"
"20.425316437801712","82.5","10"
"5.560333711426515","84","10"
"4.806513455888246","85.5","10"
"14.577735574780945","87","10"
"18.650421108623927","88.5","10"
"10.018403566662455","90","10"
"8.183904863583061","91.5","10"
"13.471789996842169","93","10"
"14.295146093398309","94.5","10"
"7.25019217702604","96","10"
"10.743611584614708","97.5","10"
"17.173608880985658","99","10"
"13.222419385632927","100.5","10"
"2.7315905306476456","102","10"
"9.795405771175881","103.5","10"
"21.040506038713655","105","10"
"14.430366967205558","106.5","10"
"2.2106983949111907","108","10"
"8.975567764290245","109.5","10"
"20.959783997184218","111","10"
"17.780178967404776","112.5","10"
"4.276430456987671","114","10"
"6.011112813471032","115.5","10"
"17.605373156401317","117","10"
"18.552082905129765","118.5","10"
"9.043698707041022","120","10"
"7.872689119007748","121.5","10"
"13.438446454609576","123","10"
"13.126869161062586","124.5","10"
"7.483240878085111","126","10"
"12.70299584779381","127.5","10"
"17.77191944348289","129","10"
"10.471387805754041","130.5","10"
"1.6668463410726229","132","10"
"11.687515432810823","133.5","10"
"21.731292101121248","135","10"
"12.868957734597888","136.5","10"
"2.425828993862166","138","10"
"10.143044457845987","139.5","10"
"21.765826261519187","141","10"
"16.79983893070758","142.5","10"
"3.445265603923682","144","10"
"7.506003658493616","145.5","10"
"17.80237215234282","147","10"
"17.105550403869287","148.5","10"
"6.754330879175038","150","10"
"8.563797770368517","151.5","10"
"15.809829017418812","153","10"
"13.794191941929054","154.5","10"
"6.354416418882701","156","10"
"11.941639166277001","157.5","10"
"18.002004845534888","159","10"
"10.63895952052252","160.5","10"
"3.8284619306777077","162","10"
"12.654683866453716","163.5","10"
"20.513682434960746","165","10"
"12.782840509706642","166.5","10"
"2.8365698588952304","168","10"
"11.977864191477817","169.5","10"
"20.81678514528373","171","10"
"12.55205382732165","172.5","10"
"3.713319102404164","174","10"
"10.368869192274884","175.5","10"
"19.472592820617685","177","10"
"15.360863114635261","178.5","10"
"3.5981166653023164","180","10"
"9.372095040574237","181.5","10"
"18.05940230318906","183","10"
"13.02047948014532","184.5","10"
"6.087640029808632","186","10"
"12.066952507379835","187.5","10"
"17.438865829338248","189","10"
"11.172370484203318","190.5","10"
"4.555838463259642","192","10"
"13.64657087343379","193.5","10"
"20.271969804987762","195","10"
"9.386887380398118","196.5","10"
"3.640724120733716","198","10"
"12.798994891777266","199.5","10"
"20.43373024339686","201","10"
"12.809524226376935","202.5","10"
"4.254614405028703","204","10"
"11.591834302578324","205.5","10"
"18.406546976824593","207","10"
"11.600538749911477","208.5","10"
"5.076966891508295","210","10"
"12.935694687886755","211.5","10"
"18.891963872916257","213","10"
"11.544563332932537","214.5","10"
"4.753876133294341","216","10"
"12.796456256971839","217.5","10"
"18.88778424213163","219","10"
"10.063314338387544","220.5","10"
"4.633711358636214","222","10"
"13.23266431209755","223.5","10"
"19.88756376965933","225","10"
"12.53193253616741","226.5","10"
"5.3320303406206815","228","10"
"11.612884400573591","229.5","10"
"17.398193128425532","231","10"
"11.313321597531472","232.5","10"
"5.262243597083676","234","10"
"13.06832861646564","235.5","10"
"19.265861612055012","237","10"
"11.573200504930393","238.5","10"
"3.174745741472091","240","10"
"11.411136178377003","241.5","10"
"20.11232255798208","243","10"
"13.091619694724997","244.5","10"
"3.3015140444657867","246","10"
"10.297001983750006","247.5","10"
"19.936229507967397","249","10"
"14.783726542992127","250.5","10"
"4.89436518080309","252","10"
"8.590245389326702","253.5","10"
"17.441914061185646","255","10"
"14.625671981542704","256.5","10"
"3.981182865594554","258","10"
"10.319407890389057","259.5","10"
"18.81470927303327","261","10"
"14.490725386265689","262.5","10"
"4.699346522601916","264","10"
"8.834192765960816","265.5","10"
"18.42705553056272","267","10"
"15.440696867742913","268.5","10"
"3.2242703533879804","270","10"
"8.950697246880917","271.5","10"
"19.348330620813968","273","10"
"16.091773320895097","274.5","10"
"6.056129556446439","276","10"
"7.885020744063203","277.5","10"
"17.876153076976394","279","10"
"15.69422217532494","280.5","10"
"4.30974322080565","282","10"
"8.247800852322946","283.5","10"
"18.360084817162853","285","10"
"17.461376928027246","286.5","10"
"5.72210583784116","288","10"
"6.638875201952943","289.5","10"
"17.321713053710315","291","10"
"17.27961597452126","292.5","10"
"4.922668465442406","294","10"
"7.253112620012761","295.5","10"
"17.06270996752726","297","10"
"18.20978953299779","298.5","10"
"8.300185713996974","300","10"
"21.97552622349152","1.5","11"
"18.780025506164293","3","11"
"1.4824770143280959","4.5","11"
"5.053662956442833","6","11"
"20.401879649073162","7.5","11"
"17.72715749902847","9","11"
"6.8759671737318895","10.5","11"
"5.447303684956198","12","11"
"14.810984530335103","13.5","11"
"14.908817811989513","15","11"
"7.972346508728304","16.5","11"
"11.262452280577072","18","11"
"14.505508375685132","19.5","11"
"9.691089542443157","21","11"
"8.585500838273836","22.5","11"
"17.407591843288344","24","11"
"15.772759339016929","25.5","11"
"5.005571878407632","27","11"
"4.6199043176801835","28.5","11"
"17.985844229861303","30","11"
"21.471551891388184","31.5","11"
"4.963043901413971","33","11"
"3.411951281704963","34.5","11"
"16.905553044904064","36","11"
"20.677177373393437","37.5","11"
"11.544491646498498","39","11"
"5.103122310327736","40.5","11"
"10.339983455359","42","11"
"14.067318814018538","43.5","11"
"8.728891627960426","45","11"
"12.097955331700978","46.5","11"
"15.885416128510021","48","11"
"8.526500565458596","49.5","11"
"4.753855094884351","51","11"
"15.860173153323839","52.5","11"
"21.42802108351835","54","11"
"9.028604037473585","55.5","11"
"-0.2944650063715212","57","11"
"13.321053685267687","58.5","11"
"21.745021611640464","60","11"
"10.12337977810856","61.5","11"
"2.0901424616673294","63","11"
"13.651260101260387","64.5","11"
"20.83398521425088","66","11"
"12.489842469781683","67.5","11"
"5.0104005831004566","69","11"
"12.301635970815143","70.5","11"
"16.867361317969397","72","11"
"10.888972192836633","73.5","11"
"6.66448829731487","75","11"
"13.566359987347063","76.5","11"
"13.014065102699567","78","11"
"7.255841379708465","79.5","11"
"10.359789949563766","81","11"
"18.962487740003272","82.5","11"
"12.350070286613324","84","11"
"3.7246451693821476","85.5","11"
"7.910425013725972","87","11"
"18.99639542330374","88.5","11"
"16.579806771829187","90","11"
"3.3003043358913775","91.5","11"
"6.318515541035802","93","11"
"18.724080477999784","94.5","11"
"17.55218649754657","96","11"
"7.586417136676539","97.5","11"
"8.042139485868269","99","11"
"12.485994778354675","100.5","11"
"9.72976982800981","102","11"
"6.80567394995439","103.5","11"
"16.541652446512277","105","11"
"19.381376508505223","106.5","11"
"6.604573243265262","108","11"
"3.798738163763901","109.5","11"
"14.32111216652784","111","11"
"18.789816938013583","112.5","11"
"6.544806237285952","114","11"
"4.849788296436541","115.5","11"
"16.822351587797318","117","11"
"20.038061645920592","118.5","11"
"8.313724320425544","120","11"
"4.200991004366577","121.5","11"
"13.381488465964077","123","11"
"16.184015060694463","124.5","11"
"6.318424764192698","126","11"
"7.372743252817259","127.5","11"
"16.643933403878588","129","11"
"15.213265422151098","130.5","11"
"7.054654960978637","132","11"
"9.737097428289191","133.5","11"
"15.849993679690295","135","11"
"10.977116897090593","136.5","11"
"6.819739295833072","138","11"
"12.512249934821472","139.5","11"
"17.669713289352096","141","11"
"8.419123637672554","142.5","11"
"2.2026414630854982","144","11"
"14.240343372976202","145.5","11"
"22.912812322945314","147","11"
"9.991314665799768","148.5","11"
"0.9351152472230028","150","11"
"12.270214715895314","151.5","11"
"20.124732103074535","153","11"
"13.191873172728595","154.5","11"
"6.4316753043677215","156","11"
"10.26821754288222","157.5","11"
"11.94327081185176","159","11"
"7.3105498168858025","160.5","11"
"12.75828323084605","162","11"
"18.89992730069755","163.5","11"
"10.70538946886561","165","11"
"3.3520027220394457","166.5","11"
"12.324458749652138","168","11"
"21.24393655450905","169.5","11"
"11.164626790926363","171","11"
"1.6382107274755062","172.5","11"
"10.98400970356352","174","11"
"19.920405506853648","175.5","11"
"12.719592036474218","177","11"
"6.63839443532466","178.5","11"
"11.321376191756054","180","11"
"13.93934917885441","181.5","11"
"7.601672321520195","183","11"
"9.878815274781413","184.5","11"
"17.83522323994158","186","11"
"11.964107408945651","187.5","11"
"3.781196805034696","189","11"
"11.851828531632004","190.5","11"
"20.14664477587938","192","11"
"10.358328169669665","193.5","11"
"3.457753069053135","195","11"
"10.61955353530793","196.5","11"
"17.869123131238347","198","11"
"11.964656745206494","199.5","11"
"7.514115134345207","201","11"
"12.721979506407866","202.5","11"
"11.801286478833001","204","11"
"4.774687795976392","205.5","11"
"10.6478501967441","207","11"
"18.791989348645114","208.5","11"
"10.86373623045378","210","11"
"4.655470139367988","211.5","11"
"13.67269278663732","213","11"
"20.774122366626063","214.5","11"
"7.148727821647478","216","11"
"2.3614518488938123","217.5","11"
"13.999592276259785","219","11"
"19.010710892501187","220.5","11"
"8.69735738898695","222","11"
"8.17881668516703","223.5","11"
"15.081293813886704","225","11"
"12.774178918393837","226.5","11"
"6.709028169663844","228","11"
"11.293634320983315","229.5","11"
"17.94957089423755","231","11"
"8.631015490285666","232.5","11"
"4.901692391482287","234","11"
"15.307751259016033","235.5","11"
"20.49273285381321","237","11"
"7.356518742713337","238.5","11"
"3.420183144013718","240","11"
"14.672760618301913","241.5","11"
"16.360304469202383","243","11"
"7.653094870737287","244.5","11"
"8.673710216158506","246","11"
"16.23372960270054","247.5","11"
"12.748901658391375","249","11"
"5.748739296087589","250.5","11"
"12.91149584119636","252","11"
"17.78059973560457","253.5","11"
"8.904901303535521","255","11"
"3.816649642668851","256.5","11"
"15.97064506497948","258","11"
"20.66446238175595","259.5","11"
"8.647135587540012","261","11"
"4.919115701355438","262.5","11"
"15.815330172030938","264","11"
"17.093706558245447","265.5","11"
"6.81318622072146","267","11"
"7.547125178819446","268.5","11"
"18.78022965666123","270","11"
"16.869446458159487","271.5","11"
"4.641913221730724","273","11"
"7.344245557685631","274.5","11"
"17.62619339028744","276","11"
"15.035682541028995","277.5","11"
"5.755549896921482","279","11"
"11.39790847289606","280.5","11"
"18.2401284786037","282","11"
"12.726654708627803","283.5","11"
"5.745928330752851","285","11"
"13.262337820587494","286.5","11"
"16.992871796765836","288","11"
"5.91183177752918","289.5","11"
"5.0427483072602035","291","11"
"16.724639861400625","292.5","11"
"19.446796613168807","294","11"
"7.108192259999881","295.5","11"
"4.727072030166885","297","11"
"15.203003353278335","298.5","11"
"17.448700896408255","300","11"
"20.74045623544029","1.5","12"
"5.077899204750988","3","12"
"4.128911463740876","4.5","12"
"15.731171856869846","6","12"
"19.15845663305565","7.5","12"
"7.873920255592331","9","12"
"9.198248425226234","10.5","12"
"15.624256215702836","12","12"
"12.660706306113367","13.5","12"
"6.247522984926237","15","12"
"13.486911159222187","16.5","12"
"18.338310842023866","18","12"
"12.31972744500556","19.5","12"
"3.1447108788105655","21","12"
"12.369269783729868","22.5","12"
"18.93249164256015","24","12"
"11.133015411116256","25.5","12"
"3.823526085934009","27","12"
"13.426276903231079","28.5","12"
"21.580428000686087","30","12"
"12.42734826250741","31.5","12"
"2.9855186848209563","33","12"
"11.33440364274191","34.5","12"
"19.811636927206806","36","12"
"12.62827988271625","37.5","12"
"3.3399391419112674","39","12"
"11.951742278274287","40.5","12"
"20.881527345625425","42","12"
"15.379016924855279","43.5","12"
"4.314703999961189","45","12"
"8.767047511678076","46.5","12"
"15.946012982883369","48","12"
"12.557015775277744","49.5","12"
"5.421671109585022","51","12"
"13.201918623898502","52.5","12"
"19.524649638935948","54","12"
"10.547985539725127","55.5","12"
"2.9283992068987783","57","12"
"12.169963575492826","58.5","12"
"20.826255546580583","60","12"
"12.137579228915689","61.5","12"
"1.7671976087226546","63","12"
"11.283768085898508","64.5","12"
"22.175997336281696","66","12"
"15.478667301772505","67.5","12"
"2.6970166310308383","69","12"
"6.839930715020612","70.5","12"
"17.158858617981753","72","12"
"16.07752953813169","73.5","12"
"5.1154048457598815","75","12"
"9.840422514151287","76.5","12"
"17.64626247501689","78","12"
"13.188034831706027","79.5","12"
"5.526527324174148","81","12"
"10.212751722945255","82.5","12"
"18.07805168484439","84","12"
"13.251790564379315","85.5","12"
"4.215059467046738","87","12"
"11.262805258344677","88.5","12"
"19.927508697426475","90","12"
"13.947245595403885","91.5","12"
"2.160309844585075","93","12"
"7.646813736554801","94.5","12"
"17.938688581870277","96","12"
"17.681789336686194","97.5","12"
"4.758264589778122","99","12"
"8.632747652708154","100.5","12"
"17.433001567353706","102","12"
"13.466980772158593","103.5","12"
"4.75913106058955","105","12"
"9.654907373262692","106.5","12"
"18.356157647298108","108","12"
"13.880190728364063","109.5","12"
"2.0553390875415603","111","12"
"9.214768252270384","112.5","12"
"21.048986855540623","114","12"
"16.145810866553877","115.5","12"
"1.516978448310494","117","12"
"5.816367264999538","118.5","12"
"17.26151359152566","120","12"
"19.86800895717407","121.5","12"
"6.910384454074329","123","12"
"7.350348254983389","124.5","12"
"15.861235982628504","126","12"
"15.475520890678487","127.5","12"
"4.07407523770286","129","12"
"7.401475487260255","130.5","12"
"17.21983104693344","132","12"
"15.921683230530816","133.5","12"
"3.4705241631172643","135","12"
"6.154061017347468","136.5","12"
"19.64239928204729","138","12"
"18.04169419558068","139.5","12"
"4.114559761726223","141","12"
"3.995876246971447","142.5","12"
"15.102724940862897","144","12"
"19.722451211258537","145.5","12"
"10.930134231581702","147","12"
"6.53412301061321","148.5","12"
"14.287297987271772","150","12"
"14.214729498413904","151.5","12"
"4.062807221152441","153","12"
"7.7167890465813445","154.5","12"
"17.787182420330243","156","12"
"14.768370062100374","157.5","12"
"2.7498325853095635","159","12"
"6.974779910251377","160.5","12"
"20.264347666968526","162","12"
"17.309075982109825","163.5","12"
"3.153851678350913","165","12"
"4.238530930191748","166.5","12"
"15.586787586711518","168","12"
"18.501140343340587","169.5","12"
"9.6399958157822","171","12"
"8.199523155799133","172.5","12"
"13.60843836572724","174","12"
"10.943834132486858","175.5","12"
"3.8577045413630464","177","12"
"11.466376030206673","178.5","12"
"18.696594964148773","180","12"
"11.744874709646865","181.5","12"
"2.0476497434904104","183","12"
"11.649323705876155","184.5","12"
"21.00137771293426","186","12"
"10.961250819156865","187.5","12"
"0.7014724058818153","189","12"
"10.318560120386508","190.5","12"
"19.731564738785938","192","12"
"16.821316809705973","193.5","12"
"5.785205483802915","195","12"
"8.63889554362737","196.5","12"
"13.738207953746043","198","12"
"10.026642052174354","199.5","12"
"7.703813802020278","201","12"
"13.795095814358241","202.5","12"
"16.635602193522658","204","12"
"7.484418249844165","205.5","12"
"5.185602227891872","207","12"
"15.967391124234403","208.5","12"
"20.079239268673064","210","12"
"6.295952625522198","211.5","12"
"1.9175324373064997","213","12"
"14.535315906638713","214.5","12"
"20.2333027658274","216","12"
"12.473967041443515","217.5","12"
"5.148828645630584","219","12"
"11.785738314650228","220.5","12"
"14.51911788934737","222","12"
"8.682819847684053","223.5","12"
"8.441913690094008","225","12"
"15.175848220384198","226.5","12"
"13.288752713130139","228","12"
"5.610947450659558","229.5","12"
"10.088658609621826","231","12"
"18.766280411637677","232.5","12"
"13.576121809582293","234","12"
"1.2849056957148355","235.5","12"
"8.00321998578803","237","12"
"19.6819920112472","238.5","12"
"15.415103252390237","240","12"
"4.51854671275231","241.5","12"
"10.017231649305991","243","12"
"17.505766414704812","244.5","12"
"9.898801764271646","246","12"
"4.939006738800347","247.5","12"
"13.656426199713417","249","12"
"17.714548478641298","250.5","12"
"9.137870526156853","252","12"
"4.866421497134524","253.5","12"
"14.695575605135208","255","12"
"17.019899140799296","256.5","12"
"6.503695625765303","258","12"
"5.68214259886532","259.5","12"
"15.351335052511029","261","12"
"17.086522330834143","262.5","12"
"5.749665375727321","264","12"
"7.990724728654878","265.5","12"
"17.047602830753902","267","12"
"13.52622649309038","268.5","12"
"5.099468639792854","270","12"
"9.558787553221888","271.5","12"
"17.53290596359155","273","12"
"12.907556204125692","274.5","12"
"4.782829660642413","276","12"
"11.660471725569595","277.5","12"
"16.748810656877705","279","12"
"8.595540055840782","280.5","12"
"5.707607256556764","282","12"
"14.053300999362426","283.5","12"
"16.721831623267185","285","12"
"8.424258568110785","286.5","12"
"6.588054195421483","288","12"
"15.967213466550046","289.5","12"
"17.409616205849577","291","12"
"5.382807711931422","292.5","12"
"5.4629827548011285","294","12"
"16.61089063298881","295.5","12"
"16.50307891139631","297","12"
"5.200027953941674","298.5","12"
"8.992747574047774","300","12"
"10.348042724785802","1.5","13"
"6.695798905782161","3","13"
"13.796400195777604","4.5","13"
"14.649752389776861","6","13"
"8.602601948793998","7.5","13"
"10.66419236610389","9","13"
"16.35683858595667","10.5","13"
"9.664376216158804","12","13"
"4.602851517582962","13.5","13"
"14.946138392910534","15","13"
"20.008763712008985","16.5","13"
"9.092249902894702","18","13"
"-0.9554388382733019","19.5","13"
"11.675166665347229","21","13"
"23.285653466382364","22.5","13"
"12.61858896771469","24","13"
"2.6552941524196543","25.5","13"
"9.512745382559574","27","13"
"19.02743720764338","28.5","13"
"14.846087507003134","30","13"
"5.551199924689498","31.5","13"
"9.13800065261864","33","13"
"14.600358878323222","34.5","13"
"12.561601369455133","36","13"
"9.667292763143676","37.5","13"
"14.758673692696224","39","13"
"13.475932226009034","40.5","13"
"4.957763650106736","42","13"
"7.954863590026847","43.5","13"
"19.070618933747465","45","13"
"17.280393616490507","46.5","13"
"1.2456190948602852","48","13"
"5.17005016770725","49.5","13"
"20.84812458416471","51","13"
"20.270297640993764","52.5","13"
"6.601319302520186","54","13"
"4.154352355821036","55.5","13"
"12.450665833579347","57","13"
"13.476131701303752","58.5","13"
"7.703296412974605","60","13"
"14.304934408446117","61.5","13"
"16.714351299715286","63","13"
"6.877997769896083","64.5","13"
"6.865239922238243","66","13"
"15.436285035248032","67.5","13"
"18.099623067887183","69","13"
"7.668250317933584","70.5","13"
"4.618465913797183","72","13"
"15.884364208010535","73.5","13"
"18.427934468580066","75","13"
"4.675751945798447","76.5","13"
"5.836396220909935","78","13"
"18.02884673988029","79.5","13"
"17.95113552858049","81","13"
"5.993350551436934","82.5","13"
"6.589576752944443","84","13"
"16.106830588844776","85.5","13"
"14.89405819858117","87","13"
"6.521976835245813","88.5","13"
"10.41468617403027","90","13"
"15.008382476866041","91.5","13"
"8.57025578303499","93","13"
"6.4123577583951255","94.5","13"
"15.20268388112664","96","13"
"16.787602368097264","97.5","13"
"7.17774134742404","99","13"
"5.4455536009252015","100.5","13"
"16.36736714135597","102","13"
"19.839247113117015","103.5","13"
"6.411913224584047","105","13"
"4.55066535200328","106.5","13"
"15.637128605815064","108","13"
"16.67584945103336","109.5","13"
"7.037749429751344","111","13"
"9.504633906707983","112.5","13"
"16.123915336157168","114","13"
"10.997343380294781","115.5","13"
"5.098523469744057","117","13"
"13.536144155399608","118.5","13"
"19.285059550770814","120","13"
"9.692884820095612","121.5","13"
"5.3942393605595385","123","13"
"13.381892091755732","124.5","13"
"16.61983741163703","126","13"
"8.03247038847707","127.5","13"
"7.463527108724374","129","13"
"14.557571427606355","130.5","13"
"13.812249131303192","132","13"
"4.926470963247955","133.5","13"
"11.397463549484796","135","13"
"18.007357952076717","136.5","13"
"10.143229128333674","138","13"
"2.8755004625807414","139.5","13"
"12.534839732747841","141","13"
"19.822053277752826","142.5","13"
"11.186715563014827","144","13"
"5.083499707410288","145.5","13"
"12.821465472047024","147","13"
"15.086514456365634","148.5","13"
"8.24830655336307","150","13"
"9.93059703536907","151.5","13"
"17.066780510260088","153","13"
"14.137677490627116","154.5","13"
"4.092638128117121","156","13"
"9.138241425532968","157.5","13"
"17.71213919109729","159","13"
"11.677146613487372","160.5","13"
"4.363726612038713","162","13"
"12.007349133478222","163.5","13"
"18.71179248816505","165","13"
"10.117094747924224","166.5","13"
"5.669948502675168","168","13"
"14.749123812961631","169.5","13"
"15.730461226132414","171","13"
"5.21146661537312","172.5","13"
"6.814744621461439","174","13"
"16.88811298222296","175.5","13"
"14.225011826496287","177","13"
"7.000442874436984","178.5","13"
"10.536005334036536","180","13"
"18.09026642984435","181.5","13"
"12.280017056549783","183","13"
"4.157583699755382","184.5","13"
"9.981847381304394","186","13"
"17.24603399697545","187.5","13"
"9.805857185738551","189","13"
"7.911187071687822","190.5","13"
"15.326484794311323","192","13"
"16.436321698897828","193.5","13"
"5.392451874910782","195","13"
"5.838964465329421","196.5","13"
"16.917686753065542","198","13"
"16.047352666202734","199.5","13"
"4.596525968979387","201","13"
"8.536312256517505","202.5","13"
"18.166394305992327","204","13"
"13.58078142779483","205.5","13"
"5.7557104121977005","207","13"
"11.605325377784323","208.5","13"
"17.092459837653465","210","13"
"10.346628476114272","211.5","13"
"5.807101403799807","213","13"
"15.790727699548889","214.5","13"
"18.588437277592","216","13"
"7.994752415367354","217.5","13"
"5.974645456955149","219","13"
"16.217413146952957","220.5","13"
"15.73075264707079","222","13"
"7.007814889137455","223.5","13"
"8.868730822360606","225","13"
"19.057824463672237","226.5","13"
"15.964557951689121","228","13"
"3.567734474075868","229.5","13"
"7.785804381752061","231","13"
"17.97591098354468","232.5","13"
"16.345577582209582","234","13"
"5.787433217660715","235.5","13"
"10.072049953735497","237","13"
"16.8178992368832","238.5","13"
"13.369979676499332","240","13"
"6.858619056694442","241.5","13"
"13.36411073931257","243","13"
"16.682866929565485","244.5","13"
"5.243786288319548","246","13"
"4.254820893126751","247.5","13"
"16.539595357535504","249","13"
"20.711681924177316","250.5","13"
"8.214683278197649","252","13"
"3.2519233953185402","253.5","13"
"14.146858029386333","255","13"
"19.00158022256565","256.5","13"
"9.188623742256123","258","13"
"4.374681779640581","259.5","13"
"14.582854921211776","261","13"
"17.942586142120962","262.5","13"
"9.581960193025008","264","13"
"7.250319965886718","265.5","13"
"15.211749098231099","267","13"
"16.077261493204414","268.5","13"
"4.790165832125865","270","13"
"7.238144960105632","271.5","13"
"18.778222436508138","273","13"
"18.34578181517133","274.5","13"
"5.915018707042438","276","13"
"6.23156963655107","277.5","13"
"16.917563639407085","279","13"
"16.16711108786791","280.5","13"
"5.652091957396302","282","13"
"8.747929051400012","283.5","13"
"18.736793911236532","285","13"
"16.5503420890384","286.5","13"
"4.171144123794311","288","13"
"6.71455581708855","289.5","13"
"18.911959712810926","291","13"
"18.641142390618093","292.5","13"
"3.7368240711650844","294","13"
"6.97459368136295","295.5","13"
"19.030929583701674","297","13"
"18.441068670016612","298.5","13"
"8.394371558719465","300","13"
"10.348042724785802","1.5","14"
"6.695798905782161","3","14"
"13.796400195777604","4.5","14"
"14.649752389776861","6","14"
"8.602601948793998","7.5","14"
"10.66419236610389","9","14"
"16.35683858595667","10.5","14"
"9.664376216158804","12","14"
"4.602851517582962","13.5","14"
"14.946138392910534","15","14"
"20.008763712008985","16.5","14"
"9.092249902894702","18","14"
"-0.9554388382733019","19.5","14"
"11.675166665347229","21","14"
"23.285653466382364","22.5","14"
"12.61858896771469","24","14"
"2.6552941524196543","25.5","14"
"9.512745382559574","27","14"
"19.02743720764338","28.5","14"
"14.846087507003134","30","14"
"5.551199924689498","31.5","14"
"9.13800065261864","33","14"
"14.600358878323222","34.5","14"
"12.561601369455133","36","14"
"9.667292763143676","37.5","14"
"14.758673692696224","39","14"
"13.475932226009034","40.5","14"
"4.957763650106736","42","14"
"7.954863590026847","43.5","14"
"19.070618933747465","45","14"
"17.280393616490507","46.5","14"
"1.2456190948602852","48","14"
"5.17005016770725","49.5","14"
"20.84812458416471","51","14"
"20.270297640993764","52.5","14"
"6.601319302520186","54","14"
"4.154352355821036","55.5","14"
"12.450665833579347","57","14"
"13.476131701303752","58.5","14"
"7.703296412974605","60","14"
"14.304934408446117","61.5","14"
"16.714351299715286","63","14"
"6.877997769896083","64.5","14"
"6.865239922238243","66","14"
"15.436285035248032","67.5","14"
"18.099623067887183","69","14"
"7.668250317933584","70.5","14"
"4.618465913797183","72","14"
"15.884364208010535","73.5","14"
"18.427934468580066","75","14"
"4.675751945798447","76.5","14"
"5.836396220909935","78","14"
"18.02884673988029","79.5","14"
"17.95113552858049","81","14"
"5.993350551436934","82.5","14"
"6.589576752944443","84","14"
"16.106830588844776","85.5","14"
"14.89405819858117","87","14"
"6.521976835245813","88.5","14"
"10.41468617403027","90","14"
"15.008382476866041","91.5","14"
"8.57025578303499","93","14"
"6.4123577583951255","94.5","14"
"15.20268388112664","96","14"
"16.787602368097264","97.5","14"
"7.17774134742404","99","14"
"5.4455536009252015","100.5","14"
"16.36736714135597","102","14"
"19.839247113117015","103.5","14"
"6.411913224584047","105","14"
"4.55066535200328","106.5","14"
"15.637128605815064","108","14"
"16.67584945103336","109.5","14"
"7.037749429751344","111","14"
"9.504633906707983","112.5","14"
"16.123915336157168","114","14"
"10.997343380294781","115.5","14"
"5.098523469744057","117","14"
"13.536144155399608","118.5","14"
"19.285059550770814","120","14"
"9.692884820095612","121.5","14"
"5.3942393605595385","123","14"
"13.381892091755732","124.5","14"
"16.61983741163703","126","14"
"8.03247038847707","127.5","14"
"7.463527108724374","129","14"
"14.557571427606355","130.5","14"
"13.812249131303192","132","14"
"4.926470963247955","133.5","14"
"11.397463549484796","135","14"
"18.007357952076717","136.5","14"
"10.143229128333674","138","14"
"2.8755004625807414","139.5","14"
"12.534839732747841","141","14"
"19.822053277752826","142.5","14"
"11.186715563014827","144","14"
"5.083499707410288","145.5","14"
"12.821465472047024","147","14"
"15.086514456365634","148.5","14"
"8.24830655336307","150","14"
"9.93059703536907","151.5","14"
"17.066780510260088","153","14"
"14.137677490627116","154.5","14"
"4.092638128117121","156","14"
"9.138241425532968","157.5","14"
"17.71213919109729","159","14"
"11.677146613487372","160.5","14"
"4.363726612038713","162","14"
"12.007349133478222","163.5","14"
"18.71179248816505","165","14"
"10.117094747924224","166.5","14"
"5.669948502675168","168","14"
"14.749123812961631","169.5","14"
"15.730461226132414","171","14"
"5.21146661537312","172.5","14"
"6.814744621461439","174","14"
"16.88811298222296","175.5","14"
"14.225011826496287","177","14"
"7.000442874436984","178.5","14"
"10.536005334036536","180","14"
"18.09026642984435","181.5","14"
"12.280017056549783","183","14"
"4.157583699755382","184.5","14"
"9.981847381304394","186","14"
"17.24603399697545","187.5","14"
"9.805857185738551","189","14"
"7.911187071687822","190.5","14"
"15.326484794311323","192","14"
"16.436321698897828","193.5","14"
"5.392451874910782","195","14"
"5.838964465329421","196.5","14"
"16.917686753065542","198","14"
"16.047352666202734","199.5","14"
"4.596525968979387","201","14"
"8.536312256517505","202.5","14"
"18.166394305992327","204","14"
"13.58078142779483","205.5","14"
"5.7557104121977005","207","14"
"11.605325377784323","208.5","14"
"17.092459837653465","210","14"
"10.346628476114272","211.5","14"
"5.807101403799807","213","14"
"15.790727699548889","214.5","14"
"18.588437277592","216","14"
"7.994752415367354","217.5","14"
"5.974645456955149","219","14"
"16.217413146952957","220.5","14"
"15.73075264707079","222","14"
"7.007814889137455","223.5","14"
"8.868730822360606","225","14"
"19.057824463672237","226.5","14"
"15.964557951689121","228","14"
"3.567734474075868","229.5","14"
"7.785804381752061","231","14"
"17.97591098354468","232.5","14"
"16.345577582209582","234","14"
"5.787433217660715","235.5","14"
"10.072049953735497","237","14"
"16.8178992368832","238.5","14"
"13.369979676499332","240","14"
"6.858619056694442","241.5","14"
"13.36411073931257","243","14"
"16.682866929565485","244.5","14"
"5.243786288319548","246","14"
"4.254820893126751","247.5","14"
"16.539595357535504","249","14"
"20.711681924177316","250.5","14"
"8.214683278197649","252","14"
"3.2519233953185402","253.5","14"
"14.146858029386333","255","14"
"19.00158022256565","256.5","14"
"9.188623742256123","258","14"
"4.374681779640581","259.5","14"
"14.582854921211776","261","14"
"17.942586142120962","262.5","14"
"9.581960193025008","264","14"
"7.250319965886718","265.5","14"
"15.211749098231099","267","14"
"16.077261493204414","268.5","14"
"4.790165832125865","270","14"
"7.238144960105632","271.5","14"
"18.778222436508138","273","14"
"18.34578181517133","274.5","14"
"5.915018707042438","276","14"
"6.23156963655107","277.5","14"
"16.917563639407085","279","14"
"16.16711108786791","280.5","14"
"5.652091957396302","282","14"
"8.747929051400012","283.5","14"
"18.736793911236532","285","14"
"16.5503420890384","286.5","14"
"4.171144123794311","288","14"
"6.71455581708855","289.5","14"
"18.911959712810926","291","14"
"18.641142390618093","292.5","14"
"3.7368240711650844","294","14"
"6.97459368136295","295.5","14"
"19.030929583701674","297","14"
"18.441068670016612","298.5","14"
"8.394371558719465","300","14"
"20.74045623544029","1.5","15"
"5.077899204750988","3","15"
"4.128911463740876","4.5","15"
"15.731171856869846","6","15"
"19.15845663305565","7.5","15"
"7.873920255592331","9","15"
"9.198248425226234","10.5","15"
"15.624256215702836","12","15"
"12.660706306113367","13.5","15"
"6.247522984926237","15","15"
"13.486911159222187","16.5","15"
"18.338310842023866","18","15"
"12.31972744500556","19.5","15"
"3.1447108788105655","21","15"
"12.369269783729868","22.5","15"
"18.93249164256015","24","15"
"11.133015411116256","25.5","15"
"3.823526085934009","27","15"
"13.426276903231079","28.5","15"
"21.580428000686087","30","15"
"12.42734826250741","31.5","15"
"2.9855186848209563","33","15"
"11.33440364274191","34.5","15"
"19.811636927206806","36","15"
"12.62827988271625","37.5","15"
"3.3399391419112674","39","15"
"11.951742278274287","40.5","15"
"20.881527345625425","42","15"
"15.379016924855279","43.5","15"
"4.314703999961189","45","15"
"8.767047511678076","46.5","15"
"15.946012982883369","48","15"
"12.557015775277744","49.5","15"
"5.421671109585022","51","15"
"13.201918623898502","52.5","15"
"19.524649638935948","54","15"
"10.547985539725127","55.5","15"
"2.9283992068987783","57","15"
"12.169963575492826","58.5","15"
"20.826255546580583","60","15"
"12.137579228915689","61.5","15"
"1.7671976087226546","63","15"
"11.283768085898508","64.5","15"
"22.175997336281696","66","15"
"15.478667301772505","67.5","15"
"2.6970166310308383","69","15"
"6.839930715020612","70.5","15"
"17.158858617981753","72","15"
"16.07752953813169","73.5","15"
"5.1154048457598815","75","15"
"9.840422514151287","76.5","15"
"17.64626247501689","78","15"
"13.188034831706027","79.5","15"
"5.526527324174148","81","15"
"10.212751722945255","82.5","15"
"18.07805168484439","84","15"
"13.251790564379315","85.5","15"
"4.215059467046738","87","15"
"11.262805258344677","88.5","15"
"19.927508697426475","90","15"
"13.947245595403885","91.5","15"
"2.160309844585075","93","15"
"7.646813736554801","94.5","15"
"17.938688581870277","96","15"
"17.681789336686194","97.5","15"
"4.758264589778122","99","15"
"8.632747652708154","100.5","15"
"17.433001567353706","102","15"
"13.466980772158593","103.5","15"
"4.75913106058955","105","15"
"9.654907373262692","106.5","15"
"18.356157647298108","108","15"
"13.880190728364063","109.5","15"
"2.0553390875415603","111","15"
"9.214768252270384","112.5","15"
"21.048986855540623","114","15"
"16.145810866553877","115.5","15"
"1.516978448310494","117","15"
"5.816367264999538","118.5","15"
"17.26151359152566","120","15"
"19.86800895717407","121.5","15"
"6.910384454074329","123","15"
"7.350348254983389","124.5","15"
"15.861235982628504","126","15"
"15.475520890678487","127.5","15"
"4.07407523770286","129","15"
"7.401475487260255","130.5","15"
"17.21983104693344","132","15"
"15.921683230530816","133.5","15"
"3.4705241631172643","135","15"
"6.154061017347468","136.5","15"
"19.64239928204729","138","15"
"18.04169419558068","139.5","15"
"4.114559761726223","141","15"
"3.995876246971447","142.5","15"
"15.102724940862897","144","15"
"19.722451211258537","145.5","15"
"10.930134231581702","147","15"
"6.53412301061321","148.5","15"
"14.287297987271772","150","15"
"14.214729498413904","151.5","15"
"4.062807221152441","153","15"
"7.7167890465813445","154.5","15"
"17.787182420330243","156","15"
"14.768370062100374","157.5","15"
"2.7498325853095635","159","15"
"6.974779910251377","160.5","15"
"20.264347666968526","162","15"
"17.309075982109825","163.5","15"
"3.153851678350913","165","15"
"4.238530930191748","166.5","15"
"15.586787586711518","168","15"
"18.501140343340587","169.5","15"
"9.6399958157822","171","15"
"8.199523155799133","172.5","15"
"13.60843836572724","174","15"
"10.943834132486858","175.5","15"
"3.8577045413630464","177","15"
"11.466376030206673","178.5","15"
"18.696594964148773","180","15"
"11.744874709646865","181.5","15"
"2.0476497434904104","183","15"
"11.649323705876155","184.5","15"
"21.00137771293426","186","15"
"10.961250819156865","187.5","15"
"0.7014724058818153","189","15"
"10.318560120386508","190.5","15"
"19.731564738785938","192","15"
"16.821316809705973","193.5","15"
"5.785205483802915","195","15"
"8.63889554362737","196.5","15"
"13.738207953746043","198","15"
"10.026642052174354","199.5","15"
"7.703813802020278","201","15"
"13.795095814358241","202.5","15"
"16.635602193522658","204","15"
"7.484418249844165","205.5","15"
"5.185602227891872","207","15"
"15.967391124234403","208.5","15"
"20.079239268673064","210","15"
"6.295952625522198","211.5","15"
"1.9175324373064997","213","15"
"14.535315906638713","214.5","15"
"20.2333027658274","216","15"
"12.473967041443515","217.5","15"
"5.148828645630584","219","15"
"11.785738314650228","220.5","15"
"14.51911788934737","222","15"
"8.682819847684053","223.5","15"
"8.441913690094008","225","15"
"15.175848220384198","226.5","15"
"13.288752713130139","228","15"
"5.610947450659558","229.5","15"
"10.088658609621826","231","15"
"18.766280411637677","232.5","15"
"13.576121809582293","234","15"
"1.2849056957148355","235.5","15"
"8.00321998578803","237","15"
"19.6819920112472","238.5","15"
"15.415103252390237","240","15"
"4.51854671275231","241.5","15"
"10.017231649305991","243","15"
"17.505766414704812","244.5","15"
"9.898801764271646","246","15"
"4.939006738800347","247.5","15"
"13.656426199713417","249","15"
"17.714548478641298","250.5","15"
"9.137870526156853","252","15"
"4.866421497134524","253.5","15"
"14.695575605135208","255","15"
"17.019899140799296","256.5","15"
"6.503695625765303","258","15"
"5.68214259886532","259.5","15"
"15.351335052511029","261","15"
"17.086522330834143","262.5","15"
"5.749665375727321","264","15"
"7.990724728654878","265.5","15"
"17.047602830753902","267","15"
"13.52622649309038","268.5","15"
"5.099468639792854","270","15"
"9.558787553221888","271.5","15"
"17.53290596359155","273","15"
"12.907556204125692","274.5","15"
"4.782829660642413","276","15"
"11.660471725569595","277.5","15"
"16.748810656877705","279","15"
"8.595540055840782","280.5","15"
"5.707607256556764","282","15"
"14.053300999362426","283.5","15"
"16.721831623267185","285","15"
"8.424258568110785","286.5","15"
"6.588054195421483","288","15"
"15.967213466550046","289.5","15"
"17.409616205849577","291","15"
"5.382807711931422","292.5","15"
"5.4629827548011285","294","15"
"16.61089063298881","295.5","15"
"16.50307891139631","297","15"
"5.200027953941674","298.5","15"
"8.992747574047774","300","15"
"3.1120701753117026","1.5","16"
"17.595620684570527","3","16"
"20.32227498087429","4.5","16"
"12.127592217773532","6","16"
"6.809258271656343","7.5","16"
"14.611158595451277","9","16"
"13.433895924448837","10.5","16"
"7.539580960837206","12","16"
"10.536338831794893","13.5","16"
"17.97410947228926","15","16"
"13.559618345745914","16.5","16"
"4.2561996881814474","18","16"
"10.922419368718435","19.5","16"
"18.196568061119805","21","16"
"11.191524008498032","22.5","16"
"3.0010202917816216","24","16"
"14.567305198628265","25.5","16"
"21.808691632273053","27","16"
"13.13110801107533","28.5","16"
"2.7581447052564276","30","16"
"10.309242442362173","31.5","16"
"17.926869670658274","33","16"
"10.662723573406462","34.5","16"
"5.471119165064559","36","16"
"14.811656201054033","37.5","16"
"20.701533618558575","39","16"
"10.639523661590392","40.5","16"
"3.2468453465073184","42","16"
"13.60911938685061","43.5","16"
"18.51381169975736","45","16"
"9.56012544025716","46.5","16"
"5.166034558600509","48","16"
"16.118110293400747","49.5","16"
"18.92163270620398","51","16"
"7.164827659692203","52.5","16"
"6.87519031096301","54","16"
"16.79475542749377","55.5","16"
"14.331011128028187","57","16"
"6.078523385479754","58.5","16"
"10.038731345914742","60","16"
"19.31667482658277","61.5","16"
"16.56839304480958","63","16"
"4.045641047401386","64.5","16"
"9.830663808717539","66","16"
"18.237041286737803","67.5","16"
"12.683772974666168","69","16"
"5.569800216721519","70.5","16"
"12.104116469026486","72","16"
"18.676963790027255","73.5","16"
"10.370231234521626","75","16"
"6.262644147306254","76.5","16"
"14.712485811564722","78","16"
"18.054445030435186","79.5","16"
"6.533983533746983","81","16"
"4.831153329988056","82.5","16"
"17.78733046840054","84","16"
"20.197713568128496","85.5","16"
"8.651105613425107","87","16"
"5.302319820113164","88.5","16"
"15.872486077570414","90","16"
"16.137482772999427","91.5","16"
"6.460753503774993","93","16"
"7.745968542036714","94.5","16"
"17.73832032352894","96","16"
"15.96696412243165","97.5","16"
"7.739342222090323","99","16"
"10.389761891795414","100.5","16"
"17.915025825034434","102","16"
"10.440266542976659","103.5","16"
"3.6252924470062573","105","16"
"14.134540429937537","106.5","16"
"21.238747080044924","108","16"
"13.024071593850973","109.5","16"
"3.713952592304966","111","16"
"13.703334061986789","112.5","16"
"18.28206815931802","114","16"
"10.017961760052671","115.5","16"
"5.281926198429612","117","16"
"15.166781444879","118.5","16"
"17.557541162489137","120","16"
"9.842721155242756","121.5","16"
"6.938438784195434","123","16"
"16.92989682286328","124.5","16"
"15.85195726462267","126","16"
"5.847236066857045","127.5","16"
"9.080337487638301","129","16"
"18.378076553705913","130.5","16"
"17.049017858625806","132","16"
"7.144579358877654","133.5","16"
"8.442229266243855","135","16"
"16.255464617821026","136.5","16"
"13.23052151108008","138","16"
"5.786921283017632","139.5","16"
"10.953945815688213","141","16"
"19.86485787087783","142.5","16"
"15.085909796878523","144","16"
"5.23054494683213","145.5","16"
"9.137607935632166","147","16"
"18.318863559189666","148.5","16"
"12.888585012717556","150","16"
"4.9005489149393275","151.5","16"
"10.229872313474665","153","16"
"19.083072114060638","154.5","16"
"16.11907338505805","156","16"
"4.425018513142093","157.5","16"
"8.61886775651753","159","16"
"17.71865953979336","160.5","16"
"13.559540425708914","162","16"
"6.235978352244471","163.5","16"
"11.25667217223249","165","16"
"17.9623466635039","166.5","16"
"15.56270562007662","168","16"
"5.672929723290748","169.5","16"
"7.8172965439055595","171","16"
"17.705796500085572","172.5","16"
"15.922942418328718","174","16"
"5.325298049423972","175.5","16"
"8.678196072688536","177","16"
"18.21190739960342","178.5","16"
"18.9305716928485","180","16"
"7.790929182585482","181.5","16"
"3.8246068368471846","183","16"
"14.740166125508232","184.5","16"
"20.060418462936333","186","16"
"9.895194066558595","187.5","16"
"4.945409038640367","189","16"
"13.070984131326565","190.5","16"
"19.471626612158897","192","16"
"14.113290077447182","193.5","16"
"5.812015041332962","195","16"
"9.220699525486744","196.5","16"
"17.418006635433624","198","16"
"14.385095425709164","199.5","16"
"6.76684795391855","201","16"
"9.225663811043948","202.5","16"
"16.844937489721836","204","16"
"18.230516262839508","205.5","16"
"8.003737374833703","207","16"
"5.763080089297062","208.5","16"
"14.313429250879743","210","16"
"18.859954321717083","211.5","16"
"10.188820141981765","213","16"
"5.635602129566398","214.5","16"
"12.575917617852951","216","16"
"18.452918749243413","217.5","16"
"15.119286065526657","219","16"
"5.741435071819306","220.5","16"
"7.533002951313755","222","16"
"17.491940283339716","223.5","16"
"17.35050918258365","225","16"
"7.13816186463042","226.5","16"
"6.601344236932025","228","16"
"16.814564259299644","229.5","16"
"20.172980189984287","231","16"
"11.536766654030421","232.5","16"
"3.142198152417442","234","16"
"10.441728322870759","235.5","16"
"20.986914195666515","237","16"
"16.32399996556383","238.5","16"
"5.532582490249337","240","16"
"6.803136094349335","241.5","16"
"16.754346096306108","243","16"
"20.616309357291335","244.5","16"
"11.175889353074192","246","16"
"4.461655735338632","247.5","16"
"12.238902549027282","249","16"
"21.168852806856858","250.5","16"
"14.989669200780371","252","16"
"4.275921639146068","253.5","16"
"7.314936714968844","255","16"
"17.373264950188826","256.5","16"
"19.68421740750389","258","16"
"9.653066901988776","259.5","16"
"3.5340009420580945","261","16"
"13.315013323999528","262.5","16"
"20.288914296233557","264","16"
"14.954190649534006","265.5","16"
"5.736926228878361","267","16"
"9.726162130296757","268.5","16"
"18.171861175788173","270","16"
"17.94351962416421","271.5","16"
"8.187877227069269","273","16"
"6.181966909798089","274.5","16"
"15.619415823004461","276","16"
"21.056811585656057","277.5","16"
"11.073858519026647","279","16"
"4.039293681187451","280.5","16"
"10.729595328359336","282","16"
"20.701475957731194","283.5","16"
"19.341821180923073","285","16"
"6.337203882709631","286.5","16"
"4.168143812769666","288","16"
"14.986966933897246","289.5","16"
"23.23811601021004","291","16"
"16.14488050131211","292.5","16"
"3.1577681342105732","294","16"
"6.045178674446605","295.5","16"
"18.5257022974034","297","16"
"22.760235540096915","298.5","16"
"11.931096585271042","300","16"
"9.610430616143686","1.5","17"
"7.627816052334086","3","17"
"16.567063728978376","4.5","17"
"15.596666289002245","6","17"
"6.385552876067299","7.5","17"
"8.702002981592827","9","17"
"17.53036421198464","10.5","17"
"14.927178889507948","12","17"
"3.5776314875752906","13.5","17"
"8.58447930658878","15","17"
"19.545731684146386","16.5","17"
"15.047973647665211","18","17"
"4.246265662664451","19.5","17"
"8.850689996194236","21","17"
"18.77058315608076","22.5","17"
"14.90768485465155","24","17"
"5.421202810162658","25.5","17"
"9.935500543297415","27","17"
"17.87491103158663","28.5","17"
"12.195548619641432","30","17"
"5.91484260775882","31.5","17"
"11.98874572464472","33","17"
"17.293083673716158","34.5","17"
"11.444591925462875","36","17"
"5.837212433297499","37.5","17"
"13.201898364688882","39","17"
"16.457232320026865","40.5","17"
"8.605111753185733","42","17"
"5.836936985966708","43.5","17"
"15.6030494984332","45","17"
"19.054578314930858","46.5","17"
"6.953518648955842","48","17"
"2.7743540209531354","49.5","17"
"15.264786150614809","51","17"
"20.694057970208892","52.5","17"
"8.685614060210836","54","17"
"3.323969430328331","55.5","17"
"12.830702113232881","57","17"
"19.232577289050536","58.5","17"
"12.040777608551144","60","17"
"6.337394397200094","61.5","17"
"11.978239766056152","63","17"
"14.5093545087114","64.5","17"
"9.162195603307186","66","17"
"9.176567954131643","67.5","17"
"15.868117880296252","69","17"
"15.20799023564627","70.5","17"
"4.57306814184085","72","17"
"6.194454764527727","73.5","17"
"18.641053561775916","75","17"
"17.98165057347002","76.5","17"
"3.042658811552939","78","17"
"5.526113958377868","79.5","17"
"18.417836031785","81","17"
"20.425316437801712","82.5","17"
"5.560333711426515","84","17"
"4.806513455888246","85.5","17"
"14.577735574780945","87","17"
"18.650421108623927","88.5","17"
"10.018403566662455","90","17"
"8.183904863583061","91.5","17"
"13.471789996842169","93","17"
"14.295146093398309","94.5","17"
"7.25019217702604","96","17"
"10.743611584614708","97.5","17"
"17.173608880985658","99","17"
"13.222419385632927","100.5","17"
"2.7315905306476456","102","17"
"9.795405771175881","103.5","17"
"21.040506038713655","105","17"
"14.430366967205558","106.5","17"
"2.2106983949111907","108","17"
"8.975567764290245","109.5","17"
"20.959783997184218","111","17"
"17.780178967404776","112.5","17"
"4.276430456987671","114","17"
"6.011112813471032","115.5","17"
"17.605373156401317","117","17"
"18.552082905129765","118.5","17"
"9.043698707041022","120","17"
"7.872689119007748","121.5","17"
"13.438446454609576","123","17"
"13.126869161062586","124.5","17"
"7.483240878085111","126","17"
"12.70299584779381","127.5","17"
"17.77191944348289","129","17"
"10.471387805754041","130.5","17"
"1.6668463410726229","132","17"
"11.687515432810823","133.5","17"
"21.731292101121248","135","17"
"12.868957734597888","136.5","17"
"2.425828993862166","138","17"
"10.143044457845987","139.5","17"
"21.765826261519187","141","17"
"16.79983893070758","142.5","17"
"3.445265603923682","144","17"
"7.506003658493616","145.5","17"
"17.80237215234282","147","17"
"17.105550403869287","148.5","17"
"6.754330879175038","150","17"
"8.563797770368517","151.5","17"
"15.809829017418812","153","17"
"13.794191941929054","154.5","17"
"6.354416418882701","156","17"
"11.941639166277001","157.5","17"
"18.002004845534888","159","17"
"10.63895952052252","160.5","17"
"3.8284619306777077","162","17"
"12.654683866453716","163.5","17"
"20.513682434960746","165","17"
"12.782840509706642","166.5","17"
"2.8365698588952304","168","17"
"11.977864191477817","169.5","17"
"20.81678514528373","171","17"
"12.55205382732165","172.5","17"
"3.713319102404164","174","17"
"10.368869192274884","175.5","17"
"19.472592820617685","177","17"
"15.360863114635261","178.5","17"
"3.5981166653023164","180","17"
"9.372095040574237","181.5","17"
"18.05940230318906","183","17"
"13.02047948014532","184.5","17"
"6.087640029808632","186","17"
"12.066952507379835","187.5","17"
"17.438865829338248","189","17"
"11.172370484203318","190.5","17"
"4.555838463259642","192","17"
"13.64657087343379","193.5","17"
"20.271969804987762","195","17"
"9.386887380398118","196.5","17"
"3.640724120733716","198","17"
"12.798994891777266","199.5","17"
"20.43373024339686","201","17"
"12.809524226376935","202.5","17"
"4.254614405028703","204","17"
"11.591834302578324","205.5","17"
"18.406546976824593","207","17"
"11.600538749911477","208.5","17"
"5.076966891508295","210","17"
"12.935694687886755","211.5","17"
"18.891963872916257","213","17"
"11.544563332932537","214.5","17"
"4.753876133294341","216","17"
"12.796456256971839","217.5","17"
"18.88778424213163","219","17"
"10.063314338387544","220.5","17"
"4.633711358636214","222","17"
"13.23266431209755","223.5","17"
"19.88756376965933","225","17"
"12.53193253616741","226.5","17"
"5.3320303406206815","228","17"
"11.612884400573591","229.5","17"
"17.398193128425532","231","17"
"11.313321597531472","232.5","17"
"5.262243597083676","234","17"
"13.06832861646564","235.5","17"
"19.265861612055012","237","17"
"11.573200504930393","238.5","17"
"3.174745741472091","240","17"
"11.411136178377003","241.5","17"
"20.11232255798208","243","17"
"13.091619694724997","244.5","17"
"3.3015140444657867","246","17"
"10.297001983750006","247.5","17"
"19.936229507967397","249","17"
"14.783726542992127","250.5","17"
"4.89436518080309","252","17"
"8.590245389326702","253.5","17"
"17.441914061185646","255","17"
"14.625671981542704","256.5","17"
"3.981182865594554","258","17"
"10.319407890389057","259.5","17"
"18.81470927303327","261","17"
"14.490725386265689","262.5","17"
"4.699346522601916","264","17"
"8.834192765960816","265.5","17"
"18.42705553056272","267","17"
"15.440696867742913","268.5","17"
"3.2242703533879804","270","17"
"8.950697246880917","271.5","17"
"19.348330620813968","273","17"
"16.091773320895097","274.5","17"
"6.056129556446439","276","17"
"7.885020744063203","277.5","17"
"17.876153076976394","279","17"
"15.69422217532494","280.5","17"
"4.30974322080565","282","17"
"8.247800852322946","283.5","17"
"18.360084817162853","285","17"
"17.461376928027246","286.5","17"
"5.72210583784116","288","17"
"6.638875201952943","289.5","17"
"17.321713053710315","291","17"
"17.27961597452126","292.5","17"
"4.922668465442406","294","17"
"7.253112620012761","295.5","17"
"17.06270996752726","297","17"
"18.20978953299779","298.5","17"
"8.300185713996974","300","17"
"10.348042724785802","1.5","18"
"6.695798905782161","3","18"
"13.796400195777604","4.5","18"
"14.649752389776861","6","18"
"8.602601948793998","7.5","18"
"10.66419236610389","9","18"
"16.35683858595667","10.5","18"
"9.664376216158804","12","18"
"4.602851517582962","13.5","18"
"14.946138392910534","15","18"
"20.008763712008985","16.5","18"
"9.092249902894702","18","18"
"-0.9554388382733019","19.5","18"
"11.675166665347229","21","18"
"23.285653466382364","22.5","18"
"12.61858896771469","24","18"
"2.6552941524196543","25.5","18"
"9.512745382559574","27","18"
"19.02743720764338","28.5","18"
"14.846087507003134","30","18"
"5.551199924689498","31.5","18"
"9.13800065261864","33","18"
"14.600358878323222","34.5","18"
"12.561601369455133","36","18"
"9.667292763143676","37.5","18"
"14.758673692696224","39","18"
"13.475932226009034","40.5","18"
"4.957763650106736","42","18"
"7.954863590026847","43.5","18"
"19.070618933747465","45","18"
"17.280393616490507","46.5","18"
"1.2456190948602852","48","18"
"5.17005016770725","49.5","18"
"20.84812458416471","51","18"
"20.270297640993764","52.5","18"
"6.601319302520186","54","18"
"4.154352355821036","55.5","18"
"12.450665833579347","57","18"
"13.476131701303752","58.5","18"
"7.703296412974605","60","18"
"14.304934408446117","61.5","18"
"16.714351299715286","63","18"
"6.877997769896083","64.5","18"
"6.865239922238243","66","18"
"15.436285035248032","67.5","18"
"18.099623067887183","69","18"
"7.668250317933584","70.5","18"
"4.618465913797183","72","18"
"15.884364208010535","73.5","18"
"18.427934468580066","75","18"
"4.675751945798447","76.5","18"
"5.836396220909935","78","18"
"18.02884673988029","79.5","18"
"17.95113552858049","81","18"
"5.993350551436934","82.5","18"
"6.589576752944443","84","18"
"16.106830588844776","85.5","18"
"14.89405819858117","87","18"
"6.521976835245813","88.5","18"
"10.41468617403027","90","18"
"15.008382476866041","91.5","18"
"8.57025578303499","93","18"
"6.4123577583951255","94.5","18"
"15.20268388112664","96","18"
"16.787602368097264","97.5","18"
"7.17774134742404","99","18"
"5.4455536009252015","100.5","18"
"16.36736714135597","102","18"
"19.839247113117015","103.5","18"
"6.411913224584047","105","18"
"4.55066535200328","106.5","18"
"15.637128605815064","108","18"
"16.67584945103336","109.5","18"
"7.037749429751344","111","18"
"9.504633906707983","112.5","18"
"16.123915336157168","114","18"
"10.997343380294781","115.5","18"
"5.098523469744057","117","18"
"13.536144155399608","118.5","18"
"19.285059550770814","120","18"
"9.692884820095612","121.5","18"
"5.3942393605595385","123","18"
"13.381892091755732","124.5","18"
"16.61983741163703","126","18"
"8.03247038847707","127.5","18"
"7.463527108724374","129","18"
"14.557571427606355","130.5","18"
"13.812249131303192","132","18"
"4.926470963247955","133.5","18"
"11.397463549484796","135","18"
"18.007357952076717","136.5","18"
"10.143229128333674","138","18"
"2.8755004625807414","139.5","18"
"12.534839732747841","141","18"
"19.822053277752826","142.5","18"
"11.186715563014827","144","18"
"5.083499707410288","145.5","18"
"12.821465472047024","147","18"
"15.086514456365634","148.5","18"
"8.24830655336307","150","18"
"9.93059703536907","151.5","18"
"17.066780510260088","153","18"
"14.137677490627116","154.5","18"
"4.092638128117121","156","18"
"9.138241425532968","157.5","18"
"17.71213919109729","159","18"
"11.677146613487372","160.5","18"
"4.363726612038713","162","18"
"12.007349133478222","163.5","18"
"18.71179248816505","165","18"
"10.117094747924224","166.5","18"
"5.669948502675168","168","18"
"14.749123812961631","169.5","18"
"15.730461226132414","171","18"
"5.21146661537312","172.5","18"
"6.814744621461439","174","18"
"16.88811298222296","175.5","18"
"14.225011826496287","177","18"
"7.000442874436984","178.5","18"
"10.536005334036536","180","18"
"18.09026642984435","181.5","18"
"12.280017056549783","183","18"
"4.157583699755382","184.5","18"
"9.981847381304394","186","18"
"17.24603399697545","187.5","18"
"9.805857185738551","189","18"
"7.911187071687822","190.5","18"
"15.326484794311323","192","18"
"16.436321698897828","193.5","18"
"5.392451874910782","195","18"
"5.838964465329421","196.5","18"
"16.917686753065542","198","18"
"16.047352666202734","199.5","18"
"4.596525968979387","201","18"
"8.536312256517505","202.5","18"
"18.166394305992327","204","18"
"13.58078142779483","205.5","18"
"5.7557104121977005","207","18"
"11.605325377784323","208.5","18"
"17.092459837653465","210","18"
"10.346628476114272","211.5","18"
"5.807101403799807","213","18"
"15.790727699548889","214.5","18"
"18.588437277592","216","18"
"7.994752415367354","217.5","18"
"5.974645456955149","219","18"
"16.217413146952957","220.5","18"
"15.73075264707079","222","18"
"7.007814889137455","223.5","18"
"8.868730822360606","225","18"
"19.057824463672237","226.5","18"
"15.964557951689121","228","18"
"3.567734474075868","229.5","18"
"7.785804381752061","231","18"
"17.97591098354468","232.5","18"
"16.345577582209582","234","18"
"5.787433217660715","235.5","18"
"10.072049953735497","237","18"
"16.8178992368832","238.5","18"
"13.369979676499332","240","18"
"6.858619056694442","241.5","18"
"13.36411073931257","243","18"
"16.682866929565485","244.5","18"
"5.243786288319548","246","18"
"4.254820893126751","247.5","18"
"16.539595357535504","249","18"
"20.711681924177316","250.5","18"
"8.214683278197649","252","18"
"3.2519233953185402","253.5","18"
"14.146858029386333","255","18"
"19.00158022256565","256.5","18"
"9.188623742256123","258","18"
"4.374681779640581","259.5","18"
"14.582854921211776","261","18"
"17.942586142120962","262.5","18"
"9.581960193025008","264","18"
"7.250319965886718","265.5","18"
"15.211749098231099","267","18"
"16.077261493204414","268.5","18"
"4.790165832125865","270","18"
"7.238144960105632","271.5","18"
"18.778222436508138","273","18"
"18.34578181517133","274.5","18"
"5.915018707042438","276","18"
"6.23156963655107","277.5","18"
"16.917563639407085","279","18"
"16.16711108786791","280.5","18"
"5.652091957396302","282","18"
"8.747929051400012","283.5","18"
"18.736793911236532","285","18"
"16.5503420890384","286.5","18"
"4.171144123794311","288","18"
"6.71455581708855","289.5","18"
"18.911959712810926","291","18"
"18.641142390618093","292.5","18"
"3.7368240711650844","294","18"
"6.97459368136295","295.5","18"
"19.030929583701674","297","18"
"18.441068670016612","298.5","18"
"8.394371558719465","300","18"
"20.344331026547213","1.5","19"
"11.858250701081458","3","19"
"10.037553194955319","4.5","19"
"7.297611194742125","6","19"
"7.259272978137899","7.5","19"
"16.14267692266578","9","19"
"24.237764632075578","10.5","19"
"7.90838740475845","12","19"
"-0.19494034856399056","13.5","19"
"13.878613626815204","15","19"
"25.09877169050961","16.5","19"
"10.780429581297085","18","19"
"1.7554490203440445","19.5","19"
"10.598279027606104","21","19"
"19.01096023661958","22.5","19"
"12.434918194101858","24","19"
"10.772379662274723","25.5","19"
"9.82082094964383","27","19"
"5.7399452407118865","28.5","19"
"12.207341817241225","30","19"
"22.693867927783423","31.5","19"
"11.694705893825088","33","19"
"2.0652647366545795","34.5","19"
"10.39686664076898","36","19"
"22.33201974316619","37.5","19"
"11.321796180755479","39","19"
"3.778424799718458","40.5","19"
"13.330675251436318","42","19"
"18.68099381434084","43.5","19"
"7.288955837032281","45","19"
"8.167530747008101","46.5","19"
"14.183923032585996","48","19"
"9.567079024358947","49.5","19"
"10.126111654605744","51","19"
"19.98008290479041","52.5","19"
"15.336701669562625","54","19"
"3.1147685461929764","55.5","19"
"7.458576069573461","57","19"
"18.900789096306756","58.5","19"
"15.603699351541772","60","19"
"7.696005435112613","61.5","19"
"11.535186435680082","63","19"
"16.93435384897962","64.5","19"
"11.241089723233438","66","19"
"8.875317403088127","67.5","19"
"14.089666280629839","69","19"
"10.551744402309957","70.5","19"
"5.872648128523514","72","19"
"16.209376474336885","73.5","19"
"19.842675594744968","75","19"
"4.652882804539438","76.5","19"
"5.700612374835368","78","19"
"17.52296180846974","79.5","19"
"17.82403548102927","81","19"
"4.965388904927454","82.5","19"
"8.5844761897873","84","19"
"18.1788942383277","85.5","19"
"11.745593911588365","87","19"
"6.644434017392449","88.5","19"
"13.785880990782745","90","19"
"15.847138689534653","91.5","19"
"6.022218366744307","93","19"
"9.673570780524681","94.5","19"
"21.09087978423274","96","19"
"12.63655732824665","97.5","19"
"3.6954325579110536","99","19"
"11.302086307396593","100.5","19"
"20.083856810065623","102","19"
"11.082114926147057","103.5","19"
"5.452306540931716","105","19"
"15.698013764325308","106.5","19"
"14.384950494440346","108","19"
"6.32422357334616","109.5","19"
"12.024764261747489","111","19"
"18.635698896833347","112.5","19"
"11.188953426477436","114","19"
"4.624745489578929","115.5","19"
"14.512168980447802","117","19"
"19.188755060242322","118.5","19"
"9.111766534561832","120","19"
"7.64763735134588","121.5","19"
"16.923421667788666","123","19"
"16.269318800399443","124.5","19"
"5.7625775050584185","126","19"
"9.720854217376388","127.5","19"
"17.86512739174104","129","19"
"11.006525477454739","130.5","19"
"7.305915133085104","132","19"
"15.966428032577097","133.5","19"
"16.45164701177478","135","19"
"6.005664644484065","136.5","19"
"7.614454324389504","138","19"
"18.91869667920986","139.5","19"
"16.808615843675142","141","19"
"5.356933974045733","142.5","19"
"9.820224861360789","144","19"
"18.020231900589685","145.5","19"
"13.480887940362168","147","19"
"6.1435866163738835","148.5","19"
"12.862522318742144","150","19"
"15.709310611289418","151.5","19"
"8.739411612155656","153","19"
"9.10441322067024","154.5","19"
"18.03105655212958","156","19"
"14.417708077994707","157.5","19"
"4.54471148197619","159","19"
"9.083162868179885","160.5","19"
"18.343141884317802","162","19"
"14.525175393023668","163.5","19"
"6.273674118143642","165","19"
"12.125037219760337","166.5","19"
"16.59221631692164","168","19"
"10.050525322714906","169.5","19"
"7.415094351326933","171","19"
"15.595871504624856","172.5","19"
"15.883212549863691","174","19"
"7.140283627237902","175.5","19"
"9.278684500219887","177","19"
"18.776466118874183","178.5","19"
"15.342561256344947","180","19"
"3.410859621986608","181.5","19"
"10.42819672924552","183","19"
"18.62337506378159","184.5","19"
"12.462623442457208","186","19"
"5.525065154679862","187.5","19"
"12.651013832711065","189","19"
"17.42496645313837","190.5","19"
"9.556157751973172","192","19"
"7.624914310156244","193.5","19"
"16.938475818936865","195","19"
"15.698023114729748","196.5","19"
"5.099864863180994","198","19"
"8.95341198096996","199.5","19"
"19.411057808998866","201","19"
"15.847213492770171","202.5","19"
"5.266117002122893","204","19"
"9.98222139748199","205.5","19"
"18.734247484427407","207","19"
"12.75074992166899","208.5","19"
"5.532126268432708","210","19"
"13.966903262337981","211.5","19"
"19.701811751858255","213","19"
"11.621116652482533","214.5","19"
"4.552681922560813","216","19"
"12.87262309313832","217.5","19"
"20.15105660837426","219","19"
"11.737338283668326","220.5","19"
"3.6355977614995547","222","19"
"12.471264774560392","223.5","19"
"21.050847586024158","225","19"
"12.87921356986769","226.5","19"
"4.601388958488491","228","19"
"12.497638369483429","229.5","19"
"18.626187977117254","231","19"
"11.626234440512624","232.5","19"
"6.172108856317166","234","19"
"14.738897587305887","235.5","19"
"19.131069298451255","237","19"
"10.624273151948955","238.5","19"
"4.438315567455964","240","19"
"14.20611310072256","241.5","19"
"20.525940815181425","243","19"
"12.050099182577329","244.5","19"
"4.596667004246354","246","19"
"12.317742042462827","247.5","19"
"20.677969040969348","249","19"
"14.723391499943096","250.5","19"
"3.9868160946693934","252","19"
"11.604232159665228","253.5","19"
"19.487896315884278","255","19"
"14.372919640727707","256.5","19"
"3.5422250123631494","258","19"
"9.160712005802726","259.5","19"
"20.59860436648443","261","19"
"19.369383056410346","262.5","19"
"4.705200265381462","264","19"
"5.173210604407927","265.5","19"
"18.51509114676488","267","19"
"20.48204378313769","268.5","19"
"7.784778954065154","270","19"
"4.379336722650899","271.5","19"
"15.921109739058503","273","19"
"22.061264757002952","274.5","19"
"12.048866487592006","276","19"
"3.9797783569276475","277.5","19"
"13.797888468484285","279","19"
"20.527446230296242","280.5","19"
"12.333704741242434","282","19"
"2.454210588138666","283.5","19"
"10.075712195474448","285","19"
"22.84566862706331","286.5","19"
"17.84500532138643","288","19"
"3.7106133291193752","289.5","19"
"6.268770220615113","291","19"
"20.596933760891172","292.5","19"
"22.125463075486394","294","19"
"6.557385648059064","295.5","19"
"2.274870804982329","297","19"
"15.577522894312342","298.5","19"
"22.772026400095598","300","19"