"nusselt","time","episode"
"21.986745150418628","1.5","0"
"18.832283358178014","3","0"
"1.508369355622618","4.5","0"
"4.4553056419234025","6","0"
"19.92998811300378","7.5","0"
"19.251455755614643","9","0"
"6.100063600507745","10.5","0"
"5.819586920928335","12","0"
"13.889971251408172","13.5","0"
"15.181137432495689","15","0"
"8.810586111551613","16.5","0"
"10.627916692879026","18","0"
"13.585469097220688","19.5","0"
"10.269745554807772","21","0"
"8.09214466961235","22.5","0"
"17.50436385403883","24","0"
"16.787915606646","25.5","0"
"5.924642610812179","27","0"
"4.150988158223606","28.5","0"
"16.42032159850046","30","0"
"21.194979395262607","31.5","0"
"7.3050899598932855","33","0"
"2.5799067114232557","34.5","0"
"15.639858923911508","36","0"
"20.90336989039697","37.5","0"
"10.827326534765277","39","0"
"3.73939465318568","40.5","0"
"11.692132195003012","42","0"
"15.546886294165093","43.5","0"
"10.179532073571488","45","0"
"9.283923843507697","46.5","0"
"14.016998054124612","48","0"
"10.41331867738094","49.5","0"
"4.541893503838123","51","0"
"12.787804016063475","52.5","0"
"19.18459413026658","54","0"
"10.504257594161682","55.5","0"
"1.6333051741461906","57","0"
"12.306537141142377","58.5","0"
"21.12319478197695","60","0"
"11.355545686380836","61.5","0"
"1.7874322735307289","63","0"
"10.23107773644704","64.5","0"
"21.51375961702978","66","0"
"15.601953942712996","67.5","0"
"3.7070219946140934","69","0"
"8.247620077837109","70.5","0"
"16.764458558707833","72","0"
"13.482408939484387","73.5","0"
"6.494654953472499","75","0"
"11.271787880209917","76.5","0"
"13.607523584492872","78","0"
"8.93035933802382","79.5","0"
"8.468175080163766","81","0"
"17.0971739998919","82.5","0"
"14.872334092265861","84","0"
"4.111006997639255","85.5","0"
"6.976487138262024","87","0"
"19.08677487421883","88.5","0"
"16.638801590241837","90","0"
"3.3121138966989396","91.5","0"
"4.3901220245721095","93","0"
"18.298908237714233","94.5","0"
"19.708826113588902","96","0"
"6.157817931931373","97.5","0"
"4.949340883707334","99","0"
"15.334007194683203","100.5","0"
"16.579049389069556","102","0"
"8.404814402078065","103.5","0"
"8.60314271385077","105","0"
"15.341783614375698","106.5","0"
"11.519835409190918","108","0"
"6.210478240936193","109.5","0"
"11.243142137007991","111","0"
"17.43118603049163","112.5","0"
"11.302352014722759","114","0"
"3.734854642229936","115.5","0"
"13.517568018579055","117","0"
"20.105788183679348","118.5","0"
"12.065331770610255","120","0"
"2.2519169256830835","121.5","0"
"10.788777154860783","123","0"
"18.992946682466165","124.5","0"
"11.154235374792181","126","0"
"4.647345806710291","127.5","0"
"12.110363318392693","129","0"
"18.430258044083377","130.5","0"
"11.6734563205351","132","0"
"5.717577125290781","133.5","0"
"11.946568387817555","135","0"
"16.661293988121955","136.5","0"
"9.029093375305939","138","0"
"6.1875553348516545","139.5","0"
"14.360458668410834","141","0"
"16.646299056201876","142.5","0"
"8.678987740264445","144","0"
"5.831819197936617","145.5","0"
"14.686472986412989","147","0"
"19.463377997042187","148.5","0"
"6.559365596199208","150","0"
"3.577344352238949","151.5","0"
"15.139730724834441","153","0"
"20.036969207001867","154.5","0"
"11.193877193615402","156","0"
"4.052854494826565","157.5","0"
"13.073094985128867","159","0"
"18.65327142357735","160.5","0"
"10.674982732827507","162","0"
"4.590077696317538","163.5","0"
"13.36863010145851","165","0"
"18.69232338772049","166.5","0"
"11.266043615082355","168","0"
"5.734986019957088","169.5","0"
"12.444553006676779","171","0"
"17.89452973850223","172.5","0"
"10.069615731779649","174","0"
"3.6189271591838126","175.5","0"
"12.85019536888891","177","0"
"19.55115959392373","178.5","0"
"13.142596541330455","180","0"
"4.749017429387271","181.5","0"
"9.547851476029084","183","0"
"17.459329189454913","184.5","0"
"12.74112601789925","186","0"
"4.545984695380754","187.5","0"
"10.375748752341522","189","0"
"20.20571907272977","190.5","0"
"14.7410419467241","192","0"
"3.90825438616575","193.5","0"
"6.922578160664296","195","0"
"18.474988820523","196.5","0"
"18.653844915049664","198","0"
"4.3782676597432735","199.5","0"
"4.80771732045988","201","0"
"16.774876467654593","202.5","0"
"20.07944341917","204","0"
"8.918899638182383","205.5","0"
"4.6123328276849955","207","0"
"12.612894571410806","208.5","0"
"18.379865597755412","210","0"
"9.232198964547049","211.5","0"
"5.221151686371906","213","0"
"14.469632432250073","214.5","0"
"18.19154689393559","216","0"
"8.504206863672824","217.5","0"
"3.7353213832515597","219","0"
"13.565284690836478","220.5","0"
"19.950733543654383","222","0"
"8.85263176351625","223.5","0"
"1.1160709945466518","225","0"
"12.863872672983337","226.5","0"
"21.897408269598586","228","0"
"12.79491266103889","229.5","0"
"1.7345198932062171","231","0"
"7.57969653348538","232.5","0"
"20.726966718635033","234","0"
"17.175765707609788","235.5","0"
"3.051780131084037","237","0"
"6.152731311916081","238.5","0"
"17.891613970717724","240","0"
"19.63444052946822","241.5","0"
"6.800782130031596","243","0"
"4.829468309187954","244.5","0"
"13.63916067791519","246","0"
"16.21486204494161","247.5","0"
"7.256053322209102","249","0"
"8.631094968723406","250.5","0"
"17.014600578283364","252","0"
"14.27853665831161","253.5","0"
"4.632580349299174","255","0"
"7.18298146991222","256.5","0"
"19.148563905158262","258","0"
"17.74424536314234","259.5","0"
"1.2337037576024972","261","0"
"4.040241578437543","262.5","0"
"19.929123200593093","264","0"
"24.20938615460056","265.5","0"
"7.222997304913034","267","0"
"0.39143313211512754","268.5","0"
"11.210100145318584","270","0"
"21.81101053257414","271.5","0"
"12.527948484675653","273","0"
"5.098167375174972","274.5","0"
"10.713870285692575","276","0"
"14.728406433524349","277.5","0"
"11.484575813248519","279","0"
"10.125097914924387","280.5","0"
"15.076878864590343","282","0"
"12.460438564619757","283.5","0"
"3.219774951653418","285","0"
"7.1893070185157955","286.5","0"
"20.86308990647073","288","0"
"19.382832054796364","289.5","0"
"2.5799433338406454","291","0"
"2.034565216077453","292.5","0"
"17.195915829177718","294","0"
"23.4367622357337","295.5","0"
"7.929715677285804","297","0"
"1.1331677220647316","298.5","0"
"11.789968593458902","300","0"
"11.460969158839315","1.5","1"
"11.819428601047468","3","1"
"12.253557749586045","4.5","1"
"11.81253657377491","6","1"
"10.695445313743802","7.5","1"
"11.631185479663538","9","1"
"12.074871520740038","10.5","1"
"11.964680900417964","12","1"
"10.541201042103628","13.5","1"
"11.13269671816493","15","1"
"11.514034262436345","16.5","1"
"12.256504685385346","18","1"
"11.966433322050069","19.5","1"
"12.298786435062091","21","1"
"12.88079378821803","22.5","1"
"12.3220502413085","24","1"
"11.16478263100036","25.5","1"
"10.23918453709641","27","1"
"11.246846455566923","28.5","1"
"12.130445649528435","30","1"
"11.464057129905584","31.5","1"
"11.735328725914123","33","1"
"12.746038097031663","34.5","1"
"11.992743801743137","36","1"
"11.131493632793665","37.5","1"
"10.354066722846193","39","1"
"10.33042656282108","40.5","1"
"11.393156129839493","42","1"
"11.573724906779397","43.5","1"
"10.666430229566501","45","1"
"10.905054888473217","46.5","1"
"11.918289647989894","48","1"
"12.467242542250506","49.5","1"
"11.688101391489056","51","1"
"11.263596925920588","52.5","1"
"11.5144145122169","54","1"
"11.169866134214173","55.5","1"
"10.07413898992744","57","1"
"11.324904411031367","58.5","1"
"10.305560720613972","60","1"
"12.753543354995404","61.5","1"
"12.689870996761705","63","1"
"11.544823585856113","64.5","1"
"11.307948231780024","66","1"
"11.690138221256207","67.5","1"
"11.247342806202605","69","1"
"9.601746428020153","70.5","1"
"11.250896739090127","72","1"
"11.714555244050201","73.5","1"
"11.69519990685966","75","1"
"12.649769449720193","76.5","1"
"11.901256327901923","78","1"
"9.491892422257914","79.5","1"
"11.640626271346331","81","1"
"12.298315798038617","82.5","1"
"12.148494267698503","84","1"
"11.190705068909173","85.5","1"
"11.118082036025406","87","1"
"12.285901577743942","88.5","1"
"10.184942840940696","90","1"
"11.16854071438482","91.5","1"
"11.623109847028966","93","1"
"10.740813476086075","94.5","1"
"12.14947372256358","96","1"
"11.701249618532259","97.5","1"
"9.683318577153251","99","1"
"12.418854199274154","100.5","1"
"12.673029359964751","102","1"
"11.948997155370813","103.5","1"
"10.770303872489071","105","1"
"11.118746693941006","106.5","1"
"12.114380096299989","108","1"
"11.486205121222168","109.5","1"
"11.476714460715694","111","1"
"11.84757721441334","112.5","1"
"11.65329684856273","114","1"
"11.356303069140466","115.5","1"
"11.130034969701045","117","1"
"10.485281727551326","118.5","1"
"11.756851798533974","120","1"
"10.935877717508895","121.5","1"
"11.541156668914942","123","1"
"10.403301277424353","124.5","1"
"10.717043968799544","126","1"
"11.88796940319286","127.5","1"
"10.805373343541191","129","1"
"9.592633679693124","130.5","1"
"9.896322348694339","132","1"
"11.149366151680116","133.5","1"
"12.118520767066114","135","1"
"12.609839326760078","136.5","1"
"11.104505248778707","138","1"
"12.269877322135107","139.5","1"
"10.280495403112146","141","1"
"9.954855880487957","142.5","1"
"9.56380014920203","144","1"
"12.089125433108258","145.5","1"
"11.657741407473152","147","1"
"12.583240542930113","148.5","1"
"11.447382241987807","150","1"
"10.087040989653726","151.5","1"
"11.251995411611812","153","1"
"11.11476575925073","154.5","1"
"11.121282991145323","156","1"
"9.821512100372011","157.5","1"
"11.04672676214361","159","1"
"11.287586167711456","160.5","1"
"12.229709543062146","162","1"
"11.922773166918814","163.5","1"
"12.824285398186017","165","1"
"11.277105922735096","166.5","1"
"11.182253861696266","168","1"
"8.517139252213541","169.5","1"
"10.520341848199006","171","1"
"12.19945007589397","172.5","1"
"12.51694383785029","174","1"
"12.532172529881366","175.5","1"
"12.03143733371608","177","1"
"10.252883658801197","178.5","1"
"9.196076793795074","180","1"
"9.973100077950892","181.5","1"
"10.148623532495112","183","1"
"12.260611850535561","184.5","1"
"12.796551319416977","186","1"
"11.979382852998926","187.5","1"
"11.293029661496204","189","1"
"11.54502773635305","190.5","1"
"11.862168520541765","192","1"
"10.54257477235592","193.5","1"
"9.141719775984601","195","1"
"10.506080143827088","196.5","1"
"11.295647774739368","198","1"
"11.039910317306942","199.5","1"
"11.017057149655518","201","1"
"11.16403927384739","202.5","1"
"11.543781015761066","204","1"
"11.549285287174673","205.5","1"
"10.392669088375845","207","1"
"10.592988257093873","208.5","1"
"12.1928673911683","210","1"
"12.105891487469323","211.5","1"
"10.533284366344533","213","1"
"9.824791754729297","214.5","1"
"11.554496579249163","216","1"
"13.618254731988369","217.5","1"
"10.838498709670187","219","1"
"9.985802602382462","220.5","1"
"9.5436422356304","222","1"
"12.627443800719252","223.5","1"
"11.379313635266628","225","1"
"10.733936253620547","226.5","1"
"10.532255821856147","228","1"
"11.523200775588903","229.5","1"
"12.94575416466332","231","1"
"11.516400693960003","232.5","1"
"11.077573746390758","234","1"
"11.744799127210976","235.5","1"
"14.024031116664137","237","1"
"12.704957874325444","238.5","1"
"11.29993181837357","240","1"
"9.454576516539113","241.5","1"
"12.564296623534927","243","1"
"13.28568266367238","244.5","1"
"12.409629246093846","246","1"
"11.475305666446754","247.5","1"
"12.092239896987106","249","1"
"13.250356835698533","250.5","1"
"11.954859858954615","252","1"
"12.287407772059133","253.5","1"
"11.235424936543614","255","1"
"12.890876641005695","256.5","1"
"13.51275100189178","258","1"
"12.906488699618807","259.5","1"
"11.697910744946855","261","1"
"11.952850301200412","262.5","1"
"11.871167505614775","264","1"
"12.270008227797266","265.5","1"
"12.345619494099944","267","1"
"12.125766551306647","268.5","1"
"12.473467574006353","270","1"
"12.769001911135627","271.5","1"
"13.046066861895037","273","1"
"12.232659595662925","274.5","1"
"11.86921093348573","276","1"
"10.796234881601954","277.5","1"
"11.326070094784871","279","1"
"11.743599158641192","280.5","1"
"12.5879819771815","282","1"
"12.453520823734989","283.5","1"
"13.101856829185921","285","1"
"12.448111614766521","286.5","1"
"11.066820781284902","288","1"
"11.766693099206943","289.5","1"
"10.778855596549706","291","1"
"11.463567012872861","292.5","1"
"11.073431517223893","294","1"
"12.679449971013465","295.5","1"
"11.709666540928886","297","1"
"11.45241509717757","298.5","1"
"11.603350104846399","300","1"
"11.460969158839315","1.5","2"
"11.819428601047468","3","2"
"12.253557749586045","4.5","2"
"11.81253657377491","6","2"
"10.695445313743802","7.5","2"
"11.631185479663538","9","2"
"12.074871520740038","10.5","2"
"11.964680900417964","12","2"
"10.541201042103628","13.5","2"
"11.13269671816493","15","2"
"11.514034262436345","16.5","2"
"12.256504685385346","18","2"
"11.966433322050069","19.5","2"
"12.298786435062091","21","2"
"12.88079378821803","22.5","2"
"12.3220502413085","24","2"
"11.16478263100036","25.5","2"
"10.23918453709641","27","2"
"11.246846455566923","28.5","2"
"12.130445649528435","30","2"
"11.464057129905584","31.5","2"
"11.735328725914123","33","2"
"12.746038097031663","34.5","2"
"11.992743801743137","36","2"
"11.131493632793665","37.5","2"
"10.354066722846193","39","2"
"10.33042656282108","40.5","2"
"11.393156129839493","42","2"
"11.573724906779397","43.5","2"
"10.666430229566501","45","2"
"10.905054888473217","46.5","2"
"11.918289647989894","48","2"
"12.467242542250506","49.5","2"
"11.688101391489056","51","2"
"11.263596925920588","52.5","2"
"11.5144145122169","54","2"
"11.169866134214173","55.5","2"
"10.07413898992744","57","2"
"11.324904411031367","58.5","2"
"10.305560720613972","60","2"
"12.753543354995404","61.5","2"
"12.689870996761705","63","2"
"11.544823585856113","64.5","2"
"11.307948231780024","66","2"
"11.690138221256207","67.5","2"
"11.247342806202605","69","2"
"9.601746428020153","70.5","2"
"11.250896739090127","72","2"
"11.714555244050201","73.5","2"
"11.69519990685966","75","2"
"12.649769449720193","76.5","2"
"11.901256327901923","78","2"
"9.491892422257914","79.5","2"
"11.640626271346331","81","2"
"12.298315798038617","82.5","2"
"12.148494267698503","84","2"
"11.190705068909173","85.5","2"
"11.118082036025406","87","2"
"12.285901577743942","88.5","2"
"10.184942840940696","90","2"
"11.16854071438482","91.5","2"
"11.623109847028966","93","2"
"10.740813476086075","94.5","2"
"12.14947372256358","96","2"
"11.701249618532259","97.5","2"
"9.683318577153251","99","2"
"12.418854199274154","100.5","2"
"12.673029359964751","102","2"
"11.948997155370813","103.5","2"
"10.770303872489071","105","2"
"11.118746693941006","106.5","2"
"12.114380096299989","108","2"
"11.486205121222168","109.5","2"
"11.476714460715694","111","2"
"11.84757721441334","112.5","2"
"11.65329684856273","114","2"
"11.356303069140466","115.5","2"
"11.130034969701045","117","2"
"10.485281727551326","118.5","2"
"11.756851798533974","120","2"
"10.935877717508895","121.5","2"
"11.541156668914942","123","2"
"10.403301277424353","124.5","2"
"10.717043968799544","126","2"
"11.88796940319286","127.5","2"
"10.805373343541191","129","2"
"9.592633679693124","130.5","2"
"9.896322348694339","132","2"
"11.149366151680116","133.5","2"
"12.118520767066114","135","2"
"12.609839326760078","136.5","2"
"11.104505248778707","138","2"
"12.269877322135107","139.5","2"
"10.280495403112146","141","2"
"9.954855880487957","142.5","2"
"9.56380014920203","144","2"
"12.089125433108258","145.5","2"
"11.657741407473152","147","2"
"12.583240542930113","148.5","2"
"11.447382241987807","150","2"
"10.087040989653726","151.5","2"
"11.251995411611812","153","2"
"11.11476575925073","154.5","2"
"11.121282991145323","156","2"
"9.821512100372011","157.5","2"
"11.04672676214361","159","2"
"11.287586167711456","160.5","2"
"12.229709543062146","162","2"
"11.922773166918814","163.5","2"
"12.824285398186017","165","2"
"11.277105922735096","166.5","2"
"11.182253861696266","168","2"
"8.517139252213541","169.5","2"
"10.520341848199006","171","2"
"12.19945007589397","172.5","2"
"12.51694383785029","174","2"
"12.532172529881366","175.5","2"
"12.03143733371608","177","2"
"10.252883658801197","178.5","2"
"9.196076793795074","180","2"
"9.973100077950892","181.5","2"
"10.148623532495112","183","2"
"12.260611850535561","184.5","2"
"12.796551319416977","186","2"
"11.979382852998926","187.5","2"
"11.293029661496204","189","2"
"11.54502773635305","190.5","2"
"11.862168520541765","192","2"
"10.54257477235592","193.5","2"
"9.141719775984601","195","2"
"10.506080143827088","196.5","2"
"11.295647774739368","198","2"
"11.039910317306942","199.5","2"
"11.017057149655518","201","2"
"11.16403927384739","202.5","2"
"11.543781015761066","204","2"
"11.549285287174673","205.5","2"
"10.392669088375845","207","2"
"10.592988257093873","208.5","2"
"12.1928673911683","210","2"
"12.105891487469323","211.5","2"
"10.533284366344533","213","2"
"9.824791754729297","214.5","2"
"11.554496579249163","216","2"
"13.618254731988369","217.5","2"
"10.838498709670187","219","2"
"9.985802602382462","220.5","2"
"9.5436422356304","222","2"
"12.627443800719252","223.5","2"
"11.379313635266628","225","2"
"10.733936253620547","226.5","2"
"10.532255821856147","228","2"
"11.523200775588903","229.5","2"
"12.94575416466332","231","2"
"11.516400693960003","232.5","2"
"11.077573746390758","234","2"
"11.744799127210976","235.5","2"
"14.024031116664137","237","2"
"12.704957874325444","238.5","2"
"11.29993181837357","240","2"
"9.454576516539113","241.5","2"
"12.564296623534927","243","2"
"13.28568266367238","244.5","2"
"12.409629246093846","246","2"
"11.475305666446754","247.5","2"
"12.092239896987106","249","2"
"13.250356835698533","250.5","2"
"11.954859858954615","252","2"
"12.287407772059133","253.5","2"
"11.235424936543614","255","2"
"12.890876641005695","256.5","2"
"13.51275100189178","258","2"
"12.906488699618807","259.5","2"
"11.697910744946855","261","2"
"11.952850301200412","262.5","2"
"11.871167505614775","264","2"
"12.270008227797266","265.5","2"
"12.345619494099944","267","2"
"12.125766551306647","268.5","2"
"12.473467574006353","270","2"
"12.769001911135627","271.5","2"
"13.046066861895037","273","2"
"12.232659595662925","274.5","2"
"11.86921093348573","276","2"
"10.796234881601954","277.5","2"
"11.326070094784871","279","2"
"11.743599158641192","280.5","2"
"12.5879819771815","282","2"
"12.453520823734989","283.5","2"
"13.101856829185921","285","2"
"12.448111614766521","286.5","2"
"11.066820781284902","288","2"
"11.766693099206943","289.5","2"
"10.778855596549706","291","2"
"11.463567012872861","292.5","2"
"11.073431517223893","294","2"
"12.679449971013465","295.5","2"
"11.709666540928886","297","2"
"11.45241509717757","298.5","2"
"11.603350104846399","300","2"
"20.842063963686932","1.5","3"
"13.763427552921126","3","3"
"13.890940576668438","4.5","3"
"8.248849656020953","6","3"
"6.231865732691666","7.5","3"
"16.795855658416194","9","3"
"27.30142620520131","10.5","3"
"9.033191969252083","12","3"
"-0.055814250339913586","13.5","3"
"18.19161546356815","15","3"
"30.66374437133886","16.5","3"
"9.243990603746102","18","3"
"0.5493068947287028","19.5","3"
"14.060709636480286","21","3"
"23.43826453404704","22.5","3"
"14.485673051066678","24","3"
"10.74728863116069","25.5","3"
"10.99526135690617","27","3"
"9.461754510347456","28.5","3"
"16.17298625865763","30","3"
"22.62780420361423","31.5","3"
"9.085563584519821","33","3"
"2.779758944319568","34.5","3"
"19.99953486282683","36","3"
"29.471190672275743","37.5","3"
"9.1626677987314","39","3"
"1.532673881363194","40.5","3"
"18.956216735425595","42","3"
"25.285879516954466","43.5","3"
"8.577320792789685","45","3"
"8.914855588262137","46.5","3"
"17.762378914152738","48","3"
"16.104002091501716","49.5","3"
"9.178812051197214","51","3"
"18.214924463436017","52.5","3"
"18.055618506192392","54","3"
"6.318083864030827","55.5","3"
"11.360389195880693","57","3"
"23.510253297829635","58.5","3"
"15.886139226453372","60","3"
"3.661122417619488","61.5","3"
"14.958822216533225","63","3"
"22.87216923164666","64.5","3"
"8.8982134267599","66","3"
"7.203726900562822","67.5","3"
"18.5899068494898","69","3"
"18.578298322377695","70.5","3"
"8.163602018742614","72","3"
"12.406140766037403","73.5","3"
"19.778996223707942","75","3"
"9.013413526260639","76.5","3"
"5.754455120401647","78","3"
"20.307636922723667","79.5","3"
"22.720117629847632","81","3"
"6.163807255575297","82.5","3"
"6.157026264355463","84","3"
"22.741768491328163","85.5","3"
"20.851574883403025","87","3"
"5.259761843905259","88.5","3"
"11.185529620051703","90","3"
"21.218238526306795","91.5","3"
"15.458242901674339","93","3"
"9.600726454735836","94.5","3"
"17.082023227897825","96","3"
"15.249183442406137","97.5","3"
"7.529580703288761","99","3"
"14.498336615479747","100.5","3"
"23.98348973373762","102","3"
"12.10380245127738","103.5","3"
"3.971598701043682","105","3"
"18.174831487598574","106.5","3"
"23.180268174742015","108","3"
"7.4547634421631015","109.5","3"
"7.24648941686785","111","3"
"20.285267638502006","112.5","3"
"18.458753401613894","114","3"
"7.473112052475616","115.5","3"
"14.01560951906529","117","3"
"20.223148226605698","118.5","3"
"9.21796842818993","120","3"
"7.925222028752074","121.5","3"
"20.60230712664262","123","3"
"18.467642519434737","124.5","3"
"5.3504042749452205","126","3"
"11.84543908859809","127.5","3"
"22.38783074886706","129","3"
"12.340354437199924","130.5","3"
"4.345759420307308","132","3"
"18.134450207624237","133.5","3"
"23.08192217924415","135","3"
"9.148028182180036","136.5","3"
"6.127316912648501","138","3"
"19.095952296176566","139.5","3"
"18.89911381551128","141","3"
"6.273249843542183","142.5","3"
"13.621245303008388","144","3"
"20.90437038367204","145.5","3"
"11.944935183842057","147","3"
"6.829990455900655","148.5","3"
"19.427477119195288","150","3"
"18.285368852085295","151.5","3"
"3.392399586021185","153","3"
"10.09940612032509","154.5","3"
"25.8048924161986","156","3"
"18.1191061939384","157.5","3"
"2.0962397045624974","159","3"
"12.22262661169894","160.5","3"
"23.45687339728313","162","3"
"12.13602706177867","163.5","3"
"5.014435282616263","165","3"
"17.693246698926522","166.5","3"
"21.00584720625652","168","3"
"9.886222353498535","169.5","3"
"10.04646958478911","171","3"
"19.036324767063483","172.5","3"
"13.602997988743972","174","3"
"6.116066428106406","175.5","3"
"17.36389272813859","177","3"
"22.584904548044083","178.5","3"
"8.079146049040183","180","3"
"5.583256227910868","181.5","3"
"21.228776432110536","183","3"
"20.743378236827752","184.5","3"
"4.3113105823498845","186","3"
"9.660110873333482","187.5","3"
"23.118870302388316","189","3"
"17.91152254017096","190.5","3"
"5.265215856895001","192","3"
"13.425201606720492","193.5","3"
"19.3921653168281","195","3"
"9.602143041008478","196.5","3"
"9.197297021574476","198","3"
"21.242153744062517","199.5","3"
"17.036530393496353","201","3"
"4.336827836066303","202.5","3"
"12.205114083383425","204","3"
"24.519895943640662","205.5","3"
"13.057487601717975","207","3"
"2.4065094998886445","208.5","3"
"16.567189959438316","210","3"
"23.312489127124802","211.5","3"
"10.90782027058631","213","3"
"7.702779803129302","214.5","3"
"18.522703934379678","216","3"
"17.297652904685776","217.5","3"
"8.101731950964702","219","3"
"13.520539888790196","220.5","3"
"22.516673088445575","222","3"
"12.892595557021892","223.5","3"
"5.588291031101556","225","3"
"17.66200388089142","226.5","3"
"20.742426053975624","228","3"
"6.922725429534224","229.5","3"
"8.591706390020432","231","3"
"22.420354572310426","232.5","3"
"17.681151950783544","234","3"
"5.353918468613873","235.5","3"
"13.185112830318566","237","3"
"22.44294514943716","238.5","3"
"10.696601647092868","240","3"
"5.290971935524821","241.5","3"
"17.440673574196623","243","3"
"20.602886851717894","244.5","3"
"8.84586518750326","246","3"
"8.597809087318192","247.5","3"
"19.317182865224005","249","3"
"15.359128614611665","250.5","3"
"6.0379843174304915","252","3"
"16.252841829375644","253.5","3"
"24.013956468204213","255","3"
"11.599135410045125","256.5","3"
"2.4769379149303368","258","3"
"18.089490346275838","259.5","3"
"24.142300119545936","261","3"
"7.8772528955747765","262.5","3"
"5.640502131093077","264","3"
"20.172969281179107","265.5","3"
"21.130885489628746","267","3"
"7.867125628366022","268.5","3"
"9.103906740429746","270","3"
"19.922995568883493","271.5","3"
"16.25610044532294","273","3"
"6.452084510058674","274.5","3"
"14.547312475535072","276","3"
"21.790059393025864","277.5","3"
"10.509748619168999","279","3"
"4.4284064763508075","280.5","3"
"17.833594711168303","282","3"
"22.836430427476717","283.5","3"
"8.590848490413075","285","3"
"6.820698491488529","286.5","3"
"20.817106175836166","288","3"
"19.953875279546182","289.5","3"
"5.172886846654197","291","3"
"9.599570121386773","292.5","3"
"21.96283304946439","294","3"
"17.528634387163265","295.5","3"
"6.283141402639015","297","3"
"12.711510949437056","298.5","3"
"20.348021319499484","300","3"
"14.854241059674704","1.5","4"
"8.97433740690603","3","4"
"7.789130788131546","4.5","4"
"15.746317953661702","6","4"
"15.161140034200276","7.5","4"
"3.1239703181622756","9","4"
"8.106245858708052","10.5","4"
"20.507913235421345","12","4"
"17.492632213268266","13.5","4"
"1.2857940815366697","15","4"
"6.794018670820087","16.5","4"
"18.66516046282265","18","4"
"18.289881980628277","19.5","4"
"5.408458988111478","21","4"
"8.340111161754871","22.5","4"
"15.90198504517748","24","4"
"13.02432171716974","25.5","4"
"7.277704183689632","27","4"
"11.33299173167149","28.5","4"
"14.266194124450974","30","4"
"7.907971311760876","31.5","4"
"6.695817606591041","33","4"
"15.4655346587367","34.5","4"
"17.791382310324487","36","4"
"6.396615962920411","37.5","4"
"3.0447887557643054","39","4"
"14.7992513311638","40.5","4"
"19.191619400802406","42","4"
"7.240173997869085","43.5","4"
"5.96933988163589","45","4"
"14.909782462047561","46.5","4"
"16.202366787808458","48","4"
"7.151528267777221","49.5","4"
"8.347066304257398","51","4"
"16.56376147781036","52.5","4"
"14.519384375873907","54","4"
"4.905470344476181","55.5","4"
"11.289746111137067","57","4"
"19.035860363642968","58.5","4"
"10.996177696541277","60","4"
"4.267781332880787","61.5","4"
"11.011344052542754","63","4"
"20.13854420883297","64.5","4"
"12.222160649877686","66","4"
"3.0801235445424076","67.5","4"
"11.122412831681807","69","4"
"19.120023354006282","70.5","4"
"11.906332039112034","72","4"
"4.771029450239291","73.5","4"
"10.75702318138297","75","4"
"15.049863987762805","76.5","4"
"10.160828927090629","78","4"
"8.479310632651288","79.5","4"
"15.025436056163633","81","4"
"14.482941174569493","82.5","4"
"6.789307625383129","84","4"
"8.867179434423955","85.5","4"
"17.992673141903893","87","4"
"14.2912126899306","88.5","4"
"3.223510438227148","90","4"
"8.341068019809217","91.5","4"
"19.53560831293948","93","4"
"15.645372545729554","94.5","4"
"3.9212833955523454","96","4"
"7.40039629474782","97.5","4"
"18.656679645995684","99","4"
"16.311662106905416","100.5","4"
"5.719995763239228","102","4"
"7.37421749991728","103.5","4"
"16.654677018580003","105","4"
"14.658929811734598","106.5","4"
"6.952067777866921","108","4"
"10.87572890334829","109.5","4"
"15.506216710053856","111","4"
"10.16306289455139","112.5","4"
"5.344246644021378","114","4"
"13.83259405296362","115.5","4"
"18.356512962666823","117","4"
"9.54139658016409","118.5","4"
"4.0101737945603855","120","4"
"13.322752342074264","121.5","4"
"20.250096092201417","123","4"
"11.835992063312336","124.5","4"
"2.6019128882725013","126","4"
"11.344065727329781","127.5","4"
"19.950451473120445","129","4"
"11.402870420852153","130.5","4"
"4.504641102949477","132","4"
"11.060397053434707","133.5","4"
"18.55238211807184","135","4"
"11.460213334480425","136.5","4"
"3.5692687196043775","138","4"
"12.002550038399455","139.5","4"
"19.154869194552216","141","4"
"9.784041133779583","142.5","4"
"2.3504970708921293","144","4"
"11.505280725479883","145.5","4"
"21.111604955673723","147","4"
"13.860952271229019","148.5","4"
"1.6594996503841761","150","4"
"8.915729851077266","151.5","4"
"17.20621529966824","153","4"
"14.66694622514105","154.5","4"
"5.993841058069843","156","4"
"11.901475283205889","157.5","4"
"15.589915296996656","159","4"
"9.714446073533594","160.5","4"
"4.262202258231662","162","4"
"13.951266269313031","163.5","4"
"21.232628798739764","165","4"
"11.57788038235255","166.5","4"
"0.8540151961140721","168","4"
"9.931920896797683","169.5","4"
"23.090388970464456","171","4"
"15.911994653130366","172.5","4"
"2.0032246083959175","174","4"
"5.261667768010254","175.5","4"
"17.173626023393798","177","4"
"19.583694326172274","178.5","4"
"8.16528820834327","180","4"
"7.26810755193284","181.5","4"
"12.888975392102921","183","4"
"12.634150378303751","184.5","4"
"7.166864489459356","186","4"
"12.026325000088578","187.5","4"
"17.60455499601283","189","4"
"9.763085319029082","190.5","4"
"2.1920848564728797","192","4"
"11.889204435779293","193.5","4"
"22.181221095562105","195","4"
"13.439378378252083","196.5","4"
"-1.0738206076847998","198","4"
"7.476484431676931","199.5","4"
"22.753517274506866","201","4"
"20.00092183948541","202.5","4"
"2.7111776237549363","204","4"
"3.3882709928607952","205.5","4"
"16.91034980238172","207","4"
"21.52656187910871","208.5","4"
"8.559472429114704","210","4"
"4.115007022738597","211.5","4"
"11.477245096167657","213","4"
"15.183718144121093","214.5","4"
"9.587397453206794","216","4"
"10.96164821134556","217.5","4"
"15.6121162739384","219","4"
"11.19927315617758","220.5","4"
"4.43640652654949","222","4"
"9.106115773478667","223.5","4"
"20.379326473564188","225","4"
"14.685157696188448","226.5","4"
"2.5471056874482674","228","4"
"5.707247265985829","229.5","4"
"20.495891732113147","231","4"
"22.442702038921727","232.5","4"
"4.959721391036335","234","4"
"1.1517823319035512","235.5","4"
"13.546110128131774","237","4"
"21.61531747645274","238.5","4"
"13.322803769298684","240","4"
"6.504388724494408","241.5","4"
"9.91728751384928","243","4"
"14.619757850734482","244.5","4"
"11.403238982627158","246","4"
"9.409361856669728","247.5","4"
"12.945107428356229","249","4"
"10.611805946029122","250.5","4"
"4.841851361467828","252","4"
"9.511443338741321","253.5","4"
"20.676881277252843","255","4"
"16.66528661081778","256.5","4"
"2.0541141845599364","258","4"
"2.1019074132537092","259.5","4"
"17.43545760691991","261","4"
"22.78604421475171","262.5","4"
"8.223559928812572","264","4"
"1.306295427671373","265.5","4"
"11.967295896859648","267","4"
"22.706427079346916","268.5","4"
"16.523099685702825","270","4"
"3.9524214111376836","271.5","4"
"5.319379633013716","273","4"
"14.396975114550024","274.5","4"
"16.67652268015303","276","4"
"10.526294939025727","277.5","4"
"11.096839475538749","279","4"
"13.965732903382257","280.5","4"
"11.173564998370512","282","4"
"6.302836471190871","283.5","4"
"11.99844521085035","285","4"
"17.912819129586623","286.5","4"
"10.963028175200812","288","4"
"1.8404089378857647","289.5","4"
"9.702943517671809","291","4"
"21.614327891982853","292.5","4"
"18.706649765723117","294","4"
"2.8483714328989995","295.5","4"
"1.9392267392076568","297","4"
"15.371246738765743","298.5","4"
"21.883131760419637","300","4"
"21.986745150418628","1.5","5"
"18.832283358178014","3","5"
"1.508369355622618","4.5","5"
"4.4553056419234025","6","5"
"19.92998811300378","7.5","5"
"19.251455755614643","9","5"
"6.100063600507745","10.5","5"
"5.819586920928335","12","5"
"13.889971251408172","13.5","5"
"15.181137432495689","15","5"
"8.810586111551613","16.5","5"
"10.627916692879026","18","5"
"13.585469097220688","19.5","5"
"10.269745554807772","21","5"
"8.09214466961235","22.5","5"
"17.50436385403883","24","5"
"16.787915606646","25.5","5"
"5.924642610812179","27","5"
"4.150988158223606","28.5","5"
"16.42032159850046","30","5"
"21.194979395262607","31.5","5"
"7.3050899598932855","33","5"
"2.5799067114232557","34.5","5"
"15.639858923911508","36","5"
"20.90336989039697","37.5","5"
"10.827326534765277","39","5"
"3.73939465318568","40.5","5"
"11.692132195003012","42","5"
"15.546886294165093","43.5","5"
"10.179532073571488","45","5"
"9.283923843507697","46.5","5"
"14.016998054124612","48","5"
"10.41331867738094","49.5","5"
"4.541893503838123","51","5"
"12.787804016063475","52.5","5"
"19.18459413026658","54","5"
"10.504257594161682","55.5","5"
"1.6333051741461906","57","5"
"12.306537141142377","58.5","5"
"21.12319478197695","60","5"
"11.355545686380836","61.5","5"
"1.7874322735307289","63","5"
"10.23107773644704","64.5","5"
"21.51375961702978","66","5"
"15.601953942712996","67.5","5"
"3.7070219946140934","69","5"
"8.247620077837109","70.5","5"
"16.764458558707833","72","5"
"13.482408939484387","73.5","5"
"6.494654953472499","75","5"
"11.271787880209917","76.5","5"
"13.607523584492872","78","5"
"8.93035933802382","79.5","5"
"8.468175080163766","81","5"
"17.0971739998919","82.5","5"
"14.872334092265861","84","5"
"4.111006997639255","85.5","5"
"6.976487138262024","87","5"
"19.08677487421883","88.5","5"
"16.638801590241837","90","5"
"3.3121138966989396","91.5","5"
"4.3901220245721095","93","5"
"18.298908237714233","94.5","5"
"19.708826113588902","96","5"
"6.157817931931373","97.5","5"
"4.949340883707334","99","5"
"15.334007194683203","100.5","5"
"16.579049389069556","102","5"
"8.404814402078065","103.5","5"
"8.60314271385077","105","5"
"15.341783614375698","106.5","5"
"11.519835409190918","108","5"
"6.210478240936193","109.5","5"
"11.243142137007991","111","5"
"17.43118603049163","112.5","5"
"11.302352014722759","114","5"
"3.734854642229936","115.5","5"
"13.517568018579055","117","5"
"20.105788183679348","118.5","5"
"12.065331770610255","120","5"
"2.2519169256830835","121.5","5"
"10.788777154860783","123","5"
"18.992946682466165","124.5","5"
"11.154235374792181","126","5"
"4.647345806710291","127.5","5"
"12.110363318392693","129","5"
"18.430258044083377","130.5","5"
"11.6734563205351","132","5"
"5.717577125290781","133.5","5"
"11.946568387817555","135","5"
"16.661293988121955","136.5","5"
"9.029093375305939","138","5"
"6.1875553348516545","139.5","5"
"14.360458668410834","141","5"
"16.646299056201876","142.5","5"
"8.678987740264445","144","5"
"5.831819197936617","145.5","5"
"14.686472986412989","147","5"
"19.463377997042187","148.5","5"
"6.559365596199208","150","5"
"3.577344352238949","151.5","5"
"15.139730724834441","153","5"
"20.036969207001867","154.5","5"
"11.193877193615402","156","5"
"4.052854494826565","157.5","5"
"13.073094985128867","159","5"
"18.65327142357735","160.5","5"
"10.674982732827507","162","5"
"4.590077696317538","163.5","5"
"13.36863010145851","165","5"
"18.69232338772049","166.5","5"
"11.266043615082355","168","5"
"5.734986019957088","169.5","5"
"12.444553006676779","171","5"
"17.89452973850223","172.5","5"
"10.069615731779649","174","5"
"3.6189271591838126","175.5","5"
"12.85019536888891","177","5"
"19.55115959392373","178.5","5"
"13.142596541330455","180","5"
"4.749017429387271","181.5","5"
"9.547851476029084","183","5"
"17.459329189454913","184.5","5"
"12.74112601789925","186","5"
"4.545984695380754","187.5","5"
"10.375748752341522","189","5"
"20.20571907272977","190.5","5"
"14.7410419467241","192","5"
"3.90825438616575","193.5","5"
"6.922578160664296","195","5"
"18.474988820523","196.5","5"
"18.653844915049664","198","5"
"4.3782676597432735","199.5","5"
"4.80771732045988","201","5"
"16.774876467654593","202.5","5"
"20.07944341917","204","5"
"8.918899638182383","205.5","5"
"4.6123328276849955","207","5"
"12.612894571410806","208.5","5"
"18.379865597755412","210","5"
"9.232198964547049","211.5","5"
"5.221151686371906","213","5"
"14.469632432250073","214.5","5"
"18.19154689393559","216","5"
"8.504206863672824","217.5","5"
"3.7353213832515597","219","5"
"13.565284690836478","220.5","5"
"19.950733543654383","222","5"
"8.85263176351625","223.5","5"
"1.1160709945466518","225","5"
"12.863872672983337","226.5","5"
"21.897408269598586","228","5"
"12.79491266103889","229.5","5"
"1.7345198932062171","231","5"
"7.57969653348538","232.5","5"
"20.726966718635033","234","5"
"17.175765707609788","235.5","5"
"3.051780131084037","237","5"
"6.152731311916081","238.5","5"
"17.891613970717724","240","5"
"19.63444052946822","241.5","5"
"6.800782130031596","243","5"
"4.829468309187954","244.5","5"
"13.63916067791519","246","5"
"16.21486204494161","247.5","5"
"7.256053322209102","249","5"
"8.631094968723406","250.5","5"
"17.014600578283364","252","5"
"14.27853665831161","253.5","5"
"4.632580349299174","255","5"
"7.18298146991222","256.5","5"
"19.148563905158262","258","5"
"17.74424536314234","259.5","5"
"1.2337037576024972","261","5"
"4.040241578437543","262.5","5"
"19.929123200593093","264","5"
"24.20938615460056","265.5","5"
"7.222997304913034","267","5"
"0.39143313211512754","268.5","5"
"11.210100145318584","270","5"
"21.81101053257414","271.5","5"
"12.527948484675653","273","5"
"5.098167375174972","274.5","5"
"10.713870285692575","276","5"
"14.728406433524349","277.5","5"
"11.484575813248519","279","5"
"10.125097914924387","280.5","5"
"15.076878864590343","282","5"
"12.460438564619757","283.5","5"
"3.219774951653418","285","5"
"7.1893070185157955","286.5","5"
"20.86308990647073","288","5"
"19.382832054796364","289.5","5"
"2.5799433338406454","291","5"
"2.034565216077453","292.5","5"
"17.195915829177718","294","5"
"23.4367622357337","295.5","5"
"7.929715677285804","297","5"
"1.1331677220647316","298.5","5"
"11.789968593458902","300","5"
"14.854241059674704","1.5","6"
"8.97433740690603","3","6"
"7.789130788131546","4.5","6"
"15.746317953661702","6","6"
"15.161140034200276","7.5","6"
"3.1239703181622756","9","6"
"8.106245858708052","10.5","6"
"20.507913235421345","12","6"
"17.492632213268266","13.5","6"
"1.2857940815366697","15","6"
"6.794018670820087","16.5","6"
"18.66516046282265","18","6"
"18.289881980628277","19.5","6"
"5.408458988111478","21","6"
"8.340111161754871","22.5","6"
"15.90198504517748","24","6"
"13.02432171716974","25.5","6"
"7.277704183689632","27","6"
"11.33299173167149","28.5","6"
"14.266194124450974","30","6"
"7.907971311760876","31.5","6"
"6.695817606591041","33","6"
"15.4655346587367","34.5","6"
"17.791382310324487","36","6"
"6.396615962920411","37.5","6"
"3.0447887557643054","39","6"
"14.7992513311638","40.5","6"
"19.191619400802406","42","6"
"7.240173997869085","43.5","6"
"5.96933988163589","45","6"
"14.909782462047561","46.5","6"
"16.202366787808458","48","6"
"7.151528267777221","49.5","6"
"8.347066304257398","51","6"
"16.56376147781036","52.5","6"
"14.519384375873907","54","6"
"4.905470344476181","55.5","6"
"11.289746111137067","57","6"
"19.035860363642968","58.5","6"
"10.996177696541277","60","6"
"4.267781332880787","61.5","6"
"11.011344052542754","63","6"
"20.13854420883297","64.5","6"
"12.222160649877686","66","6"
"3.0801235445424076","67.5","6"
"11.122412831681807","69","6"
"19.120023354006282","70.5","6"
"11.906332039112034","72","6"
"4.771029450239291","73.5","6"
"10.75702318138297","75","6"
"15.049863987762805","76.5","6"
"10.160828927090629","78","6"
"8.479310632651288","79.5","6"
"15.025436056163633","81","6"
"14.482941174569493","82.5","6"
"6.789307625383129","84","6"
"8.867179434423955","85.5","6"
"17.992673141903893","87","6"
"14.2912126899306","88.5","6"
"3.223510438227148","90","6"
"8.341068019809217","91.5","6"
"19.53560831293948","93","6"
"15.645372545729554","94.5","6"
"3.9212833955523454","96","6"
"7.40039629474782","97.5","6"
"18.656679645995684","99","6"
"16.311662106905416","100.5","6"
"5.719995763239228","102","6"
"7.37421749991728","103.5","6"
"16.654677018580003","105","6"
"14.658929811734598","106.5","6"
"6.952067777866921","108","6"
"10.87572890334829","109.5","6"
"15.506216710053856","111","6"
"10.16306289455139","112.5","6"
"5.344246644021378","114","6"
"13.83259405296362","115.5","6"
"18.356512962666823","117","6"
"9.54139658016409","118.5","6"
"4.0101737945603855","120","6"
"13.322752342074264","121.5","6"
"20.250096092201417","123","6"
"11.835992063312336","124.5","6"
"2.6019128882725013","126","6"
"11.344065727329781","127.5","6"
"19.950451473120445","129","6"
"11.402870420852153","130.5","6"
"4.504641102949477","132","6"
"11.060397053434707","133.5","6"
"18.55238211807184","135","6"
"11.460213334480425","136.5","6"
"3.5692687196043775","138","6"
"12.002550038399455","139.5","6"
"19.154869194552216","141","6"
"9.784041133779583","142.5","6"
"2.3504970708921293","144","6"
"11.505280725479883","145.5","6"
"21.111604955673723","147","6"
"13.860952271229019","148.5","6"
"1.6594996503841761","150","6"
"8.915729851077266","151.5","6"
"17.20621529966824","153","6"
"14.66694622514105","154.5","6"
"5.993841058069843","156","6"
"11.901475283205889","157.5","6"
"15.589915296996656","159","6"
"9.714446073533594","160.5","6"
"4.262202258231662","162","6"
"13.951266269313031","163.5","6"
"21.232628798739764","165","6"
"11.57788038235255","166.5","6"
"0.8540151961140721","168","6"
"9.931920896797683","169.5","6"
"23.090388970464456","171","6"
"15.911994653130366","172.5","6"
"2.0032246083959175","174","6"
"5.261667768010254","175.5","6"
"17.173626023393798","177","6"
"19.583694326172274","178.5","6"
"8.16528820834327","180","6"
"7.26810755193284","181.5","6"
"12.888975392102921","183","6"
"12.634150378303751","184.5","6"
"7.166864489459356","186","6"
"12.026325000088578","187.5","6"
"17.60455499601283","189","6"
"9.763085319029082","190.5","6"
"2.1920848564728797","192","6"
"11.889204435779293","193.5","6"
"22.181221095562105","195","6"
"13.439378378252083","196.5","6"
"-1.0738206076847998","198","6"
"7.476484431676931","199.5","6"
"22.753517274506866","201","6"
"20.00092183948541","202.5","6"
"2.7111776237549363","204","6"
"3.3882709928607952","205.5","6"
"16.91034980238172","207","6"
"21.52656187910871","208.5","6"
"8.559472429114704","210","6"
"4.115007022738597","211.5","6"
"11.477245096167657","213","6"
"15.183718144121093","214.5","6"
"9.587397453206794","216","6"
"10.96164821134556","217.5","6"
"15.6121162739384","219","6"
"11.19927315617758","220.5","6"
"4.43640652654949","222","6"
"9.106115773478667","223.5","6"
"20.379326473564188","225","6"
"14.685157696188448","226.5","6"
"2.5471056874482674","228","6"
"5.707247265985829","229.5","6"
"20.495891732113147","231","6"
"22.442702038921727","232.5","6"
"4.959721391036335","234","6"
"1.1517823319035512","235.5","6"
"13.546110128131774","237","6"
"21.61531747645274","238.5","6"
"13.322803769298684","240","6"
"6.504388724494408","241.5","6"
"9.91728751384928","243","6"
"14.619757850734482","244.5","6"
"11.403238982627158","246","6"
"9.409361856669728","247.5","6"
"12.945107428356229","249","6"
"10.611805946029122","250.5","6"
"4.841851361467828","252","6"
"9.511443338741321","253.5","6"
"20.676881277252843","255","6"
"16.66528661081778","256.5","6"
"2.0541141845599364","258","6"
"2.1019074132537092","259.5","6"
"17.43545760691991","261","6"
"22.78604421475171","262.5","6"
"8.223559928812572","264","6"
"1.306295427671373","265.5","6"
"11.967295896859648","267","6"
"22.706427079346916","268.5","6"
"16.523099685702825","270","6"
"3.9524214111376836","271.5","6"
"5.319379633013716","273","6"
"14.396975114550024","274.5","6"
"16.67652268015303","276","6"
"10.526294939025727","277.5","6"
"11.096839475538749","279","6"
"13.965732903382257","280.5","6"
"11.173564998370512","282","6"
"6.302836471190871","283.5","6"
"11.99844521085035","285","6"
"17.912819129586623","286.5","6"
"10.963028175200812","288","6"
"1.8404089378857647","289.5","6"
"9.702943517671809","291","6"
"21.614327891982853","292.5","6"
"18.706649765723117","294","6"
"2.8483714328989995","295.5","6"
"1.9392267392076568","297","6"
"15.371246738765743","298.5","6"
"21.883131760419637","300","6"
"3.5688148353888587","1.5","7"
"20.187368904016516","3","7"
"24.46904065229292","4.5","7"
"10.433074523561654","6","7"
"5.2212272688077945","7.5","7"
"14.756491931660252","9","7"
"17.14669530020622","10.5","7"
"11.66822399005062","12","7"
"11.133267092835762","13.5","7"
"18.114362422085904","15","7"
"13.101616835471964","16.5","7"
"7.003547208711022","18","7"
"13.29984229279583","19.5","7"
"18.381154395167375","21","7"
"11.135077954495618","22.5","7"
"4.570694697513862","24","7"
"16.432112458499144","25.5","7"
"21.638980233288585","27","7"
"9.567103179570417","28.5","7"
"5.045288110866185","30","7"
"17.488971529930055","31.5","7"
"17.719304717699714","33","7"
"5.950812444838464","34.5","7"
"7.005944029049109","36","7"
"19.61931001668376","37.5","7"
"21.14994317227795","39","7"
"5.488371440456499","40.5","7"
"5.562309373964624","42","7"
"17.731602057938886","43.5","7"
"16.82243885823876","45","7"
"5.496300193821328","46.5","7"
"10.359016203596367","48","7"
"18.49514517569389","49.5","7"
"11.920531407454353","51","7"
"5.7423073866335095","52.5","7"
"14.794239514384026","54","7"
"19.05510193757949","55.5","7"
"9.15526149921465","57","7"
"3.7477691091621432","58.5","7"
"15.840549771206021","60","7"
"21.058359077590858","61.5","7"
"9.123871412309619","63","7"
"4.026344929438964","64.5","7"
"14.635497698208273","66","7"
"17.766620880966958","67.5","7"
"7.3656462958473945","69","7"
"7.128614322496937","70.5","7"
"17.34321586712055","72","7"
"16.53764112300757","73.5","7"
"6.613463919486843","75","7"
"8.07484564219821","76.5","7"
"17.199490800475232","78","7"
"14.460009307680702","79.5","7"
"5.736452475053408","81","7"
"10.421228340336704","82.5","7"
"19.712460304114533","84","7"
"14.828658353127206","85.5","7"
"7.543369433036096","87","7"
"9.071394604991932","88.5","7"
"17.15684983942792","90","7"
"12.716401210959111","91.5","7"
"5.823427599552014","93","7"
"12.45880302304315","94.5","7"
"17.46263455742441","96","7"
"12.258124642954556","97.5","7"
"5.89726891221426","99","7"
"11.834046399988472","100.5","7"
"16.36578692300563","102","7"
"10.198542224998125","103.5","7"
"4.563457094877214","105","7"
"15.139207102185809","106.5","7"
"21.415036488552843","108","7"
"10.436787413324655","109.5","7"
"3.7766564044787665","111","7"
"10.112734342653763","112.5","7"
"19.86062837126953","114","7"
"14.735271188783956","115.5","7"
"4.2844055727745145","117","7"
"9.062440813540382","118.5","7"
"18.227304398914413","120","7"
"15.211453002090503","121.5","7"
"6.460791294992937","123","7"
"9.667298217546266","124.5","7"
"15.027951314957958","126","7"
"12.95926705747968","127.5","7"
"6.825058896758991","129","7"
"13.036474905340466","130.5","7"
"18.867482955691923","132","7"
"11.7952679351752","133.5","7"
"1.9483803955541092","135","7"
"9.137005613746163","136.5","7"
"20.187250465560275","138","7"
"16.372823102346636","139.5","7"
"1.5074052899648485","141","7"
"7.045965318452514","142.5","7"
"20.074063819815592","144","7"
"20.98938426083938","145.5","7"
"8.753148135478202","147","7"
"3.486803606847271","148.5","7"
"12.72837128704289","150","7"
"20.450194747214738","151.5","7"
"13.335353570457736","153","7"
"6.3336628066282135","154.5","7"
"10.10693942950215","156","7"
"17.151295699190637","157.5","7"
"14.0507234045385","159","7"
"6.400813515313545","160.5","7"
"10.417805313111339","162","7"
"18.419654685448556","163.5","7"
"16.446078845930835","165","7"
"4.7796544191347055","166.5","7"
"6.995283009586912","168","7"
"17.026611172786385","169.5","7"
"18.31350266064414","171","7"
"8.831460110263263","172.5","7"
"3.9219768838816362","174","7"
"13.55387252221761","175.5","7"
"19.844662555688444","177","7"
"12.817538302182276","178.5","7"
"4.3045880311578","180","7"
"10.57461860837137","181.5","7"
"20.200739982365537","183","7"
"15.545039589288217","184.5","7"
"5.671900399601992","186","7"
"7.41456215747423","187.5","7"
"16.918492446248113","189","7"
"19.202775991699916","190.5","7"
"7.484655126756642","192","7"
"3.8779014149531763","193.5","7"
"15.113175576225197","195","7"
"20.65543456626925","196.5","7"
"13.00481677350816","198","7"
"3.491464393860364","199.5","7"
"10.063351740005304","201","7"
"18.867325557217185","202.5","7"
"16.12471012053456","204","7"
"5.734266818015588","205.5","7"
"7.965064881270751","207","7"
"17.154275361405475","208.5","7"
"20.23112567999365","210","7"
"9.290088876835055","211.5","7"
"2.5150756822393836","213","7"
"11.321613847868901","214.5","7"
"21.41293732275609","216","7"
"18.435992958806498","217.5","7"
"4.391554584452336","219","7"
"3.3746478431920828","220.5","7"
"17.64031561779313","222","7"
"24.00001969038658","223.5","7"
"11.450941629277919","225","7"
"-0.25633600506663656","226.5","7"
"7.935425657597087","228","7"
"21.086146921185424","229.5","7"
"21.56835818695495","231","7"
"7.26887428509691","232.5","7"
"2.1632591179854854","234","7"
"13.902828057513","235.5","7"
"22.92201779611637","237","7"
"15.30573157165702","238.5","7"
"1.6586534387823675","240","7"
"6.915054981092046","241.5","7"
"18.457866671592846","243","7"
"21.897162042281668","244.5","7"
"10.957028332351891","246","7"
"3.5549922104254286","247.5","7"
"12.134508400257559","249","7"
"22.654147409722835","250.5","7"
"17.59011329635544","252","7"
"5.721275599846936","253.5","7"
"5.259532369396297","255","7"
"15.359624186046979","256.5","7"
"22.51095375772985","258","7"
"12.90991016844343","259.5","7"
"3.1696396414475494","261","7"
"11.180118852682496","262.5","7"
"20.212661748026377","264","7"
"17.688445266246646","265.5","7"
"6.692527043428575","267","7"
"7.828774165355505","268.5","7"
"18.10939579892759","270","7"
"20.212636813614537","271.5","7"
"9.009760634926128","273","7"
"2.0866387872036714","274.5","7"
"14.601727154172924","276","7"
"22.816599778060482","277.5","7"
"14.301527744428522","279","7"
"1.027934666696669","280.5","7"
"9.314280710722121","282","7"
"21.86854668789417","283.5","7"
"19.929082682173853","285","7"
"3.408511112071459","286.5","7"
"4.334827239116355","288","7"
"17.686339866846932","289.5","7"
"20.317314591318937","291","7"
"7.846497077770918","292.5","7"
"6.075271392735602","294","7"
"17.396734465332912","295.5","7"
"21.184687716775784","297","7"
"8.801510764842345","298.5","7"
"4.114588981740098","300","7"
"17.5452220046396","1.5","8"
"10.86084617628149","3","8"
"4.626531416826945","4.5","8"
"12.794407739199137","6","8"
"19.26896438792831","7.5","8"
"10.519585244639746","9","8"
"5.3051253310453115","10.5","8"
"13.505255094332481","12","8"
"16.745045560689913","13.5","8"
"10.532921258972118","15","8"
"6.61068996616968","16.5","8"
"15.214145918569185","18","8"
"15.133459720256766","19.5","8"
"7.9062866805609575","21","8"
"7.358881278235145","22.5","8"
"17.805102470439262","24","8"
"16.45624429395772","25.5","8"
"4.786335283106996","27","8"
"5.5474749573207625","28.5","8"
"16.56980339747926","30","8"
"16.054765978522813","31.5","8"
"7.174452342662314","33","8"
"8.384174942677781","34.5","8"
"15.212096621596114","36","8"
"13.285883697367838","37.5","8"
"6.5024321523653645","39","8"
"11.698013599395692","40.5","8"
"16.927799215467267","42","8"
"10.04865757942804","43.5","8"
"4.803085753460662","45","8"
"13.488424366340706","46.5","8"
"19.050322322509977","48","8"
"9.76850543680273","49.5","8"
"4.206232295655311","51","8"
"13.542454119995783","52.5","8"
"19.709106625722097","54","8"
"11.42187433867583","55.5","8"
"3.672913667218355","57","8"
"12.895205099060988","58.5","8"
"18.645635259951455","60","8"
"10.919939173940758","61.5","8"
"5.21038937086161","63","8"
"11.84463339541552","64.5","8"
"14.740646112936144","66","8"
"9.259327604628606","67.5","8"
"8.06600093879846","69","8"
"15.44173008743352","70.5","8"
"13.828666883098872","72","8"
"5.91105257715919","73.5","8"
"8.025180969015816","75","8"
"18.434769614225615","76.5","8"
"14.488499990009","78","8"
"3.4207227402699356","79.5","8"
"7.175462965542191","81","8"
"19.767535744666134","82.5","8"
"19.06041764250356","84","8"
"5.720435232247902","85.5","8"
"4.434232557517219","87","8"
"14.779663792263003","88.5","8"
"17.24738824721849","90","8"
"8.37603307801176","91.5","8"
"9.586124239802231","93","8"
"14.298520031000363","94.5","8"
"9.800863290567287","96","8"
"5.6083963486482125","97.5","8"
"13.73094113109552","99","8"
"18.73195975214112","100.5","8"
"9.59448116377037","102","8"
"2.026710486747773","103.5","8"
"13.716480730629254","105","8"
"22.35868242142649","106.5","8"
"10.757260058295445","108","8"
"1.0940802069047135","109.5","8"
"10.013796934075078","111","8"
"19.11205213422129","112.5","8"
"14.188624727618514","114","8"
"6.637555236526181","115.5","8"
"10.251305778051968","117","8"
"15.261056897644039","118.5","8"
"10.629286527129468","120","8"
"7.961718994882016","121.5","8"
"14.580749521812065","123","8"
"13.314162437195499","124.5","8"
"4.888517282026318","126","8"
"7.945309035090036","127.5","8"
"19.917176500520412","129","8"
"17.199962995899444","130.5","8"
"2.548244488789007","132","8"
"3.5603024609469074","133.5","8"
"18.398030316780606","135","8"
"21.216212605344822","136.5","8"
"7.250266980261559","138","8"
"3.2986715215160647","139.5","8"
"12.669028945265225","141","8"
"17.229926366927025","142.5","8"
"10.252422372182163","144","8"
"8.706747532645693","145.5","8"
"13.355019029395532","147","8"
"10.948585696343054","148.5","8"
"5.980348814063288","150","8"
"12.586999405514943","151.5","8"
"21.078057262944192","153","8"
"10.979124117243686","154.5","8"
"0.6135706173431994","156","8"
"9.160196175157793","157.5","8"
"22.374914723534115","159","8"
"18.028645706184832","160.5","8"
"3.149246604164275","162","8"
"5.806239608190599","163.5","8"
"16.38283271029952","165","8"
"16.57199450891967","166.5","8"
"8.656358203119208","168","8"
"10.233101319807902","169.5","8"
"12.69547500582267","171","8"
"8.834520030116213","172.5","8"
"7.454454878816586","174","8"
"16.12805133172107","175.5","8"
"16.25506099202937","177","8"
"4.1900857055883876","178.5","8"
"2.821684599427227","180","8"
"16.97541615007733","181.5","8"
"23.64440510872926","183","8"
"9.688272733105645","184.5","8"
"-1.658659477585235","186","8"
"9.570496597181721","187.5","8"
"23.012922428080834","189","8"
"18.04677925719523","190.5","8"
"2.285378906371916","192","8"
"6.00111294552277","193.5","8"
"15.251633248369384","195","8"
"16.337293123875853","196.5","8"
"10.333107012093842","198","8"
"10.624924563458267","199.5","8"
"11.11022146269295","201","8"
"6.96859228011329","202.5","8"
"7.797649006576272","204","8"
"17.20109283643593","205.5","8"
"17.916941099543866","207","8"
"6.058571570405986","208.5","8"
"0.43552416070097577","210","8"
"14.013836059023193","211.5","8"
"24.860872467147356","213","8"
"13.5904668883938","214.5","8"
"-1.259687265340308","216","8"
"7.249367003834221","217.5","8"
"21.520080490431138","219","8"
"20.343774677483044","220.5","8"
"6.0347880375127945","222","8"
"3.634906221171189","223.5","8"
"12.711542117451856","225","8"
"18.189909014757873","226.5","8"
"12.39661893751613","228","8"
"9.516417753903335","229.5","8"
"11.379851283521921","231","8"
"10.046922300204074","232.5","8"
"6.970004191183711","234","8"
"13.919094644436901","235.5","8"
"18.88278800935926","237","8"
"9.374904837108419","238.5","8"
"-0.0016442427108178123","240","8"
"8.733464754931896","241.5","8"
"24.507498865754126","243","8"
"20.230753222216794","244.5","8"
"-2.0674188360774157","246","8"
"1.066810628956235","247.5","8"
"19.296474836191162","249","8"
"29.5236215067716","250.5","8"
"10.925095921989348","252","8"
"-2.7139509926718217","253.5","8"
"5.376982799565565","255","8"
"21.333315512149078","256.5","8"
"20.51552290623466","258","8"
"9.135420720193604","259.5","8"
"4.472546618909976","261","8"
"9.422297362011925","262.5","8"
"12.105663181760915","264","8"
"12.109564638013454","265.5","8"
"15.67407828735997","267","8"
"13.691948386180503","268.5","8"
"3.9165684541135386","270","8"
"4.365153327916164","271.5","8"
"17.38345377422681","273","8"
"22.658535866206616","274.5","8"
"6.350311591333596","276","8"
"-0.8741347340674802","277.5","8"
"10.114094826499764","279","8"
"25.263800095270444","280.5","8"
"19.675699189059166","282","8"
"-2.8496152314895955","283.5","8"
"0.3008475827021751","285","8"
"19.363532820032464","286.5","8"
"27.387970431895308","288","8"
"10.054561580631452","289.5","8"
"-1.110706784399551","291","8"
"7.259837119205772","292.5","8"
"19.969205267625355","294","8"
"20.473701663976584","295.5","8"
"7.942831957113839","297","8"
"6.3708750786978054","298.5","8"
"10.1636675540385","300","8"
"14.854241059674704","1.5","9"
"8.97433740690603","3","9"
"7.789130788131546","4.5","9"
"15.746317953661702","6","9"
"15.161140034200276","7.5","9"
"3.1239703181622756","9","9"
"8.106245858708052","10.5","9"
"20.507913235421345","12","9"
"17.492632213268266","13.5","9"
"1.2857940815366697","15","9"
"6.794018670820087","16.5","9"
"18.66516046282265","18","9"
"18.289881980628277","19.5","9"
"5.408458988111478","21","9"
"8.340111161754871","22.5","9"
"15.90198504517748","24","9"
"13.02432171716974","25.5","9"
"7.277704183689632","27","9"
"11.33299173167149","28.5","9"
"14.266194124450974","30","9"
"7.907971311760876","31.5","9"
"6.695817606591041","33","9"
"15.4655346587367","34.5","9"
"17.791382310324487","36","9"
"6.396615962920411","37.5","9"
"3.0447887557643054","39","9"
"14.7992513311638","40.5","9"
"19.191619400802406","42","9"
"7.240173997869085","43.5","9"
"5.96933988163589","45","9"
"14.909782462047561","46.5","9"
"16.202366787808458","48","9"
"7.151528267777221","49.5","9"
"8.347066304257398","51","9"
"16.56376147781036","52.5","9"
"14.519384375873907","54","9"
"4.905470344476181","55.5","9"
"11.289746111137067","57","9"
"19.035860363642968","58.5","9"
"10.996177696541277","60","9"
"4.267781332880787","61.5","9"
"11.011344052542754","63","9"
"20.13854420883297","64.5","9"
"12.222160649877686","66","9"
"3.0801235445424076","67.5","9"
"11.122412831681807","69","9"
"19.120023354006282","70.5","9"
"11.906332039112034","72","9"
"4.771029450239291","73.5","9"
"10.75702318138297","75","9"
"15.049863987762805","76.5","9"
"10.160828927090629","78","9"
"8.479310632651288","79.5","9"
"15.025436056163633","81","9"
"14.482941174569493","82.5","9"
"6.789307625383129","84","9"
"8.867179434423955","85.5","9"
"17.992673141903893","87","9"
"14.2912126899306","88.5","9"
"3.223510438227148","90","9"
"8.341068019809217","91.5","9"
"19.53560831293948","93","9"
"15.645372545729554","94.5","9"
"3.9212833955523454","96","9"
"7.40039629474782","97.5","9"
"18.656679645995684","99","9"
"16.311662106905416","100.5","9"
"5.719995763239228","102","9"
"7.37421749991728","103.5","9"
"16.654677018580003","105","9"
"14.658929811734598","106.5","9"
"6.952067777866921","108","9"
"10.87572890334829","109.5","9"
"15.506216710053856","111","9"
"10.16306289455139","112.5","9"
"5.344246644021378","114","9"
"13.83259405296362","115.5","9"
"18.356512962666823","117","9"
"9.54139658016409","118.5","9"
"4.0101737945603855","120","9"
"13.322752342074264","121.5","9"
"20.250096092201417","123","9"
"11.835992063312336","124.5","9"
"2.6019128882725013","126","9"
"11.344065727329781","127.5","9"
"19.950451473120445","129","9"
"11.402870420852153","130.5","9"
"4.504641102949477","132","9"
"11.060397053434707","133.5","9"
"18.55238211807184","135","9"
"11.460213334480425","136.5","9"
"3.5692687196043775","138","9"
"12.002550038399455","139.5","9"
"19.154869194552216","141","9"
"9.784041133779583","142.5","9"
"2.3504970708921293","144","9"
"11.505280725479883","145.5","9"
"21.111604955673723","147","9"
"13.860952271229019","148.5","9"
"1.6594996503841761","150","9"
"8.915729851077266","151.5","9"
"17.20621529966824","153","9"
"14.66694622514105","154.5","9"
"5.993841058069843","156","9"
"11.901475283205889","157.5","9"
"15.589915296996656","159","9"
"9.714446073533594","160.5","9"
"4.262202258231662","162","9"
"13.951266269313031","163.5","9"
"21.232628798739764","165","9"
"11.57788038235255","166.5","9"
"0.8540151961140721","168","9"
"9.931920896797683","169.5","9"
"23.090388970464456","171","9"
"15.911994653130366","172.5","9"
"2.0032246083959175","174","9"
"5.261667768010254","175.5","9"
"17.173626023393798","177","9"
"19.583694326172274","178.5","9"
"8.16528820834327","180","9"
"7.26810755193284","181.5","9"
"12.888975392102921","183","9"
"12.634150378303751","184.5","9"
"7.166864489459356","186","9"
"12.026325000088578","187.5","9"
"17.60455499601283","189","9"
"9.763085319029082","190.5","9"
"2.1920848564728797","192","9"
"11.889204435779293","193.5","9"
"22.181221095562105","195","9"
"13.439378378252083","196.5","9"
"-1.0738206076847998","198","9"
"7.476484431676931","199.5","9"
"22.753517274506866","201","9"
"20.00092183948541","202.5","9"
"2.7111776237549363","204","9"
"3.3882709928607952","205.5","9"
"16.91034980238172","207","9"
"21.52656187910871","208.5","9"
"8.559472429114704","210","9"
"4.115007022738597","211.5","9"
"11.477245096167657","213","9"
"15.183718144121093","214.5","9"
"9.587397453206794","216","9"
"10.96164821134556","217.5","9"
"15.6121162739384","219","9"
"11.19927315617758","220.5","9"
"4.43640652654949","222","9"
"9.106115773478667","223.5","9"
"20.379326473564188","225","9"
"14.685157696188448","226.5","9"
"2.5471056874482674","228","9"
"5.707247265985829","229.5","9"
"20.495891732113147","231","9"
"22.442702038921727","232.5","9"
"4.959721391036335","234","9"
"1.1517823319035512","235.5","9"
"13.546110128131774","237","9"
"21.61531747645274","238.5","9"
"13.322803769298684","240","9"
"6.504388724494408","241.5","9"
"9.91728751384928","243","9"
"14.619757850734482","244.5","9"
"11.403238982627158","246","9"
"9.409361856669728","247.5","9"
"12.945107428356229","249","9"
"10.611805946029122","250.5","9"
"4.841851361467828","252","9"
"9.511443338741321","253.5","9"
"20.676881277252843","255","9"
"16.66528661081778","256.5","9"
"2.0541141845599364","258","9"
"2.1019074132537092","259.5","9"
"17.43545760691991","261","9"
"22.78604421475171","262.5","9"
"8.223559928812572","264","9"
"1.306295427671373","265.5","9"
"11.967295896859648","267","9"
"22.706427079346916","268.5","9"
"16.523099685702825","270","9"
"3.9524214111376836","271.5","9"
"5.319379633013716","273","9"
"14.396975114550024","274.5","9"
"16.67652268015303","276","9"
"10.526294939025727","277.5","9"
"11.096839475538749","279","9"
"13.965732903382257","280.5","9"
"11.173564998370512","282","9"
"6.302836471190871","283.5","9"
"11.99844521085035","285","9"
"17.912819129586623","286.5","9"
"10.963028175200812","288","9"
"1.8404089378857647","289.5","9"
"9.702943517671809","291","9"
"21.614327891982853","292.5","9"
"18.706649765723117","294","9"
"2.8483714328989995","295.5","9"
"1.9392267392076568","297","9"
"15.371246738765743","298.5","9"
"21.883131760419637","300","9"
"10.282726253771427","1.5","10"
"6.5238784737487725","3","10"
"13.604827551212708","4.5","10"
"14.541476264763851","6","10"
"9.391845432352362","7.5","10"
"11.058926702336537","9","10"
"15.487766803693244","10.5","10"
"9.290628083491088","12","10"
"5.592679487585338","13.5","10"
"13.2304248902342","15","10"
"19.19583643320479","16.5","10"
"9.832401425542615","18","10"
"3.1344012787152336","19.5","10"
"11.978104964392143","21","10"
"21.57818546202126","22.5","10"
"12.480876211124214","24","10"
"3.025352381735286","25.5","10"
"10.748842356698448","27","10"
"17.969278429995327","28.5","10"
"12.827595441357731","30","10"
"5.763059440487257","31.5","10"
"11.997173555846528","33","10"
"15.327528922807108","34.5","10"
"8.973817680259248","36","10"
"8.251530105293716","37.5","10"
"17.76673464422098","39","10"
"15.846668052511179","40.5","10"
"4.587595163938751","42","10"
"5.787590226535269","43.5","10"
"16.704547400660076","45","10"
"18.321349208369934","46.5","10"
"6.010234265053868","48","10"
"5.59545655770398","49.5","10"
"15.767928296722994","51","10"
"16.86352921054979","52.5","10"
"8.629790587304043","54","10"
"6.94466459515165","55.5","10"
"15.257036223734891","57","10"
"13.156196704588254","58.5","10"
"4.871304745853249","60","10"
"10.309076472683364","61.5","10"
"17.1780269470835","63","10"
"11.48914971942036","64.5","10"
"4.5657522295670185","66","10"
"12.259853688575562","67.5","10"
"18.378763808432247","69","10"
"10.362093265857455","70.5","10"
"3.07321749166319","72","10"
"13.136696436128895","73.5","10"
"19.05225941462977","75","10"
"10.989561506199696","76.5","10"
"3.862024428214269","78","10"
"11.68102157692733","79.5","10"
"18.716662490477482","81","10"
"11.739159274932991","82.5","10"
"5.385467122794196","84","10"
"10.983888927506172","85.5","10"
"16.33445371772761","87","10"
"9.586577734417565","88.5","10"
"5.461271630788631","90","10"
"13.396930658896531","91.5","10"
"16.311711975729093","93","10"
"6.573191727564303","94.5","10"
"4.981289267677461","96","10"
"15.323964860314776","97.5","10"
"17.969365700436764","99","10"
"6.506428671063041","100.5","10"
"5.040162920432579","102","10"
"14.545948874887591","103.5","10"
"17.71720866870444","105","10"
"8.153982790175093","106.5","10"
"5.633774515098588","108","10"
"14.042164667674534","109.5","10"
"17.32124241668684","111","10"
"8.73240893843056","112.5","10"
"5.456061117914511","114","10"
"13.889380617527719","115.5","10"
"17.597161942902368","117","10"
"8.780702998162143","118.5","10"
"5.436696040719346","120","10"
"13.938836465010958","121.5","10"
"16.180095682833418","123","10"
"8.787229580461176","124.5","10"
"6.60105203679328","126","10"
"14.80224657738604","127.5","10"
"16.650837119156694","129","10"
"6.630977227002729","130.5","10"
"5.56665692242898","132","10"
"16.24641654312471","133.5","10"
"18.94756137771575","135","10"
"8.45818962742235","136.5","10"
"4.880814886368971","138","10"
"13.445611981212","139.5","10"
"19.866050047443917","141","10"
"11.381489162699639","142.5","10"
"3.5886973016296975","144","10"
"11.655473155196113","145.5","10"
"18.90517131918758","147","10"
"11.29852068650352","148.5","10"
"5.8220655573052715","150","10"
"11.957118760827214","151.5","10"
"16.904638263669696","153","10"
"11.15273619328032","154.5","10"
"3.669709595296958","156","10"
"11.664335780204373","157.5","10"
"19.566473997995505","159","10"
"11.600608098744406","160.5","10"
"2.6818191070145616","162","10"
"8.835739478695247","163.5","10"
"20.22654709861959","165","10"
"15.60753925096508","166.5","10"
"2.8061103320320604","168","10"
"6.456248556835898","169.5","10"
"18.607342236968684","171","10"
"18.293485003139107","172.5","10"
"6.52188527920234","174","10"
"5.4732985884994205","175.5","10"
"15.788843593054253","177","10"
"16.462376600869536","178.5","10"
"7.123554974494596","180","10"
"6.97533080491296","181.5","10"
"15.807181294561587","183","10"
"15.756377430438269","184.5","10"
"7.14787771404382","186","10"
"6.513850164987007","187.5","10"
"15.041068373986363","189","10"
"16.2036509100182","190.5","10"
"6.94763490696205","192","10"
"4.845602821649143","193.5","10"
"16.060823482199112","195","10"
"19.712938733141705","196.5","10"
"7.308318187026152","198","10"
"1.7470028779335425","199.5","10"
"13.841059285783187","201","10"
"21.07460852210662","202.5","10"
"12.133601411026891","204","10"
"1.589126461168707","205.5","10"
"10.114139240920855","207","10"
"18.778350225368815","208.5","10"
"14.355908138250095","210","10"
"5.92230189290073","211.5","10"
"10.571970106313776","213","10"
"16.82519099394556","214.5","10"
"12.680345272238583","216","10"
"5.7603197719863735","217.5","10"
"10.003657978860772","219","10"
"18.126818719200557","220.5","10"
"12.163064535416938","222","10"
"4.470268237028127","223.5","10"
"9.377797228881821","225","10"
"20.35811040589011","226.5","10"
"17.630067574527025","228","10"
"3.748841678471434","229.5","10"
"3.071561106476685","231","10"
"16.091852799332838","232.5","10"
"21.044255550894047","234","10"
"10.606516733917633","235.5","10"
"3.745089049489564","237","10"
"12.7247464469217","238.5","10"
"19.223085070143323","240","10"
"12.504156380578392","241.5","10"
"6.140414881267841","243","10"
"11.419386351894453","244.5","10"
"15.754426312711814","246","10"
"10.215559961078696","247.5","10"
"5.775775600925302","249","10"
"14.75666179734091","250.5","10"
"19.7821597772101","252","10"
"8.98332002877127","253.5","10"
"1.0996524635506015","255","10"
"10.336018104676125","256.5","10"
"21.59537773898471","258","10"
"13.903686736320727","259.5","10"
"1.9116638897199234","261","10"
"6.577366683146707","262.5","10"
"20.211402560228475","264","10"
"21.319129390213046","265.5","10"
"6.351949860111499","267","10"
"1.6095861200836157","268.5","10"
"12.412254372140342","270","10"
"19.388163343727832","271.5","10"
"12.95171582669411","273","10"
"7.4233725760577025","274.5","10"
"14.250508821003086","276","10"
"15.765475373958266","277.5","10"
"7.5927185300686455","279","10"
"5.785779364875412","280.5","10"
"14.54676080167312","282","10"
"17.239360925006856","283.5","10"
"7.083395766625703","285","10"
"3.0903398353934333","286.5","10"
"15.117442477451261","288","10"
"22.46106311644016","289.5","10"
"12.596709800525753","291","10"
"0.20635017958174784","292.5","10"
"7.667134503003759","294","10"
"19.663880277847163","295.5","10"
"18.467611351419936","297","10"
"4.193611976862775","298.5","10"
"5.828855119729176","300","10"
"11.460969158839315","1.5","11"
"11.819428601047468","3","11"
"12.253557749586045","4.5","11"
"11.81253657377491","6","11"
"10.695445313743802","7.5","11"
"11.631185479663538","9","11"
"12.074871520740038","10.5","11"
"11.964680900417964","12","11"
"10.541201042103628","13.5","11"
"11.13269671816493","15","11"
"11.514034262436345","16.5","11"
"12.256504685385346","18","11"
"11.966433322050069","19.5","11"
"12.298786435062091","21","11"
"12.88079378821803","22.5","11"
"12.3220502413085","24","11"
"11.16478263100036","25.5","11"
"10.23918453709641","27","11"
"11.246846455566923","28.5","11"
"12.130445649528435","30","11"
"11.464057129905584","31.5","11"
"11.735328725914123","33","11"
"12.746038097031663","34.5","11"
"11.992743801743137","36","11"
"11.131493632793665","37.5","11"
"10.354066722846193","39","11"
"10.33042656282108","40.5","11"
"11.393156129839493","42","11"
"11.573724906779397","43.5","11"
"10.666430229566501","45","11"
"10.905054888473217","46.5","11"
"11.918289647989894","48","11"
"12.467242542250506","49.5","11"
"11.688101391489056","51","11"
"11.263596925920588","52.5","11"
"11.5144145122169","54","11"
"11.169866134214173","55.5","11"
"10.07413898992744","57","11"
"11.324904411031367","58.5","11"
"10.305560720613972","60","11"
"12.753543354995404","61.5","11"
"12.689870996761705","63","11"
"11.544823585856113","64.5","11"
"11.307948231780024","66","11"
"11.690138221256207","67.5","11"
"11.247342806202605","69","11"
"9.601746428020153","70.5","11"
"11.250896739090127","72","11"
"11.714555244050201","73.5","11"
"11.69519990685966","75","11"
"12.649769449720193","76.5","11"
"11.901256327901923","78","11"
"9.491892422257914","79.5","11"
"11.640626271346331","81","11"
"12.298315798038617","82.5","11"
"12.148494267698503","84","11"
"11.190705068909173","85.5","11"
"11.118082036025406","87","11"
"12.285901577743942","88.5","11"
"10.184942840940696","90","11"
"11.16854071438482","91.5","11"
"11.623109847028966","93","11"
"10.740813476086075","94.5","11"
"12.14947372256358","96","11"
"11.701249618532259","97.5","11"
"9.683318577153251","99","11"
"12.418854199274154","100.5","11"
"12.673029359964751","102","11"
"11.948997155370813","103.5","11"
"10.770303872489071","105","11"
"11.118746693941006","106.5","11"
"12.114380096299989","108","11"
"11.486205121222168","109.5","11"
"11.476714460715694","111","11"
"11.84757721441334","112.5","11"
"11.65329684856273","114","11"
"11.356303069140466","115.5","11"
"11.130034969701045","117","11"
"10.485281727551326","118.5","11"
"11.756851798533974","120","11"
"10.935877717508895","121.5","11"
"11.541156668914942","123","11"
"10.403301277424353","124.5","11"
"10.717043968799544","126","11"
"11.88796940319286","127.5","11"
"10.805373343541191","129","11"
"9.592633679693124","130.5","11"
"9.896322348694339","132","11"
"11.149366151680116","133.5","11"
"12.118520767066114","135","11"
"12.609839326760078","136.5","11"
"11.104505248778707","138","11"
"12.269877322135107","139.5","11"
"10.280495403112146","141","11"
"9.954855880487957","142.5","11"
"9.56380014920203","144","11"
"12.089125433108258","145.5","11"
"11.657741407473152","147","11"
"12.583240542930113","148.5","11"
"11.447382241987807","150","11"
"10.087040989653726","151.5","11"
"11.251995411611812","153","11"
"11.11476575925073","154.5","11"
"11.121282991145323","156","11"
"9.821512100372011","157.5","11"
"11.04672676214361","159","11"
"11.287586167711456","160.5","11"
"12.229709543062146","162","11"
"11.922773166918814","163.5","11"
"12.824285398186017","165","11"
"11.277105922735096","166.5","11"
"11.182253861696266","168","11"
"8.517139252213541","169.5","11"
"10.520341848199006","171","11"
"12.19945007589397","172.5","11"
"12.51694383785029","174","11"
"12.532172529881366","175.5","11"
"12.03143733371608","177","11"
"10.252883658801197","178.5","11"
"9.196076793795074","180","11"
"9.973100077950892","181.5","11"
"10.148623532495112","183","11"
"12.260611850535561","184.5","11"
"12.796551319416977","186","11"
"11.979382852998926","187.5","11"
"11.293029661496204","189","11"
"11.54502773635305","190.5","11"
"11.862168520541765","192","11"
"10.54257477235592","193.5","11"
"9.141719775984601","195","11"
"10.506080143827088","196.5","11"
"11.295647774739368","198","11"
"11.039910317306942","199.5","11"
"11.017057149655518","201","11"
"11.16403927384739","202.5","11"
"11.543781015761066","204","11"
"11.549285287174673","205.5","11"
"10.392669088375845","207","11"
"10.592988257093873","208.5","11"
"12.1928673911683","210","11"
"12.105891487469323","211.5","11"
"10.533284366344533","213","11"
"9.824791754729297","214.5","11"
"11.554496579249163","216","11"
"13.618254731988369","217.5","11"
"10.838498709670187","219","11"
"9.985802602382462","220.5","11"
"9.5436422356304","222","11"
"12.627443800719252","223.5","11"
"11.379313635266628","225","11"
"10.733936253620547","226.5","11"
"10.532255821856147","228","11"
"11.523200775588903","229.5","11"
"12.94575416466332","231","11"
"11.516400693960003","232.5","11"
"11.077573746390758","234","11"
"11.744799127210976","235.5","11"
"14.024031116664137","237","11"
"12.704957874325444","238.5","11"
"11.29993181837357","240","11"
"9.454576516539113","241.5","11"
"12.564296623534927","243","11"
"13.28568266367238","244.5","11"
"12.409629246093846","246","11"
"11.475305666446754","247.5","11"
"12.092239896987106","249","11"
"13.250356835698533","250.5","11"
"11.954859858954615","252","11"
"12.287407772059133","253.5","11"
"11.235424936543614","255","11"
"12.890876641005695","256.5","11"
"13.51275100189178","258","11"
"12.906488699618807","259.5","11"
"11.697910744946855","261","11"
"11.952850301200412","262.5","11"
"11.871167505614775","264","11"
"12.270008227797266","265.5","11"
"12.345619494099944","267","11"
"12.125766551306647","268.5","11"
"12.473467574006353","270","11"
"12.769001911135627","271.5","11"
"13.046066861895037","273","11"
"12.232659595662925","274.5","11"
"11.86921093348573","276","11"
"10.796234881601954","277.5","11"
"11.326070094784871","279","11"
"11.743599158641192","280.5","11"
"12.5879819771815","282","11"
"12.453520823734989","283.5","11"
"13.101856829185921","285","11"
"12.448111614766521","286.5","11"
"11.066820781284902","288","11"
"11.766693099206943","289.5","11"
"10.778855596549706","291","11"
"11.463567012872861","292.5","11"
"11.073431517223893","294","11"
"12.679449971013465","295.5","11"
"11.709666540928886","297","11"
"11.45241509717757","298.5","11"
"11.603350104846399","300","11"
"7.260323340236645","1.5","12"
"14.029535388077743","3","12"
"18.490711525588647","4.5","12"
"8.2901472756304","6","12"
"3.5338470499850216","7.5","12"
"16.422872700511807","9","12"
"21.02751209334371","10.5","12"
"8.873101357235877","12","12"
"4.272741722436141","13.5","12"
"15.14055979402811","15","12"
"19.415692492799565","16.5","12"
"11.087269336594538","18","12"
"6.246598853287429","19.5","12"
"13.145831781266653","21","12"
"15.02416595956055","22.5","12"
"10.254043888152111","24","12"
"10.5186439705928","25.5","12"
"15.315259633781253","27","12"
"8.986153980516923","28.5","12"
"6.156222519173819","30","12"
"15.483446916842022","31.5","12"
"20.6562044162348","33","12"
"8.098979815257898","34.5","12"
"1.540779805412149","36","12"
"13.329631122940532","37.5","12"
"21.557383928944017","39","12"
"13.89609576631629","40.5","12"
"2.9228700010733326","42","12"
"11.359077801658","43.5","12"
"16.51741619820412","45","12"
"10.560577417704158","46.5","12"
"8.042333506760396","48","12"
"14.158175135560061","49.5","12"
"13.774498431777937","51","12"
"5.318157457233387","52.5","12"
"9.776487565392904","54","12"
"18.160106159006514","55.5","12"
"12.141666134856283","57","12"
"5.7097134351568455","58.5","12"
"10.17640358408598","60","12"
"20.037380624797223","61.5","12"
"12.310870274399889","63","12"
"4.346632124721697","64.5","12"
"11.748628117829105","66","12"
"20.681528428259462","67.5","12"
"12.270282506327503","69","12"
"2.9692624223019566","70.5","12"
"9.745596166724667","72","12"
"18.298849018486116","73.5","12"
"13.864323092029595","75","12"
"3.8926419379524537","76.5","12"
"10.25630590682619","78","12"
"17.511306529335435","79.5","12"
"11.421373312837925","81","12"
"7.778689503173686","82.5","12"
"13.49186063997236","84","12"
"17.611669095390834","85.5","12"
"8.2692537969095","87","12"
"4.374522433164919","88.5","12"
"13.805923582699617","90","12"
"19.648611067396846","91.5","12"
"11.625551081788142","93","12"
"4.800824513986952","94.5","12"
"10.684061196338256","96","12"
"18.75332542628623","97.5","12"
"12.97640946561945","99","12"
"4.061819974283664","100.5","12"
"9.670333982187744","102","12"
"17.314891933671426","103.5","12"
"13.592497484557994","105","12"
"8.804407052617595","106.5","12"
"12.377762288562383","108","12"
"16.380077457791238","109.5","12"
"9.972654375339259","111","12"
"3.8701865520899092","112.5","12"
"11.241521400238414","114","12"
"18.782369340877224","115.5","12"
"11.166443886189178","117","12"
"4.248482098116885","118.5","12"
"11.93506816955688","120","12"
"21.418530423011877","121.5","12"
"15.361659457413392","123","12"
"0.5439942092060676","124.5","12"
"7.916925882412795","126","12"
"19.26671249885904","127.5","12"
"15.727931941731429","129","12"
"4.654525748519561","130.5","12"
"8.75024171809814","132","12"
"18.0266836796532","133.5","12"
"15.117994151313214","135","12"
"3.7843272425211287","136.5","12"
"7.053350579559275","138","12"
"19.29880308689669","139.5","12"
"17.133701354836273","141","12"
"3.4454514432119248","142.5","12"
"4.295062696234862","144","12"
"16.906408606910315","145.5","12"
"18.856312339187753","147","12"
"6.367623865154024","148.5","12"
"3.5636639313430423","150","12"
"15.944074332362835","151.5","12"
"19.296886253986514","153","12"
"9.302040252109954","154.5","12"
"2.4830051586112605","156","12"
"14.262740708411181","157.5","12"
"17.694376539463008","159","12"
"8.378070686979283","160.5","12"
"6.188869456275642","162","12"
"16.573755501755848","163.5","12"
"19.861131734708543","165","12"
"9.7947146204477","166.5","12"
"2.048357257426361","168","12"
"11.676687664469448","169.5","12"
"20.70251073582254","171","12"
"14.983541569070773","172.5","12"
"4.286006439934658","174","12"
"8.825488318627663","175.5","12"
"16.341313797785","177","12"
"15.475430503435568","178.5","12"
"7.920370727248519","180","12"
"11.567607404674607","181.5","12"
"14.91877443431724","183","12"
"9.904058249967596","184.5","12"
"6.5519616342835665","186","12"
"13.421458328143062","187.5","12"
"17.75746060141736","189","12"
"9.294238898005618","190.5","12"
"4.5722667342603165","192","12"
"13.779586610193968","193.5","12"
"18.637388203235485","195","12"
"12.421809706277523","196.5","12"
"3.637221615070613","198","12"
"11.5823709140848","199.5","12"
"17.37663732939014","201","12"
"10.75770498170671","202.5","12"
"6.842955570856912","204","12"
"13.539483808185382","205.5","12"
"15.78392528031888","207","12"
"7.616933739966811","208.5","12"
"7.485737436070557","210","12"
"15.569575050538448","211.5","12"
"15.912675674253736","213","12"
"6.398740063129003","214.5","12"
"9.039932831652862","216","12"
"16.928562831829858","217.5","12"
"14.770634418375563","219","12"
"4.52601145229681","220.5","12"
"9.790425122410907","222","12"
"17.213206285387788","223.5","12"
"12.639997497880154","225","12"
"5.782882687499977","226.5","12"
"11.960999178669763","228","12"
"17.34446414611327","229.5","12"
"9.364444851341679","231","12"
"7.342932605062199","232.5","12"
"13.103723793272415","234","12"
"14.338762613308845","235.5","12"
"7.083546152297111","237","12"
"9.811793134157131","238.5","12"
"18.557602760550772","240","12"
"13.76008010813165","241.5","12"
"3.8207381070101865","243","12"
"9.155093191934732","244.5","12"
"18.007063414336862","246","12"
"14.752003737529112","247.5","12"
"5.61081186979518","249","12"
"11.021171327609062","250.5","12"
"16.79980152908982","252","12"
"11.206172975453836","253.5","12"
"6.812113261811985","255","12"
"13.258592983609322","256.5","12"
"15.02935543402468","258","12"
"8.680352899312666","259.5","12"
"8.225580395371955","261","12"
"17.548918531194833","262.5","12"
"13.911374327171044","264","12"
"5.96563867987844","265.5","12"
"8.105216535019295","267","12"
"17.284471951227033","268.5","12"
"14.705800272390212","270","12"
"5.8508640237797165","271.5","12"
"10.598702133407008","273","12"
"15.967783841220879","274.5","12"
"12.699709180633194","276","12"
"6.233018559639066","277.5","12"
"13.869041929470251","279","12"
"16.625519340734993","280.5","12"
"7.650254685388675","282","12"
"5.917602925069508","283.5","12"
"17.804778323085348","285","12"
"17.848683147132782","286.5","12"
"7.7414468422896645","288","12"
"4.746905406784414","289.5","12"
"15.736587299441274","291","12"
"17.497255988263785","292.5","12"
"7.766750595104706","294","12"
"7.134754421412455","295.5","12"
"14.418604158420194","297","12"
"13.887748971952961","298.5","12"
"9.502098388704036","300","12"
"17.5452220046396","1.5","13"
"10.86084617628149","3","13"
"4.626531416826945","4.5","13"
"12.794407739199137","6","13"
"19.26896438792831","7.5","13"
"10.519585244639746","9","13"
"5.3051253310453115","10.5","13"
"13.505255094332481","12","13"
"16.745045560689913","13.5","13"
"10.532921258972118","15","13"
"6.61068996616968","16.5","13"
"15.214145918569185","18","13"
"15.133459720256766","19.5","13"
"7.9062866805609575","21","13"
"7.358881278235145","22.5","13"
"17.805102470439262","24","13"
"16.45624429395772","25.5","13"
"4.786335283106996","27","13"
"5.5474749573207625","28.5","13"
"16.56980339747926","30","13"
"16.054765978522813","31.5","13"
"7.174452342662314","33","13"
"8.384174942677781","34.5","13"
"15.212096621596114","36","13"
"13.285883697367838","37.5","13"
"6.5024321523653645","39","13"
"11.698013599395692","40.5","13"
"16.927799215467267","42","13"
"10.04865757942804","43.5","13"
"4.803085753460662","45","13"
"13.488424366340706","46.5","13"
"19.050322322509977","48","13"
"9.76850543680273","49.5","13"
"4.206232295655311","51","13"
"13.542454119995783","52.5","13"
"19.709106625722097","54","13"
"11.42187433867583","55.5","13"
"3.672913667218355","57","13"
"12.895205099060988","58.5","13"
"18.645635259951455","60","13"
"10.919939173940758","61.5","13"
"5.21038937086161","63","13"
"11.84463339541552","64.5","13"
"14.740646112936144","66","13"
"9.259327604628606","67.5","13"
"8.06600093879846","69","13"
"15.44173008743352","70.5","13"
"13.828666883098872","72","13"
"5.91105257715919","73.5","13"
"8.025180969015816","75","13"
"18.434769614225615","76.5","13"
"14.488499990009","78","13"
"3.4207227402699356","79.5","13"
"7.175462965542191","81","13"
"19.767535744666134","82.5","13"
"19.06041764250356","84","13"
"5.720435232247902","85.5","13"
"4.434232557517219","87","13"
"14.779663792263003","88.5","13"
"17.24738824721849","90","13"
"8.37603307801176","91.5","13"
"9.586124239802231","93","13"
"14.298520031000363","94.5","13"
"9.800863290567287","96","13"
"5.6083963486482125","97.5","13"
"13.73094113109552","99","13"
"18.73195975214112","100.5","13"
"9.59448116377037","102","13"
"2.026710486747773","103.5","13"
"13.716480730629254","105","13"
"22.35868242142649","106.5","13"
"10.757260058295445","108","13"
"1.0940802069047135","109.5","13"
"10.013796934075078","111","13"
"19.11205213422129","112.5","13"
"14.188624727618514","114","13"
"6.637555236526181","115.5","13"
"10.251305778051968","117","13"
"15.261056897644039","118.5","13"
"10.629286527129468","120","13"
"7.961718994882016","121.5","13"
"14.580749521812065","123","13"
"13.314162437195499","124.5","13"
"4.888517282026318","126","13"
"7.945309035090036","127.5","13"
"19.917176500520412","129","13"
"17.199962995899444","130.5","13"
"2.548244488789007","132","13"
"3.5603024609469074","133.5","13"
"18.398030316780606","135","13"
"21.216212605344822","136.5","13"
"7.250266980261559","138","13"
"3.2986715215160647","139.5","13"
"12.669028945265225","141","13"
"17.229926366927025","142.5","13"
"10.252422372182163","144","13"
"8.706747532645693","145.5","13"
"13.355019029395532","147","13"
"10.948585696343054","148.5","13"
"5.980348814063288","150","13"
"12.586999405514943","151.5","13"
"21.078057262944192","153","13"
"10.979124117243686","154.5","13"
"0.6135706173431994","156","13"
"9.160196175157793","157.5","13"
"22.374914723534115","159","13"
"18.028645706184832","160.5","13"
"3.149246604164275","162","13"
"5.806239608190599","163.5","13"
"16.38283271029952","165","13"
"16.57199450891967","166.5","13"
"8.656358203119208","168","13"
"10.233101319807902","169.5","13"
"12.69547500582267","171","13"
"8.834520030116213","172.5","13"
"7.454454878816586","174","13"
"16.12805133172107","175.5","13"
"16.25506099202937","177","13"
"4.1900857055883876","178.5","13"
"2.821684599427227","180","13"
"16.97541615007733","181.5","13"
"23.64440510872926","183","13"
"9.688272733105645","184.5","13"
"-1.658659477585235","186","13"
"9.570496597181721","187.5","13"
"23.012922428080834","189","13"
"18.04677925719523","190.5","13"
"2.285378906371916","192","13"
"6.00111294552277","193.5","13"
"15.251633248369384","195","13"
"16.337293123875853","196.5","13"
"10.333107012093842","198","13"
"10.624924563458267","199.5","13"
"11.11022146269295","201","13"
"6.96859228011329","202.5","13"
"7.797649006576272","204","13"
"17.20109283643593","205.5","13"
"17.916941099543866","207","13"
"6.058571570405986","208.5","13"
"0.43552416070097577","210","13"
"14.013836059023193","211.5","13"
"24.860872467147356","213","13"
"13.5904668883938","214.5","13"
"-1.259687265340308","216","13"
"7.249367003834221","217.5","13"
"21.520080490431138","219","13"
"20.343774677483044","220.5","13"
"6.0347880375127945","222","13"
"3.634906221171189","223.5","13"
"12.711542117451856","225","13"
"18.189909014757873","226.5","13"
"12.39661893751613","228","13"
"9.516417753903335","229.5","13"
"11.379851283521921","231","13"
"10.046922300204074","232.5","13"
"6.970004191183711","234","13"
"13.919094644436901","235.5","13"
"18.88278800935926","237","13"
"9.374904837108419","238.5","13"
"-0.0016442427108178123","240","13"
"8.733464754931896","241.5","13"
"24.507498865754126","243","13"
"20.230753222216794","244.5","13"
"-2.0674188360774157","246","13"
"1.066810628956235","247.5","13"
"19.296474836191162","249","13"
"29.5236215067716","250.5","13"
"10.925095921989348","252","13"
"-2.7139509926718217","253.5","13"
"5.376982799565565","255","13"
"21.333315512149078","256.5","13"
"20.51552290623466","258","13"
"9.135420720193604","259.5","13"
"4.472546618909976","261","13"
"9.422297362011925","262.5","13"
"12.105663181760915","264","13"
"12.109564638013454","265.5","13"
"15.67407828735997","267","13"
"13.691948386180503","268.5","13"
"3.9165684541135386","270","13"
"4.365153327916164","271.5","13"
"17.38345377422681","273","13"
"22.658535866206616","274.5","13"
"6.350311591333596","276","13"
"-0.8741347340674802","277.5","13"
"10.114094826499764","279","13"
"25.263800095270444","280.5","13"
"19.675699189059166","282","13"
"-2.8496152314895955","283.5","13"
"0.3008475827021751","285","13"
"19.363532820032464","286.5","13"
"27.387970431895308","288","13"
"10.054561580631452","289.5","13"
"-1.110706784399551","291","13"
"7.259837119205772","292.5","13"
"19.969205267625355","294","13"
"20.473701663976584","295.5","13"
"7.942831957113839","297","13"
"6.3708750786978054","298.5","13"
"10.1636675540385","300","13"
"9.520286483740334","1.5","14"
"7.234410252732271","3","14"
"15.60535437312763","4.5","14"
"15.082557676886827","6","14"
"7.1438063921106245","7.5","14"
"9.866749357052125","9","14"
"17.1777230589392","10.5","14"
"12.55293432373974","12","14"
"3.8986172359897187","13.5","14"
"10.202875358255636","15","14"
"17.969876855879477","16.5","14"
"12.204143978922788","18","14"
"5.10541432821606","19.5","14"
"12.32355643562369","21","14"
"16.316427696368272","22.5","14"
"8.173073978440208","24","14"
"7.085420908387306","25.5","14"
"15.962388657859071","27","14"
"14.346662146659797","28.5","14"
"6.0293429853273075","30","14"
"9.850136025963577","31.5","14"
"17.06281749717832","33","14"
"11.307786937303437","34.5","14"
"4.740308696452082","36","14"
"13.45903916198766","37.5","14"
"16.855830710894292","39","14"
"8.0839802081356","40.5","14"
"7.05442198006801","42","14"
"16.835917466238836","43.5","14"
"16.286955221573784","45","14"
"4.133281998616147","46.5","14"
"6.77504981701306","48","14"
"17.254951166009608","49.5","14"
"15.209509676367748","51","14"
"6.317842701516316","52.5","14"
"9.558472756272412","54","14"
"15.107961167349227","55.5","14"
"8.759723807400544","57","14"
"8.937584863054733","58.5","14"
"17.3048028472808","60","14"
"12.395750129103593","61.5","14"
"3.1495499079082934","63","14"
"10.300910452805875","64.5","14"
"22.855218506797904","66","14"
"16.111214370126337","67.5","14"
"2.960622258999327","69","14"
"8.533242207059745","70.5","14"
"16.502115819739007","72","14"
"12.822892967124845","73.5","14"
"8.400088551834077","75","14"
"14.567358184253424","76.5","14"
"13.064447419422722","78","14"
"6.902334535051967","79.5","14"
"9.952465293752828","81","14"
"18.283905513790454","82.5","14"
"11.329577275650195","84","14"
"3.6832431369231218","85.5","14"
"11.557124042896769","87","14"
"20.904736607845933","88.5","14"
"14.26207371289447","90","14"
"4.2412690402918924","91.5","14"
"9.265533935575574","93","14"
"14.733050467729486","94.5","14"
"11.460331772936664","96","14"
"9.589392206153969","97.5","14"
"16.393108804778944","99","14"
"10.792641988695932","100.5","14"
"4.23020439503804","102","14"
"10.708104202954653","103.5","14"
"18.907597749139725","105","14"
"13.680291548645458","106.5","14"
"4.3969805462287574","108","14"
"10.123847298330555","109.5","14"
"16.276646400678825","111","14"
"11.13649376156789","112.5","14"
"8.1824290580823","114","14"
"13.751392024006266","115.5","14"
"14.433482210284776","117","14"
"5.981529692224007","118.5","14"
"8.211513491092532","120","14"
"16.70496349365765","121.5","14"
"16.01246630723756","123","14"
"3.95382280300311","124.5","14"
"8.776037925547016","126","14"
"17.949391678152452","127.5","14"
"16.025432201394185","129","14"
"4.412355727929392","130.5","14"
"9.117714170985963","132","14"
"17.266795011633448","133.5","14"
"13.864986970744825","135","14"
"4.0278386565482345","136.5","14"
"10.98175937289499","138","14"
"17.00088976857303","139.5","14"
"11.742555809345776","141","14"
"5.345595050261645","142.5","14"
"12.75144185159754","144","14"
"16.16503062288004","145.5","14"
"8.227321908198881","147","14"
"4.303519357850359","148.5","14"
"15.461981505049549","150","14"
"20.22946130800335","151.5","14"
"9.5430165377333","153","14"
"3.9915072704969154","154.5","14"
"12.996915681756466","156","14"
"20.909631544570207","157.5","14"
"10.045472208315523","159","14"
"3.704735820728544","160.5","14"
"11.798875632888253","162","14"
"17.77699982989522","163.5","14"
"13.073017065091866","165","14"
"6.403623311847727","166.5","14"
"12.0814830358794","168","14"
"14.69846799690861","169.5","14"
"8.989731289415545","171","14"
"7.026435440379095","172.5","14"
"15.458959766014729","174","14"
"17.53262700985909","175.5","14"
"8.11974160911627","177","14"
"3.952330244694395","178.5","14"
"13.865236314863223","180","14"
"20.411491864837355","181.5","14"
"11.295635307533448","183","14"
"3.1132576766755666","184.5","14"
"10.581183371488532","186","14"
"20.7681755094023","187.5","14"
"16.24024371779365","189","14"
"3.931156643440483","190.5","14"
"6.517797983661559","192","14"
"17.62995069447153","193.5","14"
"19.228703104810947","195","14"
"8.405671522485052","196.5","14"
"5.761319875661255","198","14"
"12.497609539069739","199.5","14"
"16.79552527745932","201","14"
"12.551548905481898","202.5","14"
"7.402404294101283","204","14"
"12.75534252864971","205.5","14"
"17.07091027222103","207","14"
"9.481759700646569","208.5","14"
"4.002585551757242","210","14"
"13.939180871574493","211.5","14"
"20.454196720315004","213","14"
"12.884376551519242","214.5","14"
"-0.13880052030698203","216","14"
"8.251915030276491","217.5","14"
"23.388841412979342","219","14"
"20.06821202503697","220.5","14"
"2.3603383715650974","222","14"
"1.0497394202502721","223.5","14"
"16.248149484747564","225","14"
"25.35896539485801","226.5","14"
"13.790484506568642","228","14"
"-1.1965575227642617","229.5","14"
"8.082002597596565","231","14"
"20.903868578633766","232.5","14"
"19.090035048566865","234","14"
"6.804615795851944","235.5","14"
"6.051033586026707","237","14"
"14.45179341897953","238.5","14"
"18.457087471222856","240","14"
"9.459574307712225","241.5","14"
"6.563998721599165","243","14"
"14.8948077893371","244.5","14"
"17.229022494497837","246","14"
"7.777989781241435","247.5","14"
"5.234073945307813","249","14"
"14.704615887827826","250.5","14"
"20.52765349759466","252","14"
"11.543402324381253","253.5","14"
"2.3481921961977","255","14"
"10.79426662146736","256.5","14"
"20.784167817795968","258","14"
"15.878638643691852","259.5","14"
"4.62013184418822","261","14"
"7.88225925795196","262.5","14"
"18.806630523597217","264","14"
"18.89779073328304","265.5","14"
"3.9137847607917506","267","14"
"5.003593099068043","268.5","14"
"17.750547535734814","270","14"
"19.941814816219484","271.5","14"
"8.580873946476839","273","14"
"2.5941764025989675","274.5","14"
"12.902357379257122","276","14"
"20.556591440935332","277.5","14"
"12.025760859020705","279","14"
"3.592603433084455","280.5","14"
"12.357672944623312","282","14"
"19.238411941421017","283.5","14"
"14.120768842598341","285","14"
"4.3705629264848165","286.5","14"
"11.106110401540885","288","14"
"18.79093431134415","289.5","14"
"13.297749360602038","291","14"
"2.6475333167345583","292.5","14"
"9.120625263568243","294","14"
"20.95814455960576","295.5","14"
"16.593886922514898","297","14"
"4.382019899124958","298.5","14"
"4.989553856401756","300","14"
"20.726033236591785","1.5","15"
"4.872076933419908","3","15"
"3.470443126278785","4.5","15"
"14.794939236316278","6","15"
"19.189192970850257","7.5","15"
"9.511405937123563","9","15"
"9.633549491121277","10.5","15"
"15.031828615999027","12","15"
"11.89532895068741","13.5","15"
"6.286766632360392","15","15"
"12.842612190888172","16.5","15"
"17.89933428798358","18","15"
"10.918644142925835","19.5","15"
"2.6064149132102084","21","15"
"11.602991672676204","22.5","15"
"20.985923052795886","24","15"
"14.183073704182707","25.5","15"
"1.5730737647463668","27","15"
"8.79956354311774","28.5","15"
"20.24911585813597","30","15"
"13.832952485133815","31.5","15"
"3.9551938060541065","33","15"
"11.096160012816119","34.5","15"
"18.906650241489817","36","15"
"14.156375182705386","37.5","15"
"3.8827566124585813","39","15"
"10.448656972560705","40.5","15"
"16.464358886610793","42","15"
"10.536285066969363","43.5","15"
"8.226400893361554","45","15"
"14.318565739718714","46.5","15"
"15.866691943619172","48","15"
"7.173694959902684","49.5","15"
"4.332480677202131","51","15"
"14.77605609454995","52.5","15"
"19.988700860882496","54","15"
"6.90279971767285","55.5","15"
"3.5947984405267155","57","15"
"15.21835048376565","58.5","15"
"20.572959323907334","60","15"
"10.53500484076147","61.5","15"
"1.8996778400285588","63","15"
"12.577345112930772","64.5","15"
"18.00110720670866","66","15"
"10.508657738651014","67.5","15"
"8.552437028974069","69","15"
"15.230080566135474","70.5","15"
"13.860735653526163","72","15"
"6.511604119920512","73.5","15"
"8.040994840524755","75","15"
"16.59540948003786","76.5","15"
"15.83848644862629","78","15"
"6.220658883370292","79.5","15"
"6.714309589771633","81","15"
"16.903425827893994","82.5","15"
"19.228220000581555","84","15"
"5.970447125361646","85.5","15"
"4.476504956789523","87","15"
"15.15635574392854","88.5","15"
"17.058732928838836","90","15"
"7.806573967614133","91.5","15"
"7.724309888552484","93","15"
"15.011165780587643","94.5","15"
"16.008266417243316","96","15"
"6.0643107707311446","97.5","15"
"7.722520844502988","99","15"
"17.53968189000898","100.5","15"
"15.426850477168198","102","15"
"4.988051168488231","103.5","15"
"7.732195396296778","105","15"
"18.144807338942137","106.5","15"
"18.26346085448267","108","15"
"4.600263013953857","109.5","15"
"4.502439861904256","111","15"
"16.704617528693376","112.5","15"
"20.011116897126353","114","15"
"10.469585515298256","115.5","15"
"4.93957867187192","117","15"
"11.857715390427275","118.5","15"
"15.970989471543016","120","15"
"9.760839663562773","121.5","15"
"6.523949770582626","123","15"
"14.300394787090557","124.5","15"
"15.589831143356697","126","15"
"7.008060337254001","127.5","15"
"6.2879253033105655","129","15"
"15.35054806013734","130.5","15"
"19.51079078115531","132","15"
"7.52585456711947","133.5","15"
"1.0297352039516223","135","15"
"13.323414662388755","136.5","15"
"20.53961110647252","138","15"
"12.97420354937201","139.5","15"
"0.4207792546996169","141","15"
"9.162912467647576","142.5","15"
"20.052758923299336","144","15"
"16.588075646155517","145.5","15"
"3.2867193670407944","147","15"
"7.856551100144894","148.5","15"
"19.07167864625065","150","15"
"18.857813079100353","151.5","15"
"4.140090651449117","153","15"
"3.6662507248545744","154.5","15"
"16.048685098835413","156","15"
"20.037802951397758","157.5","15"
"8.247302164086154","159","15"
"3.796617569956974","160.5","15"
"14.917463819294918","162","15"
"21.149125011889463","163.5","15"
"10.073521084034038","165","15"
"1.0366669704430496","166.5","15"
"12.492250198924951","168","15"
"19.076490987735706","169.5","15"
"10.899345687362302","171","15"
"4.145370513156166","172.5","15"
"13.743054580047378","174","15"
"19.94512330099046","175.5","15"
"11.346653451758515","177","15"
"1.7984828931779209","178.5","15"
"12.306148320157751","180","15"
"20.661842710112044","181.5","15"
"12.892539454595253","183","15"
"3.938255158811088","184.5","15"
"10.248821687272441","186","15"
"15.884795885015508","187.5","15"
"14.594815646891117","189","15"
"7.6727120192521445","190.5","15"
"12.279362528238991","192","15"
"13.277117693205454","193.5","15"
"8.124436291345457","195","15"
"7.830765022300829","196.5","15"
"15.5313646227949","198","15"
"16.29468021404186","199.5","15"
"6.2060352404265124","201","15"
"6.098737401478023","202.5","15"
"17.958199759134814","204","15"
"17.32880533547796","205.5","15"
"5.0761787303340515","207","15"
"6.110214633327785","208.5","15"
"15.315127169718355","210","15"
"14.744136930593697","211.5","15"
"7.778887420067663","213","15"
"11.912091888246996","214.5","15"
"15.1608564052656","216","15"
"7.770832046642711","217.5","15"
"5.717741146968663","219","15"
"15.997340469655322","220.5","15"
"17.501190950132234","222","15"
"5.218053975301012","223.5","15"
"6.393088133245283","225","15"
"17.66184180721446","226.5","15"
"18.457126431241356","228","15"
"5.237077373133937","229.5","15"
"7.131680475952846","231","15"
"13.25504762192587","232.5","15"
"12.090257611245852","234","15"
"10.688438744016857","235.5","15"
"16.109205591572504","237","15"
"13.01076129313081","238.5","15"
"2.3468122323424483","240","15"
"9.295519903413881","241.5","15"
"21.876348041998508","243","15"
"14.813828611685565","244.5","15"
"2.9668141747394494","246","15"
"10.183442101028096","247.5","15"
"19.14944595997709","249","15"
"13.741302937615641","250.5","15"
"7.304809447760089","252","15"
"9.527398245517228","253.5","15"
"10.190968397401825","255","15"
"9.418733299519593","256.5","15"
"16.44128988045688","258","15"
"19.250629803222456","259.5","15"
"5.658258159524214","261","15"
"2.0471978072758166","262.5","15"
"15.926959975436384","264","15"
"21.3779917445628","265.5","15"
"7.404334373417747","267","15"
"4.138972109317996","268.5","15"
"14.204041986139128","270","15"
"17.17868770899725","271.5","15"
"8.962788878222415","273","15"
"10.001034411215018","274.5","15"
"12.08962645894616","276","15"
"9.42415731329509","277.5","15"
"11.29412989241863","279","15"
"20.034388495376465","280.5","15"
"12.736189004354996","282","15"
"1.5861430003520631","283.5","15"
"9.583653395428994","285","15"
"22.05613138496546","286.5","15"
"13.723214580226703","288","15"
"3.2940274873109265","289.5","15"
"9.511372431507652","291","15"
"17.650272240120856","292.5","15"
"12.990878437289787","294","15"
"9.838267245927897","295.5","15"
"10.863574156776822","297","15"
"8.157968400067588","298.5","15"
"7.774825448538907","300","15"
"7.219906217045286","1.5","16"
"15.487710701266604","3","16"
"14.417045757680215","4.5","16"
"7.351337060252907","6","16"
"9.52345471244471","7.5","16"
"18.14229208014781","9","16"
"13.427313239723164","10.5","16"
"5.022653508918543","12","16"
"9.913556702477768","13.5","16"
"17.171743475299902","15","16"
"12.917265819936132","16.5","16"
"6.65927233003816","18","16"
"13.53072403762596","19.5","16"
"15.400222083724175","21","16"
"10.181229171977327","22.5","16"
"8.448670136502187","24","16"
"15.94228061311112","25.5","16"
"12.713576609617899","27","16"
"5.313363037356841","28.5","16"
"10.253861555265534","30","16"
"19.472611521426565","31.5","16"
"13.255614879795223","33","16"
"3.3531146409674206","34.5","16"
"9.711198366391478","36","16"
"17.232003715113414","37.5","16"
"12.902729837033977","39","16"
"7.002689309103663","40.5","16"
"13.842655088140924","42","16"
"16.3201320149272","43.5","16"
"7.084434440718899","45","16"
"6.278027121010589","46.5","16"
"15.360691690553864","48","16"
"14.1403314470873","49.5","16"
"8.263590568620415","51","16"
"11.339039105742978","52.5","16"
"15.168113877511683","54","16"
"7.89719185384244","55.5","16"
"6.4562185576216535","57","16"
"15.36558351047666","58.5","16"
"15.878559165254112","60","16"
"5.942647593761528","61.5","16"
"9.370678454301595","63","16"
"16.736572535866646","64.5","16"
"13.62638490864884","66","16"
"5.631899369408208","67.5","16"
"10.534562254951316","69","16"
"18.38955417515586","70.5","16"
"9.689770356216764","72","16"
"5.322996681131207","73.5","16"
"13.120305177145793","75","16"
"18.951800227728494","76.5","16"
"10.311118756853107","78","16"
"4.8533620989334985","79.5","16"
"12.833516584969283","81","16"
"14.35619955918847","82.5","16"
"9.139926056732884","84","16"
"9.979653153062504","85.5","16"
"15.417249170209187","87","16"
"10.904531265824584","88.5","16"
"5.212791256002102","90","16"
"13.539479132983162","91.5","16"
"18.913472919929447","93","16"
"9.859156828646947","94.5","16"
"3.263401211568579","96","16"
"13.52545196792261","97.5","16"
"17.934244022959856","99","16"
"9.875221602675023","100.5","16"
"6.368112813386192","102","16"
"18.271855959268937","103.5","16"
"16.906983656783368","105","16"
"3.0312840445518314","106.5","16"
"4.593277093036715","108","16"
"17.0583807302716","109.5","16"
"21.28083948403176","111","16"
"7.0411716777763385","112.5","16"
"3.9377140041541305","114","16"
"13.74287848076376","115.5","16"
"16.254121276383167","117","16"
"7.440578099427442","118.5","16"
"7.768520938345322","120","16"
"14.842002938663647","121.5","16"
"11.765698060334467","123","16"
"5.172709188969839","124.5","16"
"11.666705328529511","126","16"
"19.42194323816762","127.5","16"
"11.49800844842677","129","16"
"2.589053160166286","130.5","16"
"10.534364338057339","132","16"
"20.40505878658272","133.5","16"
"12.681454074365078","135","16"
"2.5638635602054483","136.5","16"
"7.940166312648104","138","16"
"19.922090138053566","139.5","16"
"18.03679302525344","141","16"
"4.142218258059373","142.5","16"
"6.2938476157226715","144","16"
"16.09984583672819","145.5","16"
"14.957413422264283","147","16"
"7.05224723183537","148.5","16"
"9.97176998291932","150","16"
"14.35916052059443","151.5","16"
"11.179786134124509","153","16"
"6.117411327945009","154.5","16"
"14.696423375137757","156","16"
"19.844689048501024","157.5","16"
"7.4386604873168976","159","16"
"1.7611422478473733","160.5","16"
"12.010268018064203","162","16"
"22.92940617402461","163.5","16"
"13.724556363263826","165","16"
"1.7355161008792488","166.5","16"
"8.069346045986824","168","16"
"19.828299347918662","169.5","16"
"19.696771883865164","171","16"
"4.8353563367837795","172.5","16"
"4.650264691296273","174","16"
"13.637744091642547","175.5","16"
"16.01909418558469","177","16"
"9.301814284002658","178.5","16"
"11.791558941414051","180","16"
"15.235764053634178","181.5","16"
"9.217155722204032","183","16"
"4.360098655116041","184.5","16"
"13.891002912698038","186","16"
"20.516927025301385","187.5","16"
"10.742953939502437","189","16"
"1.0110279666688202","190.5","16"
"10.564706400464733","192","16"
"22.701337342530145","193.5","16"
"16.298728939164327","195","16"
"0.8963216854025633","196.5","16"
"5.8625987813517595","198","16"
"20.231438918542384","199.5","16"
"17.261748910037397","201","16"
"5.076354440017484","202.5","16"
"6.452619431112671","204","16"
"17.768466027443093","205.5","16"
"17.02191882815831","207","16"
"6.521549833443059","208.5","16"
"8.664250723666832","210","16"
"16.779349077778335","211.5","16"
"14.591803258260736","213","16"
"7.239415835909084","214.5","16"
"10.234562320501633","216","16"
"16.101825005667965","217.5","16"
"11.734909516115069","219","16"
"4.534403440281598","220.5","16"
"11.46138291423578","222","16"
"19.65872664660005","223.5","16"
"13.949980588702548","225","16"
"3.3279491962180527","226.5","16"
"9.349789650782915","228","16"
"18.21118586006081","229.5","16"
"15.427096704485116","231","16"
"3.6800550386093094","232.5","16"
"9.94105935873692","234","16"
"18.34040689101914","235.5","16"
"13.920567333136182","237","16"
"5.888419144012103","238.5","16"
"10.572162568805163","240","16"
"16.631198153031477","241.5","16"
"12.000101011636579","243","16"
"4.159911950460911","244.5","16"
"11.769488870134465","246","16"
"19.662234606665745","247.5","16"
"14.718869020995676","249","16"
"5.266097911713829","250.5","16"
"7.9711192681455705","252","16"
"16.96798102014689","253.5","16"
"14.219975075304674","255","16"
"6.300899768671262","256.5","16"
"11.779007581854259","258","16"
"18.483996376800075","259.5","16"
"14.04328048260436","261","16"
"4.37512085904907","262.5","16"
"6.661184487746114","264","16"
"18.34397718711443","265.5","16"
"16.31731442638932","267","16"
"6.298305810639567","268.5","16"
"7.844929326626499","270","16"
"17.288073415337124","271.5","16"
"18.441399050973487","273","16"
"6.966637266384986","274.5","16"
"4.1852164824763225","276","16"
"14.414572575705868","277.5","16"
"17.5827872544768","279","16"
"10.914166078399505","280.5","16"
"6.621554356928445","282","16"
"14.411306167754873","283.5","16"
"17.296368782476033","285","16"
"9.172149108833434","286.5","16"
"3.717360425123115","288","16"
"12.69551240744043","289.5","16"
"18.942928252315795","291","16"
"11.435598394792455","292.5","16"
"3.764873336483784","294","16"
"12.255278224002984","295.5","16"
"20.117681898126868","297","16"
"13.708115235457045","298.5","16"
"3.761132005907279","300","16"
"14.854241059674704","1.5","17"
"8.97433740690603","3","17"
"7.789130788131546","4.5","17"
"15.746317953661702","6","17"
"15.161140034200276","7.5","17"
"3.1239703181622756","9","17"
"8.106245858708052","10.5","17"
"20.507913235421345","12","17"
"17.492632213268266","13.5","17"
"1.2857940815366697","15","17"
"6.794018670820087","16.5","17"
"18.66516046282265","18","17"
"18.289881980628277","19.5","17"
"5.408458988111478","21","17"
"8.340111161754871","22.5","17"
"15.90198504517748","24","17"
"13.02432171716974","25.5","17"
"7.277704183689632","27","17"
"11.33299173167149","28.5","17"
"14.266194124450974","30","17"
"7.907971311760876","31.5","17"
"6.695817606591041","33","17"
"15.4655346587367","34.5","17"
"17.791382310324487","36","17"
"6.396615962920411","37.5","17"
"3.0447887557643054","39","17"
"14.7992513311638","40.5","17"
"19.191619400802406","42","17"
"7.240173997869085","43.5","17"
"5.96933988163589","45","17"
"14.909782462047561","46.5","17"
"16.202366787808458","48","17"
"7.151528267777221","49.5","17"
"8.347066304257398","51","17"
"16.56376147781036","52.5","17"
"14.519384375873907","54","17"
"4.905470344476181","55.5","17"
"11.289746111137067","57","17"
"19.035860363642968","58.5","17"
"10.996177696541277","60","17"
"4.267781332880787","61.5","17"
"11.011344052542754","63","17"
"20.13854420883297","64.5","17"
"12.222160649877686","66","17"
"3.0801235445424076","67.5","17"
"11.122412831681807","69","17"
"19.120023354006282","70.5","17"
"11.906332039112034","72","17"
"4.771029450239291","73.5","17"
"10.75702318138297","75","17"
"15.049863987762805","76.5","17"
"10.160828927090629","78","17"
"8.479310632651288","79.5","17"
"15.025436056163633","81","17"
"14.482941174569493","82.5","17"
"6.789307625383129","84","17"
"8.867179434423955","85.5","17"
"17.992673141903893","87","17"
"14.2912126899306","88.5","17"
"3.223510438227148","90","17"
"8.341068019809217","91.5","17"
"19.53560831293948","93","17"
"15.645372545729554","94.5","17"
"3.9212833955523454","96","17"
"7.40039629474782","97.5","17"
"18.656679645995684","99","17"
"16.311662106905416","100.5","17"
"5.719995763239228","102","17"
"7.37421749991728","103.5","17"
"16.654677018580003","105","17"
"14.658929811734598","106.5","17"
"6.952067777866921","108","17"
"10.87572890334829","109.5","17"
"15.506216710053856","111","17"
"10.16306289455139","112.5","17"
"5.344246644021378","114","17"
"13.83259405296362","115.5","17"
"18.356512962666823","117","17"
"9.54139658016409","118.5","17"
"4.0101737945603855","120","17"
"13.322752342074264","121.5","17"
"20.250096092201417","123","17"
"11.835992063312336","124.5","17"
"2.6019128882725013","126","17"
"11.344065727329781","127.5","17"
"19.950451473120445","129","17"
"11.402870420852153","130.5","17"
"4.504641102949477","132","17"
"11.060397053434707","133.5","17"
"18.55238211807184","135","17"
"11.460213334480425","136.5","17"
"3.5692687196043775","138","17"
"12.002550038399455","139.5","17"
"19.154869194552216","141","17"
"9.784041133779583","142.5","17"
"2.3504970708921293","144","17"
"11.505280725479883","145.5","17"
"21.111604955673723","147","17"
"13.860952271229019","148.5","17"
"1.6594996503841761","150","17"
"8.915729851077266","151.5","17"
"17.20621529966824","153","17"
"14.66694622514105","154.5","17"
"5.993841058069843","156","17"
"11.901475283205889","157.5","17"
"15.589915296996656","159","17"
"9.714446073533594","160.5","17"
"4.262202258231662","162","17"
"13.951266269313031","163.5","17"
"21.232628798739764","165","17"
"11.57788038235255","166.5","17"
"0.8540151961140721","168","17"
"9.931920896797683","169.5","17"
"23.090388970464456","171","17"
"15.911994653130366","172.5","17"
"2.0032246083959175","174","17"
"5.261667768010254","175.5","17"
"17.173626023393798","177","17"
"19.583694326172274","178.5","17"
"8.16528820834327","180","17"
"7.26810755193284","181.5","17"
"12.888975392102921","183","17"
"12.634150378303751","184.5","17"
"7.166864489459356","186","17"
"12.026325000088578","187.5","17"
"17.60455499601283","189","17"
"9.763085319029082","190.5","17"
"2.1920848564728797","192","17"
"11.889204435779293","193.5","17"
"22.181221095562105","195","17"
"13.439378378252083","196.5","17"
"-1.0738206076847998","198","17"
"7.476484431676931","199.5","17"
"22.753517274506866","201","17"
"20.00092183948541","202.5","17"
"2.7111776237549363","204","17"
"3.3882709928607952","205.5","17"
"16.91034980238172","207","17"
"21.52656187910871","208.5","17"
"8.559472429114704","210","17"
"4.115007022738597","211.5","17"
"11.477245096167657","213","17"
"15.183718144121093","214.5","17"
"9.587397453206794","216","17"
"10.96164821134556","217.5","17"
"15.6121162739384","219","17"
"11.19927315617758","220.5","17"
"4.43640652654949","222","17"
"9.106115773478667","223.5","17"
"20.379326473564188","225","17"
"14.685157696188448","226.5","17"
"2.5471056874482674","228","17"
"5.707247265985829","229.5","17"
"20.495891732113147","231","17"
"22.442702038921727","232.5","17"
"4.959721391036335","234","17"
"1.1517823319035512","235.5","17"
"13.546110128131774","237","17"
"21.61531747645274","238.5","17"
"13.322803769298684","240","17"
"6.504388724494408","241.5","17"
"9.91728751384928","243","17"
"14.619757850734482","244.5","17"
"11.403238982627158","246","17"
"9.409361856669728","247.5","17"
"12.945107428356229","249","17"
"10.611805946029122","250.5","17"
"4.841851361467828","252","17"
"9.511443338741321","253.5","17"
"20.676881277252843","255","17"
"16.66528661081778","256.5","17"
"2.0541141845599364","258","17"
"2.1019074132537092","259.5","17"
"17.43545760691991","261","17"
"22.78604421475171","262.5","17"
"8.223559928812572","264","17"
"1.306295427671373","265.5","17"
"11.967295896859648","267","17"
"22.706427079346916","268.5","17"
"16.523099685702825","270","17"
"3.9524214111376836","271.5","17"
"5.319379633013716","273","17"
"14.396975114550024","274.5","17"
"16.67652268015303","276","17"
"10.526294939025727","277.5","17"
"11.096839475538749","279","17"
"13.965732903382257","280.5","17"
"11.173564998370512","282","17"
"6.302836471190871","283.5","17"
"11.99844521085035","285","17"
"17.912819129586623","286.5","17"
"10.963028175200812","288","17"
"1.8404089378857647","289.5","17"
"9.702943517671809","291","17"
"21.614327891982853","292.5","17"
"18.706649765723117","294","17"
"2.8483714328989995","295.5","17"
"1.9392267392076568","297","17"
"15.371246738765743","298.5","17"
"21.883131760419637","300","17"
"12.141434712346397","1.5","18"
"7.927113148050039","3","18"
"15.989193150586711","4.5","18"
"18.32851317657162","6","18"
"9.799018144091152","7.5","18"
"10.334474508743174","9","18"
"17.58875437091018","10.5","18"
"12.098058186149817","12","18"
"5.250289884207666","13.5","18"
"13.618532127320085","15","18"
"23.90744289442812","16.5","18"
"14.325739058324839","18","18"
"2.0327555232181522","19.5","18"
"11.581456912050802","21","18"
"23.3559404565569","22.5","18"
"15.05632823403224","24","18"
"3.5908611410571583","25.5","18"
"12.210188236192797","27","18"
"20.697816832793723","28.5","18"
"14.228920295552154","30","18"
"8.480342293941154","31.5","18"
"14.547647531694167","33","18"
"15.355975969914688","34.5","18"
"6.973248781524347","36","18"
"10.343517908237274","37.5","18"
"21.307157755728525","39","18"
"17.57302387384083","40.5","18"
"3.359149937433175","42","18"
"8.863279536572158","43.5","18"
"20.095396767545168","45","18"
"14.729163816283979","46.5","18"
"4.359322571547532","48","18"
"12.8666154582857","49.5","18"
"21.584266341708656","51","18"
"12.326376361762682","52.5","18"
"5.140104328687995","54","18"
"14.541445096749051","55.5","18"
"19.58423509122905","57","18"
"9.239493059210522","58.5","18"
"5.614881633327635","60","18"
"16.667398243820454","61.5","18"
"20.69258372310887","63","18"
"9.965664948020452","64.5","18"
"6.9898574374106754","66","18"
"16.416098332495118","67.5","18"
"13.203115475666806","69","18"
"6.540437260811421","70.5","18"
"12.03656758895209","72","18"
"20.574273055731137","73.5","18"
"14.564895911084257","75","18"
"2.336704445142944","76.5","18"
"10.110166098234277","78","18"
"20.41650991522009","79.5","18"
"14.477941824995641","81","18"
"2.669125348587154","82.5","18"
"11.481257978073105","84","18"
"19.443336963526054","85.5","18"
"11.665739120070725","87","18"
"6.134775418590041","88.5","18"
"14.07532431861981","90","18"
"17.271099314477272","91.5","18"
"7.479254488992244","93","18"
"6.265938216870385","94.5","18"
"17.146751402632855","96","18"
"18.77807906364006","97.5","18"
"8.556435885272855","99","18"
"5.82180803158299","100.5","18"
"15.618622597027812","102","18"
"17.46750455973684","103.5","18"
"5.813216957903671","105","18"
"7.905159956825953","106.5","18"
"17.208903540944704","108","18"
"15.624212580482117","109.5","18"
"7.057707868028257","111","18"
"8.584048408784176","112.5","18"
"17.15615167589641","114","18"
"15.542402775236173","115.5","18"
"4.928287668910586","117","18"
"7.941349918010118","118.5","18"
"19.661028404493003","120","18"
"17.515994198761295","121.5","18"
"6.637771854229038","123","18"
"5.352111892556053","124.5","18"
"16.296745095022334","126","18"
"19.219159458679314","127.5","18"
"9.842019874909766","129","18"
"5.578814785801928","130.5","18"
"14.995862285321047","132","18"
"17.641459483936274","133.5","18"
"8.804555879888264","135","18"
"6.7873237812411364","136.5","18"
"14.331712408361179","138","18"
"15.65825116944474","139.5","18"
"7.948498302204403","141","18"
"6.13594305034447","142.5","18"
"16.203477927536063","144","18"
"19.39443278990477","145.5","18"
"7.981565228305651","147","18"
"1.4727127570917102","148.5","18"
"12.680311766622674","150","18"
"21.199587586250725","151.5","18"
"11.274857150467307","153","18"
"2.0136830357619178","154.5","18"
"11.174761850138816","156","18"
"21.047060672226007","157.5","18"
"17.022710495734216","159","18"
"6.695050873426971","160.5","18"
"6.293202827416505","162","18"
"14.458089357969047","163.5","18"
"16.411762861636497","165","18"
"10.086318670910746","166.5","18"
"8.79513612661546","168","18"
"14.419857112615139","169.5","18"
"14.194562234437834","171","18"
"7.728165371983192","172.5","18"
"7.527109858915524","174","18"
"16.554202247671327","175.5","18"
"18.465145961449288","177","18"
"6.237345069693433","178.5","18"
"3.6393172744656996","180","18"
"15.862138296656953","181.5","18"
"22.297134942601755","183","18"
"11.545252146059607","184.5","18"
"2.1965190909783976","186","18"
"10.934157243091958","187.5","18"
"19.967551804440237","189","18"
"13.732074088433485","190.5","18"
"3.137518859395562","192","18"
"9.273431131325417","193.5","18"
"17.330016212852925","195","18"
"15.375134948611992","196.5","18"
"8.316028415919604","198","18"
"10.984148401229378","199.5","18"
"17.20717371612333","201","18"
"13.755898918946286","202.5","18"
"4.578617606875916","204","18"
"9.005704117799961","205.5","18"
"18.324952230880765","207","18"
"18.42704618015828","208.5","18"
"6.200746807515393","210","18"
"5.4489906537572255","211.5","18"
"15.672024315184677","213","18"
"19.268286483606417","214.5","18"
"10.806415134435868","216","18"
"4.026195322967926","217.5","18"
"13.212995736358273","219","18"
"19.34495044960895","220.5","18"
"13.262001206027657","222","18"
"3.6805743756559073","223.5","18"
"9.743258565614699","225","18"
"19.08648345328045","226.5","18"
"17.163996665221465","228","18"
"5.064012685357219","229.5","18"
"4.292024204392088","231","18"
"17.51099952438966","232.5","18"
"22.931946367230776","234","18"
"11.091900903593755","235.5","18"
"1.7949030518780962","237","18"
"9.162788574788749","238.5","18"
"20.77645685093455","240","18"
"20.610219127199496","241.5","18"
"5.780248211049042","243","18"
"2.5945650287835","244.5","18"
"14.09257581481138","246","18"
"23.68864343053505","247.5","18"
"15.829556812386208","249","18"
"1.7734267312804437","250.5","18"
"5.6471467622481635","252","18"
"17.45586642301068","253.5","18"
"23.437105083896494","255","18"
"12.833635023425522","256.5","18"
"1.8555271782643947","258","18"
"10.557078028842534","259.5","18"
"22.226941456471614","261","18"
"20.31569852975158","262.5","18"
"7.139439753237203","264","18"
"5.015588109563662","265.5","18"
"14.7290282354196","267","18"
"21.444072611140133","268.5","18"
"15.789410850923606","270","18"
"3.456702706954389","271.5","18"
"9.158621411210044","273","18"
"18.000281254316473","274.5","18"
"17.643061519896975","276","18"
"8.172631392630052","277.5","18"
"8.08096859870559","279","18"
"17.103035145074962","280.5","18"
"20.36174615481648","282","18"
"10.137318893527304","283.5","18"
"2.3635149766734522","285","18"
"13.546814525266244","286.5","18"
"23.373773236224483","288","18"
"15.314237322895826","289.5","18"
"0.5764324180087796","291","18"
"6.621517734511055","292.5","18"
"21.47952934477614","294","18"
"22.90634028467218","295.5","18"
"4.324669972693356","297","18"
"-0.5812095980771395","298.5","18"
"14.687024660274941","300","18"
"7.260323340236645","1.5","19"
"14.029535388077743","3","19"
"18.490711525588647","4.5","19"
"8.2901472756304","6","19"
"3.5338470499850216","7.5","19"
"16.422872700511807","9","19"
"21.02751209334371","10.5","19"
"8.873101357235877","12","19"
"4.272741722436141","13.5","19"
"15.14055979402811","15","19"
"19.415692492799565","16.5","19"
"11.087269336594538","18","19"
"6.246598853287429","19.5","19"
"13.145831781266653","21","19"
"15.02416595956055","22.5","19"
"10.254043888152111","24","19"
"10.5186439705928","25.5","19"
"15.315259633781253","27","19"
"8.986153980516923","28.5","19"
"6.156222519173819","30","19"
"15.483446916842022","31.5","19"
"20.6562044162348","33","19"
"8.098979815257898","34.5","19"
"1.540779805412149","36","19"
"13.329631122940532","37.5","19"
"21.557383928944017","39","19"
"13.89609576631629","40.5","19"
"2.9228700010733326","42","19"
"11.359077801658","43.5","19"
"16.51741619820412","45","19"
"10.560577417704158","46.5","19"
"8.042333506760396","48","19"
"14.158175135560061","49.5","19"
"13.774498431777937","51","19"
"5.318157457233387","52.5","19"
"9.776487565392904","54","19"
"18.160106159006514","55.5","19"
"12.141666134856283","57","19"
"5.7097134351568455","58.5","19"
"10.17640358408598","60","19"
"20.037380624797223","61.5","19"
"12.310870274399889","63","19"
"4.346632124721697","64.5","19"
"11.748628117829105","66","19"
"20.681528428259462","67.5","19"
"12.270282506327503","69","19"
"2.9692624223019566","70.5","19"
"9.745596166724667","72","19"
"18.298849018486116","73.5","19"
"13.864323092029595","75","19"
"3.8926419379524537","76.5","19"
"10.25630590682619","78","19"
"17.511306529335435","79.5","19"
"11.421373312837925","81","19"
"7.778689503173686","82.5","19"
"13.49186063997236","84","19"
"17.611669095390834","85.5","19"
"8.2692537969095","87","19"
"4.374522433164919","88.5","19"
"13.805923582699617","90","19"
"19.648611067396846","91.5","19"
"11.625551081788142","93","19"
"4.800824513986952","94.5","19"
"10.684061196338256","96","19"
"18.75332542628623","97.5","19"
"12.97640946561945","99","19"
"4.061819974283664","100.5","19"
"9.670333982187744","102","19"
"17.314891933671426","103.5","19"
"13.592497484557994","105","19"
"8.804407052617595","106.5","19"
"12.377762288562383","108","19"
"16.380077457791238","109.5","19"
"9.972654375339259","111","19"
"3.8701865520899092","112.5","19"
"11.241521400238414","114","19"
"18.782369340877224","115.5","19"
"11.166443886189178","117","19"
"4.248482098116885","118.5","19"
"11.93506816955688","120","19"
"21.418530423011877","121.5","19"
"15.361659457413392","123","19"
"0.5439942092060676","124.5","19"
"7.916925882412795","126","19"
"19.26671249885904","127.5","19"
"15.727931941731429","129","19"
"4.654525748519561","130.5","19"
"8.75024171809814","132","19"
"18.0266836796532","133.5","19"
"15.117994151313214","135","19"
"3.7843272425211287","136.5","19"
"7.053350579559275","138","19"
"19.29880308689669","139.5","19"
"17.133701354836273","141","19"
"3.4454514432119248","142.5","19"
"4.295062696234862","144","19"
"16.906408606910315","145.5","19"
"18.856312339187753","147","19"
"6.367623865154024","148.5","19"
"3.5636639313430423","150","19"
"15.944074332362835","151.5","19"
"19.296886253986514","153","19"
"9.302040252109954","154.5","19"
"2.4830051586112605","156","19"
"14.262740708411181","157.5","19"
"17.694376539463008","159","19"
"8.378070686979283","160.5","19"
"6.188869456275642","162","19"
"16.573755501755848","163.5","19"
"19.861131734708543","165","19"
"9.7947146204477","166.5","19"
"2.048357257426361","168","19"
"11.676687664469448","169.5","19"
"20.70251073582254","171","19"
"14.983541569070773","172.5","19"
"4.286006439934658","174","19"
"8.825488318627663","175.5","19"
"16.341313797785","177","19"
"15.475430503435568","178.5","19"
"7.920370727248519","180","19"
"11.567607404674607","181.5","19"
"14.91877443431724","183","19"
"9.904058249967596","184.5","19"
"6.5519616342835665","186","19"
"13.421458328143062","187.5","19"
"17.75746060141736","189","19"
"9.294238898005618","190.5","19"
"4.5722667342603165","192","19"
"13.779586610193968","193.5","19"
"18.637388203235485","195","19"
"12.421809706277523","196.5","19"
"3.637221615070613","198","19"
"11.5823709140848","199.5","19"
"17.37663732939014","201","19"
"10.75770498170671","202.5","19"
"6.842955570856912","204","19"
"13.539483808185382","205.5","19"
"15.78392528031888","207","19"
"7.616933739966811","208.5","19"
"7.485737436070557","210","19"
"15.569575050538448","211.5","19"
"15.912675674253736","213","19"
"6.398740063129003","214.5","19"
"9.039932831652862","216","19"
"16.928562831829858","217.5","19"
"14.770634418375563","219","19"
"4.52601145229681","220.5","19"
"9.790425122410907","222","19"
"17.213206285387788","223.5","19"
"12.639997497880154","225","19"
"5.782882687499977","226.5","19"
"11.960999178669763","228","19"
"17.34446414611327","229.5","19"
"9.364444851341679","231","19"
"7.342932605062199","232.5","19"
"13.103723793272415","234","19"
"14.338762613308845","235.5","19"
"7.083546152297111","237","19"
"9.811793134157131","238.5","19"
"18.557602760550772","240","19"
"13.76008010813165","241.5","19"
"3.8207381070101865","243","19"
"9.155093191934732","244.5","19"
"18.007063414336862","246","19"
"14.752003737529112","247.5","19"
"5.61081186979518","249","19"
"11.021171327609062","250.5","19"
"16.79980152908982","252","19"
"11.206172975453836","253.5","19"
"6.812113261811985","255","19"
"13.258592983609322","256.5","19"
"15.02935543402468","258","19"
"8.680352899312666","259.5","19"
"8.225580395371955","261","19"
"17.548918531194833","262.5","19"
"13.911374327171044","264","19"
"5.96563867987844","265.5","19"
"8.105216535019295","267","19"
"17.284471951227033","268.5","19"
"14.705800272390212","270","19"
"5.8508640237797165","271.5","19"
"10.598702133407008","273","19"
"15.967783841220879","274.5","19"
"12.699709180633194","276","19"
"6.233018559639066","277.5","19"
"13.869041929470251","279","19"
"16.625519340734993","280.5","19"
"7.650254685388675","282","19"
"5.917602925069508","283.5","19"
"17.804778323085348","285","19"
"17.848683147132782","286.5","19"
"7.7414468422896645","288","19"
"4.746905406784414","289.5","19"
"15.736587299441274","291","19"
"17.497255988263785","292.5","19"
"7.766750595104706","294","19"
"7.134754421412455","295.5","19"
"14.418604158420194","297","19"
"13.887748971952961","298.5","19"
"9.502098388704036","300","19"