"cell_dist","time","episode"
"3.141592653589793","1.5","0"
"3.010692959690218","3","0"
"3.0761428066400063","4.5","0"
"3.0761428066400063","6","0"
"3.076142806640006","7.5","0"
"3.141592653589793","9","0"
"3.141592653589793","10.5","0"
"3.1415926535897927","12","0"
"3.141592653589793","13.5","0"
"3.076142806640006","15","0"
"3.141592653589793","16.5","0"
"3.0761428066400063","18","0"
"3.141592653589793","19.5","0"
"3.141592653589793","21","0"
"3.141592653589793","22.5","0"
"3.076142806640006","24","0"
"3.0761428066400063","25.5","0"
"3.1415926535897927","27","0"
"3.0761428066400054","28.5","0"
"3.1415926535897927","30","0"
"3.1415926535897927","31.5","0"
"3.141592653589793","33","0"
"3.1415926535897927","34.5","0"
"3.010692959690219","36","0"
"3.141592653589793","37.5","0"
"3.1415926535897927","39","0"
"3.141592653589793","40.5","0"
"3.076142806640006","42","0"
"3.141592653589793","43.5","0"
"3.1415926535897922","45","0"
"3.141592653589793","46.5","0"
"3.1415926535897927","48","0"
"3.0761428066400054","49.5","0"
"3.141592653589793","51","0"
"3.141592653589793","52.5","0"
"3.141592653589793","54","0"
"3.0761428066400054","55.5","0"
"3.141592653589793","57","0"
"3.0761428066400063","58.5","0"
"3.076142806640006","60","0"
"3.141592653589793","61.5","0"
"3.1415926535897927","63","0"
"3.076142806640006","64.5","0"
"3.010692959690219","66","0"
"3.076142806640006","67.5","0"
"3.141592653589793","69","0"
"3.0761428066400063","70.5","0"
"3.141592653589793","72","0"
"3.076142806640006","73.5","0"
"3.076142806640006","75","0"
"3.1415926535897927","76.5","0"
"3.1415926535897927","78","0"
"3.0761428066400063","79.5","0"
"3.076142806640006","81","0"
"3.141592653589793","82.5","0"
"3.0761428066400063","84","0"
"3.1415926535897927","85.5","0"
"3.0761428066400054","87","0"
"3.0761428066400054","88.5","0"
"3.141592653589793","90","0"
"3.1415926535897922","91.5","0"
"3.1415926535897927","93","0"
"3.0761428066400063","94.5","0"
"3.141592653589793","96","0"
"3.1415926535897927","97.5","0"
"3.0761428066400054","99","0"
"3.076142806640006","100.5","0"
"3.1415926535897927","102","0"
"3.141592653589793","103.5","0"
"3.0761428066400054","105","0"
"3.1415926535897927","106.5","0"
"3.141592653589793","108","0"
"3.141592653589793","109.5","0"
"3.0761428066400063","111","0"
"3.076142806640006","112.5","0"
"3.0761428066400054","114","0"
"3.141592653589793","115.5","0"
"3.141592653589793","117","0"
"3.0761428066400063","118.5","0"
"3.0761428066400054","120","0"
"3.076142806640006","121.5","0"
"3.0761428066400063","123","0"
"3.076142806640006","124.5","0"
"3.0761428066400054","126","0"
"3.0761428066400063","127.5","0"
"3.076142806640006","129","0"
"3.0761428066400063","130.5","0"
"3.1415926535897927","132","0"
"3.076142806640006","133.5","0"
"3.0761428066400063","135","0"
"3.076142806640006","136.5","0"
"3.1415926535897927","138","0"
"3.0761428066400054","139.5","0"
"3.1415926535897927","141","0"
"3.0761428066400063","142.5","0"
"3.076142806640006","144","0"
"3.076142806640006","145.5","0"
"3.076142806640006","147","0"
"3.076142806640006","148.5","0"
"3.0761428066400054","150","0"
"3.1415926535897927","151.5","0"
"3.0761428066400054","153","0"
"3.141592653589793","154.5","0"
"3.076142806640006","156","0"
"3.0761428066400054","157.5","0"
"3.0761428066400054","159","0"
"3.076142806640006","160.5","0"
"3.076142806640006","162","0"
"3.0106929596902186","163.5","0"
"3.1415926535897927","165","0"
"3.0761428066400063","166.5","0"
"3.0106929596902186","168","0"
"3.0761428066400063","169.5","0"
"3.141592653589793","171","0"
"3.141592653589793","172.5","0"
"3.076142806640006","174","0"
"3.0761428066400063","175.5","0"
"3.1415926535897927","177","0"
"3.1415926535897927","178.5","0"
"3.1415926535897927","180","0"
"3.0761428066400054","181.5","0"
"3.076142806640006","183","0"
"3.141592653589793","184.5","0"
"3.0761428066400054","186","0"
"3.1415926535897927","187.5","0"
"3.076142806640006","189","0"
"3.0761428066400063","190.5","0"
"3.0106929596902186","192","0"
"3.076142806640006","193.5","0"
"3.1415926535897927","195","0"
"3.076142806640006","196.5","0"
"3.076142806640006","198","0"
"3.076142806640006","199.5","0"
"3.0761428066400063","201","0"
"3.1415926535897927","202.5","0"
"3.141592653589793","204","0"
"3.076142806640006","205.5","0"
"3.0761428066400054","207","0"
"3.076142806640006","208.5","0"
"3.0761428066400054","210","0"
"3.0761428066400063","211.5","0"
"3.076142806640006","213","0"
"3.0761428066400054","214.5","0"
"3.0761428066400054","216","0"
"3.0106929596902186","217.5","0"
"3.076142806640006","219","0"
"3.076142806640006","220.5","0"
"3.0106929596902177","222","0"
"3.010692959690218","223.5","0"
"3.1415926535897927","225","0"
"3.076142806640006","226.5","0"
"3.1415926535897927","228","0"
"3.0106929596902186","229.5","0"
"3.0761428066400063","231","0"
"3.1415926535897927","232.5","0"
"3.0761428066400054","234","0"
"3.076142806640006","235.5","0"
"2.9452431127404313","237","0"
"3.076142806640006","238.5","0"
"3.0761428066400063","240","0"
"3.141592653589793","241.5","0"
"3.010692959690218","243","0"
"3.1415926535897927","244.5","0"
"3.141592653589793","246","0"
"3.076142806640006","247.5","0"
"3.1415926535897927","249","0"
"3.1415926535897927","250.5","0"
"3.0761428066400054","252","0"
"3.141592653589793","253.5","0"
"3.141592653589793","255","0"
"3.076142806640006","256.5","0"
"3.0106929596902186","258","0"
"3.0761428066400054","259.5","0"
"3.076142806640006","261","0"
"3.076142806640006","262.5","0"
"3.0106929596902186","264","0"
"3.0106929596902186","265.5","0"
"3.076142806640006","267","0"
"3.0761428066400063","268.5","0"
"3.141592653589793","270","0"
"3.0761428066400063","271.5","0"
"3.1415926535897927","273","0"
"3.076142806640006","274.5","0"
"3.1415926535897927","276","0"
"3.141592653589793","277.5","0"
"3.076142806640006","279","0"
"3.1415926535897927","280.5","0"
"3.1415926535897927","282","0"
"3.1415926535897927","283.5","0"
"3.076142806640006","285","0"
"3.0761428066400054","286.5","0"
"3.1415926535897927","288","0"
"3.141592653589793","289.5","0"
"3.076142806640006","291","0"
"3.141592653589793","292.5","0"
"3.076142806640006","294","0"
"2.945243112740431","295.5","0"
"3.0761428066400063","297","0"
"3.141592653589793","298.5","0"
"3.141592653589793","300","0"
"0","1.5","1"
"0","3","1"
"0","4.5","1"
"0","6","1"
"0","7.5","1"
"0","9","1"
"0","10.5","1"
"0","12","1"
"0","13.5","1"
"0","15","1"
"0","16.5","1"
"0","18","1"
"0","19.5","1"
"0","21","1"
"0","22.5","1"
"0","24","1"
"0","25.5","1"
"0","27","1"
"0","28.5","1"
"0","30","1"
"0","31.5","1"
"0","33","1"
"0","34.5","1"
"0","36","1"
"0","37.5","1"
"0","39","1"
"0","40.5","1"
"0","42","1"
"0","43.5","1"
"0","45","1"
"0","46.5","1"
"0","48","1"
"0","49.5","1"
"0","51","1"
"0","52.5","1"
"0","54","1"
"0","55.5","1"
"0","57","1"
"0","58.5","1"
"0","60","1"
"0","61.5","1"
"0","63","1"
"0","64.5","1"
"0","66","1"
"0","67.5","1"
"0","69","1"
"0","70.5","1"
"0","72","1"
"0","73.5","1"
"0","75","1"
"0","76.5","1"
"0","78","1"
"0","79.5","1"
"0","81","1"
"0","82.5","1"
"0","84","1"
"0","85.5","1"
"0","87","1"
"0","88.5","1"
"0","90","1"
"0","91.5","1"
"0","93","1"
"0","94.5","1"
"0","96","1"
"0","97.5","1"
"0","99","1"
"0","100.5","1"
"0","102","1"
"0","103.5","1"
"0","105","1"
"0","106.5","1"
"0","108","1"
"0","109.5","1"
"0","111","1"
"0","112.5","1"
"0","114","1"
"0","115.5","1"
"0","117","1"
"0","118.5","1"
"0","120","1"
"0","121.5","1"
"0","123","1"
"0","124.5","1"
"0","126","1"
"0","127.5","1"
"0","129","1"
"0","130.5","1"
"0","132","1"
"0","133.5","1"
"0","135","1"
"0","136.5","1"
"0","138","1"
"0","139.5","1"
"0","141","1"
"0","142.5","1"
"0","144","1"
"0","145.5","1"
"0","147","1"
"0","148.5","1"
"0","150","1"
"0","151.5","1"
"0","153","1"
"0","154.5","1"
"0","156","1"
"0","157.5","1"
"0","159","1"
"0","160.5","1"
"0","162","1"
"0","163.5","1"
"0","165","1"
"0","166.5","1"
"0","168","1"
"0","169.5","1"
"0","171","1"
"0","172.5","1"
"0","174","1"
"0","175.5","1"
"0","177","1"
"0","178.5","1"
"0","180","1"
"0","181.5","1"
"0","183","1"
"0","184.5","1"
"0","186","1"
"0","187.5","1"
"0","189","1"
"0","190.5","1"
"0","192","1"
"0","193.5","1"
"0","195","1"
"0","196.5","1"
"0","198","1"
"0","199.5","1"
"0","201","1"
"0","202.5","1"
"0","204","1"
"0","205.5","1"
"0","207","1"
"0","208.5","1"
"0","210","1"
"0","211.5","1"
"0","213","1"
"0","214.5","1"
"0","216","1"
"0","217.5","1"
"0","219","1"
"0","220.5","1"
"0","222","1"
"0","223.5","1"
"0","225","1"
"0","226.5","1"
"0","228","1"
"0","229.5","1"
"0","231","1"
"0","232.5","1"
"0","234","1"
"0","235.5","1"
"0","237","1"
"0","238.5","1"
"0","240","1"
"0","241.5","1"
"0","243","1"
"0","244.5","1"
"0","246","1"
"0","247.5","1"
"0","249","1"
"0","250.5","1"
"0","252","1"
"0","253.5","1"
"0","255","1"
"0","256.5","1"
"0","258","1"
"0","259.5","1"
"0","261","1"
"0","262.5","1"
"0","264","1"
"0","265.5","1"
"0","267","1"
"0","268.5","1"
"0","270","1"
"0","271.5","1"
"0","273","1"
"0","274.5","1"
"0","276","1"
"0","277.5","1"
"0","279","1"
"0","280.5","1"
"0","282","1"
"0","283.5","1"
"0","285","1"
"0","286.5","1"
"0","288","1"
"0","289.5","1"
"0","291","1"
"0","292.5","1"
"0","294","1"
"0","295.5","1"
"0","297","1"
"0","298.5","1"
"0","300","1"
"0","1.5","2"
"0","3","2"
"0","4.5","2"
"0","6","2"
"0","7.5","2"
"0","9","2"
"0","10.5","2"
"0","12","2"
"0","13.5","2"
"0","15","2"
"0","16.5","2"
"0","18","2"
"0","19.5","2"
"0","21","2"
"0","22.5","2"
"0","24","2"
"0","25.5","2"
"0","27","2"
"0","28.5","2"
"0","30","2"
"0","31.5","2"
"0","33","2"
"0","34.5","2"
"0","36","2"
"0","37.5","2"
"0","39","2"
"0","40.5","2"
"0","42","2"
"0","43.5","2"
"0","45","2"
"0","46.5","2"
"0","48","2"
"0","49.5","2"
"0","51","2"
"0","52.5","2"
"0","54","2"
"0","55.5","2"
"0","57","2"
"0","58.5","2"
"0","60","2"
"0","61.5","2"
"0","63","2"
"0","64.5","2"
"0","66","2"
"0","67.5","2"
"0","69","2"
"0","70.5","2"
"0","72","2"
"0","73.5","2"
"0","75","2"
"0","76.5","2"
"0","78","2"
"0","79.5","2"
"0","81","2"
"0","82.5","2"
"0","84","2"
"0","85.5","2"
"0","87","2"
"0","88.5","2"
"0","90","2"
"0","91.5","2"
"0","93","2"
"0","94.5","2"
"0","96","2"
"0","97.5","2"
"0","99","2"
"0","100.5","2"
"0","102","2"
"0","103.5","2"
"0","105","2"
"0","106.5","2"
"0","108","2"
"0","109.5","2"
"0","111","2"
"0","112.5","2"
"0","114","2"
"0","115.5","2"
"0","117","2"
"0","118.5","2"
"0","120","2"
"0","121.5","2"
"0","123","2"
"0","124.5","2"
"0","126","2"
"0","127.5","2"
"0","129","2"
"0","130.5","2"
"0","132","2"
"0","133.5","2"
"0","135","2"
"0","136.5","2"
"0","138","2"
"0","139.5","2"
"0","141","2"
"0","142.5","2"
"0","144","2"
"0","145.5","2"
"0","147","2"
"0","148.5","2"
"0","150","2"
"0","151.5","2"
"0","153","2"
"0","154.5","2"
"0","156","2"
"0","157.5","2"
"0","159","2"
"0","160.5","2"
"0","162","2"
"0","163.5","2"
"0","165","2"
"0","166.5","2"
"0","168","2"
"0","169.5","2"
"0","171","2"
"0","172.5","2"
"0","174","2"
"0","175.5","2"
"0","177","2"
"0","178.5","2"
"0","180","2"
"0","181.5","2"
"0","183","2"
"0","184.5","2"
"0","186","2"
"0","187.5","2"
"0","189","2"
"0","190.5","2"
"0","192","2"
"0","193.5","2"
"0","195","2"
"0","196.5","2"
"0","198","2"
"0","199.5","2"
"0","201","2"
"0","202.5","2"
"0","204","2"
"0","205.5","2"
"0","207","2"
"0","208.5","2"
"0","210","2"
"0","211.5","2"
"0","213","2"
"0","214.5","2"
"0","216","2"
"0","217.5","2"
"0","219","2"
"0","220.5","2"
"0","222","2"
"0","223.5","2"
"0","225","2"
"0","226.5","2"
"0","228","2"
"0","229.5","2"
"0","231","2"
"0","232.5","2"
"0","234","2"
"0","235.5","2"
"0","237","2"
"0","238.5","2"
"0","240","2"
"0","241.5","2"
"0","243","2"
"0","244.5","2"
"0","246","2"
"0","247.5","2"
"0","249","2"
"0","250.5","2"
"0","252","2"
"0","253.5","2"
"0","255","2"
"0","256.5","2"
"0","258","2"
"0","259.5","2"
"0","261","2"
"0","262.5","2"
"0","264","2"
"0","265.5","2"
"0","267","2"
"0","268.5","2"
"0","270","2"
"0","271.5","2"
"0","273","2"
"0","274.5","2"
"0","276","2"
"0","277.5","2"
"0","279","2"
"0","280.5","2"
"0","282","2"
"0","283.5","2"
"0","285","2"
"0","286.5","2"
"0","288","2"
"0","289.5","2"
"0","291","2"
"0","292.5","2"
"0","294","2"
"0","295.5","2"
"0","297","2"
"0","298.5","2"
"0","300","2"
"3.1415926535897927","1.5","3"
"3.141592653589793","3","3"
"3.1415926535897927","4.5","3"
"3.0761428066400054","6","3"
"3.141592653589793","7.5","3"
"3.141592653589793","9","3"
"3.0761428066400063","10.5","3"
"3.1415926535897927","12","3"
"3.141592653589793","13.5","3"
"3.1415926535897927","15","3"
"3.0106929596902186","16.5","3"
"3.1415926535897927","18","3"
"3.141592653589793","19.5","3"
"3.0761428066400063","21","3"
"3.0106929596902186","22.5","3"
"3.0761428066400063","24","3"
"3.141592653589793","25.5","3"
"3.0761428066400063","27","3"
"3.1415926535897927","28.5","3"
"3.1415926535897927","30","3"
"3.0761428066400063","31.5","3"
"3.1415926535897927","33","3"
"3.1415926535897927","34.5","3"
"3.141592653589793","36","3"
"3.0106929596902186","37.5","3"
"3.0761428066400054","39","3"
"3.076142806640006","40.5","3"
"3.0106929596902186","42","3"
"3.0761428066400063","43.5","3"
"3.076142806640006","45","3"
"3.076142806640006","46.5","3"
"3.076142806640006","48","3"
"3.141592653589793","49.5","3"
"3.141592653589793","51","3"
"3.0761428066400063","52.5","3"
"3.0761428066400063","54","3"
"3.1415926535897927","55.5","3"
"3.1415926535897927","57","3"
"3.1415926535897927","58.5","3"
"3.141592653589793","60","3"
"3.010692959690218","61.5","3"
"3.1415926535897927","63","3"
"3.010692959690219","64.5","3"
"3.076142806640006","66","3"
"3.076142806640006","67.5","3"
"3.0761428066400063","69","3"
"3.141592653589793","70.5","3"
"3.1415926535897927","72","3"
"3.076142806640006","73.5","3"
"3.076142806640006","75","3"
"3.076142806640006","76.5","3"
"3.0761428066400063","78","3"
"3.076142806640006","79.5","3"
"3.0106929596902186","81","3"
"3.0761428066400054","82.5","3"
"3.010692959690218","84","3"
"3.076142806640006","85.5","3"
"3.076142806640006","87","3"
"3.1415926535897927","88.5","3"
"3.076142806640006","90","3"
"3.076142806640006","91.5","3"
"3.141592653589793","93","3"
"3.076142806640006","94.5","3"
"3.1415926535897927","96","3"
"3.1415926535897927","97.5","3"
"3.1415926535897927","99","3"
"3.076142806640006","100.5","3"
"3.010692959690219","102","3"
"3.141592653589793","103.5","3"
"3.076142806640006","105","3"
"3.0761428066400063","106.5","3"
"3.0761428066400063","108","3"
"3.1415926535897927","109.5","3"
"3.0761428066400063","111","3"
"3.0761428066400063","112.5","3"
"3.0761428066400054","114","3"
"3.076142806640006","115.5","3"
"3.0761428066400063","117","3"
"3.0761428066400063","118.5","3"
"3.1415926535897927","120","3"
"3.141592653589793","121.5","3"
"3.0761428066400063","123","3"
"3.141592653589793","124.5","3"
"3.0761428066400054","126","3"
"3.076142806640006","127.5","3"
"3.076142806640006","129","3"
"3.141592653589793","130.5","3"
"3.0761428066400063","132","3"
"3.076142806640006","133.5","3"
"3.076142806640006","135","3"
"3.141592653589793","136.5","3"
"3.076142806640006","138","3"
"3.076142806640006","139.5","3"
"3.076142806640006","141","3"
"3.0761428066400063","142.5","3"
"3.1415926535897927","144","3"
"3.010692959690219","145.5","3"
"3.141592653589793","147","3"
"3.1415926535897927","148.5","3"
"3.0761428066400063","150","3"
"3.0761428066400063","151.5","3"
"3.076142806640005","153","3"
"3.1415926535897927","154.5","3"
"3.0761428066400063","156","3"
"3.141592653589793","157.5","3"
"3.1415926535897927","159","3"
"3.0761428066400063","160.5","3"
"3.0761428066400054","162","3"
"3.076142806640006","163.5","3"
"3.0761428066400063","165","3"
"3.076142806640006","166.5","3"
"3.0106929596902186","168","3"
"3.076142806640006","169.5","3"
"3.076142806640006","171","3"
"3.076142806640006","172.5","3"
"3.141592653589793","174","3"
"3.0761428066400054","175.5","3"
"3.076142806640006","177","3"
"3.010692959690219","178.5","3"
"3.141592653589793","180","3"
"3.1415926535897927","181.5","3"
"3.076142806640006","183","3"
"3.0106929596902186","184.5","3"
"3.1415926535897927","186","3"
"3.1415926535897927","187.5","3"
"3.0761428066400063","189","3"
"3.141592653589793","190.5","3"
"3.076142806640006","192","3"
"3.076142806640006","193.5","3"
"3.0761428066400063","195","3"
"3.1415926535897927","196.5","3"
"3.1415926535897927","198","3"
"3.0761428066400063","199.5","3"
"3.0761428066400063","201","3"
"3.0761428066400054","202.5","3"
"3.1415926535897927","204","3"
"3.076142806640006","205.5","3"
"3.141592653589793","207","3"
"3.0761428066400063","208.5","3"
"3.076142806640006","210","3"
"3.0106929596902186","211.5","3"
"3.0761428066400054","213","3"
"3.076142806640006","214.5","3"
"3.1415926535897927","216","3"
"3.076142806640006","217.5","3"
"3.076142806640005","219","3"
"3.076142806640006","220.5","3"
"3.076142806640006","222","3"
"3.141592653589793","223.5","3"
"3.076142806640006","225","3"
"3.0761428066400063","226.5","3"
"3.0761428066400063","228","3"
"3.1415926535897927","229.5","3"
"3.141592653589793","231","3"
"3.010692959690219","232.5","3"
"3.0761428066400054","234","3"
"3.0761428066400054","235.5","3"
"3.1415926535897927","237","3"
"3.076142806640006","238.5","3"
"3.141592653589793","240","3"
"3.0761428066400054","241.5","3"
"3.0761428066400063","243","3"
"3.0761428066400063","244.5","3"
"3.1415926535897927","246","3"
"3.010692959690218","247.5","3"
"3.1415926535897927","249","3"
"3.1415926535897927","250.5","3"
"3.076142806640006","252","3"
"3.141592653589793","253.5","3"
"3.076142806640006","255","3"
"3.0761428066400054","256.5","3"
"3.141592653589793","258","3"
"3.141592653589793","259.5","3"
"3.076142806640006","261","3"
"3.076142806640006","262.5","3"
"3.141592653589793","264","3"
"3.010692959690219","265.5","3"
"3.141592653589793","267","3"
"3.076142806640006","268.5","3"
"3.0761428066400054","270","3"
"3.0761428066400063","271.5","3"
"3.1415926535897927","273","3"
"3.076142806640006","274.5","3"
"3.1415926535897927","276","3"
"3.0761428066400063","277.5","3"
"3.0761428066400054","279","3"
"3.0761428066400054","280.5","3"
"3.076142806640006","282","3"
"3.076142806640006","283.5","3"
"3.0761428066400054","285","3"
"3.141592653589793","286.5","3"
"3.076142806640006","288","3"
"3.141592653589793","289.5","3"
"3.076142806640006","291","3"
"3.141592653589793","292.5","3"
"3.0761428066400054","294","3"
"3.141592653589793","295.5","3"
"3.0761428066400063","297","3"
"3.0761428066400063","298.5","3"
"3.0761428066400063","300","3"
"3.1415926535897927","1.5","4"
"3.141592653589793","3","4"
"3.1415926535897927","4.5","4"
"3.141592653589793","6","4"
"3.0761428066400054","7.5","4"
"3.1415926535897922","9","4"
"3.1415926535897927","10.5","4"
"3.141592653589793","12","4"
"3.0761428066400063","13.5","4"
"3.076142806640006","15","4"
"3.1415926535897927","16.5","4"
"3.1415926535897927","18","4"
"3.141592653589793","19.5","4"
"3.141592653589793","21","4"
"3.1415926535897927","22.5","4"
"3.0761428066400063","24","4"
"3.0761428066400054","25.5","4"
"3.1415926535897927","27","4"
"3.0106929596902186","28.5","4"
"3.0761428066400054","30","4"
"3.1415926535897922","31.5","4"
"3.141592653589793","33","4"
"3.010692959690219","34.5","4"
"3.076142806640006","36","4"
"3.141592653589793","37.5","4"
"3.0761428066400063","39","4"
"3.0761428066400063","40.5","4"
"3.1415926535897927","42","4"
"3.1415926535897922","43.5","4"
"3.1415926535897927","45","4"
"3.141592653589793","46.5","4"
"3.0761428066400063","48","4"
"3.1415926535897927","49.5","4"
"3.0761428066400063","51","4"
"3.0761428066400063","52.5","4"
"3.1415926535897927","54","4"
"3.141592653589793","55.5","4"
"3.076142806640006","57","4"
"3.0761428066400063","58.5","4"
"3.0761428066400054","60","4"
"3.1415926535897927","61.5","4"
"3.0761428066400063","63","4"
"3.141592653589793","64.5","4"
"3.0761428066400063","66","4"
"3.0761428066400054","67.5","4"
"3.0761428066400063","69","4"
"3.141592653589793","70.5","4"
"3.141592653589793","72","4"
"3.0761428066400063","73.5","4"
"3.076142806640006","75","4"
"3.141592653589793","76.5","4"
"3.0761428066400063","78","4"
"3.1415926535897927","79.5","4"
"3.1415926535897927","81","4"
"3.0106929596902186","82.5","4"
"3.076142806640006","84","4"
"3.141592653589793","85.5","4"
"3.0761428066400063","87","4"
"3.141592653589793","88.5","4"
"3.141592653589793","90","4"
"3.0761428066400063","91.5","4"
"3.141592653589793","93","4"
"3.141592653589793","94.5","4"
"3.076142806640006","96","4"
"3.1415926535897927","97.5","4"
"3.141592653589793","99","4"
"3.0761428066400063","100.5","4"
"3.141592653589793","102","4"
"3.010692959690219","103.5","4"
"3.0761428066400063","105","4"
"3.076142806640006","106.5","4"
"3.076142806640006","108","4"
"3.141592653589793","109.5","4"
"3.010692959690218","111","4"
"3.141592653589793","112.5","4"
"3.141592653589793","114","4"
"3.1415926535897927","115.5","4"
"3.141592653589793","117","4"
"3.076142806640006","118.5","4"
"3.0761428066400063","120","4"
"3.076142806640006","121.5","4"
"3.141592653589793","123","4"
"3.010692959690218","124.5","4"
"3.1415926535897927","126","4"
"3.141592653589793","127.5","4"
"3.0761428066400054","129","4"
"3.141592653589793","130.5","4"
"3.141592653589793","132","4"
"3.076142806640006","133.5","4"
"3.0761428066400054","135","4"
"3.0761428066400054","136.5","4"
"3.1415926535897927","138","4"
"3.076142806640006","139.5","4"
"3.141592653589793","141","4"
"3.0106929596902186","142.5","4"
"3.076142806640006","144","4"
"3.0106929596902186","145.5","4"
"3.0106929596902177","147","4"
"3.0106929596902186","148.5","4"
"3.141592653589793","150","4"
"3.1415926535897927","151.5","4"
"3.0761428066400054","153","4"
"3.076142806640006","154.5","4"
"3.076142806640006","156","4"
"3.0761428066400063","157.5","4"
"3.0761428066400054","159","4"
"3.076142806640006","160.5","4"
"2.9452431127404313","162","4"
"3.0761428066400054","163.5","4"
"3.0761428066400054","165","4"
"3.076142806640006","166.5","4"
"3.076142806640006","168","4"
"3.076142806640006","169.5","4"
"3.1415926535897927","171","4"
"3.010692959690218","172.5","4"
"3.0761428066400054","174","4"
"3.076142806640006","175.5","4"
"3.0761428066400054","177","4"
"3.0761428066400054","178.5","4"
"3.141592653589793","180","4"
"3.076142806640006","181.5","4"
"3.1415926535897927","183","4"
"3.0761428066400054","184.5","4"
"3.0761428066400063","186","4"
"3.0761428066400063","187.5","4"
"3.141592653589793","189","4"
"3.0761428066400054","190.5","4"
"3.076142806640006","192","4"
"3.076142806640006","193.5","4"
"3.141592653589793","195","4"
"3.0761428066400054","196.5","4"
"3.076142806640006","198","4"
"3.0761428066400054","199.5","4"
"3.076142806640006","201","4"
"3.010692959690218","202.5","4"
"3.0761428066400054","204","4"
"3.141592653589793","205.5","4"
"3.141592653589793","207","4"
"3.141592653589793","208.5","4"
"3.0106929596902186","210","4"
"3.0106929596902177","211.5","4"
"3.141592653589793","213","4"
"3.076142806640006","214.5","4"
"3.076142806640006","216","4"
"3.1415926535897927","217.5","4"
"3.141592653589793","219","4"
"3.0106929596902177","220.5","4"
"3.0761428066400054","222","4"
"3.0761428066400054","223.5","4"
"3.0761428066400054","225","4"
"3.0761428066400054","226.5","4"
"3.0761428066400054","228","4"
"3.076142806640006","229.5","4"
"3.141592653589793","231","4"
"3.0761428066400054","232.5","4"
"3.010692959690218","234","4"
"3.0106929596902186","235.5","4"
"3.0106929596902186","237","4"
"3.076142806640006","238.5","4"
"3.076142806640006","240","4"
"3.1415926535897927","241.5","4"
"3.076142806640006","243","4"
"3.1415926535897927","244.5","4"
"3.010692959690218","246","4"
"3.0761428066400054","247.5","4"
"3.0106929596902186","249","4"
"3.141592653589793","250.5","4"
"3.0761428066400054","252","4"
"3.1415926535897927","253.5","4"
"3.141592653589793","255","4"
"3.0106929596902186","256.5","4"
"2.9452431127404304","258","4"
"3.141592653589793","259.5","4"
"3.076142806640006","261","4"
"3.010692959690218","262.5","4"
"3.010692959690218","264","4"
"3.0761428066400054","265.5","4"
"3.010692959690218","267","4"
"3.076142806640006","268.5","4"
"3.141592653589793","270","4"
"3.076142806640006","271.5","4"
"3.1415926535897927","273","4"
"3.141592653589793","274.5","4"
"2.945243112740431","276","4"
"3.0761428066400054","277.5","4"
"3.0761428066400054","279","4"
"3.076142806640006","280.5","4"
"2.945243112740431","282","4"
"3.0106929596902186","283.5","4"
"3.0761428066400054","285","4"
"3.010692959690218","286.5","4"
"3.141592653589793","288","4"
"3.0761428066400054","289.5","4"
"3.010692959690218","291","4"
"2.8797932657906435","292.5","4"
"3.0106929596902186","294","4"
"3.141592653589793","295.5","4"
"3.076142806640006","297","4"
"3.1415926535897927","298.5","4"
"3.010692959690218","300","4"
"3.141592653589793","1.5","5"
"3.010692959690218","3","5"
"3.0761428066400063","4.5","5"
"3.0761428066400063","6","5"
"3.076142806640006","7.5","5"
"3.141592653589793","9","5"
"3.141592653589793","10.5","5"
"3.1415926535897927","12","5"
"3.141592653589793","13.5","5"
"3.076142806640006","15","5"
"3.141592653589793","16.5","5"
"3.0761428066400063","18","5"
"3.141592653589793","19.5","5"
"3.141592653589793","21","5"
"3.141592653589793","22.5","5"
"3.076142806640006","24","5"
"3.0761428066400063","25.5","5"
"3.1415926535897927","27","5"
"3.0761428066400054","28.5","5"
"3.1415926535897927","30","5"
"3.1415926535897927","31.5","5"
"3.141592653589793","33","5"
"3.1415926535897927","34.5","5"
"3.010692959690219","36","5"
"3.141592653589793","37.5","5"
"3.1415926535897927","39","5"
"3.141592653589793","40.5","5"
"3.076142806640006","42","5"
"3.141592653589793","43.5","5"
"3.1415926535897922","45","5"
"3.141592653589793","46.5","5"
"3.1415926535897927","48","5"
"3.0761428066400054","49.5","5"
"3.141592653589793","51","5"
"3.141592653589793","52.5","5"
"3.141592653589793","54","5"
"3.0761428066400054","55.5","5"
"3.141592653589793","57","5"
"3.0761428066400063","58.5","5"
"3.076142806640006","60","5"
"3.141592653589793","61.5","5"
"3.1415926535897927","63","5"
"3.076142806640006","64.5","5"
"3.010692959690219","66","5"
"3.076142806640006","67.5","5"
"3.141592653589793","69","5"
"3.0761428066400063","70.5","5"
"3.141592653589793","72","5"
"3.076142806640006","73.5","5"
"3.076142806640006","75","5"
"3.1415926535897927","76.5","5"
"3.1415926535897927","78","5"
"3.0761428066400063","79.5","5"
"3.076142806640006","81","5"
"3.141592653589793","82.5","5"
"3.0761428066400063","84","5"
"3.1415926535897927","85.5","5"
"3.0761428066400054","87","5"
"3.0761428066400054","88.5","5"
"3.141592653589793","90","5"
"3.1415926535897922","91.5","5"
"3.1415926535897927","93","5"
"3.0761428066400063","94.5","5"
"3.141592653589793","96","5"
"3.1415926535897927","97.5","5"
"3.0761428066400054","99","5"
"3.076142806640006","100.5","5"
"3.1415926535897927","102","5"
"3.141592653589793","103.5","5"
"3.0761428066400054","105","5"
"3.1415926535897927","106.5","5"
"3.141592653589793","108","5"
"3.141592653589793","109.5","5"
"3.0761428066400063","111","5"
"3.076142806640006","112.5","5"
"3.0761428066400054","114","5"
"3.141592653589793","115.5","5"
"3.141592653589793","117","5"
"3.0761428066400063","118.5","5"
"3.0761428066400054","120","5"
"3.076142806640006","121.5","5"
"3.0761428066400063","123","5"
"3.076142806640006","124.5","5"
"3.0761428066400054","126","5"
"3.0761428066400063","127.5","5"
"3.076142806640006","129","5"
"3.0761428066400063","130.5","5"
"3.1415926535897927","132","5"
"3.076142806640006","133.5","5"
"3.0761428066400063","135","5"
"3.076142806640006","136.5","5"
"3.1415926535897927","138","5"
"3.0761428066400054","139.5","5"
"3.1415926535897927","141","5"
"3.0761428066400063","142.5","5"
"3.076142806640006","144","5"
"3.076142806640006","145.5","5"
"3.076142806640006","147","5"
"3.076142806640006","148.5","5"
"3.0761428066400054","150","5"
"3.1415926535897927","151.5","5"
"3.0761428066400054","153","5"
"3.141592653589793","154.5","5"
"3.076142806640006","156","5"
"3.0761428066400054","157.5","5"
"3.0761428066400054","159","5"
"3.076142806640006","160.5","5"
"3.076142806640006","162","5"
"3.0106929596902186","163.5","5"
"3.1415926535897927","165","5"
"3.0761428066400063","166.5","5"
"3.0106929596902186","168","5"
"3.0761428066400063","169.5","5"
"3.141592653589793","171","5"
"3.141592653589793","172.5","5"
"3.076142806640006","174","5"
"3.0761428066400063","175.5","5"
"3.1415926535897927","177","5"
"3.1415926535897927","178.5","5"
"3.1415926535897927","180","5"
"3.0761428066400054","181.5","5"
"3.076142806640006","183","5"
"3.141592653589793","184.5","5"
"3.0761428066400054","186","5"
"3.1415926535897927","187.5","5"
"3.076142806640006","189","5"
"3.0761428066400063","190.5","5"
"3.0106929596902186","192","5"
"3.076142806640006","193.5","5"
"3.1415926535897927","195","5"
"3.076142806640006","196.5","5"
"3.076142806640006","198","5"
"3.076142806640006","199.5","5"
"3.0761428066400063","201","5"
"3.1415926535897927","202.5","5"
"3.141592653589793","204","5"
"3.076142806640006","205.5","5"
"3.0761428066400054","207","5"
"3.076142806640006","208.5","5"
"3.0761428066400054","210","5"
"3.0761428066400063","211.5","5"
"3.076142806640006","213","5"
"3.0761428066400054","214.5","5"
"3.0761428066400054","216","5"
"3.0106929596902186","217.5","5"
"3.076142806640006","219","5"
"3.076142806640006","220.5","5"
"3.0106929596902177","222","5"
"3.010692959690218","223.5","5"
"3.1415926535897927","225","5"
"3.076142806640006","226.5","5"
"3.1415926535897927","228","5"
"3.0106929596902186","229.5","5"
"3.0761428066400063","231","5"
"3.1415926535897927","232.5","5"
"3.0761428066400054","234","5"
"3.076142806640006","235.5","5"
"2.9452431127404313","237","5"
"3.076142806640006","238.5","5"
"3.0761428066400063","240","5"
"3.141592653589793","241.5","5"
"3.010692959690218","243","5"
"3.1415926535897927","244.5","5"
"3.141592653589793","246","5"
"3.076142806640006","247.5","5"
"3.1415926535897927","249","5"
"3.1415926535897927","250.5","5"
"3.0761428066400054","252","5"
"3.141592653589793","253.5","5"
"3.141592653589793","255","5"
"3.076142806640006","256.5","5"
"3.0106929596902186","258","5"
"3.0761428066400054","259.5","5"
"3.076142806640006","261","5"
"3.076142806640006","262.5","5"
"3.0106929596902186","264","5"
"3.0106929596902186","265.5","5"
"3.076142806640006","267","5"
"3.0761428066400063","268.5","5"
"3.141592653589793","270","5"
"3.0761428066400063","271.5","5"
"3.1415926535897927","273","5"
"3.076142806640006","274.5","5"
"3.1415926535897927","276","5"
"3.141592653589793","277.5","5"
"3.076142806640006","279","5"
"3.1415926535897927","280.5","5"
"3.1415926535897927","282","5"
"3.1415926535897927","283.5","5"
"3.076142806640006","285","5"
"3.0761428066400054","286.5","5"
"3.1415926535897927","288","5"
"3.141592653589793","289.5","5"
"3.076142806640006","291","5"
"3.141592653589793","292.5","5"
"3.076142806640006","294","5"
"2.945243112740431","295.5","5"
"3.0761428066400063","297","5"
"3.141592653589793","298.5","5"
"3.141592653589793","300","5"
"3.1415926535897927","1.5","6"
"3.141592653589793","3","6"
"3.1415926535897927","4.5","6"
"3.141592653589793","6","6"
"3.0761428066400054","7.5","6"
"3.1415926535897922","9","6"
"3.1415926535897927","10.5","6"
"3.141592653589793","12","6"
"3.0761428066400063","13.5","6"
"3.076142806640006","15","6"
"3.1415926535897927","16.5","6"
"3.1415926535897927","18","6"
"3.141592653589793","19.5","6"
"3.141592653589793","21","6"
"3.1415926535897927","22.5","6"
"3.0761428066400063","24","6"
"3.0761428066400054","25.5","6"
"3.1415926535897927","27","6"
"3.0106929596902186","28.5","6"
"3.0761428066400054","30","6"
"3.1415926535897922","31.5","6"
"3.141592653589793","33","6"
"3.010692959690219","34.5","6"
"3.076142806640006","36","6"
"3.141592653589793","37.5","6"
"3.0761428066400063","39","6"
"3.0761428066400063","40.5","6"
"3.1415926535897927","42","6"
"3.1415926535897922","43.5","6"
"3.1415926535897927","45","6"
"3.141592653589793","46.5","6"
"3.0761428066400063","48","6"
"3.1415926535897927","49.5","6"
"3.0761428066400063","51","6"
"3.0761428066400063","52.5","6"
"3.1415926535897927","54","6"
"3.141592653589793","55.5","6"
"3.076142806640006","57","6"
"3.0761428066400063","58.5","6"
"3.0761428066400054","60","6"
"3.1415926535897927","61.5","6"
"3.0761428066400063","63","6"
"3.141592653589793","64.5","6"
"3.0761428066400063","66","6"
"3.0761428066400054","67.5","6"
"3.0761428066400063","69","6"
"3.141592653589793","70.5","6"
"3.141592653589793","72","6"
"3.0761428066400063","73.5","6"
"3.076142806640006","75","6"
"3.141592653589793","76.5","6"
"3.0761428066400063","78","6"
"3.1415926535897927","79.5","6"
"3.1415926535897927","81","6"
"3.0106929596902186","82.5","6"
"3.076142806640006","84","6"
"3.141592653589793","85.5","6"
"3.0761428066400063","87","6"
"3.141592653589793","88.5","6"
"3.141592653589793","90","6"
"3.0761428066400063","91.5","6"
"3.141592653589793","93","6"
"3.141592653589793","94.5","6"
"3.076142806640006","96","6"
"3.1415926535897927","97.5","6"
"3.141592653589793","99","6"
"3.0761428066400063","100.5","6"
"3.141592653589793","102","6"
"3.010692959690219","103.5","6"
"3.0761428066400063","105","6"
"3.076142806640006","106.5","6"
"3.076142806640006","108","6"
"3.141592653589793","109.5","6"
"3.010692959690218","111","6"
"3.141592653589793","112.5","6"
"3.141592653589793","114","6"
"3.1415926535897927","115.5","6"
"3.141592653589793","117","6"
"3.076142806640006","118.5","6"
"3.0761428066400063","120","6"
"3.076142806640006","121.5","6"
"3.141592653589793","123","6"
"3.010692959690218","124.5","6"
"3.1415926535897927","126","6"
"3.141592653589793","127.5","6"
"3.0761428066400054","129","6"
"3.141592653589793","130.5","6"
"3.141592653589793","132","6"
"3.076142806640006","133.5","6"
"3.0761428066400054","135","6"
"3.0761428066400054","136.5","6"
"3.1415926535897927","138","6"
"3.076142806640006","139.5","6"
"3.141592653589793","141","6"
"3.0106929596902186","142.5","6"
"3.076142806640006","144","6"
"3.0106929596902186","145.5","6"
"3.0106929596902177","147","6"
"3.0106929596902186","148.5","6"
"3.141592653589793","150","6"
"3.1415926535897927","151.5","6"
"3.0761428066400054","153","6"
"3.076142806640006","154.5","6"
"3.076142806640006","156","6"
"3.0761428066400063","157.5","6"
"3.0761428066400054","159","6"
"3.076142806640006","160.5","6"
"2.9452431127404313","162","6"
"3.0761428066400054","163.5","6"
"3.0761428066400054","165","6"
"3.076142806640006","166.5","6"
"3.076142806640006","168","6"
"3.076142806640006","169.5","6"
"3.1415926535897927","171","6"
"3.010692959690218","172.5","6"
"3.0761428066400054","174","6"
"3.076142806640006","175.5","6"
"3.0761428066400054","177","6"
"3.0761428066400054","178.5","6"
"3.141592653589793","180","6"
"3.076142806640006","181.5","6"
"3.1415926535897927","183","6"
"3.0761428066400054","184.5","6"
"3.0761428066400063","186","6"
"3.0761428066400063","187.5","6"
"3.141592653589793","189","6"
"3.0761428066400054","190.5","6"
"3.076142806640006","192","6"
"3.076142806640006","193.5","6"
"3.141592653589793","195","6"
"3.0761428066400054","196.5","6"
"3.076142806640006","198","6"
"3.0761428066400054","199.5","6"
"3.076142806640006","201","6"
"3.010692959690218","202.5","6"
"3.0761428066400054","204","6"
"3.141592653589793","205.5","6"
"3.141592653589793","207","6"
"3.141592653589793","208.5","6"
"3.0106929596902186","210","6"
"3.0106929596902177","211.5","6"
"3.141592653589793","213","6"
"3.076142806640006","214.5","6"
"3.076142806640006","216","6"
"3.1415926535897927","217.5","6"
"3.141592653589793","219","6"
"3.0106929596902177","220.5","6"
"3.0761428066400054","222","6"
"3.0761428066400054","223.5","6"
"3.0761428066400054","225","6"
"3.0761428066400054","226.5","6"
"3.0761428066400054","228","6"
"3.076142806640006","229.5","6"
"3.141592653589793","231","6"
"3.0761428066400054","232.5","6"
"3.010692959690218","234","6"
"3.0106929596902186","235.5","6"
"3.0106929596902186","237","6"
"3.076142806640006","238.5","6"
"3.076142806640006","240","6"
"3.1415926535897927","241.5","6"
"3.076142806640006","243","6"
"3.1415926535897927","244.5","6"
"3.010692959690218","246","6"
"3.0761428066400054","247.5","6"
"3.0106929596902186","249","6"
"3.141592653589793","250.5","6"
"3.0761428066400054","252","6"
"3.1415926535897927","253.5","6"
"3.141592653589793","255","6"
"3.0106929596902186","256.5","6"
"2.9452431127404304","258","6"
"3.141592653589793","259.5","6"
"3.076142806640006","261","6"
"3.010692959690218","262.5","6"
"3.010692959690218","264","6"
"3.0761428066400054","265.5","6"
"3.010692959690218","267","6"
"3.076142806640006","268.5","6"
"3.141592653589793","270","6"
"3.076142806640006","271.5","6"
"3.1415926535897927","273","6"
"3.141592653589793","274.5","6"
"2.945243112740431","276","6"
"3.0761428066400054","277.5","6"
"3.0761428066400054","279","6"
"3.076142806640006","280.5","6"
"2.945243112740431","282","6"
"3.0106929596902186","283.5","6"
"3.0761428066400054","285","6"
"3.010692959690218","286.5","6"
"3.141592653589793","288","6"
"3.0761428066400054","289.5","6"
"3.010692959690218","291","6"
"2.8797932657906435","292.5","6"
"3.0106929596902186","294","6"
"3.141592653589793","295.5","6"
"3.076142806640006","297","6"
"3.1415926535897927","298.5","6"
"3.010692959690218","300","6"
"3.141592653589793","1.5","7"
"3.010692959690219","3","7"
"3.010692959690218","4.5","7"
"3.141592653589793","6","7"
"3.141592653589793","7.5","7"
"3.141592653589793","9","7"
"3.1415926535897927","10.5","7"
"3.141592653589793","12","7"
"3.076142806640006","13.5","7"
"3.141592653589793","15","7"
"3.0761428066400063","16.5","7"
"3.076142806640006","18","7"
"3.076142806640006","19.5","7"
"3.076142806640006","21","7"
"3.1415926535897927","22.5","7"
"3.141592653589793","24","7"
"3.076142806640006","25.5","7"
"3.076142806640006","27","7"
"3.076142806640006","28.5","7"
"3.141592653589793","30","7"
"3.0761428066400054","31.5","7"
"3.141592653589793","33","7"
"3.141592653589793","34.5","7"
"3.1415926535897927","36","7"
"3.010692959690219","37.5","7"
"3.141592653589793","39","7"
"3.1415926535897927","40.5","7"
"3.0761428066400063","42","7"
"3.076142806640006","43.5","7"
"3.1415926535897927","45","7"
"3.141592653589793","46.5","7"
"3.0761428066400063","48","7"
"3.1415926535897927","49.5","7"
"3.141592653589793","51","7"
"3.0761428066400054","52.5","7"
"3.0761428066400054","54","7"
"3.1415926535897927","55.5","7"
"3.0761428066400054","57","7"
"3.0761428066400063","58.5","7"
"3.0761428066400054","60","7"
"3.0761428066400054","61.5","7"
"3.0761428066400054","63","7"
"3.141592653589793","64.5","7"
"3.141592653589793","66","7"
"3.0761428066400054","67.5","7"
"3.141592653589793","69","7"
"3.141592653589793","70.5","7"
"3.0106929596902186","72","7"
"3.0106929596902186","73.5","7"
"3.0761428066400054","75","7"
"3.141592653589793","76.5","7"
"3.141592653589793","78","7"
"3.0106929596902186","79.5","7"
"3.0761428066400063","81","7"
"3.141592653589793","82.5","7"
"3.0761428066400054","84","7"
"3.0106929596902186","85.5","7"
"3.141592653589793","87","7"
"3.1415926535897927","88.5","7"
"3.010692959690218","90","7"
"2.945243112740431","91.5","7"
"3.0761428066400054","93","7"
"2.9452431127404313","94.5","7"
"3.0106929596902186","96","7"
"3.076142806640006","97.5","7"
"3.0761428066400054","99","7"
"3.076142806640006","100.5","7"
"2.945243112740431","102","7"
"3.0106929596902186","103.5","7"
"3.0761428066400063","105","7"
"2.9452431127404313","106.5","7"
"2.945243112740431","108","7"
"3.010692959690218","109.5","7"
"3.076142806640006","111","7"
"3.141592653589793","112.5","7"
"2.9452431127404313","114","7"
"3.0761428066400054","115.5","7"
"3.076142806640006","117","7"
"2.945243112740431","118.5","7"
"2.9452431127404313","120","7"
"2.9452431127404313","121.5","7"
"3.010692959690218","123","7"
"3.0761428066400054","124.5","7"
"3.0106929596902186","126","7"
"3.0106929596902177","127.5","7"
"3.0106929596902177","129","7"
"3.0761428066400054","130.5","7"
"3.0106929596902186","132","7"
"2.945243112740431","133.5","7"
"3.1415926535897927","135","7"
"3.0761428066400054","136.5","7"
"3.141592653589793","138","7"
"3.0761428066400054","139.5","7"
"3.141592653589793","141","7"
"2.879793265790643","142.5","7"
"2.945243112740431","144","7"
"3.0106929596902186","145.5","7"
"2.9452431127404313","147","7"
"3.0761428066400063","148.5","7"
"2.945243112740431","150","7"
"3.0106929596902177","151.5","7"
"3.141592653589793","153","7"
"3.076142806640006","154.5","7"
"2.879793265790644","156","7"
"2.945243112740431","157.5","7"
"2.945243112740431","159","7"
"3.0761428066400063","160.5","7"
"2.879793265790643","162","7"
"3.1415926535897927","163.5","7"
"3.076142806640006","165","7"
"3.141592653589793","166.5","7"
"3.0761428066400054","168","7"
"3.0106929596902186","169.5","7"
"3.0761428066400054","171","7"
"3.0106929596902186","172.5","7"
"3.0761428066400054","174","7"
"3.076142806640006","175.5","7"
"3.0106929596902186","177","7"
"3.1415926535897927","178.5","7"
"3.076142806640006","180","7"
"3.0761428066400063","181.5","7"
"3.1415926535897927","183","7"
"3.1415926535897927","184.5","7"
"3.141592653589793","186","7"
"3.0761428066400054","187.5","7"
"3.141592653589793","189","7"
"3.141592653589793","190.5","7"
"3.0761428066400054","192","7"
"3.141592653589793","193.5","7"
"3.0761428066400054","195","7"
"3.076142806640006","196.5","7"
"3.141592653589793","198","7"
"3.141592653589793","199.5","7"
"3.141592653589793","201","7"
"3.076142806640006","202.5","7"
"3.076142806640006","204","7"
"3.0761428066400063","205.5","7"
"3.0106929596902186","207","7"
"3.076142806640006","208.5","7"
"3.0761428066400054","210","7"
"3.076142806640006","211.5","7"
"3.0761428066400054","213","7"
"3.1415926535897927","214.5","7"
"3.141592653589793","216","7"
"3.141592653589793","217.5","7"
"3.010692959690219","219","7"
"3.1415926535897922","220.5","7"
"3.0761428066400063","222","7"
"3.076142806640006","223.5","7"
"3.0106929596902186","225","7"
"3.0761428066400063","226.5","7"
"3.0761428066400063","228","7"
"3.1415926535897927","229.5","7"
"3.0761428066400054","231","7"
"2.9452431127404317","232.5","7"
"3.141592653589793","234","7"
"3.0761428066400054","235.5","7"
"3.0761428066400054","237","7"
"2.9452431127404317","238.5","7"
"3.0761428066400054","240","7"
"3.1415926535897927","241.5","7"
"3.141592653589793","243","7"
"3.0106929596902186","244.5","7"
"2.9452431127404313","246","7"
"3.076142806640006","247.5","7"
"3.076142806640006","249","7"
"3.0761428066400063","250.5","7"
"2.8797932657906435","252","7"
"3.0106929596902186","253.5","7"
"2.945243112740431","255","7"
"2.8143434188408567","256.5","7"
"2.8143434188408567","258","7"
"2.8143434188408563","259.5","7"
"3.0761428066400063","261","7"
"3.0761428066400063","262.5","7"
"3.076142806640006","264","7"
"2.879793265790644","265.5","7"
"2.9452431127404313","267","7"
"3.0761428066400054","268.5","7"
"2.9452431127404317","270","7"
"2.814343418840857","271.5","7"
"2.879793265790644","273","7"
"3.0761428066400063","274.5","7"
"3.076142806640006","276","7"
"3.010692959690219","277.5","7"
"3.0761428066400063","279","7"
"3.0106929596902186","280.5","7"
"3.076142806640006","282","7"
"2.8797932657906444","283.5","7"
"2.879793265790644","285","7"
"3.0761428066400063","286.5","7"
"2.9452431127404317","288","7"
"3.141592653589793","289.5","7"
"3.1415926535897927","291","7"
"3.0761428066400063","292.5","7"
"3.1415926535897922","294","7"
"3.0761428066400063","295.5","7"
"3.0106929596902186","297","7"
"3.0761428066400054","298.5","7"
"3.141592653589793","300","7"
"3.141592653589793","1.5","8"
"3.1415926535897927","3","8"
"3.076142806640006","4.5","8"
"3.1415926535897927","6","8"
"3.0106929596902177","7.5","8"
"3.141592653589793","9","8"
"3.0761428066400063","10.5","8"
"3.010692959690219","12","8"
"3.0761428066400063","13.5","8"
"3.141592653589793","15","8"
"3.141592653589793","16.5","8"
"3.1415926535897927","18","8"
"3.1415926535897922","19.5","8"
"3.141592653589793","21","8"
"3.0761428066400063","22.5","8"
"3.1415926535897927","24","8"
"3.1415926535897927","25.5","8"
"3.141592653589793","27","8"
"3.141592653589793","28.5","8"
"3.141592653589793","30","8"
"3.1415926535897922","31.5","8"
"3.0761428066400054","33","8"
"3.141592653589793","34.5","8"
"3.0761428066400063","36","8"
"3.1415926535897927","37.5","8"
"3.1415926535897927","39","8"
"3.0761428066400063","40.5","8"
"3.0761428066400063","42","8"
"3.141592653589793","43.5","8"
"3.141592653589793","45","8"
"3.141592653589793","46.5","8"
"3.0106929596902186","48","8"
"3.141592653589793","49.5","8"
"3.141592653589793","51","8"
"3.1415926535897927","52.5","8"
"3.0761428066400063","54","8"
"3.141592653589793","55.5","8"
"3.0761428066400054","57","8"
"3.0761428066400063","58.5","8"
"3.0761428066400054","60","8"
"3.141592653589793","61.5","8"
"3.141592653589793","63","8"
"3.1415926535897927","64.5","8"
"3.141592653589793","66","8"
"3.0761428066400054","67.5","8"
"3.1415926535897922","69","8"
"3.0761428066400054","70.5","8"
"3.010692959690219","72","8"
"3.0761428066400054","73.5","8"
"3.141592653589793","75","8"
"3.076142806640006","76.5","8"
"3.0761428066400063","78","8"
"3.141592653589793","79.5","8"
"3.0761428066400054","81","8"
"3.0761428066400063","82.5","8"
"3.1415926535897927","84","8"
"3.141592653589793","85.5","8"
"3.076142806640006","87","8"
"3.076142806640006","88.5","8"
"3.0761428066400063","90","8"
"3.0761428066400054","91.5","8"
"3.141592653589793","93","8"
"3.076142806640006","94.5","8"
"3.1415926535897927","96","8"
"3.141592653589793","97.5","8"
"3.0761428066400063","99","8"
"3.076142806640006","100.5","8"
"3.141592653589793","102","8"
"3.1415926535897922","103.5","8"
"3.141592653589793","105","8"
"3.0106929596902186","106.5","8"
"3.0761428066400063","108","8"
"3.141592653589793","109.5","8"
"3.1415926535897927","111","8"
"3.0761428066400054","112.5","8"
"3.0761428066400054","114","8"
"3.1415926535897922","115.5","8"
"3.0761428066400063","117","8"
"3.0761428066400054","118.5","8"
"3.0761428066400054","120","8"
"3.141592653589793","121.5","8"
"3.076142806640006","123","8"
"3.0761428066400063","124.5","8"
"3.0761428066400054","126","8"
"3.0761428066400063","127.5","8"
"3.1415926535897927","129","8"
"3.0761428066400063","130.5","8"
"3.141592653589793","132","8"
"3.0761428066400063","133.5","8"
"3.076142806640006","135","8"
"3.141592653589793","136.5","8"
"3.141592653589793","138","8"
"3.1415926535897922","139.5","8"
"3.0761428066400063","141","8"
"3.010692959690219","142.5","8"
"3.076142806640006","144","8"
"3.0761428066400063","145.5","8"
"3.141592653589793","147","8"
"3.0106929596902186","148.5","8"
"3.0761428066400054","150","8"
"3.1415926535897922","151.5","8"
"3.0761428066400063","153","8"
"3.076142806640006","154.5","8"
"3.141592653589793","156","8"
"3.1415926535897927","157.5","8"
"3.0761428066400063","159","8"
"3.0761428066400063","160.5","8"
"3.0761428066400063","162","8"
"3.0761428066400054","163.5","8"
"3.076142806640006","165","8"
"3.1415926535897927","166.5","8"
"3.141592653589793","168","8"
"3.0761428066400063","169.5","8"
"3.0761428066400054","171","8"
"3.141592653589793","172.5","8"
"3.0761428066400054","174","8"
"3.141592653589793","175.5","8"
"3.076142806640006","177","8"
"3.1415926535897927","178.5","8"
"3.076142806640006","180","8"
"3.0761428066400063","181.5","8"
"3.0761428066400063","183","8"
"3.0761428066400054","184.5","8"
"3.0761428066400054","186","8"
"3.0761428066400054","187.5","8"
"3.076142806640006","189","8"
"3.076142806640006","190.5","8"
"3.1415926535897927","192","8"
"3.076142806640006","193.5","8"
"3.0761428066400063","195","8"
"3.141592653589793","196.5","8"
"3.141592653589793","198","8"
"3.1415926535897922","199.5","8"
"3.010692959690219","201","8"
"3.076142806640006","202.5","8"
"3.0761428066400063","204","8"
"3.076142806640006","205.5","8"
"3.0106929596902186","207","8"
"3.0761428066400054","208.5","8"
"3.0761428066400054","210","8"
"3.1415926535897922","211.5","8"
"3.0761428066400054","213","8"
"3.0761428066400063","214.5","8"
"3.0761428066400054","216","8"
"3.0106929596902186","217.5","8"
"3.0761428066400063","219","8"
"3.0761428066400054","220.5","8"
"3.0761428066400063","222","8"
"3.1415926535897922","223.5","8"
"3.141592653589793","225","8"
"3.0106929596902186","226.5","8"
"3.0761428066400063","228","8"
"3.076142806640006","229.5","8"
"3.141592653589793","231","8"
"3.0106929596902186","232.5","8"
"3.076142806640006","234","8"
"3.0761428066400063","235.5","8"
"3.0761428066400063","237","8"
"3.076142806640006","238.5","8"
"3.076142806640006","240","8"
"3.141592653589793","241.5","8"
"2.9452431127404313","243","8"
"2.945243112740431","244.5","8"
"3.0106929596902186","246","8"
"3.141592653589793","247.5","8"
"3.0761428066400063","249","8"
"3.0106929596902186","250.5","8"
"3.0761428066400063","252","8"
"3.0761428066400063","253.5","8"
"2.9452431127404313","255","8"
"3.0106929596902186","256.5","8"
"2.945243112740431","258","8"
"3.0761428066400054","259.5","8"
"3.141592653589793","261","8"
"3.0106929596902186","262.5","8"
"3.0761428066400063","264","8"
"3.0761428066400063","265.5","8"
"3.010692959690219","267","8"
"2.945243112740431","268.5","8"
"3.0106929596902186","270","8"
"3.141592653589793","271.5","8"
"3.0761428066400054","273","8"
"2.879793265790644","274.5","8"
"3.076142806640006","276","8"
"3.0761428066400063","277.5","8"
"3.0761428066400063","279","8"
"3.0106929596902186","280.5","8"
"2.9452431127404317","282","8"
"3.010692959690219","283.5","8"
"3.0761428066400063","285","8"
"3.0106929596902186","286.5","8"
"2.9452431127404313","288","8"
"3.076142806640006","289.5","8"
"3.010692959690219","291","8"
"2.945243112740431","292.5","8"
"3.141592653589793","294","8"
"2.9452431127404317","295.5","8"
"3.0761428066400063","297","8"
"3.0761428066400054","298.5","8"
"3.0106929596902186","300","8"
"3.1415926535897927","1.5","9"
"3.141592653589793","3","9"
"3.1415926535897927","4.5","9"
"3.141592653589793","6","9"
"3.0761428066400054","7.5","9"
"3.1415926535897922","9","9"
"3.1415926535897927","10.5","9"
"3.141592653589793","12","9"
"3.0761428066400063","13.5","9"
"3.076142806640006","15","9"
"3.1415926535897927","16.5","9"
"3.1415926535897927","18","9"
"3.141592653589793","19.5","9"
"3.141592653589793","21","9"
"3.1415926535897927","22.5","9"
"3.0761428066400063","24","9"
"3.0761428066400054","25.5","9"
"3.1415926535897927","27","9"
"3.0106929596902186","28.5","9"
"3.0761428066400054","30","9"
"3.1415926535897922","31.5","9"
"3.141592653589793","33","9"
"3.010692959690219","34.5","9"
"3.076142806640006","36","9"
"3.141592653589793","37.5","9"
"3.0761428066400063","39","9"
"3.0761428066400063","40.5","9"
"3.1415926535897927","42","9"
"3.1415926535897922","43.5","9"
"3.1415926535897927","45","9"
"3.141592653589793","46.5","9"
"3.0761428066400063","48","9"
"3.1415926535897927","49.5","9"
"3.0761428066400063","51","9"
"3.0761428066400063","52.5","9"
"3.1415926535897927","54","9"
"3.141592653589793","55.5","9"
"3.076142806640006","57","9"
"3.0761428066400063","58.5","9"
"3.0761428066400054","60","9"
"3.1415926535897927","61.5","9"
"3.0761428066400063","63","9"
"3.141592653589793","64.5","9"
"3.0761428066400063","66","9"
"3.0761428066400054","67.5","9"
"3.0761428066400063","69","9"
"3.141592653589793","70.5","9"
"3.141592653589793","72","9"
"3.0761428066400063","73.5","9"
"3.076142806640006","75","9"
"3.141592653589793","76.5","9"
"3.0761428066400063","78","9"
"3.1415926535897927","79.5","9"
"3.1415926535897927","81","9"
"3.0106929596902186","82.5","9"
"3.076142806640006","84","9"
"3.141592653589793","85.5","9"
"3.0761428066400063","87","9"
"3.141592653589793","88.5","9"
"3.141592653589793","90","9"
"3.0761428066400063","91.5","9"
"3.141592653589793","93","9"
"3.141592653589793","94.5","9"
"3.076142806640006","96","9"
"3.1415926535897927","97.5","9"
"3.141592653589793","99","9"
"3.0761428066400063","100.5","9"
"3.141592653589793","102","9"
"3.010692959690219","103.5","9"
"3.0761428066400063","105","9"
"3.076142806640006","106.5","9"
"3.076142806640006","108","9"
"3.141592653589793","109.5","9"
"3.010692959690218","111","9"
"3.141592653589793","112.5","9"
"3.141592653589793","114","9"
"3.1415926535897927","115.5","9"
"3.141592653589793","117","9"
"3.076142806640006","118.5","9"
"3.0761428066400063","120","9"
"3.076142806640006","121.5","9"
"3.141592653589793","123","9"
"3.010692959690218","124.5","9"
"3.1415926535897927","126","9"
"3.141592653589793","127.5","9"
"3.0761428066400054","129","9"
"3.141592653589793","130.5","9"
"3.141592653589793","132","9"
"3.076142806640006","133.5","9"
"3.0761428066400054","135","9"
"3.0761428066400054","136.5","9"
"3.1415926535897927","138","9"
"3.076142806640006","139.5","9"
"3.141592653589793","141","9"
"3.0106929596902186","142.5","9"
"3.076142806640006","144","9"
"3.0106929596902186","145.5","9"
"3.0106929596902177","147","9"
"3.0106929596902186","148.5","9"
"3.141592653589793","150","9"
"3.1415926535897927","151.5","9"
"3.0761428066400054","153","9"
"3.076142806640006","154.5","9"
"3.076142806640006","156","9"
"3.0761428066400063","157.5","9"
"3.0761428066400054","159","9"
"3.076142806640006","160.5","9"
"2.9452431127404313","162","9"
"3.0761428066400054","163.5","9"
"3.0761428066400054","165","9"
"3.076142806640006","166.5","9"
"3.076142806640006","168","9"
"3.076142806640006","169.5","9"
"3.1415926535897927","171","9"
"3.010692959690218","172.5","9"
"3.0761428066400054","174","9"
"3.076142806640006","175.5","9"
"3.0761428066400054","177","9"
"3.0761428066400054","178.5","9"
"3.141592653589793","180","9"
"3.076142806640006","181.5","9"
"3.1415926535897927","183","9"
"3.0761428066400054","184.5","9"
"3.0761428066400063","186","9"
"3.0761428066400063","187.5","9"
"3.141592653589793","189","9"
"3.0761428066400054","190.5","9"
"3.076142806640006","192","9"
"3.076142806640006","193.5","9"
"3.141592653589793","195","9"
"3.0761428066400054","196.5","9"
"3.076142806640006","198","9"
"3.0761428066400054","199.5","9"
"3.076142806640006","201","9"
"3.010692959690218","202.5","9"
"3.0761428066400054","204","9"
"3.141592653589793","205.5","9"
"3.141592653589793","207","9"
"3.141592653589793","208.5","9"
"3.0106929596902186","210","9"
"3.0106929596902177","211.5","9"
"3.141592653589793","213","9"
"3.076142806640006","214.5","9"
"3.076142806640006","216","9"
"3.1415926535897927","217.5","9"
"3.141592653589793","219","9"
"3.0106929596902177","220.5","9"
"3.0761428066400054","222","9"
"3.0761428066400054","223.5","9"
"3.0761428066400054","225","9"
"3.0761428066400054","226.5","9"
"3.0761428066400054","228","9"
"3.076142806640006","229.5","9"
"3.141592653589793","231","9"
"3.0761428066400054","232.5","9"
"3.010692959690218","234","9"
"3.0106929596902186","235.5","9"
"3.0106929596902186","237","9"
"3.076142806640006","238.5","9"
"3.076142806640006","240","9"
"3.1415926535897927","241.5","9"
"3.076142806640006","243","9"
"3.1415926535897927","244.5","9"
"3.010692959690218","246","9"
"3.0761428066400054","247.5","9"
"3.0106929596902186","249","9"
"3.141592653589793","250.5","9"
"3.0761428066400054","252","9"
"3.1415926535897927","253.5","9"
"3.141592653589793","255","9"
"3.0106929596902186","256.5","9"
"2.9452431127404304","258","9"
"3.141592653589793","259.5","9"
"3.076142806640006","261","9"
"3.010692959690218","262.5","9"
"3.010692959690218","264","9"
"3.0761428066400054","265.5","9"
"3.010692959690218","267","9"
"3.076142806640006","268.5","9"
"3.141592653589793","270","9"
"3.076142806640006","271.5","9"
"3.1415926535897927","273","9"
"3.141592653589793","274.5","9"
"2.945243112740431","276","9"
"3.0761428066400054","277.5","9"
"3.0761428066400054","279","9"
"3.076142806640006","280.5","9"
"2.945243112740431","282","9"
"3.0106929596902186","283.5","9"
"3.0761428066400054","285","9"
"3.010692959690218","286.5","9"
"3.141592653589793","288","9"
"3.0761428066400054","289.5","9"
"3.010692959690218","291","9"
"2.8797932657906435","292.5","9"
"3.0106929596902186","294","9"
"3.141592653589793","295.5","9"
"3.076142806640006","297","9"
"3.1415926535897927","298.5","9"
"3.010692959690218","300","9"
"3.141592653589793","1.5","10"
"3.141592653589793","3","10"
"3.0761428066400063","4.5","10"
"3.141592653589793","6","10"
"3.0761428066400063","7.5","10"
"3.141592653589793","9","10"
"3.141592653589793","10.5","10"
"3.1415926535897927","12","10"
"3.076142806640006","13.5","10"
"3.0761428066400063","15","10"
"3.076142806640006","16.5","10"
"3.1415926535897927","18","10"
"3.0761428066400054","19.5","10"
"3.1415926535897927","21","10"
"3.141592653589793","22.5","10"
"3.1415926535897927","24","10"
"3.076142806640006","25.5","10"
"3.010692959690219","27","10"
"3.0106929596902186","28.5","10"
"3.1415926535897927","30","10"
"3.141592653589793","31.5","10"
"3.1415926535897927","33","10"
"3.0761428066400063","34.5","10"
"3.141592653589793","36","10"
"3.076142806640006","37.5","10"
"3.1415926535897927","39","10"
"3.0761428066400054","40.5","10"
"3.141592653589793","42","10"
"3.0761428066400054","43.5","10"
"3.0761428066400054","45","10"
"3.1415926535897927","46.5","10"
"3.141592653589793","48","10"
"3.076142806640006","49.5","10"
"3.076142806640006","51","10"
"3.1415926535897927","52.5","10"
"3.0761428066400063","54","10"
"3.141592653589793","55.5","10"
"3.1415926535897927","57","10"
"3.141592653589793","58.5","10"
"3.141592653589793","60","10"
"3.1415926535897927","61.5","10"
"3.141592653589793","63","10"
"3.1415926535897927","64.5","10"
"3.141592653589793","66","10"
"3.141592653589793","67.5","10"
"3.0761428066400054","69","10"
"3.076142806640006","70.5","10"
"3.076142806640006","72","10"
"3.1415926535897927","73.5","10"
"3.0761428066400063","75","10"
"3.076142806640006","76.5","10"
"3.076142806640006","78","10"
"3.076142806640006","79.5","10"
"3.0761428066400054","81","10"
"3.076142806640006","82.5","10"
"3.141592653589793","84","10"
"3.076142806640006","85.5","10"
"3.0761428066400054","87","10"
"3.141592653589793","88.5","10"
"3.0761428066400063","90","10"
"3.141592653589793","91.5","10"
"3.141592653589793","93","10"
"3.1415926535897927","94.5","10"
"3.1415926535897927","96","10"
"3.076142806640006","97.5","10"
"3.0761428066400054","99","10"
"3.076142806640006","100.5","10"
"3.1415926535897927","102","10"
"3.076142806640006","103.5","10"
"2.945243112740431","105","10"
"3.1415926535897927","106.5","10"
"3.1415926535897927","108","10"
"3.1415926535897927","109.5","10"
"3.0761428066400054","111","10"
"3.076142806640006","112.5","10"
"3.0761428066400063","114","10"
"3.076142806640006","115.5","10"
"3.0761428066400054","117","10"
"3.076142806640006","118.5","10"
"3.1415926535897927","120","10"
"3.0761428066400054","121.5","10"
"3.141592653589793","123","10"
"3.076142806640006","124.5","10"
"3.0761428066400054","126","10"
"3.141592653589793","127.5","10"
"3.010692959690218","129","10"
"3.010692959690218","130.5","10"
"3.141592653589793","132","10"
"3.0761428066400063","133.5","10"
"3.141592653589793","135","10"
"3.076142806640006","136.5","10"
"3.076142806640006","138","10"
"3.0761428066400063","139.5","10"
"3.076142806640006","141","10"
"3.0106929596902186","142.5","10"
"2.9452431127404313","144","10"
"3.0761428066400063","145.5","10"
"3.076142806640006","147","10"
"3.076142806640006","148.5","10"
"3.141592653589793","150","10"
"3.0106929596902186","151.5","10"
"3.076142806640006","153","10"
"3.0106929596902186","154.5","10"
"3.010692959690218","156","10"
"3.0761428066400054","157.5","10"
"3.141592653589793","159","10"
"3.076142806640006","160.5","10"
"3.076142806640006","162","10"
"3.141592653589793","163.5","10"
"3.0106929596902186","165","10"
"3.076142806640006","166.5","10"
"3.141592653589793","168","10"
"3.1415926535897927","169.5","10"
"3.0761428066400054","171","10"
"3.0106929596902186","172.5","10"
"3.0761428066400054","174","10"
"3.076142806640006","175.5","10"
"3.0761428066400054","177","10"
"3.0761428066400054","178.5","10"
"2.9452431127404313","180","10"
"3.010692959690218","181.5","10"
"3.141592653589793","183","10"
"3.1415926535897927","184.5","10"
"3.1415926535897927","186","10"
"3.0106929596902186","187.5","10"
"3.076142806640006","189","10"
"3.010692959690218","190.5","10"
"3.0761428066400054","192","10"
"3.0761428066400054","193.5","10"
"3.141592653589793","195","10"
"3.0106929596902186","196.5","10"
"3.141592653589793","198","10"
"3.141592653589793","199.5","10"
"3.141592653589793","201","10"
"3.0761428066400054","202.5","10"
"3.0761428066400054","204","10"
"3.0761428066400063","205.5","10"
"3.0106929596902177","207","10"
"3.141592653589793","208.5","10"
"3.010692959690218","210","10"
"3.076142806640006","211.5","10"
"3.141592653589793","213","10"
"3.0106929596902186","214.5","10"
"3.010692959690218","216","10"
"3.0761428066400054","217.5","10"
"3.141592653589793","219","10"
"3.141592653589793","220.5","10"
"3.076142806640006","222","10"
"3.010692959690218","223.5","10"
"3.141592653589793","225","10"
"3.076142806640006","226.5","10"
"2.9452431127404304","228","10"
"3.0106929596902186","229.5","10"
"3.0761428066400054","231","10"
"3.141592653589793","232.5","10"
"2.945243112740431","234","10"
"3.010692959690218","235.5","10"
"3.076142806640006","237","10"
"3.141592653589793","238.5","10"
"3.0761428066400054","240","10"
"2.945243112740431","241.5","10"
"3.0106929596902177","243","10"
"3.010692959690218","244.5","10"
"3.1415926535897927","246","10"
"3.0761428066400054","247.5","10"
"3.1415926535897927","249","10"
"3.076142806640006","250.5","10"
"3.076142806640006","252","10"
"3.010692959690218","253.5","10"
"3.0761428066400054","255","10"
"3.0106929596902177","256.5","10"
"3.076142806640006","258","10"
"3.010692959690218","259.5","10"
"3.1415926535897927","261","10"
"3.141592653589793","262.5","10"
"2.945243112740431","264","10"
"2.9452431127404304","265.5","10"
"3.0106929596902177","267","10"
"3.141592653589793","268.5","10"
"3.141592653589793","270","10"
"3.141592653589793","271.5","10"
"3.010692959690218","273","10"
"3.141592653589793","274.5","10"
"3.076142806640006","276","10"
"3.076142806640006","277.5","10"
"3.010692959690218","279","10"
"3.0106929596902177","280.5","10"
"3.0106929596902186","282","10"
"3.076142806640006","283.5","10"
"3.010692959690218","285","10"
"3.1415926535897927","286.5","10"
"3.010692959690218","288","10"
"2.945243112740431","289.5","10"
"2.8797932657906435","291","10"
"3.0761428066400054","292.5","10"
"3.141592653589793","294","10"
"3.1415926535897927","295.5","10"
"2.945243112740431","297","10"
"3.1415926535897927","298.5","10"
"3.0761428066400054","300","10"
"0","1.5","11"
"0","3","11"
"0","4.5","11"
"0","6","11"
"0","7.5","11"
"0","9","11"
"0","10.5","11"
"0","12","11"
"0","13.5","11"
"0","15","11"
"0","16.5","11"
"0","18","11"
"0","19.5","11"
"0","21","11"
"0","22.5","11"
"0","24","11"
"0","25.5","11"
"0","27","11"
"0","28.5","11"
"0","30","11"
"0","31.5","11"
"0","33","11"
"0","34.5","11"
"0","36","11"
"0","37.5","11"
"0","39","11"
"0","40.5","11"
"0","42","11"
"0","43.5","11"
"0","45","11"
"0","46.5","11"
"0","48","11"
"0","49.5","11"
"0","51","11"
"0","52.5","11"
"0","54","11"
"0","55.5","11"
"0","57","11"
"0","58.5","11"
"0","60","11"
"0","61.5","11"
"0","63","11"
"0","64.5","11"
"0","66","11"
"0","67.5","11"
"0","69","11"
"0","70.5","11"
"0","72","11"
"0","73.5","11"
"0","75","11"
"0","76.5","11"
"0","78","11"
"0","79.5","11"
"0","81","11"
"0","82.5","11"
"0","84","11"
"0","85.5","11"
"0","87","11"
"0","88.5","11"
"0","90","11"
"0","91.5","11"
"0","93","11"
"0","94.5","11"
"0","96","11"
"0","97.5","11"
"0","99","11"
"0","100.5","11"
"0","102","11"
"0","103.5","11"
"0","105","11"
"0","106.5","11"
"0","108","11"
"0","109.5","11"
"0","111","11"
"0","112.5","11"
"0","114","11"
"0","115.5","11"
"0","117","11"
"0","118.5","11"
"0","120","11"
"0","121.5","11"
"0","123","11"
"0","124.5","11"
"0","126","11"
"0","127.5","11"
"0","129","11"
"0","130.5","11"
"0","132","11"
"0","133.5","11"
"0","135","11"
"0","136.5","11"
"0","138","11"
"0","139.5","11"
"0","141","11"
"0","142.5","11"
"0","144","11"
"0","145.5","11"
"0","147","11"
"0","148.5","11"
"0","150","11"
"0","151.5","11"
"0","153","11"
"0","154.5","11"
"0","156","11"
"0","157.5","11"
"0","159","11"
"0","160.5","11"
"0","162","11"
"0","163.5","11"
"0","165","11"
"0","166.5","11"
"0","168","11"
"0","169.5","11"
"0","171","11"
"0","172.5","11"
"0","174","11"
"0","175.5","11"
"0","177","11"
"0","178.5","11"
"0","180","11"
"0","181.5","11"
"0","183","11"
"0","184.5","11"
"0","186","11"
"0","187.5","11"
"0","189","11"
"0","190.5","11"
"0","192","11"
"0","193.5","11"
"0","195","11"
"0","196.5","11"
"0","198","11"
"0","199.5","11"
"0","201","11"
"0","202.5","11"
"0","204","11"
"0","205.5","11"
"0","207","11"
"0","208.5","11"
"0","210","11"
"0","211.5","11"
"0","213","11"
"0","214.5","11"
"0","216","11"
"0","217.5","11"
"0","219","11"
"0","220.5","11"
"0","222","11"
"0","223.5","11"
"0","225","11"
"0","226.5","11"
"0","228","11"
"0","229.5","11"
"0","231","11"
"0","232.5","11"
"0","234","11"
"0","235.5","11"
"0","237","11"
"0","238.5","11"
"0","240","11"
"0","241.5","11"
"0","243","11"
"0","244.5","11"
"0","246","11"
"0","247.5","11"
"0","249","11"
"0","250.5","11"
"0","252","11"
"0","253.5","11"
"0","255","11"
"0","256.5","11"
"0","258","11"
"0","259.5","11"
"0","261","11"
"0","262.5","11"
"0","264","11"
"0","265.5","11"
"0","267","11"
"0","268.5","11"
"0","270","11"
"0","271.5","11"
"0","273","11"
"0","274.5","11"
"0","276","11"
"0","277.5","11"
"0","279","11"
"0","280.5","11"
"0","282","11"
"0","283.5","11"
"0","285","11"
"0","286.5","11"
"0","288","11"
"0","289.5","11"
"0","291","11"
"0","292.5","11"
"0","294","11"
"0","295.5","11"
"0","297","11"
"0","298.5","11"
"0","300","11"
"3.141592653589793","1.5","12"
"3.0761428066400063","3","12"
"3.1415926535897927","4.5","12"
"3.0761428066400054","6","12"
"3.0761428066400063","7.5","12"
"3.1415926535897927","9","12"
"3.141592653589793","10.5","12"
"3.1415926535897927","12","12"
"3.076142806640006","13.5","12"
"3.1415926535897927","15","12"
"3.0761428066400054","16.5","12"
"3.0761428066400054","18","12"
"3.1415926535897927","19.5","12"
"3.1415926535897927","21","12"
"3.0761428066400063","22.5","12"
"3.141592653589793","24","12"
"3.141592653589793","25.5","12"
"3.0761428066400054","27","12"
"3.0761428066400054","28.5","12"
"3.141592653589793","30","12"
"3.0761428066400054","31.5","12"
"3.0761428066400054","33","12"
"3.1415926535897927","34.5","12"
"3.1415926535897927","36","12"
"3.1415926535897927","37.5","12"
"3.1415926535897927","39","12"
"3.141592653589793","40.5","12"
"3.141592653589793","42","12"
"3.0761428066400054","43.5","12"
"3.141592653589793","45","12"
"3.076142806640006","46.5","12"
"3.076142806640006","48","12"
"3.0761428066400054","49.5","12"
"3.0761428066400054","51","12"
"3.076142806640006","52.5","12"
"3.0761428066400054","54","12"
"3.1415926535897927","55.5","12"
"3.141592653589793","57","12"
"3.1415926535897927","58.5","12"
"3.1415926535897927","60","12"
"3.076142806640006","61.5","12"
"3.0106929596902186","63","12"
"3.076142806640006","64.5","12"
"3.0761428066400054","66","12"
"3.0761428066400054","67.5","12"
"3.076142806640006","69","12"
"3.076142806640006","70.5","12"
"3.0761428066400054","72","12"
"3.1415926535897927","73.5","12"
"3.0761428066400054","75","12"
"3.141592653589793","76.5","12"
"3.0761428066400063","78","12"
"3.010692959690218","79.5","12"
"3.076142806640006","81","12"
"2.945243112740431","82.5","12"
"3.076142806640006","84","12"
"3.0761428066400063","85.5","12"
"3.0106929596902186","87","12"
"3.076142806640006","88.5","12"
"3.141592653589793","90","12"
"3.0761428066400054","91.5","12"
"3.010692959690218","93","12"
"3.076142806640006","94.5","12"
"3.0761428066400063","96","12"
"3.0761428066400063","97.5","12"
"3.0106929596902186","99","12"
"3.0761428066400054","100.5","12"
"3.141592653589793","102","12"
"3.1415926535897927","103.5","12"
"3.0761428066400054","105","12"
"3.0761428066400063","106.5","12"
"3.0761428066400063","108","12"
"3.0761428066400054","109.5","12"
"3.010692959690218","111","12"
"3.076142806640006","112.5","12"
"3.0106929596902186","114","12"
"3.010692959690218","115.5","12"
"2.945243112740431","117","12"
"3.1415926535897927","118.5","12"
"3.0761428066400063","120","12"
"2.945243112740431","121.5","12"
"3.010692959690218","123","12"
"3.0761428066400063","124.5","12"
"2.945243112740431","126","12"
"2.945243112740431","127.5","12"
"2.8797932657906435","129","12"
"3.141592653589793","130.5","12"
"3.0106929596902186","132","12"
"3.076142806640006","133.5","12"
"2.945243112740431","135","12"
"3.1415926535897927","136.5","12"
"3.0761428066400063","138","12"
"2.945243112740431","139.5","12"
"3.0106929596902186","141","12"
"3.010692959690218","142.5","12"
"3.0106929596902186","144","12"
"3.0761428066400054","145.5","12"
"3.0761428066400054","147","12"
"3.010692959690218","148.5","12"
"3.0761428066400063","150","12"
"3.0761428066400054","151.5","12"
"2.945243112740431","153","12"
"3.0761428066400054","154.5","12"
"3.010692959690218","156","12"
"2.945243112740431","157.5","12"
"2.945243112740431","159","12"
"3.010692959690218","160.5","12"
"3.141592653589793","162","12"
"2.945243112740431","163.5","12"
"3.0761428066400063","165","12"
"3.141592653589793","166.5","12"
"3.076142806640006","168","12"
"3.010692959690218","169.5","12"
"3.010692959690218","171","12"
"3.0761428066400054","172.5","12"
"3.141592653589793","174","12"
"3.0761428066400054","175.5","12"
"3.0761428066400054","177","12"
"3.1415926535897927","178.5","12"
"3.0761428066400063","180","12"
"3.0761428066400063","181.5","12"
"3.141592653589793","183","12"
"3.141592653589793","184.5","12"
"3.076142806640006","186","12"
"3.141592653589793","187.5","12"
"3.141592653589793","189","12"
"3.1415926535897927","190.5","12"
"3.0761428066400063","192","12"
"3.1415926535897927","193.5","12"
"3.0761428066400054","195","12"
"3.141592653589793","196.5","12"
"3.0761428066400054","198","12"
"3.076142806640006","199.5","12"
"3.141592653589793","201","12"
"3.1415926535897927","202.5","12"
"3.1415926535897927","204","12"
"3.0761428066400063","205.5","12"
"3.076142806640006","207","12"
"0","208.5","12"
"3.076142806640006","210","12"
"3.076142806640006","211.5","12"
"3.1415926535897927","213","12"
"3.076142806640006","214.5","12"
"3.1415926535897927","216","12"
"3.0761428066400063","217.5","12"
"3.141592653589793","219","12"
"2.945243112740431","220.5","12"
"3.076142806640006","222","12"
"3.141592653589793","223.5","12"
"3.1415926535897927","225","12"
"3.1415926535897927","226.5","12"
"3.0761428066400063","228","12"
"3.076142806640006","229.5","12"
"0","231","12"
"3.141592653589793","232.5","12"
"3.141592653589793","234","12"
"3.0761428066400054","235.5","12"
"3.1415926535897927","237","12"
"3.1415926535897927","238.5","12"
"3.076142806640006","240","12"
"3.141592653589793","241.5","12"
"3.0106929596902186","243","12"
"3.141592653589793","244.5","12"
"3.076142806640006","246","12"
"3.0761428066400063","247.5","12"
"3.1415926535897927","249","12"
"3.076142806640006","250.5","12"
"3.0106929596902186","252","12"
"0","253.5","12"
"3.141592653589793","255","12"
"3.0761428066400054","256.5","12"
"3.076142806640006","258","12"
"3.0761428066400063","259.5","12"
"3.0761428066400063","261","12"
"3.076142806640006","262.5","12"
"3.141592653589793","264","12"
"0","265.5","12"
"3.141592653589793","267","12"
"3.141592653589793","268.5","12"
"3.0761428066400063","270","12"
"3.0761428066400063","271.5","12"
"3.076142806640006","273","12"
"3.076142806640006","274.5","12"
"0","276","12"
"3.141592653589793","277.5","12"
"3.141592653589793","279","12"
"3.141592653589793","280.5","12"
"3.0761428066400063","282","12"
"3.0106929596902186","283.5","12"
"3.0106929596902186","285","12"
"0","286.5","12"
"3.0761428066400054","288","12"
"0","289.5","12"
"0","291","12"
"3.076142806640006","292.5","12"
"3.0761428066400063","294","12"
"3.076142806640006","295.5","12"
"3.076142806640006","297","12"
"0","298.5","12"
"3.0761428066400054","300","12"
"3.141592653589793","1.5","13"
"3.1415926535897927","3","13"
"3.076142806640006","4.5","13"
"3.1415926535897927","6","13"
"3.0106929596902177","7.5","13"
"3.141592653589793","9","13"
"3.0761428066400063","10.5","13"
"3.010692959690219","12","13"
"3.0761428066400063","13.5","13"
"3.141592653589793","15","13"
"3.141592653589793","16.5","13"
"3.1415926535897927","18","13"
"3.1415926535897922","19.5","13"
"3.141592653589793","21","13"
"3.0761428066400063","22.5","13"
"3.1415926535897927","24","13"
"3.1415926535897927","25.5","13"
"3.141592653589793","27","13"
"3.141592653589793","28.5","13"
"3.141592653589793","30","13"
"3.1415926535897922","31.5","13"
"3.0761428066400054","33","13"
"3.141592653589793","34.5","13"
"3.0761428066400063","36","13"
"3.1415926535897927","37.5","13"
"3.1415926535897927","39","13"
"3.0761428066400063","40.5","13"
"3.0761428066400063","42","13"
"3.141592653589793","43.5","13"
"3.141592653589793","45","13"
"3.141592653589793","46.5","13"
"3.0106929596902186","48","13"
"3.141592653589793","49.5","13"
"3.141592653589793","51","13"
"3.1415926535897927","52.5","13"
"3.0761428066400063","54","13"
"3.141592653589793","55.5","13"
"3.0761428066400054","57","13"
"3.0761428066400063","58.5","13"
"3.0761428066400054","60","13"
"3.141592653589793","61.5","13"
"3.141592653589793","63","13"
"3.1415926535897927","64.5","13"
"3.141592653589793","66","13"
"3.0761428066400054","67.5","13"
"3.1415926535897922","69","13"
"3.0761428066400054","70.5","13"
"3.010692959690219","72","13"
"3.0761428066400054","73.5","13"
"3.141592653589793","75","13"
"3.076142806640006","76.5","13"
"3.0761428066400063","78","13"
"3.141592653589793","79.5","13"
"3.0761428066400054","81","13"
"3.0761428066400063","82.5","13"
"3.1415926535897927","84","13"
"3.141592653589793","85.5","13"
"3.076142806640006","87","13"
"3.076142806640006","88.5","13"
"3.0761428066400063","90","13"
"3.0761428066400054","91.5","13"
"3.141592653589793","93","13"
"3.076142806640006","94.5","13"
"3.1415926535897927","96","13"
"3.141592653589793","97.5","13"
"3.0761428066400063","99","13"
"3.076142806640006","100.5","13"
"3.141592653589793","102","13"
"3.1415926535897922","103.5","13"
"3.141592653589793","105","13"
"3.0106929596902186","106.5","13"
"3.0761428066400063","108","13"
"3.141592653589793","109.5","13"
"3.1415926535897927","111","13"
"3.0761428066400054","112.5","13"
"3.0761428066400054","114","13"
"3.1415926535897922","115.5","13"
"3.0761428066400063","117","13"
"3.0761428066400054","118.5","13"
"3.0761428066400054","120","13"
"3.141592653589793","121.5","13"
"3.076142806640006","123","13"
"3.0761428066400063","124.5","13"
"3.0761428066400054","126","13"
"3.0761428066400063","127.5","13"
"3.1415926535897927","129","13"
"3.0761428066400063","130.5","13"
"3.141592653589793","132","13"
"3.0761428066400063","133.5","13"
"3.076142806640006","135","13"
"3.141592653589793","136.5","13"
"3.141592653589793","138","13"
"3.1415926535897922","139.5","13"
"3.0761428066400063","141","13"
"3.010692959690219","142.5","13"
"3.076142806640006","144","13"
"3.0761428066400063","145.5","13"
"3.141592653589793","147","13"
"3.0106929596902186","148.5","13"
"3.0761428066400054","150","13"
"3.1415926535897922","151.5","13"
"3.0761428066400063","153","13"
"3.076142806640006","154.5","13"
"3.141592653589793","156","13"
"3.1415926535897927","157.5","13"
"3.0761428066400063","159","13"
"3.0761428066400063","160.5","13"
"3.0761428066400063","162","13"
"3.0761428066400054","163.5","13"
"3.076142806640006","165","13"
"3.1415926535897927","166.5","13"
"3.141592653589793","168","13"
"3.0761428066400063","169.5","13"
"3.0761428066400054","171","13"
"3.141592653589793","172.5","13"
"3.0761428066400054","174","13"
"3.141592653589793","175.5","13"
"3.076142806640006","177","13"
"3.1415926535897927","178.5","13"
"3.076142806640006","180","13"
"3.0761428066400063","181.5","13"
"3.0761428066400063","183","13"
"3.0761428066400054","184.5","13"
"3.0761428066400054","186","13"
"3.0761428066400054","187.5","13"
"3.076142806640006","189","13"
"3.076142806640006","190.5","13"
"3.1415926535897927","192","13"
"3.076142806640006","193.5","13"
"3.0761428066400063","195","13"
"3.141592653589793","196.5","13"
"3.141592653589793","198","13"
"3.1415926535897922","199.5","13"
"3.010692959690219","201","13"
"3.076142806640006","202.5","13"
"3.0761428066400063","204","13"
"3.076142806640006","205.5","13"
"3.0106929596902186","207","13"
"3.0761428066400054","208.5","13"
"3.0761428066400054","210","13"
"3.1415926535897922","211.5","13"
"3.0761428066400054","213","13"
"3.0761428066400063","214.5","13"
"3.0761428066400054","216","13"
"3.0106929596902186","217.5","13"
"3.0761428066400063","219","13"
"3.0761428066400054","220.5","13"
"3.0761428066400063","222","13"
"3.1415926535897922","223.5","13"
"3.141592653589793","225","13"
"3.0106929596902186","226.5","13"
"3.0761428066400063","228","13"
"3.076142806640006","229.5","13"
"3.141592653589793","231","13"
"3.0106929596902186","232.5","13"
"3.076142806640006","234","13"
"3.0761428066400063","235.5","13"
"3.0761428066400063","237","13"
"3.076142806640006","238.5","13"
"3.076142806640006","240","13"
"3.141592653589793","241.5","13"
"2.9452431127404313","243","13"
"2.945243112740431","244.5","13"
"3.0106929596902186","246","13"
"3.141592653589793","247.5","13"
"3.0761428066400063","249","13"
"3.0106929596902186","250.5","13"
"3.0761428066400063","252","13"
"3.0761428066400063","253.5","13"
"2.9452431127404313","255","13"
"3.0106929596902186","256.5","13"
"2.945243112740431","258","13"
"3.0761428066400054","259.5","13"
"3.141592653589793","261","13"
"3.0106929596902186","262.5","13"
"3.0761428066400063","264","13"
"3.0761428066400063","265.5","13"
"3.010692959690219","267","13"
"2.945243112740431","268.5","13"
"3.0106929596902186","270","13"
"3.141592653589793","271.5","13"
"3.0761428066400054","273","13"
"2.879793265790644","274.5","13"
"3.076142806640006","276","13"
"3.0761428066400063","277.5","13"
"3.0761428066400063","279","13"
"3.0106929596902186","280.5","13"
"2.9452431127404317","282","13"
"3.010692959690219","283.5","13"
"3.0761428066400063","285","13"
"3.0106929596902186","286.5","13"
"2.9452431127404313","288","13"
"3.076142806640006","289.5","13"
"3.010692959690219","291","13"
"2.945243112740431","292.5","13"
"3.141592653589793","294","13"
"2.9452431127404317","295.5","13"
"3.0761428066400063","297","13"
"3.0761428066400054","298.5","13"
"3.0106929596902186","300","13"
"3.141592653589793","1.5","14"
"3.141592653589793","3","14"
"3.0106929596902177","4.5","14"
"3.0761428066400054","6","14"
"3.141592653589793","7.5","14"
"3.0761428066400063","9","14"
"3.076142806640006","10.5","14"
"3.141592653589793","12","14"
"3.141592653589793","13.5","14"
"3.0106929596902186","15","14"
"3.0761428066400063","16.5","14"
"3.076142806640006","18","14"
"3.141592653589793","19.5","14"
"3.0761428066400054","21","14"
"3.0761428066400063","22.5","14"
"3.0761428066400054","24","14"
"3.0761428066400054","25.5","14"
"3.1415926535897927","27","14"
"3.1415926535897927","28.5","14"
"3.141592653589793","30","14"
"3.141592653589793","31.5","14"
"3.141592653589793","33","14"
"3.141592653589793","34.5","14"
"3.141592653589793","36","14"
"3.1415926535897927","37.5","14"
"3.141592653589793","39","14"
"3.0761428066400054","40.5","14"
"3.0761428066400054","42","14"
"3.076142806640006","43.5","14"
"3.141592653589793","45","14"
"3.141592653589793","46.5","14"
"3.141592653589793","48","14"
"3.076142806640006","49.5","14"
"3.141592653589793","51","14"
"3.0761428066400054","52.5","14"
"3.141592653589793","54","14"
"3.0761428066400054","55.5","14"
"3.141592653589793","57","14"
"3.141592653589793","58.5","14"
"3.0761428066400063","60","14"
"3.0761428066400063","61.5","14"
"3.1415926535897927","63","14"
"3.0761428066400054","64.5","14"
"3.1415926535897927","66","14"
"3.0761428066400054","67.5","14"
"3.141592653589793","69","14"
"3.1415926535897927","70.5","14"
"3.076142806640006","72","14"
"3.141592653589793","73.5","14"
"3.1415926535897927","75","14"
"3.0761428066400063","76.5","14"
"3.076142806640006","78","14"
"3.141592653589793","79.5","14"
"3.0761428066400063","81","14"
"3.0761428066400063","82.5","14"
"2.9452431127404317","84","14"
"3.076142806640006","85.5","14"
"3.076142806640006","87","14"
"3.0761428066400063","88.5","14"
"3.141592653589793","90","14"
"3.1415926535897927","91.5","14"
"3.0106929596902186","93","14"
"3.0106929596902186","94.5","14"
"3.0761428066400063","96","14"
"3.0761428066400054","97.5","14"
"3.0106929596902186","99","14"
"3.0761428066400054","100.5","14"
"3.141592653589793","102","14"
"3.141592653589793","103.5","14"
"3.0761428066400063","105","14"
"3.0761428066400054","106.5","14"
"3.0761428066400063","108","14"
"3.1415926535897927","109.5","14"
"3.141592653589793","111","14"
"3.141592653589793","112.5","14"
"3.141592653589793","114","14"
"3.076142806640006","115.5","14"
"3.1415926535897927","117","14"
"3.1415926535897922","118.5","14"
"3.0106929596902186","120","14"
"3.1415926535897927","121.5","14"
"3.076142806640006","123","14"
"3.141592653589793","124.5","14"
"3.141592653589793","126","14"
"3.141592653589793","127.5","14"
"3.0106929596902186","129","14"
"3.0761428066400063","130.5","14"
"3.0761428066400063","132","14"
"3.141592653589793","133.5","14"
"3.076142806640006","135","14"
"3.141592653589793","136.5","14"
"3.0106929596902186","138","14"
"3.1415926535897927","139.5","14"
"3.0761428066400063","141","14"
"3.076142806640006","142.5","14"
"3.0761428066400063","144","14"
"3.076142806640006","145.5","14"
"3.076142806640006","147","14"
"3.141592653589793","148.5","14"
"3.0761428066400063","150","14"
"3.0761428066400063","151.5","14"
"3.0761428066400063","153","14"
"3.1415926535897922","154.5","14"
"3.0761428066400054","156","14"
"3.0106929596902186","157.5","14"
"3.0761428066400063","159","14"
"3.076142806640006","160.5","14"
"3.0761428066400054","162","14"
"3.141592653589793","163.5","14"
"3.010692959690219","165","14"
"3.0761428066400063","166.5","14"
"3.0761428066400054","168","14"
"3.0106929596902186","169.5","14"
"3.0761428066400063","171","14"
"3.076142806640006","172.5","14"
"3.1415926535897927","174","14"
"2.945243112740431","175.5","14"
"3.010692959690219","177","14"
"3.0106929596902186","178.5","14"
"3.141592653589793","180","14"
"3.141592653589793","181.5","14"
"3.0106929596902186","183","14"
"3.1415926535897927","184.5","14"
"3.0106929596902186","186","14"
"2.945243112740431","187.5","14"
"2.8797932657906435","189","14"
"3.141592653589793","190.5","14"
"3.0761428066400063","192","14"
"3.141592653589793","193.5","14"
"3.0761428066400063","195","14"
"3.0106929596902186","196.5","14"
"3.1415926535897927","198","14"
"2.8143434188408563","199.5","14"
"2.8797932657906435","201","14"
"2.8797932657906444","202.5","14"
"3.076142806640006","204","14"
"3.0761428066400063","205.5","14"
"2.945243112740431","207","14"
"2.945243112740431","208.5","14"
"3.1415926535897927","210","14"
"2.9452431127404317","211.5","14"
"2.8143434188408567","213","14"
"2.879793265790644","214.5","14"
"2.9452431127404317","216","14"
"3.076142806640006","217.5","14"
"3.0106929596902186","219","14"
"3.0761428066400054","220.5","14"
"2.945243112740431","222","14"
"3.0761428066400054","223.5","14"
"3.141592653589793","225","14"
"2.879793265790644","226.5","14"
"2.8797932657906444","228","14"
"3.0761428066400063","229.5","14"
"3.010692959690219","231","14"
"2.879793265790644","232.5","14"
"2.9452431127404317","234","14"
"2.9452431127404317","235.5","14"
"2.945243112740431","237","14"
"3.0106929596902186","238.5","14"
"2.8143434188408567","240","14"
"2.879793265790644","241.5","14"
"3.0761428066400063","243","14"
"2.9452431127404313","244.5","14"
"2.9452431127404313","246","14"
"3.0106929596902186","247.5","14"
"3.141592653589793","249","14"
"2.879793265790644","250.5","14"
"2.8143434188408563","252","14"
"2.9452431127404313","253.5","14"
"3.141592653589793","255","14"
"3.0761428066400063","256.5","14"
"3.0106929596902186","258","14"
"3.0106929596902186","259.5","14"
"3.0106929596902186","261","14"
"3.0761428066400063","262.5","14"
"3.010692959690219","264","14"
"2.9452431127404317","265.5","14"
"3.0106929596902186","267","14"
"3.0106929596902186","268.5","14"
"3.076142806640006","270","14"
"2.9452431127404313","271.5","14"
"3.0106929596902186","273","14"
"3.0106929596902186","274.5","14"
"2.945243112740431","276","14"
"2.879793265790644","277.5","14"
"2.9452431127404317","279","14"
"2.9452431127404313","280.5","14"
"3.1415926535897927","282","14"
"3.0106929596902186","283.5","14"
"3.0106929596902186","285","14"
"3.0761428066400063","286.5","14"
"2.945243112740431","288","14"
"3.0761428066400063","289.5","14"
"2.9452431127404313","291","14"
"3.0761428066400063","292.5","14"
"3.0106929596902186","294","14"
"3.1415926535897927","295.5","14"
"3.0761428066400063","297","14"
"3.0761428066400054","298.5","14"
"3.0761428066400063","300","14"
"3.0761428066400054","1.5","15"
"3.141592653589793","3","15"
"3.141592653589793","4.5","15"
"3.0761428066400054","6","15"
"3.141592653589793","7.5","15"
"3.1415926535897927","9","15"
"3.1415926535897927","10.5","15"
"3.076142806640006","12","15"
"3.141592653589793","13.5","15"
"3.141592653589793","15","15"
"3.141592653589793","16.5","15"
"3.1415926535897927","18","15"
"3.141592653589793","19.5","15"
"3.1415926535897927","21","15"
"3.1415926535897927","22.5","15"
"3.0761428066400054","24","15"
"3.0761428066400054","25.5","15"
"3.076142806640006","27","15"
"3.1415926535897927","28.5","15"
"3.0761428066400054","30","15"
"3.141592653589793","31.5","15"
"3.1415926535897927","33","15"
"3.141592653589793","34.5","15"
"3.076142806640006","36","15"
"3.0761428066400054","37.5","15"
"3.141592653589793","39","15"
"3.010692959690218","40.5","15"
"3.0761428066400054","42","15"
"3.076142806640006","43.5","15"
"3.1415926535897927","45","15"
"3.0761428066400063","46.5","15"
"3.1415926535897927","48","15"
"3.0761428066400054","49.5","15"
"3.0761428066400054","51","15"
"3.1415926535897927","52.5","15"
"3.0761428066400054","54","15"
"3.141592653589793","55.5","15"
"3.1415926535897927","57","15"
"3.076142806640006","58.5","15"
"3.1415926535897927","60","15"
"3.0106929596902186","61.5","15"
"3.141592653589793","63","15"
"3.0761428066400054","64.5","15"
"3.0761428066400054","66","15"
"3.076142806640006","67.5","15"
"3.1415926535897927","69","15"
"3.0106929596902186","70.5","15"
"3.0761428066400054","72","15"
"3.076142806640006","73.5","15"
"3.0106929596902186","75","15"
"3.141592653589793","76.5","15"
"3.0761428066400054","78","15"
"3.141592653589793","79.5","15"
"3.141592653589793","81","15"
"3.076142806640006","82.5","15"
"3.141592653589793","84","15"
"3.076142806640006","85.5","15"
"3.0761428066400054","87","15"
"3.0761428066400054","88.5","15"
"3.0761428066400054","90","15"
"3.1415926535897927","91.5","15"
"3.0761428066400063","93","15"
"3.0761428066400054","94.5","15"
"3.0106929596902186","96","15"
"3.076142806640006","97.5","15"
"3.0106929596902186","99","15"
"3.0761428066400054","100.5","15"
"3.010692959690218","102","15"
"3.0761428066400063","103.5","15"
"3.0761428066400054","105","15"
"3.0761428066400054","106.5","15"
"2.945243112740431","108","15"
"3.141592653589793","109.5","15"
"3.0761428066400054","111","15"
"3.0106929596902186","112.5","15"
"3.010692959690218","114","15"
"2.945243112740431","115.5","15"
"3.1415926535897927","117","15"
"3.010692959690218","118.5","15"
"2.945243112740431","120","15"
"3.010692959690218","121.5","15"
"3.010692959690218","123","15"
"3.076142806640006","124.5","15"
"2.945243112740431","126","15"
"3.010692959690218","127.5","15"
"3.0761428066400063","129","15"
"2.945243112740431","130.5","15"
"2.945243112740431","132","15"
"3.010692959690218","133.5","15"
"3.1415926535897927","135","15"
"3.0761428066400054","136.5","15"
"2.879793265790643","138","15"
"2.945243112740431","139.5","15"
"3.0106929596902186","141","15"
"3.141592653589793","142.5","15"
"3.0761428066400054","144","15"
"3.010692959690218","145.5","15"
"3.0761428066400063","147","15"
"3.0761428066400054","148.5","15"
"2.8797932657906435","150","15"
"3.010692959690218","151.5","15"
"3.0761428066400054","153","15"
"3.076142806640006","154.5","15"
"2.945243112740431","156","15"
"2.945243112740431","157.5","15"
"3.010692959690218","159","15"
"3.0761428066400054","160.5","15"
"3.010692959690218","162","15"
"3.0761428066400054","163.5","15"
"3.0761428066400054","165","15"
"3.076142806640006","166.5","15"
"3.010692959690218","168","15"
"2.945243112740431","169.5","15"
"3.141592653589793","171","15"
"3.141592653589793","172.5","15"
"3.141592653589793","174","15"
"3.010692959690218","175.5","15"
"3.141592653589793","177","15"
"3.0761428066400054","178.5","15"
"3.0761428066400054","180","15"
"3.0761428066400063","181.5","15"
"3.141592653589793","183","15"
"3.0761428066400054","184.5","15"
"3.010692959690218","186","15"
"3.0761428066400054","187.5","15"
"3.076142806640006","189","15"
"3.1415926535897927","190.5","15"
"3.0761428066400063","192","15"
"3.141592653589793","193.5","15"
"3.141592653589793","195","15"
"3.141592653589793","196.5","15"
"3.010692959690218","198","15"
"3.1415926535897927","199.5","15"
"3.141592653589793","201","15"
"3.0761428066400054","202.5","15"
"3.1415926535897927","204","15"
"3.141592653589793","205.5","15"
"0","207","15"
"3.0761428066400063","208.5","15"
"3.076142806640006","210","15"
"3.1415926535897927","211.5","15"
"3.1415926535897927","213","15"
"3.0761428066400063","214.5","15"
"3.141592653589793","216","15"
"0","217.5","15"
"3.141592653589793","219","15"
"3.0761428066400063","220.5","15"
"3.0761428066400063","222","15"
"3.1415926535897927","223.5","15"
"3.141592653589793","225","15"
"3.1415926535897927","226.5","15"
"3.076142806640006","228","15"
"3.141592653589793","229.5","15"
"3.0106929596902186","231","15"
"3.076142806640006","232.5","15"
"3.0761428066400063","234","15"
"3.076142806640006","235.5","15"
"3.0761428066400063","237","15"
"3.076142806640006","238.5","15"
"3.0106929596902186","240","15"
"3.141592653589793","241.5","15"
"3.076142806640006","243","15"
"3.1415926535897927","244.5","15"
"3.076142806640006","246","15"
"3.1415926535897927","247.5","15"
"3.076142806640006","249","15"
"0","250.5","15"
"3.076142806640006","252","15"
"2.9452431127404313","253.5","15"
"3.1415926535897927","255","15"
"3.1415926535897927","256.5","15"
"3.0106929596902186","258","15"
"3.141592653589793","259.5","15"
"0","261","15"
"3.141592653589793","262.5","15"
"3.1415926535897927","264","15"
"3.0761428066400063","265.5","15"
"3.076142806640006","267","15"
"3.0761428066400063","268.5","15"
"3.141592653589793","270","15"
"3.076142806640006","271.5","15"
"3.141592653589793","273","15"
"3.076142806640006","274.5","15"
"3.0761428066400063","276","15"
"3.076142806640006","277.5","15"
"3.010692959690219","279","15"
"3.0761428066400063","280.5","15"
"3.076142806640006","282","15"
"3.076142806640006","283.5","15"
"3.076142806640006","285","15"
"3.076142806640006","286.5","15"
"3.1415926535897927","288","15"
"3.141592653589793","289.5","15"
"3.010692959690218","291","15"
"3.076142806640006","292.5","15"
"0","294","15"
"3.0761428066400063","295.5","15"
"3.141592653589793","297","15"
"3.0761428066400054","298.5","15"
"3.141592653589793","300","15"
"3.141592653589793","1.5","16"
"3.141592653589793","3","16"
"3.1415926535897927","4.5","16"
"3.0761428066400054","6","16"
"3.1415926535897927","7.5","16"
"3.141592653589793","9","16"
"3.076142806640006","10.5","16"
"2.945243112740431","12","16"
"3.141592653589793","13.5","16"
"3.1415926535897927","15","16"
"3.0761428066400054","16.5","16"
"3.076142806640006","18","16"
"3.1415926535897927","19.5","16"
"3.141592653589793","21","16"
"3.076142806640006","22.5","16"
"3.141592653589793","24","16"
"3.0761428066400063","25.5","16"
"3.0761428066400054","27","16"
"3.141592653589793","28.5","16"
"3.1415926535897927","30","16"
"3.0761428066400054","31.5","16"
"3.141592653589793","33","16"
"3.076142806640006","34.5","16"
"3.076142806640006","36","16"
"3.0761428066400054","37.5","16"
"3.141592653589793","39","16"
"3.1415926535897927","40.5","16"
"3.010692959690218","42","16"
"3.0761428066400054","43.5","16"
"3.076142806640006","45","16"
"3.076142806640006","46.5","16"
"3.0761428066400054","48","16"
"3.1415926535897927","49.5","16"
"3.141592653589793","51","16"
"3.0761428066400054","52.5","16"
"3.0761428066400054","54","16"
"3.076142806640006","55.5","16"
"3.0761428066400054","57","16"
"3.0761428066400054","58.5","16"
"3.0761428066400054","60","16"
"3.141592653589793","61.5","16"
"3.076142806640006","63","16"
"3.1415926535897927","64.5","16"
"3.010692959690218","66","16"
"3.141592653589793","67.5","16"
"3.0761428066400054","69","16"
"3.0761428066400054","70.5","16"
"3.141592653589793","72","16"
"3.141592653589793","73.5","16"
"3.1415926535897927","75","16"
"3.0761428066400054","76.5","16"
"3.141592653589793","78","16"
"3.1415926535897927","79.5","16"
"3.0761428066400054","81","16"
"3.0761428066400054","82.5","16"
"3.141592653589793","84","16"
"3.0761428066400054","85.5","16"
"3.0761428066400054","87","16"
"3.0761428066400054","88.5","16"
"3.0761428066400063","90","16"
"3.0761428066400054","91.5","16"
"3.1415926535897927","93","16"
"3.141592653589793","94.5","16"
"3.076142806640006","96","16"
"3.141592653589793","97.5","16"
"3.1415926535897927","99","16"
"3.141592653589793","100.5","16"
"3.0761428066400063","102","16"
"3.1415926535897927","103.5","16"
"3.076142806640006","105","16"
"3.0761428066400063","106.5","16"
"3.076142806640006","108","16"
"3.076142806640006","109.5","16"
"3.0761428066400063","111","16"
"3.1415926535897927","112.5","16"
"3.1415926535897927","114","16"
"3.076142806640006","115.5","16"
"3.141592653589793","117","16"
"3.141592653589793","118.5","16"
"3.076142806640006","120","16"
"3.141592653589793","121.5","16"
"3.0761428066400054","123","16"
"3.0761428066400063","124.5","16"
"3.141592653589793","126","16"
"3.141592653589793","127.5","16"
"3.141592653589793","129","16"
"3.141592653589793","130.5","16"
"3.0761428066400063","132","16"
"3.0761428066400054","133.5","16"
"3.0761428066400054","135","16"
"3.1415926535897927","136.5","16"
"3.0761428066400063","138","16"
"3.076142806640006","139.5","16"
"3.0761428066400063","141","16"
"3.141592653589793","142.5","16"
"3.1415926535897927","144","16"
"3.0761428066400054","145.5","16"
"3.141592653589793","147","16"
"3.141592653589793","148.5","16"
"3.076142806640006","150","16"
"3.141592653589793","151.5","16"
"3.1415926535897927","153","16"
"3.141592653589793","154.5","16"
"3.141592653589793","156","16"
"3.0761428066400054","157.5","16"
"3.076142806640006","159","16"
"3.0761428066400054","160.5","16"
"3.0761428066400054","162","16"
"3.0761428066400054","163.5","16"
"3.0761428066400054","165","16"
"3.141592653589793","166.5","16"
"3.141592653589793","168","16"
"3.1415926535897927","169.5","16"
"3.0106929596902186","171","16"
"3.076142806640006","172.5","16"
"3.141592653589793","174","16"
"3.0761428066400054","175.5","16"
"3.141592653589793","177","16"
"3.1415926535897927","178.5","16"
"3.1415926535897927","180","16"
"3.1415926535897927","181.5","16"
"3.0761428066400054","183","16"
"3.0761428066400054","184.5","16"
"3.0761428066400054","186","16"
"3.0761428066400054","187.5","16"
"3.076142806640006","189","16"
"3.0761428066400054","190.5","16"
"3.0761428066400054","192","16"
"3.076142806640006","193.5","16"
"3.010692959690218","195","16"
"3.141592653589793","196.5","16"
"3.141592653589793","198","16"
"3.0761428066400054","199.5","16"
"3.076142806640006","201","16"
"3.0761428066400054","202.5","16"
"3.0761428066400054","204","16"
"3.076142806640006","205.5","16"
"2.945243112740431","207","16"
"3.141592653589793","208.5","16"
"3.0761428066400054","210","16"
"3.0761428066400054","211.5","16"
"3.076142806640006","213","16"
"3.0761428066400054","214.5","16"
"3.141592653589793","216","16"
"3.076142806640006","217.5","16"
"3.0761428066400054","219","16"
"3.0761428066400063","220.5","16"
"3.0761428066400054","222","16"
"3.010692959690218","223.5","16"
"3.076142806640006","225","16"
"3.0761428066400054","226.5","16"
"3.1415926535897927","228","16"
"3.076142806640006","229.5","16"
"2.945243112740431","231","16"
"3.0761428066400063","232.5","16"
"3.1415926535897927","234","16"
"3.010692959690218","235.5","16"
"3.0106929596902186","237","16"
"3.0106929596902177","238.5","16"
"3.0761428066400063","240","16"
"3.076142806640006","241.5","16"
"3.0761428066400054","243","16"
"3.0761428066400054","244.5","16"
"3.010692959690218","246","16"
"3.1415926535897927","247.5","16"
"3.076142806640006","249","16"
"3.0106929596902177","250.5","16"
"3.141592653589793","252","16"
"3.141592653589793","253.5","16"
"2.945243112740431","255","16"
"3.0761428066400054","256.5","16"
"3.0761428066400054","258","16"
"3.1415926535897927","259.5","16"
"2.945243112740431","261","16"
"3.0106929596902177","262.5","16"
"3.0106929596902186","264","16"
"3.076142806640006","265.5","16"
"3.0761428066400054","267","16"
"3.1415926535897927","268.5","16"
"3.010692959690218","270","16"
"3.0761428066400054","271.5","16"
"2.945243112740431","273","16"
"3.0106929596902177","274.5","16"
"3.1415926535897927","276","16"
"3.076142806640006","277.5","16"
"2.945243112740431","279","16"
"3.1415926535897927","280.5","16"
"2.945243112740431","282","16"
"3.010692959690218","283.5","16"
"3.010692959690218","285","16"
"2.945243112740431","286.5","16"
"3.1415926535897927","288","16"
"3.0106929596902186","289.5","16"
"3.076142806640006","291","16"
"3.010692959690218","292.5","16"
"3.010692959690218","294","16"
"3.010692959690218","295.5","16"
"2.945243112740431","297","16"
"2.945243112740431","298.5","16"
"3.0106929596902177","300","16"
"3.1415926535897927","1.5","17"
"3.141592653589793","3","17"
"3.1415926535897927","4.5","17"
"3.141592653589793","6","17"
"3.0761428066400054","7.5","17"
"3.1415926535897922","9","17"
"3.1415926535897927","10.5","17"
"3.141592653589793","12","17"
"3.0761428066400063","13.5","17"
"3.076142806640006","15","17"
"3.1415926535897927","16.5","17"
"3.1415926535897927","18","17"
"3.141592653589793","19.5","17"
"3.141592653589793","21","17"
"3.1415926535897927","22.5","17"
"3.0761428066400063","24","17"
"3.0761428066400054","25.5","17"
"3.1415926535897927","27","17"
"3.0106929596902186","28.5","17"
"3.0761428066400054","30","17"
"3.1415926535897922","31.5","17"
"3.141592653589793","33","17"
"3.010692959690219","34.5","17"
"3.076142806640006","36","17"
"3.141592653589793","37.5","17"
"3.0761428066400063","39","17"
"3.0761428066400063","40.5","17"
"3.1415926535897927","42","17"
"3.1415926535897922","43.5","17"
"3.1415926535897927","45","17"
"3.141592653589793","46.5","17"
"3.0761428066400063","48","17"
"3.1415926535897927","49.5","17"
"3.0761428066400063","51","17"
"3.0761428066400063","52.5","17"
"3.1415926535897927","54","17"
"3.141592653589793","55.5","17"
"3.076142806640006","57","17"
"3.0761428066400063","58.5","17"
"3.0761428066400054","60","17"
"3.1415926535897927","61.5","17"
"3.0761428066400063","63","17"
"3.141592653589793","64.5","17"
"3.0761428066400063","66","17"
"3.0761428066400054","67.5","17"
"3.0761428066400063","69","17"
"3.141592653589793","70.5","17"
"3.141592653589793","72","17"
"3.0761428066400063","73.5","17"
"3.076142806640006","75","17"
"3.141592653589793","76.5","17"
"3.0761428066400063","78","17"
"3.1415926535897927","79.5","17"
"3.1415926535897927","81","17"
"3.0106929596902186","82.5","17"
"3.076142806640006","84","17"
"3.141592653589793","85.5","17"
"3.0761428066400063","87","17"
"3.141592653589793","88.5","17"
"3.141592653589793","90","17"
"3.0761428066400063","91.5","17"
"3.141592653589793","93","17"
"3.141592653589793","94.5","17"
"3.076142806640006","96","17"
"3.1415926535897927","97.5","17"
"3.141592653589793","99","17"
"3.0761428066400063","100.5","17"
"3.141592653589793","102","17"
"3.010692959690219","103.5","17"
"3.0761428066400063","105","17"
"3.076142806640006","106.5","17"
"3.076142806640006","108","17"
"3.141592653589793","109.5","17"
"3.010692959690218","111","17"
"3.141592653589793","112.5","17"
"3.141592653589793","114","17"
"3.1415926535897927","115.5","17"
"3.141592653589793","117","17"
"3.076142806640006","118.5","17"
"3.0761428066400063","120","17"
"3.076142806640006","121.5","17"
"3.141592653589793","123","17"
"3.010692959690218","124.5","17"
"3.1415926535897927","126","17"
"3.141592653589793","127.5","17"
"3.0761428066400054","129","17"
"3.141592653589793","130.5","17"
"3.141592653589793","132","17"
"3.076142806640006","133.5","17"
"3.0761428066400054","135","17"
"3.0761428066400054","136.5","17"
"3.1415926535897927","138","17"
"3.076142806640006","139.5","17"
"3.141592653589793","141","17"
"3.0106929596902186","142.5","17"
"3.076142806640006","144","17"
"3.0106929596902186","145.5","17"
"3.0106929596902177","147","17"
"3.0106929596902186","148.5","17"
"3.141592653589793","150","17"
"3.1415926535897927","151.5","17"
"3.0761428066400054","153","17"
"3.076142806640006","154.5","17"
"3.076142806640006","156","17"
"3.0761428066400063","157.5","17"
"3.0761428066400054","159","17"
"3.076142806640006","160.5","17"
"2.9452431127404313","162","17"
"3.0761428066400054","163.5","17"
"3.0761428066400054","165","17"
"3.076142806640006","166.5","17"
"3.076142806640006","168","17"
"3.076142806640006","169.5","17"
"3.1415926535897927","171","17"
"3.010692959690218","172.5","17"
"3.0761428066400054","174","17"
"3.076142806640006","175.5","17"
"3.0761428066400054","177","17"
"3.0761428066400054","178.5","17"
"3.141592653589793","180","17"
"3.076142806640006","181.5","17"
"3.1415926535897927","183","17"
"3.0761428066400054","184.5","17"
"3.0761428066400063","186","17"
"3.0761428066400063","187.5","17"
"3.141592653589793","189","17"
"3.0761428066400054","190.5","17"
"3.076142806640006","192","17"
"3.076142806640006","193.5","17"
"3.141592653589793","195","17"
"3.0761428066400054","196.5","17"
"3.076142806640006","198","17"
"3.0761428066400054","199.5","17"
"3.076142806640006","201","17"
"3.010692959690218","202.5","17"
"3.0761428066400054","204","17"
"3.141592653589793","205.5","17"
"3.141592653589793","207","17"
"3.141592653589793","208.5","17"
"3.0106929596902186","210","17"
"3.0106929596902177","211.5","17"
"3.141592653589793","213","17"
"3.076142806640006","214.5","17"
"3.076142806640006","216","17"
"3.1415926535897927","217.5","17"
"3.141592653589793","219","17"
"3.0106929596902177","220.5","17"
"3.0761428066400054","222","17"
"3.0761428066400054","223.5","17"
"3.0761428066400054","225","17"
"3.0761428066400054","226.5","17"
"3.0761428066400054","228","17"
"3.076142806640006","229.5","17"
"3.141592653589793","231","17"
"3.0761428066400054","232.5","17"
"3.010692959690218","234","17"
"3.0106929596902186","235.5","17"
"3.0106929596902186","237","17"
"3.076142806640006","238.5","17"
"3.076142806640006","240","17"
"3.1415926535897927","241.5","17"
"3.076142806640006","243","17"
"3.1415926535897927","244.5","17"
"3.010692959690218","246","17"
"3.0761428066400054","247.5","17"
"3.0106929596902186","249","17"
"3.141592653589793","250.5","17"
"3.0761428066400054","252","17"
"3.1415926535897927","253.5","17"
"3.141592653589793","255","17"
"3.0106929596902186","256.5","17"
"2.9452431127404304","258","17"
"3.141592653589793","259.5","17"
"3.076142806640006","261","17"
"3.010692959690218","262.5","17"
"3.010692959690218","264","17"
"3.0761428066400054","265.5","17"
"3.010692959690218","267","17"
"3.076142806640006","268.5","17"
"3.141592653589793","270","17"
"3.076142806640006","271.5","17"
"3.1415926535897927","273","17"
"3.141592653589793","274.5","17"
"2.945243112740431","276","17"
"3.0761428066400054","277.5","17"
"3.0761428066400054","279","17"
"3.076142806640006","280.5","17"
"2.945243112740431","282","17"
"3.0106929596902186","283.5","17"
"3.0761428066400054","285","17"
"3.010692959690218","286.5","17"
"3.141592653589793","288","17"
"3.0761428066400054","289.5","17"
"3.010692959690218","291","17"
"2.8797932657906435","292.5","17"
"3.0106929596902186","294","17"
"3.141592653589793","295.5","17"
"3.076142806640006","297","17"
"3.1415926535897927","298.5","17"
"3.010692959690218","300","17"
"3.141592653589793","1.5","18"
"3.141592653589793","3","18"
"3.076142806640006","4.5","18"
"3.0761428066400054","6","18"
"3.076142806640006","7.5","18"
"3.141592653589793","9","18"
"3.0761428066400063","10.5","18"
"3.141592653589793","12","18"
"3.141592653589793","13.5","18"
"3.0761428066400063","15","18"
"3.076142806640006","16.5","18"
"3.1415926535897927","18","18"
"3.076142806640006","19.5","18"
"3.076142806640006","21","18"
"3.0761428066400063","22.5","18"
"3.076142806640006","24","18"
"3.141592653589793","25.5","18"
"3.1415926535897927","27","18"
"3.010692959690218","28.5","18"
"3.1415926535897927","30","18"
"3.0761428066400063","31.5","18"
"3.141592653589793","33","18"
"3.076142806640006","34.5","18"
"3.0761428066400063","36","18"
"3.141592653589793","37.5","18"
"3.0761428066400063","39","18"
"3.0761428066400063","40.5","18"
"3.141592653589793","42","18"
"3.141592653589793","43.5","18"
"3.0761428066400054","45","18"
"3.1415926535897927","46.5","18"
"3.0106929596902186","48","18"
"3.076142806640006","49.5","18"
"3.0761428066400054","51","18"
"3.076142806640006","52.5","18"
"3.1415926535897927","54","18"
"3.1415926535897927","55.5","18"
"3.076142806640006","57","18"
"3.0761428066400054","58.5","18"
"3.0761428066400054","60","18"
"3.076142806640006","61.5","18"
"3.076142806640006","63","18"
"3.076142806640006","64.5","18"
"3.1415926535897927","66","18"
"3.141592653589793","67.5","18"
"3.0761428066400054","69","18"
"3.076142806640006","70.5","18"
"3.0761428066400054","72","18"
"3.076142806640006","73.5","18"
"3.0761428066400054","75","18"
"3.076142806640006","76.5","18"
"3.0761428066400054","78","18"
"3.0761428066400063","79.5","18"
"3.0761428066400054","81","18"
"3.0761428066400063","82.5","18"
"3.141592653589793","84","18"
"3.0106929596902186","85.5","18"
"3.0761428066400054","87","18"
"3.076142806640006","88.5","18"
"3.0761428066400054","90","18"
"3.0761428066400054","91.5","18"
"3.0761428066400063","93","18"
"2.945243112740431","94.5","18"
"3.0106929596902186","96","18"
"3.0106929596902186","97.5","18"
"3.0761428066400063","99","18"
"3.0761428066400054","100.5","18"
"3.1415926535897927","102","18"
"3.141592653589793","103.5","18"
"3.141592653589793","105","18"
"3.010692959690218","106.5","18"
"3.0106929596902186","108","18"
"2.945243112740431","109.5","18"
"3.0106929596902177","111","18"
"3.0761428066400054","112.5","18"
"3.141592653589793","114","18"
"2.9452431127404313","115.5","18"
"3.141592653589793","117","18"
"3.0761428066400054","118.5","18"
"2.945243112740431","120","18"
"2.9452431127404313","121.5","18"
"2.945243112740431","123","18"
"3.141592653589793","124.5","18"
"3.0106929596902186","126","18"
"2.9452431127404313","127.5","18"
"3.0106929596902177","129","18"
"3.0106929596902186","130.5","18"
"2.9452431127404313","132","18"
"2.9452431127404313","133.5","18"
"2.945243112740431","135","18"
"3.076142806640006","136.5","18"
"3.0761428066400054","138","18"
"3.0106929596902186","139.5","18"
"3.0761428066400054","141","18"
"3.0106929596902186","142.5","18"
"2.945243112740431","144","18"
"2.9452431127404313","145.5","18"
"2.9452431127404313","147","18"
"3.076142806640006","148.5","18"
"3.0761428066400063","150","18"
"3.0761428066400054","151.5","18"
"3.0761428066400054","153","18"
"3.141592653589793","154.5","18"
"3.076142806640006","156","18"
"2.814343418840856","157.5","18"
"2.9452431127404313","159","18"
"2.945243112740431","160.5","18"
"3.0761428066400063","162","18"
"3.0761428066400054","163.5","18"
"3.0106929596902177","165","18"
"3.0761428066400063","166.5","18"
"3.141592653589793","168","18"
"2.945243112740431","169.5","18"
"2.945243112740431","171","18"
"3.0761428066400054","172.5","18"
"3.076142806640006","174","18"
"3.0761428066400054","175.5","18"
"3.0761428066400054","177","18"
"3.141592653589793","178.5","18"
"3.141592653589793","180","18"
"3.0106929596902186","181.5","18"
"3.0106929596902177","183","18"
"3.0106929596902186","184.5","18"
"3.0761428066400063","186","18"
"3.141592653589793","187.5","18"
"3.076142806640006","189","18"
"3.0761428066400063","190.5","18"
"3.076142806640006","192","18"
"3.141592653589793","193.5","18"
"3.0761428066400054","195","18"
"3.076142806640006","196.5","18"
"3.141592653589793","198","18"
"3.1415926535897927","199.5","18"
"3.0761428066400054","201","18"
"3.0761428066400063","202.5","18"
"3.1415926535897927","204","18"
"3.0761428066400054","205.5","18"
"3.0106929596902186","207","18"
"3.0761428066400063","208.5","18"
"3.0761428066400054","210","18"
"3.1415926535897927","211.5","18"
"3.0761428066400063","213","18"
"3.0761428066400054","214.5","18"
"3.141592653589793","216","18"
"3.141592653589793","217.5","18"
"3.0761428066400063","219","18"
"3.0761428066400063","220.5","18"
"3.0761428066400063","222","18"
"3.141592653589793","223.5","18"
"3.076142806640006","225","18"
"3.141592653589793","226.5","18"
"3.076142806640006","228","18"
"3.0106929596902186","229.5","18"
"3.141592653589793","231","18"
"3.1415926535897922","232.5","18"
"3.076142806640006","234","18"
"3.141592653589793","235.5","18"
"3.1415926535897927","237","18"
"3.0761428066400063","238.5","18"
"3.076142806640006","240","18"
"3.141592653589793","241.5","18"
"3.010692959690219","243","18"
"3.0761428066400054","244.5","18"
"3.076142806640006","246","18"
"3.0761428066400054","247.5","18"
"2.9452431127404317","249","18"
"3.010692959690219","250.5","18"
"3.076142806640006","252","18"
"3.0761428066400063","253.5","18"
"3.0106929596902186","255","18"
"2.8797932657906444","256.5","18"
"3.1415926535897927","258","18"
"3.141592653589793","259.5","18"
"3.0761428066400063","261","18"
"2.8797932657906435","262.5","18"
"3.0106929596902186","264","18"
"3.0761428066400063","265.5","18"
"3.0106929596902186","267","18"
"3.0106929596902186","268.5","18"
"2.814343418840857","270","18"
"3.010692959690219","271.5","18"
"3.0761428066400063","273","18"
"2.9452431127404313","274.5","18"
"3.0761428066400063","276","18"
"2.8143434188408567","277.5","18"
"3.141592653589793","279","18"
"2.9452431127404317","280.5","18"
"2.8143434188408567","282","18"
"2.879793265790644","283.5","18"
"3.076142806640006","285","18"
"3.076142806640006","286.5","18"
"3.076142806640006","288","18"
"2.9452431127404317","289.5","18"
"3.0106929596902186","291","18"
"3.0761428066400063","292.5","18"
"2.879793265790644","294","18"
"3.0106929596902186","295.5","18"
"2.945243112740431","297","18"
"3.141592653589793","298.5","18"
"3.141592653589793","300","18"
"3.141592653589793","1.5","19"
"3.0761428066400063","3","19"
"3.1415926535897927","4.5","19"
"3.0761428066400054","6","19"
"3.0761428066400063","7.5","19"
"3.1415926535897927","9","19"
"3.141592653589793","10.5","19"
"3.1415926535897927","12","19"
"3.076142806640006","13.5","19"
"3.1415926535897927","15","19"
"3.0761428066400054","16.5","19"
"3.0761428066400054","18","19"
"3.1415926535897927","19.5","19"
"3.1415926535897927","21","19"
"3.0761428066400063","22.5","19"
"3.141592653589793","24","19"
"3.141592653589793","25.5","19"
"3.0761428066400054","27","19"
"3.0761428066400054","28.5","19"
"3.141592653589793","30","19"
"3.0761428066400054","31.5","19"
"3.0761428066400054","33","19"
"3.1415926535897927","34.5","19"
"3.1415926535897927","36","19"
"3.1415926535897927","37.5","19"
"3.1415926535897927","39","19"
"3.141592653589793","40.5","19"
"3.141592653589793","42","19"
"3.0761428066400054","43.5","19"
"3.141592653589793","45","19"
"3.076142806640006","46.5","19"
"3.076142806640006","48","19"
"3.0761428066400054","49.5","19"
"3.0761428066400054","51","19"
"3.076142806640006","52.5","19"
"3.0761428066400054","54","19"
"3.1415926535897927","55.5","19"
"3.141592653589793","57","19"
"3.1415926535897927","58.5","19"
"3.1415926535897927","60","19"
"3.076142806640006","61.5","19"
"3.0106929596902186","63","19"
"3.076142806640006","64.5","19"
"3.0761428066400054","66","19"
"3.0761428066400054","67.5","19"
"3.076142806640006","69","19"
"3.076142806640006","70.5","19"
"3.0761428066400054","72","19"
"3.1415926535897927","73.5","19"
"3.0761428066400054","75","19"
"3.141592653589793","76.5","19"
"3.0761428066400063","78","19"
"3.010692959690218","79.5","19"
"3.076142806640006","81","19"
"2.945243112740431","82.5","19"
"3.076142806640006","84","19"
"3.0761428066400063","85.5","19"
"3.0106929596902186","87","19"
"3.076142806640006","88.5","19"
"3.141592653589793","90","19"
"3.0761428066400054","91.5","19"
"3.010692959690218","93","19"
"3.076142806640006","94.5","19"
"3.0761428066400063","96","19"
"3.0761428066400063","97.5","19"
"3.0106929596902186","99","19"
"3.0761428066400054","100.5","19"
"3.141592653589793","102","19"
"3.1415926535897927","103.5","19"
"3.0761428066400054","105","19"
"3.0761428066400063","106.5","19"
"3.0761428066400063","108","19"
"3.0761428066400054","109.5","19"
"3.010692959690218","111","19"
"3.076142806640006","112.5","19"
"3.0106929596902186","114","19"
"3.010692959690218","115.5","19"
"2.945243112740431","117","19"
"3.1415926535897927","118.5","19"
"3.0761428066400063","120","19"
"2.945243112740431","121.5","19"
"3.010692959690218","123","19"
"3.0761428066400063","124.5","19"
"2.945243112740431","126","19"
"2.945243112740431","127.5","19"
"2.8797932657906435","129","19"
"3.141592653589793","130.5","19"
"3.0106929596902186","132","19"
"3.076142806640006","133.5","19"
"2.945243112740431","135","19"
"3.1415926535897927","136.5","19"
"3.0761428066400063","138","19"
"2.945243112740431","139.5","19"
"3.0106929596902186","141","19"
"3.010692959690218","142.5","19"
"3.0106929596902186","144","19"
"3.0761428066400054","145.5","19"
"3.0761428066400054","147","19"
"3.010692959690218","148.5","19"
"3.0761428066400063","150","19"
"3.0761428066400054","151.5","19"
"2.945243112740431","153","19"
"3.0761428066400054","154.5","19"
"3.010692959690218","156","19"
"2.945243112740431","157.5","19"
"2.945243112740431","159","19"
"3.010692959690218","160.5","19"
"3.141592653589793","162","19"
"2.945243112740431","163.5","19"
"3.0761428066400063","165","19"
"3.141592653589793","166.5","19"
"3.076142806640006","168","19"
"3.010692959690218","169.5","19"
"3.010692959690218","171","19"
"3.0761428066400054","172.5","19"
"3.141592653589793","174","19"
"3.0761428066400054","175.5","19"
"3.0761428066400054","177","19"
"3.1415926535897927","178.5","19"
"3.0761428066400063","180","19"
"3.0761428066400063","181.5","19"
"3.141592653589793","183","19"
"3.141592653589793","184.5","19"
"3.076142806640006","186","19"
"3.141592653589793","187.5","19"
"3.141592653589793","189","19"
"3.1415926535897927","190.5","19"
"3.0761428066400063","192","19"
"3.1415926535897927","193.5","19"
"3.0761428066400054","195","19"
"3.141592653589793","196.5","19"
"3.0761428066400054","198","19"
"3.076142806640006","199.5","19"
"3.141592653589793","201","19"
"3.1415926535897927","202.5","19"
"3.1415926535897927","204","19"
"3.0761428066400063","205.5","19"
"3.076142806640006","207","19"
"0","208.5","19"
"3.076142806640006","210","19"
"3.076142806640006","211.5","19"
"3.1415926535897927","213","19"
"3.076142806640006","214.5","19"
"3.1415926535897927","216","19"
"3.0761428066400063","217.5","19"
"3.141592653589793","219","19"
"2.945243112740431","220.5","19"
"3.076142806640006","222","19"
"3.141592653589793","223.5","19"
"3.1415926535897927","225","19"
"3.1415926535897927","226.5","19"
"3.0761428066400063","228","19"
"3.076142806640006","229.5","19"
"0","231","19"
"3.141592653589793","232.5","19"
"3.141592653589793","234","19"
"3.0761428066400054","235.5","19"
"3.1415926535897927","237","19"
"3.1415926535897927","238.5","19"
"3.076142806640006","240","19"
"3.141592653589793","241.5","19"
"3.0106929596902186","243","19"
"3.141592653589793","244.5","19"
"3.076142806640006","246","19"
"3.0761428066400063","247.5","19"
"3.1415926535897927","249","19"
"3.076142806640006","250.5","19"
"3.0106929596902186","252","19"
"0","253.5","19"
"3.141592653589793","255","19"
"3.0761428066400054","256.5","19"
"3.076142806640006","258","19"
"3.0761428066400063","259.5","19"
"3.0761428066400063","261","19"
"3.076142806640006","262.5","19"
"3.141592653589793","264","19"
"0","265.5","19"
"3.141592653589793","267","19"
"3.141592653589793","268.5","19"
"3.0761428066400063","270","19"
"3.0761428066400063","271.5","19"
"3.076142806640006","273","19"
"3.076142806640006","274.5","19"
"0","276","19"
"3.141592653589793","277.5","19"
"3.141592653589793","279","19"
"3.141592653589793","280.5","19"
"3.0761428066400063","282","19"
"3.0106929596902186","283.5","19"
"3.0106929596902186","285","19"
"0","286.5","19"
"3.0761428066400054","288","19"
"0","289.5","19"
"0","291","19"
"3.076142806640006","292.5","19"
"3.0761428066400063","294","19"
"3.076142806640006","295.5","19"
"3.076142806640006","297","19"
"0","298.5","19"
"3.0761428066400054","300","19"