"nusselt","time","episode"
"22.79400712437088","1.5","0"
"27.19045928185764","3","0"
"7.902453641077199","4.5","0"
"13.272956798856569","6","0"
"31.071607679922916","7.5","0"
"14.265598620249987","9","0"
"9.721345079149318","10.5","0"
"26.95745025858919","12","0"
"30.178262099816756","13.5","0"
"8.965398211862093","15","0"
"11.330627187241074","16.5","0"
"30.81267779015806","18","0"
"22.614758155935178","19.5","0"
"8.2791651813579","21","0"
"25.116837005459548","22.5","0"
"18.872192394113203","24","0"
"10.129700218063789","25.5","0"
"22.98512146222518","27","0"
"30.158929039747914","28.5","0"
"8.3426936934073","30","0"
"7.89848109448771","31.5","0"
"33.29540789850863","33","0"
"22.227476679739947","34.5","0"
"1.2590937411930603","36","0"
"15.665256588428921","37.5","0"
"31.992384739636496","39","0"
"16.789257283714758","40.5","0"
"8.96687659159068","42","0"
"25.822277647192916","43.5","0"
"20.0224728789645","45","0"
"10.626508985359207","46.5","0"
"21.95538685822491","48","0"
"27.82717312524786","49.5","0"
"8.465054226571029","51","0"
"10.567703099419811","52.5","0"
"32.28631834035873","54","0"
"23.491809325644457","55.5","0"
"2.5067039043146315","57","0"
"15.509036193797288","58.5","0"
"32.24059572298972","60","0"
"16.669701054821108","61.5","0"
"9.27470887834114","63","0"
"29.112284977567388","64.5","0"
"20.569198088032838","66","0"
"15.774907586023778","67.5","0"
"20.05176518302699","69","0"
"33.713476610772396","70.5","0"
"7.743671999302343","72","0"
"4.764602250046366","73.5","0"
"30.002529183581753","75","0"
"28.35718576112042","76.5","0"
"14.522929037309078","78","0"
"17.23795467865248","79.5","0"
"24.055567699387723","81","0"
"14.862992092956754","82.5","0"
"17.2733207973689","84","0"
"27.795108750297704","85.5","0"
"9.252148995340836","87","0"
"8.763201688664616","88.5","0"
"31.635204015581614","90","0"
"34.802159973001686","91.5","0"
"5.891752233911369","93","0"
"4.222607507640512","94.5","0"
"31.955352939104483","96","0"
"23.359418983514768","97.5","0"
"15.146307843277086","99","0"
"16.63075093244917","100.5","0"
"20.323924698341845","102","0"
"17.967049396043258","103.5","0"
"21.580596253301625","105","0"
"19.623733742079583","106.5","0"
"6.416435036443031","108","0"
"14.15962048590541","109.5","0"
"36.11211766495547","111","0"
"19.92261908727872","112.5","0"
"3.2377284865809277","114","0"
"22.999720570941548","115.5","0"
"31.748832786800946","117","0"
"14.96820359550336","118.5","0"
"13.772210076180519","120","0"
"27.628732226687944","121.5","0"
"18.088023893763154","123","0"
"12.286682377248802","124.5","0"
"27.947130093490447","126","0"
"22.592832486513196","127.5","0"
"6.997497945094258","129","0"
"18.98004006463783","130.5","0"
"36.41377333869727","132","0"
"19.26872397988896","133.5","0"
"4.411070867584328","135","0"
"26.34376324665804","136.5","0"
"23.455056300311707","138","0"
"8.451612906104096","139.5","0"
"20.78318767333161","141","0"
"30.765794771022115","142.5","0"
"13.837588087442526","144","0"
"6.848110591948295","145.5","0"
"27.202096404081846","147","0"
"21.622409048500987","148.5","0"
"5.671883541011902","150","0"
"19.393092565659874","151.5","0"
"28.20569931784126","153","0"
"10.39469085489511","154.5","0"
"13.371925479284693","156","0"
"27.848504655026414","157.5","0"
"15.483448115194994","159","0"
"9.010512750827717","160.5","0"
"32.50632075823659","162","0"
"27.074143814655415","163.5","0"
"1.9694938590592423","165","0"
"15.030612650893222","166.5","0"
"33.13223728969039","168","0"
"16.3621893595498","169.5","0"
"13.235870114457203","171","0"
"26.720691708890666","172.5","0"
"18.27036378222067","174","0"
"13.01057358131085","175.5","0"
"27.142286927425104","177","0"
"31.512459295346403","178.5","0"
"2.4459973377783895","180","0"
"12.116294104287158","181.5","0"
"33.30258287519964","183","0"
"17.127077070180867","184.5","0"
"9.731621429932126","186","0"
"26.968798151544163","187.5","0"
"24.63999725415629","189","0"
"2.7154004633105346","190.5","0"
"14.18883089975312","192","0"
"32.45154143158154","193.5","0"
"17.42416780003475","195","0"
"6.086496747563564","196.5","0"
"24.339634400401067","198","0"
"27.345296254562932","199.5","0"
"14.737560676738651","201","0"
"19.238703375618396","202.5","0"
"22.556072491800464","204","0"
"13.630442433285644","205.5","0"
"14.856460041569038","207","0"
"31.699419882731693","208.5","0"
"15.972109677291972","210","0"
"5.757779406939617","211.5","0"
"25.544729058807324","213","0"
"30.902572337850195","214.5","0"
"13.053315046392752","216","0"
"8.537298819459865","217.5","0"
"27.292083296058735","219","0"
"15.734817970024856","220.5","0"
"7.056166621365268","222","0"
"25.786977737586323","223.5","0"
"26.810067037774175","225","0"
"10.998706109756855","226.5","0"
"16.602594637323676","228","0"
"30.88722924782079","229.5","0"
"12.29741260890291","231","0"
"6.916632229168233","232.5","0"
"31.014646937333637","234","0"
"26.875749959410374","235.5","0"
"4.509327800081835","237","0"
"15.936740073885561","238.5","0"
"28.185958549043495","240","0"
"12.914222774238299","241.5","0"
"10.680842271695438","243","0"
"28.516450032458998","244.5","0"
"19.78607499468002","246","0"
"10.563925695469806","247.5","0"
"23.782275659825867","249","0"
"29.981028646338647","250.5","0"
"10.420222307285053","252","0"
"8.342256364813458","253.5","0"
"27.520408895979575","255","0"
"25.192775369738612","256.5","0"
"10.42622817048416","258","0"
"20.68443678602791","259.5","0"
"25.864958130199984","261","0"
"14.117687468901368","262.5","0"
"13.956583281247658","264","0"
"24.55756517007941","265.5","0"
"14.962859823402498","267","0"
"10.772061872756566","268.5","0"
"24.30958069157559","270","0"
"25.893135333465423","271.5","0"
"6.822148344758243","273","0"
"15.666298510736164","274.5","0"
"34.15168683118287","276","0"
"19.570290794035998","277.5","0"
"9.66924025206219","279","0"
"20.83440390447109","280.5","0"
"26.442073320677906","282","0"
"9.952104735028716","283.5","0"
"12.302144817910388","285","0"
"27.266791416105658","286.5","0"
"17.003145813003798","288","0"
"13.137327437380451","289.5","0"
"25.43653640397361","291","0"
"19.42710662465987","292.5","0"
"4.006236572319291","294","0"
"17.538850689976293","295.5","0"
"35.16389170218452","297","0"
"10.360952957576883","298.5","0"
"4.4164133329264414","300","0"
"14.479866109575525","1.5","1"
"6.324240593356982","3","1"
"24.45351232695474","4.5","1"
"31.35824085511447","6","1"
"15.02980768750535","7.5","1"
"13.895556776611638","9","1"
"20.261456403222137","10.5","1"
"11.482078783620326","12","1"
"20.445247665060815","13.5","1"
"33.50936437925249","15","1"
"9.707303520831472","16.5","1"
"0.6467375541486989","18","1"
"25.227538637086628","19.5","1"
"39.472714360473155","21","1"
"4.071969586374108","22.5","1"
"4.169590562948297","24","1"
"30.383841385822784","25.5","1"
"27.064501677450927","27","1"
"11.735167461788139","28.5","1"
"22.016931710497058","30","1"
"26.081515932021958","31.5","1"
"2.1113806347931776","33","1"
"14.686259070694398","34.5","1"
"38.19402479180663","36","1"
"13.591210051024454","37.5","1"
"-3.404884273989875","39","1"
"22.12998376552292","40.5","1"
"36.62376075754163","42","1"
"6.434797174763194","43.5","1"
"5.0098773820823554","45","1"
"29.36295963674409","46.5","1"
"23.202374459700316","48","1"
"10.050117739226868","49.5","1"
"22.639691112819204","51","1"
"27.441285525048936","52.5","1"
"6.741403286223148","54","1"
"15.375527266180558","55.5","1"
"29.439054812072737","57","1"
"10.434769145651561","58.5","1"
"5.366664771754527","60","1"
"33.87691554071993","61.5","1"
"23.677395202828386","63","1"
"4.732034337392542","64.5","1"
"17.856149137086707","66","1"
"38.34282802379289","67.5","1"
"22.55671715944876","69","1"
"7.641952156126499","70.5","1"
"22.12720124056528","72","1"
"23.005618408750944","73.5","1"
"11.971308350185799","75","1"
"19.17134780278662","76.5","1"
"24.352566084956848","78","1"
"11.926451678279491","79.5","1"
"17.605394330040216","81","1"
"35.28360474212776","82.5","1"
"16.634943014508078","84","1"
"7.788404964713977","85.5","1"
"25.452010169877664","87","1"
"32.34318848100825","88.5","1"
"3.8285670396219134","90","1"
"8.078145612204809","91.5","1"
"25.88148078779126","93","1"
"18.782400644775795","94.5","1"
"18.310157199570376","96","1"
"25.58658192794158","97.5","1"
"16.19362096593584","99","1"
"8.084654141935086","100.5","1"
"28.72342145211634","102","1"
"30.382625229016","103.5","1"
"8.85232873338628","105","1"
"8.024640810913885","106.5","1"
"26.458758016353755","108","1"
"24.276923919327004","109.5","1"
"16.833591252122446","111","1"
"21.54150151629507","112.5","1"
"15.277506421429928","114","1"
"12.733366492544354","115.5","1"
"25.81511486691687","117","1"
"25.76287065223011","118.5","1"
"4.77333836785325","120","1"
"10.446365322768377","121.5","1"
"34.337361567961565","123","1"
"20.423328965018815","124.5","1"
"1.1633172545896149","126","1"
"21.990319133037477","127.5","1"
"35.357981965290946","129","1"
"12.966570658452284","130.5","1"
"8.349837307888398","132","1"
"19.518774879557313","133.5","1"
"23.40091118723498","135","1"
"16.29166097648142","136.5","1"
"22.040693811544184","138","1"
"20.7481578271993","139.5","1"
"14.185956901683223","141","1"
"20.09750870853595","142.5","1"
"28.555614463265368","144","1"
"14.727922024224156","145.5","1"
"5.408132147058552","147","1"
"30.091737247345705","148.5","1"
"28.858691890523406","150","1"
"14.446507172293794","151.5","1"
"16.293209921182324","153","1"
"28.74553703714282","154.5","1"
"15.163726066195997","156","1"
"15.10181706381981","157.5","1"
"32.74984831824221","159","1"
"17.21550630573188","160.5","1"
"4.488106909210487","162","1"
"18.392042187318705","163.5","1"
"32.194622207941364","165","1"
"14.529603960986416","166.5","1"
"8.085558418987693","168","1"
"23.23150298333324","169.5","1"
"17.658744933799046","171","1"
"14.970723026366691","172.5","1"
"19.788538670503502","174","1"
"20.3214854153483","175.5","1"
"7.521078714416336","177","1"
"18.976600675616933","178.5","1"
"30.538596468313294","180","1"
"18.047097952166446","181.5","1"
"2.4378065739550627","183","1"
"20.18313625333438","184.5","1"
"30.720242903462648","186","1"
"14.581820298153248","187.5","1"
"12.206836804317579","189","1"
"23.37239596904043","190.5","1"
"18.736343497167667","192","1"
"9.76798329881341","193.5","1"
"27.649514917792953","195","1"
"15.62394210389824","196.5","1"
"7.942443943411382","198","1"
"17.186653072608227","199.5","1"
"30.34352700731946","201","1"
"14.034377242946812","202.5","1"
"7.745830764751631","204","1"
"24.774872180249407","205.5","1"
"25.570165553395018","207","1"
"13.73561908893234","208.5","1"
"16.228020083179818","210","1"
"25.00749266058388","211.5","1"
"7.116337634608552","213","1"
"15.519235881400299","214.5","1"
"32.04096131810796","216","1"
"27.663373529886282","217.5","1"
"1.6492980011180596","219","1"
"11.043622892565502","220.5","1"
"34.55924920312444","222","1"
"19.754953228372372","223.5","1"
"6.625542135478472","225","1"
"20.654630490191778","226.5","1"
"25.22418113828051","228","1"
"11.686709362776362","229.5","1"
"13.145941591037658","231","1"
"29.87797939393132","232.5","1"
"11.273176845708091","234","1"
"13.750489132295494","235.5","1"
"27.019552661259866","237","1"
"22.788891599464414","238.5","1"
"11.1433198732017","240","1"
"20.019153711748285","241.5","1"
"35.43473574702786","243","1"
"11.546522897964802","244.5","1"
"1.1246558170041026","246","1"
"25.900167437866816","247.5","1"
"33.901040049526095","249","1"
"7.882528183709923","250.5","1"
"4.4473652205970415","252","1"
"25.92895620422564","253.5","1"
"23.551374874001844","255","1"
"12.944073499871811","256.5","1"
"20.78227991158901","258","1"
"20.4328961813885","259.5","1"
"5.885135678791376","261","1"
"15.652499138372677","262.5","1"
"33.54989480853524","264","1"
"12.982710000144577","265.5","1"
"5.800428963323014","267","1"
"28.79315184117683","268.5","1"
"32.760542831823905","270","1"
"8.23437471856142","271.5","1"
"7.933009145261347","273","1"
"26.417596858182673","274.5","1"
"20.97602170569636","276","1"
"14.255521767969151","277.5","1"
"20.71683917590717","279","1"
"22.97451232354825","280.5","1"
"10.42071451974625","282","1"
"21.928457173976167","283.5","1"
"30.799031744154167","285","1"
"6.1218123382751175","286.5","1"
"-0.167801326229739","288","1"
"27.73693185090164","289.5","1"
"35.2477228892927","291","1"
"8.155530994002543","292.5","1"
"9.309334500434518","294","1"
"33.25033691816789","295.5","1"
"31.31956428090681","297","1"
"9.367710027160054","298.5","1"
"13.763296239184106","300","1"
"13.813227490889485","1.5","2"
"10.04662520868361","3","2"
"23.561555395809904","4.5","2"
"26.369215422350692","6","2"
"10.36049646318809","7.5","2"
"12.506162091628047","9","2"
"28.91932549636297","10.5","2"
"13.701981376451348","12","2"
"11.108443353428983","13.5","2"
"29.624879390521034","15","2"
"20.966987646895266","16.5","2"
"6.437403722876296","18","2"
"20.01705767071883","19.5","2"
"29.88351656632667","21","2"
"7.379802412810161","22.5","2"
"7.649222090619762","24","2"
"33.46748189025331","25.5","2"
"28.31423521463907","27","2"
"5.052654129650415","28.5","2"
"15.438411981754163","30","2"
"36.73396756319002","31.5","2"
"22.979113856681074","33","2"
"4.198187671357628","34.5","2"
"22.182444030989107","36","2"
"27.575670852198346","37.5","2"
"12.055552473057885","39","2"
"17.316379369239964","40.5","2"
"23.90166113890997","42","2"
"10.210706192761943","43.5","2"
"12.314583418832475","45","2"
"30.22070910859444","46.5","2"
"20.514502393937565","48","2"
"5.704104727011644","49.5","2"
"19.889754975975677","51","2"
"32.16671332580521","52.5","2"
"14.05036064476202","54","2"
"7.976778593890531","55.5","2"
"26.46958494815511","57","2"
"22.49305535800721","58.5","2"
"10.802801194337729","60","2"
"16.70080017064382","61.5","2"
"27.283561486686285","63","2"
"11.644154328608964","64.5","2"
"11.704562300771622","66","2"
"27.418814501643396","67.5","2"
"19.401685811177135","69","2"
"7.7357948575781865","70.5","2"
"24.560699648726118","72","2"
"31.86238489484048","73.5","2"
"14.236752356506317","75","2"
"3.8228251416896066","76.5","2"
"26.172898442340156","78","2"
"24.270208921714772","79.5","2"
"10.519341700555277","81","2"
"22.55654292494922","82.5","2"
"26.594458813974686","84","2"
"14.191409570346297","85.5","2"
"12.330201799371148","87","2"
"22.671879194264033","88.5","2"
"16.21406041507676","90","2"
"13.07125597281028","91.5","2"
"24.63443220424102","93","2"
"20.60824055468953","94.5","2"
"11.122835123090903","96","2"
"19.337638951491606","97.5","2"
"32.06363271118797","99","2"
"15.114229529566966","100.5","2"
"9.498529645276399","102","2"
"22.953536232148757","103.5","2"
"23.517954954645273","105","2"
"11.777628409325786","106.5","2"
"15.165139107987256","108","2"
"21.20266071566166","109.5","2"
"13.554037120547816","111","2"
"15.106327995012874","112.5","2"
"29.87520906538865","114","2"
"16.83553919382729","115.5","2"
"6.262473592097921","117","2"
"21.282306790090914","118.5","2"
"33.107206761486616","120","2"
"11.198452895890814","121.5","2"
"4.373556001902345","123","2"
"25.102656059542074","124.5","2"
"26.845898362604363","126","2"
"12.063446167059498","127.5","2"
"17.747325753364656","129","2"
"20.679911916074882","130.5","2"
"8.367739902716027","132","2"
"14.080319395785246","133.5","2"
"32.212651993953656","135","2"
"18.78120539610896","136.5","2"
"9.316938965166898","138","2"
"19.6024893295508","139.5","2"
"33.19100658638488","141","2"
"14.640801289764681","142.5","2"
"9.698980338788497","144","2"
"22.31992202050533","145.5","2"
"21.540313237008217","147","2"
"15.244910631256177","148.5","2"
"20.991805609009596","150","2"
"22.513165503944","151.5","2"
"9.994492504076556","153","2"
"14.231077538856333","154.5","2"
"30.38553146046831","156","2"
"18.820902984483915","157.5","2"
"4.675046588455834","159","2"
"22.413233306733424","160.5","2"
"23.05530137629448","162","2"
"13.881239056612023","163.5","2"
"17.275929087827","165","2"
"27.327648042104627","166.5","2"
"15.256573888655316","168","2"
"6.719500267286104","169.5","2"
"24.306960204702523","171","2"
"27.838719645532308","172.5","2"
"10.235485823286375","174","2"
"11.81208589512711","175.5","2"
"26.99272229067586","177","2"
"20.39663449734445","178.5","2"
"13.722913909225959","180","2"
"26.183209640022874","181.5","2"
"24.012812295545857","183","2"
"5.16403745375694","184.5","2"
"19.923228908027106","186","2"
"35.56681943643836","187.5","2"
"22.749840421082745","189","2"
"8.265837113315667","190.5","2"
"21.53558102800074","192","2"
"24.71668482678337","193.5","2"
"14.601478305563733","195","2"
"19.496943296765078","196.5","2"
"27.006847481553482","198","2"
"11.07186978963076","199.5","2"
"17.70561749886502","201","2"
"31.379504433438207","202.5","2"
"18.88638030941066","204","2"
"4.33599627083673","205.5","2"
"19.955824698200853","207","2"
"29.546125396729423","208.5","2"
"10.93014134949828","210","2"
"10.779568766169204","211.5","2"
"27.082332836133745","213","2"
"14.705945826797306","214.5","2"
"12.86141491094553","216","2"
"25.041804660578087","217.5","2"
"23.095066916124257","219","2"
"8.944898651818836","220.5","2"
"15.467230367977908","222","2"
"28.156657533256027","223.5","2"
"17.942961476481994","225","2"
"7.466102502776806","226.5","2"
"17.88500933959034","228","2"
"22.237718183622846","229.5","2"
"13.316882187362841","231","2"
"19.745647363751996","232.5","2"
"23.762360656528564","234","2"
"14.644339992450318","235.5","2"
"11.68409497411078","237","2"
"25.896008460362822","238.5","2"
"23.326694259811358","240","2"
"14.26570316094971","241.5","2"
"12.114316542717392","243","2"
"27.147331016186758","244.5","2"
"19.90192699811347","246","2"
"13.078295917764152","247.5","2"
"17.588089359546004","249","2"
"13.73224416667627","250.5","2"
"18.052835494236263","252","2"
"22.429090388536466","253.5","2"
"24.03532687757628","255","2"
"7.243365910014929","256.5","2"
"11.005972559560126","258","2"
"32.748099003866834","259.5","2"
"25.4433803351155","261","2"
"6.390798172180867","262.5","2"
"14.285844669096415","264","2"
"30.15452787628956","265.5","2"
"17.750036842177483","267","2"
"10.798914893825513","268.5","2"
"23.15271762733171","270","2"
"13.951151520724531","271.5","2"
"11.002897320643264","273","2"
"25.006698151265983","274.5","2"
"30.159451743246528","276","2"
"6.6119274516844975","277.5","2"
"5.6646981102509155","279","2"
"24.34561935546023","280.5","2"
"23.10030788987039","282","2"
"14.665155788110239","283.5","2"
"16.89070880576131","285","2"
"21.406060328078457","286.5","2"
"17.108850399184096","288","2"
"14.980736283055196","289.5","2"
"28.155927490702958","291","2"
"16.899535525507954","292.5","2"
"6.042703341690694","294","2"
"21.86947356884724","295.5","2"
"34.39685916486413","297","2"
"10.772010473579202","298.5","2"
"6.413158556679201","300","2"
"23.488866504947243","1.5","3"
"5.8613552831218","3","3"
"31.306444423091527","4.5","3"
"34.22078126432004","6","3"
"6.739160888214082","7.5","3"
"8.595981870077088","9","3"
"34.64085367332851","10.5","3"
"18.029697152697487","12","3"
"11.532916925895805","13.5","3"
"26.8594520643235","15","3"
"25.181099915924506","16.5","3"
"9.237341676397516","18","3"
"19.66546987409915","19.5","3"
"31.223515770690963","21","3"
"11.62329497432416","22.5","3"
"16.678799580387032","24","3"
"34.37129199440178","25.5","3"
"20.151824571422228","27","3"
"8.451785398258638","28.5","3"
"22.850877265020397","30","3"
"26.844204803268845","31.5","3"
"10.710099728858022","33","3"
"14.87321268869971","34.5","3"
"26.179299817853217","36","3"
"15.470871869018273","37.5","3"
"14.283530834942539","39","3"
"34.08938405883772","40.5","3"
"19.707587579672705","42","3"
"8.893489891557365","43.5","3"
"22.693205497007604","45","3"
"35.143450510698614","46.5","3"
"10.334423141504582","48","3"
"14.555588423075159","49.5","3"
"26.731084796788167","51","3"
"18.371003371499373","52.5","3"
"11.77104321641571","54","3"
"27.756428691400053","55.5","3"
"17.934836921768493","57","3"
"6.59931156715913","58.5","3"
"22.274765665259817","60","3"
"29.33675825270342","61.5","3"
"11.2738537467388","63","3"
"15.89511196725571","64.5","3"
"23.12584369812282","66","3"
"16.58252979235677","67.5","3"
"14.022642549402862","69","3"
"27.060229447522232","70.5","3"
"27.317382145391793","72","3"
"10.553215500783146","73.5","3"
"19.758568594237804","75","3"
"27.80500526987152","76.5","3"
"15.48876749446592","78","3"
"14.20050461122223","79.5","3"
"30.14285764951044","81","3"
"15.827838284638721","82.5","3"
"6.1864481105690885","84","3"
"24.326615598595517","85.5","3"
"23.69423845189882","87","3"
"11.832899077269536","88.5","3"
"20.210008440198273","90","3"
"21.581359400409607","91.5","3"
"11.854466694794967","93","3"
"15.437450207316708","94.5","3"
"30.18529420421815","96","3"
"15.667185364338817","97.5","3"
"5.635517316268129","99","3"
"26.54561042968394","100.5","3"
"28.890695283398724","102","3"
"10.03297045095474","103.5","3"
"11.102400029812475","105","3"
"30.242770680926064","106.5","3"
"19.333164609543445","108","3"
"11.788426592434712","109.5","3"
"22.61481739566502","111","3"
"23.772936690650578","112.5","3"
"11.977155659990327","114","3"
"20.902391948536188","115.5","3"
"26.81668969110165","117","3"
"14.148991310261037","118.5","3"
"14.103037832180132","120","3"
"29.25926920137846","121.5","3"
"19.99905227753647","123","3"
"11.052787627241251","124.5","3"
"23.75432321906483","126","3"
"32.19836824968145","127.5","3"
"14.207601182388451","129","3"
"10.325537182028095","130.5","3"
"23.548899001763395","132","3"
"20.2426878629318","133.5","3"
"16.15649507877408","135","3"
"30.298135435499564","136.5","3"
"26.052739362078103","138","3"
"3.7207594430321778","139.5","3"
"16.481191522734914","141","3"
"33.98527197598321","142.5","3"
"19.137624715400854","144","3"
"4.075256955794159","145.5","3"
"23.646289117625695","147","3"
"28.509651402286988","148.5","3"
"15.339540872645781","150","3"
"16.503510962125855","151.5","3"
"21.598115532230267","153","3"
"9.479469262199334","154.5","3"
"18.755450052387108","156","3"
"35.05983885905985","157.5","3"
"18.164796841295008","159","3"
"3.7564483311589933","160.5","3"
"23.435996788407138","162","3"
"30.772774605073646","163.5","3"
"11.283718032930198","165","3"
"9.84546886544838","166.5","3"
"27.366878682020822","168","3"
"24.17865391924203","169.5","3"
"14.764260371448003","171","3"
"21.367800174324696","172.5","3"
"23.117044855896104","174","3"
"12.062635105464143","175.5","3"
"14.703672066578322","177","3"
"28.492287192062932","178.5","3"
"13.35281543937526","180","3"
"11.068316277012663","181.5","3"
"30.170919858006183","183","3"
"19.753141189577168","184.5","3"
"11.22795079666276","186","3"
"20.071373533605108","187.5","3"
"27.188540960017715","189","3"
"10.620861174056651","190.5","3"
"15.856944157786705","192","3"
"30.601784351916095","193.5","3"
"17.30787846800746","195","3"
"12.254915943292858","196.5","3"
"22.95968322529249","198","3"
"30.928062845132747","199.5","3"
"13.496497048247571","201","3"
"14.425922237345763","202.5","3"
"22.81615581395227","204","3"
"15.389563597463418","205.5","3"
"10.457332513341857","207","3"
"27.13003998445251","208.5","3"
"23.900136587039","210","3"
"12.39046777041668","211.5","3"
"21.41241117558665","213","3"
"25.601377921642428","214.5","3"
"14.602855629282589","216","3"
"14.358469964366746","217.5","3"
"27.98024336012783","219","3"
"16.710125201059142","220.5","3"
"12.527223557932318","222","3"
"23.504141643521823","223.5","3"
"27.030010215922193","225","3"
"15.208871967371538","226.5","3"
"12.81099667381394","228","3"
"31.255700367445797","229.5","3"
"17.00770204516674","231","3"
"14.480420175284058","232.5","3"
"28.611407834707734","234","3"
"25.97747702765725","235.5","3"
"8.003734413314204","237","3"
"17.833083974037738","238.5","3"
"37.30940139074739","240","3"
"13.946136180655301","241.5","3"
"8.42699705600923","243","3"
"29.511139109221997","244.5","3"
"31.461366770701595","246","3"
"7.540656573957032","247.5","3"
"14.983931743776742","249","3"
"28.480636131078764","250.5","3"
"19.7466648932293","252","3"
"17.851523211123947","253.5","3"
"27.858390720530256","255","3"
"16.51618477962232","256.5","3"
"7.335168761063263","258","3"
"29.17311372604643","259.5","3"
"34.024624580049085","261","3"
"9.682327005322561","262.5","3"
"6.861326714324575","264","3"
"27.51022837417151","265.5","3"
"28.064321960225353","267","3"
"12.116162557240006","268.5","3"
"21.333258184791095","270","3"
"19.63184958506811","271.5","3"
"17.315840984636388","273","3"
"24.630590333526182","274.5","3"
"22.956794417290133","276","3"
"11.116864106791702","277.5","3"
"14.872533174151508","279","3"
"29.364851823409083","280.5","3"
"17.2084306427056","282","3"
"6.037952402474516","283.5","3"
"25.185396538683136","285","3"
"31.548372510391374","286.5","3"
"11.739060731680338","288","3"
"8.37038826710902","289.5","3"
"28.724397165313757","291","3"
"15.773491059542526","292.5","3"
"14.484242009031446","294","3"
"27.321114248371916","295.5","3"
"22.52510056716242","297","3"
"10.26163232345969","298.5","3"
"17.654458765110387","300","3"
"7.929118488886642","1.5","4"
"8.430497427104967","3","4"
"31.579957740467798","4.5","4"
"28.593979157718852","6","4"
"13.209714902558911","7.5","4"
"16.892252523427224","9","4"
"29.079891299413102","10.5","4"
"12.92420292637189","12","4"
"11.012641385029982","13.5","4"
"31.856784998025297","15","4"
"18.03310169481848","16.5","4"
"12.327616159397989","18","4"
"22.74836813956164","19.5","4"
"30.75039244126287","21","4"
"9.309754405578408","22.5","4"
"10.32986603816914","24","4"
"27.399122518505504","25.5","4"
"18.308336449050195","27","4"
"18.197065070609625","28.5","4"
"27.14372087735631","30","4"
"32.8400216411336","31.5","4"
"11.3398006336418","33","4"
"19.146453177492493","34.5","4"
"29.66653537467081","36","4"
"15.187078716169204","37.5","4"
"10.464866413101921","39","4"
"28.032227965410275","40.5","4"
"21.524086778066152","42","4"
"12.358199541102064","43.5","4"
"22.176575813044632","45","4"
"27.618490722805046","46.5","4"
"12.741301131653358","48","4"
"16.244068822932352","49.5","4"
"27.815743342078104","51","4"
"17.8529014060153","52.5","4"
"12.30036762601509","54","4"
"29.63863694660463","55.5","4"
"28.43480723066503","57","4"
"1.100847870504287","58.5","4"
"13.707035048110475","60","4"
"37.464630391076646","61.5","4"
"17.11128271279766","63","4"
"3.9327013373751187","64.5","4"
"24.251698248483752","66","4"
"35.703450646286825","67.5","4"
"14.815441755687575","69","4"
"14.619921027339933","70.5","4"
"23.248576221943065","72","4"
"18.16280882565527","73.5","4"
"15.611318814406642","75","4"
"24.32749722516318","76.5","4"
"22.241147118573775","78","4"
"10.827377841670199","79.5","4"
"16.214717279140018","81","4"
"34.246498276451995","82.5","4"
"17.769181728986826","84","4"
"9.312141418222092","85.5","4"
"26.573571582169954","87","4"
"23.829029745432155","88.5","4"
"20.393930377911605","90","4"
"23.29760581011333","91.5","4"
"22.849739513738406","93","4"
"9.307909262228291","94.5","4"
"20.577117046036882","96","4"
"35.58421152418234","97.5","4"
"19.17865345535229","99","4"
"1.0746551981885941","100.5","4"
"21.392630332853994","102","4"
"34.266946437317884","103.5","4"
"8.883541972806189","105","4"
"8.298586229849011","106.5","4"
"34.92844513826753","108","4"
"25.562521885900242","109.5","4"
"4.00506920117238","111","4"
"17.033629881043133","112.5","4"
"30.00107955254559","114","4"
"15.312520586457278","115.5","4"
"10.991314211113913","117","4"
"29.71159938563157","118.5","4"
"15.864049440677904","120","4"
"9.521906688079541","121.5","4"
"31.720084094377015","123","4"
"30.20993444714295","124.5","4"
"1.3682530708095315","126","4"
"6.912371760068257","127.5","4"
"40.06575632655394","129","4"
"28.291621318943907","130.5","4"
"7.277999372660787","132","4"
"14.678714716864361","133.5","4"
"27.389372355911302","135","4"
"14.095749603064418","136.5","4"
"14.770982338440216","138","4"
"26.543171146690394","139.5","4"
"16.688534061876275","141","4"
"12.161414741460268","142.5","4"
"26.24030977021178","144","4"
"21.616195846247425","145.5","4"
"6.750326706117036","147","4"
"19.284697798806693","148.5","4"
"30.660062307321887","150","4"
"11.0511445959106","151.5","4"
"13.113861534982544","153","4"
"30.295814631965705","154.5","4"
"29.317878202333375","156","4"
"4.699315276310369","157.5","4"
"14.648328220144766","159","4"
"34.03230832147875","160.5","4"
"12.451957738821475","162","4"
"1.739958527228792","163.5","4"
"21.66807939552014","165","4"
"29.13782078581982","166.5","4"
"11.7477672296223","168","4"
"14.81676245319408","169.5","4"
"28.223234277874862","171","4"
"10.285965913665303","172.5","4"
"11.300494201718308","174","4"
"26.165115387245752","175.5","4"
"21.58095691871567","177","4"
"9.482003502995129","178.5","4"
"20.437776489720587","180","4"
"32.82133324871305","181.5","4"
"8.561986976872038","183","4"
"9.26787627244172","184.5","4"
"27.71469604407048","186","4"
"22.37857980712012","187.5","4"
"6.774993955389266","189","4"
"19.370236484010352","190.5","4"
"27.425248981711373","192","4"
"12.483738111537383","193.5","4"
"10.270828420345357","195","4"
"28.14156708325096","196.5","4"
"19.709220156933384","198","4"
"8.27676945698924","199.5","4"
"21.225149162517155","201","4"
"30.409070541356026","202.5","4"
"6.39555128932829","204","4"
"5.810977991097602","205.5","4"
"25.96126799216514","207","4"
"17.97899839802164","208.5","4"
"11.846957187864838","210","4"
"27.958753276954692","211.5","4"
"25.911616386831522","213","4"
"7.700547218321454","214.5","4"
"13.453670208260892","216","4"
"28.069674444051188","217.5","4"
"16.008310379261182","219","4"
"12.03863778784264","220.5","4"
"23.021707222438373","222","4"
"20.81488789817773","223.5","4"
"8.148775922455417","225","4"
"19.55159368989047","226.5","4"
"25.98048954215428","228","4"
"7.87435832802654","229.5","4"
"16.533122115322502","231","4"
"32.572278970382065","232.5","4"
"8.340528829750529","234","4"
"8.446398938705391","235.5","4"
"27.26017747450316","237","4"
"29.927092614661365","238.5","4"
"7.354979223660845","240","4"
"12.418392333657792","241.5","4"
"35.54139862295562","243","4"
"18.35510970045143","244.5","4"
"4.6921947479004595","246","4"
"19.26330005991831","247.5","4"
"24.460642002675876","249","4"
"15.841609779482281","250.5","4"
"19.490921752461013","252","4"
"16.60354421534616","253.5","4"
"7.054169458414303","255","4"
"16.838800863658662","256.5","4"
"34.91100774955367","258","4"
"11.936457094415516","259.5","4"
"-0.6605876723101758","261","4"
"28.447899210960387","262.5","4"
"38.23178489254672","264","4"
"5.580668295813263","265.5","4"
"7.585190040866695","267","4"
"30.309948534568306","268.5","4"
"21.078048201591393","270","4"
"8.4052395228793","271.5","4"
"19.23867549809847","273","4"
"23.727806470579996","274.5","4"
"11.089916999093006","276","4"
"18.385703536225478","277.5","4"
"27.739609835159555","279","4"
"21.069230193569727","280.5","4"
"12.839354209786404","282","4"
"26.74767017879928","283.5","4"
"18.129969107182163","285","4"
"7.183974596157081","286.5","4"
"25.393540556522378","288","4"
"36.686997426804304","289.5","4"
"7.005454799101954","291","4"
"4.2508291407033365","292.5","4"
"32.971708075885154","294","4"
"28.872013860358155","295.5","4"
"4.5913730835697395","297","4"
"11.932628291288149","298.5","4"
"21.401585986130296","300","4"
"13.813227490889485","1.5","5"
"10.04662520868361","3","5"
"23.561555395809904","4.5","5"
"26.369215422350692","6","5"
"10.36049646318809","7.5","5"
"12.506162091628047","9","5"
"28.91932549636297","10.5","5"
"13.701981376451348","12","5"
"11.108443353428983","13.5","5"
"29.624879390521034","15","5"
"20.966987646895266","16.5","5"
"6.437403722876296","18","5"
"20.01705767071883","19.5","5"
"29.88351656632667","21","5"
"7.379802412810161","22.5","5"
"7.649222090619762","24","5"
"33.46748189025331","25.5","5"
"28.31423521463907","27","5"
"5.052654129650415","28.5","5"
"15.438411981754163","30","5"
"36.73396756319002","31.5","5"
"22.979113856681074","33","5"
"4.198187671357628","34.5","5"
"22.182444030989107","36","5"
"27.575670852198346","37.5","5"
"12.055552473057885","39","5"
"17.316379369239964","40.5","5"
"23.90166113890997","42","5"
"10.210706192761943","43.5","5"
"12.314583418832475","45","5"
"30.22070910859444","46.5","5"
"20.514502393937565","48","5"
"5.704104727011644","49.5","5"
"19.889754975975677","51","5"
"32.16671332580521","52.5","5"
"14.05036064476202","54","5"
"7.976778593890531","55.5","5"
"26.46958494815511","57","5"
"22.49305535800721","58.5","5"
"10.802801194337729","60","5"
"16.70080017064382","61.5","5"
"27.283561486686285","63","5"
"11.644154328608964","64.5","5"
"11.704562300771622","66","5"
"27.418814501643396","67.5","5"
"19.401685811177135","69","5"
"7.7357948575781865","70.5","5"
"24.560699648726118","72","5"
"31.86238489484048","73.5","5"
"14.236752356506317","75","5"
"3.8228251416896066","76.5","5"
"26.172898442340156","78","5"
"24.270208921714772","79.5","5"
"10.519341700555277","81","5"
"22.55654292494922","82.5","5"
"26.594458813974686","84","5"
"14.191409570346297","85.5","5"
"12.330201799371148","87","5"
"22.671879194264033","88.5","5"
"16.21406041507676","90","5"
"13.07125597281028","91.5","5"
"24.63443220424102","93","5"
"20.60824055468953","94.5","5"
"11.122835123090903","96","5"
"19.337638951491606","97.5","5"
"32.06363271118797","99","5"
"15.114229529566966","100.5","5"
"9.498529645276399","102","5"
"22.953536232148757","103.5","5"
"23.517954954645273","105","5"
"11.777628409325786","106.5","5"
"15.165139107987256","108","5"
"21.20266071566166","109.5","5"
"13.554037120547816","111","5"
"15.106327995012874","112.5","5"
"29.87520906538865","114","5"
"16.83553919382729","115.5","5"
"6.262473592097921","117","5"
"21.282306790090914","118.5","5"
"33.107206761486616","120","5"
"11.198452895890814","121.5","5"
"4.373556001902345","123","5"
"25.102656059542074","124.5","5"
"26.845898362604363","126","5"
"12.063446167059498","127.5","5"
"17.747325753364656","129","5"
"20.679911916074882","130.5","5"
"8.367739902716027","132","5"
"14.080319395785246","133.5","5"
"32.212651993953656","135","5"
"18.78120539610896","136.5","5"
"9.316938965166898","138","5"
"19.6024893295508","139.5","5"
"33.19100658638488","141","5"
"14.640801289764681","142.5","5"
"9.698980338788497","144","5"
"22.31992202050533","145.5","5"
"21.540313237008217","147","5"
"15.244910631256177","148.5","5"
"20.991805609009596","150","5"
"22.513165503944","151.5","5"
"9.994492504076556","153","5"
"14.231077538856333","154.5","5"
"30.38553146046831","156","5"
"18.820902984483915","157.5","5"
"4.675046588455834","159","5"
"22.413233306733424","160.5","5"
"23.05530137629448","162","5"
"13.881239056612023","163.5","5"
"17.275929087827","165","5"
"27.327648042104627","166.5","5"
"15.256573888655316","168","5"
"6.719500267286104","169.5","5"
"24.306960204702523","171","5"
"27.838719645532308","172.5","5"
"10.235485823286375","174","5"
"11.81208589512711","175.5","5"
"26.99272229067586","177","5"
"20.39663449734445","178.5","5"
"13.722913909225959","180","5"
"26.183209640022874","181.5","5"
"24.012812295545857","183","5"
"5.16403745375694","184.5","5"
"19.923228908027106","186","5"
"35.56681943643836","187.5","5"
"22.749840421082745","189","5"
"8.265837113315667","190.5","5"
"21.53558102800074","192","5"
"24.71668482678337","193.5","5"
"14.601478305563733","195","5"
"19.496943296765078","196.5","5"
"27.006847481553482","198","5"
"11.07186978963076","199.5","5"
"17.70561749886502","201","5"
"31.379504433438207","202.5","5"
"18.88638030941066","204","5"
"4.33599627083673","205.5","5"
"19.955824698200853","207","5"
"29.546125396729423","208.5","5"
"10.93014134949828","210","5"
"10.779568766169204","211.5","5"
"27.082332836133745","213","5"
"14.705945826797306","214.5","5"
"12.86141491094553","216","5"
"25.041804660578087","217.5","5"
"23.095066916124257","219","5"
"8.944898651818836","220.5","5"
"15.467230367977908","222","5"
"28.156657533256027","223.5","5"
"17.942961476481994","225","5"
"7.466102502776806","226.5","5"
"17.88500933959034","228","5"
"22.237718183622846","229.5","5"
"13.316882187362841","231","5"
"19.745647363751996","232.5","5"
"23.762360656528564","234","5"
"14.644339992450318","235.5","5"
"11.68409497411078","237","5"
"25.896008460362822","238.5","5"
"23.326694259811358","240","5"
"14.26570316094971","241.5","5"
"12.114316542717392","243","5"
"27.147331016186758","244.5","5"
"19.90192699811347","246","5"
"13.078295917764152","247.5","5"
"17.588089359546004","249","5"
"13.73224416667627","250.5","5"
"18.052835494236263","252","5"
"22.429090388536466","253.5","5"
"24.03532687757628","255","5"
"7.243365910014929","256.5","5"
"11.005972559560126","258","5"
"32.748099003866834","259.5","5"
"25.4433803351155","261","5"
"6.390798172180867","262.5","5"
"14.285844669096415","264","5"
"30.15452787628956","265.5","5"
"17.750036842177483","267","5"
"10.798914893825513","268.5","5"
"23.15271762733171","270","5"
"13.951151520724531","271.5","5"
"11.002897320643264","273","5"
"25.006698151265983","274.5","5"
"30.159451743246528","276","5"
"6.6119274516844975","277.5","5"
"5.6646981102509155","279","5"
"24.34561935546023","280.5","5"
"23.10030788987039","282","5"
"14.665155788110239","283.5","5"
"16.89070880576131","285","5"
"21.406060328078457","286.5","5"
"17.108850399184096","288","5"
"14.980736283055196","289.5","5"
"28.155927490702958","291","5"
"16.899535525507954","292.5","5"
"6.042703341690694","294","5"
"21.86947356884724","295.5","5"
"34.39685916486413","297","5"
"10.772010473579202","298.5","5"
"6.413158556679201","300","5"
"33.243318752526456","1.5","6"
"20.824624122011965","3","6"
"7.482047573002115","4.5","6"
"20.61772588084443","6","6"
"35.002202086612364","7.5","6"
"15.385139783520124","9","6"
"4.843726492149499","10.5","6"
"19.914431808145384","12","6"
"24.7309215277407","13.5","6"
"15.933387802114432","15","6"
"22.266184616157524","16.5","6"
"20.81717037012169","18","6"
"12.291472954813626","19.5","6"
"18.110022741674943","21","6"
"34.82779683726385","22.5","6"
"12.657250409075761","24","6"
"1.7499302943270938","25.5","6"
"26.552308003846218","27","6"
"29.491276376274556","28.5","6"
"7.552162149134088","30","6"
"10.703894367156941","31.5","6"
"31.27113057472497","33","6"
"16.484062907287317","34.5","6"
"14.03769989485302","36","6"
"24.375875176305172","37.5","6"
"21.865612532337458","39","6"
"7.123175467542959","40.5","6"
"17.275753110982464","42","6"
"27.335553061348712","43.5","6"
"9.919353876150376","45","6"
"18.30460783076006","46.5","6"
"32.02980334075748","48","6"
"16.687701220968478","49.5","6"
"9.55955963460241","51","6"
"21.58470644514575","52.5","6"
"33.58830306161361","54","6"
"12.639323421418196","55.5","6"
"9.693582553992778","57","6"
"26.63201506035031","58.5","6"
"26.385868755816624","60","6"
"15.336118907074836","61.5","6"
"19.662044423838214","63","6"
"25.76177471722801","64.5","6"
"9.685911880150575","66","6"
"14.402505120607726","67.5","6"
"28.706337759436543","69","6"
"15.315785740978638","70.5","6"
"10.16419690662751","72","6"
"27.35574161281029","73.5","6"
"28.579888813741135","75","6"
"5.0076593769032245","76.5","6"
"10.527538562586088","78","6"
"31.784704185566028","79.5","6"
"27.502502816461956","81","6"
"8.33055129113443","82.5","6"
"17.766136109934884","84","6"
"24.292186861486616","85.5","6"
"13.128683663858324","87","6"
"12.04647311328691","88.5","6"
"27.72690639779817","90","6"
"17.406509133506475","91.5","6"
"11.904520781822521","93","6"
"28.165837949036735","94.5","6"
"31.001561926418262","96","6"
"9.655663899858114","97.5","6"
"12.993773890865302","99","6"
"32.925215342028174","100.5","6"
"21.411996497477748","102","6"
"9.94401938307761","103.5","6"
"18.957248449753138","105","6"
"28.038758274452995","106.5","6"
"13.492143799276588","108","6"
"12.445416975708783","109.5","6"
"27.718968273999174","111","6"
"21.08835242989413","112.5","6"
"11.131393521708256","114","6"
"25.948815452483093","115.5","6"
"25.543309047636082","117","6"
"5.641249195716712","118.5","6"
"15.534913501668814","120","6"
"36.833828324255784","121.5","6"
"22.190636537157427","123","6"
"7.009808919245433","124.5","6"
"21.8185082353871","126","6"
"28.190659395841056","127.5","6"
"14.4527029510974","129","6"
"14.238697684693669","130.5","6"
"29.198085014520355","132","6"
"20.82841023768695","133.5","6"
"11.907754574133966","135","6"
"21.011173515978346","136.5","6"
"25.86035311237717","138","6"
"4.536532774839849","139.5","6"
"16.45799916850128","141","6"
"34.94642962330994","142.5","6"
"18.434837665095465","144","6"
"2.120176645709278","145.5","6"
"23.639190804114477","147","6"
"30.638495560968956","148.5","6"
"7.073274706874999","150","6"
"10.0465912329562","151.5","6"
"28.77647759957095","153","6"
"26.036521614861016","154.5","6"
"14.464571805205994","156","6"
"19.72224418577392","157.5","6"
"21.12472736636288","159","6"
"10.687393488878104","160.5","6"
"16.845308522216442","162","6"
"33.56985511280243","163.5","6"
"22.48742061429212","165","6"
"2.057600325199858","166.5","6"
"19.442101245690193","168","6"
"31.55567990530204","169.5","6"
"17.2167085237787","171","6"
"10.000101983789213","172.5","6"
"19.79420477642851","174","6"
"23.129023477739405","175.5","6"
"14.309010888155116","177","6"
"19.771775569302857","178.5","6"
"24.80966158277235","180","6"
"6.984425566180098","181.5","6"
"11.585781415400923","183","6"
"32.223360446295324","184.5","6"
"26.746534169862286","186","6"
"10.959726367519997","187.5","6"
"17.718329647951382","189","6"
"27.76836549696347","190.5","6"
"12.487683651779443","192","6"
"12.417404424045404","193.5","6"
"28.214560884487813","195","6"
"16.81551790748527","196.5","6"
"4.144770858488972","198","6"
"23.868044334568918","199.5","6"
"35.92781938072313","201","6"
"8.855664452879953","202.5","6"
"2.904210332115309","204","6"
"28.042828392362225","205.5","6"
"28.268293061800634","207","6"
"12.828969833613883","208.5","6"
"15.9221374804792","210","6"
"24.30391284330559","211.5","6"
"11.750312795660564","213","6"
"12.622704063679672","214.5","6"
"30.96408060087744","216","6"
"20.257401966417866","217.5","6"
"2.9855327602232506","219","6"
"19.855855911745376","220.5","6"
"31.919199280450147","222","6"
"14.961237700211791","223.5","6"
"6.120036888724815","225","6"
"22.035151412113848","226.5","6"
"23.549477460301866","228","6"
"8.560296902226511","229.5","6"
"21.11877377351363","231","6"
"28.030680763054367","232.5","6"
"14.036605702195915","234","6"
"10.737219328711262","235.5","6"
"25.16673253909252","237","6"
"21.970135808610884","238.5","6"
"9.980452688103705","240","6"
"16.673346040551465","241.5","6"
"25.07221903481761","243","6"
"21.41441487233135","244.5","6"
"18.37647781947489","246","6"
"20.941132989508677","247.5","6"
"9.486949149264541","249","6"
"16.049657968346775","250.5","6"
"32.038048117275665","252","6"
"29.894796507826822","253.5","6"
"3.973856832924969","255","6"
"8.357203071356409","256.5","6"
"30.436885336862424","258","6"
"24.847297977017764","259.5","6"
"6.723691913758763","261","6"
"21.155650505341054","262.5","6"
"26.713345982390106","264","6"
"10.225206858986073","265.5","6"
"16.972133814430855","267","6"
"27.649312805773487","268.5","6"
"9.317586246332684","270","6"
"12.394748712070353","271.5","6"
"27.621478844472136","273","6"
"27.143496114851903","274.5","6"
"3.437693937011809","276","6"
"8.990973222876919","277.5","6"
"30.61244750328788","279","6"
"25.252739915099944","280.5","6"
"10.621070255456099","282","6"
"17.07074008709994","283.5","6"
"26.17734839145838","285","6"
"18.296389189416807","286.5","6"
"20.655017290780755","288","6"
"19.81537601046749","289.5","6"
"8.983095209980265","291","6"
"15.981882490371111","292.5","6"
"37.0308701197844","294","6"
"20.939702524267464","295.5","6"
"2.350751830812289","297","6"
"18.598508326927384","298.5","6"
"35.62646339032053","300","6"
"31.109949723891464","1.5","7"
"19.44820642255404","3","7"
"12.147514313087049","4.5","7"
"25.316131653067206","6","7"
"14.638621616175449","7.5","7"
"11.140630563701315","9","7"
"26.863257345793432","10.5","7"
"30.30276310380732","12","7"
"4.918760143789706","13.5","7"
"5.902634049580075","15","7"
"33.30826291988461","16.5","7"
"30.23095061247734","18","7"
"4.868249126787111","19.5","7"
"15.43837539250926","21","7"
"27.41833012973468","22.5","7"
"21.0775167863678","24","7"
"11.340218796440695","25.5","7"
"23.18262323683258","27","7"
"24.014164355262277","28.5","7"
"12.065938591575401","30","7"
"20.223968108301335","31.5","7"
"28.757810115290347","33","7"
"12.16816371479991","34.5","7"
"11.607829048972583","36","7"
"26.273717493153384","37.5","7"
"17.85585990781747","39","7"
"8.505856461673064","40.5","7"
"21.698148785450574","42","7"
"27.019493421530022","43.5","7"
"11.34551900991667","45","7"
"13.809397816589618","46.5","7"
"25.366875708712932","48","7"
"22.320256550744446","49.5","7"
"12.844393071513071","51","7"
"20.45967950865763","52.5","7"
"27.42226434473427","54","7"
"13.82506585396066","55.5","7"
"15.327570962527455","57","7"
"30.632512348254785","58.5","7"
"20.915717403060928","60","7"
"12.60078884832766","61.5","7"
"21.51417457738738","63","7"
"28.30775369125622","64.5","7"
"17.97165615621107","66","7"
"14.071231324289293","67.5","7"
"26.57043536117825","69","7"
"16.369451453490584","70.5","7"
"16.701012736733254","72","7"
"27.25925228931061","73.5","7"
"24.737563346863126","75","7"
"7.575239508598024","76.5","7"
"16.355887297701475","78","7"
"30.038163623427465","79.5","7"
"20.31987723091755","81","7"
"7.978592375030732","82.5","7"
"17.90908680508163","84","7"
"27.193442176489743","85.5","7"
"20.62631215698171","87","7"
"15.809719639031664","88.5","7"
"25.20005140243936","90","7"
"15.527437099293598","91.5","7"
"6.658676745842047","93","7"
"24.74843035259937","94.5","7"
"26.90156802755206","96","7"
"8.022115281843067","97.5","7"
"14.519399046348418","99","7"
"32.17826158843465","100.5","7"
"20.545983083314265","102","7"
"9.062100972623712","103.5","7"
"17.8572468144338","105","7"
"24.648085219624893","106.5","7"
"14.794267036958603","108","7"
"19.720580246303324","109.5","7"
"28.904667147916754","111","7"
"10.788656837665156","112.5","7"
"3.0589608409502063","114","7"
"28.44523690780743","115.5","7"
"33.649759054290996","117","7"
"13.609550845618424","118.5","7"
"15.313173965830549","120","7"
"27.504471666306745","121.5","7"
"18.799876365079555","123","7"
"6.38640572044749","124.5","7"
"22.74335018597492","126","7"
"26.812746764377085","127.5","7"
"14.748227312800427","129","7"
"19.875833639462517","130.5","7"
"25.942743380174157","132","7"
"16.170439065772182","133.5","7"
"11.533487543881796","135","7"
"23.13331138877306","136.5","7"
"18.613429769467903","138","7"
"5.618147443422841","139.5","7"
"22.801283157071623","141","7"
"30.463393373622285","142.5","7"
"11.45438246757361","144","7"
"9.195086325569326","145.5","7"
"30.082495849490158","147","7"
"25.04162171435357","148.5","7"
"8.080697276450557","150","7"
"17.180283059305083","151.5","7"
"23.698252814768196","153","7"
"11.70163080531688","154.5","7"
"13.709011738507746","156","7"
"27.30707617474406","157.5","7"
"18.843166668835007","159","7"
"10.89424642907576","160.5","7"
"24.76074350468179","162","7"
"24.619097825936592","163.5","7"
"8.590008240260394","165","7"
"14.493887630925924","166.5","7"
"27.329698782164204","168","7"
"10.433352619170309","169.5","7"
"13.583277154260445","171","7"
"34.26117927538315","172.5","7"
"27.469077670070398","174","7"
"7.223027081297497","175.5","7"
"16.515404209064386","177","7"
"33.94825062952117","178.5","7"
"14.107230785411538","180","7"
"11.490956031371836","181.5","7"
"30.49597522503607","183","7"
"23.083198062015665","184.5","7"
"14.953449418082398","186","7"
"19.642603338379654","187.5","7"
"29.752791906012572","189","7"
"9.448817057867942","190.5","7"
"12.276862520854786","192","7"
"31.9848996255363","193.5","7"
"26.356968479378097","195","7"
"7.143283435548502","196.5","7"
"15.130734763708293","198","7"
"32.592193973679365","199.5","7"
"15.665404687753528","201","7"
"6.085357689522828","202.5","7"
"25.497239703612983","204","7"
"24.692239726498055","205.5","7"
"12.385610112569534","207","7"
"19.910501077835782","208.5","7"
"27.240579577995018","210","7"
"8.760948836585577","211.5","7"
"17.041780570931568","213","7"
"32.68372981035716","214.5","7"
"12.60775038775674","216","7"
"5.2804169521377435","217.5","7"
"25.98001736666053","219","7"
"33.40447521053003","220.5","7"
"6.856422448748801","222","7"
"9.985855699934408","223.5","7"
"31.185807940300737","225","7"
"23.202827469399118","226.5","7"
"8.554793705558573","228","7"
"19.336006374230926","229.5","7"
"25.469451043281513","231","7"
"14.610013182523648","232.5","7"
"18.884380097355955","234","7"
"29.555387702724914","235.5","7"
"10.450535625514842","237","7"
"6.776894853779235","238.5","7"
"32.08836355605253","240","7"
"25.273294359010556","241.5","7"
"6.908150058144427","243","7"
"20.248915003945324","244.5","7"
"32.36019376816325","246","7"
"11.026162853366703","247.5","7"
"10.321823373670421","249","7"
"27.65795135226063","250.5","7"
"24.184548272361432","252","7"
"9.008324365513507","253.5","7"
"19.323928438722884","255","7"
"30.32489785462875","256.5","7"
"11.884194585106306","258","7"
"11.515287879232453","259.5","7"
"29.46723201533818","261","7"
"20.606965158152903","262.5","7"
"15.56636631352559","264","7"
"26.81567738865933","265.5","7"
"27.593697153520647","267","7"
"1.6364923098847566","268.5","7"
"11.728005552684591","270","7"
"33.1517689770887","271.5","7"
"19.77463998447528","273","7"
"6.775228736377394","274.5","7"
"28.946924241089942","276","7"
"29.254927277649948","277.5","7"
"10.9512977736048","279","7"
"14.369360491760428","280.5","7"
"27.094522281721492","282","7"
"17.42615581567449","283.5","7"
"13.19157534881191","285","7"
"26.990981688025464","286.5","7"
"24.982420316100225","288","7"
"11.947210847727062","289.5","7"
"19.806216502826725","291","7"
"29.667131256659236","292.5","7"
"14.624092201258895","294","7"
"8.263415253772076","295.5","7"
"24.007790857269143","297","7"
"21.796978078279068","298.5","7"
"16.740109216084804","300","7"
"26.9935377081337","1.5","8"
"31.564837670597807","3","8"
"14.968173975638438","4.5","8"
"16.45066389607069","6","8"
"24.96075077139256","7.5","8"
"10.972584873585973","9","8"
"14.304172396102919","10.5","8"
"27.967478940691603","12","8"
"15.068738644082337","13.5","8"
"6.832226503797825","15","8"
"31.24397787031682","16.5","8"
"29.704058516491525","18","8"
"9.234810920291713","19.5","8"
"12.653485201540724","21","8"
"30.4168274612755","22.5","8"
"26.64894542667051","24","8"
"7.272145964648775","25.5","8"
"21.39143682653215","27","8"
"23.115319934350666","28.5","8"
"12.164057007645775","30","8"
"20.885001603137205","31.5","8"
"25.561823205557094","33","8"
"10.033360736233709","34.5","8"
"13.795930360947754","36","8"
"27.212390178314607","37.5","8"
"17.252015402765274","39","8"
"8.635480831122571","40.5","8"
"30.123043702222866","42","8"
"25.524108405786887","43.5","8"
"2.5761635765214628","45","8"
"14.88869168163875","46.5","8"
"38.62708812510073","48","8"
"15.382723151011518","49.5","8"
"8.755731384496881","51","8"
"22.17017095284158","52.5","8"
"25.4027157452681","54","8"
"17.070386391065874","55.5","8"
"16.25280319839424","57","8"
"24.460009531442548","58.5","8"
"9.127357890908538","60","8"
"11.668663024486614","61.5","8"
"35.23379109870957","63","8"
"19.693033771926213","64.5","8"
"3.098316276326695","66","8"
"18.947961750927714","67.5","8"
"31.792245054706076","69","8"
"13.388824483394977","70.5","8"
"8.016901314444365","72","8"
"25.66733961847789","73.5","8"
"17.50216735844336","75","8"
"17.131518307574115","76.5","8"
"24.188036447042204","78","8"
"25.502935429402914","79.5","8"
"10.225146748083732","81","8"
"16.306664309236723","82.5","8"
"33.48239287872386","84","8"
"14.656294221463687","85.5","8"
"9.356516331737174","87","8"
"27.30017648856232","88.5","8"
"28.812364679440993","90","8"
"4.7505214889661245","91.5","8"
"13.570047528710452","93","8"
"30.931139826394602","94.5","8"
"18.48368604938621","96","8"
"15.963328258515206","97.5","8"
"26.6573766341032","99","8"
"21.634446910074132","100.5","8"
"5.363210137214918","102","8"
"19.481222117871678","103.5","8"
"32.46177945077445","105","8"
"11.448262480777306","106.5","8"
"7.571630240940075","108","8"
"31.760778304089335","109.5","8"
"23.5630694936109","111","8"
"4.784023734123726","112.5","8"
"16.514052149347965","114","8"
"34.97505635158419","115.5","8"
"13.336601176848163","117","8"
"6.314316196263243","118.5","8"
"28.14225008248915","120","8"
"19.489522649429713","121.5","8"
"11.877234788022221","123","8"
"21.29060035226897","124.5","8"
"24.1961627441007","126","8"
"10.476207336676913","127.5","8"
"15.766291690021577","129","8"
"28.57508342624385","130.5","8"
"13.76588362150226","132","8"
"10.282216387235223","133.5","8"
"30.277652427733763","135","8"
"28.873561062714064","136.5","8"
"2.0143527088967934","138","8"
"4.781793532529627","139.5","8"
"33.10026525902499","141","8"
"24.964249400143306","142.5","8"
"10.045490070919113","144","8"
"18.21942458393546","145.5","8"
"26.644255033942922","147","8"
"15.43508758750296","148.5","8"
"12.04761434925889","150","8"
"27.319063508312343","151.5","8"
"13.519726862898603","153","8"
"10.999412630652484","154.5","8"
"25.11426704659135","156","8"
"31.18863402388326","157.5","8"
"9.499915680720232","159","8"
"9.333335302746011","160.5","8"
"25.270316691413434","162","8"
"16.635350723237","163.5","8"
"13.716470717433008","165","8"
"23.45960904778466","166.5","8"
"27.164505310806312","168","8"
"11.638365387361782","169.5","8"
"9.93529720403069","171","8"
"27.300066720827612","172.5","8"
"26.907188832507185","174","8"
"12.125986769496512","175.5","8"
"19.568666928500296","177","8"
"23.009549139060542","178.5","8"
"14.447248540089333","180","8"
"18.563468026725104","181.5","8"
"26.059598974324953","183","8"
"11.3119100461281","184.5","8"
"14.84681441967456","186","8"
"29.626628704896408","187.5","8"
"26.50447366434279","189","8"
"-0.08076567401552813","190.5","8"
"8.899932212177818","192","8"
"32.6406694961411","193.5","8"
"27.41764538815149","195","8"
"5.98885094257319","196.5","8"
"14.814406802760313","198","8"
"23.960587246654047","199.5","8"
"13.63677759968888","201","8"
"17.49836556166342","202.5","8"
"25.760380841231697","204","8"
"12.511700135195893","205.5","8"
"7.693201491820891","207","8"
"31.860621641705148","208.5","8"
"33.650602349268766","210","8"
"3.275607937953197","211.5","8"
"6.823253427071569","213","8"
"28.196694878905085","214.5","8"
"24.75770485500983","216","8"
"9.663573274964685","217.5","8"
"16.010357634630765","219","8"
"26.229946302179204","220.5","8"
"13.611383792553575","222","8"
"13.231816548825428","223.5","8"
"25.092606213608665","225","8"
"11.46019144578824","226.5","8"
"10.621687045584466","228","8"
"28.57825797882545","229.5","8"
"30.024308496024126","231","8"
"5.758877519872962","232.5","8"
"3.5627760130583352","234","8"
"32.121868850313874","235.5","8"
"30.704359686484676","237","8"
"12.362491807998207","238.5","8"
"14.621503076595745","240","8"
"26.295693690580233","241.5","8"
"16.126432658223624","243","8"
"15.516434190647711","244.5","8"
"23.98856233790002","246","8"
"11.924215378477909","247.5","8"
"6.926539638398268","249","8"
"22.228825254766377","250.5","8"
"32.92471703135949","252","8"
"13.36780744688809","253.5","8"
"8.783043513472112","255","8"
"24.592865079686007","256.5","8"
"21.3274735994064","258","8"
"9.99339134203947","259.5","8"
"19.19041776876116","261","8"
"26.980335960103634","262.5","8"
"9.94159316767153","264","8"
"11.73728353978504","265.5","8"
"28.654109225854743","267","8"
"17.902155756689968","268.5","8"
"10.902240307914608","270","8"
"23.659198151696536","271.5","8"
"27.573752530358423","273","8"
"11.707844878742936","274.5","8"
"12.125972830736549","276","8"
"28.395372736384374","277.5","8"
"23.141587527501162","279","8"
"7.407683417426386","280.5","8"
"16.63233995108497","282","8"
"27.70622650504789","283.5","8"
"14.695455167580064","285","8"
"16.105219607904754","286.5","8"
"24.801374989974278","288","8"
"14.953156704123174","289.5","8"
"9.52866785783415","291","8"
"23.984565398480598","292.5","8"
"29.339720239195582","294","8"
"8.511493818905647","295.5","8"
"11.09284762337525","297","8"
"27.529580600035306","298.5","8"
"24.980008910626605","300","8"
"31.109949723891464","1.5","9"
"19.44820642255404","3","9"
"12.147514313087049","4.5","9"
"25.316131653067206","6","9"
"14.638621616175449","7.5","9"
"11.140630563701315","9","9"
"26.863257345793432","10.5","9"
"30.30276310380732","12","9"
"4.918760143789706","13.5","9"
"5.902634049580075","15","9"
"33.30826291988461","16.5","9"
"30.23095061247734","18","9"
"4.868249126787111","19.5","9"
"15.43837539250926","21","9"
"27.41833012973468","22.5","9"
"21.0775167863678","24","9"
"11.340218796440695","25.5","9"
"23.18262323683258","27","9"
"24.014164355262277","28.5","9"
"12.065938591575401","30","9"
"20.223968108301335","31.5","9"
"28.757810115290347","33","9"
"12.16816371479991","34.5","9"
"11.607829048972583","36","9"
"26.273717493153384","37.5","9"
"17.85585990781747","39","9"
"8.505856461673064","40.5","9"
"21.698148785450574","42","9"
"27.019493421530022","43.5","9"
"11.34551900991667","45","9"
"13.809397816589618","46.5","9"
"25.366875708712932","48","9"
"22.320256550744446","49.5","9"
"12.844393071513071","51","9"
"20.45967950865763","52.5","9"
"27.42226434473427","54","9"
"13.82506585396066","55.5","9"
"15.327570962527455","57","9"
"30.632512348254785","58.5","9"
"20.915717403060928","60","9"
"12.60078884832766","61.5","9"
"21.51417457738738","63","9"
"28.30775369125622","64.5","9"
"17.97165615621107","66","9"
"14.071231324289293","67.5","9"
"26.57043536117825","69","9"
"16.369451453490584","70.5","9"
"16.701012736733254","72","9"
"27.25925228931061","73.5","9"
"24.737563346863126","75","9"
"7.575239508598024","76.5","9"
"16.355887297701475","78","9"
"30.038163623427465","79.5","9"
"20.31987723091755","81","9"
"7.978592375030732","82.5","9"
"17.90908680508163","84","9"
"27.193442176489743","85.5","9"
"20.62631215698171","87","9"
"15.809719639031664","88.5","9"
"25.20005140243936","90","9"
"15.527437099293598","91.5","9"
"6.658676745842047","93","9"
"24.74843035259937","94.5","9"
"26.90156802755206","96","9"
"8.022115281843067","97.5","9"
"14.519399046348418","99","9"
"32.17826158843465","100.5","9"
"20.545983083314265","102","9"
"9.062100972623712","103.5","9"
"17.8572468144338","105","9"
"24.648085219624893","106.5","9"
"14.794267036958603","108","9"
"19.720580246303324","109.5","9"
"28.904667147916754","111","9"
"10.788656837665156","112.5","9"
"3.0589608409502063","114","9"
"28.44523690780743","115.5","9"
"33.649759054290996","117","9"
"13.609550845618424","118.5","9"
"15.313173965830549","120","9"
"27.504471666306745","121.5","9"
"18.799876365079555","123","9"
"6.38640572044749","124.5","9"
"22.74335018597492","126","9"
"26.812746764377085","127.5","9"
"14.748227312800427","129","9"
"19.875833639462517","130.5","9"
"25.942743380174157","132","9"
"16.170439065772182","133.5","9"
"11.533487543881796","135","9"
"23.13331138877306","136.5","9"
"18.613429769467903","138","9"
"5.618147443422841","139.5","9"
"22.801283157071623","141","9"
"30.463393373622285","142.5","9"
"11.45438246757361","144","9"
"9.195086325569326","145.5","9"
"30.082495849490158","147","9"
"25.04162171435357","148.5","9"
"8.080697276450557","150","9"
"17.180283059305083","151.5","9"
"23.698252814768196","153","9"
"11.70163080531688","154.5","9"
"13.709011738507746","156","9"
"27.30707617474406","157.5","9"
"18.843166668835007","159","9"
"10.89424642907576","160.5","9"
"24.76074350468179","162","9"
"24.619097825936592","163.5","9"
"8.590008240260394","165","9"
"14.493887630925924","166.5","9"
"27.329698782164204","168","9"
"10.433352619170309","169.5","9"
"13.583277154260445","171","9"
"34.26117927538315","172.5","9"
"27.469077670070398","174","9"
"7.223027081297497","175.5","9"
"16.515404209064386","177","9"
"33.94825062952117","178.5","9"
"14.107230785411538","180","9"
"11.490956031371836","181.5","9"
"30.49597522503607","183","9"
"23.083198062015665","184.5","9"
"14.953449418082398","186","9"
"19.642603338379654","187.5","9"
"29.752791906012572","189","9"
"9.448817057867942","190.5","9"
"12.276862520854786","192","9"
"31.9848996255363","193.5","9"
"26.356968479378097","195","9"
"7.143283435548502","196.5","9"
"15.130734763708293","198","9"
"32.592193973679365","199.5","9"
"15.665404687753528","201","9"
"6.085357689522828","202.5","9"
"25.497239703612983","204","9"
"24.692239726498055","205.5","9"
"12.385610112569534","207","9"
"19.910501077835782","208.5","9"
"27.240579577995018","210","9"
"8.760948836585577","211.5","9"
"17.041780570931568","213","9"
"32.68372981035716","214.5","9"
"12.60775038775674","216","9"
"5.2804169521377435","217.5","9"
"25.98001736666053","219","9"
"33.40447521053003","220.5","9"
"6.856422448748801","222","9"
"9.985855699934408","223.5","9"
"31.185807940300737","225","9"
"23.202827469399118","226.5","9"
"8.554793705558573","228","9"
"19.336006374230926","229.5","9"
"25.469451043281513","231","9"
"14.610013182523648","232.5","9"
"18.884380097355955","234","9"
"29.555387702724914","235.5","9"
"10.450535625514842","237","9"
"6.776894853779235","238.5","9"
"32.08836355605253","240","9"
"25.273294359010556","241.5","9"
"6.908150058144427","243","9"
"20.248915003945324","244.5","9"
"32.36019376816325","246","9"
"11.026162853366703","247.5","9"
"10.321823373670421","249","9"
"27.65795135226063","250.5","9"
"24.184548272361432","252","9"
"9.008324365513507","253.5","9"
"19.323928438722884","255","9"
"30.32489785462875","256.5","9"
"11.884194585106306","258","9"
"11.515287879232453","259.5","9"
"29.46723201533818","261","9"
"20.606965158152903","262.5","9"
"15.56636631352559","264","9"
"26.81567738865933","265.5","9"
"27.593697153520647","267","9"
"1.6364923098847566","268.5","9"
"11.728005552684591","270","9"
"33.1517689770887","271.5","9"
"19.77463998447528","273","9"
"6.775228736377394","274.5","9"
"28.946924241089942","276","9"
"29.254927277649948","277.5","9"
"10.9512977736048","279","9"
"14.369360491760428","280.5","9"
"27.094522281721492","282","9"
"17.42615581567449","283.5","9"
"13.19157534881191","285","9"
"26.990981688025464","286.5","9"
"24.982420316100225","288","9"
"11.947210847727062","289.5","9"
"19.806216502826725","291","9"
"29.667131256659236","292.5","9"
"14.624092201258895","294","9"
"8.263415253772076","295.5","9"
"24.007790857269143","297","9"
"21.796978078279068","298.5","9"
"16.740109216084804","300","9"
"6.1146051282016884","1.5","10"
"24.757490546575397","3","10"
"29.077098320385492","4.5","10"
"7.858278226064089","6","10"
"16.075575350153194","7.5","10"
"36.12191312851955","9","10"
"14.996271031034091","10.5","10"
"2.724666689582266","12","10"
"28.152732029981415","13.5","10"
"38.22667633702024","15","10"
"6.242728031851419","16.5","10"
"5.532525561245651","18","10"
"31.55782298964637","19.5","10"
"31.04479995982385","21","10"
"5.596006594393927","22.5","10"
"17.684315588951385","24","10"
"25.30253613506818","25.5","10"
"16.123498549251387","27","10"
"14.878950230769528","28.5","10"
"29.098151074964786","30","10"
"17.139648089322606","31.5","10"
"3.6053654585393913","33","10"
"26.94897026549663","34.5","10"
"34.35540180804383","36","10"
"5.593115608460327","37.5","10"
"8.611421660253733","39","10"
"37.11087860197269","40.5","10"
"20.66922959890815","42","10"
"0.7682144461583585","43.5","10"
"21.376595531861422","45","10"
"30.252287369290883","46.5","10"
"9.723070000694754","48","10"
"16.214246845991262","49.5","10"
"27.842366373607657","51","10"
"12.307361398826584","52.5","10"
"15.0953965225118","54","10"
"35.78710411420547","55.5","10"
"24.968174903417918","57","10"
"1.0738417408688716","58.5","10"
"14.973867959083371","60","10"
"41.138309058815906","61.5","10"
"16.033126599030517","63","10"
"1.6174165723924194","64.5","10"
"23.80938654795413","66","10"
"23.26941641043292","67.5","10"
"17.759518683642394","69","10"
"22.34692488324388","70.5","10"
"19.92760393631053","72","10"
"7.8928541913251","73.5","10"
"17.672704601902108","75","10"
"34.89814227410771","76.5","10"
"14.392010976700494","78","10"
"5.586981247317809","79.5","10"
"27.284706207348254","81","10"
"34.495960263511904","82.5","10"
"4.814088332605423","84","10"
"6.3978233072022785","85.5","10"
"32.00828538006442","87","10"
"21.848420814267946","88.5","10"
"12.268865157325948","90","10"
"25.26138368862207","91.5","10"
"19.204532505568814","93","10"
"6.326015607321035","94.5","10"
"18.748773386364775","96","10"
"34.93659931284595","97.5","10"
"7.8695398729417905","99","10"
"6.483807161552261","100.5","10"
"34.72492530404605","102","10"
"34.41673235188154","103.5","10"
"3.951485123184166","105","10"
"6.778796623341703","106.5","10"
"28.851225942218164","108","10"
"22.55053880409511","109.5","10"
"13.839469820037547","111","10"
"19.20621212614437","112.5","10"
"14.167794697451281","114","10"
"17.24453377335507","115.5","10"
"29.185231735489367","117","10"
"30.713705625039946","118.5","10"
"2.6638945673155723","120","10"
"6.59974628223548","121.5","10"
"31.035725827087862","123","10"
"22.05931599485491","124.5","10"
"10.605245407035472","126","10"
"19.826185518818885","127.5","10"
"29.459433279138814","129","10"
"8.832296992974285","130.5","10"
"13.583019287201127","132","10"
"27.939650206425238","133.5","10"
"14.82524244628664","135","10"
"15.342124770273944","136.5","10"
"28.618338883099394","138","10"
"15.415418254850005","139.5","10"
"6.7970097911647605","141","10"
"25.72840184118632","142.5","10"
"37.312757147208515","144","10"
"4.838429763363514","145.5","10"
"3.7773721522086277","147","10"
"31.06607747690755","148.5","10"
"32.569435463349585","150","10"
"5.353942604184441","151.5","10"
"14.77392864382742","153","10"
"29.270179765739588","154.5","10"
"13.479856782369101","156","10"
"12.513351007079025","157.5","10"
"33.173279968401786","159","10"
"21.079224284463283","160.5","10"
"4.262626123080871","162","10"
"23.899606914160405","163.5","10"
"33.26159595152809","165","10"
"11.170989182900984","166.5","10"
"6.4692193780783604","168","10"
"23.47814585619061","169.5","10"
"21.721419545209","171","10"
"12.069290863346533","172.5","10"
"24.968911915350965","174","10"
"22.43464498438177","175.5","10"
"1.684825068953428","177","10"
"15.107899590198716","178.5","10"
"42.34730831235683","180","10"
"15.41474745202678","181.5","10"
"-2.3256587959818114","183","10"
"21.61867694552086","184.5","10"
"33.601579730478484","186","10"
"12.283693384409212","187.5","10"
"12.937459558269312","189","10"
"21.87140060241214","190.5","10"
"14.189689875835846","192","10"
"14.933374119045519","193.5","10"
"30.091245906057004","195","10"
"16.555694194737775","196.5","10"
"5.607256480442909","198","10"
"25.06960377497953","199.5","10"
"40.635956149745155","201","10"
"10.979398313690444","202.5","10"
"1.8889382805423964","204","10"
"23.99954259606097","205.5","10"
"29.55725549655997","207","10"
"7.240261051233144","208.5","10"
"15.177007962095852","210","10"
"28.108685548497963","211.5","10"
"11.206665439026583","213","10"
"15.372089619504655","214.5","10"
"29.918530731354018","216","10"
"22.08802635568894","217.5","10"
"8.7858068726348","219","10"
"21.35573443523162","220.5","10"
"30.14092713125555","222","10"
"11.7894519624645","223.5","10"
"12.654516669777994","225","10"
"29.885987211530132","226.5","10"
"15.677038325287745","228","10"
"9.013379779517631","229.5","10"
"24.915576992697094","231","10"
"33.63613740111704","232.5","10"
"5.627303901959863","234","10"
"9.665556934741936","235.5","10"
"28.779725330642357","237","10"
"18.723849141205726","238.5","10"
"11.999652818570798","240","10"
"23.57162963457325","241.5","10"
"25.664175519966264","243","10"
"7.14382486925582","244.5","10"
"13.515257747985428","246","10"
"34.23384885178547","247.5","10"
"21.173631505693475","249","10"
"3.8354331856624952","250.5","10"
"17.114516505109105","252","10"
"30.541509669145583","253.5","10"
"13.648069737604","255","10"
"12.438182759287924","256.5","10"
"25.583003151321048","258","10"
"18.62530385061148","259.5","10"
"7.820761182450861","261","10"
"18.72163636306158","262.5","10"
"29.70381458819217","264","10"
"17.522354167559943","265.5","10"
"13.457918045359651","267","10"
"23.162154167826742","268.5","10"
"21.02589981587938","270","10"
"9.089711913765651","271.5","10"
"25.636339816319918","273","10"
"30.58856343809108","274.5","10"
"14.397264146861595","276","10"
"12.177070582416341","277.5","10"
"23.96690847429732","279","10"
"21.46217603334497","280.5","10"
"10.568286784993266","282","10"
"20.549309219910466","283.5","10"
"20.879710101386205","285","10"
"7.365127512086492","286.5","10"
"17.11647141619393","288","10"
"36.469329751220265","289.5","10"
"16.97565509366654","291","10"
"3.4054614257695976","292.5","10"
"19.453287100560594","294","10"
"25.306362324678055","295.5","10"
"15.185770215077666","297","10"
"17.669977831984323","298.5","10"
"24.52171642179927","300","10"
"7.929118488886642","1.5","11"
"8.430497427104967","3","11"
"31.579957740467798","4.5","11"
"28.593979157718852","6","11"
"13.209714902558911","7.5","11"
"16.892252523427224","9","11"
"29.079891299413102","10.5","11"
"12.92420292637189","12","11"
"11.012641385029982","13.5","11"
"31.856784998025297","15","11"
"18.03310169481848","16.5","11"
"12.327616159397989","18","11"
"22.74836813956164","19.5","11"
"30.75039244126287","21","11"
"9.309754405578408","22.5","11"
"10.32986603816914","24","11"
"27.399122518505504","25.5","11"
"18.308336449050195","27","11"
"18.197065070609625","28.5","11"
"27.14372087735631","30","11"
"32.8400216411336","31.5","11"
"11.3398006336418","33","11"
"19.146453177492493","34.5","11"
"29.66653537467081","36","11"
"15.187078716169204","37.5","11"
"10.464866413101921","39","11"
"28.032227965410275","40.5","11"
"21.524086778066152","42","11"
"12.358199541102064","43.5","11"
"22.176575813044632","45","11"
"27.618490722805046","46.5","11"
"12.741301131653358","48","11"
"16.244068822932352","49.5","11"
"27.815743342078104","51","11"
"17.8529014060153","52.5","11"
"12.30036762601509","54","11"
"29.63863694660463","55.5","11"
"28.43480723066503","57","11"
"1.100847870504287","58.5","11"
"13.707035048110475","60","11"
"37.464630391076646","61.5","11"
"17.11128271279766","63","11"
"3.9327013373751187","64.5","11"
"24.251698248483752","66","11"
"35.703450646286825","67.5","11"
"14.815441755687575","69","11"
"14.619921027339933","70.5","11"
"23.248576221943065","72","11"
"18.16280882565527","73.5","11"
"15.611318814406642","75","11"
"24.32749722516318","76.5","11"
"22.241147118573775","78","11"
"10.827377841670199","79.5","11"
"16.214717279140018","81","11"
"34.246498276451995","82.5","11"
"17.769181728986826","84","11"
"9.312141418222092","85.5","11"
"26.573571582169954","87","11"
"23.829029745432155","88.5","11"
"20.393930377911605","90","11"
"23.29760581011333","91.5","11"
"22.849739513738406","93","11"
"9.307909262228291","94.5","11"
"20.577117046036882","96","11"
"35.58421152418234","97.5","11"
"19.17865345535229","99","11"
"1.0746551981885941","100.5","11"
"21.392630332853994","102","11"
"34.266946437317884","103.5","11"
"8.883541972806189","105","11"
"8.298586229849011","106.5","11"
"34.92844513826753","108","11"
"25.562521885900242","109.5","11"
"4.00506920117238","111","11"
"17.033629881043133","112.5","11"
"30.00107955254559","114","11"
"15.312520586457278","115.5","11"
"10.991314211113913","117","11"
"29.71159938563157","118.5","11"
"15.864049440677904","120","11"
"9.521906688079541","121.5","11"
"31.720084094377015","123","11"
"30.20993444714295","124.5","11"
"1.3682530708095315","126","11"
"6.912371760068257","127.5","11"
"40.06575632655394","129","11"
"28.291621318943907","130.5","11"
"7.277999372660787","132","11"
"14.678714716864361","133.5","11"
"27.389372355911302","135","11"
"14.095749603064418","136.5","11"
"14.770982338440216","138","11"
"26.543171146690394","139.5","11"
"16.688534061876275","141","11"
"12.161414741460268","142.5","11"
"26.24030977021178","144","11"
"21.616195846247425","145.5","11"
"6.750326706117036","147","11"
"19.284697798806693","148.5","11"
"30.660062307321887","150","11"
"11.0511445959106","151.5","11"
"13.113861534982544","153","11"
"30.295814631965705","154.5","11"
"29.317878202333375","156","11"
"4.699315276310369","157.5","11"
"14.648328220144766","159","11"
"34.03230832147875","160.5","11"
"12.451957738821475","162","11"
"1.739958527228792","163.5","11"
"21.66807939552014","165","11"
"29.13782078581982","166.5","11"
"11.7477672296223","168","11"
"14.81676245319408","169.5","11"
"28.223234277874862","171","11"
"10.285965913665303","172.5","11"
"11.300494201718308","174","11"
"26.165115387245752","175.5","11"
"21.58095691871567","177","11"
"9.482003502995129","178.5","11"
"20.437776489720587","180","11"
"32.82133324871305","181.5","11"
"8.561986976872038","183","11"
"9.26787627244172","184.5","11"
"27.71469604407048","186","11"
"22.37857980712012","187.5","11"
"6.774993955389266","189","11"
"19.370236484010352","190.5","11"
"27.425248981711373","192","11"
"12.483738111537383","193.5","11"
"10.270828420345357","195","11"
"28.14156708325096","196.5","11"
"19.709220156933384","198","11"
"8.27676945698924","199.5","11"
"21.225149162517155","201","11"
"30.409070541356026","202.5","11"
"6.39555128932829","204","11"
"5.810977991097602","205.5","11"
"25.96126799216514","207","11"
"17.97899839802164","208.5","11"
"11.846957187864838","210","11"
"27.958753276954692","211.5","11"
"25.911616386831522","213","11"
"7.700547218321454","214.5","11"
"13.453670208260892","216","11"
"28.069674444051188","217.5","11"
"16.008310379261182","219","11"
"12.03863778784264","220.5","11"
"23.021707222438373","222","11"
"20.81488789817773","223.5","11"
"8.148775922455417","225","11"
"19.55159368989047","226.5","11"
"25.98048954215428","228","11"
"7.87435832802654","229.5","11"
"16.533122115322502","231","11"
"32.572278970382065","232.5","11"
"8.340528829750529","234","11"
"8.446398938705391","235.5","11"
"27.26017747450316","237","11"
"29.927092614661365","238.5","11"
"7.354979223660845","240","11"
"12.418392333657792","241.5","11"
"35.54139862295562","243","11"
"18.35510970045143","244.5","11"
"4.6921947479004595","246","11"
"19.26330005991831","247.5","11"
"24.460642002675876","249","11"
"15.841609779482281","250.5","11"
"19.490921752461013","252","11"
"16.60354421534616","253.5","11"
"7.054169458414303","255","11"
"16.838800863658662","256.5","11"
"34.91100774955367","258","11"
"11.936457094415516","259.5","11"
"-0.6605876723101758","261","11"
"28.447899210960387","262.5","11"
"38.23178489254672","264","11"
"5.580668295813263","265.5","11"
"7.585190040866695","267","11"
"30.309948534568306","268.5","11"
"21.078048201591393","270","11"
"8.4052395228793","271.5","11"
"19.23867549809847","273","11"
"23.727806470579996","274.5","11"
"11.089916999093006","276","11"
"18.385703536225478","277.5","11"
"27.739609835159555","279","11"
"21.069230193569727","280.5","11"
"12.839354209786404","282","11"
"26.74767017879928","283.5","11"
"18.129969107182163","285","11"
"7.183974596157081","286.5","11"
"25.393540556522378","288","11"
"36.686997426804304","289.5","11"
"7.005454799101954","291","11"
"4.2508291407033365","292.5","11"
"32.971708075885154","294","11"
"28.872013860358155","295.5","11"
"4.5913730835697395","297","11"
"11.932628291288149","298.5","11"
"21.401585986130296","300","11"
"26.9935377081337","1.5","12"
"31.564837670597807","3","12"
"14.968173975638438","4.5","12"
"16.45066389607069","6","12"
"24.96075077139256","7.5","12"
"10.972584873585973","9","12"
"14.304172396102919","10.5","12"
"27.967478940691603","12","12"
"15.068738644082337","13.5","12"
"6.832226503797825","15","12"
"31.24397787031682","16.5","12"
"29.704058516491525","18","12"
"9.234810920291713","19.5","12"
"12.653485201540724","21","12"
"30.4168274612755","22.5","12"
"26.64894542667051","24","12"
"7.272145964648775","25.5","12"
"21.39143682653215","27","12"
"23.115319934350666","28.5","12"
"12.164057007645775","30","12"
"20.885001603137205","31.5","12"
"25.561823205557094","33","12"
"10.033360736233709","34.5","12"
"13.795930360947754","36","12"
"27.212390178314607","37.5","12"
"17.252015402765274","39","12"
"8.635480831122571","40.5","12"
"30.123043702222866","42","12"
"25.524108405786887","43.5","12"
"2.5761635765214628","45","12"
"14.88869168163875","46.5","12"
"38.62708812510073","48","12"
"15.382723151011518","49.5","12"
"8.755731384496881","51","12"
"22.17017095284158","52.5","12"
"25.4027157452681","54","12"
"17.070386391065874","55.5","12"
"16.25280319839424","57","12"
"24.460009531442548","58.5","12"
"9.127357890908538","60","12"
"11.668663024486614","61.5","12"
"35.23379109870957","63","12"
"19.693033771926213","64.5","12"
"3.098316276326695","66","12"
"18.947961750927714","67.5","12"
"31.792245054706076","69","12"
"13.388824483394977","70.5","12"
"8.016901314444365","72","12"
"25.66733961847789","73.5","12"
"17.50216735844336","75","12"
"17.131518307574115","76.5","12"
"24.188036447042204","78","12"
"25.502935429402914","79.5","12"
"10.225146748083732","81","12"
"16.306664309236723","82.5","12"
"33.48239287872386","84","12"
"14.656294221463687","85.5","12"
"9.356516331737174","87","12"
"27.30017648856232","88.5","12"
"28.812364679440993","90","12"
"4.7505214889661245","91.5","12"
"13.570047528710452","93","12"
"30.931139826394602","94.5","12"
"18.48368604938621","96","12"
"15.963328258515206","97.5","12"
"26.6573766341032","99","12"
"21.634446910074132","100.5","12"
"5.363210137214918","102","12"
"19.481222117871678","103.5","12"
"32.46177945077445","105","12"
"11.448262480777306","106.5","12"
"7.571630240940075","108","12"
"31.760778304089335","109.5","12"
"23.5630694936109","111","12"
"4.784023734123726","112.5","12"
"16.514052149347965","114","12"
"34.97505635158419","115.5","12"
"13.336601176848163","117","12"
"6.314316196263243","118.5","12"
"28.14225008248915","120","12"
"19.489522649429713","121.5","12"
"11.877234788022221","123","12"
"21.29060035226897","124.5","12"
"24.1961627441007","126","12"
"10.476207336676913","127.5","12"
"15.766291690021577","129","12"
"28.57508342624385","130.5","12"
"13.76588362150226","132","12"
"10.282216387235223","133.5","12"
"30.277652427733763","135","12"
"28.873561062714064","136.5","12"
"2.0143527088967934","138","12"
"4.781793532529627","139.5","12"
"33.10026525902499","141","12"
"24.964249400143306","142.5","12"
"10.045490070919113","144","12"
"18.21942458393546","145.5","12"
"26.644255033942922","147","12"
"15.43508758750296","148.5","12"
"12.04761434925889","150","12"
"27.319063508312343","151.5","12"
"13.519726862898603","153","12"
"10.999412630652484","154.5","12"
"25.11426704659135","156","12"
"31.18863402388326","157.5","12"
"9.499915680720232","159","12"
"9.333335302746011","160.5","12"
"25.270316691413434","162","12"
"16.635350723237","163.5","12"
"13.716470717433008","165","12"
"23.45960904778466","166.5","12"
"27.164505310806312","168","12"
"11.638365387361782","169.5","12"
"9.93529720403069","171","12"
"27.300066720827612","172.5","12"
"26.907188832507185","174","12"
"12.125986769496512","175.5","12"
"19.568666928500296","177","12"
"23.009549139060542","178.5","12"
"14.447248540089333","180","12"
"18.563468026725104","181.5","12"
"26.059598974324953","183","12"
"11.3119100461281","184.5","12"
"14.84681441967456","186","12"
"29.626628704896408","187.5","12"
"26.50447366434279","189","12"
"-0.08076567401552813","190.5","12"
"8.899932212177818","192","12"
"32.6406694961411","193.5","12"
"27.41764538815149","195","12"
"5.98885094257319","196.5","12"
"14.814406802760313","198","12"
"23.960587246654047","199.5","12"
"13.63677759968888","201","12"
"17.49836556166342","202.5","12"
"25.760380841231697","204","12"
"12.511700135195893","205.5","12"
"7.693201491820891","207","12"
"31.860621641705148","208.5","12"
"33.650602349268766","210","12"
"3.275607937953197","211.5","12"
"6.823253427071569","213","12"
"28.196694878905085","214.5","12"
"24.75770485500983","216","12"
"9.663573274964685","217.5","12"
"16.010357634630765","219","12"
"26.229946302179204","220.5","12"
"13.611383792553575","222","12"
"13.231816548825428","223.5","12"
"25.092606213608665","225","12"
"11.46019144578824","226.5","12"
"10.621687045584466","228","12"
"28.57825797882545","229.5","12"
"30.024308496024126","231","12"
"5.758877519872962","232.5","12"
"3.5627760130583352","234","12"
"32.121868850313874","235.5","12"
"30.704359686484676","237","12"
"12.362491807998207","238.5","12"
"14.621503076595745","240","12"
"26.295693690580233","241.5","12"
"16.126432658223624","243","12"
"15.516434190647711","244.5","12"
"23.98856233790002","246","12"
"11.924215378477909","247.5","12"
"6.926539638398268","249","12"
"22.228825254766377","250.5","12"
"32.92471703135949","252","12"
"13.36780744688809","253.5","12"
"8.783043513472112","255","12"
"24.592865079686007","256.5","12"
"21.3274735994064","258","12"
"9.99339134203947","259.5","12"
"19.19041776876116","261","12"
"26.980335960103634","262.5","12"
"9.94159316767153","264","12"
"11.73728353978504","265.5","12"
"28.654109225854743","267","12"
"17.902155756689968","268.5","12"
"10.902240307914608","270","12"
"23.659198151696536","271.5","12"
"27.573752530358423","273","12"
"11.707844878742936","274.5","12"
"12.125972830736549","276","12"
"28.395372736384374","277.5","12"
"23.141587527501162","279","12"
"7.407683417426386","280.5","12"
"16.63233995108497","282","12"
"27.70622650504789","283.5","12"
"14.695455167580064","285","12"
"16.105219607904754","286.5","12"
"24.801374989974278","288","12"
"14.953156704123174","289.5","12"
"9.52866785783415","291","12"
"23.984565398480598","292.5","12"
"29.339720239195582","294","12"
"8.511493818905647","295.5","12"
"11.09284762337525","297","12"
"27.529580600035306","298.5","12"
"24.980008910626605","300","12"
"7.929118488886642","1.5","13"
"8.430497427104967","3","13"
"31.579957740467798","4.5","13"
"28.593979157718852","6","13"
"13.209714902558911","7.5","13"
"16.892252523427224","9","13"
"29.079891299413102","10.5","13"
"12.92420292637189","12","13"
"11.012641385029982","13.5","13"
"31.856784998025297","15","13"
"18.03310169481848","16.5","13"
"12.327616159397989","18","13"
"22.74836813956164","19.5","13"
"30.75039244126287","21","13"
"9.309754405578408","22.5","13"
"10.32986603816914","24","13"
"27.399122518505504","25.5","13"
"18.308336449050195","27","13"
"18.197065070609625","28.5","13"
"27.14372087735631","30","13"
"32.8400216411336","31.5","13"
"11.3398006336418","33","13"
"19.146453177492493","34.5","13"
"29.66653537467081","36","13"
"15.187078716169204","37.5","13"
"10.464866413101921","39","13"
"28.032227965410275","40.5","13"
"21.524086778066152","42","13"
"12.358199541102064","43.5","13"
"22.176575813044632","45","13"
"27.618490722805046","46.5","13"
"12.741301131653358","48","13"
"16.244068822932352","49.5","13"
"27.815743342078104","51","13"
"17.8529014060153","52.5","13"
"12.30036762601509","54","13"
"29.63863694660463","55.5","13"
"28.43480723066503","57","13"
"1.100847870504287","58.5","13"
"13.707035048110475","60","13"
"37.464630391076646","61.5","13"
"17.11128271279766","63","13"
"3.9327013373751187","64.5","13"
"24.251698248483752","66","13"
"35.703450646286825","67.5","13"
"14.815441755687575","69","13"
"14.619921027339933","70.5","13"
"23.248576221943065","72","13"
"18.16280882565527","73.5","13"
"15.611318814406642","75","13"
"24.32749722516318","76.5","13"
"22.241147118573775","78","13"
"10.827377841670199","79.5","13"
"16.214717279140018","81","13"
"34.246498276451995","82.5","13"
"17.769181728986826","84","13"
"9.312141418222092","85.5","13"
"26.573571582169954","87","13"
"23.829029745432155","88.5","13"
"20.393930377911605","90","13"
"23.29760581011333","91.5","13"
"22.849739513738406","93","13"
"9.307909262228291","94.5","13"
"20.577117046036882","96","13"
"35.58421152418234","97.5","13"
"19.17865345535229","99","13"
"1.0746551981885941","100.5","13"
"21.392630332853994","102","13"
"34.266946437317884","103.5","13"
"8.883541972806189","105","13"
"8.298586229849011","106.5","13"
"34.92844513826753","108","13"
"25.562521885900242","109.5","13"
"4.00506920117238","111","13"
"17.033629881043133","112.5","13"
"30.00107955254559","114","13"
"15.312520586457278","115.5","13"
"10.991314211113913","117","13"
"29.71159938563157","118.5","13"
"15.864049440677904","120","13"
"9.521906688079541","121.5","13"
"31.720084094377015","123","13"
"30.20993444714295","124.5","13"
"1.3682530708095315","126","13"
"6.912371760068257","127.5","13"
"40.06575632655394","129","13"
"28.291621318943907","130.5","13"
"7.277999372660787","132","13"
"14.678714716864361","133.5","13"
"27.389372355911302","135","13"
"14.095749603064418","136.5","13"
"14.770982338440216","138","13"
"26.543171146690394","139.5","13"
"16.688534061876275","141","13"
"12.161414741460268","142.5","13"
"26.24030977021178","144","13"
"21.616195846247425","145.5","13"
"6.750326706117036","147","13"
"19.284697798806693","148.5","13"
"30.660062307321887","150","13"
"11.0511445959106","151.5","13"
"13.113861534982544","153","13"
"30.295814631965705","154.5","13"
"29.317878202333375","156","13"
"4.699315276310369","157.5","13"
"14.648328220144766","159","13"
"34.03230832147875","160.5","13"
"12.451957738821475","162","13"
"1.739958527228792","163.5","13"
"21.66807939552014","165","13"
"29.13782078581982","166.5","13"
"11.7477672296223","168","13"
"14.81676245319408","169.5","13"
"28.223234277874862","171","13"
"10.285965913665303","172.5","13"
"11.300494201718308","174","13"
"26.165115387245752","175.5","13"
"21.58095691871567","177","13"
"9.482003502995129","178.5","13"
"20.437776489720587","180","13"
"32.82133324871305","181.5","13"
"8.561986976872038","183","13"
"9.26787627244172","184.5","13"
"27.71469604407048","186","13"
"22.37857980712012","187.5","13"
"6.774993955389266","189","13"
"19.370236484010352","190.5","13"
"27.425248981711373","192","13"
"12.483738111537383","193.5","13"
"10.270828420345357","195","13"
"28.14156708325096","196.5","13"
"19.709220156933384","198","13"
"8.27676945698924","199.5","13"
"21.225149162517155","201","13"
"30.409070541356026","202.5","13"
"6.39555128932829","204","13"
"5.810977991097602","205.5","13"
"25.96126799216514","207","13"
"17.97899839802164","208.5","13"
"11.846957187864838","210","13"
"27.958753276954692","211.5","13"
"25.911616386831522","213","13"
"7.700547218321454","214.5","13"
"13.453670208260892","216","13"
"28.069674444051188","217.5","13"
"16.008310379261182","219","13"
"12.03863778784264","220.5","13"
"23.021707222438373","222","13"
"20.81488789817773","223.5","13"
"8.148775922455417","225","13"
"19.55159368989047","226.5","13"
"25.98048954215428","228","13"
"7.87435832802654","229.5","13"
"16.533122115322502","231","13"
"32.572278970382065","232.5","13"
"8.340528829750529","234","13"
"8.446398938705391","235.5","13"
"27.26017747450316","237","13"
"29.927092614661365","238.5","13"
"7.354979223660845","240","13"
"12.418392333657792","241.5","13"
"35.54139862295562","243","13"
"18.35510970045143","244.5","13"
"4.6921947479004595","246","13"
"19.26330005991831","247.5","13"
"24.460642002675876","249","13"
"15.841609779482281","250.5","13"
"19.490921752461013","252","13"
"16.60354421534616","253.5","13"
"7.054169458414303","255","13"
"16.838800863658662","256.5","13"
"34.91100774955367","258","13"
"11.936457094415516","259.5","13"
"-0.6605876723101758","261","13"
"28.447899210960387","262.5","13"
"38.23178489254672","264","13"
"5.580668295813263","265.5","13"
"7.585190040866695","267","13"
"30.309948534568306","268.5","13"
"21.078048201591393","270","13"
"8.4052395228793","271.5","13"
"19.23867549809847","273","13"
"23.727806470579996","274.5","13"
"11.089916999093006","276","13"
"18.385703536225478","277.5","13"
"27.739609835159555","279","13"
"21.069230193569727","280.5","13"
"12.839354209786404","282","13"
"26.74767017879928","283.5","13"
"18.129969107182163","285","13"
"7.183974596157081","286.5","13"
"25.393540556522378","288","13"
"36.686997426804304","289.5","13"
"7.005454799101954","291","13"
"4.2508291407033365","292.5","13"
"32.971708075885154","294","13"
"28.872013860358155","295.5","13"
"4.5913730835697395","297","13"
"11.932628291288149","298.5","13"
"21.401585986130296","300","13"
"33.243318752526456","1.5","14"
"20.824624122011965","3","14"
"7.482047573002115","4.5","14"
"20.61772588084443","6","14"
"35.002202086612364","7.5","14"
"15.385139783520124","9","14"
"4.843726492149499","10.5","14"
"19.914431808145384","12","14"
"24.7309215277407","13.5","14"
"15.933387802114432","15","14"
"22.266184616157524","16.5","14"
"20.81717037012169","18","14"
"12.291472954813626","19.5","14"
"18.110022741674943","21","14"
"34.82779683726385","22.5","14"
"12.657250409075761","24","14"
"1.7499302943270938","25.5","14"
"26.552308003846218","27","14"
"29.491276376274556","28.5","14"
"7.552162149134088","30","14"
"10.703894367156941","31.5","14"
"31.27113057472497","33","14"
"16.484062907287317","34.5","14"
"14.03769989485302","36","14"
"24.375875176305172","37.5","14"
"21.865612532337458","39","14"
"7.123175467542959","40.5","14"
"17.275753110982464","42","14"
"27.335553061348712","43.5","14"
"9.919353876150376","45","14"
"18.30460783076006","46.5","14"
"32.02980334075748","48","14"
"16.687701220968478","49.5","14"
"9.55955963460241","51","14"
"21.58470644514575","52.5","14"
"33.58830306161361","54","14"
"12.639323421418196","55.5","14"
"9.693582553992778","57","14"
"26.63201506035031","58.5","14"
"26.385868755816624","60","14"
"15.336118907074836","61.5","14"
"19.662044423838214","63","14"
"25.76177471722801","64.5","14"
"9.685911880150575","66","14"
"14.402505120607726","67.5","14"
"28.706337759436543","69","14"
"15.315785740978638","70.5","14"
"10.16419690662751","72","14"
"27.35574161281029","73.5","14"
"28.579888813741135","75","14"
"5.0076593769032245","76.5","14"
"10.527538562586088","78","14"
"31.784704185566028","79.5","14"
"27.502502816461956","81","14"
"8.33055129113443","82.5","14"
"17.766136109934884","84","14"
"24.292186861486616","85.5","14"
"13.128683663858324","87","14"
"12.04647311328691","88.5","14"
"27.72690639779817","90","14"
"17.406509133506475","91.5","14"
"11.904520781822521","93","14"
"28.165837949036735","94.5","14"
"31.001561926418262","96","14"
"9.655663899858114","97.5","14"
"12.993773890865302","99","14"
"32.925215342028174","100.5","14"
"21.411996497477748","102","14"
"9.94401938307761","103.5","14"
"18.957248449753138","105","14"
"28.038758274452995","106.5","14"
"13.492143799276588","108","14"
"12.445416975708783","109.5","14"
"27.718968273999174","111","14"
"21.08835242989413","112.5","14"
"11.131393521708256","114","14"
"25.948815452483093","115.5","14"
"25.543309047636082","117","14"
"5.641249195716712","118.5","14"
"15.534913501668814","120","14"
"36.833828324255784","121.5","14"
"22.190636537157427","123","14"
"7.009808919245433","124.5","14"
"21.8185082353871","126","14"
"28.190659395841056","127.5","14"
"14.4527029510974","129","14"
"14.238697684693669","130.5","14"
"29.198085014520355","132","14"
"20.82841023768695","133.5","14"
"11.907754574133966","135","14"
"21.011173515978346","136.5","14"
"25.86035311237717","138","14"
"4.536532774839849","139.5","14"
"16.45799916850128","141","14"
"34.94642962330994","142.5","14"
"18.434837665095465","144","14"
"2.120176645709278","145.5","14"
"23.639190804114477","147","14"
"30.638495560968956","148.5","14"
"7.073274706874999","150","14"
"10.0465912329562","151.5","14"
"28.77647759957095","153","14"
"26.036521614861016","154.5","14"
"14.464571805205994","156","14"
"19.72224418577392","157.5","14"
"21.12472736636288","159","14"
"10.687393488878104","160.5","14"
"16.845308522216442","162","14"
"33.56985511280243","163.5","14"
"22.48742061429212","165","14"
"2.057600325199858","166.5","14"
"19.442101245690193","168","14"
"31.55567990530204","169.5","14"
"17.2167085237787","171","14"
"10.000101983789213","172.5","14"
"19.79420477642851","174","14"
"23.129023477739405","175.5","14"
"14.309010888155116","177","14"
"19.771775569302857","178.5","14"
"24.80966158277235","180","14"
"6.984425566180098","181.5","14"
"11.585781415400923","183","14"
"32.223360446295324","184.5","14"
"26.746534169862286","186","14"
"10.959726367519997","187.5","14"
"17.718329647951382","189","14"
"27.76836549696347","190.5","14"
"12.487683651779443","192","14"
"12.417404424045404","193.5","14"
"28.214560884487813","195","14"
"16.81551790748527","196.5","14"
"4.144770858488972","198","14"
"23.868044334568918","199.5","14"
"35.92781938072313","201","14"
"8.855664452879953","202.5","14"
"2.904210332115309","204","14"
"28.042828392362225","205.5","14"
"28.268293061800634","207","14"
"12.828969833613883","208.5","14"
"15.9221374804792","210","14"
"24.30391284330559","211.5","14"
"11.750312795660564","213","14"
"12.622704063679672","214.5","14"
"30.96408060087744","216","14"
"20.257401966417866","217.5","14"
"2.9855327602232506","219","14"
"19.855855911745376","220.5","14"
"31.919199280450147","222","14"
"14.961237700211791","223.5","14"
"6.120036888724815","225","14"
"22.035151412113848","226.5","14"
"23.549477460301866","228","14"
"8.560296902226511","229.5","14"
"21.11877377351363","231","14"
"28.030680763054367","232.5","14"
"14.036605702195915","234","14"
"10.737219328711262","235.5","14"
"25.16673253909252","237","14"
"21.970135808610884","238.5","14"
"9.980452688103705","240","14"
"16.673346040551465","241.5","14"
"25.07221903481761","243","14"
"21.41441487233135","244.5","14"
"18.37647781947489","246","14"
"20.941132989508677","247.5","14"
"9.486949149264541","249","14"
"16.049657968346775","250.5","14"
"32.038048117275665","252","14"
"29.894796507826822","253.5","14"
"3.973856832924969","255","14"
"8.357203071356409","256.5","14"
"30.436885336862424","258","14"
"24.847297977017764","259.5","14"
"6.723691913758763","261","14"
"21.155650505341054","262.5","14"
"26.713345982390106","264","14"
"10.225206858986073","265.5","14"
"16.972133814430855","267","14"
"27.649312805773487","268.5","14"
"9.317586246332684","270","14"
"12.394748712070353","271.5","14"
"27.621478844472136","273","14"
"27.143496114851903","274.5","14"
"3.437693937011809","276","14"
"8.990973222876919","277.5","14"
"30.61244750328788","279","14"
"25.252739915099944","280.5","14"
"10.621070255456099","282","14"
"17.07074008709994","283.5","14"
"26.17734839145838","285","14"
"18.296389189416807","286.5","14"
"20.655017290780755","288","14"
"19.81537601046749","289.5","14"
"8.983095209980265","291","14"
"15.981882490371111","292.5","14"
"37.0308701197844","294","14"
"20.939702524267464","295.5","14"
"2.350751830812289","297","14"
"18.598508326927384","298.5","14"
"35.62646339032053","300","14"
"8.976722583159628","1.5","15"
"7.333949119566491","3","15"
"33.721034903362394","4.5","15"
"25.1431586113049","6","15"
"6.033252426849452","7.5","15"
"17.086119766374242","9","15"
"32.904007518744294","10.5","15"
"13.879162181377518","12","15"
"9.042299221751108","13.5","15"
"22.803867054699786","15","15"
"19.984827772994112","16.5","15"
"12.068275947386716","18","15"
"25.616973651696163","19.5","15"
"24.619437583210694","21","15"
"13.624549822511236","22.5","15"
"20.004516271442014","24","15"
"29.017524060303128","25.5","15"
"9.24710926244167","27","15"
"15.368428952669342","28.5","15"
"32.00965834792079","30","15"
"23.872260809457764","31.5","15"
"5.368170593416793","33","15"
"16.616925424910754","34.5","15"
"30.148220587406247","36","15"
"8.608822952693108","37.5","15"
"13.505829048042877","39","15"
"32.92313149741369","40.5","15"
"25.185204880733643","42","15"
"7.225146208398139","43.5","15"
"21.06421746701799","45","15"
"29.48910192972031","46.5","15"
"12.486317653303058","48","15"
"8.346870965533748","49.5","15"
"24.955420938051663","51","15"
"21.751743317508762","52.5","15"
"11.450767972880675","54","15"
"22.94292186643684","55.5","15"
"31.378995668699552","57","15"
"11.402909240547311","58.5","15"
"6.959111035742082","60","15"
"29.831263639914933","61.5","15"
"22.086625510312647","63","15"
"13.335716936763003","64.5","15"
"19.02814969465053","66","15"
"27.59406653065967","67.5","15"
"12.353508277201978","69","15"
"13.317495492801218","70.5","15"
"31.74344894076519","72","15"
"16.207765322608413","73.5","15"
"13.366451031309179","75","15"
"23.821750228041417","76.5","15"
"27.50325550949996","78","15"
"7.878866645702111","79.5","15"
"14.578394847892312","81","15"
"29.05490432983422","82.5","15"
"12.421369130082415","84","15"
"14.961411934711329","85.5","15"
"28.56748331737396","87","15"
"20.113433741793813","88.5","15"
"5.970049733314189","90","15"
"22.33415872146266","91.5","15"
"31.675762322384294","93","15"
"10.073318805185478","94.5","15"
"8.83645945516827","96","15"
"30.943050496783087","97.5","15"
"21.87097372788827","99","15"
"8.451257467725036","100.5","15"
"22.01154612211631","102","15"
"27.575899099392743","103.5","15"
"11.59295116505695","105","15"
"13.497508479517395","106.5","15"
"31.268471756262006","108","15"
"18.282807610177745","109.5","15"
"6.7979249578735885","111","15"
"29.519575543689676","112.5","15"
"20.180273580506952","114","15"
"11.03741840203692","115.5","15"
"18.150617637722526","117","15"
"33.196519365950294","118.5","15"
"12.049932539275256","120","15"
"8.461492002227955","121.5","15"
"23.01750468630949","123","15"
"20.75119647687126","124.5","15"
"9.684219191987555","126","15"
"23.277729138405924","127.5","15"
"26.213111764833748","129","15"
"3.875277131017066","130.5","15"
"11.337585241980163","132","15"
"34.76172363034868","133.5","15"
"24.035867004524853","135","15"
"6.599196572389435","136.5","15"
"15.967281639309746","138","15"
"34.2581719879211","139.5","15"
"13.803723870112131","141","15"
"10.584487979932897","142.5","15"
"28.35218174629366","144","15"
"19.17867262114724","145.5","15"
"12.261212778106197","147","15"
"24.543875565450634","148.5","15"
"24.059580319912104","150","15"
"5.503794727857924","151.5","15"
"19.44048957656946","153","15"
"37.15546172571472","154.5","15"
"13.404094394934573","156","15"
"12.514923473437365","157.5","15"
"26.323130397222634","159","15"
"28.719840933150813","160.5","15"
"3.3718940604677936","162","15"
"14.37378169218623","163.5","15"
"33.3007464435745","165","15"
"9.734374335024842","166.5","15"
"6.742083671943847","168","15"
"29.286540385246298","169.5","15"
"24.16228284566535","171","15"
"3.771580161857704","172.5","15"
"21.43685104883698","174","15"
"31.162993674931105","175.5","15"
"13.254039288069126","177","15"
"9.634087570607706","178.5","15"
"33.74896469363849","180","15"
"19.98481731892414","181.5","15"
"9.66831855155963","183","15"
"22.487493792781926","184.5","15"
"28.488502818732947","186","15"
"6.505546835645986","187.5","15"
"15.058214880310183","189","15"
"29.543999735835047","190.5","15"
"17.044627562654032","192","15"
"13.460170026266194","193.5","15"
"24.777205180198234","195","15"
"24.31534436882034","196.5","15"
"15.864725470536115","198","15"
"19.023241508798517","199.5","15"
"26.765137187378063","201","15"
"6.715882723489426","202.5","15"
"12.247082360193586","204","15"
"34.53770336491145","205.5","15"
"21.104490029241425","207","15"
"7.909114625994573","208.5","15"
"21.29342643585149","210","15"
"31.22792738821929","211.5","15"
"8.028404276103927","213","15"
"10.61399894829231","214.5","15"
"30.20465165711693","216","15"
"15.855679215320052","217.5","15"
"8.049350747638501","219","15"
"26.385994204656292","220.5","15"
"24.718932451827424","222","15"
"4.147389603017042","223.5","15"
"21.767595172276817","225","15"
"32.77160323785464","226.5","15"
"8.709268270504825","228","15"
"8.843448872117277","229.5","15"
"26.665089995397793","231","15"
"25.620759767371144","232.5","15"
"10.78991742426932","234","15"
"19.83140384208008","235.5","15"
"28.18448626752239","237","15"
"10.879149880863206","238.5","15"
"8.877530882572094","240","15"
"29.883366724657066","241.5","15"
"17.194030161318707","243","15"
"9.335313735488276","244.5","15"
"26.933167196388446","246","15"
"33.3654850142232","247.5","15"
"7.62001341911705","249","15"
"7.922780708965912","250.5","15"
"30.59272764263006","252","15"
"21.21378733080222","253.5","15"
"8.847386571806858","255","15"
"20.947908969195748","256.5","15"
"25.688047388748096","258","15"
"10.371790343448206","259.5","15"
"19.89386342547481","261","15"
"31.85460009740108","262.5","15"
"15.186064671381887","264","15"
"6.851411028955812","265.5","15"
"26.358013886375332","267","15"
"25.068230807123165","268.5","15"
"9.503637329630383","270","15"
"15.708351749544889","271.5","15"
"27.22180755301469","273","15"
"15.520068722308094","274.5","15"
"14.268770559314095","276","15"
"24.67324293901332","277.5","15"
"19.309700449490535","279","15"
"16.499630759821123","280.5","15"
"17.420975824003197","282","15"
"26.79488772817434","283.5","15"
"17.221479064376076","285","15"
"9.230354872966004","286.5","15"
"23.994960228723095","288","15"
"24.713811699885976","289.5","15"
"6.497903603737461","291","15"
"17.76365501066145","292.5","15"
"29.06351325645644","294","15"
"14.427944228712914","295.5","15"
"13.782866258172323","297","15"
"23.511147612748285","298.5","15"
"21.105911782757666","300","15"
"13.813227490889485","1.5","16"
"10.04662520868361","3","16"
"23.561555395809904","4.5","16"
"26.369215422350692","6","16"
"10.36049646318809","7.5","16"
"12.506162091628047","9","16"
"28.91932549636297","10.5","16"
"13.701981376451348","12","16"
"11.108443353428983","13.5","16"
"29.624879390521034","15","16"
"20.966987646895266","16.5","16"
"6.437403722876296","18","16"
"20.01705767071883","19.5","16"
"29.88351656632667","21","16"
"7.379802412810161","22.5","16"
"7.649222090619762","24","16"
"33.46748189025331","25.5","16"
"28.31423521463907","27","16"
"5.052654129650415","28.5","16"
"15.438411981754163","30","16"
"36.73396756319002","31.5","16"
"22.979113856681074","33","16"
"4.198187671357628","34.5","16"
"22.182444030989107","36","16"
"27.575670852198346","37.5","16"
"12.055552473057885","39","16"
"17.316379369239964","40.5","16"
"23.90166113890997","42","16"
"10.210706192761943","43.5","16"
"12.314583418832475","45","16"
"30.22070910859444","46.5","16"
"20.514502393937565","48","16"
"5.704104727011644","49.5","16"
"19.889754975975677","51","16"
"32.16671332580521","52.5","16"
"14.05036064476202","54","16"
"7.976778593890531","55.5","16"
"26.46958494815511","57","16"
"22.49305535800721","58.5","16"
"10.802801194337729","60","16"
"16.70080017064382","61.5","16"
"27.283561486686285","63","16"
"11.644154328608964","64.5","16"
"11.704562300771622","66","16"
"27.418814501643396","67.5","16"
"19.401685811177135","69","16"
"7.7357948575781865","70.5","16"
"24.560699648726118","72","16"
"31.86238489484048","73.5","16"
"14.236752356506317","75","16"
"3.8228251416896066","76.5","16"
"26.172898442340156","78","16"
"24.270208921714772","79.5","16"
"10.519341700555277","81","16"
"22.55654292494922","82.5","16"
"26.594458813974686","84","16"
"14.191409570346297","85.5","16"
"12.330201799371148","87","16"
"22.671879194264033","88.5","16"
"16.21406041507676","90","16"
"13.07125597281028","91.5","16"
"24.63443220424102","93","16"
"20.60824055468953","94.5","16"
"11.122835123090903","96","16"
"19.337638951491606","97.5","16"
"32.06363271118797","99","16"
"15.114229529566966","100.5","16"
"9.498529645276399","102","16"
"22.953536232148757","103.5","16"
"23.517954954645273","105","16"
"11.777628409325786","106.5","16"
"15.165139107987256","108","16"
"21.20266071566166","109.5","16"
"13.554037120547816","111","16"
"15.106327995012874","112.5","16"
"29.87520906538865","114","16"
"16.83553919382729","115.5","16"
"6.262473592097921","117","16"
"21.282306790090914","118.5","16"
"33.107206761486616","120","16"
"11.198452895890814","121.5","16"
"4.373556001902345","123","16"
"25.102656059542074","124.5","16"
"26.845898362604363","126","16"
"12.063446167059498","127.5","16"
"17.747325753364656","129","16"
"20.679911916074882","130.5","16"
"8.367739902716027","132","16"
"14.080319395785246","133.5","16"
"32.212651993953656","135","16"
"18.78120539610896","136.5","16"
"9.316938965166898","138","16"
"19.6024893295508","139.5","16"
"33.19100658638488","141","16"
"14.640801289764681","142.5","16"
"9.698980338788497","144","16"
"22.31992202050533","145.5","16"
"21.540313237008217","147","16"
"15.244910631256177","148.5","16"
"20.991805609009596","150","16"
"22.513165503944","151.5","16"
"9.994492504076556","153","16"
"14.231077538856333","154.5","16"
"30.38553146046831","156","16"
"18.820902984483915","157.5","16"
"4.675046588455834","159","16"
"22.413233306733424","160.5","16"
"23.05530137629448","162","16"
"13.881239056612023","163.5","16"
"17.275929087827","165","16"
"27.327648042104627","166.5","16"
"15.256573888655316","168","16"
"6.719500267286104","169.5","16"
"24.306960204702523","171","16"
"27.838719645532308","172.5","16"
"10.235485823286375","174","16"
"11.81208589512711","175.5","16"
"26.99272229067586","177","16"
"20.39663449734445","178.5","16"
"13.722913909225959","180","16"
"26.183209640022874","181.5","16"
"24.012812295545857","183","16"
"5.16403745375694","184.5","16"
"19.923228908027106","186","16"
"35.56681943643836","187.5","16"
"22.749840421082745","189","16"
"8.265837113315667","190.5","16"
"21.53558102800074","192","16"
"24.71668482678337","193.5","16"
"14.601478305563733","195","16"
"19.496943296765078","196.5","16"
"27.006847481553482","198","16"
"11.07186978963076","199.5","16"
"17.70561749886502","201","16"
"31.379504433438207","202.5","16"
"18.88638030941066","204","16"
"4.33599627083673","205.5","16"
"19.955824698200853","207","16"
"29.546125396729423","208.5","16"
"10.93014134949828","210","16"
"10.779568766169204","211.5","16"
"27.082332836133745","213","16"
"14.705945826797306","214.5","16"
"12.86141491094553","216","16"
"25.041804660578087","217.5","16"
"23.095066916124257","219","16"
"8.944898651818836","220.5","16"
"15.467230367977908","222","16"
"28.156657533256027","223.5","16"
"17.942961476481994","225","16"
"7.466102502776806","226.5","16"
"17.88500933959034","228","16"
"22.237718183622846","229.5","16"
"13.316882187362841","231","16"
"19.745647363751996","232.5","16"
"23.762360656528564","234","16"
"14.644339992450318","235.5","16"
"11.68409497411078","237","16"
"25.896008460362822","238.5","16"
"23.326694259811358","240","16"
"14.26570316094971","241.5","16"
"12.114316542717392","243","16"
"27.147331016186758","244.5","16"
"19.90192699811347","246","16"
"13.078295917764152","247.5","16"
"17.588089359546004","249","16"
"13.73224416667627","250.5","16"
"18.052835494236263","252","16"
"22.429090388536466","253.5","16"
"24.03532687757628","255","16"
"7.243365910014929","256.5","16"
"11.005972559560126","258","16"
"32.748099003866834","259.5","16"
"25.4433803351155","261","16"
"6.390798172180867","262.5","16"
"14.285844669096415","264","16"
"30.15452787628956","265.5","16"
"17.750036842177483","267","16"
"10.798914893825513","268.5","16"
"23.15271762733171","270","16"
"13.951151520724531","271.5","16"
"11.002897320643264","273","16"
"25.006698151265983","274.5","16"
"30.159451743246528","276","16"
"6.6119274516844975","277.5","16"
"5.6646981102509155","279","16"
"24.34561935546023","280.5","16"
"23.10030788987039","282","16"
"14.665155788110239","283.5","16"
"16.89070880576131","285","16"
"21.406060328078457","286.5","16"
"17.108850399184096","288","16"
"14.980736283055196","289.5","16"
"28.155927490702958","291","16"
"16.899535525507954","292.5","16"
"6.042703341690694","294","16"
"21.86947356884724","295.5","16"
"34.39685916486413","297","16"
"10.772010473579202","298.5","16"
"6.413158556679201","300","16"
"26.9935377081337","1.5","17"
"31.564837670597807","3","17"
"14.968173975638438","4.5","17"
"16.45066389607069","6","17"
"24.96075077139256","7.5","17"
"10.972584873585973","9","17"
"14.304172396102919","10.5","17"
"27.967478940691603","12","17"
"15.068738644082337","13.5","17"
"6.832226503797825","15","17"
"31.24397787031682","16.5","17"
"29.704058516491525","18","17"
"9.234810920291713","19.5","17"
"12.653485201540724","21","17"
"30.4168274612755","22.5","17"
"26.64894542667051","24","17"
"7.272145964648775","25.5","17"
"21.39143682653215","27","17"
"23.115319934350666","28.5","17"
"12.164057007645775","30","17"
"20.885001603137205","31.5","17"
"25.561823205557094","33","17"
"10.033360736233709","34.5","17"
"13.795930360947754","36","17"
"27.212390178314607","37.5","17"
"17.252015402765274","39","17"
"8.635480831122571","40.5","17"
"30.123043702222866","42","17"
"25.524108405786887","43.5","17"
"2.5761635765214628","45","17"
"14.88869168163875","46.5","17"
"38.62708812510073","48","17"
"15.382723151011518","49.5","17"
"8.755731384496881","51","17"
"22.17017095284158","52.5","17"
"25.4027157452681","54","17"
"17.070386391065874","55.5","17"
"16.25280319839424","57","17"
"24.460009531442548","58.5","17"
"9.127357890908538","60","17"
"11.668663024486614","61.5","17"
"35.23379109870957","63","17"
"19.693033771926213","64.5","17"
"3.098316276326695","66","17"
"18.947961750927714","67.5","17"
"31.792245054706076","69","17"
"13.388824483394977","70.5","17"
"8.016901314444365","72","17"
"25.66733961847789","73.5","17"
"17.50216735844336","75","17"
"17.131518307574115","76.5","17"
"24.188036447042204","78","17"
"25.502935429402914","79.5","17"
"10.225146748083732","81","17"
"16.306664309236723","82.5","17"
"33.48239287872386","84","17"
"14.656294221463687","85.5","17"
"9.356516331737174","87","17"
"27.30017648856232","88.5","17"
"28.812364679440993","90","17"
"4.7505214889661245","91.5","17"
"13.570047528710452","93","17"
"30.931139826394602","94.5","17"
"18.48368604938621","96","17"
"15.963328258515206","97.5","17"
"26.6573766341032","99","17"
"21.634446910074132","100.5","17"
"5.363210137214918","102","17"
"19.481222117871678","103.5","17"
"32.46177945077445","105","17"
"11.448262480777306","106.5","17"
"7.571630240940075","108","17"
"31.760778304089335","109.5","17"
"23.5630694936109","111","17"
"4.784023734123726","112.5","17"
"16.514052149347965","114","17"
"34.97505635158419","115.5","17"
"13.336601176848163","117","17"
"6.314316196263243","118.5","17"
"28.14225008248915","120","17"
"19.489522649429713","121.5","17"
"11.877234788022221","123","17"
"21.29060035226897","124.5","17"
"24.1961627441007","126","17"
"10.476207336676913","127.5","17"
"15.766291690021577","129","17"
"28.57508342624385","130.5","17"
"13.76588362150226","132","17"
"10.282216387235223","133.5","17"
"30.277652427733763","135","17"
"28.873561062714064","136.5","17"
"2.0143527088967934","138","17"
"4.781793532529627","139.5","17"
"33.10026525902499","141","17"
"24.964249400143306","142.5","17"
"10.045490070919113","144","17"
"18.21942458393546","145.5","17"
"26.644255033942922","147","17"
"15.43508758750296","148.5","17"
"12.04761434925889","150","17"
"27.319063508312343","151.5","17"
"13.519726862898603","153","17"
"10.999412630652484","154.5","17"
"25.11426704659135","156","17"
"31.18863402388326","157.5","17"
"9.499915680720232","159","17"
"9.333335302746011","160.5","17"
"25.270316691413434","162","17"
"16.635350723237","163.5","17"
"13.716470717433008","165","17"
"23.45960904778466","166.5","17"
"27.164505310806312","168","17"
"11.638365387361782","169.5","17"
"9.93529720403069","171","17"
"27.300066720827612","172.5","17"
"26.907188832507185","174","17"
"12.125986769496512","175.5","17"
"19.568666928500296","177","17"
"23.009549139060542","178.5","17"
"14.447248540089333","180","17"
"18.563468026725104","181.5","17"
"26.059598974324953","183","17"
"11.3119100461281","184.5","17"
"14.84681441967456","186","17"
"29.626628704896408","187.5","17"
"26.50447366434279","189","17"
"-0.08076567401552813","190.5","17"
"8.899932212177818","192","17"
"32.6406694961411","193.5","17"
"27.41764538815149","195","17"
"5.98885094257319","196.5","17"
"14.814406802760313","198","17"
"23.960587246654047","199.5","17"
"13.63677759968888","201","17"
"17.49836556166342","202.5","17"
"25.760380841231697","204","17"
"12.511700135195893","205.5","17"
"7.693201491820891","207","17"
"31.860621641705148","208.5","17"
"33.650602349268766","210","17"
"3.275607937953197","211.5","17"
"6.823253427071569","213","17"
"28.196694878905085","214.5","17"
"24.75770485500983","216","17"
"9.663573274964685","217.5","17"
"16.010357634630765","219","17"
"26.229946302179204","220.5","17"
"13.611383792553575","222","17"
"13.231816548825428","223.5","17"
"25.092606213608665","225","17"
"11.46019144578824","226.5","17"
"10.621687045584466","228","17"
"28.57825797882545","229.5","17"
"30.024308496024126","231","17"
"5.758877519872962","232.5","17"
"3.5627760130583352","234","17"
"32.121868850313874","235.5","17"
"30.704359686484676","237","17"
"12.362491807998207","238.5","17"
"14.621503076595745","240","17"
"26.295693690580233","241.5","17"
"16.126432658223624","243","17"
"15.516434190647711","244.5","17"
"23.98856233790002","246","17"
"11.924215378477909","247.5","17"
"6.926539638398268","249","17"
"22.228825254766377","250.5","17"
"32.92471703135949","252","17"
"13.36780744688809","253.5","17"
"8.783043513472112","255","17"
"24.592865079686007","256.5","17"
"21.3274735994064","258","17"
"9.99339134203947","259.5","17"
"19.19041776876116","261","17"
"26.980335960103634","262.5","17"
"9.94159316767153","264","17"
"11.73728353978504","265.5","17"
"28.654109225854743","267","17"
"17.902155756689968","268.5","17"
"10.902240307914608","270","17"
"23.659198151696536","271.5","17"
"27.573752530358423","273","17"
"11.707844878742936","274.5","17"
"12.125972830736549","276","17"
"28.395372736384374","277.5","17"
"23.141587527501162","279","17"
"7.407683417426386","280.5","17"
"16.63233995108497","282","17"
"27.70622650504789","283.5","17"
"14.695455167580064","285","17"
"16.105219607904754","286.5","17"
"24.801374989974278","288","17"
"14.953156704123174","289.5","17"
"9.52866785783415","291","17"
"23.984565398480598","292.5","17"
"29.339720239195582","294","17"
"8.511493818905647","295.5","17"
"11.09284762337525","297","17"
"27.529580600035306","298.5","17"
"24.980008910626605","300","17"
"22.79400712437088","1.5","18"
"27.19045928185764","3","18"
"7.902453641077199","4.5","18"
"13.272956798856569","6","18"
"31.071607679922916","7.5","18"
"14.265598620249987","9","18"
"9.721345079149318","10.5","18"
"26.95745025858919","12","18"
"30.178262099816756","13.5","18"
"8.965398211862093","15","18"
"11.330627187241074","16.5","18"
"30.81267779015806","18","18"
"22.614758155935178","19.5","18"
"8.2791651813579","21","18"
"25.116837005459548","22.5","18"
"18.872192394113203","24","18"
"10.129700218063789","25.5","18"
"22.98512146222518","27","18"
"30.158929039747914","28.5","18"
"8.3426936934073","30","18"
"7.89848109448771","31.5","18"
"33.29540789850863","33","18"
"22.227476679739947","34.5","18"
"1.2590937411930603","36","18"
"15.665256588428921","37.5","18"
"31.992384739636496","39","18"
"16.789257283714758","40.5","18"
"8.96687659159068","42","18"
"25.822277647192916","43.5","18"
"20.0224728789645","45","18"
"10.626508985359207","46.5","18"
"21.95538685822491","48","18"
"27.82717312524786","49.5","18"
"8.465054226571029","51","18"
"10.567703099419811","52.5","18"
"32.28631834035873","54","18"
"23.491809325644457","55.5","18"
"2.5067039043146315","57","18"
"15.509036193797288","58.5","18"
"32.24059572298972","60","18"
"16.669701054821108","61.5","18"
"9.27470887834114","63","18"
"29.112284977567388","64.5","18"
"20.569198088032838","66","18"
"15.774907586023778","67.5","18"
"20.05176518302699","69","18"
"33.713476610772396","70.5","18"
"7.743671999302343","72","18"
"4.764602250046366","73.5","18"
"30.002529183581753","75","18"
"28.35718576112042","76.5","18"
"14.522929037309078","78","18"
"17.23795467865248","79.5","18"
"24.055567699387723","81","18"
"14.862992092956754","82.5","18"
"17.2733207973689","84","18"
"27.795108750297704","85.5","18"
"9.252148995340836","87","18"
"8.763201688664616","88.5","18"
"31.635204015581614","90","18"
"34.802159973001686","91.5","18"
"5.891752233911369","93","18"
"4.222607507640512","94.5","18"
"31.955352939104483","96","18"
"23.359418983514768","97.5","18"
"15.146307843277086","99","18"
"16.63075093244917","100.5","18"
"20.323924698341845","102","18"
"17.967049396043258","103.5","18"
"21.580596253301625","105","18"
"19.623733742079583","106.5","18"
"6.416435036443031","108","18"
"14.15962048590541","109.5","18"
"36.11211766495547","111","18"
"19.92261908727872","112.5","18"
"3.2377284865809277","114","18"
"22.999720570941548","115.5","18"
"31.748832786800946","117","18"
"14.96820359550336","118.5","18"
"13.772210076180519","120","18"
"27.628732226687944","121.5","18"
"18.088023893763154","123","18"
"12.286682377248802","124.5","18"
"27.947130093490447","126","18"
"22.592832486513196","127.5","18"
"6.997497945094258","129","18"
"18.98004006463783","130.5","18"
"36.41377333869727","132","18"
"19.26872397988896","133.5","18"
"4.411070867584328","135","18"
"26.34376324665804","136.5","18"
"23.455056300311707","138","18"
"8.451612906104096","139.5","18"
"20.78318767333161","141","18"
"30.765794771022115","142.5","18"
"13.837588087442526","144","18"
"6.848110591948295","145.5","18"
"27.202096404081846","147","18"
"21.622409048500987","148.5","18"
"5.671883541011902","150","18"
"19.393092565659874","151.5","18"
"28.20569931784126","153","18"
"10.39469085489511","154.5","18"
"13.371925479284693","156","18"
"27.848504655026414","157.5","18"
"15.483448115194994","159","18"
"9.010512750827717","160.5","18"
"32.50632075823659","162","18"
"27.074143814655415","163.5","18"
"1.9694938590592423","165","18"
"15.030612650893222","166.5","18"
"33.13223728969039","168","18"
"16.3621893595498","169.5","18"
"13.235870114457203","171","18"
"26.720691708890666","172.5","18"
"18.27036378222067","174","18"
"13.01057358131085","175.5","18"
"27.142286927425104","177","18"
"31.512459295346403","178.5","18"
"2.4459973377783895","180","18"
"12.116294104287158","181.5","18"
"33.30258287519964","183","18"
"17.127077070180867","184.5","18"
"9.731621429932126","186","18"
"26.968798151544163","187.5","18"
"24.63999725415629","189","18"
"2.7154004633105346","190.5","18"
"14.18883089975312","192","18"
"32.45154143158154","193.5","18"
"17.42416780003475","195","18"
"6.086496747563564","196.5","18"
"24.339634400401067","198","18"
"27.345296254562932","199.5","18"
"14.737560676738651","201","18"
"19.238703375618396","202.5","18"
"22.556072491800464","204","18"
"13.630442433285644","205.5","18"
"14.856460041569038","207","18"
"31.699419882731693","208.5","18"
"15.972109677291972","210","18"
"5.757779406939617","211.5","18"
"25.544729058807324","213","18"
"30.902572337850195","214.5","18"
"13.053315046392752","216","18"
"8.537298819459865","217.5","18"
"27.292083296058735","219","18"
"15.734817970024856","220.5","18"
"7.056166621365268","222","18"
"25.786977737586323","223.5","18"
"26.810067037774175","225","18"
"10.998706109756855","226.5","18"
"16.602594637323676","228","18"
"30.88722924782079","229.5","18"
"12.29741260890291","231","18"
"6.916632229168233","232.5","18"
"31.014646937333637","234","18"
"26.875749959410374","235.5","18"
"4.509327800081835","237","18"
"15.936740073885561","238.5","18"
"28.185958549043495","240","18"
"12.914222774238299","241.5","18"
"10.680842271695438","243","18"
"28.516450032458998","244.5","18"
"19.78607499468002","246","18"
"10.563925695469806","247.5","18"
"23.782275659825867","249","18"
"29.981028646338647","250.5","18"
"10.420222307285053","252","18"
"8.342256364813458","253.5","18"
"27.520408895979575","255","18"
"25.192775369738612","256.5","18"
"10.42622817048416","258","18"
"20.68443678602791","259.5","18"
"25.864958130199984","261","18"
"14.117687468901368","262.5","18"
"13.956583281247658","264","18"
"24.55756517007941","265.5","18"
"14.962859823402498","267","18"
"10.772061872756566","268.5","18"
"24.30958069157559","270","18"
"25.893135333465423","271.5","18"
"6.822148344758243","273","18"
"15.666298510736164","274.5","18"
"34.15168683118287","276","18"
"19.570290794035998","277.5","18"
"9.66924025206219","279","18"
"20.83440390447109","280.5","18"
"26.442073320677906","282","18"
"9.952104735028716","283.5","18"
"12.302144817910388","285","18"
"27.266791416105658","286.5","18"
"17.003145813003798","288","18"
"13.137327437380451","289.5","18"
"25.43653640397361","291","18"
"19.42710662465987","292.5","18"
"4.006236572319291","294","18"
"17.538850689976293","295.5","18"
"35.16389170218452","297","18"
"10.360952957576883","298.5","18"
"4.4164133329264414","300","18"
"26.9935377081337","1.5","19"
"31.564837670597807","3","19"
"14.968173975638438","4.5","19"
"16.45066389607069","6","19"
"24.96075077139256","7.5","19"
"10.972584873585973","9","19"
"14.304172396102919","10.5","19"
"27.967478940691603","12","19"
"15.068738644082337","13.5","19"
"6.832226503797825","15","19"
"31.24397787031682","16.5","19"
"29.704058516491525","18","19"
"9.234810920291713","19.5","19"
"12.653485201540724","21","19"
"30.4168274612755","22.5","19"
"26.64894542667051","24","19"
"7.272145964648775","25.5","19"
"21.39143682653215","27","19"
"23.115319934350666","28.5","19"
"12.164057007645775","30","19"
"20.885001603137205","31.5","19"
"25.561823205557094","33","19"
"10.033360736233709","34.5","19"
"13.795930360947754","36","19"
"27.212390178314607","37.5","19"
"17.252015402765274","39","19"
"8.635480831122571","40.5","19"
"30.123043702222866","42","19"
"25.524108405786887","43.5","19"
"2.5761635765214628","45","19"
"14.88869168163875","46.5","19"
"38.62708812510073","48","19"
"15.382723151011518","49.5","19"
"8.755731384496881","51","19"
"22.17017095284158","52.5","19"
"25.4027157452681","54","19"
"17.070386391065874","55.5","19"
"16.25280319839424","57","19"
"24.460009531442548","58.5","19"
"9.127357890908538","60","19"
"11.668663024486614","61.5","19"
"35.23379109870957","63","19"
"19.693033771926213","64.5","19"
"3.098316276326695","66","19"
"18.947961750927714","67.5","19"
"31.792245054706076","69","19"
"13.388824483394977","70.5","19"
"8.016901314444365","72","19"
"25.66733961847789","73.5","19"
"17.50216735844336","75","19"
"17.131518307574115","76.5","19"
"24.188036447042204","78","19"
"25.502935429402914","79.5","19"
"10.225146748083732","81","19"
"16.306664309236723","82.5","19"
"33.48239287872386","84","19"
"14.656294221463687","85.5","19"
"9.356516331737174","87","19"
"27.30017648856232","88.5","19"
"28.812364679440993","90","19"
"4.7505214889661245","91.5","19"
"13.570047528710452","93","19"
"30.931139826394602","94.5","19"
"18.48368604938621","96","19"
"15.963328258515206","97.5","19"
"26.6573766341032","99","19"
"21.634446910074132","100.5","19"
"5.363210137214918","102","19"
"19.481222117871678","103.5","19"
"32.46177945077445","105","19"
"11.448262480777306","106.5","19"
"7.571630240940075","108","19"
"31.760778304089335","109.5","19"
"23.5630694936109","111","19"
"4.784023734123726","112.5","19"
"16.514052149347965","114","19"
"34.97505635158419","115.5","19"
"13.336601176848163","117","19"
"6.314316196263243","118.5","19"
"28.14225008248915","120","19"
"19.489522649429713","121.5","19"
"11.877234788022221","123","19"
"21.29060035226897","124.5","19"
"24.1961627441007","126","19"
"10.476207336676913","127.5","19"
"15.766291690021577","129","19"
"28.57508342624385","130.5","19"
"13.76588362150226","132","19"
"10.282216387235223","133.5","19"
"30.277652427733763","135","19"
"28.873561062714064","136.5","19"
"2.0143527088967934","138","19"
"4.781793532529627","139.5","19"
"33.10026525902499","141","19"
"24.964249400143306","142.5","19"
"10.045490070919113","144","19"
"18.21942458393546","145.5","19"
"26.644255033942922","147","19"
"15.43508758750296","148.5","19"
"12.04761434925889","150","19"
"27.319063508312343","151.5","19"
"13.519726862898603","153","19"
"10.999412630652484","154.5","19"
"25.11426704659135","156","19"
"31.18863402388326","157.5","19"
"9.499915680720232","159","19"
"9.333335302746011","160.5","19"
"25.270316691413434","162","19"
"16.635350723237","163.5","19"
"13.716470717433008","165","19"
"23.45960904778466","166.5","19"
"27.164505310806312","168","19"
"11.638365387361782","169.5","19"
"9.93529720403069","171","19"
"27.300066720827612","172.5","19"
"26.907188832507185","174","19"
"12.125986769496512","175.5","19"
"19.568666928500296","177","19"
"23.009549139060542","178.5","19"
"14.447248540089333","180","19"
"18.563468026725104","181.5","19"
"26.059598974324953","183","19"
"11.3119100461281","184.5","19"
"14.84681441967456","186","19"
"29.626628704896408","187.5","19"
"26.50447366434279","189","19"
"-0.08076567401552813","190.5","19"
"8.899932212177818","192","19"
"32.6406694961411","193.5","19"
"27.41764538815149","195","19"
"5.98885094257319","196.5","19"
"14.814406802760313","198","19"
"23.960587246654047","199.5","19"
"13.63677759968888","201","19"
"17.49836556166342","202.5","19"
"25.760380841231697","204","19"
"12.511700135195893","205.5","19"
"7.693201491820891","207","19"
"31.860621641705148","208.5","19"
"33.650602349268766","210","19"
"3.275607937953197","211.5","19"
"6.823253427071569","213","19"
"28.196694878905085","214.5","19"
"24.75770485500983","216","19"
"9.663573274964685","217.5","19"
"16.010357634630765","219","19"
"26.229946302179204","220.5","19"
"13.611383792553575","222","19"
"13.231816548825428","223.5","19"
"25.092606213608665","225","19"
"11.46019144578824","226.5","19"
"10.621687045584466","228","19"
"28.57825797882545","229.5","19"
"30.024308496024126","231","19"
"5.758877519872962","232.5","19"
"3.5627760130583352","234","19"
"32.121868850313874","235.5","19"
"30.704359686484676","237","19"
"12.362491807998207","238.5","19"
"14.621503076595745","240","19"
"26.295693690580233","241.5","19"
"16.126432658223624","243","19"
"15.516434190647711","244.5","19"
"23.98856233790002","246","19"
"11.924215378477909","247.5","19"
"6.926539638398268","249","19"
"22.228825254766377","250.5","19"
"32.92471703135949","252","19"
"13.36780744688809","253.5","19"
"8.783043513472112","255","19"
"24.592865079686007","256.5","19"
"21.3274735994064","258","19"
"9.99339134203947","259.5","19"
"19.19041776876116","261","19"
"26.980335960103634","262.5","19"
"9.94159316767153","264","19"
"11.73728353978504","265.5","19"
"28.654109225854743","267","19"
"17.902155756689968","268.5","19"
"10.902240307914608","270","19"
"23.659198151696536","271.5","19"
"27.573752530358423","273","19"
"11.707844878742936","274.5","19"
"12.125972830736549","276","19"
"28.395372736384374","277.5","19"
"23.141587527501162","279","19"
"7.407683417426386","280.5","19"
"16.63233995108497","282","19"
"27.70622650504789","283.5","19"
"14.695455167580064","285","19"
"16.105219607904754","286.5","19"
"24.801374989974278","288","19"
"14.953156704123174","289.5","19"
"9.52866785783415","291","19"
"23.984565398480598","292.5","19"
"29.339720239195582","294","19"
"8.511493818905647","295.5","19"
"11.09284762337525","297","19"
"27.529580600035306","298.5","19"
"24.980008910626605","300","19"