"nusselt","time","episode"
"11.333463147895332","1.5","0"
"11.669235392130867","3","0"
"12.012838600084798","4.5","0"
"11.57794271838215","6","0"
"10.677310204332665","7.5","0"
"11.086557147456368","9","0"
"12.652393796566317","10.5","0"
"11.95823145895556","12","0"
"11.56007253709681","13.5","0"
"11.217470601618315","15","0"
"10.175433479625344","16.5","0"
"9.876162097521599","18","0"
"9.507538765687304","19.5","0"
"11.09531224281357","21","0"
"12.596952131840819","22.5","0"
"12.247935039716202","24","0"
"12.473296149924956","25.5","0"
"12.44153048844159","27","0"
"11.917268116304838","28.5","0"
"10.562418668178443","30","0"
"9.252911668782112","31.5","0"
"11.407926652053016","33","0"
"12.29669817807052","34.5","0"
"13.387167278260561","36","0"
"11.192791767500005","37.5","0"
"11.113462936232107","39","0"
"10.802042261959485","40.5","0"
"11.32910508022598","42","0"
"9.851901694001974","43.5","0"
"9.609944395112812","45","0"
"9.600961773247572","46.5","0"
"12.042165364410096","48","0"
"12.682208340323228","49.5","0"
"12.649080636593121","51","0"
"12.519605586314174","52.5","0"
"12.418579920743918","54","0"
"10.827424714011896","55.5","0"
"10.306543292280528","57","0"
"9.584226107700937","58.5","0"
"10.740232971810434","60","0"
"12.450138314928864","61.5","0"
"14.636202095342743","63","0"
"15.833614887913114","64.5","0"
"14.329619476167386","66","0"
"10.855408916099702","67.5","0"
"8.471739921856468","69","0"
"7.735888806050529","70.5","0"
"9.347671784177283","72","0"
"13.401013668835276","73.5","0"
"13.639237039551448","75","0"
"14.139170438536016","76.5","0"
"13.482412056285867","78","0"
"12.007667047229177","79.5","0"
"9.694044270246158","81","0"
"9.542794465627852","82.5","0"
"9.714605030409071","84","0"
"12.403793814522995","85.5","0"
"12.926006110486306","87","0"
"13.16702914813185","88.5","0"
"12.167266763012291","90","0"
"12.049202322951471","91.5","0"
"11.45087617644684","93","0"
"10.36911308199069","94.5","0"
"11.076815584430758","96","0"
"11.404164672666706","97.5","0"
"12.021091890403728","99","0"
"11.232351770284376","100.5","0"
"10.108204071702643","102","0"
"9.440486236248592","103.5","0"
"11.528452586082633","105","0"
"10.382816099697328","106.5","0"
"11.051645074878985","108","0"
"12.98159036887951","109.5","0"
"14.966854213947077","111","0"
"12.420975182681264","112.5","0"
"10.18239095972898","114","0"
"11.255829856632532","115.5","0"
"10.218730527384183","117","0"
"9.58031841784544","118.5","0"
"10.434668767518653","120","0"
"10.231191499701056","121.5","0"
"12.019595046492977","123","0"
"13.629241457205222","124.5","0"
"12.122742474670718","126","0"
"11.365634772771461","127.5","0"
"11.14168011923054","129","0"
"10.494788751265569","130.5","0"
"8.453095215403359","132","0"
"10.100697255338163","133.5","0"
"14.176826075616132","135","0"
"14.0834669624862","136.5","0"
"12.321763495572343","138","0"
"11.476090321219333","139.5","0"
"10.961928723478756","141","0"
"10.62094362876799","142.5","0"
"11.348390289383223","144","0"
"11.021984812795331","145.5","0"
"11.680398216631339","147","0"
"11.446942772979133","148.5","0"
"11.684970564402438","150","0"
"12.860346791309134","151.5","0"
"9.383270332280627","153","0"
"9.31507237829803","154.5","0"
"11.112640100641398","156","0"
"11.512130675932461","157.5","0"
"11.99711511581878","159","0"
"13.59639348640794","160.5","0"
"13.35655249572367","162","0"
"12.1196428155989","163.5","0"
"10.15324263228841","165","0"
"10.757444728783133","166.5","0"
"10.404706954891815","168","0"
"11.919132742790223","169.5","0"
"11.702546207947922","171","0"
"11.859868321049555","172.5","0"
"13.618064607098091","174","0"
"11.728573837906684","175.5","0"
"9.166679122236106","177","0"
"10.366639900016343","178.5","0"
"11.716985570004198","180","0"
"10.76741459751715","181.5","0"
"11.656585853324456","183","0"
"12.142354947983355","184.5","0"
"11.252261898138348","186","0"
"12.217310127574502","187.5","0"
"10.984410212553694","189","0"
"10.16681941953511","190.5","0"
"12.907450232875373","192","0"
"12.98764319735359","193.5","0"
"9.958951357632621","195","0"
"11.913252896798282","196.5","0"
"12.829477989451627","198","0"
"10.535356260128335","199.5","0"
"10.90554422630557","201","0"
"10.241579019833388","202.5","0"
"9.906271179018367","204","0"
"12.404788853395472","205.5","0"
"12.422735396317071","207","0"
"11.725245093926087","208.5","0"
"12.424028089730884","210","0"
"12.74778428506081","211.5","0"
"10.991017831691206","213","0"
"11.3306728313704","214.5","0"
"11.868584456388259","216","0"
"9.95232737528734","217.5","0"
"9.072079522117154","219","0"
"10.1965435760491","220.5","0"
"12.412312812168091","222","0"
"13.192498091425328","223.5","0"
"12.78304777700506","225","0"
"12.404250425939809","226.5","0"
"11.610415893801465","228","0"
"11.512320021622369","229.5","0"
"8.764370958407161","231","0"
"7.924003359373411","232.5","0"
"10.083950680986348","234","0"
"12.401725816741044","235.5","0"
"12.121517571689093","237","0"
"11.804523277169936","238.5","0"
"11.531296667433095","240","0"
"11.90065322681555","241.5","0"
"12.543757680982372","243","0"
"11.988390409276006","244.5","0"
"11.53077148638372","246","0"
"12.065599815537531","247.5","0"
"10.483563590735498","249","0"
"8.48288716234954","250.5","0"
"11.518061169948451","252","0"
"13.242586649608997","253.5","0"
"11.584402289449363","255","0"
"12.122363004090532","256.5","0"
"9.765053579163677","258","0"
"9.358144237149943","259.5","0"
"9.640350351950547","261","0"
"11.62053926500837","262.5","0"
"12.075607865089678","264","0"
"15.494453901268495","265.5","0"
"15.045218395156928","267","0"
"10.922245607035928","268.5","0"
"9.499363395405373","270","0"
"9.647651459417348","271.5","0"
"9.645422946359178","273","0"
"12.288802540721415","274.5","0"
"13.81680433666615","276","0"
"13.74365923953449","277.5","0"
"11.251534904193148","279","0"
"11.186347001239822","280.5","0"
"8.877750845843604","282","0"
"10.69641152220259","283.5","0"
"10.61489937149798","285","0"
"10.744352604166568","286.5","0"
"11.015537708934039","288","0"
"12.162466109532785","289.5","0"
"11.515736036044402","291","0"
"12.60582488645389","292.5","0"
"12.454729363508843","294","0"
"11.186895558300295","295.5","0"
"10.163522622769683","297","0"
"10.00455639688737","298.5","0"
"10.82560138514612","300","0"
"3.714298557269241","1.5","1"
"21.023656609913","3","1"
"23.521004704534754","4.5","1"
"9.071640832308848","6","1"
"5.34109867452662","7.5","1"
"17.022995683069635","9","1"
"18.335602341537783","10.5","1"
"8.993604694454763","12","1"
"10.948768808430001","13.5","1"
"19.592257738238462","15","1"
"15.00614149660195","16.5","1"
"6.008285095328339","18","1"
"10.037694230222288","19.5","1"
"20.159384701928712","21","1"
"13.531348956322692","22.5","1"
"3.7356159209914157","24","1"
"17.05981601735312","25.5","1"
"23.992688973305718","27","1"
"11.581239515147576","28.5","1"
"4.410249159729125","30","1"
"12.599461936232556","31.5","1"
"20.95705991269073","33","1"
"10.4207428985062","34.5","1"
"4.917742360703332","36","1"
"17.50516019681696","37.5","1"
"24.42826665533211","39","1"
"9.96654622363891","40.5","1"
"1.943517990445282","42","1"
"14.20683464026517","43.5","1"
"20.389135047821615","45","1"
"10.967462604506421","46.5","1"
"6.9192338326763005","48","1"
"17.172814096608267","49.5","1"
"18.283875904176394","51","1"
"6.955470545882665","52.5","1"
"8.698312688640556","54","1"
"18.435601800220763","55.5","1"
"14.881629952679837","57","1"
"5.406843316144305","58.5","1"
"12.122098855165106","60","1"
"21.8334109848106","61.5","1"
"13.523719026299753","63","1"
"3.480776881585587","64.5","1"
"12.138645175021834","66","1"
"23.037297374054848","67.5","1"
"12.070091905670521","69","1"
"2.5589058978513894","70.5","1"
"14.127790996332688","72","1"
"23.093566549573275","73.5","1"
"7.6475835865203505","75","1"
"6.368448648745658","76.5","1"
"18.519044809442207","78","1"
"20.689410819202276","79.5","1"
"6.653505468099867","81","1"
"4.6082922841664145","82.5","1"
"16.53859642266118","84","1"
"19.610960105518952","85.5","1"
"6.108274424406511","87","1"
"7.388227522569693","88.5","1"
"19.42877370861095","90","1"
"13.591472056871087","91.5","1"
"7.707704349467636","93","1"
"14.963145220185925","94.5","1"
"21.136294698597215","96","1"
"8.493404808943659","97.5","1"
"4.5490481216353675","99","1"
"16.78419258727819","100.5","1"
"20.640057826167876","102","1"
"8.15189842918537","103.5","1"
"9.20301713149057","105","1"
"20.863689890755623","106.5","1"
"17.081030526626456","108","1"
"4.730585834235352","109.5","1"
"9.40023819953752","111","1"
"19.555471688771252","112.5","1"
"12.591909926246617","114","1"
"6.552006827905026","115.5","1"
"14.952769388059146","117","1"
"21.08275116597301","118.5","1"
"10.381957420889599","120","1"
"6.020665810007103","121.5","1"
"16.080197520198535","123","1"
"20.97755599922294","124.5","1"
"6.6723644546547245","126","1"
"5.268909266648751","127.5","1"
"21.160767823817846","129","1"
"21.015861489411627","130.5","1"
"8.90574517753622","132","1"
"7.093099148833183","133.5","1"
"17.785647395601366","135","1"
"19.088409636595067","136.5","1"
"9.914308630834809","138","1"
"9.115730326843968","139.5","1"
"19.030898415686877","141","1"
"15.187960110935316","142.5","1"
"4.54922928572139","144","1"
"12.046217206334042","145.5","1"
"22.638381069436466","147","1"
"12.28320476526341","148.5","1"
"1.907170825586471","150","1"
"12.302878795405276","151.5","1"
"25.00414715597882","153","1"
"14.235526356288926","154.5","1"
"3.1577749522138108","156","1"
"12.108129350931932","157.5","1"
"21.260284178271434","159","1"
"13.503548645522203","160.5","1"
"9.688766746140217","162","1"
"15.203238671790071","163.5","1"
"21.45183968042819","165","1"
"12.169245931952064","166.5","1"
"3.6616152618535063","168","1"
"15.211270669203925","169.5","1"
"25.435027818174913","171","1"
"14.006520925949731","172.5","1"
"3.716389931062293","174","1"
"12.393431228802504","175.5","1"
"23.086209339679833","177","1"
"13.5411996074001","178.5","1"
"3.2523755263332266","180","1"
"14.22326330086603","181.5","1"
"24.642789867594676","183","1"
"11.389338048026545","184.5","1"
"4.440521483703405","186","1"
"17.747429175854116","187.5","1"
"23.33672225863148","189","1"
"8.173236052117165","190.5","1"
"3.731661868713904","192","1"
"18.070099165868278","193.5","1"
"19.62293797360643","195","1"
"7.959817745979241","196.5","1"
"8.822153341044109","198","1"
"20.99762975915461","199.5","1"
"18.723192189577993","201","1"
"4.287658734319221","202.5","1"
"9.175495774422538","204","1"
"20.221261003309582","205.5","1"
"17.77700918029966","207","1"
"5.028851658261624","208.5","1"
"10.452490638381056","210","1"
"21.99994480468625","211.5","1"
"13.55620077292314","213","1"
"7.230882812657328","214.5","1"
"11.843951595091779","216","1"
"18.76989434295369","217.5","1"
"10.29225431589566","219","1"
"6.902448298305985","220.5","1"
"18.12302089659723","222","1"
"21.56375778797053","223.5","1"
"8.846866459978697","225","1"
"5.247806572628509","226.5","1"
"16.51592325029522","228","1"
"19.08073607135141","229.5","1"
"7.102729286205884","231","1"
"9.510287784592627","232.5","1"
"19.55931938019826","234","1"
"13.460164327321925","235.5","1"
"7.830958263992586","237","1"
"14.756850363830447","238.5","1"
"21.046487180753697","240","1"
"7.9148158078108635","241.5","1"
"3.8380351864234","243","1"
"17.00970096635687","244.5","1"
"19.03742967318813","246","1"
"10.972472862885455","247.5","1"
"12.603952467964806","249","1"
"15.962009966479256","250.5","1"
"8.111148587436025","252","1"
"9.014703102872971","253.5","1"
"22.004439232420353","255","1"
"17.818380044743886","256.5","1"
"5.868935238760515","258","1"
"9.07600357518042","259.5","1"
"20.76883627131605","261","1"
"15.220039790167787","262.5","1"
"5.741043523633387","264","1"
"11.599246056497664","265.5","1"
"22.781052657181558","267","1"
"11.600030711270245","268.5","1"
"7.831177219296554","270","1"
"15.262785164064676","271.5","1"
"20.83975753059176","273","1"
"7.904216345177896","274.5","1"
"8.764744195384386","276","1"
"16.007297091983048","277.5","1"
"15.386696723701897","279","1"
"9.981325317056502","280.5","1"
"18.306383886063912","282","1"
"14.208139021684532","283.5","1"
"5.693408277814629","285","1"
"14.888186144592929","286.5","1"
"21.970572067539127","288","1"
"9.27255063490733","289.5","1"
"4.254634664238323","291","1"
"19.818151042299917","292.5","1"
"25.738858301643464","294","1"
"7.042737870520017","295.5","1"
"4.421032124049226","297","1"
"16.917766231503283","298.5","1"
"18.13402943942444","300","1"
"22.641002299481112","1.5","2"
"20.245774646949453","3","2"
"3.0133174372207043","4.5","2"
"7.59383122819699","6","2"
"24.243279812294364","7.5","2"
"19.38012667111176","9","2"
"7.897705346886263","10.5","2"
"7.887637298905627","12","2"
"20.123155001525674","13.5","2"
"14.666047027914082","15","2"
"6.951216111862522","16.5","2"
"14.816228548825134","18","2"
"21.078079080554552","19.5","2"
"13.037078006426839","21","2"
"7.4621097432513634","22.5","2"
"17.15326084252375","24","2"
"20.129517951747008","25.5","2"
"9.713838297245003","27","2"
"5.951590476407898","28.5","2"
"16.95150560752383","30","2"
"24.77846735281874","31.5","2"
"12.87104053718687","33","2"
"6.044796476665126","34.5","2"
"13.573428893103609","36","2"
"20.52481097464494","37.5","2"
"13.683919505568129","39","2"
"8.58146769715877","40.5","2"
"12.852772963712836","42","2"
"18.52181097075567","43.5","2"
"14.793083181034962","45","2"
"11.945708150609088","46.5","2"
"15.051235380413987","48","2"
"14.986310847185717","49.5","2"
"8.48066955809655","51","2"
"10.907561576063474","52.5","2"
"17.811758399999714","54","2"
"18.683643095598804","55.5","2"
"9.99949471128392","57","2"
"13.887446642209405","58.5","2"
"18.86089559576403","60","2"
"17.581320799380478","61.5","2"
"11.374411685739025","63","2"
"9.846022627210402","64.5","2"
"15.997222031199085","66","2"
"17.452529887026383","67.5","2"
"12.161836515633833","69","2"
"13.530915720916978","70.5","2"
"16.768215862891925","72","2"
"15.987982273211747","73.5","2"
"13.615541556300064","75","2"
"13.555875067168483","76.5","2"
"17.02913110678293","78","2"
"16.145952681021214","79.5","2"
"12.718159086993808","81","2"
"12.042757556691289","82.5","2"
"17.581065221659124","84","2"
"19.66042997860885","85.5","2"
"12.71650094860647","87","2"
"8.867979673203935","88.5","2"
"14.513559073907864","90","2"
"20.717776829471376","91.5","2"
"18.503554306086816","93","2"
"12.326872712398364","94.5","2"
"13.634053798690276","96","2"
"15.894707313721776","97.5","2"
"18.52762224711505","99","2"
"14.735991169925827","100.5","2"
"11.868794840488157","102","2"
"13.138388859332512","103.5","2"
"16.423126719832425","105","2"
"17.56490928118776","106.5","2"
"16.230428909933263","108","2"
"14.954132988706627","109.5","2"
"14.804615346510808","111","2"
"17.415115802060964","112.5","2"
"17.31472206799077","114","2"
"16.182618733631443","115.5","2"
"15.133989576508359","117","2"
"15.350163135154565","118.5","2"
"16.68762005182242","120","2"
"17.5035285512422","121.5","2"
"16.817277434987947","123","2"
"15.372811373108682","124.5","2"
"14.151073503387977","126","2"
"15.040388911263731","127.5","2"
"16.426201444492403","129","2"
"16.733114444624633","130.5","2"
"16.279565285264805","132","2"
"15.216210799549659","133.5","2"
"14.694190186877366","135","2"
"15.897967488069813","136.5","2"
"15.879413168859621","138","2"
"15.747934015229061","139.5","2"
"15.785789127603895","141","2"
"16.65724058779727","142.5","2"
"16.94784336578488","144","2"
"16.980988991123496","145.5","2"
"16.470202889385714","147","2"
"15.651886660822667","148.5","2"
"14.264557803673997","150","2"
"15.462036049075447","151.5","2"
"16.256320179827277","153","2"
"16.115973725986233","154.5","2"
"15.341253758124104","156","2"
"13.869224262356829","157.5","2"
"15.685541883203257","159","2"
"15.655999280375472","160.5","2"
"15.93334318486734","162","2"
"15.56125319058696","163.5","2"
"16.118286392684364","165","2"
"15.20121430922884","166.5","2"
"15.244028252758286","168","2"
"15.770337584267","169.5","2"
"15.695327081449586","171","2"
"15.161306783079453","172.5","2"
"15.83383306401671","174","2"
"15.901919592346399","175.5","2"
"15.424316517564993","177","2"
"15.73456293688004","178.5","2"
"13.117291230114674","180","2"
"13.60625192948905","181.5","2"
"16.502477368710682","183","2"
"15.647682095626203","184.5","2"
"15.238346323660322","186","2"
"14.758745379130263","187.5","2"
"16.03094270641075","189","2"
"15.038467403151337","190.5","2"
"14.130320280733674","192","2"
"15.590710081374045","193.5","2"
"15.19826113982658","195","2"
"15.54703434223539","196.5","2"
"17.123562399621967","198","2"
"16.945156682909154","199.5","2"
"16.038787695735806","201","2"
"14.78360031253219","202.5","2"
"13.675881274551317","204","2"
"11.763881744272021","205.5","2"
"11.815663504859678","207","2"
"14.182386449456377","208.5","2"
"17.887834848923276","210","2"
"20.60170870075847","211.5","2"
"15.013509615300572","213","2"
"7.641494135628882","214.5","2"
"11.108326447393136","216","2"
"17.988932980127945","217.5","2"
"21.939918324983736","219","2"
"14.011503133115445","220.5","2"
"6.850762379363837","222","2"
"12.611391493897097","223.5","2"
"19.10673642929722","225","2"
"20.57929110611387","226.5","2"
"17.430045281149965","228","2"
"12.07773040689753","229.5","2"
"12.441832818185146","231","2"
"13.93423918282802","232.5","2"
"17.364978933454356","234","2"
"19.04467156142681","235.5","2"
"16.74682837113645","237","2"
"11.352239539210972","238.5","2"
"11.30760927961908","240","2"
"14.530782518886113","241.5","2"
"16.474678616310932","243","2"
"17.3077575750838","244.5","2"
"17.15790955193111","246","2"
"13.56362187724692","247.5","2"
"11.10204998841287","249","2"
"14.619725124318943","250.5","2"
"19.899148920760332","252","2"
"19.02972338152893","253.5","2"
"13.240501509418905","255","2"
"12.610553853499358","256.5","2"
"11.355380495902399","258","2"
"8.355319594576327","259.5","2"
"7.40859348264011","261","2"
"7.98979358421274","262.5","2"
"11.567761686347867","264","2"
"11.537296510282014","265.5","2"
"10.445296281364941","267","2"
"14.122165169661363","268.5","2"
"13.588924071661221","270","2"
"8.72714621913165","271.5","2"
"7.492002986245644","273","2"
"10.171390988105838","274.5","2"
"15.775858998088747","276","2"
"18.534192464634806","277.5","2"
"13.870916685560447","279","2"
"7.383455699503877","280.5","2"
"4.87424466884922","282","2"
"8.255156503815648","283.5","2"
"13.237740023307662","285","2"
"13.493140086979883","286.5","2"
"11.352866016308443","288","2"
"9.524243263219141","289.5","2"
"11.342750437105238","291","2"
"9.602214727442517","292.5","2"
"5.333726270225964","294","2"
"6.225158375906796","295.5","2"
"12.973097864046995","297","2"
"15.211410925270522","298.5","2"
"15.655502150539418","300","2"
"7.569392387792638","1.5","3"
"15.627868588618108","3","3"
"21.80149649605657","4.5","3"
"9.114316857372808","6","3"
"2.785046987630502","7.5","3"
"17.988041574904674","9","3"
"24.09274609281608","10.5","3"
"10.11450780269586","12","3"
"3.6780201568430817","13.5","3"
"17.477649748554107","15","3"
"21.73411592326209","16.5","3"
"8.310938679102831","18","3"
"9.019139090579321","19.5","3"
"20.307781853992484","21","3"
"17.651693501595716","22.5","3"
"6.781384716021075","24","3"
"11.177143086469504","25.5","3"
"19.54010274067358","27","3"
"11.396995250062432","28.5","3"
"7.080097411459537","30","3"
"16.051893845959032","31.5","3"
"23.95897764849849","33","3"
"9.29634273900459","34.5","3"
"1.7976884984007164","36","3"
"16.39195247142988","37.5","3"
"25.533548354555652","39","3"
"8.831861398453809","40.5","3"
"2.552218410675954","42","3"
"20.758083306210196","43.5","3"
"24.424733760854576","45","3"
"10.601378686677922","46.5","3"
"5.4128509509969245","48","3"
"12.740015657372014","49.5","3"
"16.55509521129534","51","3"
"14.859206124432278","52.5","3"
"13.92454281342387","54","3"
"17.46771650223748","55.5","3"
"6.888701645378629","57","3"
"10.645575710864101","58.5","3"
"20.410541240385967","60","3"
"22.38111092487627","61.5","3"
"6.8573614272972785","63","3"
"2.2880268240292327","64.5","3"
"19.608800162093342","66","3"
"27.113327235885826","67.5","3"
"13.949469433259836","69","3"
"6.611631240216628","70.5","3"
"11.496885620693615","72","3"
"19.942413242103633","73.5","3"
"16.018210572365124","75","3"
"13.761730454515288","76.5","3"
"16.47120649946226","78","3"
"12.375586761129373","79.5","3"
"10.556234934042207","81","3"
"17.329132599633354","82.5","3"
"18.046397449013934","84","3"
"15.723233363500391","85.5","3"
"8.831984512112268","87","3"
"12.303760071023735","88.5","3"
"21.059378271674802","90","3"
"22.21735417511926","91.5","3"
"10.846353049399683","93","3"
"5.560807075651284","94.5","3"
"12.840139788114195","96","3"
"21.93758695747673","97.5","3"
"19.34289491903292","99","3"
"10.541585967086402","100.5","3"
"11.293352250449379","102","3"
"15.713566603710301","103.5","3"
"22.4922607408538","105","3"
"18.46650800369603","106.5","3"
"10.5813945347888","108","3"
"11.873196543378228","109.5","3"
"16.48294437383578","111","3"
"20.929858027774397","112.5","3"
"17.477632606145967","114","3"
"13.12586555098604","115.5","3"
"15.019278814839975","117","3"
"18.24105572704399","118.5","3"
"20.63091936422864","120","3"
"17.99532865676482","121.5","3"
"12.575788270591532","123","3"
"12.323148134629815","124.5","3"
"17.989729322906072","126","3"
"21.30221450858131","127.5","3"
"18.133113099789334","129","3"
"13.213441438969907","130.5","3"
"12.210622250798881","132","3"
"17.192593318800082","133.5","3"
"20.67638882261901","135","3"
"20.22744317904508","136.5","3"
"15.934876651195479","138","3"
"13.788899613016085","139.5","3"
"15.58745614062897","141","3"
"17.458331812981324","142.5","3"
"19.56640854516443","144","3"
"19.009962860145997","145.5","3"
"17.68369681919193","147","3"
"18.546245135957804","148.5","3"
"14.72830669587699","150","3"
"4.871827589301511","151.5","3"
"6.454720934510533","153","3"
"10.02936847426895","154.5","3"
"16.734573107717253","156","3"
"17.84927845621545","157.5","3"
"10.956762625025725","159","3"
"8.765821050295711","160.5","3"
"9.235820687866761","162","3"
"8.056114444504033","163.5","3"
"9.442225411474409","165","3"
"10.434262024925518","166.5","3"
"13.607087232285679","168","3"
"17.885134140440893","169.5","3"
"15.827845688373712","171","3"
"13.338590368794671","172.5","3"
"5.483087682747599","174","3"
"5.57412945397718","175.5","3"
"11.23046143018678","177","3"
"15.873276186745583","178.5","3"
"14.728861486540422","180","3"
"9.68485905628472","181.5","3"
"7.48330633091619","183","3"
"11.011350286145714","184.5","3"
"18.02634706509336","186","3"
"11.990136597305153","187.5","3"
"8.943382113807456","189","3"
"9.289756937477438","190.5","3"
"10.041813083378052","192","3"
"10.972709739797931","193.5","3"
"15.306163248661994","195","3"
"13.150076864882356","196.5","3"
"9.094116087780828","198","3"
"8.58363932858993","199.5","3"
"11.546272898544293","201","3"
"15.40886653262884","202.5","3"
"12.805543291686657","204","3"
"12.701801333626616","205.5","3"
"13.767427967620652","207","3"
"14.483382201978909","208.5","3"
"9.239593576058251","210","3"
"12.911938427006513","211.5","3"
"10.30501839715646","213","3"
"8.807261263572867","214.5","3"
"9.53696370925922","216","3"
"9.896925449780712","217.5","3"
"9.339564983527913","219","3"
"12.849182408407923","220.5","3"
"15.463917038768603","222","3"
"11.608427374457252","223.5","3"
"11.283815617121077","225","3"
"13.037730197136518","226.5","3"
"15.112622343962505","228","3"
"12.10831869662184","229.5","3"
"11.712491142270098","231","3"
"11.365609838359623","232.5","3"
"13.051990343107699","234","3"
"11.062774393763545","235.5","3"
"12.121458352460975","237","3"
"12.93982522904807","238.5","3"
"8.78243048538241","240","3"
"6.742577420794115","241.5","3"
"9.389650424910101","243","3"
"12.331072602392608","244.5","3"
"11.605429790633902","246","3"
"9.598497941677666","247.5","3"
"14.980550998050752","249","3"
"18.496708251636086","250.5","3"
"16.641178151370305","252","3"
"7.919802690178797","253.5","3"
"5.1538996816384754","255","3"
"11.033711778363674","256.5","3"
"14.393906623493006","258","3"
"14.411094225254235","259.5","3"
"12.273329179774162","261","3"
"11.799438215555385","262.5","3"
"7.137687331605096","264","3"
"7.568829025925135","265.5","3"
"7.359383083273419","267","3"
"12.48941702637967","268.5","3"
"15.442624609458267","270","3"
"19.430788720767744","271.5","3"
"14.510750835774422","273","3"
"11.688032821856496","274.5","3"
"10.853903500984881","276","3"
"6.534803252536212","277.5","3"
"5.8257332534468125","279","3"
"10.432974785914297","280.5","3"
"16.13050269608506","282","3"
"16.47203401025519","283.5","3"
"14.439743864458013","285","3"
"8.520432152977117","286.5","3"
"5.234435494279488","288","3"
"9.442709294904171","289.5","3"
"13.806534475789688","291","3"
"14.134911329313653","292.5","3"
"15.405662460707443","294","3"
"15.18097224201725","295.5","3"
"11.28278785183306","297","3"
"6.368529295983952","298.5","3"
"5.375610238113828","300","3"
"21.033790889925086","1.5","4"
"8.264954948468267","3","4"
"6.882586480874951","4.5","4"
"18.781627542124994","6","4"
"19.31307959607564","7.5","4"
"9.583818585907432","9","4"
"12.73576745695483","10.5","4"
"19.041249313401817","12","4"
"13.325839533940163","13.5","4"
"6.278969174257906","15","4"
"15.45882574355109","16.5","4"
"20.711837764251314","18","4"
"10.164434287202571","19.5","4"
"6.6557807331802366","21","4"
"16.345410833330405","22.5","4"
"20.813341079648378","24","4"
"9.113462853767299","25.5","4"
"6.2399285085201335","27","4"
"19.490760656444362","28.5","4"
"22.802898318754586","30","4"
"7.183470028544203","31.5","4"
"7.135473623353956","33","4"
"19.045620627477458","34.5","4"
"19.35564263708595","36","4"
"9.383997326225828","37.5","4"
"10.186777078611652","39","4"
"19.400057058175353","40.5","4"
"18.63845882454385","42","4"
"12.776564829926745","43.5","4"
"11.362610696135532","45","4"
"15.113867506153749","46.5","4"
"14.252737334061255","48","4"
"7.10302927834833","49.5","4"
"18.115001366389297","51","4"
"21.085680959364172","52.5","4"
"10.996341328618975","54","4"
"9.64682161102331","55.5","4"
"14.772813062610053","57","4"
"18.289532898862518","58.5","4"
"14.109207067508438","60","4"
"7.5334533291276085","61.5","4"
"16.959456568099203","63","4"
"21.63322038415362","64.5","4"
"13.873248053067455","66","4"
"11.260616484505377","67.5","4"
"12.62907466709364","69","4"
"17.785097280140153","70.5","4"
"15.720468760587668","72","4"
"11.330296477591695","73.5","4"
"14.8740078146606","75","4"
"19.276312247417312","76.5","4"
"16.61840368295625","78","4"
"11.388779361361262","79.5","4"
"12.49382106687085","81","4"
"16.56697334173546","82.5","4"
"16.04451326005449","84","4"
"15.304375763013239","85.5","4"
"12.369868209614019","87","4"
"15.311958941013977","88.5","4"
"18.55988114243262","90","4"
"18.115197724882535","91.5","4"
"16.741018653177807","93","4"
"11.405776838232214","94.5","4"
"15.268146062610203","96","4"
"16.832387688562786","97.5","4"
"18.143604253570874","99","4"
"16.809934250701165","100.5","4"
"12.383838493047563","102","4"
"16.042194359753402","103.5","4"
"18.74233714266864","105","4"
"17.692922551572607","106.5","4"
"16.624690271541326","108","4"
"13.955249541604418","109.5","4"
"14.195833889441657","111","4"
"14.342995229718627","112.5","4"
"19.051880723249955","114","4"
"19.591515939486232","115.5","4"
"16.55729099793797","117","4"
"15.804893562275298","118.5","4"
"15.554704790677567","120","4"
"17.09562183275488","121.5","4"
"19.586200234562163","123","4"
"19.784179464569114","124.5","4"
"19.255130464559514","126","4"
"13.988951516007207","127.5","4"
"5.0715487217355735","129","4"
"4.857930940302933","130.5","4"
"8.48810858402884","132","4"
"16.74541334326455","133.5","4"
"19.842229892133336","135","4"
"12.194787340879953","136.5","4"
"8.354551303011517","138","4"
"7.447152992149414","139.5","4"
"5.878080713503082","141","4"
"11.933163803852624","142.5","4"
"16.52199789637966","144","4"
"15.986497117306548","145.5","4"
"18.15285803716487","147","4"
"13.665567778454136","148.5","4"
"11.349161697749512","150","4"
"5.631034846597704","151.5","4"
"6.0938144135404295","153","4"
"11.609198003623172","154.5","4"
"16.089697531109447","156","4"
"14.84782668222895","157.5","4"
"13.342676495534898","159","4"
"13.074156256032792","160.5","4"
"13.463217234371545","162","4"
"13.24750963754659","163.5","4"
"7.353659856555845","165","4"
"11.199363543420498","166.5","4"
"9.906308580636125","168","4"
"9.471174263620261","169.5","4"
"14.051218975973812","171","4"
"14.391656292824475","172.5","4"
"9.28443967415263","174","4"
"8.15109741120502","175.5","4"
"12.314411740081491","177","4"
"16.066309052803838","178.5","4"
"13.76833963205354","180","4"
"10.292741316126904","181.5","4"
"12.301299356255306","183","4"
"14.135980392221278","184.5","4"
"7.294816203014973","186","4"
"12.047789632680681","187.5","4"
"14.34723096292989","189","4"
"8.27669360204216","190.5","4"
"9.386321680929507","192","4"
"12.702734036469494","193.5","4"
"12.833997351597567","195","4"
"16.088185882391667","196.5","4"
"16.25150939674296","198","4"
"9.059693353035799","199.5","4"
"11.392796918468928","201","4"
"12.110998366694234","202.5","4"
"10.918907512650891","204","4"
"11.295076620868166","205.5","4"
"13.229221804862936","207","4"
"16.321425487541383","208.5","4"
"11.552651432773029","210","4"
"7.831974341275052","211.5","4"
"8.413980915230622","213","4"
"10.208923511527495","214.5","4"
"11.976895645417919","216","4"
"13.50311229331501","217.5","4"
"13.5381279995416","219","4"
"13.57031209162365","220.5","4"
"12.527226945133043","222","4"
"8.214826651065728","223.5","4"
"11.161173374886568","225","4"
"12.890056922216466","226.5","4"
"14.297867061090312","228","4"
"10.732309283248009","229.5","4"
"7.231636299415109","231","4"
"7.813295350005663","232.5","4"
"13.297883383065678","234","4"
"16.56553337945172","235.5","4"
"13.854294783267829","237","4"
"12.840022908058696","238.5","4"
"13.27445750314231","240","4"
"12.65139096569014","241.5","4"
"11.045184724611401","243","4"
"8.818127212732373","244.5","4"
"9.432839943017884","246","4"
"10.514352914155268","247.5","4"
"12.782617658400824","249","4"
"14.612043767071587","250.5","4"
"10.989439171741607","252","4"
"10.312340543033251","253.5","4"
"14.04387423328629","255","4"
"13.324887351088035","256.5","4"
"10.866250710047737","258","4"
"10.664728455958445","259.5","4"
"12.650616440522372","261","4"
"13.49560703535127","262.5","4"
"12.894928482929641","264","4"
"10.484450320756547","265.5","4"
"6.204610862150171","267","4"
"10.928145712237487","268.5","4"
"15.54340794371346","270","4"
"12.781699760364976","271.5","4"
"8.924653253714386","273","4"
"10.044064193246951","274.5","4"
"8.405467371988117","276","4"
"10.77481622183168","277.5","4"
"14.86942923328654","279","4"
"14.433066117287202","280.5","4"
"7.869742183208447","282","4"
"12.67165017530987","283.5","4"
"13.721562675442325","285","4"
"14.148743694281707","286.5","4"
"10.030889473391168","288","4"
"5.555050343317801","289.5","4"
"7.508035033858179","291","4"
"10.942569490286365","292.5","4"
"15.556316177042707","294","4"
"14.218087852008559","295.5","4"
"13.524220831338027","297","4"
"10.635428184445725","298.5","4"
"8.876962295069175","300","4"
"7.59906511708221","1.5","5"
"18.179978885242726","3","5"
"19.858571282292758","4.5","5"
"6.513761725745013","6","5"
"9.605125820024798","7.5","5"
"20.39614161754856","9","5"
"16.835933050246236","10.5","5"
"6.422557880838474","12","5"
"11.727918530395522","13.5","5"
"18.62217977041403","15","5"
"14.93440051853701","16.5","5"
"8.237259829717727","18","5"
"12.57828482857698","19.5","5"
"18.48732044557845","21","5"
"11.938025234960989","22.5","5"
"8.213358637568668","24","5"
"16.438445799106418","25.5","5"
"18.801536111578226","27","5"
"9.891630004066263","28.5","5"
"9.813633605431047","30","5"
"14.909893108500098","31.5","5"
"14.62229960234139","33","5"
"8.928657564415763","34.5","5"
"12.941572975477957","36","5"
"18.648575962147792","37.5","5"
"14.33979739140019","39","5"
"7.101475552810571","40.5","5"
"11.805995965869217","42","5"
"18.273506305652575","43.5","5"
"12.898397482976835","45","5"
"8.018225047312919","46.5","5"
"14.321489299506915","48","5"
"18.65024345093957","49.5","5"
"13.508530852687917","51","5"
"8.33270096623627","52.5","5"
"13.268814534062846","54","5"
"17.4782185648242","55.5","5"
"16.40552302507362","57","5"
"13.466167286972324","58.5","5"
"13.675899975360197","60","5"
"16.72427519562747","61.5","5"
"17.364986725458056","63","5"
"15.988769265585438","64.5","5"
"12.897626853810914","66","5"
"14.25471961980251","67.5","5"
"13.436420533647603","69","5"
"14.35854027709992","70.5","5"
"16.927780514658387","72","5"
"16.329329696094558","73.5","5"
"15.967855527654917","75","5"
"12.657194450045823","76.5","5"
"10.124539228259104","78","5"
"15.646873285642155","79.5","5"
"19.246892758247984","81","5"
"18.450429983261667","82.5","5"
"14.005521991075405","84","5"
"10.888969855235523","85.5","5"
"14.046007683899322","87","5"
"16.100266604927985","88.5","5"
"16.1887370149366","90","5"
"15.116959373221867","91.5","5"
"12.769947860384793","93","5"
"13.813461567078896","94.5","5"
"16.573009027801398","96","5"
"18.306874782297008","97.5","5"
"14.328865210209237","99","5"
"10.631592960224637","100.5","5"
"10.005195341190761","102","5"
"10.834245054850415","103.5","5"
"14.83430755580963","105","5"
"11.318467436774883","106.5","5"
"8.42985400596768","108","5"
"7.387507541427822","109.5","5"
"10.784336491952212","111","5"
"12.039925942546745","112.5","5"
"14.938443010056517","114","5"
"13.88259534070585","115.5","5"
"12.098787517696127","117","5"
"10.283603633388035","118.5","5"
"13.510081461424196","120","5"
"16.617789673064696","121.5","5"
"9.414058876500025","123","5"
"10.015532992499415","124.5","5"
"9.812511556898261","126","5"
"10.64940236388112","127.5","5"
"11.227498131179711","129","5"
"12.145352531806704","130.5","5"
"11.871185427223285","132","5"
"10.40953955558649","133.5","5"
"7.772886018818004","135","5"
"6.938128662448177","136.5","5"
"11.363795080697916","138","5"
"15.15552044113191","139.5","5"
"14.85085933006895","141","5"
"10.678230439969623","142.5","5"
"7.8791525860768115","144","5"
"9.45931561318939","145.5","5"
"11.9089657363626","147","5"
"15.997798639472876","148.5","5"
"12.594947249288836","150","5"
"7.48029783828766","151.5","5"
"7.348539730924644","153","5"
"14.6602980875843","154.5","5"
"19.929793312911283","156","5"
"16.572580467597902","157.5","5"
"11.18048429765602","159","5"
"13.200890079410115","160.5","5"
"16.726326051001283","162","5"
"14.92333431488242","163.5","5"
"13.121478652902999","165","5"
"2.079002428777681","166.5","5"
"1.9356944291304017","168","5"
"9.668367280453891","169.5","5"
"17.37653135813982","171","5"
"16.631251138656637","172.5","5"
"14.089225253220425","174","5"
"11.694958354744964","175.5","5"
"12.543312757571108","177","5"
"13.734430390352333","178.5","5"
"10.95042383001586","180","5"
"5.269203414788422","181.5","5"
"5.171273901888318","183","5"
"8.100016930950355","184.5","5"
"14.782665272088202","186","5"
"17.309587137552537","187.5","5"
"14.369905693696587","189","5"
"13.949689167764172","190.5","5"
"8.801728940945942","192","5"
"8.68157624389355","193.5","5"
"12.007774576880236","195","5"
"10.91972956904123","196.5","5"
"9.263659958685748","198","5"
"11.257737339138266","199.5","5"
"10.635144555511049","201","5"
"9.658399749320985","202.5","5"
"11.07672987239006","204","5"
"12.773059986662533","205.5","5"
"14.608300488494155","207","5"
"10.668331478469275","208.5","5"
"8.533969201004945","210","5"
"11.679092276811236","211.5","5"
"8.376235670107958","213","5"
"8.70700466876779","214.5","5"
"14.246291788600702","216","5"
"15.001316687910975","217.5","5"
"11.429046878081582","219","5"
"7.850246589951308","220.5","5"
"6.880634583948127","222","5"
"7.538452678701462","223.5","5"
"9.372141792596436","225","5"
"13.385451479045845","226.5","5"
"14.63797867218632","228","5"
"11.491420309298508","229.5","5"
"13.927245080306992","231","5"
"15.515294394364235","232.5","5"
"11.2888157458953","234","5"
"7.882674571749164","235.5","5"
"5.245323261049352","237","5"
"9.196865344569503","238.5","5"
"11.873349266650745","240","5"
"13.162117068999434","241.5","5"
"11.319011318633136","243","5"
"9.25764297342869","244.5","5"
"10.218886367458182","246","5"
"11.21191412377992","247.5","5"
"14.12245659059974","249","5"
"12.958210461777973","250.5","5"
"12.223191531967183","252","5"
"13.725812434260249","253.5","5"
"9.501227242690389","255","5"
"3.941704289248847","256.5","5"
"4.540785091311813","258","5"
"7.842260565359285","259.5","5"
"11.658067892428177","261","5"
"15.62700055940594","262.5","5"
"17.15835525454274","264","5"
"15.896979462000665","265.5","5"
"9.710485398052937","267","5"
"5.62725533520307","268.5","5"
"7.276867322492263","270","5"
"11.329002225777142","271.5","5"
"12.381337259859896","273","5"
"13.821805244640744","274.5","5"
"14.296107626654875","276","5"
"10.563894473679204","277.5","5"
"8.822097238617468","279","5"
"7.619885350968332","280.5","5"
"7.504527852992855","282","5"
"11.768016181435186","283.5","5"
"14.412661976398654","285","5"
"13.002167492250196","286.5","5"
"13.382964271464838","288","5"
"11.2141215984281","289.5","5"
"9.47789330841068","291","5"
"13.458716573034485","292.5","5"
"9.411580240123088","294","5"
"7.40338920336895","295.5","5"
"10.88692133746282","297","5"
"10.548195144624653","298.5","5"
"7.993250896254384","300","5"
"20.473538031898887","1.5","6"
"12.37950302218894","3","6"
"11.442873009446679","4.5","6"
"9.428894851544626","6","6"
"7.028879791939753","7.5","6"
"16.452169076022674","9","6"
"25.17743508466154","10.5","6"
"7.238652219546495","12","6"
"-2.427706477153656","13.5","6"
"17.43357973402824","15","6"
"29.690164677051694","16.5","6"
"12.551252809341301","18","6"
"-1.0525668461928255","19.5","6"
"12.904626410734531","21","6"
"23.93742340786384","22.5","6"
"14.892973551666145","24","6"
"6.296993637216505","25.5","6"
"13.26633979368776","27","6"
"15.595550474072422","28.5","6"
"13.76895052514361","30","6"
"15.715522396638974","31.5","6"
"14.780983757689764","33","6"
"6.227192088872469","34.5","6"
"9.909550054175282","36","6"
"21.365230000903107","37.5","6"
"15.65693743762094","39","6"
"5.535608125286006","40.5","6"
"10.734224557757443","42","6"
"22.28320283998634","43.5","6"
"17.23840406695251","45","6"
"4.651229730954505","46.5","6"
"9.83362944532572","48","6"
"21.67367646736348","49.5","6"
"15.858011651497488","51","6"
"8.733564492579253","52.5","6"
"10.478413076289868","54","6"
"16.30545811355956","55.5","6"
"14.663006588070383","57","6"
"11.796189729212898","58.5","6"
"15.284669785656202","60","6"
"15.563830785410886","61.5","6"
"8.53448425244951","63","6"
"12.07849090645864","64.5","6"
"19.41311801477712","66","6"
"18.65131874745016","67.5","6"
"8.759091096700113","69","6"
"8.187256204374387","70.5","6"
"18.988508357158704","72","6"
"17.865289465417998","73.5","6"
"10.973716466675958","75","6"
"10.04050402675647","76.5","6"
"14.175719611090747","78","6"
"19.30392087492678","79.5","6"
"14.388952467540612","81","6"
"10.202862891049715","82.5","6"
"15.302600744570402","84","6"
"19.638174457641206","85.5","6"
"17.430832273523652","87","6"
"9.550270113977533","88.5","6"
"9.679584648980262","90","6"
"16.87015085529396","91.5","6"
"19.880488630299823","93","6"
"17.190824533960207","94.5","6"
"10.885597476034208","96","6"
"10.59182880694333","97.5","6"
"18.363641087651487","99","6"
"20.54959578001357","100.5","6"
"16.781465385983225","102","6"
"11.4607151395187","103.5","6"
"11.85576816870267","105","6"
"16.4771486814838","106.5","6"
"18.739748639039533","108","6"
"17.5886967100828","109.5","6"
"14.540429019466584","111","6"
"12.827042988295409","112.5","6"
"15.829014488928696","114","6"
"18.637576769725023","115.5","6"
"19.200673709101682","117","6"
"16.90754312264902","118.5","6"
"14.75208165756611","120","6"
"15.217180124809925","121.5","6"
"17.097646195316113","123","6"
"17.975454372127864","124.5","6"
"17.03662857274297","126","6"
"15.272350627806667","127.5","6"
"15.098426871622035","129","6"
"16.88584083394407","130.5","6"
"17.156789061799063","132","6"
"16.789216871263882","133.5","6"
"15.983115387700792","135","6"
"15.946516346322383","136.5","6"
"17.33562957231833","138","6"
"16.542285157212707","139.5","6"
"16.33737416071433","141","6"
"15.747182866072391","142.5","6"
"16.327578053662823","144","6"
"17.284252216722695","145.5","6"
"16.993002702427994","147","6"
"16.317895709865333","148.5","6"
"16.18740614070466","150","6"
"16.773525334213033","151.5","6"
"16.64075114956755","153","6"
"17.00361541146725","154.5","6"
"16.341634828337433","156","6"
"16.83122200480928","157.5","6"
"17.273337177939883","159","6"
"17.68077170100299","160.5","6"
"18.723740746638466","162","6"
"15.236220665050991","163.5","6"
"8.070150959969025","165","6"
"7.840752812643355","166.5","6"
"7.086991776333205","168","6"
"12.21665014486112","169.5","6"
"14.430700464963913","171","6"
"11.316617615096527","172.5","6"
"13.691133342593494","174","6"
"12.585640480069682","175.5","6"
"6.382820999570115","177","6"
"7.969424507340842","178.5","6"
"15.332201008225566","180","6"
"17.519421121988508","181.5","6"
"9.212237409468656","183","6"
"10.506495457624291","184.5","6"
"15.059873595715692","186","6"
"13.550768187943572","187.5","6"
"13.587007238751047","189","6"
"14.494691516148936","190.5","6"
"9.271944417019478","192","6"
"2.8895211992382412","193.5","6"
"12.133905299171188","195","6"
"12.891545974123517","196.5","6"
"12.869506291658361","198","6"
"8.360245699315401","199.5","6"
"4.340909287604308","201","6"
"9.55186124113305","202.5","6"
"13.811862647919677","204","6"
"14.641530267472731","205.5","6"
"7.677084891728526","207","6"
"8.781952056355236","208.5","6"
"9.802815187494112","210","6"
"12.776708202794824","211.5","6"
"9.680754228735616","213","6"
"5.008935296804691","214.5","6"
"12.433554593454376","216","6"
"19.40252088974526","217.5","6"
"18.302818265170842","219","6"
"8.172742039082591","220.5","6"
"4.685776358558362","222","6"
"3.2382770644388206","223.5","6"
"8.091644422974817","225","6"
"11.451960823361865","226.5","6"
"9.263404380964392","228","6"
"11.20435276338954","229.5","6"
"17.584487469684117","231","6"
"15.843467097391262","232.5","6"
"12.831158724649695","234","6"
"6.422864496184065","235.5","6"
"3.0177641389321423","237","6"
"9.980613127918332","238.5","6"
"17.402531716085633","240","6"
"16.031605026725245","241.5","6"
"13.355893292210661","243","6"
"7.699786115307802","244.5","6"
"7.527592183944547","246","6"
"13.384461894575958","247.5","6"
"17.852061759937055","249","6"
"13.920500321904363","250.5","6"
"10.729036641694053","252","6"
"9.234518644048508","253.5","6"
"7.9077118380376685","255","6"
"7.018801614354308","256.5","6"
"8.782791255153715","258","6"
"11.892343834069981","259.5","6"
"18.335401307842325","261","6"
"17.160934407767407","262.5","6"
"9.140728633113973","264","6"
"5.883624724135558","265.5","6"
"7.949376461021381","267","6"
"13.08992571312064","268.5","6"
"10.332680789491459","270","6"
"12.953716034043874","271.5","6"
"17.988987524153842","273","6"
"16.547661639765636","274.5","6"
"7.429091127573056","276","6"
"5.314243533774929","277.5","6"
"4.230436207148112","279","6"
"9.910815475576145","280.5","6"
"12.593345213328138","282","6"
"15.160563425926483","283.5","6"
"16.776352273155354","285","6"
"15.851047158590521","286.5","6"
"16.405279914558182","288","6"
"13.761945513817405","289.5","6"
"9.390009636280666","291","6"
"11.700880277556884","292.5","6"
"10.25712640481579","294","6"
"8.740461974254401","295.5","6"
"11.531047323314697","297","6"
"16.250134887290297","298.5","6"
"16.841376544030986","300","6"
"7.569392387792638","1.5","7"
"15.627868588618108","3","7"
"21.80149649605657","4.5","7"
"9.114316857372808","6","7"
"2.785046987630502","7.5","7"
"17.988041574904674","9","7"
"24.09274609281608","10.5","7"
"10.11450780269586","12","7"
"3.6780201568430817","13.5","7"
"17.477649748554107","15","7"
"21.73411592326209","16.5","7"
"8.310938679102831","18","7"
"9.019139090579321","19.5","7"
"20.307781853992484","21","7"
"17.651693501595716","22.5","7"
"6.781384716021075","24","7"
"11.177143086469504","25.5","7"
"19.54010274067358","27","7"
"11.396995250062432","28.5","7"
"7.080097411459537","30","7"
"16.051893845959032","31.5","7"
"23.95897764849849","33","7"
"9.29634273900459","34.5","7"
"1.7976884984007164","36","7"
"16.39195247142988","37.5","7"
"25.533548354555652","39","7"
"8.831861398453809","40.5","7"
"2.552218410675954","42","7"
"20.758083306210196","43.5","7"
"24.424733760854576","45","7"
"10.601378686677922","46.5","7"
"5.4128509509969245","48","7"
"12.740015657372014","49.5","7"
"16.55509521129534","51","7"
"14.859206124432278","52.5","7"
"13.92454281342387","54","7"
"17.46771650223748","55.5","7"
"6.888701645378629","57","7"
"10.645575710864101","58.5","7"
"20.410541240385967","60","7"
"22.38111092487627","61.5","7"
"6.8573614272972785","63","7"
"2.2880268240292327","64.5","7"
"19.608800162093342","66","7"
"27.113327235885826","67.5","7"
"13.949469433259836","69","7"
"6.611631240216628","70.5","7"
"11.496885620693615","72","7"
"19.942413242103633","73.5","7"
"16.018210572365124","75","7"
"13.761730454515288","76.5","7"
"16.47120649946226","78","7"
"12.375586761129373","79.5","7"
"10.556234934042207","81","7"
"17.329132599633354","82.5","7"
"18.046397449013934","84","7"
"15.723233363500391","85.5","7"
"8.831984512112268","87","7"
"12.303760071023735","88.5","7"
"21.059378271674802","90","7"
"22.21735417511926","91.5","7"
"10.846353049399683","93","7"
"5.560807075651284","94.5","7"
"12.840139788114195","96","7"
"21.93758695747673","97.5","7"
"19.34289491903292","99","7"
"10.541585967086402","100.5","7"
"11.293352250449379","102","7"
"15.713566603710301","103.5","7"
"22.4922607408538","105","7"
"18.46650800369603","106.5","7"
"10.5813945347888","108","7"
"11.873196543378228","109.5","7"
"16.48294437383578","111","7"
"20.929858027774397","112.5","7"
"17.477632606145967","114","7"
"13.12586555098604","115.5","7"
"15.019278814839975","117","7"
"18.24105572704399","118.5","7"
"20.63091936422864","120","7"
"17.99532865676482","121.5","7"
"12.575788270591532","123","7"
"12.323148134629815","124.5","7"
"17.989729322906072","126","7"
"21.30221450858131","127.5","7"
"18.133113099789334","129","7"
"13.213441438969907","130.5","7"
"12.210622250798881","132","7"
"17.192593318800082","133.5","7"
"20.67638882261901","135","7"
"20.22744317904508","136.5","7"
"15.934876651195479","138","7"
"13.788899613016085","139.5","7"
"15.58745614062897","141","7"
"17.458331812981324","142.5","7"
"19.56640854516443","144","7"
"19.009962860145997","145.5","7"
"17.68369681919193","147","7"
"18.546245135957804","148.5","7"
"14.72830669587699","150","7"
"4.871827589301511","151.5","7"
"6.454720934510533","153","7"
"10.02936847426895","154.5","7"
"16.734573107717253","156","7"
"17.84927845621545","157.5","7"
"10.956762625025725","159","7"
"8.765821050295711","160.5","7"
"9.235820687866761","162","7"
"8.056114444504033","163.5","7"
"9.442225411474409","165","7"
"10.434262024925518","166.5","7"
"13.607087232285679","168","7"
"17.885134140440893","169.5","7"
"15.827845688373712","171","7"
"13.338590368794671","172.5","7"
"5.483087682747599","174","7"
"5.57412945397718","175.5","7"
"11.23046143018678","177","7"
"15.873276186745583","178.5","7"
"14.728861486540422","180","7"
"9.68485905628472","181.5","7"
"7.48330633091619","183","7"
"11.011350286145714","184.5","7"
"18.02634706509336","186","7"
"11.990136597305153","187.5","7"
"8.943382113807456","189","7"
"9.289756937477438","190.5","7"
"10.041813083378052","192","7"
"10.972709739797931","193.5","7"
"15.306163248661994","195","7"
"13.150076864882356","196.5","7"
"9.094116087780828","198","7"
"8.58363932858993","199.5","7"
"11.546272898544293","201","7"
"15.40886653262884","202.5","7"
"12.805543291686657","204","7"
"12.701801333626616","205.5","7"
"13.767427967620652","207","7"
"14.483382201978909","208.5","7"
"9.239593576058251","210","7"
"12.911938427006513","211.5","7"
"10.30501839715646","213","7"
"8.807261263572867","214.5","7"
"9.53696370925922","216","7"
"9.896925449780712","217.5","7"
"9.339564983527913","219","7"
"12.849182408407923","220.5","7"
"15.463917038768603","222","7"
"11.608427374457252","223.5","7"
"11.283815617121077","225","7"
"13.037730197136518","226.5","7"
"15.112622343962505","228","7"
"12.10831869662184","229.5","7"
"11.712491142270098","231","7"
"11.365609838359623","232.5","7"
"13.051990343107699","234","7"
"11.062774393763545","235.5","7"
"12.121458352460975","237","7"
"12.93982522904807","238.5","7"
"8.78243048538241","240","7"
"6.742577420794115","241.5","7"
"9.389650424910101","243","7"
"12.331072602392608","244.5","7"
"11.605429790633902","246","7"
"9.598497941677666","247.5","7"
"14.980550998050752","249","7"
"18.496708251636086","250.5","7"
"16.641178151370305","252","7"
"7.919802690178797","253.5","7"
"5.1538996816384754","255","7"
"11.033711778363674","256.5","7"
"14.393906623493006","258","7"
"14.411094225254235","259.5","7"
"12.273329179774162","261","7"
"11.799438215555385","262.5","7"
"7.137687331605096","264","7"
"7.568829025925135","265.5","7"
"7.359383083273419","267","7"
"12.48941702637967","268.5","7"
"15.442624609458267","270","7"
"19.430788720767744","271.5","7"
"14.510750835774422","273","7"
"11.688032821856496","274.5","7"
"10.853903500984881","276","7"
"6.534803252536212","277.5","7"
"5.8257332534468125","279","7"
"10.432974785914297","280.5","7"
"16.13050269608506","282","7"
"16.47203401025519","283.5","7"
"14.439743864458013","285","7"
"8.520432152977117","286.5","7"
"5.234435494279488","288","7"
"9.442709294904171","289.5","7"
"13.806534475789688","291","7"
"14.134911329313653","292.5","7"
"15.405662460707443","294","7"
"15.18097224201725","295.5","7"
"11.28278785183306","297","7"
"6.368529295983952","298.5","7"
"5.375610238113828","300","7"
"21.033790889925086","1.5","8"
"8.264954948468267","3","8"
"6.882586480874951","4.5","8"
"18.781627542124994","6","8"
"19.31307959607564","7.5","8"
"9.583818585907432","9","8"
"12.73576745695483","10.5","8"
"19.041249313401817","12","8"
"13.325839533940163","13.5","8"
"6.278969174257906","15","8"
"15.45882574355109","16.5","8"
"20.711837764251314","18","8"
"10.164434287202571","19.5","8"
"6.6557807331802366","21","8"
"16.345410833330405","22.5","8"
"20.813341079648378","24","8"
"9.113462853767299","25.5","8"
"6.2399285085201335","27","8"
"19.490760656444362","28.5","8"
"22.802898318754586","30","8"
"7.183470028544203","31.5","8"
"7.135473623353956","33","8"
"19.045620627477458","34.5","8"
"19.35564263708595","36","8"
"9.383997326225828","37.5","8"
"10.186777078611652","39","8"
"19.400057058175353","40.5","8"
"18.63845882454385","42","8"
"12.776564829926745","43.5","8"
"11.362610696135532","45","8"
"15.113867506153749","46.5","8"
"14.252737334061255","48","8"
"7.10302927834833","49.5","8"
"18.115001366389297","51","8"
"21.085680959364172","52.5","8"
"10.996341328618975","54","8"
"9.64682161102331","55.5","8"
"14.772813062610053","57","8"
"18.289532898862518","58.5","8"
"14.109207067508438","60","8"
"7.5334533291276085","61.5","8"
"16.959456568099203","63","8"
"21.63322038415362","64.5","8"
"13.873248053067455","66","8"
"11.260616484505377","67.5","8"
"12.62907466709364","69","8"
"17.785097280140153","70.5","8"
"15.720468760587668","72","8"
"11.330296477591695","73.5","8"
"14.8740078146606","75","8"
"19.276312247417312","76.5","8"
"16.61840368295625","78","8"
"11.388779361361262","79.5","8"
"12.49382106687085","81","8"
"16.56697334173546","82.5","8"
"16.04451326005449","84","8"
"15.304375763013239","85.5","8"
"12.369868209614019","87","8"
"15.311958941013977","88.5","8"
"18.55988114243262","90","8"
"18.115197724882535","91.5","8"
"16.741018653177807","93","8"
"11.405776838232214","94.5","8"
"15.268146062610203","96","8"
"16.832387688562786","97.5","8"
"18.143604253570874","99","8"
"16.809934250701165","100.5","8"
"12.383838493047563","102","8"
"16.042194359753402","103.5","8"
"18.74233714266864","105","8"
"17.692922551572607","106.5","8"
"16.624690271541326","108","8"
"13.955249541604418","109.5","8"
"14.195833889441657","111","8"
"14.342995229718627","112.5","8"
"19.051880723249955","114","8"
"19.591515939486232","115.5","8"
"16.55729099793797","117","8"
"15.804893562275298","118.5","8"
"15.554704790677567","120","8"
"17.09562183275488","121.5","8"
"19.586200234562163","123","8"
"19.784179464569114","124.5","8"
"19.255130464559514","126","8"
"13.988951516007207","127.5","8"
"5.0715487217355735","129","8"
"4.857930940302933","130.5","8"
"8.48810858402884","132","8"
"16.74541334326455","133.5","8"
"19.842229892133336","135","8"
"12.194787340879953","136.5","8"
"8.354551303011517","138","8"
"7.447152992149414","139.5","8"
"5.878080713503082","141","8"
"11.933163803852624","142.5","8"
"16.52199789637966","144","8"
"15.986497117306548","145.5","8"
"18.15285803716487","147","8"
"13.665567778454136","148.5","8"
"11.349161697749512","150","8"
"5.631034846597704","151.5","8"
"6.0938144135404295","153","8"
"11.609198003623172","154.5","8"
"16.089697531109447","156","8"
"14.84782668222895","157.5","8"
"13.342676495534898","159","8"
"13.074156256032792","160.5","8"
"13.463217234371545","162","8"
"13.24750963754659","163.5","8"
"7.353659856555845","165","8"
"11.199363543420498","166.5","8"
"9.906308580636125","168","8"
"9.471174263620261","169.5","8"
"14.051218975973812","171","8"
"14.391656292824475","172.5","8"
"9.28443967415263","174","8"
"8.15109741120502","175.5","8"
"12.314411740081491","177","8"
"16.066309052803838","178.5","8"
"13.76833963205354","180","8"
"10.292741316126904","181.5","8"
"12.301299356255306","183","8"
"14.135980392221278","184.5","8"
"7.294816203014973","186","8"
"12.047789632680681","187.5","8"
"14.34723096292989","189","8"
"8.27669360204216","190.5","8"
"9.386321680929507","192","8"
"12.702734036469494","193.5","8"
"12.833997351597567","195","8"
"16.088185882391667","196.5","8"
"16.25150939674296","198","8"
"9.059693353035799","199.5","8"
"11.392796918468928","201","8"
"12.110998366694234","202.5","8"
"10.918907512650891","204","8"
"11.295076620868166","205.5","8"
"13.229221804862936","207","8"
"16.321425487541383","208.5","8"
"11.552651432773029","210","8"
"7.831974341275052","211.5","8"
"8.413980915230622","213","8"
"10.208923511527495","214.5","8"
"11.976895645417919","216","8"
"13.50311229331501","217.5","8"
"13.5381279995416","219","8"
"13.57031209162365","220.5","8"
"12.527226945133043","222","8"
"8.214826651065728","223.5","8"
"11.161173374886568","225","8"
"12.890056922216466","226.5","8"
"14.297867061090312","228","8"
"10.732309283248009","229.5","8"
"7.231636299415109","231","8"
"7.813295350005663","232.5","8"
"13.297883383065678","234","8"
"16.56553337945172","235.5","8"
"13.854294783267829","237","8"
"12.840022908058696","238.5","8"
"13.27445750314231","240","8"
"12.65139096569014","241.5","8"
"11.045184724611401","243","8"
"8.818127212732373","244.5","8"
"9.432839943017884","246","8"
"10.514352914155268","247.5","8"
"12.782617658400824","249","8"
"14.612043767071587","250.5","8"
"10.989439171741607","252","8"
"10.312340543033251","253.5","8"
"14.04387423328629","255","8"
"13.324887351088035","256.5","8"
"10.866250710047737","258","8"
"10.664728455958445","259.5","8"
"12.650616440522372","261","8"
"13.49560703535127","262.5","8"
"12.894928482929641","264","8"
"10.484450320756547","265.5","8"
"6.204610862150171","267","8"
"10.928145712237487","268.5","8"
"15.54340794371346","270","8"
"12.781699760364976","271.5","8"
"8.924653253714386","273","8"
"10.044064193246951","274.5","8"
"8.405467371988117","276","8"
"10.77481622183168","277.5","8"
"14.86942923328654","279","8"
"14.433066117287202","280.5","8"
"7.869742183208447","282","8"
"12.67165017530987","283.5","8"
"13.721562675442325","285","8"
"14.148743694281707","286.5","8"
"10.030889473391168","288","8"
"5.555050343317801","289.5","8"
"7.508035033858179","291","8"
"10.942569490286365","292.5","8"
"15.556316177042707","294","8"
"14.218087852008559","295.5","8"
"13.524220831338027","297","8"
"10.635428184445725","298.5","8"
"8.876962295069175","300","8"
"7.59906511708221","1.5","9"
"18.179978885242726","3","9"
"19.858571282292758","4.5","9"
"6.513761725745013","6","9"
"9.605125820024798","7.5","9"
"20.39614161754856","9","9"
"16.835933050246236","10.5","9"
"6.422557880838474","12","9"
"11.727918530395522","13.5","9"
"18.62217977041403","15","9"
"14.93440051853701","16.5","9"
"8.237259829717727","18","9"
"12.57828482857698","19.5","9"
"18.48732044557845","21","9"
"11.938025234960989","22.5","9"
"8.213358637568668","24","9"
"16.438445799106418","25.5","9"
"18.801536111578226","27","9"
"9.891630004066263","28.5","9"
"9.813633605431047","30","9"
"14.909893108500098","31.5","9"
"14.62229960234139","33","9"
"8.928657564415763","34.5","9"
"12.941572975477957","36","9"
"18.648575962147792","37.5","9"
"14.33979739140019","39","9"
"7.101475552810571","40.5","9"
"11.805995965869217","42","9"
"18.273506305652575","43.5","9"
"12.898397482976835","45","9"
"8.018225047312919","46.5","9"
"14.321489299506915","48","9"
"18.65024345093957","49.5","9"
"13.508530852687917","51","9"
"8.33270096623627","52.5","9"
"13.268814534062846","54","9"
"17.4782185648242","55.5","9"
"16.40552302507362","57","9"
"13.466167286972324","58.5","9"
"13.675899975360197","60","9"
"16.72427519562747","61.5","9"
"17.364986725458056","63","9"
"15.988769265585438","64.5","9"
"12.897626853810914","66","9"
"14.25471961980251","67.5","9"
"13.436420533647603","69","9"
"14.35854027709992","70.5","9"
"16.927780514658387","72","9"
"16.329329696094558","73.5","9"
"15.967855527654917","75","9"
"12.657194450045823","76.5","9"
"10.124539228259104","78","9"
"15.646873285642155","79.5","9"
"19.246892758247984","81","9"
"18.450429983261667","82.5","9"
"14.005521991075405","84","9"
"10.888969855235523","85.5","9"
"14.046007683899322","87","9"
"16.100266604927985","88.5","9"
"16.1887370149366","90","9"
"15.116959373221867","91.5","9"
"12.769947860384793","93","9"
"13.813461567078896","94.5","9"
"16.573009027801398","96","9"
"18.306874782297008","97.5","9"
"14.328865210209237","99","9"
"10.631592960224637","100.5","9"
"10.005195341190761","102","9"
"10.834245054850415","103.5","9"
"14.83430755580963","105","9"
"11.318467436774883","106.5","9"
"8.42985400596768","108","9"
"7.387507541427822","109.5","9"
"10.784336491952212","111","9"
"12.039925942546745","112.5","9"
"14.938443010056517","114","9"
"13.88259534070585","115.5","9"
"12.098787517696127","117","9"
"10.283603633388035","118.5","9"
"13.510081461424196","120","9"
"16.617789673064696","121.5","9"
"9.414058876500025","123","9"
"10.015532992499415","124.5","9"
"9.812511556898261","126","9"
"10.64940236388112","127.5","9"
"11.227498131179711","129","9"
"12.145352531806704","130.5","9"
"11.871185427223285","132","9"
"10.40953955558649","133.5","9"
"7.772886018818004","135","9"
"6.938128662448177","136.5","9"
"11.363795080697916","138","9"
"15.15552044113191","139.5","9"
"14.85085933006895","141","9"
"10.678230439969623","142.5","9"
"7.8791525860768115","144","9"
"9.45931561318939","145.5","9"
"11.9089657363626","147","9"
"15.997798639472876","148.5","9"
"12.594947249288836","150","9"
"7.48029783828766","151.5","9"
"7.348539730924644","153","9"
"14.6602980875843","154.5","9"
"19.929793312911283","156","9"
"16.572580467597902","157.5","9"
"11.18048429765602","159","9"
"13.200890079410115","160.5","9"
"16.726326051001283","162","9"
"14.92333431488242","163.5","9"
"13.121478652902999","165","9"
"2.079002428777681","166.5","9"
"1.9356944291304017","168","9"
"9.668367280453891","169.5","9"
"17.37653135813982","171","9"
"16.631251138656637","172.5","9"
"14.089225253220425","174","9"
"11.694958354744964","175.5","9"
"12.543312757571108","177","9"
"13.734430390352333","178.5","9"
"10.95042383001586","180","9"
"5.269203414788422","181.5","9"
"5.171273901888318","183","9"
"8.100016930950355","184.5","9"
"14.782665272088202","186","9"
"17.309587137552537","187.5","9"
"14.369905693696587","189","9"
"13.949689167764172","190.5","9"
"8.801728940945942","192","9"
"8.68157624389355","193.5","9"
"12.007774576880236","195","9"
"10.91972956904123","196.5","9"
"9.263659958685748","198","9"
"11.257737339138266","199.5","9"
"10.635144555511049","201","9"
"9.658399749320985","202.5","9"
"11.07672987239006","204","9"
"12.773059986662533","205.5","9"
"14.608300488494155","207","9"
"10.668331478469275","208.5","9"
"8.533969201004945","210","9"
"11.679092276811236","211.5","9"
"8.376235670107958","213","9"
"8.70700466876779","214.5","9"
"14.246291788600702","216","9"
"15.001316687910975","217.5","9"
"11.429046878081582","219","9"
"7.850246589951308","220.5","9"
"6.880634583948127","222","9"
"7.538452678701462","223.5","9"
"9.372141792596436","225","9"
"13.385451479045845","226.5","9"
"14.63797867218632","228","9"
"11.491420309298508","229.5","9"
"13.927245080306992","231","9"
"15.515294394364235","232.5","9"
"11.2888157458953","234","9"
"7.882674571749164","235.5","9"
"5.245323261049352","237","9"
"9.196865344569503","238.5","9"
"11.873349266650745","240","9"
"13.162117068999434","241.5","9"
"11.319011318633136","243","9"
"9.25764297342869","244.5","9"
"10.218886367458182","246","9"
"11.21191412377992","247.5","9"
"14.12245659059974","249","9"
"12.958210461777973","250.5","9"
"12.223191531967183","252","9"
"13.725812434260249","253.5","9"
"9.501227242690389","255","9"
"3.941704289248847","256.5","9"
"4.540785091311813","258","9"
"7.842260565359285","259.5","9"
"11.658067892428177","261","9"
"15.62700055940594","262.5","9"
"17.15835525454274","264","9"
"15.896979462000665","265.5","9"
"9.710485398052937","267","9"
"5.62725533520307","268.5","9"
"7.276867322492263","270","9"
"11.329002225777142","271.5","9"
"12.381337259859896","273","9"
"13.821805244640744","274.5","9"
"14.296107626654875","276","9"
"10.563894473679204","277.5","9"
"8.822097238617468","279","9"
"7.619885350968332","280.5","9"
"7.504527852992855","282","9"
"11.768016181435186","283.5","9"
"14.412661976398654","285","9"
"13.002167492250196","286.5","9"
"13.382964271464838","288","9"
"11.2141215984281","289.5","9"
"9.47789330841068","291","9"
"13.458716573034485","292.5","9"
"9.411580240123088","294","9"
"7.40338920336895","295.5","9"
"10.88692133746282","297","9"
"10.548195144624653","298.5","9"
"7.993250896254384","300","9"
"21.033790889925086","1.5","10"
"8.264954948468267","3","10"
"6.882586480874951","4.5","10"
"18.781627542124994","6","10"
"19.31307959607564","7.5","10"
"9.583818585907432","9","10"
"12.73576745695483","10.5","10"
"19.041249313401817","12","10"
"13.325839533940163","13.5","10"
"6.278969174257906","15","10"
"15.45882574355109","16.5","10"
"20.711837764251314","18","10"
"10.164434287202571","19.5","10"
"6.6557807331802366","21","10"
"16.345410833330405","22.5","10"
"20.813341079648378","24","10"
"9.113462853767299","25.5","10"
"6.2399285085201335","27","10"
"19.490760656444362","28.5","10"
"22.802898318754586","30","10"
"7.183470028544203","31.5","10"
"7.135473623353956","33","10"
"19.045620627477458","34.5","10"
"19.35564263708595","36","10"
"9.383997326225828","37.5","10"
"10.186777078611652","39","10"
"19.400057058175353","40.5","10"
"18.63845882454385","42","10"
"12.776564829926745","43.5","10"
"11.362610696135532","45","10"
"15.113867506153749","46.5","10"
"14.252737334061255","48","10"
"7.10302927834833","49.5","10"
"18.115001366389297","51","10"
"21.085680959364172","52.5","10"
"10.996341328618975","54","10"
"9.64682161102331","55.5","10"
"14.772813062610053","57","10"
"18.289532898862518","58.5","10"
"14.109207067508438","60","10"
"7.5334533291276085","61.5","10"
"16.959456568099203","63","10"
"21.63322038415362","64.5","10"
"13.873248053067455","66","10"
"11.260616484505377","67.5","10"
"12.62907466709364","69","10"
"17.785097280140153","70.5","10"
"15.720468760587668","72","10"
"11.330296477591695","73.5","10"
"14.8740078146606","75","10"
"19.276312247417312","76.5","10"
"16.61840368295625","78","10"
"11.388779361361262","79.5","10"
"12.49382106687085","81","10"
"16.56697334173546","82.5","10"
"16.04451326005449","84","10"
"15.304375763013239","85.5","10"
"12.369868209614019","87","10"
"15.311958941013977","88.5","10"
"18.55988114243262","90","10"
"18.115197724882535","91.5","10"
"16.741018653177807","93","10"
"11.405776838232214","94.5","10"
"15.268146062610203","96","10"
"16.832387688562786","97.5","10"
"18.143604253570874","99","10"
"16.809934250701165","100.5","10"
"12.383838493047563","102","10"
"16.042194359753402","103.5","10"
"18.74233714266864","105","10"
"17.692922551572607","106.5","10"
"16.624690271541326","108","10"
"13.955249541604418","109.5","10"
"14.195833889441657","111","10"
"14.342995229718627","112.5","10"
"19.051880723249955","114","10"
"19.591515939486232","115.5","10"
"16.55729099793797","117","10"
"15.804893562275298","118.5","10"
"15.554704790677567","120","10"
"17.09562183275488","121.5","10"
"19.586200234562163","123","10"
"19.784179464569114","124.5","10"
"19.255130464559514","126","10"
"13.988951516007207","127.5","10"
"5.0715487217355735","129","10"
"4.857930940302933","130.5","10"
"8.48810858402884","132","10"
"16.74541334326455","133.5","10"
"19.842229892133336","135","10"
"12.194787340879953","136.5","10"
"8.354551303011517","138","10"
"7.447152992149414","139.5","10"
"5.878080713503082","141","10"
"11.933163803852624","142.5","10"
"16.52199789637966","144","10"
"15.986497117306548","145.5","10"
"18.15285803716487","147","10"
"13.665567778454136","148.5","10"
"11.349161697749512","150","10"
"5.631034846597704","151.5","10"
"6.0938144135404295","153","10"
"11.609198003623172","154.5","10"
"16.089697531109447","156","10"
"14.84782668222895","157.5","10"
"13.342676495534898","159","10"
"13.074156256032792","160.5","10"
"13.463217234371545","162","10"
"13.24750963754659","163.5","10"
"7.353659856555845","165","10"
"11.199363543420498","166.5","10"
"9.906308580636125","168","10"
"9.471174263620261","169.5","10"
"14.051218975973812","171","10"
"14.391656292824475","172.5","10"
"9.28443967415263","174","10"
"8.15109741120502","175.5","10"
"12.314411740081491","177","10"
"16.066309052803838","178.5","10"
"13.76833963205354","180","10"
"10.292741316126904","181.5","10"
"12.301299356255306","183","10"
"14.135980392221278","184.5","10"
"7.294816203014973","186","10"
"12.047789632680681","187.5","10"
"14.34723096292989","189","10"
"8.27669360204216","190.5","10"
"9.386321680929507","192","10"
"12.702734036469494","193.5","10"
"12.833997351597567","195","10"
"16.088185882391667","196.5","10"
"16.25150939674296","198","10"
"9.059693353035799","199.5","10"
"11.392796918468928","201","10"
"12.110998366694234","202.5","10"
"10.918907512650891","204","10"
"11.295076620868166","205.5","10"
"13.229221804862936","207","10"
"16.321425487541383","208.5","10"
"11.552651432773029","210","10"
"7.831974341275052","211.5","10"
"8.413980915230622","213","10"
"10.208923511527495","214.5","10"
"11.976895645417919","216","10"
"13.50311229331501","217.5","10"
"13.5381279995416","219","10"
"13.57031209162365","220.5","10"
"12.527226945133043","222","10"
"8.214826651065728","223.5","10"
"11.161173374886568","225","10"
"12.890056922216466","226.5","10"
"14.297867061090312","228","10"
"10.732309283248009","229.5","10"
"7.231636299415109","231","10"
"7.813295350005663","232.5","10"
"13.297883383065678","234","10"
"16.56553337945172","235.5","10"
"13.854294783267829","237","10"
"12.840022908058696","238.5","10"
"13.27445750314231","240","10"
"12.65139096569014","241.5","10"
"11.045184724611401","243","10"
"8.818127212732373","244.5","10"
"9.432839943017884","246","10"
"10.514352914155268","247.5","10"
"12.782617658400824","249","10"
"14.612043767071587","250.5","10"
"10.989439171741607","252","10"
"10.312340543033251","253.5","10"
"14.04387423328629","255","10"
"13.324887351088035","256.5","10"
"10.866250710047737","258","10"
"10.664728455958445","259.5","10"
"12.650616440522372","261","10"
"13.49560703535127","262.5","10"
"12.894928482929641","264","10"
"10.484450320756547","265.5","10"
"6.204610862150171","267","10"
"10.928145712237487","268.5","10"
"15.54340794371346","270","10"
"12.781699760364976","271.5","10"
"8.924653253714386","273","10"
"10.044064193246951","274.5","10"
"8.405467371988117","276","10"
"10.77481622183168","277.5","10"
"14.86942923328654","279","10"
"14.433066117287202","280.5","10"
"7.869742183208447","282","10"
"12.67165017530987","283.5","10"
"13.721562675442325","285","10"
"14.148743694281707","286.5","10"
"10.030889473391168","288","10"
"5.555050343317801","289.5","10"
"7.508035033858179","291","10"
"10.942569490286365","292.5","10"
"15.556316177042707","294","10"
"14.218087852008559","295.5","10"
"13.524220831338027","297","10"
"10.635428184445725","298.5","10"
"8.876962295069175","300","10"
"11.333463147895332","1.5","11"
"11.669235392130867","3","11"
"12.012838600084798","4.5","11"
"11.57794271838215","6","11"
"10.677310204332665","7.5","11"
"11.086557147456368","9","11"
"12.652393796566317","10.5","11"
"11.95823145895556","12","11"
"11.56007253709681","13.5","11"
"11.217470601618315","15","11"
"10.175433479625344","16.5","11"
"9.876162097521599","18","11"
"9.507538765687304","19.5","11"
"11.09531224281357","21","11"
"12.596952131840819","22.5","11"
"12.247935039716202","24","11"
"12.473296149924956","25.5","11"
"12.44153048844159","27","11"
"11.917268116304838","28.5","11"
"10.562418668178443","30","11"
"9.252911668782112","31.5","11"
"11.407926652053016","33","11"
"12.29669817807052","34.5","11"
"13.387167278260561","36","11"
"11.192791767500005","37.5","11"
"11.113462936232107","39","11"
"10.802042261959485","40.5","11"
"11.32910508022598","42","11"
"9.851901694001974","43.5","11"
"9.609944395112812","45","11"
"9.600961773247572","46.5","11"
"12.042165364410096","48","11"
"12.682208340323228","49.5","11"
"12.649080636593121","51","11"
"12.519605586314174","52.5","11"
"12.418579920743918","54","11"
"10.827424714011896","55.5","11"
"10.306543292280528","57","11"
"9.584226107700937","58.5","11"
"10.740232971810434","60","11"
"12.450138314928864","61.5","11"
"14.636202095342743","63","11"
"15.833614887913114","64.5","11"
"14.329619476167386","66","11"
"10.855408916099702","67.5","11"
"8.471739921856468","69","11"
"7.735888806050529","70.5","11"
"9.347671784177283","72","11"
"13.401013668835276","73.5","11"
"13.639237039551448","75","11"
"14.139170438536016","76.5","11"
"13.482412056285867","78","11"
"12.007667047229177","79.5","11"
"9.694044270246158","81","11"
"9.542794465627852","82.5","11"
"9.714605030409071","84","11"
"12.403793814522995","85.5","11"
"12.926006110486306","87","11"
"13.16702914813185","88.5","11"
"12.167266763012291","90","11"
"12.049202322951471","91.5","11"
"11.45087617644684","93","11"
"10.36911308199069","94.5","11"
"11.076815584430758","96","11"
"11.404164672666706","97.5","11"
"12.021091890403728","99","11"
"11.232351770284376","100.5","11"
"10.108204071702643","102","11"
"9.440486236248592","103.5","11"
"11.528452586082633","105","11"
"10.382816099697328","106.5","11"
"11.051645074878985","108","11"
"12.98159036887951","109.5","11"
"14.966854213947077","111","11"
"12.420975182681264","112.5","11"
"10.18239095972898","114","11"
"11.255829856632532","115.5","11"
"10.218730527384183","117","11"
"9.58031841784544","118.5","11"
"10.434668767518653","120","11"
"10.231191499701056","121.5","11"
"12.019595046492977","123","11"
"13.629241457205222","124.5","11"
"12.122742474670718","126","11"
"11.365634772771461","127.5","11"
"11.14168011923054","129","11"
"10.494788751265569","130.5","11"
"8.453095215403359","132","11"
"10.100697255338163","133.5","11"
"14.176826075616132","135","11"
"14.0834669624862","136.5","11"
"12.321763495572343","138","11"
"11.476090321219333","139.5","11"
"10.961928723478756","141","11"
"10.62094362876799","142.5","11"
"11.348390289383223","144","11"
"11.021984812795331","145.5","11"
"11.680398216631339","147","11"
"11.446942772979133","148.5","11"
"11.684970564402438","150","11"
"12.860346791309134","151.5","11"
"9.383270332280627","153","11"
"9.31507237829803","154.5","11"
"11.112640100641398","156","11"
"11.512130675932461","157.5","11"
"11.99711511581878","159","11"
"13.59639348640794","160.5","11"
"13.35655249572367","162","11"
"12.1196428155989","163.5","11"
"10.15324263228841","165","11"
"10.757444728783133","166.5","11"
"10.404706954891815","168","11"
"11.919132742790223","169.5","11"
"11.702546207947922","171","11"
"11.859868321049555","172.5","11"
"13.618064607098091","174","11"
"11.728573837906684","175.5","11"
"9.166679122236106","177","11"
"10.366639900016343","178.5","11"
"11.716985570004198","180","11"
"10.76741459751715","181.5","11"
"11.656585853324456","183","11"
"12.142354947983355","184.5","11"
"11.252261898138348","186","11"
"12.217310127574502","187.5","11"
"10.984410212553694","189","11"
"10.16681941953511","190.5","11"
"12.907450232875373","192","11"
"12.98764319735359","193.5","11"
"9.958951357632621","195","11"
"11.913252896798282","196.5","11"
"12.829477989451627","198","11"
"10.535356260128335","199.5","11"
"10.90554422630557","201","11"
"10.241579019833388","202.5","11"
"9.906271179018367","204","11"
"12.404788853395472","205.5","11"
"12.422735396317071","207","11"
"11.725245093926087","208.5","11"
"12.424028089730884","210","11"
"12.74778428506081","211.5","11"
"10.991017831691206","213","11"
"11.3306728313704","214.5","11"
"11.868584456388259","216","11"
"9.95232737528734","217.5","11"
"9.072079522117154","219","11"
"10.1965435760491","220.5","11"
"12.412312812168091","222","11"
"13.192498091425328","223.5","11"
"12.78304777700506","225","11"
"12.404250425939809","226.5","11"
"11.610415893801465","228","11"
"11.512320021622369","229.5","11"
"8.764370958407161","231","11"
"7.924003359373411","232.5","11"
"10.083950680986348","234","11"
"12.401725816741044","235.5","11"
"12.121517571689093","237","11"
"11.804523277169936","238.5","11"
"11.531296667433095","240","11"
"11.90065322681555","241.5","11"
"12.543757680982372","243","11"
"11.988390409276006","244.5","11"
"11.53077148638372","246","11"
"12.065599815537531","247.5","11"
"10.483563590735498","249","11"
"8.48288716234954","250.5","11"
"11.518061169948451","252","11"
"13.242586649608997","253.5","11"
"11.584402289449363","255","11"
"12.122363004090532","256.5","11"
"9.765053579163677","258","11"
"9.358144237149943","259.5","11"
"9.640350351950547","261","11"
"11.62053926500837","262.5","11"
"12.075607865089678","264","11"
"15.494453901268495","265.5","11"
"15.045218395156928","267","11"
"10.922245607035928","268.5","11"
"9.499363395405373","270","11"
"9.647651459417348","271.5","11"
"9.645422946359178","273","11"
"12.288802540721415","274.5","11"
"13.81680433666615","276","11"
"13.74365923953449","277.5","11"
"11.251534904193148","279","11"
"11.186347001239822","280.5","11"
"8.877750845843604","282","11"
"10.69641152220259","283.5","11"
"10.61489937149798","285","11"
"10.744352604166568","286.5","11"
"11.015537708934039","288","11"
"12.162466109532785","289.5","11"
"11.515736036044402","291","11"
"12.60582488645389","292.5","11"
"12.454729363508843","294","11"
"11.186895558300295","295.5","11"
"10.163522622769683","297","11"
"10.00455639688737","298.5","11"
"10.82560138514612","300","11"
"12.135022672501753","1.5","12"
"8.00770428391732","3","12"
"17.115373003733378","4.5","12"
"18.243605270654594","6","12"
"7.765807762657018","7.5","12"
"9.516670994023581","9","12"
"19.61704877721005","10.5","12"
"13.692668367322373","12","12"
"1.7234141451328482","13.5","12"
"13.898149738491583","15","12"
"26.444153074940264","16.5","12"
"15.920484820361771","18","12"
"-0.4545646035419947","19.5","12"
"8.948898852426982","21","12"
"24.734844599305244","22.5","12"
"19.822732740475455","24","12"
"2.1362459943587795","25.5","12"
"8.326321652807165","27","12"
"23.635286905999642","28.5","12"
"17.333528848120835","30","12"
"6.859888374097155","31.5","12"
"11.173487078333514","33","12"
"18.168357890924703","34.5","12"
"12.915543007918085","36","12"
"6.74294052816653","37.5","12"
"15.621058377384399","39","12"
"17.367272899343604","40.5","12"
"7.17175163417993","42","12"
"8.567876105105041","43.5","12"
"20.642468672112624","45","12"
"17.41173251405447","46.5","12"
"4.469120474883132","48","12"
"6.915738339816527","49.5","12"
"23.11261488181804","51","12"
"21.202271152324972","52.5","12"
"5.396283592730207","54","12"
"5.927463316151541","55.5","12"
"19.561289198733597","57","12"
"16.8550437185206","58.5","12"
"7.258801561914055","60","12"
"13.22808105552127","61.5","12"
"22.058593658134626","63","12"
"10.714568449224087","64.5","12"
"2.445692759294125","66","12"
"16.157163815944624","67.5","12"
"23.50116470471408","69","12"
"11.511301606738792","70.5","12"
"3.862715968542634","72","12"
"15.380734282470737","73.5","12"
"22.176012920289097","75","12"
"10.392088584100204","76.5","12"
"5.412730564539761","78","12"
"16.733946630619783","79.5","12"
"20.19086439687629","81","12"
"8.56506630857086","82.5","12"
"5.506363956199928","84","12"
"18.425857120393676","85.5","12"
"20.644902894068473","87","12"
"7.544519532782201","88.5","12"
"6.579913889156202","90","12"
"17.42277845849944","91.5","12"
"17.28681111073774","93","12"
"9.59525490973777","94.5","12"
"9.81191546861522","96","12"
"18.33333331006037","97.5","12"
"15.929668475922469","99","12"
"4.578257616304981","100.5","12"
"12.340734686980479","102","12"
"20.120837659625327","103.5","12"
"14.871183992519757","105","12"
"7.637329309651288","106.5","12"
"13.934709819851493","108","12"
"21.360246235336657","109.5","12"
"13.269671654469835","111","12"
"2.9739687925366933","112.5","12"
"13.208947011235807","114","12"
"22.0175266818347","115.5","12"
"13.643940292984706","117","12"
"3.8857269242689814","118.5","12"
"14.934582851423588","120","12"
"23.671546216016736","121.5","12"
"14.816864376327045","123","12"
"1.671654202155551","124.5","12"
"9.336179357920308","126","12"
"22.385306139668295","127.5","12"
"17.91951246076483","129","12"
"5.21634246168833","130.5","12"
"8.07798426128853","132","12"
"22.106737332194804","133.5","12"
"20.55824646252119","135","12"
"5.537303275690919","136.5","12"
"7.341137327409743","138","12"
"17.878990924723894","139.5","12"
"20.735184165736943","141","12"
"8.680938078790529","142.5","12"
"6.608880662910565","144","12"
"18.117114557792707","145.5","12"
"20.56736310685007","147","12"
"9.495001431734172","148.5","12"
"3.988543971489845","150","12"
"17.109686399433194","151.5","12"
"21.50032620265116","153","12"
"10.932991559338452","154.5","12"
"7.122334746715191","156","12"
"17.349452586881945","157.5","12"
"22.60756992840634","159","12"
"10.454036571915115","160.5","12"
"5.256228170227356","162","12"
"15.641479660681085","163.5","12"
"23.47352179238833","165","12"
"12.324159536710061","166.5","12"
"4.39463515311509","168","12"
"13.760278025025627","169.5","12"
"23.54510537197853","171","12"
"16.83720314684932","172.5","12"
"5.6018837919558395","174","12"
"9.623869484924896","175.5","12"
"20.0764575233522","177","12"
"18.196292224188827","178.5","12"
"9.316061183567546","180","12"
"9.459762874201763","181.5","12"
"18.777739332278745","183","12"
"21.808252163264378","184.5","12"
"7.742015658559756","186","12"
"4.939711135934818","187.5","12"
"17.503057914218726","189","12"
"21.07830504866185","190.5","12"
"13.729882976993075","192","12"
"7.640620652014124","193.5","12"
"14.531402762380626","195","12"
"19.445115098770373","196.5","12"
"14.311934744570102","198","12"
"7.175530755974379","199.5","12"
"14.313207957974665","201","12"
"19.91947358321114","202.5","12"
"13.610291304207076","204","12"
"7.5965124566701245","205.5","12"
"12.167036898903143","207","12"
"20.440669801891985","208.5","12"
"18.100243311381693","210","12"
"5.860632079617906","211.5","12"
"11.360766328859766","213","12"
"21.312456318244454","214.5","12"
"19.181065910991265","216","12"
"8.788858888434824","217.5","12"
"9.196095494603952","219","12"
"17.188859390627094","220.5","12"
"20.520540956617396","222","12"
"10.081398020574262","223.5","12"
"9.059849193109796","225","12"
"18.002770020298218","226.5","12"
"18.320492087962947","228","12"
"12.322272313413947","229.5","12"
"10.130698027983502","231","12"
"15.882782431259455","232.5","12"
"17.823634972039095","234","12"
"8.168475917056899","235.5","12"
"6.8845048721858655","237","12"
"19.14336975549191","238.5","12"
"22.459863147870376","240","12"
"10.092814085194979","241.5","12"
"4.664916385453371","243","12"
"15.504187672290405","244.5","12"
"21.24122026201927","246","12"
"11.64667754141967","247.5","12"
"4.432987784926161","249","12"
"17.37886584244831","250.5","12"
"24.252800082414897","252","12"
"15.015256582530089","253.5","12"
"6.302482714222896","255","12"
"10.199458564633233","256.5","12"
"21.75063497110587","258","12"
"18.827009730073925","259.5","12"
"5.317600328968845","261","12"
"10.474596552877658","262.5","12"
"20.028485273373423","264","12"
"18.185838472025047","265.5","12"
"9.58260225412988","267","12"
"10.304513475316705","268.5","12"
"19.08526790070327","270","12"
"17.753750049255473","271.5","12"
"7.075325588393721","273","12"
"8.793251240920455","274.5","12"
"19.179878409627403","276","12"
"21.050976933285575","277.5","12"
"9.042166019913253","279","12"
"7.676124916872698","280.5","12"
"16.59945508835884","282","12"
"21.476063461530426","283.5","12"
"9.661987187824417","285","12"
"4.329434782955842","286.5","12"
"17.33932142367134","288","12"
"24.394742338613675","289.5","12"
"13.749126109330337","291","12"
"5.194986917148026","292.5","12"
"11.410419314036613","294","12"
"20.205451027802493","295.5","12"
"17.890233227662105","297","12"
"7.935809024179123","298.5","12"
"11.6025451908642","300","12"
"20.473538031898887","1.5","13"
"12.37950302218894","3","13"
"11.442873009446679","4.5","13"
"9.428894851544626","6","13"
"7.028879791939753","7.5","13"
"16.452169076022674","9","13"
"25.17743508466154","10.5","13"
"7.238652219546495","12","13"
"-2.427706477153656","13.5","13"
"17.43357973402824","15","13"
"29.690164677051694","16.5","13"
"12.551252809341301","18","13"
"-1.0525668461928255","19.5","13"
"12.904626410734531","21","13"
"23.93742340786384","22.5","13"
"14.892973551666145","24","13"
"6.296993637216505","25.5","13"
"13.26633979368776","27","13"
"15.595550474072422","28.5","13"
"13.76895052514361","30","13"
"15.715522396638974","31.5","13"
"14.780983757689764","33","13"
"6.227192088872469","34.5","13"
"9.909550054175282","36","13"
"21.365230000903107","37.5","13"
"15.65693743762094","39","13"
"5.535608125286006","40.5","13"
"10.734224557757443","42","13"
"22.28320283998634","43.5","13"
"17.23840406695251","45","13"
"4.651229730954505","46.5","13"
"9.83362944532572","48","13"
"21.67367646736348","49.5","13"
"15.858011651497488","51","13"
"8.733564492579253","52.5","13"
"10.478413076289868","54","13"
"16.30545811355956","55.5","13"
"14.663006588070383","57","13"
"11.796189729212898","58.5","13"
"15.284669785656202","60","13"
"15.563830785410886","61.5","13"
"8.53448425244951","63","13"
"12.07849090645864","64.5","13"
"19.41311801477712","66","13"
"18.65131874745016","67.5","13"
"8.759091096700113","69","13"
"8.187256204374387","70.5","13"
"18.988508357158704","72","13"
"17.865289465417998","73.5","13"
"10.973716466675958","75","13"
"10.04050402675647","76.5","13"
"14.175719611090747","78","13"
"19.30392087492678","79.5","13"
"14.388952467540612","81","13"
"10.202862891049715","82.5","13"
"15.302600744570402","84","13"
"19.638174457641206","85.5","13"
"17.430832273523652","87","13"
"9.550270113977533","88.5","13"
"9.679584648980262","90","13"
"16.87015085529396","91.5","13"
"19.880488630299823","93","13"
"17.190824533960207","94.5","13"
"10.885597476034208","96","13"
"10.59182880694333","97.5","13"
"18.363641087651487","99","13"
"20.54959578001357","100.5","13"
"16.781465385983225","102","13"
"11.4607151395187","103.5","13"
"11.85576816870267","105","13"
"16.4771486814838","106.5","13"
"18.739748639039533","108","13"
"17.5886967100828","109.5","13"
"14.540429019466584","111","13"
"12.827042988295409","112.5","13"
"15.829014488928696","114","13"
"18.637576769725023","115.5","13"
"19.200673709101682","117","13"
"16.90754312264902","118.5","13"
"14.75208165756611","120","13"
"15.217180124809925","121.5","13"
"17.097646195316113","123","13"
"17.975454372127864","124.5","13"
"17.03662857274297","126","13"
"15.272350627806667","127.5","13"
"15.098426871622035","129","13"
"16.88584083394407","130.5","13"
"17.156789061799063","132","13"
"16.789216871263882","133.5","13"
"15.983115387700792","135","13"
"15.946516346322383","136.5","13"
"17.33562957231833","138","13"
"16.542285157212707","139.5","13"
"16.33737416071433","141","13"
"15.747182866072391","142.5","13"
"16.327578053662823","144","13"
"17.284252216722695","145.5","13"
"16.993002702427994","147","13"
"16.317895709865333","148.5","13"
"16.18740614070466","150","13"
"16.773525334213033","151.5","13"
"16.64075114956755","153","13"
"17.00361541146725","154.5","13"
"16.341634828337433","156","13"
"16.83122200480928","157.5","13"
"17.273337177939883","159","13"
"17.68077170100299","160.5","13"
"18.723740746638466","162","13"
"15.236220665050991","163.5","13"
"8.070150959969025","165","13"
"7.840752812643355","166.5","13"
"7.086991776333205","168","13"
"12.21665014486112","169.5","13"
"14.430700464963913","171","13"
"11.316617615096527","172.5","13"
"13.691133342593494","174","13"
"12.585640480069682","175.5","13"
"6.382820999570115","177","13"
"7.969424507340842","178.5","13"
"15.332201008225566","180","13"
"17.519421121988508","181.5","13"
"9.212237409468656","183","13"
"10.506495457624291","184.5","13"
"15.059873595715692","186","13"
"13.550768187943572","187.5","13"
"13.587007238751047","189","13"
"14.494691516148936","190.5","13"
"9.271944417019478","192","13"
"2.8895211992382412","193.5","13"
"12.133905299171188","195","13"
"12.891545974123517","196.5","13"
"12.869506291658361","198","13"
"8.360245699315401","199.5","13"
"4.340909287604308","201","13"
"9.55186124113305","202.5","13"
"13.811862647919677","204","13"
"14.641530267472731","205.5","13"
"7.677084891728526","207","13"
"8.781952056355236","208.5","13"
"9.802815187494112","210","13"
"12.776708202794824","211.5","13"
"9.680754228735616","213","13"
"5.008935296804691","214.5","13"
"12.433554593454376","216","13"
"19.40252088974526","217.5","13"
"18.302818265170842","219","13"
"8.172742039082591","220.5","13"
"4.685776358558362","222","13"
"3.2382770644388206","223.5","13"
"8.091644422974817","225","13"
"11.451960823361865","226.5","13"
"9.263404380964392","228","13"
"11.20435276338954","229.5","13"
"17.584487469684117","231","13"
"15.843467097391262","232.5","13"
"12.831158724649695","234","13"
"6.422864496184065","235.5","13"
"3.0177641389321423","237","13"
"9.980613127918332","238.5","13"
"17.402531716085633","240","13"
"16.031605026725245","241.5","13"
"13.355893292210661","243","13"
"7.699786115307802","244.5","13"
"7.527592183944547","246","13"
"13.384461894575958","247.5","13"
"17.852061759937055","249","13"
"13.920500321904363","250.5","13"
"10.729036641694053","252","13"
"9.234518644048508","253.5","13"
"7.9077118380376685","255","13"
"7.018801614354308","256.5","13"
"8.782791255153715","258","13"
"11.892343834069981","259.5","13"
"18.335401307842325","261","13"
"17.160934407767407","262.5","13"
"9.140728633113973","264","13"
"5.883624724135558","265.5","13"
"7.949376461021381","267","13"
"13.08992571312064","268.5","13"
"10.332680789491459","270","13"
"12.953716034043874","271.5","13"
"17.988987524153842","273","13"
"16.547661639765636","274.5","13"
"7.429091127573056","276","13"
"5.314243533774929","277.5","13"
"4.230436207148112","279","13"
"9.910815475576145","280.5","13"
"12.593345213328138","282","13"
"15.160563425926483","283.5","13"
"16.776352273155354","285","13"
"15.851047158590521","286.5","13"
"16.405279914558182","288","13"
"13.761945513817405","289.5","13"
"9.390009636280666","291","13"
"11.700880277556884","292.5","13"
"10.25712640481579","294","13"
"8.740461974254401","295.5","13"
"11.531047323314697","297","13"
"16.250134887290297","298.5","13"
"16.841376544030986","300","13"
"9.852399603038398","1.5","14"
"9.477985254054339","3","14"
"20.313646115977026","4.5","14"
"15.326453626296523","6","14"
"5.177357898377196","7.5","14"
"11.580507066799786","9","14"
"21.678537119271475","10.5","14"
"11.241832301186038","12","14"
"3.145975326210966","13.5","14"
"14.123232674168248","15","14"
"24.16346943519781","16.5","14"
"14.92032971825574","18","14"
"0.9778932501353839","19.5","14"
"12.880599767325903","21","14"
"26.56010120679619","22.5","14"
"16.276794448749122","24","14"
"2.0025293668657946","25.5","14"
"11.80585181380077","27","14"
"20.463241678209844","28.5","14"
"11.809396396283852","30","14"
"5.247808910229619","31.5","14"
"17.520558754528693","33","14"
"22.24379400207375","34.5","14"
"12.321126888870062","36","14"
"2.34632484251102","37.5","14"
"15.155765110048087","39","14"
"21.502102779494738","40.5","14"
"9.363734999804619","42","14"
"9.235102265125631","43.5","14"
"17.774144839739577","45","14"
"17.78295292072194","46.5","14"
"5.917561237849713","48","14"
"8.956958121853784","49.5","14"
"21.283133449921007","51","14"
"21.240603135326236","52.5","14"
"7.4912752131000735","54","14"
"5.555466046715191","55.5","14"
"16.832417298176843","57","14"
"19.392706081884874","58.5","14"
"10.808847018790605","60","14"
"10.753692099801263","61.5","14"
"15.5747146561789","63","14"
"9.430961290925838","64.5","14"
"6.462885395987284","66","14"
"19.49665452804296","67.5","14"
"20.064102522285644","69","14"
"8.145672618229154","70.5","14"
"4.431815867569696","72","14"
"17.991262789234213","73.5","14"
"19.737594191248917","75","14"
"8.05934812603949","76.5","14"
"9.416984773889336","78","14"
"19.352893618180627","79.5","14"
"15.717816362528223","81","14"
"2.201970961167122","82.5","14"
"13.970702643342051","84","14"
"23.07878667695531","85.5","14"
"12.288464367760838","87","14"
"2.3474168918295604","88.5","14"
"14.569281250766558","90","14"
"23.152497473555584","91.5","14"
"12.69619109096269","93","14"
"3.906159895571218","94.5","14"
"15.04425218669814","96","14"
"19.095986580992843","97.5","14"
"7.742665511668328","99","14"
"9.79012357186772","100.5","14"
"22.509297177743253","102","14"
"16.074627795953848","103.5","14"
"4.695829601731967","105","14"
"8.363950017874332","106.5","14"
"21.069744753397146","108","14"
"14.677142841182734","109.5","14"
"2.481700777191898","111","14"
"13.353501147074793","112.5","14"
"23.562500241038176","114","14"
"13.539393420942464","115.5","14"
"3.0578602315710657","117","14"
"11.265912709420197","118.5","14"
"20.27151007676947","120","14"
"11.138841492282667","121.5","14"
"7.657104635841254","123","14"
"16.835521632450885","124.5","14"
"18.745664328248495","126","14"
"8.478042873649315","127.5","14"
"7.012804109106498","129","14"
"18.39488234728585","130.5","14"
"17.608008412052623","132","14"
"3.953363074784816","133.5","14"
"10.299902946727478","135","14"
"19.645818413270806","136.5","14"
"18.344932486768037","138","14"
"5.9098868934056865","139.5","14"
"10.611353230614158","141","14"
"15.45594426058287","142.5","14"
"11.829436650599613","144","14"
"11.615446411390117","145.5","14"
"20.48157937971718","147","14"
"13.213475723786187","148.5","14"
"5.289309901135633","150","14"
"8.848727190462233","151.5","14"
"20.60175389437993","153","14"
"17.149910280932794","154.5","14"
"1.126996747334553","156","14"
"9.267425054873538","157.5","14"
"23.56365657438724","159","14"
"18.44996869664263","160.5","14"
"4.9925109218058665","162","14"
"6.034227402846587","163.5","14"
"19.14861377398194","165","14"
"18.612665733896453","166.5","14"
"9.099978791364629","168","14"
"10.843667145724329","169.5","14"
"17.82574660504177","171","14"
"12.158178949097103","172.5","14"
"8.223961996203485","174","14"
"13.466309101439663","175.5","14"
"21.480402049190527","177","14"
"11.596791575332198","178.5","14"
"4.225568932036972","180","14"
"15.06299195559639","181.5","14"
"22.303190887877314","183","14"
"14.269084957823637","184.5","14"
"0.8441016246067873","186","14"
"9.474371322738328","187.5","14"
"22.41985588407363","189","14"
"18.061334720106633","190.5","14"
"5.4949813971951205","192","14"
"7.450647705808817","193.5","14"
"21.170470426824956","195","14"
"17.39318754524872","196.5","14"
"7.66707216697416","198","14"
"10.777259794191968","199.5","14"
"19.219449321216953","201","14"
"12.27786568432824","202.5","14"
"7.595258723274811","204","14"
"15.361586212578613","205.5","14"
"19.315474858012987","207","14"
"11.33879287842606","208.5","14"
"3.703242872819644","210","14"
"13.443849429975083","211.5","14"
"20.864151177374655","213","14"
"15.593499618698608","214.5","14"
"5.58653315506686","216","14"
"12.310434701393065","217.5","14"
"22.727571460586955","219","14"
"15.0770798982858","220.5","14"
"5.524723864917807","222","14"
"11.929653506185822","223.5","14"
"22.692956263350535","225","14"
"16.66771304076993","226.5","14"
"3.6943136261797487","228","14"
"9.099526855150035","229.5","14"
"21.1820883043415","231","14"
"20.376526027434444","232.5","14"
"9.694617761718469","234","14"
"5.46886649679492","235.5","14"
"16.928534780616538","237","14"
"17.72984885710641","238.5","14"
"9.129196467638128","240","14"
"11.625101483174658","241.5","14"
"18.569329726119115","243","14"
"16.68692812189387","244.5","14"
"9.112314312421935","246","14"
"8.103217886070272","247.5","14"
"19.95018966179613","249","14"
"21.600695002309518","250.5","14"
"9.387414119848232","252","14"
"6.977037253723236","253.5","14"
"15.991095957890225","255","14"
"21.146595727488474","256.5","14"
"14.22472508076013","258","14"
"5.038086351446556","259.5","14"
"10.641710097828582","261","14"
"22.11967361673737","262.5","14"
"19.51713035536555","264","14"
"8.490480469955088","265.5","14"
"4.013739415453458","267","14"
"17.07700673591583","268.5","14"
"22.019833114929867","270","14"
"20.227019294043806","271.5","14"
"8.048308415197477","273","14"
"7.312585867452585","274.5","14"
"13.384432284961898","276","14"
"19.980921324388518","277.5","14"
"16.78644291794672","279","14"
"4.814211955543743","280.5","14"
"13.140844898898719","282","14"
"18.962325666326315","283.5","14"
"19.26525383576642","285","14"
"13.795547750572835","286.5","14"
"9.695960323955962","288","14"
"13.641619834282876","289.5","14"
"12.848533334499722","291","14"
"13.458721248236705","292.5","14"
"16.40088210766996","294","14"
"17.28852535155172","295.5","14"
"15.104320743220637","297","14"
"12.227555054039124","298.5","14"
"7.308557401539739","300","14"
"7.569392387792638","1.5","15"
"15.627868588618108","3","15"
"21.80149649605657","4.5","15"
"9.114316857372808","6","15"
"2.785046987630502","7.5","15"
"17.988041574904674","9","15"
"24.09274609281608","10.5","15"
"10.11450780269586","12","15"
"3.6780201568430817","13.5","15"
"17.477649748554107","15","15"
"21.73411592326209","16.5","15"
"8.310938679102831","18","15"
"9.019139090579321","19.5","15"
"20.307781853992484","21","15"
"17.651693501595716","22.5","15"
"6.781384716021075","24","15"
"11.177143086469504","25.5","15"
"19.54010274067358","27","15"
"11.396995250062432","28.5","15"
"7.080097411459537","30","15"
"16.051893845959032","31.5","15"
"23.95897764849849","33","15"
"9.29634273900459","34.5","15"
"1.7976884984007164","36","15"
"16.39195247142988","37.5","15"
"25.533548354555652","39","15"
"8.831861398453809","40.5","15"
"2.552218410675954","42","15"
"20.758083306210196","43.5","15"
"24.424733760854576","45","15"
"10.601378686677922","46.5","15"
"5.4128509509969245","48","15"
"12.740015657372014","49.5","15"
"16.55509521129534","51","15"
"14.859206124432278","52.5","15"
"13.92454281342387","54","15"
"17.46771650223748","55.5","15"
"6.888701645378629","57","15"
"10.645575710864101","58.5","15"
"20.410541240385967","60","15"
"22.38111092487627","61.5","15"
"6.8573614272972785","63","15"
"2.2880268240292327","64.5","15"
"19.608800162093342","66","15"
"27.113327235885826","67.5","15"
"13.949469433259836","69","15"
"6.611631240216628","70.5","15"
"11.496885620693615","72","15"
"19.942413242103633","73.5","15"
"16.018210572365124","75","15"
"13.761730454515288","76.5","15"
"16.47120649946226","78","15"
"12.375586761129373","79.5","15"
"10.556234934042207","81","15"
"17.329132599633354","82.5","15"
"18.046397449013934","84","15"
"15.723233363500391","85.5","15"
"8.831984512112268","87","15"
"12.303760071023735","88.5","15"
"21.059378271674802","90","15"
"22.21735417511926","91.5","15"
"10.846353049399683","93","15"
"5.560807075651284","94.5","15"
"12.840139788114195","96","15"
"21.93758695747673","97.5","15"
"19.34289491903292","99","15"
"10.541585967086402","100.5","15"
"11.293352250449379","102","15"
"15.713566603710301","103.5","15"
"22.4922607408538","105","15"
"18.46650800369603","106.5","15"
"10.5813945347888","108","15"
"11.873196543378228","109.5","15"
"16.48294437383578","111","15"
"20.929858027774397","112.5","15"
"17.477632606145967","114","15"
"13.12586555098604","115.5","15"
"15.019278814839975","117","15"
"18.24105572704399","118.5","15"
"20.63091936422864","120","15"
"17.99532865676482","121.5","15"
"12.575788270591532","123","15"
"12.323148134629815","124.5","15"
"17.989729322906072","126","15"
"21.30221450858131","127.5","15"
"18.133113099789334","129","15"
"13.213441438969907","130.5","15"
"12.210622250798881","132","15"
"17.192593318800082","133.5","15"
"20.67638882261901","135","15"
"20.22744317904508","136.5","15"
"15.934876651195479","138","15"
"13.788899613016085","139.5","15"
"15.58745614062897","141","15"
"17.458331812981324","142.5","15"
"19.56640854516443","144","15"
"19.009962860145997","145.5","15"
"17.68369681919193","147","15"
"18.546245135957804","148.5","15"
"14.72830669587699","150","15"
"4.871827589301511","151.5","15"
"6.454720934510533","153","15"
"10.02936847426895","154.5","15"
"16.734573107717253","156","15"
"17.84927845621545","157.5","15"
"10.956762625025725","159","15"
"8.765821050295711","160.5","15"
"9.235820687866761","162","15"
"8.056114444504033","163.5","15"
"9.442225411474409","165","15"
"10.434262024925518","166.5","15"
"13.607087232285679","168","15"
"17.885134140440893","169.5","15"
"15.827845688373712","171","15"
"13.338590368794671","172.5","15"
"5.483087682747599","174","15"
"5.57412945397718","175.5","15"
"11.23046143018678","177","15"
"15.873276186745583","178.5","15"
"14.728861486540422","180","15"
"9.68485905628472","181.5","15"
"7.48330633091619","183","15"
"11.011350286145714","184.5","15"
"18.02634706509336","186","15"
"11.990136597305153","187.5","15"
"8.943382113807456","189","15"
"9.289756937477438","190.5","15"
"10.041813083378052","192","15"
"10.972709739797931","193.5","15"
"15.306163248661994","195","15"
"13.150076864882356","196.5","15"
"9.094116087780828","198","15"
"8.58363932858993","199.5","15"
"11.546272898544293","201","15"
"15.40886653262884","202.5","15"
"12.805543291686657","204","15"
"12.701801333626616","205.5","15"
"13.767427967620652","207","15"
"14.483382201978909","208.5","15"
"9.239593576058251","210","15"
"12.911938427006513","211.5","15"
"10.30501839715646","213","15"
"8.807261263572867","214.5","15"
"9.53696370925922","216","15"
"9.896925449780712","217.5","15"
"9.339564983527913","219","15"
"12.849182408407923","220.5","15"
"15.463917038768603","222","15"
"11.608427374457252","223.5","15"
"11.283815617121077","225","15"
"13.037730197136518","226.5","15"
"15.112622343962505","228","15"
"12.10831869662184","229.5","15"
"11.712491142270098","231","15"
"11.365609838359623","232.5","15"
"13.051990343107699","234","15"
"11.062774393763545","235.5","15"
"12.121458352460975","237","15"
"12.93982522904807","238.5","15"
"8.78243048538241","240","15"
"6.742577420794115","241.5","15"
"9.389650424910101","243","15"
"12.331072602392608","244.5","15"
"11.605429790633902","246","15"
"9.598497941677666","247.5","15"
"14.980550998050752","249","15"
"18.496708251636086","250.5","15"
"16.641178151370305","252","15"
"7.919802690178797","253.5","15"
"5.1538996816384754","255","15"
"11.033711778363674","256.5","15"
"14.393906623493006","258","15"
"14.411094225254235","259.5","15"
"12.273329179774162","261","15"
"11.799438215555385","262.5","15"
"7.137687331605096","264","15"
"7.568829025925135","265.5","15"
"7.359383083273419","267","15"
"12.48941702637967","268.5","15"
"15.442624609458267","270","15"
"19.430788720767744","271.5","15"
"14.510750835774422","273","15"
"11.688032821856496","274.5","15"
"10.853903500984881","276","15"
"6.534803252536212","277.5","15"
"5.8257332534468125","279","15"
"10.432974785914297","280.5","15"
"16.13050269608506","282","15"
"16.47203401025519","283.5","15"
"14.439743864458013","285","15"
"8.520432152977117","286.5","15"
"5.234435494279488","288","15"
"9.442709294904171","289.5","15"
"13.806534475789688","291","15"
"14.134911329313653","292.5","15"
"15.405662460707443","294","15"
"15.18097224201725","295.5","15"
"11.28278785183306","297","15"
"6.368529295983952","298.5","15"
"5.375610238113828","300","15"
"10.597521644846474","1.5","16"
"8.440713721524224","3","16"
"18.773341525390524","4.5","16"
"14.836216596716104","6","16"
"6.024903880819477","7.5","16"
"13.885875774263507","9","16"
"21.324234711037217","10.5","16"
"13.95953202683788","12","16"
"2.3249484543608188","13.5","16"
"16.532838131926955","15","16"
"24.054919031654567","16.5","16"
"13.753520799417078","18","16"
"2.190609050972119","19.5","16"
"12.401043237216932","21","16"
"24.845593906292603","22.5","16"
"14.919192085715554","24","16"
"6.589891549893919","25.5","16"
"15.062773779492792","27","16"
"22.880502000403325","28.5","16"
"16.261525238298805","30","16"
"2.780637297936639","31.5","16"
"10.542288805820133","33","16"
"21.942499036609142","34.5","16"
"19.79777339422395","36","16"
"10.12420728890149","37.5","16"
"12.745320453490903","39","16"
"16.24711158985474","40.5","16"
"11.45391194108832","42","16"
"11.719207849459409","43.5","16"
"17.901204368871557","45","16"
"16.408088152691626","46.5","16"
"8.626591969785236","48","16"
"10.996967026516076","49.5","16"
"21.383988470610237","51","16"
"19.15546138683341","52.5","16"
"5.413947675517685","54","16"
"9.456649189523285","55.5","16"
"20.087004779560377","57","16"
"19.95774478858355","58.5","16"
"10.783583784394803","60","16"
"9.616056442815012","61.5","16"
"18.923431100657915","63","16"
"19.26962359144132","64.5","16"
"9.624735176535955","66","16"
"9.01183876231289","67.5","16"
"18.54512308742502","69","16"
"18.74531680488348","70.5","16"
"13.0683036820538","72","16"
"13.579039135767534","73.5","16"
"18.210674704618096","75","16"
"16.489299532053415","76.5","16"
"8.981749940025741","78","16"
"11.051112101825911","79.5","16"
"19.545985703467","81","16"
"19.54465171243358","82.5","16"
"11.753108519956545","84","16"
"12.234870966312956","85.5","16"
"16.79257990006076","87","16"
"20.20790239216648","88.5","16"
"14.443795706381957","90","16"
"10.106347237220959","91.5","16"
"15.039488155636024","93","16"
"18.897391782693603","94.5","16"
"18.566379673518334","96","16"
"11.296459701524897","97.5","16"
"12.727793120368357","99","16"
"15.211093011519567","100.5","16"
"18.66029513571244","102","16"
"15.588366246661117","103.5","16"
"12.073601424136955","105","16"
"14.090755602747084","106.5","16"
"16.989193971019485","108","16"
"18.098167521596043","109.5","16"
"19.21599590517716","111","16"
"15.364302505068396","112.5","16"
"13.845089310096773","114","16"
"14.68860799542676","115.5","16"
"15.421497370626371","117","16"
"15.392292940759162","118.5","16"
"13.348801010443015","120","16"
"15.528738717548036","121.5","16"
"16.77976984597813","123","16"
"16.24644303593729","124.5","16"
"16.12662539504399","126","16"
"14.659043574988617","127.5","16"
"15.177939594177252","129","16"
"17.0614445461264","130.5","16"
"17.39379220473583","132","16"
"16.522943845628827","133.5","16"
"14.964909329823582","135","16"
"14.370937354986454","136.5","16"
"15.43647671853905","138","16"
"16.401151710997976","139.5","16"
"16.978054522530115","141","16"
"15.584082203026915","142.5","16"
"15.4492914478239","144","16"
"16.242240029141563","145.5","16"
"15.96172789594532","147","16"
"14.093090087055572","148.5","16"
"15.307780868630093","150","16"
"15.987937079590289","151.5","16"
"16.002163719945557","153","16"
"15.847712181006965","154.5","16"
"15.371765686212155","156","16"
"15.715005007593302","157.5","16"
"16.258568952095064","159","16"
"15.629448806968448","160.5","16"
"13.265214628353494","162","16"
"15.062907801956431","163.5","16"
"16.39109690942363","165","16"
"16.809454263273253","166.5","16"
"16.85645562959102","168","16"
"16.621498666825847","169.5","16"
"14.08653389514248","171","16"
"16.479743418715866","172.5","16"
"15.010595405916812","174","16"
"15.28483185933316","175.5","16"
"15.514077283386312","177","16"
"14.724493289266261","178.5","16"
"15.662471318648604","180","16"
"15.066446930036923","181.5","16"
"14.214840144866443","183","16"
"14.98598358303032","184.5","16"
"15.883709679699743","186","16"
"16.385820164518062","187.5","16"
"15.673651285557215","189","16"
"14.603310489324743","190.5","16"
"14.654276427125021","192","16"
"14.752446323339267","193.5","16"
"16.995807823759957","195","16"
"16.24105564457918","196.5","16"
"16.048816004497574","198","16"
"15.888751106093576","199.5","16"
"17.302346807714596","201","16"
"16.553585120978298","202.5","16"
"14.55870906014654","204","16"
"11.532982077833381","205.5","16"
"11.110695995718274","207","16"
"14.07081119007683","208.5","16"
"16.474705109123512","210","16"
"19.02838004009107","211.5","16"
"17.439975410665113","213","16"
"7.905967208409262","214.5","16"
"5.304662096425353","216","16"
"12.978373050551824","217.5","16"
"21.2761673986133","219","16"
"19.685566982544714","220.5","16"
"9.030869952149514","222","16"
"12.270030824607996","223.5","16"
"18.549888676887875","225","16"
"16.55924211566442","226.5","16"
"11.882441755768154","228","16"
"14.377766267029042","229.5","16"
"16.18803573460361","231","16"
"13.071570090004796","232.5","16"
"10.563758892814825","234","16"
"15.238039318714547","235.5","16"
"19.787570544579307","237","16"
"16.925302657481822","238.5","16"
"10.528448648848379","240","16"
"14.965015301073901","241.5","16"
"16.744074677028905","243","16"
"11.697605298401818","244.5","16"
"13.083646916539264","246","16"
"17.472313784420418","247.5","16"
"17.182032036985245","249","16"
"10.243033786924158","250.5","16"
"9.35614792580203","252","16"
"19.891751192447654","253.5","16"
"21.242795805167386","255","16"
"9.980958313682237","256.5","16"
"5.114735123041875","258","16"
"16.919238920202563","259.5","16"
"19.252694684202925","261","16"
"10.674091327604238","262.5","16"
"7.34732651594857","264","16"
"18.993850554895353","265.5","16"
"20.07329864505226","267","16"
"8.37903144103548","268.5","16"
"9.135338124954385","270","16"
"16.394592402283404","271.5","16"
"19.084220655406003","273","16"
"12.711027845207662","274.5","16"
"11.902451621269487","276","16"
"15.077304307992359","277.5","16"
"16.922873110728194","279","16"
"13.171632663917746","280.5","16"
"9.06248055275925","282","16"
"13.475206011264204","283.5","16"
"14.7469358183227","285","16"
"10.50740244685496","286.5","16"
"10.247740157158896","288","16"
"18.619998009378055","289.5","16"
"20.19961481703127","291","16"
"10.379114118739507","292.5","16"
"5.79158479723202","294","16"
"15.588727795632792","295.5","16"
"19.947771023847682","297","16"
"12.398019939781372","298.5","16"
"9.33373812316113","300","16"
"15.21901436248088","1.5","17"
"11.138498644119872","3","17"
"12.074894896751138","4.5","17"
"19.337908036664988","6","17"
"15.13088212543284","7.5","17"
"8.106260663515082","9","17"
"11.261981643553598","10.5","17"
"23.37990086793408","12","17"
"16.15594514656596","13.5","17"
"3.683545466666678","15","17"
"10.007750339203959","16.5","17"
"24.323643421653607","18","17"
"19.277752209701053","19.5","17"
"6.971869596869466","21","17"
"12.65667004819682","22.5","17"
"20.357669378480697","24","17"
"17.429415687251012","25.5","17"
"6.868304517293412","27","17"
"11.887524479781595","28.5","17"
"19.1487135116293","30","17"
"18.377372156571443","31.5","17"
"7.370034752331176","33","17"
"13.461551303980507","34.5","17"
"19.248597648657523","36","17"
"11.996409160283568","37.5","17"
"7.575243403370889","39","17"
"16.317658832952855","40.5","17"
"19.866101474668337","42","17"
"13.429678892046454","43.5","17"
"7.674095879109246","45","17"
"16.76606215306927","46.5","17"
"22.2175583256162","48","17"
"13.546828550872904","49.5","17"
"4.03895433942632","51","17"
"13.250278915661534","52.5","17"
"19.505087034446987","54","17"
"16.174184668826676","55.5","17"
"11.188379155804755","57","17"
"16.495670274278453","58.5","17"
"14.095783003534256","60","17"
"9.406746860228044","61.5","17"
"12.900055621364173","63","17"
"20.084386666317215","64.5","17"
"16.23959542308582","66","17"
"6.6915709645745975","67.5","17"
"11.328545614360328","69","17"
"22.25576875335975","70.5","17"
"16.693485872207702","72","17"
"6.19533175454415","73.5","17"
"10.687523962782489","75","17"
"21.22335319753541","76.5","17"
"18.11257961163937","78","17"
"6.13444386883261","79.5","17"
"9.810809783290205","81","17"
"20.54710078042886","82.5","17"
"21.864817434923403","84","17"
"12.321175199293","85.5","17"
"6.195046956808919","87","17"
"14.970613076531906","88.5","17"
"20.451994700069413","90","17"
"16.764804523672108","91.5","17"
"12.363435131359385","93","17"
"13.698518603700254","94.5","17"
"16.86261910451764","96","17"
"14.418359489504018","97.5","17"
"13.221005916161767","99","17"
"16.04964039848902","100.5","17"
"17.655876249181823","102","17"
"16.300284223102828","103.5","17"
"11.901795534557955","105","17"
"15.34230412022285","106.5","17"
"15.601135782324507","108","17"
"15.624878017598089","109.5","17"
"14.396976672950764","111","17"
"13.899284254230286","112.5","17"
"15.15407736204669","114","17"
"16.39276595661615","115.5","17"
"17.081717781352786","117","17"
"16.502266984610785","118.5","17"
"14.554688386237393","120","17"
"13.507176602444876","121.5","17"
"14.875140771998565","123","17"
"17.42294676577936","124.5","17"
"16.712674460519068","126","17"
"15.634144268398003","127.5","17"
"13.451521436818","129","17"
"15.558631960542314","130.5","17"
"17.0971895838993","132","17"
"17.708847848734454","133.5","17"
"16.549174846884156","135","17"
"15.49031634730385","136.5","17"
"15.482170586635979","138","17"
"16.19710874371177","139.5","17"
"17.0913814243414","141","17"
"16.87325207276652","142.5","17"
"16.463140217232127","144","17"
"15.628323641634182","145.5","17"
"16.444436291550897","147","17"
"16.509568092077586","148.5","17"
"16.48970627464655","150","17"
"15.62633823909145","151.5","17"
"15.353826935294256","153","17"
"17.23702020709541","154.5","17"
"17.765664022912613","156","17"
"17.305145695443596","157.5","17"
"17.083634614262962","159","17"
"15.835015890178356","160.5","17"
"16.368520357903552","162","17"
"16.62038129349528","163.5","17"
"15.007908723041087","165","17"
"15.430403630855352","166.5","17"
"15.393767187859181","168","17"
"15.255317307718695","169.5","17"
"14.601780139798084","171","17"
"14.861724500028084","172.5","17"
"15.378599273456965","174","17"
"15.387859290653921","175.5","17"
"16.520729358177316","177","17"
"15.419583654517677","178.5","17"
"15.01211640503903","180","17"
"15.709528787393015","181.5","17"
"14.955814503105064","183","17"
"15.600431385190035","184.5","17"
"14.579033722597348","186","17"
"14.258014078966825","187.5","17"
"17.32863235299582","189","17"
"17.43280520886047","190.5","17"
"14.72670933511851","192","17"
"14.896621767798436","193.5","17"
"14.789299384038292","195","17"
"13.957434419441869","196.5","17"
"13.581051031122847","198","17"
"13.53737996718641","199.5","17"
"13.763544432976623","201","17"
"16.486414932283715","202.5","17"
"17.981536810216003","204","17"
"15.737315072586844","205.5","17"
"12.954619906473061","207","17"
"13.08628996419427","208.5","17"
"14.611417289974113","210","17"
"15.092916366605468","211.5","17"
"16.83366090196735","213","17"
"15.341384663786263","214.5","17"
"14.249946238335953","216","17"
"17.098420720483883","217.5","17"
"15.361971137561387","219","17"
"8.380396600083701","220.5","17"
"9.882483750123324","222","17"
"16.266342254986082","223.5","17"
"20.931707849452753","225","17"
"21.220498207379766","226.5","17"
"11.769262902027169","228","17"
"4.986841849514007","229.5","17"
"10.511569610433664","231","17"
"22.829874235563622","232.5","17"
"21.85214919530811","234","17"
"12.05597201576594","235.5","17"
"10.268886096799672","237","17"
"13.025887130713048","238.5","17"
"15.406078553705017","240","17"
"14.19412276542916","241.5","17"
"16.066059708685444","243","17"
"17.237877327502396","244.5","17"
"14.58547615125642","246","17"
"11.632499211487339","247.5","17"
"13.896600688156042","249","17"
"17.753751607656213","250.5","17"
"16.327964537046338","252","17"
"11.18652232132307","253.5","17"
"11.666173134676809","255","17"
"18.364339251182997","256.5","17"
"19.726116569798968","258","17"
"13.889679830469795","259.5","17"
"8.98415844836938","261","17"
"13.430112127452167","262.5","17"
"20.897703545306406","264","17"
"19.85985228770102","265.5","17"
"13.520589757613877","267","17"
"10.682149038630302","268.5","17"
"12.933062549036931","270","17"
"17.495130329654454","271.5","17"
"19.4848839272539","273","17"
"17.158997315647614","274.5","17"
"12.822286749236993","276","17"
"11.322672001971346","277.5","17"
"15.885705991047656","279","17"
"19.55670750055806","280.5","17"
"17.21960507882614","282","17"
"14.911677477347375","283.5","17"
"11.748760581892004","285","17"
"13.760888918115699","286.5","17"
"15.722248454232725","288","17"
"17.404588805062406","289.5","17"
"17.66416070751555","291","17"
"15.673785308020854","292.5","17"
"14.770280661407588","294","17"
"14.907862512335907","295.5","17"
"15.30792424149817","297","17"
"16.536988153097518","298.5","17"
"16.14468414281887","300","17"
"12.135022672501753","1.5","18"
"8.00770428391732","3","18"
"17.115373003733378","4.5","18"
"18.243605270654594","6","18"
"7.765807762657018","7.5","18"
"9.516670994023581","9","18"
"19.61704877721005","10.5","18"
"13.692668367322373","12","18"
"1.7234141451328482","13.5","18"
"13.898149738491583","15","18"
"26.444153074940264","16.5","18"
"15.920484820361771","18","18"
"-0.4545646035419947","19.5","18"
"8.948898852426982","21","18"
"24.734844599305244","22.5","18"
"19.822732740475455","24","18"
"2.1362459943587795","25.5","18"
"8.326321652807165","27","18"
"23.635286905999642","28.5","18"
"17.333528848120835","30","18"
"6.859888374097155","31.5","18"
"11.173487078333514","33","18"
"18.168357890924703","34.5","18"
"12.915543007918085","36","18"
"6.74294052816653","37.5","18"
"15.621058377384399","39","18"
"17.367272899343604","40.5","18"
"7.17175163417993","42","18"
"8.567876105105041","43.5","18"
"20.642468672112624","45","18"
"17.41173251405447","46.5","18"
"4.469120474883132","48","18"
"6.915738339816527","49.5","18"
"23.11261488181804","51","18"
"21.202271152324972","52.5","18"
"5.396283592730207","54","18"
"5.927463316151541","55.5","18"
"19.561289198733597","57","18"
"16.8550437185206","58.5","18"
"7.258801561914055","60","18"
"13.22808105552127","61.5","18"
"22.058593658134626","63","18"
"10.714568449224087","64.5","18"
"2.445692759294125","66","18"
"16.157163815944624","67.5","18"
"23.50116470471408","69","18"
"11.511301606738792","70.5","18"
"3.862715968542634","72","18"
"15.380734282470737","73.5","18"
"22.176012920289097","75","18"
"10.392088584100204","76.5","18"
"5.412730564539761","78","18"
"16.733946630619783","79.5","18"
"20.19086439687629","81","18"
"8.56506630857086","82.5","18"
"5.506363956199928","84","18"
"18.425857120393676","85.5","18"
"20.644902894068473","87","18"
"7.544519532782201","88.5","18"
"6.579913889156202","90","18"
"17.42277845849944","91.5","18"
"17.28681111073774","93","18"
"9.59525490973777","94.5","18"
"9.81191546861522","96","18"
"18.33333331006037","97.5","18"
"15.929668475922469","99","18"
"4.578257616304981","100.5","18"
"12.340734686980479","102","18"
"20.120837659625327","103.5","18"
"14.871183992519757","105","18"
"7.637329309651288","106.5","18"
"13.934709819851493","108","18"
"21.360246235336657","109.5","18"
"13.269671654469835","111","18"
"2.9739687925366933","112.5","18"
"13.208947011235807","114","18"
"22.0175266818347","115.5","18"
"13.643940292984706","117","18"
"3.8857269242689814","118.5","18"
"14.934582851423588","120","18"
"23.671546216016736","121.5","18"
"14.816864376327045","123","18"
"1.671654202155551","124.5","18"
"9.336179357920308","126","18"
"22.385306139668295","127.5","18"
"17.91951246076483","129","18"
"5.21634246168833","130.5","18"
"8.07798426128853","132","18"
"22.106737332194804","133.5","18"
"20.55824646252119","135","18"
"5.537303275690919","136.5","18"
"7.341137327409743","138","18"
"17.878990924723894","139.5","18"
"20.735184165736943","141","18"
"8.680938078790529","142.5","18"
"6.608880662910565","144","18"
"18.117114557792707","145.5","18"
"20.56736310685007","147","18"
"9.495001431734172","148.5","18"
"3.988543971489845","150","18"
"17.109686399433194","151.5","18"
"21.50032620265116","153","18"
"10.932991559338452","154.5","18"
"7.122334746715191","156","18"
"17.349452586881945","157.5","18"
"22.60756992840634","159","18"
"10.454036571915115","160.5","18"
"5.256228170227356","162","18"
"15.641479660681085","163.5","18"
"23.47352179238833","165","18"
"12.324159536710061","166.5","18"
"4.39463515311509","168","18"
"13.760278025025627","169.5","18"
"23.54510537197853","171","18"
"16.83720314684932","172.5","18"
"5.6018837919558395","174","18"
"9.623869484924896","175.5","18"
"20.0764575233522","177","18"
"18.196292224188827","178.5","18"
"9.316061183567546","180","18"
"9.459762874201763","181.5","18"
"18.777739332278745","183","18"
"21.808252163264378","184.5","18"
"7.742015658559756","186","18"
"4.939711135934818","187.5","18"
"17.503057914218726","189","18"
"21.07830504866185","190.5","18"
"13.729882976993075","192","18"
"7.640620652014124","193.5","18"
"14.531402762380626","195","18"
"19.445115098770373","196.5","18"
"14.311934744570102","198","18"
"7.175530755974379","199.5","18"
"14.313207957974665","201","18"
"19.91947358321114","202.5","18"
"13.610291304207076","204","18"
"7.5965124566701245","205.5","18"
"12.167036898903143","207","18"
"20.440669801891985","208.5","18"
"18.100243311381693","210","18"
"5.860632079617906","211.5","18"
"11.360766328859766","213","18"
"21.312456318244454","214.5","18"
"19.181065910991265","216","18"
"8.788858888434824","217.5","18"
"9.196095494603952","219","18"
"17.188859390627094","220.5","18"
"20.520540956617396","222","18"
"10.081398020574262","223.5","18"
"9.059849193109796","225","18"
"18.002770020298218","226.5","18"
"18.320492087962947","228","18"
"12.322272313413947","229.5","18"
"10.130698027983502","231","18"
"15.882782431259455","232.5","18"
"17.823634972039095","234","18"
"8.168475917056899","235.5","18"
"6.8845048721858655","237","18"
"19.14336975549191","238.5","18"
"22.459863147870376","240","18"
"10.092814085194979","241.5","18"
"4.664916385453371","243","18"
"15.504187672290405","244.5","18"
"21.24122026201927","246","18"
"11.64667754141967","247.5","18"
"4.432987784926161","249","18"
"17.37886584244831","250.5","18"
"24.252800082414897","252","18"
"15.015256582530089","253.5","18"
"6.302482714222896","255","18"
"10.199458564633233","256.5","18"
"21.75063497110587","258","18"
"18.827009730073925","259.5","18"
"5.317600328968845","261","18"
"10.474596552877658","262.5","18"
"20.028485273373423","264","18"
"18.185838472025047","265.5","18"
"9.58260225412988","267","18"
"10.304513475316705","268.5","18"
"19.08526790070327","270","18"
"17.753750049255473","271.5","18"
"7.075325588393721","273","18"
"8.793251240920455","274.5","18"
"19.179878409627403","276","18"
"21.050976933285575","277.5","18"
"9.042166019913253","279","18"
"7.676124916872698","280.5","18"
"16.59945508835884","282","18"
"21.476063461530426","283.5","18"
"9.661987187824417","285","18"
"4.329434782955842","286.5","18"
"17.33932142367134","288","18"
"24.394742338613675","289.5","18"
"13.749126109330337","291","18"
"5.194986917148026","292.5","18"
"11.410419314036613","294","18"
"20.205451027802493","295.5","18"
"17.890233227662105","297","18"
"7.935809024179123","298.5","18"
"11.6025451908642","300","18"
"7.569392387792638","1.5","19"
"15.627868588618108","3","19"
"21.80149649605657","4.5","19"
"9.114316857372808","6","19"
"2.785046987630502","7.5","19"
"17.988041574904674","9","19"
"24.09274609281608","10.5","19"
"10.11450780269586","12","19"
"3.6780201568430817","13.5","19"
"17.477649748554107","15","19"
"21.73411592326209","16.5","19"
"8.310938679102831","18","19"
"9.019139090579321","19.5","19"
"20.307781853992484","21","19"
"17.651693501595716","22.5","19"
"6.781384716021075","24","19"
"11.177143086469504","25.5","19"
"19.54010274067358","27","19"
"11.396995250062432","28.5","19"
"7.080097411459537","30","19"
"16.051893845959032","31.5","19"
"23.95897764849849","33","19"
"9.29634273900459","34.5","19"
"1.7976884984007164","36","19"
"16.39195247142988","37.5","19"
"25.533548354555652","39","19"
"8.831861398453809","40.5","19"
"2.552218410675954","42","19"
"20.758083306210196","43.5","19"
"24.424733760854576","45","19"
"10.601378686677922","46.5","19"
"5.4128509509969245","48","19"
"12.740015657372014","49.5","19"
"16.55509521129534","51","19"
"14.859206124432278","52.5","19"
"13.92454281342387","54","19"
"17.46771650223748","55.5","19"
"6.888701645378629","57","19"
"10.645575710864101","58.5","19"
"20.410541240385967","60","19"
"22.38111092487627","61.5","19"
"6.8573614272972785","63","19"
"2.2880268240292327","64.5","19"
"19.608800162093342","66","19"
"27.113327235885826","67.5","19"
"13.949469433259836","69","19"
"6.611631240216628","70.5","19"
"11.496885620693615","72","19"
"19.942413242103633","73.5","19"
"16.018210572365124","75","19"
"13.761730454515288","76.5","19"
"16.47120649946226","78","19"
"12.375586761129373","79.5","19"
"10.556234934042207","81","19"
"17.329132599633354","82.5","19"
"18.046397449013934","84","19"
"15.723233363500391","85.5","19"
"8.831984512112268","87","19"
"12.303760071023735","88.5","19"
"21.059378271674802","90","19"
"22.21735417511926","91.5","19"
"10.846353049399683","93","19"
"5.560807075651284","94.5","19"
"12.840139788114195","96","19"
"21.93758695747673","97.5","19"
"19.34289491903292","99","19"
"10.541585967086402","100.5","19"
"11.293352250449379","102","19"
"15.713566603710301","103.5","19"
"22.4922607408538","105","19"
"18.46650800369603","106.5","19"
"10.5813945347888","108","19"
"11.873196543378228","109.5","19"
"16.48294437383578","111","19"
"20.929858027774397","112.5","19"
"17.477632606145967","114","19"
"13.12586555098604","115.5","19"
"15.019278814839975","117","19"
"18.24105572704399","118.5","19"
"20.63091936422864","120","19"
"17.99532865676482","121.5","19"
"12.575788270591532","123","19"
"12.323148134629815","124.5","19"
"17.989729322906072","126","19"
"21.30221450858131","127.5","19"
"18.133113099789334","129","19"
"13.213441438969907","130.5","19"
"12.210622250798881","132","19"
"17.192593318800082","133.5","19"
"20.67638882261901","135","19"
"20.22744317904508","136.5","19"
"15.934876651195479","138","19"
"13.788899613016085","139.5","19"
"15.58745614062897","141","19"
"17.458331812981324","142.5","19"
"19.56640854516443","144","19"
"19.009962860145997","145.5","19"
"17.68369681919193","147","19"
"18.546245135957804","148.5","19"
"14.72830669587699","150","19"
"4.871827589301511","151.5","19"
"6.454720934510533","153","19"
"10.02936847426895","154.5","19"
"16.734573107717253","156","19"
"17.84927845621545","157.5","19"
"10.956762625025725","159","19"
"8.765821050295711","160.5","19"
"9.235820687866761","162","19"
"8.056114444504033","163.5","19"
"9.442225411474409","165","19"
"10.434262024925518","166.5","19"
"13.607087232285679","168","19"
"17.885134140440893","169.5","19"
"15.827845688373712","171","19"
"13.338590368794671","172.5","19"
"5.483087682747599","174","19"
"5.57412945397718","175.5","19"
"11.23046143018678","177","19"
"15.873276186745583","178.5","19"
"14.728861486540422","180","19"
"9.68485905628472","181.5","19"
"7.48330633091619","183","19"
"11.011350286145714","184.5","19"
"18.02634706509336","186","19"
"11.990136597305153","187.5","19"
"8.943382113807456","189","19"
"9.289756937477438","190.5","19"
"10.041813083378052","192","19"
"10.972709739797931","193.5","19"
"15.306163248661994","195","19"
"13.150076864882356","196.5","19"
"9.094116087780828","198","19"
"8.58363932858993","199.5","19"
"11.546272898544293","201","19"
"15.40886653262884","202.5","19"
"12.805543291686657","204","19"
"12.701801333626616","205.5","19"
"13.767427967620652","207","19"
"14.483382201978909","208.5","19"
"9.239593576058251","210","19"
"12.911938427006513","211.5","19"
"10.30501839715646","213","19"
"8.807261263572867","214.5","19"
"9.53696370925922","216","19"
"9.896925449780712","217.5","19"
"9.339564983527913","219","19"
"12.849182408407923","220.5","19"
"15.463917038768603","222","19"
"11.608427374457252","223.5","19"
"11.283815617121077","225","19"
"13.037730197136518","226.5","19"
"15.112622343962505","228","19"
"12.10831869662184","229.5","19"
"11.712491142270098","231","19"
"11.365609838359623","232.5","19"
"13.051990343107699","234","19"
"11.062774393763545","235.5","19"
"12.121458352460975","237","19"
"12.93982522904807","238.5","19"
"8.78243048538241","240","19"
"6.742577420794115","241.5","19"
"9.389650424910101","243","19"
"12.331072602392608","244.5","19"
"11.605429790633902","246","19"
"9.598497941677666","247.5","19"
"14.980550998050752","249","19"
"18.496708251636086","250.5","19"
"16.641178151370305","252","19"
"7.919802690178797","253.5","19"
"5.1538996816384754","255","19"
"11.033711778363674","256.5","19"
"14.393906623493006","258","19"
"14.411094225254235","259.5","19"
"12.273329179774162","261","19"
"11.799438215555385","262.5","19"
"7.137687331605096","264","19"
"7.568829025925135","265.5","19"
"7.359383083273419","267","19"
"12.48941702637967","268.5","19"
"15.442624609458267","270","19"
"19.430788720767744","271.5","19"
"14.510750835774422","273","19"
"11.688032821856496","274.5","19"
"10.853903500984881","276","19"
"6.534803252536212","277.5","19"
"5.8257332534468125","279","19"
"10.432974785914297","280.5","19"
"16.13050269608506","282","19"
"16.47203401025519","283.5","19"
"14.439743864458013","285","19"
"8.520432152977117","286.5","19"
"5.234435494279488","288","19"
"9.442709294904171","289.5","19"
"13.806534475789688","291","19"
"14.134911329313653","292.5","19"
"15.405662460707443","294","19"
"15.18097224201725","295.5","19"
"11.28278785183306","297","19"
"6.368529295983952","298.5","19"
"5.375610238113828","300","19"